id,element,ff_type,charge,x,y,z
1,Si,sc4,1.1000000238418579,15.599077875000001,20.137934954999999,18.299446573000001
2,Si,sc4,1.1000000238418579,14.390763813,7.0191585930000002,15.896755123
3,Si,sc4,1.1000000238418579,18.730529006000001,14.051616887,21.60105411
4,Si,sc4,1.1000000238418579,17.048313920999998,14.428979713,16.223983822000001
5,Si,sc4,1.1000000238418579,8.5618916570000003,2.2453153879999999,16.972848969000001
6,Si,sc4,1.1000000238418579,17.834976665999999,2.048152961,13.682573120000001
7,Si,sc4,1.1000000238418579,13.848732002,2.6648763049999999,21.355414127
8,O,oc23,-0.55000001192092896,8.6514309110000003,19.837510612999999,15.808060356
9,O,oc23,-0.55000001192092896,14.088644747,6.0114496749999997,10.427047969
10,O,oc23,-0.55000001192092896,12.309351759,12.843460438999999,6.1393131089999997
11,O,oc23,-0.55000001192092896,8.1614049049999995,3.1371845650000001,11.290411289
12,O,oc23,-0.55000001192092896,16.451454042999998,17.898825055,12.270090806000001
13,O,oc23,-0.55000001192092896,1.9087919179999999,18.832826879999999,20.188831411999999
14,O,oc23,-0.55000001192092896,3.870114085,5.1644558780000001,16.580864451
15,O,oc23,-0.55000001192092896,8.0521921140000003,7.9593750129999998,8.6934511489999995
16,O,oc23,-0.55000001192092896,18.011837252999999,17.693033442000001,14.184783035000001
17,O,oc23,-0.55000001192092896,16.429643683999998,14.295112185000001,8.3610783029999993
18,O,oc23,-0.55000001192092896,9.6082620330000008,2.093993314,2.1947708270000001
19,O,oc23,-0.55000001192092896,12.125758111,10.169770967,19.890616507000001
20,O,oc23,-0.55000001192092896,19.150769792999998,2.2301305020000002,12.715547299000001
21,O,oc23,-0.55000001192092896,0.41504065699999998,0.629861483,11.601704846000001
22,O,oc23,-0.55000001192092896,1.982830055,13.204457631,7.3321482280000003
23,Si,sc4,1.1000000238418579,7.4542430990000002,7.6146607260000003,10.055200309
24,Si,sc4,1.1000000238418579,13.221755974000001,4.6326348179999997,10.402731909
25,Si,sc4,1.1000000238418579,14.002169853,6.7355567489999997,3.3434828799999998
26,Si,sc4,1.1000000238418579,14.447204258999999,7.5683809499999999,10.013060374
27,Si,sc4,1.1000000238418579,17.770755474000001,0.95057821899999995,16.828581369999998
28,Si,sc4,1.1000000238418579,16.802958497999999,5.7170757029999999,3.8876206029999998
29,Si,sc4,1.1000000238418579,2.4707154839999999,5.098330271,12.24027424
30,Si,sc4,1.1000000238418579,11.050160075999999,9.2607948310000001,6.24165511
31,O,oc23,-0.55000001192092896,13.507185363,2.6146607020000001,19.775929074
32,O,oc23,-0.55000001192092896,18.122823421,4.290530833,6.7604670840000001
33,O,oc23,-0.55000001192092896,10.218789279999999,17.266697190999999,10.458989314
34,O,oc23,-0.55000001192092896,18.353424742000001,4.4328911059999996,19.264819710000001
35,O,oc23,-0.55000001192092896,15.269706975,8.6154086299999992,6.4135352780000003
36,O,oc24,-0.67500001192092896,17.677184672999999,3.7346046039999998,21.816405432
37,O,oc23,-0.55000001192092896,20.438222548999999,2.5697857850000001,16.315440802000001
38,O,oc23,-0.55000001192092896,17.186472626,2.364788592,17.648011006000001
39,O,oc23,-0.55000001192092896,3.0014675560000001,3.7938028460000002,11.422143042
40,O,oc23,-0.55000001192092896,10.613632106000001,10.809274109,6.3019574010000001
41,O,oc23,-0.55000001192092896,10.188351135,2.5393209360000002,6.6656885969999999
42,O,oc23,-0.55000001192092896,12.687424411,9.0946528989999997,6.2945398240000001
43,O,oc23,-0.55000001192092896,8.9348838750000006,2.0586312150000001,4.7514320980000004
44,O,oc23,-0.55000001192092896,0.058981328999999999,16.926582419999999,15.384913343999999
45,Si,sc4,1.1000000238418579,17.510241053000001,12.968626547,11.601916972
46,Si,sc4,1.1000000238418579,1.442470846,8.0426528019999992,3.6677129669999999
47,Si,sc4,1.1000000238418579,13.808053694,17.581705395,18.131546783000001
48,Si,sc4,1.1000000238418579,14.695946637,11.825683212,11.469028551999999
49,Si,sc4,1.1000000238418579,0.60404439300000001,11.900716446000001,16.173604738000002
50,Si,sc4,1.1000000238418579,2.9541784369999999,12.743857761999999,6.2116705230000004
51,Si,sc4,1.1000000238418579,4.2054361870000001,19.367382029000002,21.650465785000002
52,Si,sc4,1.1000000238418579,11.362760801,1.2726663600000001,16.638018906999999
53,O,oc23,-0.55000001192092896,3.3560402759999999,14.538525987,16.413531737
54,O,oc23,-0.55000001192092896,14.198300883,10.981755347,5.2729542870000001
55,O,oc23,-0.55000001192092896,19.597337280000001,6.2268959500000003,7.193928863
56,O,oc23,-0.55000001192092896,2.4203824310000002,16.75277504,13.780191961
57,O,oc23,-0.55000001192092896,17.082783011,6.7264003160000003,7.2855887350000001
58,O,oc23,-0.55000001192092896,17.059401124000001,16.764748599000001,4.2918577820000001
59,O,oc23,-0.55000001192092896,5.2838162349999998,19.006095900999998,4.190131504
60,O,oc23,-0.55000001192092896,-0.36916251999999999,20.190180518999998,3.6972699150000001
61,O,oc23,-0.55000001192092896,0.90098698200000005,5.1048764010000003,12.517288491
62,O,oc23,-0.55000001192092896,14.365728697,16.667467289000001,14.686521558000001
63,O,oc23,-0.55000001192092896,14.679780803,5.399955426,15.969467608
64,O,oc23,-0.55000001192092896,18.960363785999998,6.4527420710000003,12.357085748999999
65,O,oc23,-0.55000001192092896,7.9083486350000003,14.614055599,14.344136568
66,O,oc23,-0.55000001192092896,6.0204880469999997,1.635631311,10.469164334
67,O,oc23,-0.55000001192092896,10.221288346,4.1398883450000001,17.507567305999999
68,Si,sc4,1.1000000238418579,13.569672828,18.272458876999998,22.501741080999999
69,Si,sc4,1.1000000238418579,16.296765457999999,9.2093777970000001,16.532680504000002
70,Si,sc4,1.1000000238418579,0.242734482,19.151770294999999,4.7198446479999996
71,Si,sc4,1.1000000238418579,14.853577632,9.1392749969999993,20.236212587000001
72,Si,sc4,1.1000000238418579,13.902108689,4.0180159839999998,16.070957488000001
73,Si,sc4,1.1000000238418579,1.7911573940000001,14.615464470999999,16.446700810999999
74,Si,sc4,1.1000000238418579,14.965007142999999,1.3395417810000001,2.2951758020000002
75,Si,sc4,1.1000000238418579,14.322268977,14.063797887,2.2931213800000001
76,O,oc23,-0.55000001192092896,14.002895542999999,12.747544784,3.1562954400000001
77,O,oc23,-0.55000001192092896,9.0362354220000007,8.0320881150000005,15.949873201999999
78,O,oc24,-0.67500001192092896,11.618356388,9.1592449229999993,2.3118419530000001
79,O,oc23,-0.55000001192092896,-0.19633287799999999,4.2634758000000001,21.081279586000001
80,O,oc23,-0.55000001192092896,13.058803651,5.9858448790000001,20.853652387
81,O,oc23,-0.55000001192092896,-0.10348776799999999,14.102453579000001,20.717931044
82,O,oc23,-0.55000001192092896,5.7774706919999996,16.235041155000001,8.1468651810000008
83,O,oc23,-0.55000001192092896,16.183925416000001,10.249610540999999,20.221645887000001
84,O,oc23,-0.55000001192092896,5.4957508539999997,14.218960249,14.889029925000001
85,O,oc23,-0.55000001192092896,8.5491121779999997,18.844220098000001,11.340837863999999
86,O,oc23,-0.55000001192092896,8.7442351709999997,12.57970381,20.776030393999999
87,O,oc23,-0.55000001192092896,10.126709507999999,17.098110416000001,19.144631772
88,O,oc23,-0.55000001192092896,1.25905479,15.906941926,17.143628468999999
89,O,oc23,-0.55000001192092896,14.050789904,11.445006265,10.059662346
90,Si,sc4,1.1000000238418579,10.090386543999999,16.689136258000001,8.9513671860000006
91,Si,sc4,1.1000000238418579,13.052515135,11.252016741,22.090373929999998
92,Si,sc4,1.1000000238418579,16.705356752,8.6719221750000006,11.358496399
93,Si,sc4,1.1000000238418579,7.615260449,10.966466432000001,7.8455060239999996
94,Si,sc4,1.1000000238418579,8.1335469269999994,10.701675066,2.8085281449999999
95,Si,sc4,1.1000000238418579,13.284727632999999,13.471196228,7.3041280510000002
96,Si,sc4,1.1000000238418579,14.107995688999999,9.7353982190000004,6.361163576
97,Si,sc4,1.1000000238418579,7.3221314130000001,15.618948007,8.2542597660000006
98,O,oc23,-0.55000001192092896,12.286937059,3.0693148460000002,5.2598524189999996
99,O,oc23,-0.55000001192092896,13.915895603999999,9.0172161870000007,18.745209822
100,O,oc23,-0.55000001192092896,2.50996599,11.289471002000001,5.7950899900000001
101,O,oc23,-0.55000001192092896,7.7881303409999996,14.991460407,6.8366615350000002
102,O,oc23,-0.55000001192092896,2.550901563,14.420320275,12.919070916000001
103,O,oc23,-0.55000001192092896,19.160405614999998,10.327958514000001,9.5852384960000006
104,O,oc23,-0.55000001192092896,1.802175512,13.983419336000001,19.064931435999998
105,O,oc23,-0.55000001192092896,18.211072893000001,17.065503859,19.527244043
106,O,oc23,-0.55000001192092896,17.077663529999999,5.3728584110000002,11.471837903999999
107,O,oc23,-0.55000001192092896,14.620033900999999,12.661241809,7.4946104829999998
108,O,oc23,-0.55000001192092896,17.582403987999999,13.010928513,15.844156981999999
109,O,oc23,-0.55000001192092896,17.169096908,14.400723249,10.935797560999999
110,O,oc23,-0.55000001192092896,16.238430287,14.468961546999999,5.1218163329999999
111,O,oc23,-0.55000001192092896,13.512789038999999,14.947086498000001,6.7321376449999999
112,O,oc23,-0.55000001192092896,13.342699959000001,9.9815871660000006,14.809518145
113,Si,sc4,1.1000000238418579,-0.49571138100000001,11.243647473999999,18.879373462
114,Si,sc4,1.1000000238418579,2.5448100889999998,12.943228574000001,12.321673697
115,Si,sc4,1.1000000238418579,0.63702590800000003,14.981267385000001,19.490037889
116,Si,sc4,1.1000000238418579,15.157954266999999,17.651435293999999,9.1424963730000002
117,Si,sc4,1.1000000238418579,13.119154894999999,9.9619895229999997,13.213767975
118,Si,sc4,1.1000000238418579,18.153221916,17.504890388,5.2929032930000002
119,Si,sc4,1.1000000238418579,-0.072686777999999994,5.9947944880000001,13.345877895999999
120,Si,sc4,1.1000000238418579,18.233649792000001,12.408175814,14.508470668999999
121,O,oc23,-0.55000001192092896,8.9467364170000003,10.519084769999999,16.764344784999999
122,O,oc23,-0.55000001192092896,16.300958602000001,11.994767598999999,11.367538321
123,O,oc23,-0.55000001192092896,6.3625591290000001,5.2995242190000003,7.3212508190000003
124,O,oc23,-0.55000001192092896,13.125968454000001,14.85734469,15.853529228999999
125,O,oc23,-0.55000001192092896,0.91767725899999997,2.8367361450000002,10.527097993
126,O,oc23,-0.55000001192092896,15.674910112999999,14.677778345,15.746750619
127,O,oc23,-0.55000001192092896,2.7837274129999998,12.921642335,2.3629295309999998
128,O,oc23,-0.55000001192092896,12.968659454000001,14.840275237,2.120123526
129,O,oc23,-0.55000001192092896,4.1392394709999998,7.246454333,14.770517889000001
130,O,oc23,-0.55000001192092896,5.4809150530000004,4.8306381219999999,4.822845794
131,O,oc23,-0.55000001192092896,12.342208470999999,13.495973111,13.718362989999999
132,O,oc23,-0.55000001192092896,10.329734597,12.740418930000001,9.718268685
133,O,oc23,-0.55000001192092896,17.939311473,13.245847102000001,13.163152492
134,O,oc23,-0.55000001192092896,12.244687223,17.744366511999999,17.832104852000001
135,O,oc23,-0.55000001192092896,17.315399203999998,8.948977889,15.339089872000001
136,O,oc23,-0.55000001192092896,1.346207242,16.326357294000001,19.800221916000002
137,Si,sc4,1.1000000238418579,7.1241861569999996,15.724225684,19.821279746999998
138,Si,sc4,1.1000000238418579,3.286416655,1.613286923,14.140731151000001
139,Si,sc4,1.1000000238418579,10.567914816,4.040020502,19.021775899000001
140,Si,sc4,1.1000000238418579,15.468740766,1.07595555,11.920293009
141,Si,sc4,1.1000000238418579,18.623573784000001,16.771627499000001,15.308423395
142,Si,sc4,1.1000000238418579,10.956630125,18.328267986,18.592656286
143,Si,sc4,1.1000000238418579,13.060456879,16.004057776,20.697250326999999
144,Si,sc4,1.1000000238418579,9.9777873980000003,17.791060552000001,2.5016255639999998
145,O,oc23,-0.55000001192092896,2.3650141499999999,17.837796575999999,15.969042653000001
146,O,oc23,-0.55000001192092896,5.5590451090000004,15.780449675,17.026745900000002
147,O,oc23,-0.55000001192092896,16.803079846999999,1.681972979,12.444977743000001
148,O,oc23,-0.55000001192092896,8.6036176500000003,6.8042093120000002,6.475066859
149,O,oc23,-0.55000001192092896,15.433304489999999,2.4325962639999998,21.634695982
150,O,oc23,-0.55000001192092896,6.7666743309999999,6.2239960940000003,9.8823199509999995
151,O,oc23,-0.55000001192092896,19.210718542999999,5.7867228730000004,9.7974494360000008
152,O,oc23,-0.55000001192092896,-0.45233095800000001,15.357843663000001,18.373550719000001
153,O,oc23,-0.55000001192092896,17.377645173000001,18.208695382999998,21.752970212000001
154,O,oc23,-0.55000001192092896,12.461298580999999,5.686830026,13.409973064000001
155,O,oc23,-0.55000001192092896,11.690036331,10.657343139,8.9107851290000006
156,O,oc23,-0.55000001192092896,1.0606334500000001,12.652168723000001,11.843284177999999
157,O,oc23,-0.55000001192092896,13.140804255999999,16.763506420999999,22.105979098999999
158,O,oc23,-0.55000001192092896,8.5453221280000005,17.029168298999998,2.7736128120000001
159,O,oc23,-0.55000001192092896,0.58283480899999995,12.529032576000001,3.7516389399999999
160,O,oc24,-0.67500001192092896,5.3900860159999997,7.908827874,21.362237343
161,Si,sc4,1.1000000238418579,1.84200648,13.592094973,3.477953276
162,Si,sc4,1.1000000238418579,19.304852834999998,15.801869221,7.6212784710000001
163,Si,sc4,1.1000000238418579,17.917540763000002,9.5034622160000009,14.036998293
164,Si,sc4,1.1000000238418579,10.881362580999999,12.247337217,5.6761769190000004
165,Si,sc4,1.1000000238418579,10.692567751,12.254835972,2.680880964
166,Si,sc4,1.1000000238418579,0.88648977100000004,19.987370874,7.6583546409999999
167,Si,sc4,1.1000000238418579,3.1398482329999999,6.4630585700000003,9.6732722590000009
168,Si,sc4,1.1000000238418579,18.214540347,5.8622944669999999,6.5204576799999998
169,O,oc23,-0.55000001192092896,2.4339726050000001,9.1820739580000001,7.18540169
170,O,oc23,-0.55000001192092896,14.859100808000001,10.359115450999999,2.8066876070000002
171,O,oc23,-0.55000001192092896,9.4879626389999991,11.247541936999999,2.2149083890000001
172,O,oc23,-0.55000001192092896,8.2042188330000005,1.0025753630000001,20.475241831999998
173,O,oc23,-0.55000001192092896,16.437626278,1.9429902729999999,2.595018767
174,O,oc23,-0.55000001192092896,8.5081521240000004,6.7863520770000001,3.9673448609999999
175,O,oc23,-0.55000001192092896,1.66868108,17.550796645999998,1.903615536
176,O,oc23,-0.55000001192092896,14.070584189,10.318429181000001,7.8298044659999997
177,O,oc24,-0.67500001192092896,14.765288511,13.735698658,0.77086184300000005
178,O,oc23,-0.55000001192092896,8.108309964,6.0120713820000002,18.229023502
179,O,oc23,-0.55000001192092896,16.818841984999999,5.7334413370000004,14.167620164000001
180,O,oc23,-0.55000001192092896,11.044435052000001,11.870678209999999,4.1478033639999996
181,O,oc23,-0.55000001192092896,1.3291380500000001,14.783222715999999,14.931524107
182,O,oc23,-0.55000001192092896,14.732068955000001,18.541186688,21.477420088999999
183,Si,sc4,1.1000000238418579,16.901124936999999,15.192115379000001,9.5438302729999993
184,Si,sc4,1.1000000238418579,-0.16944388799999999,20.264798871,12.871713663
185,Si,sc4,1.1000000238418579,10.997589577999999,4.1080686450000004,16.084886050000001
186,Si,sc4,1.1000000238418579,13.178337104000001,16.025519303999999,5.5195623810000001
187,Si,sc4,1.1000000238418579,0.68303718300000005,1.3926989139999999,15.245886633
188,Si,sc4,1.1000000238418579,16.609326534000001,19.489606916,7.2455120180000003
189,Si,sc4,1.1000000238418579,11.091362225999999,19.649907153000001,21.364432479000001
190,O,oc23,-0.55000001192092896,17.166476493000001,8.7144729470000009,12.878890774
191,O,oc23,-0.55000001192092896,5.624718283,1.5550542709999999,19.770688888999999
192,O,oc23,-0.55000001192092896,15.850683366,16.361283982,9.7210780379999999
193,O,oc23,-0.55000001192092896,1.1545669460000001,19.458117825999999,13.132509936
194,O,oc23,-0.55000001192092896,0.61421584699999998,7.3169720150000002,13.711256939
195,O,oc23,-0.55000001192092896,3.5582672849999999,18.906078342000001,13.992686087999999
196,O,oc23,-0.55000001192092896,6.0512481859999996,17.410176163999999,2.0116683100000001
197,O,oc23,-0.55000001192092896,8.4523562689999991,16.699493503999999,8.5724607899999992
198,O,oc23,-0.55000001192092896,18.747098534999999,16.771543534999999,11.553922285000001
199,O,oc23,-0.55000001192092896,4.5698820199999997,12.690078614999999,6.2700308309999997
200,O,oc23,-0.55000001192092896,15.361020205999999,20.229954912,12.480177318000001
201,O,oc23,-0.55000001192092896,16.074349778999999,18.210808073999999,7.9898233999999997
202,O,oc23,-0.55000001192092896,1.627813991,18.908563933,3.978392307
203,O,oc23,-0.55000001192092896,13.018932734,8.4409387959999993,12.649941567000001
204,O,oc23,-0.55000001192092896,18.119840160999999,11.703997919000001,18.865728438000001
205,O,oc23,-0.55000001192092896,0.072887912999999999,17.225265737000001,21.581624339000001
206,Si,sc4,1.1000000238418579,2.4744607790000002,16.223233055000001,2.2003191750000002
207,Si,sc4,1.1000000238418579,4.9307799000000001,8.5919998710000005,14.440787298
208,Si,sc4,1.1000000238418579,17.363374063999998,3.242094281,2.5039403079999998
209,Si,sc4,1.1000000238418579,18.472393502999999,17.043917619999998,21.220023463
210,Si,sc4,1.1000000238418579,4.5895958060000002,4.2904481040000002,17.790059546999998
211,Si,sc4,1.1000000238418579,18.633290105,4.585485147,20.891802730999999
212,Si,sc4,1.1000000238418579,-0.30832708199999997,1.872050454,11.123834209
213,Si,sc4,1.1000000238418579,4.410960942,1.3747299319999999,16.989469388
214,O,oc23,-0.55000001192092896,17.143739797999999,8.9912798550000002,2.9944167959999999
215,O,oc24,-0.67500001192092896,2.352685825,13.212784916,21.392383883000001
216,O,oc23,-0.55000001192092896,1.0514175429999999,2.169068067,3.3752828080000001
217,O,oc23,-0.55000001192092896,8.4739251319999997,1.0908089000000001,7.0521092449999996
218,O,oc23,-0.55000001192092896,16.179449925,12.098222756,4.146622775
219,O,oc23,-0.55000001192092896,8.3819667090000003,3.8801014989999998,16.630251502
220,O,oc23,-0.55000001192092896,12.381596395000001,19.352840148999999,22.245124009000001
221,O,oc23,-0.55000001192092896,12.085282853000001,7.0134409929999997,18.670703235000001
222,O,oc23,-0.55000001192092896,14.111865636999999,14.802571553,20.622932295999998
223,O,oc23,-0.55000001192092896,19.785647914999998,12.152913163999999,14.870261509000001
224,O,oc23,-0.55000001192092896,19.263812884,0.42464056500000003,17.453694296999998
225,O,oc24,-0.67500001192092896,0.93201722799999998,10.435059945000001,21.942872023
226,O,oc23,-0.55000001192092896,2.8095651130000001,-0.143438226,7.4666186249999997
227,O,oc23,-0.55000001192092896,10.221046849,6.2578046990000002,12.484827912
228,O,oc23,-0.55000001192092896,6.304949648,3.8089420459999999,9.405393857
229,Si,sc4,1.1000000238418579,2.763618342,19.672446635,12.903277191000001
230,Si,sc4,1.1000000238418579,6.0977314150000002,9.5983412819999998,5.5696340050000002
231,Si,sc4,1.1000000238418579,0.53865382900000003,8.9114402800000008,13.208975964
232,Si,sc4,1.1000000238418579,2.9304892730000001,9.7544155210000003,5.8053818020000003
233,Si,sc4,1.1000000238418579,6.5319621669999997,4.4379042689999997,5.9741315039999998
234,Si,sc4,1.1000000238418579,12.710605652,1.6208151580000001,4.468775924
235,Si,sc4,1.1000000238418579,2.5086395619999999,2.8733912020000001,10.158012547
236,O,oc23,-0.55000001192092896,1.70988293,6.9473987319999999,18.257684102999999
237,O,oc23,-0.55000001192092896,17.310521219000002,9.3117976000000002,8.0835866809999999
238,O,oc23,-0.55000001192092896,10.748727052,3.8022091570000001,12.195277462
239,O,oc23,-0.55000001192092896,0.018142258000000001,8.1682331759999993,8.9910520149999993
240,O,oc23,-0.55000001192092896,2.9441401210000002,2.1894815840000001,6.502777773
241,O,oc23,-0.55000001192092896,14.032808642999999,12.389034418,21.615761524
242,O,oc23,-0.55000001192092896,10.011409448,1.6627982450000001,17.363606463
243,O,oc23,-0.55000001192092896,18.40369682,1.667455178,7.5234001890000002
244,O,oc23,-0.55000001192092896,7.8624703470000004,18.954263985000001,13.737815275000001
245,O,oc23,-0.55000001192092896,17.903914844999999,6.1731174199999996,5.0674712289999997
246,O,oc23,-0.55000001192092896,11.327848368,19.316006977000001,19.829897064000001
247,O,oc23,-0.55000001192092896,15.511796791,7.4894118880000002,8.8749013340000005
248,O,oc23,-0.55000001192092896,0.102888561,11.935685116,6.3770823820000002
249,O,oc23,-0.55000001192092896,4.1303299400000002,2.7951716449999999,13.592084251999999
250,O,oc23,-0.55000001192092896,13.202445882999999,3.9707629020000001,11.935212901
251,O,oc23,-0.55000001192092896,1.6982923089999999,6.1167699520000003,8.9401297759999991
252,Si,sc4,1.1000000238418579,5.7158296660000003,9.4422670429999993,11.6337169
253,Si,sc4,1.1000000238418579,13.499524765,6.9850184530000003,13.1725958
254,Si,sc4,1.1000000238418579,7.4704095339999999,5.0882622690000003,17.051463697999999
255,Si,sc4,1.1000000238418579,17.835702355999999,7.8999609949999998,18.68770147
256,Si,sc4,1.1000000238418579,10.280268707999999,10.288100774,12.477367965999999
257,Si,sc4,1.1000000238418579,1.707113232,15.409218714,13.634979467999999
258,Si,sc4,1.1000000238418579,9.9761341699999999,0.97615006299999996,6.9110286390000004
259,Si,sc4,1.1000000238418579,7.6289674659999998,11.598926448,12.405033296999999
260,O,oc23,-0.55000001192092896,6.5022899619999999,8.3119195900000005,4.7024692989999997
261,O,oc23,-0.55000001192092896,3.9847410189999999,10.524553564,8.6201958600000008
262,O,oc23,-0.55000001192092896,8.1676940219999992,7.0808093960000003,13.698791801
263,O,oc23,-0.55000001192092896,5.8898283420000004,14.184033561,11.222869335
264,O,oc23,-0.55000001192092896,6.4090021090000002,8.4819979669999999,15.048052076999999
265,O,oc23,-0.55000001192092896,13.716781314,17.313598673000001,8.6515944010000005
266,O,oc23,-0.55000001192092896,12.827840686,17.423393136000001,6.2111981309999997
267,O,oc23,-0.55000001192092896,4.9751662569999997,12.779282063,9.3315954120000004
268,O,oc23,-0.55000001192092896,17.344870161999999,15.050708348000001,17.735690521999999
269,O,oc23,-0.55000001192092896,17.276495474000001,9.1420093940000005,17.840273291999999
270,O,oc23,-0.55000001192092896,16.630250204999999,6.8950698209999999,18.356128934000001
271,O,oc23,-0.55000001192092896,3.4978917109999998,12.965891533000001,11.110590220000001
272,O,oc23,-0.55000001192092896,15.248259461,8.1499203100000006,11.180611201
273,O,oc23,-0.55000001192092896,13.066101403999999,3.8927714689999999,22.179659695000002
274,O,oc23,-0.55000001192092896,1.834052421,1.989646807,14.453653470000001
275,O,oc23,-0.55000001192092896,10.363236499999999,18.075035295999999,15.310689591999999
276,Si,sc4,1.1000000238418579,16.314383873000001,8.0420730779999996,7.5967712159999996
277,Si,sc4,1.1000000238418579,6.8620996070000002,13.452552444,14.71381231
278,Si,sc4,1.1000000238418579,4.4776013020000001,1.4767313019999999,20.928984964000001
279,Si,sc4,1.1000000238418579,18.338467591000001,16.234337336999999,18.091933013999999
280,Si,sc4,1.1000000238418579,17.237228898000001,3.9930159160000001,18.211742432000001
281,Si,sc4,1.1000000238418579,1.6134659870000001,17.368910169999999,20.934958267999999
282,Si,sc4,1.1000000238418579,15.539614520000001,6.2325308210000001,19.207900949999999
283,Si,sc4,1.1000000238418579,13.834096846,10.965389713,16.079669082999999
284,O,oc23,-0.55000001192092896,12.996557682000001,10.738466256000001,17.411224037
285,O,oc23,-0.55000001192092896,-0.096353414999999998,8.496043469,3.5264432760000002
286,O,oc23,-0.55000001192092896,16.220167880999998,-0.18462025600000001,22.096158677999998
287,O,oc23,-0.55000001192092896,3.9621163610000001,2.731279427,17.624214179999999
288,O,oc23,-0.55000001192092896,14.851843905000001,6.4138789379999999,12.531689148
289,O,oc23,-0.55000001192092896,9.8189471190000006,16.193402259999999,13.450767422
290,O,oc23,-0.55000001192092896,11.791266528,10.74331396,12.783797746999999
291,O,oc23,-0.55000001192092896,14.172257731,5.9817843399999999,18.604601487
292,O,oc23,-0.55000001192092896,10.867372616999999,6.7218427820000004,2.9270401810000002
293,O,oc23,-0.55000001192092896,18.055377472,15.310403821,15.293031407999999
294,O,oc23,-0.55000001192092896,4.2729232860000002,19.212675297000001,20.03653679
295,O,oc23,-0.55000001192092896,15.342797448000001,10.555295619000001,16.394574765000002
296,O,oc23,-0.55000001192092896,12.607197181,1.106698068,17.676127747999999
297,O,oc23,-0.55000001192092896,2.5953729239999999,4.5981217770000002,5.9906808619999996
298,O,oc23,-0.55000001192092896,15.463096241000001,7.8588604589999997,16.634878876999998
299,Si,sc4,1.1000000238418579,18.710613371000001,9.5651543839999995,3.2187625479999999
300,Si,sc4,1.1000000238418579,16.982802346,13.075562519,5.1251681380000003
301,Si,sc4,1.1000000238418579,5.9409072099999998,5.2710189500000002,8.9239584099999991
302,Si,sc4,1.1000000238418579,-0.054746366999999997,13.074774736,10.636638465000001
303,Si,sc4,1.1000000238418579,19.676837617,12.237268907000001,4.5553698330000003
304,Si,sc4,1.1000000238418579,9.7342455999999995,3.0755130799999999,11.021966162
305,Si,sc4,1.1000000238418579,10.231649858000001,11.087365176,9.5197031209999992
306,Si,sc4,1.1000000238418579,0.087790677999999997,9.3370708610000008,9.9904677070000005
307,O,oc23,-0.55000001192092896,10.571301772,15.195388753,8.8617516219999999
308,O,oc23,-0.55000001192092896,0.33334841799999998,12.442688854,9.1021269710000006
309,O,oc23,-0.55000001192092896,9.9854065460000001,8.845480749,13.066714944999999
310,O,oc23,-0.55000001192092896,18.387046792,16.498838532000001,6.5127166580000004
311,O,oc23,-0.55000001192092896,7.7240298970000003,3.2853494890000001,3.3048133019999999
312,O,oc23,-0.55000001192092896,7.296128511,11.852697496999999,18.530094900000002
313,O,oc23,-0.55000001192092896,5.9902121020000001,12.275344257,20.595972925000002
314,O,oc23,-0.55000001192092896,7.0720590029999997,14.240588471000001,19.304551678999999
315,O,oc23,-0.55000001192092896,1.9356415600000001,9.7540426199999999,13.337827655
316,O,oc23,-0.55000001192092896,13.014135248000001,5.4750713900000001,2.8101576110000002
317,O,oc23,-0.55000001192092896,15.271560849,7.4582549509999998,20.333665385
318,O,oc23,-0.55000001192092896,14.045910718,1.275935335,7.8953611239999999
319,O,oc23,-0.55000001192092896,12.624411902,13.501607364,8.7807530249999992
320,O,oc23,-0.55000001192092896,-0.43108649399999999,14.265446849,7.335462744
321,O,oc23,-0.55000001192092896,19.505620354000001,9.4021611140000001,13.914662356999999
322,O,oc23,-0.55000001192092896,17.021101734999998,12.525801185000001,6.5914937790000003
323,Si,sc4,1.1000000238418579,2.7173450699999999,10.666913836000001,14.393453262
324,Si,sc4,1.1000000238418579,12.942696801,14.094789365,12.309492097
325,Si,sc4,1.1000000238418579,17.767247170000001,4.855787598,15.069299168000001
326,Si,sc4,1.1000000238418579,4.4326908019999998,16.478205534000001,9.1304329729999996
327,Si,sc4,1.1000000238418579,16.067092876,5.422784461,12.749661266
328,Si,sc4,1.1000000238418579,4.5672210550000001,13.790802713,10.449805975
329,Si,sc4,1.1000000238418579,0.44044301000000002,9.4244511719999995,20.733748689999999
330,Si,sc4,1.1000000238418579,7.4168712479999996,18.401768871000002,12.422149029
331,O,oc23,-0.55000001192092896,6.2452832450000004,8.5058209910000002,10.469919616
332,O,oc23,-0.55000001192092896,10.610286001,18.559043923000001,12.695386518999999
333,O,oc23,-0.55000001192092896,0.73338630599999999,11.900468257,19.744271266999998
334,O,oc23,-0.55000001192092896,5.0259225289999998,10.666498954,10.896136301
335,O,oc23,-0.55000001192092896,17.484882741,18.861621703000001,5.9220293789999996
336,O,oc23,-0.55000001192092896,13.656591067000001,17.078720830999998,19.582180144999999
337,O,oc23,-0.55000001192092896,6.6255726160000004,10.894706571,9.0134086349999993
338,O,oc23,-0.55000001192092896,3.4432733,8.0551653390000002,9.4001526169999998
339,O,oc23,-0.55000001192092896,4.15129356,9.9100341299999997,14.852130527
340,O,oc23,-0.55000001192092896,14.562585417999999,16.273365929000001,4.7090096800000003
341,O,oc23,-0.55000001192092896,18.858528046,12.432247644,10.983556200000001
342,O,oc23,-0.55000001192092896,3.783650905,1.0518131070000001,15.505265916999999
343,O,oc23,-0.55000001192092896,1.126975469,13.274187530000001,16.810686787000002
344,O,oc23,-0.55000001192092896,4.2205543350000001,4.8193273259999998,19.293785660000001
345,O,oc23,-0.55000001192092896,10.455516917000001,4.1475491629999999,3.4124889629999999
346,O,oc23,-0.55000001192092896,13.331573107000001,0.53610505399999997,5.4698678709999999
347,Si,sc4,1.1000000238418579,5.2336649050000004,8.3715404319999998,19.783225087999998
348,Si,sc4,1.1000000238418579,4.1131557689999996,5.611962868,14.979188116
349,Si,sc4,1.1000000238418579,4.2462349420000001,12.426033049000001,2.3272824860000001
350,Si,sc4,1.1000000238418579,17.987124132999998,17.870527844000001,12.549749774
351,Si,sc4,1.1000000238418579,15.662009885,9.1130898590000005,2.2004838100000002
352,Si,sc4,1.1000000238418579,3.8403941220000002,0.880106532,6.8080416530000001
353,Si,sc4,1.1000000238418579,3.2664526619999998,17.538657627999999,14.757911332999999
354,Si,sc4,1.1000000238418579,0.102331405,3.344970022,3.6261165389999999
355,O,oc23,-0.55000001192092896,19.577743641000001,17.93810307,4.6376424189999996
356,O,oc23,-0.55000001192092896,18.700857402,19.314888276000001,12.378946353
357,O,oc24,-0.67500001192092896,4.1977764889999998,10.926899479999999,21.863975162999999
358,O,oc23,-0.55000001192092896,4.9966540200000003,0.28728236299999999,21.891832288
359,O,oc23,-0.55000001192092896,3.0401294889999999,11.962699402,13.494252933
360,O,oc23,-0.55000001192092896,0.50878863799999996,3.3337669590000001,7.2348342089999997
361,O,oc23,-0.55000001192092896,17.428079449999998,4.8197829560000001,16.732308457999999
362,O,oc23,-0.55000001192092896,8.3564071510000009,14.84773201,11.828316443
363,O,oc23,-0.55000001192092896,1.625673414,6.7216353409999998,4.6014043759999996
364,O,oc23,-0.55000001192092896,-0.22132834400000001,0.580076814,14.095002661000001
365,O,oc23,-0.55000001192092896,14.617454336,16.493659909000002,17.244623035
366,O,oc23,-0.55000001192092896,14.465266017999999,2.9589937540000002,17.188696307000001
367,O,oc23,-0.55000001192092896,40.487334804,0.255736454,20.518042770000001
368,O,oc23,-0.55000001192092896,11.484471326,0.822528539,3.724230693
369,O,oc23,-0.55000001192092896,0.77933713199999999,18.696681203000001,8.5652604609999994
370,Si,sc4,1.1000000238418579,1.4272681439999999,17.303324156999999,8.8771439609999998
371,Si,sc4,1.1000000238418579,10.041443897000001,20.464252412,4.1159555939999999
372,Si,sc4,1.1000000238418579,4.7130397579999999,15.184201741000001,15.898383886
373,Si,sc4,1.1000000238418579,18.264692277999998,6.2648064589999999,10.975836285
374,Si,sc4,1.1000000238418579,2.1578848270000002,18.993500017999999,2.4203914470000001
375,Si,sc4,1.1000000238418579,11.328735054999999,5.291403141,2.5878662810000002
376,Si,sc4,1.1000000238418579,7.10455287,1.0120549969999999,19.293927781000001
377,Si,sc4,1.1000000238418579,18.637522898,0.43795682000000002,8.5488530479999998
378,O,oc23,-0.55000001192092896,2.3368784809999998,9.0869460859999993,4.3982824970000003
379,O,oc23,-0.55000001192092896,4.4219264950000001,2.967168236,21.454684949000001
380,O,oc23,-0.55000001192092896,10.359084205,2.546484451,19.747293801000001
381,O,oc23,-0.55000001192092896,2.6990625389999998,3.6418135330000001,8.6816471899999996
382,O,oc23,-0.55000001192092896,7.4054620509999998,16.869075503000001,12.785049397
383,O,oc23,-0.55000001192092896,2.901499206,1.0391473819999999,20.441128568
384,O,oc23,-0.55000001192092896,3.237107559,0.52723030299999996,13.04884358
385,O,oc24,-0.67500001192092896,17.346885034,6.3454745639999999,2.4434094220000002
386,O,oc23,-0.55000001192092896,14.300539117,10.657550580000001,12.483647321999999
387,O,oc23,-0.55000001192092896,14.102271866000001,13.257614455000001,11.796705776
388,O,oc23,-0.55000001192092896,9.8425711029999992,5.2848570109999997,19.712872374
389,O,oc23,-0.55000001192092896,14.159840495999999,7.4383257719999998,14.503536537
390,O,oc23,-0.55000001192092896,17.585549446999998,11.033297092,14.050195143
391,O,oc23,-0.55000001192092896,0.37955718599999999,15.687766647,12.782759279
392,O,oc23,-0.55000001192092896,10.616252521,0.46736524699999998,21.465261002999998
393,Si,sc4,1.1000000238418579,19.031479037,2.9851455530000002,6.7383064089999998
394,Si,sc4,1.1000000238418579,8.3745890579999998,15.644594167999999,13.178167366
395,Si,sc4,1.1000000238418579,16.943294273999999,11.829536926999999,19.932166498000001
396,Si,sc4,1.1000000238418579,14.056030734,3.240234101,13.067894831
397,Si,sc4,1.1000000238418579,2.2677991290000001,5.2752035829999997,4.5192964250000003
398,Si,sc4,1.1000000238418579,11.075477537999999,0.50402011099999999,9.8543446269999997
399,Si,sc4,1.1000000238418579,1.0203710779999999,17.313971573,16.538157791
400,Si,sc4,1.1000000238418579,-0.047088171999999998,16.057794942000001,11.319897529
401,O,oc23,-0.55000001192092896,2.9596006899999998,5.1676459049999997,13.922901154
402,O,oc23,-0.55000001192092896,2.9218095239999999,6.392251334,11.330190397000001
403,O,oc23,-0.55000001192092896,3.3338589619999999,18.950452251000002,11.603782133999999
404,O,oc23,-0.55000001192092896,4.9019144849999998,17.379019227000001,10.322087381999999
405,O,oc23,-0.55000001192092896,13.852884295999999,18.182759051000001,12.592881389
406,O,oc23,-0.55000001192092896,15.03418802,18.761730091,10.327068653
407,O,oc23,-0.55000001192092896,13.877154073,1.9358267579999999,3.3939569459999999
408,O,oc23,-0.55000001192092896,5.9682803939999998,18.981857377000001,12.042723222999999
409,O,oc23,-0.55000001192092896,0.31689471800000002,18.549722649,17.329634617
410,O,oc23,-0.55000001192092896,16.908864832999999,9.9469913959999996,10.547754790000001
411,O,oc23,-0.55000001192092896,0.019353344000000001,8.8951573760000002,11.556778777
412,O,oc23,-0.55000001192092896,16.938818782999999,4.1811916910000004,3.6063560899999998
413,O,oc23,-0.55000001192092896,13.562698271,3.3663364730000001,14.601296795
414,O,oc23,-0.55000001192092896,16.100191082999999,4.7261053200000003,19.235050284
415,O,oc23,-0.55000001192092896,1.833483974,11.026170003000001,15.686031177
416,O,oc23,-0.55000001192092896,0.59604193699999997,16.406735845,7.8791000530000002
417,Si,sc4,1.1000000238418579,4.7774627980000002,11.297177199,20.460274096999999
418,Si,sc4,1.1000000238418579,15.179643277,18.791105256000002,11.884338153
419,Si,sc4,1.1000000238418579,16.161026521,19.206833603,21.219526742999999
420,Si,sc4,1.1000000238418579,7.2123947790000003,7.6964475309999996,3.4185326229999999
421,Si,sc4,1.1000000238418579,13.866470565,1.769191381,9.3965879829999999
422,Si,sc4,1.1000000238418579,7.3928838179999996,19.171450050000001,15.159080246
423,Si,sc4,1.1000000238418579,6.605415485,1.1588277950000001,15.238544183
424,O,oc23,-0.55000001192092896,5.1592437990000004,18.310286038000001,17.793411352
425,O,oc23,-0.55000001192092896,11.291041208999999,2.5661314850000001,15.820171599
426,O,oc23,-0.55000001192092896,15.425281046,4.0339840230000004,12.966711708
427,O,oc23,-0.55000001192092896,12.9765219,19.587510550000001,7.7214088780000001
428,O,oc23,-0.55000001192092896,6.161267767,4.3958094360000004,17.704763723999999
429,O,oc23,-0.55000001192092896,5.8210914100000002,1.6077267559999999,16.491319772000001
430,O,oc23,-0.55000001192092896,17.758096742999999,8.1411367779999999,20.301819022
431,O,oc23,-0.55000001192092896,5.8184307459999998,3.7406413920000001,11.96377852
432,O,oc23,-0.55000001192092896,6.085838624,6.5773692019999999,2.8089291790000002
433,O,oc23,-0.55000001192092896,0.36179128900000002,19.882382134,6.135996681
434,O,oc23,-0.55000001192092896,19.974925737,8.1072040790000006,21.507732670999999
435,O,oc23,-0.55000001192092896,-0.48913931799999999,10.005949167000001,19.701612449999999
436,O,oc23,-0.55000001192092896,9.0654636820000007,12.98478474,17.379565526
437,O,oc23,-0.55000001192092896,11.096804904000001,16.619239663999998,2.2862756499999999
438,O,oc23,-0.55000001192092896,12.932013293000001,7.6449471500000001,4.0399855819999999
439,O,oc24,-0.67500001192092896,8.4142184790000005,10.77761956,4.3901379780000003
440,Si,sc4,1.1000000238418579,16.62392084,1.358003745,21.958076156000001
441,Si,sc4,1.1000000238418579,12.865332684,5.8367724000000001,19.275632164000001
442,Si,sc4,1.1000000238418579,2.1635733560000001,3.472021314,7.0616114769999996
443,Si,sc4,1.1000000238418579,8.9462125740000005,5.8877338039999998,5.2431609400000001
444,Si,sc4,1.1000000238418579,6.5545384650000003,3.0915471779999999,10.735862499
445,Si,sc4,1.1000000238418579,10.965740903,5.1136185679999997,13.205883073000001
446,Si,sc4,1.1000000238418579,14.768473619,11.535493873,3.8436390760000001
447,Si,sc4,1.1000000238418579,5.1594852949999996,5.2032362819999998,3.2147493890000001
448,O,oc23,-0.55000001192092896,14.432529454000001,19.062816269999999,17.892682173000001
449,O,oc23,-0.55000001192092896,5.3540850469999999,9.9815044369999999,19.793989699000001
450,O,oc23,-0.55000001192092896,1.6000129320000001,15.126983761,3.0361089090000002
451,O,oc23,-0.55000001192092896,6.9970329549999999,10.174908843000001,12.229556065000001
452,O,oc23,-0.55000001192092896,17.387885336,3.3652177710000002,14.474404545000001
453,O,oc23,-0.55000001192092896,10.298693312999999,18.90346804,3.700811683
454,O,oc23,-0.55000001192092896,17.894965065000001,1.0419316329999999,15.069181671999999
455,O,oc23,-0.55000001192092896,10.819519106,19.835480652000001,10.353533063
456,O,oc23,-0.55000001192092896,2.9920017419999998,16.565544481,21.665527797999999
457,O,oc23,-0.55000001192092896,18.843491598,10.947863395000001,3.989842195
458,O,oc23,-0.55000001192092896,13.320567605000001,8.7388349479999992,9.7085661119999997
459,O,oc24,-0.67500001192092896,2.020226085,7.7327417269999996,2.0913925679999998
460,O,oc23,-0.55000001192092896,7.0946755509999999,9.8761841599999993,6.8069321240000003
461,O,oc23,-0.55000001192092896,10.673418657999999,0.336181644,8.2767463699999997
462,O,oc23,-0.55000001192092896,10.160776104,1.525633419,10.734587631
463,O,oc23,-0.55000001192092896,11.483906633,4.4032257699999997,7.5195238739999999
464,Si,sc4,1.1000000238418579,12.345595425999999,11.368606141000001,18.740677428000001
465,Si,sc4,1.1000000238418579,12.433118006000001,5.3927048600000003,22.160937714999999
466,Si,sc4,1.1000000238418579,5.5360657160000004,3.3825489950000001,13.533749206
467,Si,sc4,1.1000000238418579,7.4270309130000003,14.02000432,10.814783631999999
468,Si,sc4,1.1000000238418579,12.600102477,17.967726423999999,7.6917361919999996
469,Si,sc4,1.1000000238418579,17.602158625000001,10.37995589,9.220591164
470,Si,sc4,1.1000000238418579,9.1830213109999992,7.4716787470000003,12.632754775
471,Si,sc4,1.1000000238418579,11.466854112,8.0620430039999995,3.5849211470000002
472,O,oc23,-0.55000001192092896,4.762022054,20.033069691000001,9.9196675229999993
473,O,oc23,-0.55000001192092896,4.3810072919999996,16.476631203,15.105632193
474,O,oc23,-0.55000001192092896,11.184650680000001,13.256537736,16.151909474
475,O,oc23,-0.55000001192092896,7.7366886270000004,12.490707802999999,11.120387423
476,O,oc23,-0.55000001192092896,9.9103402480000007,3.722788478,9.6231292229999994
477,O,oc23,-0.55000001192092896,16.333130473000001,19.630848487000002,19.663887061000001
478,O,oc23,-0.55000001192092896,17.671741996000002,7.6533577819999996,10.621387896
479,O,oc23,-0.55000001192092896,17.699640223999999,1.2838695769999999,20.731008990999999
480,O,oc23,-0.55000001192092896,9.8209223429999994,6.1624693859999997,8.6502959639999997
481,O,oc23,-0.55000001192092896,-0.13759521399999999,11.134556828999999,17.311858232999999
482,O,oc23,-0.55000001192092896,5.324171346,4.7395707900000001,14.475089118
483,O,oc23,-0.55000001192092896,7.5152395350000001,14.470411166,9.3315718420000007
484,O,oc23,-0.55000001192092896,18.620549673999999,6.0009263529999997,21.615903644999999
485,O,oc23,-0.55000001192092896,13.734197882,3.4211136230000001,9.4264756090000006
486,O,oc23,-0.55000001192092896,7.6042140959999998,1.9907406590000001,18.175079433000001
487,O,oc23,-0.55000001192092896,4.9632734660000004,8.7073878400000009,12.822113431
488,Si,sc4,1.1000000238418579,4.9460187959999997,19.594719134000002,18.659040868999998
489,Si,sc4,1.1000000238418579,9.5011049629999995,9.0179206220000001,17.14150369
490,Si,sc4,1.1000000238418579,13.915332113,1.9025444739999999,18.352753207999999
491,Si,sc4,1.1000000238418579,8.1086325600000002,13.527999326,6.2847449070000003
492,Si,sc4,1.1000000238418579,7.3366452200000003,16.361160505000001,1.863623247
493,Si,sc4,1.1000000238418579,15.86979161,15.598107569,4.2432974249999997
494,Si,sc4,1.1000000238418579,18.525931188000001,7.5678839550000001,21.587904398999999
495,Si,sc4,1.1000000238418579,16.227464433000002,12.793865925,7.8559383739999999
496,O,oc23,-0.55000001192092896,1.0553441859999999,0.155003694,16.156441867000002
497,O,oc24,-0.67500001192092896,11.994816661,11.676900903,1.8634107689999999
498,O,oc24,-0.67500001192092896,9.893851819,18.691502580000002,21.948963526
499,O,oc23,-0.55000001192092896,4.8544637689999997,12.876149724999999,3.7411107289999999
500,O,oc23,-0.55000001192092896,13.307828375,12.593998735,19.232759462000001
501,O,oc23,-0.55000001192092896,8.8001517739999997,8.4938060669999995,18.527096286999999
502,O,oc23,-0.55000001192092896,4.5420645909999999,9.5066936070000008,6.073081943
503,O,oc23,-0.55000001192092896,10.452292161000001,4.7972440919999997,14.707626528
504,O,oc23,-0.55000001192092896,8.5221817370000004,6.9924350950000003,20.677136686000001
505,O,oc23,-0.55000001192092896,18.072229348,15.487567305000001,21.671074739000002
506,O,oc23,-0.55000001192092896,15.737681125,12.822454541000001,19.660204578999998
507,O,oc23,-0.55000001192092896,3.5617623730000001,5.3014300859999999,3.406704215
508,O,oc23,-0.55000001192092896,10.594885506000001,13.862106944000001,2.6574141120000001
509,O,oc23,-0.55000001192092896,5.9425598380000002,10.912978688999999,4.8156693869999998
510,O,oc23,-0.55000001192092896,7.6098177710000003,9.0429456950000002,2.5292941330000001
511,O,oc23,-0.55000001192092896,4.3794751119999997,5.5641501260000004,9.0902996189999996
512,Si,sc4,1.1000000238418579,5.5914987260000002,12.471110777,5.0271961049999998
513,Si,sc4,1.1000000238418579,9.6929227020000006,11.456524194,21.588423633000001
514,Si,sc4,1.1000000238418579,2.7678394210000001,9.4024920319999996,8.7146511009999994
515,Si,sc4,1.1000000238418579,5.1712170889999998,11.271281613999999,9.4484308420000005
516,Si,sc4,1.1000000238418579,2.198312477,12.683698561,19.858084866999999
517,Si,sc4,1.1000000238418579,2.5260715989999998,7.6578325869999997,19.437865407
518,Si,sc4,1.1000000238418579,7.3261227099999999,12.770084264999999,19.842338985000001
519,Si,sc4,1.1000000238418579,13.499685762,16.858136681000001,13.441607653
520,O,oc23,-0.55000001192092896,13.721498301,9.8213282940000006,21.346018661999999
521,O,oc23,-0.55000001192092896,7.9968396029999997,1.363675813,15.814930711000001
522,O,oc23,-0.55000001192092896,7.6786754520000002,12.456651626999999,7.4123465160000004
523,O,oc23,-0.55000001192092896,3.608225177,12.004959385999999,19.591410974999999
524,O,oc23,-0.55000001192092896,9.9908894729999993,10.261211817,10.904871114000001
525,O,oc23,-0.55000001192092896,6.409525951,7.640265522,19.076216687999999
526,O,oc23,-0.55000001192092896,18.284849407999999,17.175920646000002,16.752021064000001
527,O,oc23,-0.55000001192092896,19.239905953000001,5.2579260720000001,14.611778572
528,O,oc23,-0.55000001192092896,7.9559204000000001,4.7627727249999996,5.3359167090000001
529,O,oc23,-0.55000001192092896,6.9612740830000002,13.24307134,5.1541833380000002
530,O,oc23,-0.55000001192092896,15.090547966999999,0.78825597000000003,18.806945217999999
531,O,oc23,-0.55000001192092896,18.834218621000002,1.114549426,10.080861946000001
532,O,oc23,-0.55000001192092896,11.031736672999999,17.624753162000001,8.0467442719999998
533,O,oc23,-0.55000001192092896,10.083814480999999,19.104993524000001,17.611961519000001
534,O,oc23,-0.55000001192092896,9.7985881409999998,10.083758163000001,20.816093039999998
535,O,oc23,-0.55000001192092896,11.146310441000001,9.1492185950000007,17.493780161
536,Si,sc4,1.1000000238418579,8.0405408190000003,11.835005721,17.147949088000001
537,Si,sc4,1.1000000238418579,13.23562459,10.295724241,9.1958501479999999
538,Si,sc4,1.1000000238418579,7.9518888529999998,7.3118755039999996,19.124233888999999
539,Si,sc4,1.1000000238418579,8.6942045889999999,1.027708015,1.599026292
540,Si,sc4,1.1000000238418579,9.9985086209999992,6.4389033930000004,20.818877768
541,Si,sc4,1.1000000238418579,12.539468887,13.54490332,15.278300073
542,Si,sc4,1.1000000238418579,12.554263838000001,8.2672974920000009,17.919476908
543,Si,sc4,1.1000000238418579,6.2105324089999998,17.18358486,17.326401012000002
544,O,oc23,-0.55000001192092896,11.758813512,14.245559652000001,11.159741575
545,O,oc23,-0.55000001192092896,9.6568009850000003,13.297886460000001,5.8395189869999999
546,O,oc23,-0.55000001192092896,3.4020876699999998,1.51414852,10.181903651000001
547,O,oc23,-0.55000001192092896,3.7692707620000001,16.739434590999998,3.075014887
548,O,oc23,-0.55000001192092896,1.042560352,16.930269441,10.427047969
549,O,oc23,-0.55000001192092896,1.549514676,9.9214693290000007,9.6766719059999993
550,O,oc23,-0.55000001192092896,18.472393502999999,13.231885564000001,4.6275616770000001
551,O,oc23,-0.55000001192092896,11.790420691,5.1260070100000004,10.05926096
552,O,oc23,-0.55000001192092896,13.114518406,7.476112187,16.640403303999999
553,O,oc23,-0.55000001192092896,4.8727264750000003,1.13789637,8.047953004
554,O,oc23,-0.55000001192092896,6.9081388920000002,17.788657691000001,15.94505727
555,O,oc23,-0.55000001192092896,18.362576369999999,15.826480645,8.9855749029999998
556,O,oc23,-0.55000001192092896,3.0479988439999999,17.191663956999999,8.5454298319999999
557,O,oc23,-0.55000001192092896,9.1201710009999992,11.329493584,12.97969608
558,O,oc24,-0.67500001192092896,13.201396996,1.3540097289999999,22.060911260000001
559,O,oc23,-0.55000001192092896,10.802062889,5.6409237680000004,22.061407979999998
560,Si,sc4,1.1000000238418579,10.089459006,19.406784756,16.112460339999998
561,Si,sc4,1.1000000238418579,10.180691738,15.660462190000001,19.640089532000001
562,Si,sc4,1.1000000238418579,4.83567722,17.918506045000001,2.9930237289999999
563,Si,sc4,1.1000000238418579,14.271634054,13.20491326,20.289519221999999
564,Si,sc4,1.1000000238418579,1.10033143,0.68105074099999996,2.7841649450000001
565,Si,sc4,1.1000000238418579,0.106257663,6.5796066040000003,8.7142023999999996
566,Si,sc4,1.1000000238418579,10.46136329,13.307912787999999,17.564769604999999
567,Si,sc4,1.1000000238418579,9.1967685780000004,7.3944908399999996,7.8144900479999997
568,O,oc23,-0.55000001192092896,5.5668661049999999,3.8852267189999998,2.2963324699999998
569,O,oc23,-0.55000001192092896,10.544007884999999,14.7504507,18.286792174999999
570,O,oc24,-0.67500001192092896,2.694789197,0.38623228999999998,2.7349193120000002
571,O,oc23,-0.55000001192092896,1.7574824790000001,8.9431355769999996,19.891939217000001
572,O,oc23,-0.55000001192092896,6.4381895179999997,2.164622434,13.968063271
573,O,oc23,-0.55000001192092896,-0.23539760600000001,14.676618896000001,10.510100461
574,O,oc23,-0.55000001192092896,10.803231924,7.7307531300000001,20.332390517
575,O,oc23,-0.55000001192092896,4.2499438930000002,0.064389864000000005,17.923537911
576,O,oc23,-0.55000001192092896,11.010087310999999,12.071002264000001,18.414250798000001
577,O,oc23,-0.55000001192092896,8.5794692220000002,7.7429341310000002,11.203652394000001
578,O,oc23,-0.55000001192092896,15.415605576000001,15.007493888000001,2.8845220770000002
579,O,oc23,-0.55000001192092896,12.553982693,1.0892344920000001,9.9971013109999998
580,O,oc23,-0.55000001192092896,3.8056345760000001,18.896134744000001,2.321238825
581,O,oc23,-0.55000001192092896,6.6760471419999998,2.7943347799999998,6.1644271709999998
582,O,oc23,-0.55000001192092896,7.0392833909999997,0.246269246,5.125428458
583,O,oc23,-0.55000001192092896,2.63011595,13.604358703000001,4.8684089449999997
584,Si,sc4,1.1000000238418579,6.3965848740000002,2.5321159020000001,2.5942870550000001
585,Si,sc4,1.1000000238418579,9.2942099270000007,2.9817274020000002,3.412252563
586,Si,sc4,1.1000000238418579,11.343450710000001,13.973020108,9.6573367650000002
587,Si,sc4,1.1000000238418579,10.734454742,4.8947334600000003,8.8814406590000008
588,Si,sc4,1.1000000238418579,11.127887038000001,3.7524578270000002,6.2144541289999999
589,Si,sc4,1.1000000238418579,11.041613991,9.2344442339999997,20.762880682999999
590,Si,sc4,1.1000000238418579,11.564455858000001,15.196630931,2.9429521049999998
591,O,oc23,-0.55000001192092896,10.394157635999999,5.0091271309999996,5.3920798359999997
592,O,oc23,-0.55000001192092896,12.026020144,15.406525682,4.5430700340000003
593,O,oc23,-0.55000001192092896,13.526334457000001,15.555183279,12.461055007000001
594,O,oc23,-0.55000001192092896,3.9642288529999998,15.057213114,9.6174394579999998
595,O,oc23,-0.55000001192092896,8.931900615,0.102656444,2.9048481960000001
596,O,oc23,-0.55000001192092896,12.101650533999999,4.5119435140000004,19.061367152999999
597,O,oc23,-0.55000001192092896,8.6896894499999995,15.551869158000001,20.306445694000001
598,O,oc23,-0.55000001192092896,15.285147117999999,6.2157922860000001,4.2119224539999998
599,O,oc23,-0.55000001192092896,5.4909533679999996,1.2512252829999999,3.3734408629999999
600,O,oc23,-0.55000001192092896,10.688375808,8.6040147949999994,4.8808747869999998
601,O,oc24,-0.67500001192092896,2.911662475,15.508573201999999,0.89385983700000005
602,O,oc23,-0.55000001192092896,12.086734233,16.968055855999999,14.05529391
603,O,oc23,-0.55000001192092896,11.447340970999999,15.51988369,20.588678317999999
604,O,oc23,-0.55000001192092896,7.1007634199999998,12.415757298000001,15.948574412999999
605,Si,sc4,1.1000000238418579,4.7717783230000004,18.836473154,10.971114983
606,Si,sc4,1.1000000238418579,0.48049977999999999,12.919074015,7.5865914459999999
607,Si,sc4,1.1000000238418579,10.688052612,17.477876103,13.853966133
608,Si,sc4,1.1000000238418579,7.6989539310000001,1.542550224,5.7635025400000002
609,Si,sc4,1.1000000238418579,14.496751848000001,15.636805243,15.947818779
610,Si,sc4,1.1000000238418579,10.080428726999999,18.672401931,11.199615313000001
611,Si,sc4,1.1000000238418579,7.6619046759999998,7.4170303210000004,15.154146114
612,Si,sc4,1.1000000238418579,4.8373703969999999,0.88891082399999999,9.6568646699999992
613,O,oc23,-0.55000001192092896,12.502661728,4.4884100440000001,16.406118931000002
614,O,oc23,-0.55000001192092896,10.340337605,8.4798432940000001,7.4606340639999997
615,O,oc23,-0.55000001192092896,7.1133819020000004,6.0815111100000001,15.813821182
616,O,oc23,-0.55000001192092896,6.7992486960000003,12.44993942,13.439057918
617,O,oc23,-0.55000001192092896,15.100384436000001,1.2839151090000001,10.331152873000001
618,O,oc23,-0.55000001192092896,10.027455135,20.698924046999998,5.6906718549999997
619,O,oc23,-0.55000001192092896,13.669975488,12.44873799,15.603050097000001
620,O,oc23,-0.55000001192092896,9.0871124420000005,10.670933011000001,8.4760698540000003
621,O,oc23,-0.55000001192092896,14.353633457999999,1.8162955199999999,12.684385509
622,O,oc23,-0.55000001192092896,15.36968764,20.368047821000001,6.7591875559999997
623,O,oc23,-0.55000001192092896,3.96859501,7.923619177,19.127799579000001
624,O,oc23,-0.55000001192092896,18.956130992999999,3.1846531150000001,2.6667631410000001
625,O,oc23,-0.55000001192092896,16.902576318000001,11.90208457,8.9228488810000002
626,O,oc23,-0.55000001192092896,7.120597955,16.832905402000002,18.585384194
627,O,oc23,-0.55000001192092896,17.707984460999999,12.742366161,21.189592681000001
628,O,oc23,-0.55000001192092896,1.0197784510000001,4.6023064109999998,3.7439897339999999
629,O,oc24,-0.67500001192092896,19.278366339000002,13.762711709,23.120102555999999
630,Si,sc4,1.1000000238418579,20.409033938,3.1729650970000001,17.881610806000001
631,O,oc23,-0.55000001192092896,5.0240278040000002,18.145635708,22.149016436
632,O,oc23,-0.55000001192092896,5.8004500849999996,15.817655748,20.873459271000002
633,O,oc24,-0.67500001192092896,14.099569751000001,18.200533557,24.056909371
634,O,oc24,-0.67500001192092896,14.661518397,1.6427409589999999,0.79055193400000001
635,O,oc24,-0.67500001192092896,13.451510257000001,10.917536223000001,23.639333923999999
636,O,oc23,-0.55000001192092896,7.0501278960000002,11.881657779999999,2.4117980509999999
637,O,oc24,-0.67500001192092896,9.7245298800000004,18.506715628999999,1.036592951
638,H,hoy,0.40000000596046448,5.1974424399999997,6.9944818580000003,21.452786858
639,H,hoy,0.40000000596046448,14.421380448000001,14.418968614000001,0.22875844000000001
640,O,oc24,-0.67500001192092896,17.061578194999999,3.971666135,1.072005004
641,H,hoy,0.40000000596046448,1.549693888,12.984825519999999,21.835157632000001
642,H,hoy,0.40000000596046448,1.764831394,10.143416711,22.264764659000001
643,O,oc24,-0.67500001192092896,19.256233985000001,9.7925742180000004,1.6542213079999999
644,O,oc24,-0.67500001192092896,15.758362098999999,9.4117731770000006,0.60515859599999999
645,O,oc23,-0.55000001192092896,14.677643380999999,7.7734693620000002,2.2969938249999999
646,H,hoy,0.40000000596046448,4.0913978030000004,11.733474470000001,22.337454221000002
647,O,oc23,-0.55000001192092896,1.3234818100000001,20.209279933000001,1.8754038120000001
648,O,oc24,-0.67500001192092896,10.918209387999999,5.0272745370000003,1.0802438009999999
649,H,hoy,0.40000000596046448,18.218159162999999,6.6925888169999999,2.5204632820000001
650,O,oc24,-0.67500001192092896,13.093515438000001,6.2797218560000001,23.395063088000001
651,O,oc23,-0.55000001192092896,7.0322277350000002,14.730604251000001,2.254145045
652,O,oc24,-0.67500001192092896,7.6893589589999998,16.289856275000002,0.28175450000000002
653,O,oc24,-0.67500001192092896,17.974304405000002,8.0475005070000005,22.970311234
654,H,hoy,0.40000000596046448,11.761948369000001,11.526496064,0.98382039799999998
655,H,hoy,0.40000000596046448,9.8524745639999995,18.765963421999999,22.902251359000001
656,O,oc24,-0.67500001192092896,8.8666311370000006,10.981340464000001,22.946467268999999
657,O,oc23,-0.55000001192092896,11.363929835,11.753508469,21.873795584
658,O,oc24,-0.67500001192092896,2.5191375919999999,6.9038119890000003,20.827801840999999
659,O,oc24,-0.67500001192092896,9.3217447090000007,0.37142532099999997,0.24641421099999999
660,O,oc23,-0.55000001192092896,7.2689163250000002,1.7787332170000001,1.5259127720000001
661,O,oc24,-0.67500001192092896,0.51525515899999996,0.65735574699999999,1.2997264820000001
662,H,hoy,0.40000000596046448,3.0970940589999998,1.170939875,2.4150179469999999
663,O,oc24,-0.67500001192092896,11.330912125999999,9.0747237209999998,22.399330933000002
664,H,hoy,0.40000000596046448,3.8296296249999999,15.322513052,0.94161998199999997
665,H,hoy,0.40000000596046448,19.062832240999999,14.495688618000001,23.658767811000001
666,H,hoy,0.40000000596046448,15.035115948,18.223399026999999,24.055024989
667,H,hoy,0.40000000596046448,15.48231403,1.8165702100000001,0.36134612199999999
668,H,hoy,0.40000000596046448,13.190228998,11.621581733999999,24.197111123999999
669,H,hoy,0.40000000596046448,9.4891515119999994,19.415912337000002,1.105475322
670,H,hoy,0.40000000596046448,16.013194081999998,10.298989074,0.46407768300000002
671,H,hoy,0.40000000596046448,10.604850807,5.8357617399999997,0.72303049200000002
672,H,hoy,0.40000000596046448,13.285304538,5.7277304679999999,24.129777875999999
673,H,hoy,0.40000000596046448,8.3625105600000005,16.912702353,0.090519119999999995
674,H,hoy,0.40000000596046448,17.148666686999999,8.4758611580000007,22.839503898
675,H,hoy,0.40000000596046448,3.2457265959999999,7.2071760620000003,21.347244256
676,H,hoy,0.40000000596046448,10.579608555,8.7434141099999998,22.851255634000001
677,Si,sc4,1.1000000238418579,4.6884074370000004,16.591273372,21.932366325
678,O,oc24,-0.67500001192092896,5.010441836,15.842141226000001,23.290338197000001
679,H,hoy,0.40000000596046448,5.9332948779999999,15.890974850999999,23.433801359
680,Si,sc4,1.1000000238418579,6.7385346070000001,13.249700817000001,1.5413518980000001
681,O,oc24,-0.67500001192092896,7.3401925720000003,13.205161449,0.061965063000000001
682,H,hoy,0.40000000596046448,7.4548855920000001,12.315995901000001,-0.20756043099999999
683,O,oc23,-0.55000001192092896,5.2020979760000001,13.110613919,1.3527249539999999
684,Si,sc4,1.1000000238418579,9.5867340199999997,1.6208938749999999,20.900726805000001
685,O,oc24,-0.67500001192092896,9.2490975790000007,2.5576463029999998,22.131145774
686,H,hoy,0.40000000596046448,9.0723908820000005,3.4241395090000002,21.823230216999999
687,O,oc24,-0.67500001192092896,2.743618304,19.359593103000002,22.373526822999999
688,H,hoy,0.40000000596046448,2.724223308,19.977416792,23.068160984999999
689,O,oc23,-0.55000001192092896,21.638151524000001,3.357532258,18.991416880999999
690,O,oc23,-0.55000001192092896,19.348473553000002,2.4474496139999999,19.022366897000001
691,O,oc23,-0.55000001192092896,20.164726201000001,4.8058204919999996,17.583749794999999
692,Si,sc4,1.1000000238418579,21.411380502,4.2965386040000002,20.300213477
693,O,oc23,-0.55000001192092896,2.4361214410000001,4.3925363710000003,21.094665697
694,O,oc23,-0.55000001192092896,20.855561775999998,5.6420424689999997,19.766793928999999
695,Si,sc4,1.1000000238418579,20.555820428000001,6.2532885299999998,18.304026809
696,O,oc23,-0.55000001192092896,19.302595265000001,7.3793266370000001,18.234335451
697,Si,sc4,1.1000000238418579,19.189512526000001,1.442989066,20.356352682000001
698,Si,sc4,1.1000000238418579,3.9581172549999999,4.4394375439999996,20.935926379000001
699,O,oc24,-0.67500001192092896,4.4529287320000002,5.6555489950000002,21.949009962000002
700,O,oc24,-0.67500001192092896,19.974643391000001,1.8917348389999999,21.668029691000001
701,H,hoy,0.40000000596046448,13.809908344,0.91905792100000006,22.625923277999998
702,O,oc24,-0.67500001192092896,17.407277128,1.6417963600000001,23.292322261999999
703,H,hoy,0.40000000596046448,17.108032775000002,2.4509134170000002,23.654239124
704,H,hoy,0.40000000596046448,17.313473917,4.3259879010000004,22.456602299
705,H,hoy,0.40000000596046448,9.2559817990000006,10.396130996,4.552498119
706,O,oc24,-0.67500001192092896,4.1989455229999999,10.786984050999999,2.1662762679999998
707,H,hoy,0.40000000596046448,5.0723825290000004,10.457877132,2.1116527860000001
708,H,hoy,0.40000000596046448,12.434734114999999,9.5208268030000003,2.3411450029999998
709,H,hoy,0.40000000596046448,17.215524466000002,4.8954489260000003,1.2120330180000001
710,H,hoy,0.40000000596046448,4.2535892219999996,5.3684258629999997,22.832175603
711,H,hoy,0.40000000596046448,2.1761670030000002,8.5562181549999998,1.6581563800000001
712,H,hoy,0.40000000596046448,20.139887923,10.14002913,1.669193266
713,H,hoy,0.40000000596046448,8.4008862430000004,11.730982851,23.308631446
714,H,hoy,0.40000000596046448,19.367685551000001,1.812359174,22.412036766
715,Si,sc4,1.1000000238418579,15.764732314,40.802261997000002,18.525987462
716,Si,sc4,1.1000000238418579,14.268368448,27.799248357,15.941492284000001
717,Si,sc4,1.1000000238418579,18.590032231999999,34.838750392999998,21.717772044
718,Si,sc4,1.1000000238418579,17.191391460999998,35.346085049000003,16.524937018999999
719,Si,sc4,1.1000000238418579,8.406316984,22.880193642999998,17.175711934999999
720,Si,sc4,1.1000000238418579,17.746888191,22.817091986000001,13.735738338999999
721,Si,sc4,1.1000000238418579,0.231022644,20.151317385999999,17.258079503000001
722,Si,sc4,1.1000000238418579,13.826719796000001,23.317506993999999,21.319955639
723,O,oc23,-0.55000001192092896,8.5725349150000003,40.464053710000002,15.976479381000001
724,O,oc23,-0.55000001192092896,14.250025543,26.716671664,10.447751904
725,O,oc23,-0.55000001192092896,12.520157594000001,33.192987952999999,6.4668088020000001
726,O,oc23,-0.55000001192092896,8.0591258210000003,23.592077734,11.202117909
727,O,oc23,-0.55000001192092896,16.609124686000001,38.912383171000002,12.048318007000001
728,O,oc23,-0.55000001192092896,2.037005121,39.730706857000001,20.12076952
729,O,oc23,-0.55000001192092896,3.805904607,25.988545416000001,16.557161903000001
730,O,oc23,-0.55000001192092896,8.1910765090000002,28.694426562,8.7116292709999996
731,O,oc23,-0.55000001192092896,17.933384601,38.435915281,14.236956923999999
732,O,oc23,-0.55000001192092896,16.423677164000001,34.522787712000003,9.4165837749999994
733,O,oc23,-0.55000001192092896,8.6027303610000008,23.049070588999999,2.1020164650000002
734,O,oc23,-0.55000001192092896,11.896367875999999,30.878390423999999,19.783319366000001
735,O,oc24,-0.67500001192092896,14.130894583,22.931777370999999,0.75379465700000003
736,O,oc23,-0.55000001192092896,19.109568844000002,23.089383341000001,12.718144173000001
737,O,oc23,-0.55000001192092896,0.068278321000000003,21.307435711,11.714503195000001
738,O,oc23,-0.55000001192092896,2.3117744309999999,33.930394729,7.541051865
739,Si,sc4,1.1000000238418579,7.3419262989999998,28.342628401999999,10.047197208
740,Si,sc4,1.1000000238418579,13.331855453999999,25.400666748999999,10.38830733
741,Si,sc4,1.1000000238418579,15.071197026,28.282717388999998,2.8767321579999998
742,Si,sc4,1.1000000238418579,14.646198402,28.227903505,9.9690788470000005
743,Si,sc4,1.1000000238418579,17.796596778000001,21.587224587000001,16.796002591000001
744,Si,sc4,1.1000000238418579,17.776076801999999,27.156802759000001,3.6977187919999999
745,Si,sc4,1.1000000238418579,2.4161413779999998,25.737217976,12.476234516
746,Si,sc4,1.1000000238418579,11.308699274,29.670274722999999,6.2689120679999997
747,O,oc23,-0.55000001192092896,13.511257158999999,23.472421167,19.759900356999999
748,O,oc23,-0.55000001192092896,18.532503251000001,25.011827976999999,6.3222767040000001
749,O,oc23,-0.55000001192092896,10.204477320000001,37.939851599999997,10.540200564999999
750,O,oc23,-0.55000001192092896,18.277955349999999,25.214554891999999,19.082448905
751,O,oc23,-0.55000001192092896,15.558722764000001,29.360653817999999,6.410919539
752,O,oc24,-0.67500001192092896,17.608407492000001,24.450425236000001,21.426709624000001
753,O,oc23,-0.55000001192092896,20.090064199,22.977434205000002,16.449344825000001
754,O,oc23,-0.55000001192092896,17.243075270999999,22.99143896,17.731841998
755,O,oc23,-0.55000001192092896,2.8634458189999998,24.438450442000001,11.613249012000001
756,O,oc23,-0.55000001192092896,10.736753161999999,31.238515868,6.3398551210000003
757,O,oc23,-0.55000001192092896,10.000121599,23.299318840000002,6.4221356219999999
758,O,oc23,-0.55000001192092896,12.833121164,29.658714811999999,6.4627010560000002
759,O,oc23,-0.55000001192092896,8.585233895,23.267540814,4.674069019
760,O,oc23,-0.55000001192092896,16.686005811000001,20.433758546,17.126678076000001
761,O,oc23,-0.55000001192092896,0.066106967000000003,37.825539114999998,15.416595072
762,Si,sc4,1.1000000238418579,17.524270665,34.005883593,12.050962724
763,Si,sc4,1.1000000238418579,1.4933764009999999,28.704660330999999,4.0134736819999999
764,Si,sc4,1.1000000238418579,13.843854017,38.372897588000001,18.302231299999999
765,Si,sc4,1.1000000238418579,14.747187103,32.601753184000003,11.612044853
766,Si,sc4,1.1000000238418579,0.47363012700000001,32.596574560999997,16.288503945999999
767,Si,sc4,1.1000000238418579,3.2807321809999999,33.366421199000001,6.4744294250000003
768,Si,sc4,1.1000000238418579,4.4010839239999999,40.315891256999997,21.704031335
769,Si,sc4,1.1000000238418579,11.234036071,21.945860898999999,16.851811822999998
770,O,oc23,-0.55000001192092896,3.3162171169999999,35.212507692000003,16.431284903000002
771,O,oc23,-0.55000001192092896,14.269255135,31.377810208,5.0207753310000003
772,O,oc23,-0.55000001192092896,19.917395553999999,26.882274001999999,7.3764035320000003
773,O,oc23,-0.55000001192092896,2.4079896760000001,37.639884123000002,13.840864264
774,O,oc23,-0.55000001192092896,17.277705357999999,27.299991561999999,6.894930445
775,O,oc23,-0.55000001192092896,16.821866096000001,37.844557033999997,4.3397356770000002
776,O,oc23,-0.55000001192092896,5.6343132550000004,39.880276948000002,3.6993721800000001
777,O,oc23,-0.55000001192092896,0.29228214699999999,41.180701542000001,3.8009563380000002
778,O,oc23,-0.55000001192092896,0.87270210500000001,25.694625839,12.803439997
779,O,oc23,-0.55000001192092896,14.692520032999999,37.180028819999997,14.745470116
780,O,oc23,-0.55000001192092896,-0.107358917,21.039619160000001,8.4321827809999998
781,O,oc23,-0.55000001192092896,14.701187467,26.232330884,15.985095994
782,O,oc23,-0.55000001192092896,18.934360283,27.101201092,12.476375933
783,O,oc23,-0.55000001192092896,7.9079857889999996,35.223694703,14.459012558
784,O,oc23,-0.55000001192092896,5.8957948619999998,22.280631587999999,10.422184546
785,O,oc23,-0.55000001192092896,10.336669505,24.887615110999999,17.468425631999999
786,Si,sc4,1.1000000238418579,13.708235229,38.874016415,22.574122889000002
787,Si,sc4,1.1000000238418579,16.245243846000001,29.958309389,16.310600948000001
788,Si,sc4,1.1000000238418579,0.52000420999999997,39.716082247999999,4.5005280089999999
789,Si,sc4,1.1000000238418579,14.776334864000001,29.901216120000001,19.974825315
790,Si,sc4,1.1000000238418579,13.944801869000001,24.855671624999999,15.992414523000001
791,Si,sc4,1.1000000238418579,1.6972925329999999,35.353997452000002,16.431237763999999
792,Si,sc4,1.1000000238418579,14.291467988000001,23.525911379,2.2594569930000001
793,Si,sc4,1.1000000238418579,14.256192709,34.697092705000003,2.3404321970000002
794,O,oc23,-0.55000001192092896,14.229666565,33.488480627000001,3.3769587099999998
795,O,oc23,-0.55000001192092896,8.9078729360000004,28.775881832,16.166404409999998
796,O,oc24,-0.67500001192092896,11.605697657,28.899514356000001,2.1824710280000001
797,O,oc23,-0.55000001192092896,-0.240597586,24.693795821999998,20.966451439
798,O,oc23,-0.55000001192092896,13.171604044,26.603188944999999,20.750274127000001
799,O,oc23,-0.55000001192092896,-0.20943615400000001,35.112945762999999,20.688302331999999
800,O,oc23,-0.55000001192092896,5.8036754430000004,36.739732265999997,8.3133219500000006
801,O,oc23,-0.55000001192092896,16.164574473999998,31.028291433,20.149500478
802,O,oc23,-0.55000001192092896,5.3982296070000002,34.816791254000002,14.928974371000001
803,O,oc23,-0.55000001192092896,4.1093660200000004,20.567169209999999,5.8935348210000003
804,O,oc23,-0.55000001192092896,8.6324830640000005,39.453278861000001,11.452998779
805,O,oc23,-0.55000001192092896,1.262578338,20.625796061999999,18.388211696999999
806,O,oc23,-0.55000001192092896,8.8163584579999998,33.480899141999998,21.011187193000001
807,O,oc23,-0.55000001192092896,10.330218791,38.053373831999998,19.232310585
808,O,oc23,-0.55000001192092896,1.336950935,36.758169842999997,17.212327795
809,O,oc23,-0.55000001192092896,14.267521408,32.083562434000001,10.092430032999999
810,Si,sc4,1.1000000238418579,10.005281931000001,37.444447285999999,9.0557846170000005
811,Si,sc4,1.1000000238418579,13.249734701,31.97969363,21.920609680999998
812,Si,sc4,1.1000000238418579,16.854924655000001,29.638911579999998,11.207405936000001
813,Si,sc4,1.1000000238418579,7.7938145140000001,31.612399113999999,8.0801799980000002
814,Si,sc4,1.1000000238418579,7.338620444,31.518556637,2.413828552
815,Si,sc4,1.1000000238418579,13.341369927000001,34.247473640999999,7.3437443709999997
816,Si,sc4,1.1000000238418579,14.286469856,30.384853080999999,6.3378083270000003
817,Si,sc4,1.1000000238418579,7.4005438159999999,36.290525615999996,8.4534536169999992
818,O,oc23,-0.55000001192092896,12.149504045,23.64453074,5.0507797500000002
819,O,oc23,-0.55000001192092896,13.70432443,29.866496872999999,18.680760055
820,O,oc23,-0.55000001192092896,2.8982173800000002,31.813177563,6.0707583119999997
821,O,oc23,-0.55000001192092896,7.8394104550000003,35.617835575999997,7.1139359300000002
822,O,oc23,-0.55000001192092896,2.6067013229999998,35.192287108000002,13.002571934000001
823,O,oc23,-0.55000001192092896,19.062078178,31.081406274999999,9.5421540189999998
824,O,oc23,-0.55000001192092896,1.6867664179999999,34.911586972999999,19.168026860000001
825,O,oc23,-0.55000001192092896,18.291298920999999,37.877453762000002,19.726589162
826,O,oc23,-0.55000001192092896,16.967966543999999,26.360769131000001,11.409583977
827,O,oc23,-0.55000001192092896,14.786010335,33.531984023,7.635922388
828,O,oc23,-0.55000001192092896,17.842434215000001,33.961219513000003,16.259183396000001
829,O,oc23,-0.55000001192092896,17.149262973999999,35.391245507000001,11.331890221
830,O,oc23,-0.55000001192092896,15.952397758,35.718143306000002,5.2772742030000002
831,O,oc23,-0.55000001192092896,13.445704734,35.685784937999998,6.6272644319999996
832,O,oc23,-0.55000001192092896,13.237760810999999,30.637173275999999,14.832724677
833,Si,sc4,1.1000000238418579,-0.43862454200000001,32.026345687999999,19.057588985999999
834,Si,sc4,1.1000000238418579,2.593361056,33.690377777000002,12.555037800999999
835,Si,sc4,1.1000000238418579,0.50007258200000004,35.878900408,19.433544084000001
836,Si,sc4,1.1000000238418579,14.938762144,38.377952733999997,9.3296359710000001
837,Si,sc4,1.1000000238418579,13.103834899000001,30.613929976000001,13.219079924000001
838,Si,sc4,1.1000000238418579,18.01058772,38.311287532999998,5.3212796520000003
839,Si,sc4,1.1000000238418579,-0.089699651000000005,26.721185981000001,13.508961051
840,Si,sc4,1.1000000238418579,18.315931542000001,33.315793182,14.904988989
841,O,oc23,-0.55000001192092896,8.8376852239999995,31.178523361,16.954269813
842,O,oc23,-0.55000001192092896,16.279672086000001,32.873960574999998,11.743210231999999
843,O,oc23,-0.55000001192092896,6.0669310269999999,26.192679968,7.5539936709999997
844,O,oc23,-0.55000001192092896,13.149593039000001,35.559127228000001,15.930821247000001
845,O,oc23,-0.55000001192092896,0.73865146500000001,23.415080944,10.668414823000001
846,O,oc23,-0.55000001192092896,15.690230108,35.282237592000001,16.179199522000001
847,O,oc23,-0.55000001192092896,3.2210339380000002,33.129928278000001,2.8227163239999999
848,O,oc23,-0.55000001192092896,12.766803400000001,35.292014496,2.3353791620000002
849,O,oc23,-0.55000001192092896,4.1382314339999997,27.985982537999998,14.989552396000001
850,O,oc23,-0.55000001192092896,5.2589823669999998,25.813452641000001,5.118370251
851,O,oc23,-0.55000001192092896,12.281292534,34.487653582999997,13.689183154
852,O,oc23,-0.55000001192092896,10.432013681000001,33.370523102999996,9.679764445
853,O,oc23,-0.55000001192092896,17.856061334,34.159555588000003,13.603911955999999
854,O,oc23,-0.55000001192092896,12.355472745,38.596464941999997,17.883286708
855,O,oc23,-0.55000001192092896,16.882176489999999,29.764077688,14.916674572
856,O,oc23,-0.55000001192092896,1.2921249889999999,37.272298200999998,19.709945524999998
857,Si,sc4,1.1000000238418579,7.2173935120000001,36.590535076000002,19.834028424
858,Si,sc4,1.1000000238418579,2.969832743,22.339050999000001,14.115375918
859,Si,sc4,1.1000000238418579,10.678377141,24.784988483999999,18.950267923999998
860,Si,sc4,1.1000000238418579,15.358641286999999,21.760949236999998,12.054031693000001
861,Si,sc4,1.1000000238418579,18.566891842,37.709653535000001,15.401863736999999
862,Si,sc4,1.1000000238418579,11.125911815,39.215252356999997,18.562249426000001
863,Si,sc4,1.1000000238418579,13.120162930999999,36.587386414000001,20.744914336000001
864,Si,sc4,1.1000000238418579,10.167589663999999,38.485012183000002,2.4321480910000002
865,O,oc23,-0.55000001192092896,2.51520682,38.616517598000001,16.031343718999999
866,O,oc23,-0.55000001192092896,5.6203641409999996,36.467855792999998,16.996055501000001
867,O,oc23,-0.55000001192092896,16.715273718999999,22.515590924000001,12.531312034999999
868,O,oc23,-0.55000001192092896,8.6698951649999998,27.686884337999999,6.3824177459999998
869,O,oc23,-0.55000001192092896,15.370776175,23.151282333000001,21.698649028999998
870,O,oc23,-0.55000001192092896,6.8824183359999997,26.879209304,9.9120422389999998
871,O,oc23,-0.55000001192092896,19.394029844999999,26.591174637999998,9.9777665209999995
872,O,oc23,-0.55000001192092896,-0.63326574400000002,36.264548536,18.340098810000001
873,O,oc23,-0.55000001192092896,17.704759705000001,39.039537258000003,21.994597034000002
874,O,oc23,-0.55000001192092896,12.400221646,26.427103415000001,13.12585206
875,O,oc23,-0.55000001192092896,11.974457683000001,31.411287277,8.8305893040000001
876,O,oc23,-0.55000001192092896,1.2046580520000001,33.409512182,11.739173150999999
877,O,oc23,-0.55000001192092896,13.196156166,37.354706712999999,22.120026564
878,O,oc23,-0.55000001192092896,8.5926115460000005,37.951742430000003,2.3060586129999998
879,O,oc23,-0.55000001192092896,0.80867014500000001,33.322959783999998,3.9002510799999999
880,O,oc24,-0.67500001192092896,4.1976956899999998,29.079827735999999,21.431856937999999
881,Si,sc4,1.1000000238418579,2.249842949,34.048890612000001,3.7518289039999999
882,Si,sc4,1.1000000238418579,19.101707599000001,36.619495358000002,7.7281726419999996
883,Si,sc4,1.1000000238418579,17.786679810999999,30.524352393000001,14.018701972000001
884,Si,sc4,1.1000000238418579,11.053909877000001,32.764621740999999,5.9295603860000003
885,Si,sc4,1.1000000238418579,10.058093925,32.962419457000003,3.1536514260000001
886,Si,sc4,1.1000000238418579,1.2805707129999999,40.676557529999997,7.4876083849999997
887,Si,sc4,1.1000000238418579,3.0550337750000001,27.143089410000002,9.9748628910000008
888,Si,sc4,1.1000000238418579,18.648891245000002,26.583425224999999,6.499859807
889,O,oc23,-0.55000001192092896,2.514017661,29.717838042,7.5193467500000004
890,O,oc23,-0.55000001192092896,16.207267653999999,31.869194112999999,3.2671582699999999
891,O,oc23,-0.55000001192092896,8.5177068469999995,32.286207855000001,3.424269528
892,O,oc23,-0.55000001192092896,8.0001454590000005,21.831797838,20.508835861000001
893,O,oc23,-0.55000001192092896,6.35276291,20.30038863,18.992242871999998
894,O,oc23,-0.55000001192092896,15.935222685999999,23.748234085,2.4999735840000001
895,O,oc23,-0.55000001192092896,8.4133720400000005,27.610442232,3.8825928969999999
896,O,oc23,-0.55000001192092896,2.1825374219999998,37.533982887000001,1.7008468489999999
897,O,oc23,-0.55000001192092896,14.271310858,31.015612821000001,7.7502080820000003
898,O,oc23,-0.55000001192092896,17.645657994,20.248475218999999,8.3270239640000003
899,O,oc24,-0.67500001192092896,14.753475618,34.071180669999997,0.959111673
900,O,oc23,-0.55000001192092896,7.4925016380000002,26.584958809,18.636684249000002
901,O,oc23,-0.55000001192092896,16.856052839,26.525420696000001,14.108647684999999
902,O,oc23,-0.55000001192092896,10.995573504999999,32.697047748999999,4.3789948460000003
903,O,oc23,-0.55000001192092896,1.237748375,35.721208003000001,14.956595801000001
904,O,oc23,-0.55000001192092896,15.110785597,39.012318,21.732832649999999
905,Si,sc4,1.1000000238418579,16.810739244000001,35.937816196999997,9.8508032100000005
906,Si,sc4,1.1000000238418579,0.097217076999999999,41.036436021,12.780799838
907,Si,sc4,1.1000000238418579,11.135546435,24.748402265999999,16.093243749999999
908,Si,sc4,1.1000000238418579,1.527224629,20.431686602999999,19.878009950999999
909,Si,sc4,1.1000000238418579,12.909316247,36.780375937000002,5.5371502079999999
910,Si,sc4,1.1000000238418579,0.32502663300000001,21.953526348,15.182286778
911,Si,sc4,1.1000000238418579,16.489027741000001,40.100735151999999,7.3529891840000001
912,Si,sc4,1.1000000238418579,11.320148120000001,40.4589146,21.260723543000001
913,O,oc23,-0.55000001192092896,17.051095333999999,30.560938611000001,12.569107781
914,O,oc23,-0.55000001192092896,5.3704527280000001,22.211109130000001,19.751968315999999
915,O,oc23,-0.55000001192092896,15.473538252000001,36.894480979999997,9.8800534029999998
916,O,oc23,-0.55000001192092896,1.41554461,40.189774376000003,12.988714432
917,O,oc23,-0.55000001192092896,0.57955722499999995,28.145991370000001,13.781962140999999
918,O,oc23,-0.55000001192092896,3.821421945,39.511614307999999,13.974083009999999
919,O,oc23,-0.55000001192092896,6.1280884599999998,38.121819572,1.5085374229999999
920,O,oc23,-0.55000001192092896,8.4964203309999995,37.477055077000003,8.6570241980000002
921,O,oc23,-0.55000001192092896,18.734036108000002,37.558967211999999,11.623352970999999
922,O,oc23,-0.55000001192092896,4.935093492,33.490303146000002,6.449619899
923,O,oc23,-0.55000001192092896,15.370452979,41.063615765000002,12.415042978000001
924,O,oc23,-0.55000001192092896,15.968039749000001,38.831300800999998,8.1631853509999992
925,O,oc23,-0.55000001192092896,1.630132235,39.163337710999997,3.4903712759999999
926,O,oc23,-0.55000001192092896,13.024093065000001,29.148688358000001,12.632329819000001
927,O,oc23,-0.55000001192092896,18.371646298000002,32.437143601000002,19.172749218
928,O,oc23,-0.55000001192092896,0.13632160400000001,38.378325635000003,21.464719254999999
929,Si,sc4,1.1000000238418579,3.1305917760000002,36.421823588999999,2.3464758579999998
930,Si,sc4,1.1000000238418579,4.9120333,29.293326780000001,14.578610202
931,Si,sc4,1.1000000238418579,17.283349883,24.625019165000001,2.444518247
932,Si,sc4,1.1000000238418579,18.610310712,37.817169847999999,21.351543089
933,Si,sc4,1.1000000238418579,4.334846658,24.939114874000001,17.758094281000002
934,Si,sc4,1.1000000238418579,18.431836543999999,25.468159246999999,20.666961665999999
935,Si,sc4,1.1000000238418579,-0.54086277599999999,22.652731826,11.305331533
936,Si,sc4,1.1000000238418579,4.1185176480000001,21.995827079000001,16.801975191
937,O,oc23,-0.55000001192092896,18.021996917999999,30.015568117000001,2.8389350050000002
938,O,oc24,-0.67500001192092896,2.2185103069999998,34.120359067000003,21.555609157999999
939,O,oc23,-0.55000001192092896,0.41596789499999998,22.388313361000002,2.9212329189999999
940,O,oc23,-0.55000001192092896,8.1811186920000001,21.977058584000002,6.916229424
941,O,oc23,-0.55000001192092896,15.91470271,33.192449594000003,5.3589811190000001
942,O,oc23,-0.55000001192092896,8.3105691129999997,24.522432050999999,17.190301149
943,O,oc23,-0.55000001192092896,12.641707121,40.074054254000004,22.090680686999999
944,O,oc23,-0.55000001192092896,12.177200425000001,27.794773551999999,18.877839681000001
945,O,oc23,-0.55000001192092896,14.166775404999999,35.354743253000002,20.527981390000001
946,O,oc23,-0.55000001192092896,11.127847388999999,20.623683371999999,15.972820115999999
947,O,oc23,-0.55000001192092896,19.882967314999998,32.958813929999998,15.006998102000001
948,O,oc23,-0.55000001192092896,19.115575013000001,20.878407663000001,17.488421776999999
949,O,oc24,-0.67500001192092896,1.4117308310000001,30.805220457000001,21.705684723000001
950,O,oc23,-0.55000001192092896,2.3912912890000002,20.467691245000001,7.7730227259999998
951,O,oc23,-0.55000001192092896,9.9637577850000003,27.002841828000001,12.556194468999999
952,O,oc23,-0.55000001192092896,6.3148666149999997,24.504866221,9.3998930000000005
953,Si,sc4,1.1000000238418579,3.0228183510000002,40.368801126999998,12.903844268
954,Si,sc4,1.1000000238418579,6.1802961129999998,30.304432548000001,5.7752113410000003
955,Si,sc4,1.1000000238418579,5.1750876379999999,20.605991594999999,4.7126443189999998
956,Si,sc4,1.1000000238418579,0.46097128399999998,29.665676441999999,13.230529811
957,Si,sc4,1.1000000238418579,3.150108221,30.292126836000001,6.1343951260000003
958,Si,sc4,1.1000000238418579,6.3078518089999998,25.339056694,6.1513675279999998
959,Si,sc4,1.1000000238418579,12.583129252999999,22.166403068000001,4.4643378089999999
960,Si,sc4,1.1000000238418579,2.376322424,23.559346466000001,10.378793312999999
961,O,oc23,-0.55000001192092896,1.697482065,27.386832896000001,17.903329992
962,O,oc23,-0.55000001192092896,17.594982219999999,29.603236621000001,8.0476814260000005
963,O,oc23,-0.55000001192092896,10.529858125000001,24.494383028000001,12.124618696000001
964,O,oc23,-0.55000001192092896,0.071261211000000005,28.813791723000001,9.1599663519999996
965,O,oc23,-0.55000001192092896,2.5733366879999999,22.693582937999999,6.6966054570000004
966,O,oc23,-0.55000001192092896,14.269658830999999,32.930142584000002,21.330483851
967,O,oc23,-0.55000001192092896,9.8431357960000003,22.274707163999999,17.561700635000001
968,O,oc23,-0.55000001192092896,18.357255040999998,22.767207300999999,7.5136478379999998
969,O,oc23,-0.55000001192092896,7.8543676060000003,39.555574569000001,13.823087177
970,O,oc23,-0.55000001192092896,18.765845133999999,27.096849764000002,5.0331215660000002
971,O,oc23,-0.55000001192092896,11.606786192,40.175396720999998,19.723071314999999
972,O,oc23,-0.55000001192092896,15.702364997,27.973884266999999,8.7640622490000002
973,O,oc23,-0.55000001192092896,0.22579099499999999,32.857844364000002,6.5086608439999996
974,O,oc23,-0.55000001192092896,3.918479724,23.554540743,13.5647935
975,O,oc23,-0.55000001192092896,13.076663563,24.734357998,11.831574673
976,O,oc23,-0.55000001192092896,1.7046297850000001,26.833053622000001,9.1731157119999995
977,Si,sc4,1.1000000238418579,5.8374590910000004,30.133814576999999,11.806597257
978,Si,sc4,1.1000000238418579,13.495211472999999,27.686262014,13.124907868999999
979,Si,sc4,1.1000000238418579,7.2480329030000004,25.757562037,17.272197325
980,Si,sc4,1.1000000238418579,17.801998606000002,28.675077725000001,18.279473646
981,Si,sc4,1.1000000238418579,10.304296988000001,31.005087646,12.487235525999999
982,Si,sc4,1.1000000238418579,1.723581837,36.270307500999998,13.596593428
983,Si,sc4,1.1000000238418579,9.8032642780000003,21.792438326999999,6.8830391549999996
984,Si,sc4,1.1000000238418579,7.748299072,32.277050805000002,12.529895047
985,O,oc23,-0.55000001192092896,6.6161794919999997,29.067107142000001,4.7967827710000002
986,O,oc23,-0.55000001192092896,4.1536721779999999,31.002934207999999,8.8142290299999999
987,O,oc23,-0.55000001192092896,7.9543074210000002,27.959506611999998,13.830594262
988,O,oc23,-0.55000001192092896,6.060158318,34.918341161000001,11.202377525999999
989,O,oc23,-0.55000001192092896,6.3211154819999997,29.169568308999999,15.410220733999999
990,O,oc23,-0.55000001192092896,13.482835089,38.167560369999997,8.6182601650000006
991,O,oc23,-0.55000001192092896,12.338862366000001,38.029965073,6.2661697749999998
992,O,oc23,-0.55000001192092896,4.9208623319999996,33.369238942000003,9.6054231970000004
993,O,oc23,-0.55000001192092896,17.388369529999999,36.05722334,17.932981217999998
994,O,oc23,-0.55000001192092896,17.302820971999999,29.848182773000001,17.484502894999999
995,O,oc23,-0.55000001192092896,16.722289126,27.656017572,17.999932877999999
996,O,oc23,-0.55000001192092896,3.7918590750000001,33.653132190999997,11.652367116000001
997,O,oc23,-0.55000001192092896,15.509499572999999,28.941899052,11.095032543
998,O,oc23,-0.55000001192092896,13.065456212999999,24.552056639,22.160490244999998
999,O,oc23,-0.55000001192092896,1.440805903,22.661723417000001,14.406579052
1000,O,oc23,-0.55000001192092896,10.340780949000001,38.781334622000003,15.308210917
1001,Si,sc4,1.1000000238418579,16.546798218999999,28.568307212000001,7.4688826229999998
1002,Si,sc4,1.1000000238418579,6.839483059,34.115884262999998,14.76225517
1003,Si,sc4,1.1000000238418579,4.209830578,22.088180424000001,20.882525466000001
1004,Si,sc4,1.1000000238418579,18.407366121999999,37.100976412000001,18.287477451000001
1005,Si,sc4,1.1000000238418579,17.230093344,24.681697550999999,18.041931747
1006,Si,sc4,1.1000000238418579,1.701021608,38.271431645,20.825133906000001
1007,Si,sc4,1.1000000238418579,15.665477340000001,26.988755577999999,18.915990024999999
1008,Si,sc4,1.1000000238418579,13.710290950999999,31.614471056999999,15.978792716999999
1009,O,oc23,-0.55000001192092896,12.583532948,31.636096809000001,17.169266535999999
1010,O,oc23,-0.55000001192092896,-0.026178481999999999,29.243069195,3.7691564099999999
1011,O,oc23,-0.55000001192092896,16.010289584999999,20.443205766999998,22.068347987999999
1012,O,oc23,-0.55000001192092896,6.4217010889999999,20.409355798,14.963937547
1013,O,oc23,-0.55000001192092896,3.7206672310000002,23.472670591,17.474634632000001
1014,O,oc23,-0.55000001192092896,14.827936974,27.297299765000002,12.601191246999999
1015,O,oc23,-0.55000001192092896,9.9535578709999992,36.796783552999997,13.613425620999999
1016,O,oc23,-0.55000001192092896,11.772519927999999,31.355769574,12.880307059
1017,O,oc23,-0.55000001192092896,14.239140188,26.709006215999999,18.464700942
1018,O,oc23,-0.55000001192092896,11.693664782000001,26.614748855999999,3.5349663150000001
1019,O,oc23,-0.55000001192092896,17.991478274999999,36.252904661000002,15.493839951
1020,O,oc23,-0.55000001192092896,4.3849580389999998,40.085073336999997,20.131676251999998
1021,O,oc23,-0.55000001192092896,15.216369936,31.194185176000001,16.481498647999999
1022,O,oc23,-0.55000001192092896,12.514836265,21.986008192,17.867210148000002
1023,O,oc23,-0.55000001192092896,2.3035905909999999,25.151618694,6.0337359800000003
1024,O,oc23,-0.55000001192092896,15.310505429999999,28.751603795000001,16.482136081
1025,Si,sc4,1.1000000238418579,19.423540451000001,30.626608589,3.3213387390000002
1026,Si,sc4,1.1000000238418579,16.826341587000002,34.436445225,5.6372230979999998
1027,Si,sc4,1.1000000238418579,5.8231068830000003,26.000352281000001,9.0721686360000007
1028,Si,sc4,1.1000000238418579,0.056308456999999999,33.810199803000003,10.68281548
1029,Si,sc4,1.1000000238418579,19.424628985999998,33.190293685999997,4.8479646269999996
1030,Si,sc4,1.1000000238418579,9.6257584989999998,23.748898391000001,10.970618967
1031,Si,sc4,1.1000000238418579,10.495389036000001,31.790556587000001,9.5151468060000006
1032,Si,sc4,1.1000000238418579,0.30009555799999998,30.035124396000001,10.209666498000001
1033,O,oc23,-0.55000001192092896,10.541830814000001,35.949003208000001,8.8828335500000009
1034,O,oc23,-0.55000001192092896,0.34573591599999998,33.287329276999998,9.1950712970000001
1035,O,oc23,-0.55000001192092896,9.9663781999999994,29.514034408000001,13.072758605000001
1036,O,oc23,-0.55000001192092896,18.288356511,37.122520668999996,6.3898046529999997
1037,O,oc24,-0.67500001192092896,8.0763405410000004,25.337730551,2.901945269
1038,O,oc23,-0.55000001192092896,7.4704095339999999,32.628767469000003,18.779535564
1039,O,oc23,-0.55000001192092896,6.0553199810000002,33.013089456000003,20.759481036
1040,O,oc23,-0.55000001192092896,7.0050557979999999,35.023205189999999,19.587586372000001
1041,O,oc23,-0.55000001192092896,1.7939270919999999,30.471030110000001,13.371869859
1042,O,oc24,-0.67500001192092896,15.004636564,27.020037227,1.86461528
1043,O,oc23,-0.55000001192092896,15.311029273000001,28.299371958999998,20.091425050000002
1044,O,oc23,-0.55000001192092896,13.967781262000001,22.000425360000001,7.9552141199999999
1045,O,oc23,-0.55000001192092896,12.674603481,34.434496758999998,8.7141081210000007
1046,O,oc23,-0.55000001192092896,-0.33251515799999998,35.072633011000001,7.476167995
1047,O,oc23,-0.55000001192092896,19.351537311000001,30.187097348000002,14.050005883000001
1048,O,oc23,-0.55000001192092896,16.982157153999999,34.448750937,7.0845653390000001
1049,Si,sc4,1.1000000238418579,2.5445277430000002,31.416673340999999,14.452190046
1050,Si,sc4,1.1000000238418579,12.924677093,34.958488455000001,12.273844348000001
1051,Si,sc4,1.1000000238418579,17.812238769,25.599457220000001,15.023122504
1052,Si,sc4,1.1000000238418579,4.4351901680000001,37.079516118999997,9.2565224510000004
1053,Si,sc4,1.1000000238418579,16.017182440999999,26.258102992000001,12.714390631000001
1054,Si,sc4,1.1000000238418579,4.6585339860000001,34.471994236999997,10.651605847000001
1055,Si,sc4,1.1000000238418579,0.71266455699999998,29.882571102,20.611011016999999
1056,Si,sc4,1.1000000238418579,7.4224346739999998,39.045091251000002,12.457490021
1057,O,oc23,-0.55000001192092896,6.1361113029999999,29.182204939999998,10.615155326
1058,O,oc23,-0.55000001192092896,10.812787246999999,39.060585138,12.741186068999999
1059,O,oc23,-0.55000001192092896,0.81243954500000004,32.635603152999998,19.814197618000001
1060,O,oc23,-0.55000001192092896,5.0528935190000004,31.300913706999999,11.145907642999999
1061,O,oc23,-0.55000001192092896,17.539549811000001,39.607820132999997,6.2169686090000003
1062,O,oc23,-0.55000001192092896,13.709000568,37.804824623000002,19.826804172999999
1063,O,oc23,-0.55000001192092896,6.6910439420000003,31.470494470999999,9.1852501719999999
1064,O,oc23,-0.55000001192092896,3.5078011689999999,28.662483076000001,9.6489087080000004
1065,O,oc23,-0.55000001192092896,3.9372302289999999,30.564168767999998,14.959003415
1066,O,oc23,-0.55000001192092896,14.114889746999999,37.228960264000001,4.617174179
1067,O,oc23,-0.55000001192092896,18.842564060000001,33.384070993000002,11.416453627999999
1068,O,oc23,-0.55000001192092896,3.393629593,21.683222970999999,15.49074706
1069,O,oc23,-0.55000001192092896,0.91353292500000005,34.057052437999999,16.753366992
1070,O,oc23,-0.55000001192092896,4.1652826230000004,25.370380324999999,19.339821610000001
1071,O,oc23,-0.55000001192092896,10.59686073,24.325382605000001,3.0631625580000001
1072,O,oc23,-0.55000001192092896,13.140843905000001,21.082500233000001,5.532403929
1073,Si,sc4,1.1000000238418579,4.972263796,29.183158182,19.947464910000001
1074,Si,sc4,1.1000000238418579,4.1049719290000004,26.374897362999999,15.000317007
1075,Si,sc4,1.1000000238418579,4.8314441260000001,33.186564683,2.6062561770000001
1076,Si,sc4,1.1000000238418579,18.060013960999999,38.712474,12.62423244
1077,Si,sc4,1.1000000238418579,16.74071253,30.714277219,2.211650863
1078,Si,sc4,1.1000000238418579,3.4601771399999999,21.446026232000001,7.1256430599999998
1079,Si,sc4,1.1000000238418579,3.3961614,38.313112521999997,14.765489478999999
1080,Si,sc4,1.1000000238418579,-0.31538213799999998,23.641962418999999,3.594859767
1081,O,oc23,-0.55000001192092896,19.387941976,38.675225945000001,4.5444391800000004
1082,O,oc23,-0.55000001192092896,18.906946249000001,40.073017047999997,12.418560825
1083,O,oc24,-0.67500001192092896,4.1070681999999996,31.688510302000001,21.802381886999999
1084,O,oc23,-0.55000001192092896,4.6451495639999996,20.880768541999998,21.855311409999999
1085,O,oc23,-0.55000001192092896,2.8166688290000002,32.825029131999997,13.810008527000001
1086,O,oc23,-0.55000001192092896,0.36551315499999998,23.932441927999999,7.3554939790000002
1087,O,oc23,-0.55000001192092896,17.377766522000002,25.502755016999998,16.595713281999998
1088,O,oc23,-0.55000001192092896,8.5350825649999997,35.507047123,11.888398803999999
1089,O,oc23,-0.55000001192092896,1.4418217499999999,27.23991509,4.6348802060000001
1090,O,oc23,-0.55000001192092896,-0.48438147999999998,21.190720365000001,14.080271326
1091,O,oc23,-0.55000001192092896,14.563028762,37.246652040000001,17.389811606999999
1092,O,oc23,-0.55000001192092896,14.379152767000001,23.700505308,17.105737740999999
1093,O,oc23,-0.55000001192092896,0.040810249,20.777272636999999,20.375522133
1094,O,oc23,-0.55000001192092896,11.317488057,21.410931614999999,3.7325876889999998
1095,O,oc23,-0.55000001192092896,1.334818319,39.639059799999998,8.6754619359999996
1096,Si,sc4,1.1000000238418579,1.5589644199999999,38.129527002000003,8.9445680670000005
1097,Si,sc4,1.1000000238418579,10.230077128,41.169183613000001,3.9599081329999999
1098,Si,sc4,1.1000000238418579,4.6577680460000002,35.818490548,15.865923306999999
1099,Si,sc4,1.1000000238418579,18.331654031999999,27.117939625999998,11.062784089999999
1100,Si,sc4,1.1000000238418579,2.1257096510000002,39.080183398000003,1.977460768
1101,Si,sc4,1.1000000238418579,11.724021226,25.34063226,2.5904624520000001
1102,Si,sc4,1.1000000238418579,6.814649191,21.755397714000001,19.370464869999999
1103,Si,sc4,1.1000000238418579,18.659655252,21.588881647000001,8.5427620730000005
1104,O,oc23,-0.55000001192092896,2.6089066280000002,29.638951091999999,4.7663055539999997
1105,O,oc23,-0.55000001192092896,4.1612108269999997,23.507473802,21.534763805000001
1106,O,oc23,-0.55000001192092896,10.334411935,23.306776847999998,19.698519559000001
1107,O,oc23,-0.55000001192092896,2.5312884000000002,24.186419183999998,8.8419683080000002
1108,O,oc23,-0.55000001192092896,7.5178599500000001,37.428000157,12.825796616
1109,O,oc23,-0.55000001192092896,2.7158777700000001,21.617552993,20.281020105
1110,O,oc23,-0.55000001192092896,3.1199488180000001,21.164370385000002,13.018224241
1111,O,oc24,-0.67500001192092896,18.604948533000002,27.443138382000001,2.259338794
1112,O,oc23,-0.55000001192092896,14.31231116,31.444018544999999,12.597814818
1113,O,oc23,-0.55000001192092896,14.038492817,34.030122116999998,11.732988073
1114,O,oc23,-0.55000001192092896,10.025882405000001,26.042904905,19.616458044000002
1115,O,oc23,-0.55000001192092896,13.968789298000001,28.202753721000001,14.51368834
1116,O,oc23,-0.55000001192092896,17.586718481999998,31.986114431000001,14.640226695000001
1117,O,oc23,-0.55000001192092896,0.49650071200000001,36.391453200000001,12.705892216000001
1118,O,oc23,-0.55000001192092896,10.564004018,21.222498390999998,21.469913003999999
1119,Si,sc4,1.1000000238418579,19.269698904999998,23.65497195,6.5485392429999996
1120,Si,sc4,1.1000000238418579,8.4827944130000006,36.285223516000002,13.295215274
1121,Si,sc4,1.1000000238418579,16.993485852999999,32.592722080000001,20.062411257000001
1122,Si,sc4,1.1000000238418579,13.939359190999999,24.082384919999999,12.99194874
1123,Si,sc4,1.1000000238418579,1.9366010870000001,25.700676209000001,4.4462068270000001
1124,Si,sc4,1.1000000238418579,10.956145931,21.374224389999998,9.783827981
1125,Si,sc4,1.1000000238418579,1.0933650580000001,38.194201755999998,16.568092556
1126,Si,sc4,1.1000000238418579,0.021665040999999999,36.901771058999998,11.303112475000001
1127,O,oc23,-0.55000001192092896,2.9801329810000001,25.852730655999999,14.002577569
1128,O,oc23,-0.55000001192092896,2.7184053709999998,26.997413781999999,11.570613061
1129,O,oc23,-0.55000001192092896,3.5179482179999999,39.833624888999999,11.541339299000001
1130,O,oc23,-0.55000001192092896,4.9281594850000001,38.109390382000001,10.322583047
1131,O,oc23,-0.55000001192092896,14.191810520000001,38.863120809999998,12.835381342
1132,O,oc23,-0.55000001192092896,14.808264037000001,39.452863978000003,10.474688409000001
1133,O,oc23,-0.55000001192092896,13.710975790999999,22.425270009999998,3.2984150419999998
1134,O,oc23,-0.55000001192092896,6.0399200879999997,39.725402287000001,12.015314271999999
1135,O,oc23,-0.55000001192092896,0.46955833200000002,39.372485427000001,17.466537251999998
1136,O,oc23,-0.55000001192092896,16.778930217999999,30.630169664,10.010770256000001
1137,O,oc23,-0.55000001192092896,0.023408816999999998,29.559320810999999,11.727038690000001
1138,O,oc23,-0.55000001192092896,17.22670759,25.764150767,3.472617407
1139,O,oc23,-0.55000001192092896,13.583218247,24.254492023000001,14.550351339000001
1140,O,oc23,-0.55000001192092896,16.101964459000001,25.435262518999998,19.004897270000001
1141,O,oc23,-0.55000001192092896,1.666298557,31.748048413999999,15.693515044
1142,O,oc23,-0.55000001192092896,0.580028879,37.434381446000003,7.9079157909999997
1143,Si,sc4,1.1000000238418579,4.8020143190000004,32.125327276,20.373279153999999
1144,Si,sc4,1.1000000238418579,15.246203739,39.576580466999999,11.974166018
1145,Si,sc4,1.1000000238418579,16.414001692999999,39.895812816999999,21.397270875
1146,Si,sc4,1.1000000238418579,7.0571829519999998,28.410743223000001,3.4181315890000001
1147,Si,sc4,1.1000000238418579,13.867800597,22.457378953999999,9.4947257060000005
1148,Si,sc4,1.1000000238418579,7.3648251939999998,39.852059996999998,15.222018746
1149,Si,sc4,1.1000000238418579,6.5523211449999996,21.990152079000001,15.273342019999999
1150,O,oc23,-0.55000001192092896,5.2012112879999997,38.976354106000002,17.861166487999999
1151,O,oc23,-0.55000001192092896,11.383080131,23.246203997999999,15.975156670000001
1152,O,oc23,-0.55000001192092896,15.361059854000001,24.854261519000001,12.740359376000001
1153,O,oc23,-0.55000001192092896,12.763699991999999,40.422869210999998,7.5527472979999999
1154,O,oc23,-0.55000001192092896,5.8903924339999998,24.940687969999999,17.400718339000001
1155,O,oc23,-0.55000001192092896,5.6207672349999998,22.288047613,16.376207383000001
1156,O,oc23,-0.55000001192092896,17.841708525000001,28.948944646000001,19.851379851000001
1157,O,oc23,-0.55000001192092896,5.7615866039999997,24.377917106000002,11.905325627
1158,O,oc23,-0.55000001192092896,5.8266548360000003,27.207722181000001,3.0563871850000002
1159,O,oc23,-0.55000001192092896,1.018270676,39.787427225999998,6.0328941470000004
1160,O,oc23,-0.55000001192092896,19.608907474999999,28.713898875999998,21.506457803
1161,O,oc23,-0.55000001192092896,-0.41661353699999998,30.676325344999999,19.818943897
1162,O,oc23,-0.55000001192092896,8.9181130989999993,33.837295583,17.186216929
1163,O,oc23,-0.55000001192092896,11.028994909,37.161633225000003,2.3906698629999998
1164,O,oc23,-0.55000001192092896,13.646189906,28.513285885999998,3.6408717959999999
1165,O,oc23,-0.55000001192092896,5.7612640089999996,31.845039552999999,2.7200233410000001
1166,Si,sc4,1.1000000238418579,16.558489763000001,21.96272291,22.038602482999998
1167,Si,sc4,1.1000000238418579,12.953542507,26.492938851000002,19.270059894999999
1168,Si,sc4,1.1000000238418579,1.961664737,24.027610547999998,7.2548985119999996
1169,Si,sc4,1.1000000238418579,8.7902750570000006,26.680915210999999,5.2172625520000002
1170,Si,sc4,1.1000000238418579,6.5046688809999997,23.717700706999999,10.708123221999999
1171,Si,sc4,1.1000000238418579,10.856367113999999,25.783331674999999,13.154252339999999
1172,Si,sc4,1.1000000238418579,15.057207062,32.471408453000002,4.1897783119999996
1173,Si,sc4,1.1000000238418579,4.9999196269999997,25.796548647000002,3.593821299
1174,O,oc23,-0.55000001192092896,14.594675589,39.754695957999999,18.073234955
1175,O,oc23,-0.55000001192092896,5.3236475030000001,30.687015979000002,19.717145854000002
1176,O,oc23,-0.55000001192092896,2.2108464040000002,35.512598646999997,3.2439995810000002
1177,O,oc23,-0.55000001192092896,7.205742818,30.805884763000002,12.276228744999999
1178,O,oc23,-0.55000001192092896,17.338701793999999,24.200216497,14.395908718999999
1179,O,oc23,-0.55000001192092896,10.612624070000001,39.621864401000003,3.5601329910000001
1180,O,oc23,-0.55000001192092896,17.881902639,21.798073814999999,15.141515636999999
1181,O,oc23,-0.55000001192092896,10.981262747000001,40.422330850999998,10.508589546
1182,O,oc23,-0.55000001192092896,3.093522396,37.608725950999997,21.670178392
1183,O,oc23,-0.55000001192092896,18.982576639000001,31.840772189999999,4.2293442380000004
1184,O,oc23,-0.55000001192092896,13.531736284999999,29.384020594999999,9.5337734530000002
1185,O,oc24,-0.67500001192092896,2.0416049649999999,28.461371239999998,2.4863749949999998
1186,O,oc23,-0.55000001192092896,7.2765354719999999,30.590810153,6.921916639
1187,O,oc23,-0.55000001192092896,10.683134978,21.457917062,8.1662495719999999
1188,O,oc23,-0.55000001192092896,9.9939934810000004,22.230870379999999,10.649882454
1189,O,oc23,-0.55000001192092896,11.488946817,24.936546554,7.3952307839999998
1190,Si,sc4,1.1000000238418579,12.170588713000001,32.107551534999999,18.666218684
1191,Si,sc4,1.1000000238418579,12.601553858000001,26.068136184,22.107183609
1192,Si,sc4,1.1000000238418579,5.3719846069999999,24.157335423999999,13.433344934000001
1193,Si,sc4,1.1000000238418579,7.5410405899999997,34.676874589999997,10.931099476
1194,Si,sc4,1.1000000238418579,12.329308244,38.814685744000002,7.6944676249999997
1195,Si,sc4,1.1000000238418579,17.655413963000001,30.943645519,8.8288894809999992
1196,Si,sc4,1.1000000238418579,9.0486929059999994,28.221149316000002,12.706270032999999
1197,Si,sc4,1.1000000238418579,12.036541453,28.205613447000001,3.5885557860000001
1198,O,oc23,-0.55000001192092896,5.0016530530000001,40.742020066000002,9.8220726040000006
1199,O,oc23,-0.55000001192092896,4.4557104440000002,37.103712661000003,14.908482914
1200,O,oc23,-0.55000001192092896,11.114139772,34.064011598999997,16.074215717000001
1201,O,oc23,-0.55000001192092896,7.7572891019999997,33.132249645000002,11.210286349
1202,O,oc23,-0.55000001192092896,10.036808009,24.397473384000001,9.5402181479999992
1203,O,oc23,-0.55000001192092896,16.542605074000001,40.262361532,19.819439208999999
1204,O,oc23,-0.55000001192092896,18.005629237000001,28.651172588000001,10.878572044
1205,O,oc23,-0.55000001192092896,17.772891694999998,21.887318011000001,20.927828296000001
1206,O,oc23,-0.55000001192092896,9.7293273659999997,26.618062977000001,8.4994888639999999
1207,O,oc23,-0.55000001192092896,-0.15706630199999999,31.844335735000001,17.526501061000001
1208,O,oc23,-0.55000001192092896,5.3591246300000002,25.589346928000001,14.342035709999999
1209,O,oc23,-0.55000001192092896,7.6945192909999998,35.131840205000003,9.4343840799999992
1210,O,oc23,-0.55000001192092896,17.984101225,26.884138502999999,21.210107356000002
1211,O,oc23,-0.55000001192092896,13.868082942999999,24.08640286,9.4997308979999993
1212,O,oc23,-0.55000001192092896,7.2815750550000002,22.534401402,18.107821016999999
1213,O,oc23,-0.55000001192092896,5.1678709840000003,29.347436846000001,13.009512645999999
1214,Si,sc4,1.1000000238418579,5.0726878050000002,40.389226682999997,18.666477597
1215,Si,sc4,1.1000000238418579,9.2742942930000005,29.709221821,17.442433669
1216,Si,sc4,1.1000000238418579,13.84736112,22.721385006999999,18.329617034000002
1217,Si,sc4,1.1000000238418579,8.324558476,34.145093967999998,6.6309826640000002
1218,Si,sc4,1.1000000238418579,7.5222140919999996,37.191796173,1.4222038349999999
1219,Si,sc4,1.1000000238418579,15.545420043,36.750669854000002,4.1783509380000003
1220,Si,sc4,1.1000000238418579,18.119235819,28.398933887999998,21.240632416
1221,Si,sc4,1.1000000238418579,16.277132170000002,33.615968101,8.1287980480000002
1222,O,oc23,-0.55000001192092896,0.79610400299999995,20.740935842999999,15.96736675
1223,O,oc24,-0.67500001192092896,10.782550949999999,32.327723272999997,1.950264998
1224,O,oc24,-0.67500001192092896,10.174402022000001,39.309964110999999,21.765151810999999
1225,O,oc23,-0.55000001192092896,5.3144958750000004,33.901143040999997,3.9264562249999999
1226,O,oc23,-0.55000001192092896,13.271060865999999,33.285464775000001,19.044746030999999
1227,O,oc23,-0.55000001192092896,8.3796688899999996,29.200188122,18.765630218999998
1228,O,oc23,-0.55000001192092896,4.6878832939999997,29.990586262000001,6.3593316130000002
1229,O,oc23,-0.55000001192092896,10.480431885,25.385419815999999,14.755550857999999
1230,O,oc23,-0.55000001192092896,8.5533852199999991,27.515811972000002,20.732496337000001
1231,O,oc23,-0.55000001192092896,18.088999522999998,36.337634539,21.760831895999999
1232,O,oc23,-0.55000001192092896,15.848908788999999,33.472156974999997,19.418483477999999
1233,O,oc23,-0.55000001192092896,3.3200993799999998,25.635421114,3.4815175589999998
1234,O,oc23,-0.55000001192092896,10.20145321,34.563268393000001,2.9393160589999998
1235,O,oc23,-0.55000001192092896,6.1376834320000002,31.709516198999999,5.0083573320000001
1236,O,oc23,-0.55000001192092896,7.3841761349999997,29.793410869999999,2.3707447789999998
1237,O,oc23,-0.55000001192092896,4.2424451919999999,26.154562636000001,9.5175312030000008
1238,Si,sc4,1.1000000238418579,5.9705385639999999,33.295780039,5.2529349249999999
1239,Si,sc4,1.1000000238418579,9.9029625970000001,32.423884647000001,21.750113720000002
1240,Si,sc4,1.1000000238418579,2.9661195880000002,30.018509338000001,9.010953529
1241,Si,sc4,1.1000000238418579,5.1925036049999997,31.827513236000001,9.6072644379999996
1242,Si,sc4,1.1000000238418579,2.0768844479999999,33.601839869000003,19.959149790000001
1243,Si,sc4,1.1000000238418579,2.532683311,28.237184031999998,19.009594299
1244,Si,sc4,1.1000000238418579,7.3640184040000003,33.536708251,20.092818117
1245,Si,sc4,1.1000000238418579,13.744599042999999,37.509909821999997,13.539911066
1246,O,oc23,-0.55000001192092896,13.794830271,30.495061192000001,21.225688602999998
1247,O,oc23,-0.55000001192092896,7.91318637,22.343607298999999,15.784428868999999
1248,O,oc23,-0.55000001192092896,7.7254806770000002,33.094463230999999,7.7724113240000001
1249,O,oc23,-0.55000001192092896,3.568696681,32.963165257999997,19.665727599
1250,O,oc23,-0.55000001192092896,10.240921632999999,30.964485958000001,10.87382682
1251,O,oc23,-0.55000001192092896,6.2077503959999998,28.376105470999999,20.071193210000001
1252,O,oc23,-0.55000001192092896,18.314158165999999,38.126956212000003,16.977216727999998
1253,O,oc23,-0.55000001192092896,19.366615810999999,25.857578361000002,14.637109883000001
1254,O,oc23,-0.55000001192092896,7.6465846800000001,25.601405686,5.3901675339999997
1255,O,oc23,-0.55000001192092896,7.4084453110000004,33.816208191000001,5.4046146269999999
1256,O,oc23,-0.55000001192092896,14.936786919999999,21.521804031999999,18.694972155999999
1257,O,oc23,-0.55000001192092896,18.568906714000001,22.184052862000001,10.061645356
1258,O,oc23,-0.55000001192092896,10.905107313,38.562158107999998,8.2323163170000004
1259,O,oc23,-0.55000001192092896,10.281881086,39.947727463,17.559292318000001
1260,O,oc23,-0.55000001192092896,9.8153186679999997,30.965604659,21.347482086999999
1261,O,oc23,-0.55000001192092896,10.967394132000001,29.727948334000001,17.740151855000001
1262,Si,sc4,1.1000000238418579,8.0138524760000003,32.598935439999998,17.286668339999999
1263,Si,sc4,1.1000000238418579,13.498920423,30.954459629999999,9.1084066789999998
1264,Si,sc4,1.1000000238418579,7.624210229,27.967130078,19.527574721000001
1265,Si,sc4,1.1000000238418579,8.0433630820000008,21.523668533999999,1.9753599100000001
1266,Si,sc4,1.1000000238418579,10.065431327000001,27.141970708999999,20.754523685999999
1267,Si,sc4,1.1000000238418579,12.508426400999999,34.287993835000002,15.289513561
1268,Si,sc4,1.1000000238418579,12.443156322,29.032222436000001,17.958288608
1269,Si,sc4,1.1000000238418579,6.2969670549999996,37.866019797,17.330154554
1270,O,oc23,-0.55000001192092896,11.820131943,35.151477978000003,11.107969775999999
1271,O,oc23,-0.55000001192092896,9.9494458259999998,33.872721118000001,6.3744595420000003
1272,O,oc23,-0.55000001192092896,3.2534431009999998,22.203940058000001,10.340619398999999
1273,O,oc23,-0.55000001192092896,4.2637314079999999,37.374593910000002,2.985492722
1274,O,oc23,-0.55000001192092896,1.1130144909999999,37.769979429999999,10.473956697
1275,O,oc23,-0.55000001192092896,1.807888071,30.558370290999999,9.8984911409999992
1276,O,oc23,-0.55000001192092896,18.178821723999999,34.240719452,4.8532765759999998
1277,O,oc23,-0.55000001192092896,11.903946774,25.897313241999999,9.8613089079999998
1278,O,oc23,-0.55000001192092896,12.912219007999999,28.243562851,16.708535553000001
1279,O,oc23,-0.55000001192092896,4.528035279,21.878037484,8.2135881800000003
1280,O,oc23,-0.55000001192092896,6.9275306839999997,38.468565054000003,15.971780944000001
1281,O,oc23,-0.55000001192092896,18.172410659000001,36.360754362000002,9.1117827570000003
1282,O,oc23,-0.55000001192092896,3.135421402,37.743587468000001,8.5302499709999999
1283,O,oc23,-0.55000001192092896,9.2367608440000009,31.95425491,13.011071052
1284,O,oc24,-0.67500001192092896,13.078275940999999,21.970761259,21.752617019999999
1285,O,oc23,-0.55000001192092896,10.943447552,26.466670366999999,21.975427583999998
1286,Si,sc4,1.1000000238418579,10.082645447000001,40.145317736999999,16.043312840999999
1287,Si,sc4,1.1000000238418579,10.229351438,36.575703025000003,19.620683681999999
1288,Si,sc4,1.1000000238418579,5.0214073900000002,38.787631945999998,2.574574449
1289,Si,sc4,1.1000000238418579,14.416928314,33.835929927999999,20.050678533999999
1290,Si,sc4,1.1000000238418579,0.049769401999999997,20.892575406999999,2.413993187
1291,Si,sc4,1.1000000238418579,0.150122965,27.258063731,8.9422781249999996
1292,Si,sc4,1.1000000238418579,10.384401667000001,34.21615001,17.479096668
1293,Si,sc4,1.1000000238418579,9.3511742160000004,28.036694519000001,7.745647194
1294,O,oc23,-0.55000001192092896,5.6312891440000001,24.290041035000002,3.0840557529999999
1295,O,oc23,-0.55000001192092896,10.275592571000001,35.685577496999997,18.240120198
1296,O,oc24,-0.67500001192092896,-1.205453353,20.86187657,1.3523239199999999
1297,O,oc23,-0.55000001192092896,1.7437876269999999,29.492033286000002,19.501676332999999
1298,O,oc23,-0.55000001192092896,6.3120047039999996,22.985968931999999,13.966174187
1299,O,oc23,-0.55000001192092896,-0.13267637900000001,35.468680366999997,10.459248930999999
1300,O,oc23,-0.55000001192092896,10.627258024,28.585460629,20.318910128999999
1301,O,oc23,-0.55000001192092896,4.0876767090000001,20.728257230000001,17.857199764000001
1302,O,oc23,-0.55000001192092896,10.86342217,33.054854296999999,18.416022386000002
1303,O,oc23,-0.55000001192092896,8.4175243349999995,28.535494449000002,11.219516827
1304,O,oc23,-0.55000001192092896,15.313932034,35.828558858000001,2.8924541179999999
1305,O,oc23,-0.55000001192092896,12.479198140999999,21.900823919,10.060960783000001
1306,O,oc23,-0.55000001192092896,3.7614575760000002,39.472667209999997,1.9406556479999999
1307,O,oc23,-0.55000001192092896,6.378523715,23.760001438,6.2654955350000003
1308,O,oc23,-0.55000001192092896,6.5809042130000002,21.327653825999999,5.0197354560000003
1309,O,oc23,-0.55000001192092896,2.9289492840000002,34.173392413999998,5.1615722230000003
1310,Si,sc4,1.1000000238418579,5.2237875870000003,22.683722070000002,2.5303100870000002
1311,Si,sc4,1.1000000238418579,9.0210770240000002,24.020110557999999,3.2403635350000002
1312,Si,sc4,1.1000000238418579,11.377556953999999,34.752321471999998,9.6118207529999999
1313,Si,sc4,1.1000000238418579,10.827340702000001,25.519204615,8.7763147329999995
1314,Si,sc4,1.1000000238418579,10.9959772,24.422707131999999,5.9356940590000002
1315,Si,sc4,1.1000000238418579,13.819301895000001,20.704268128999999,6.9462043810000003
1316,Si,sc4,1.1000000238418579,10.978601482,30.041836602,20.862316140000001
1317,Si,sc4,1.1000000238418579,11.41529165,35.754312171999999,3.1158317590000002
1318,O,oc23,-0.55000001192092896,10.259426737,25.799946732999999,5.2777695160000002
1319,O,oc23,-0.55000001192092896,11.823720745999999,36.047401983999997,4.6075423149999999
1320,O,oc23,-0.55000001192092896,13.514240419,36.324625007999998,12.500857332000001
1321,O,oc23,-0.55000001192092896,3.9607055299999998,35.744535268,9.9775304739999999
1322,O,oc23,-0.55000001192092896,8.6645732350000007,20.907283980999999,3.4225218609999999
1323,O,oc23,-0.55000001192092896,12.13116114,25.191726473999999,18.921183773999999
1324,O,oc23,-0.55000001192092896,8.765158842,36.545125194999997,20.402246511000001
1325,O,oc23,-0.55000001192092896,13.29395976,24.784282195999999,2.3029192859999998
1326,O,oc23,-0.55000001192092896,16.356431861000001,28.012621454000001,3.813515051
1327,O,oc23,-0.55000001192092896,4.6036656679999997,21.709242031999999,3.6668869759999998
1328,O,oc23,-0.55000001192092896,11.226779167,28.933863171999999,4.7783928749999998
1329,O,oc24,-0.67500001192092896,3.5932160629999998,35.518565053000003,1.0933695910000001
1330,O,oc23,-0.55000001192092896,12.366921591000001,37.668925899999998,14.271991160000001
1331,O,oc23,-0.55000001192092896,11.534099414,36.231775286000001,20.577369144999999
1332,O,oc23,-0.55000001192092896,7.0385577010000002,33.032023410000001,16.047656677999999
1333,Si,sc4,1.1000000238418579,4.8183417510000002,39.615567077000001,10.851989435
1334,Si,sc4,1.1000000238418579,0.633139589,33.774776737000003,7.6979049130000003
1335,Si,sc4,1.1000000238418579,10.860519409,38.050640053000002,14.013437162000001
1336,Si,sc4,1.1000000238418579,7.3706301160000001,22.577697357000002,5.6778288999999997
1337,Si,sc4,1.1000000238418579,14.549563842,36.334401913000001,16.076718313000001
1338,Si,sc4,1.1000000238418579,10.188229786999999,39.255979992,11.315411922999999
1339,Si,sc4,1.1000000238418579,7.6105434619999999,28.166831808000001,15.399833235999999
1340,Si,sc4,1.1000000238418579,4.6396263879999999,21.63031557,9.7501628910000004
1341,O,oc23,-0.55000001192092896,12.521367478,25.278856744999999,16.396203528000001
1342,O,oc23,-0.55000001192092896,10.676442767999999,28.834590178999999,7.3778600970000001
1343,O,oc23,-0.55000001192092896,7.2741974039999997,26.692929518,15.957946659999999
1344,O,oc23,-0.55000001192092896,6.8415796320000002,33.056758311000003,13.560496801999999
1345,O,oc23,-0.55000001192092896,15.111511287000001,21.962806874999998,10.432170657
1346,O,oc23,-0.55000001192092896,10.061279033,41.417527849999999,5.6216657730000001
1347,O,oc23,-0.55000001192092896,13.554676028999999,33.078470496999998,15.470326663
1348,O,oc23,-0.55000001192092896,9.3506906220000001,31.360160413999999,8.5177378699999995
1349,O,oc23,-0.55000001192092896,14.177619910000001,22.534235942999999,12.649421630000001
1350,O,oc23,-0.55000001192092896,15.242050243,40.803961039999997,6.6666352499999997
1351,O,oc23,-0.55000001192092896,4.0069869120000003,28.628425665999998,18.870142632
1352,O,oc23,-0.55000001192092896,18.618978146,23.808394522,2.7698585659999999
1353,O,oc23,-0.55000001192092896,17.172927207000001,32.277423704999997,8.0665465829999992
1354,O,oc23,-0.55000001192092896,7.3064089240000003,37.455053956,18.463874952000001
1355,O,oc23,-0.55000001192092896,17.62723459,33.487984249,21.288887423999999
1356,O,oc23,-0.55000001192092896,0.69914294300000002,24.968075156000001,3.7084848109999999
1357,O,oc24,-0.67500001192092896,19.140852826,34.404086857000003,23.142104577000001
1358,H,hoy,0.40000000596046448,14.764944333000001,22.259682374,0.620361685
1359,Si,sc4,1.1000000238418579,20.269062209000001,23.831180957000001,17.875378588
1360,O,oc23,-0.55000001192092896,5.1650487209999998,39.130606442999998,22.239198548000001
1361,O,oc23,-0.55000001192092896,5.8223006939999999,37.178537218999999,20.578525812999999
1362,O,oc24,-0.67500001192092896,14.005757453999999,38.740315580999997,24.179694887
1363,H,hoy,0.40000000596046448,11.636875120999999,28.240706243999998,1.506842647
1364,O,oc24,-0.67500001192092896,13.598740091,31.826974877000001,23.499150544999999
1365,O,oc23,-0.55000001192092896,7.664000648,32.588620175999999,1.146959061
1366,O,oc24,-0.67500001192092896,10.454146035000001,39.151819781999997,0.94683579500000004
1367,H,hoy,0.40000000596046448,4.4519076609999999,29.838063312999999,21.937061821
1368,H,hoy,0.40000000596046448,14.428996777,33.192504778,0.92598983199999996
1369,O,oc24,-0.67500001192092896,17.475328618999999,25.443631787000001,0.99799373000000002
1370,H,hoy,0.40000000596046448,1.3634115979999999,34.284386724000001,21.916070250000001
1371,H,hoy,0.40000000596046448,2.2632282130000001,30.439929025000001,21.881171074000001
1372,O,oc24,-0.67500001192092896,20.318365899,31.081697681000001,2.0936819820000001
1373,H,hoy,0.40000000596046448,15.817544566,26.939277336,1.416746176
1374,O,oc24,-0.67500001192092896,17.131281713,31.330911195999999,0.76455926799999996
1375,O,oc23,-0.55000001192092896,15.528648667000001,29.591844638000001,2.071042528
1376,O,oc24,-0.67500001192092896,1.0077888660000001,39.704603831,0.95571202600000005
1377,O,oc24,-0.67500001192092896,11.287171260999999,25.877964405,1.165090044
1378,H,hoy,0.40000000596046448,18.161173751,27.012101297000001,1.547269607
1379,H,hoy,0.40000000596046448,2.9094005119999999,28.806080154,2.4323559640000001
1380,O,oc24,-0.67500001192092896,13.281987071,26.848757419999998,23.304409583999998
1381,O,oc23,-0.55000001192092896,7.5214481519999996,35.479371000999997,1.505492375
1382,O,oc24,-0.67500001192092896,8.0342517030000007,37.488945907000002,-0.047622900000000003
1383,O,oc24,-0.67500001192092896,16.983810383000002,29.046931009000001,22.274869514999999
1384,H,hoy,0.40000000596046448,10.145984653999999,32.138196141000002,1.282540816
1385,H,hoy,0.40000000596046448,9.6993228580000004,39.672125033,22.486626898000001
1386,O,oc24,-0.67500001192092896,9.5059829479999998,32.490757289999998,23.309886167999998
1387,O,oc23,-0.55000001192092896,11.655406243,32.623297440999998,21.608939715000002
1388,O,oc24,-0.67500001192092896,2.5477248650000002,27.382565533000001,20.350922533999999
1389,O,oc24,-0.67500001192092896,8.5096035049999994,20.868047947000001,0.56410532400000002
1390,O,oc23,-0.55000001192092896,6.5134979130000001,21.854171860000001,1.8866172999999999
1391,H,hoy,0.40000000596046448,-1.9044552910000001,20.369956928000001,1.7409493330000001
1392,O,oc24,-0.67500001192092896,11.755951601,29.687593599,22.251662982999999
1393,H,hoy,0.40000000596046448,3.980584248,36.063689058000001,0.43662225700000001
1394,H,hoy,0.40000000596046448,18.436779273999999,34.012430479999999,23.625252459999999
1395,H,hoy,0.40000000596046448,14.071633857,37.822071977,24.364168773999999
1396,H,hoy,0.40000000596046448,10.017747614999999,39.979537770999997,0.86085414000000005
1397,H,hoy,0.40000000596046448,20.908433413000001,30.375350878999999,1.8789301869999999
1398,H,hoy,0.40000000596046448,17.975955242000001,31.739293997000001,0.82129049799999998
1399,H,hoy,0.40000000596046448,0.54330604599999999,38.965954558,0.59400177399999998
1400,H,hoy,0.40000000596046448,11.339426187999999,25.162819174999999,0.56050318799999999
1401,H,hoy,0.40000000596046448,13.854137788999999,26.251662539000002,23.751816584
1402,H,hoy,0.40000000596046448,8.4730595439999998,38.316721743999999,-0.068593735000000003
1403,H,hoy,0.40000000596046448,8.9063292010000001,31.796244139999999,23.491130578
1404,H,hoy,0.40000000596046448,1.6603598500000001,27.296970827999999,20.656108837000001
1405,H,hoy,0.40000000596046448,12.603286281999999,29.329287098999998,22.035033639000002
1406,Si,sc4,1.1000000238418579,4.7543221070000001,37.625960861999999,21.848464273000001
1407,O,oc24,-0.67500001192092896,5.1606549299999998,36.657323753999997,23.128529910000001
1408,H,hoy,0.40000000596046448,5.9043800810000002,36.133568562000001,22.906091049
1409,Si,sc4,1.1000000238418579,6.9741346609999999,34.053404929000003,0.75242410400000004
1410,O,oc24,-0.67500001192092896,7.0477087279999999,34.486038504,-0.87429859600000004
1411,O,oc23,-0.55000001192092896,5.4447530860000004,33.886807367999999,1.232466659
1412,Si,sc4,1.1000000238418579,9.5574649110000003,22.402110673999999,20.830564055
1413,O,oc24,-0.67500001192092896,9.3947546840000005,23.255319065999998,22.209735878
1414,O,oc24,-0.67500001192092896,2.889074162,40.259709247000004,22.388069602000002
1415,H,hoy,0.40000000596046448,2.9470252590000001,39.838434343999999,23.223694535
1416,O,oc23,-0.55000001192092896,21.422871399999998,24.305744831999998,18.777175792000001
1417,O,oc23,-0.55000001192092896,19.366413962999999,23.162511326000001,19.134999908000001
1418,O,oc23,-0.55000001192092896,19.981496599,25.426562334,17.390354059
1419,Si,sc4,1.1000000238418579,21.287090413000001,25.416121124,19.978367082999998
1420,O,oc23,-0.55000001192092896,2.3278399420000002,25.107246019000002,21.062039778999999
1421,O,oc23,-0.55000001192092896,20.770134566999999,26.756653497999999,19.196002185000001
1422,Si,sc4,1.1000000238418579,20.406575721999999,27.033293711999999,17.724688808
1423,O,oc23,-0.55000001192092896,19.171653814999999,28.069260327999999,17.618430136000001
1424,Si,sc4,1.1000000238418579,19.277238154999999,22.229877625,20.489123254999999
1425,Si,sc4,1.1000000238418579,3.8643491120000002,25.014853162000001,20.940080253000001
1426,O,oc24,-0.67500001192092896,4.544927103,26.188039705000001,21.857977937000001
1427,H,hoy,0.40000000596046448,4.0726268230000002,26.992109937999999,21.693546968
1428,O,oc24,-0.67500001192092896,19.761619634999999,23.119254883,21.807954156000001
1429,H,hoy,0.40000000596046448,12.152538599,22.157555748,21.722548326999998
1430,O,oc24,-0.67500001192092896,17.128459450000001,22.188693125,23.516738371999999
1431,H,hoy,0.40000000596046448,16.971820567999998,21.398086292999999,24.002141598000001
1432,H,hoy,0.40000000596046448,17.046148103,24.953903089000001,21.998037863
1433,H,hoy,0.40000000596046448,7.323926481,25.025385500999999,2.4344704149999998
1434,O,oc24,-0.67500001192092896,4.1651216250000003,22.919014793999999,1.2730724609999999
1435,H,hoy,0.40000000596046448,3.4041518069999999,22.389466199000001,1.4156990840000001
1436,H,hoy,0.40000000596046448,17.438006344000001,29.542077504000002,22.958385030999999
1437,H,hoy,0.40000000596046448,17.319412774,24.894798610999999,0.239058409
1438,H,hoy,0.40000000596046448,13.004821758,31.20402769,23.880741577999999
1439,H,hoy,0.40000000596046448,19.135918867000001,23.798870428000001,22.023504994
1440,H,hoy,0.40000000596046448,3.5998285559999998,32.417966030000002,22.085769017000001
1441,H,hoy,0.40000000596046448,8.2367389549999999,21.441331173999998,-0.151192241
1442,H,hoy,0.40000000596046448,7.3025950110000002,35.382647464000001,-0.929473035
1443,H,hoy,0.40000000596046448,9.5405917890000005,22.665966051000002,22.929983780000001
1444,Si,sc4,1.1000000238418579,35.541590245000002,20.117963794000001,18.465125898
1445,Si,sc4,1.1000000238418579,34.497115194000003,7.0837925989999997,15.966587196000001
1446,Si,sc4,1.1000000238418579,38.869858446999999,13.879633261,21.694329112999998
1447,Si,sc4,1.1000000238418579,37.192480496999998,14.503142434000001,16.321248062999999
1448,Si,sc4,1.1000000238418579,28.612730129999999,2.3098001410000002,17.393021994000001
1449,Si,sc4,1.1000000238418579,38.079043407999997,2.1034812820000002,13.715623994
1450,Si,sc4,1.1000000238418579,33.835509080000001,2.5924490520000001,21.401544355999999
1451,O,oc23,-0.55000001192092896,28.590031882000002,19.704680290999999,16.089962303
1452,O,oc23,-0.55000001192092896,34.533036866000003,5.942879842,10.093327084
1453,O,oc23,-0.55000001192092896,32.434893084999999,12.35849857,6.561155297
1454,O,oc23,-0.55000001192092896,28.265417618000001,3.1837415469999999,11.404366659000001
1455,O,oc23,-0.55000001192092896,36.652504409000002,18.019475611000001,12.17827993
1456,O,oc23,-0.55000001192092896,22.086049042999999,18.892447722,20.266808004000001
1457,O,oc23,-0.55000001192092896,23.761451769000001,5.1531861369999996,16.558837805
1458,O,oc23,-0.55000001192092896,28.667517348000001,8.0358998479999997,8.7876465970000002
1459,O,oc23,-0.55000001192092896,38.222766139999997,17.720129222000001,14.218448125
1460,O,oc23,-0.55000001192092896,36.456414229000004,14.366541127,8.6098792470000003
1461,O,oc23,-0.55000001192092896,29.304651839000002,1.9186904730000001,2.2816011349999998
1462,O,oc23,-0.55000001192092896,32.231666148999999,10.178637846000001,19.741368340000001
1463,O,oc23,-0.55000001192092896,39.324527474,2.326107741,12.603339244000001
1464,O,oc23,-0.55000001192092896,20.526795218,0.355476499,11.791087071
1465,O,oc23,-0.55000001192092896,22.151238623000001,13.327469066000001,7.1101091280000004
1466,Si,sc4,1.1000000238418579,27.662390573,7.7836617659999998,10.054846061999999
1467,Si,sc4,1.1000000238418579,33.604626613000001,4.6081484140000004,10.27251072
1468,Si,sc4,1.1000000238418579,34.862971256999998,7.0103750600000003,2.7051020430000001
1469,Si,sc4,1.1000000238418579,34.717998993000002,7.5657292829999996,9.8179883839999995
1470,Si,sc4,1.1000000238418579,37.941167049999997,1.1100540940000001,16.910500763999998
1471,Si,sc4,1.1000000238418579,37.549709976999999,6.1643338879999998,3.6006191859999999
1472,Si,sc4,1.1000000238418579,22.577204433999999,5.0148864040000003,12.427059239
1473,Si,sc4,1.1000000238418579,31.371953779999998,8.8444861429999992,5.9648767530000004
1474,O,oc23,-0.55000001192092896,33.345766621999999,2.6149095080000002,19.795878079000001
1475,O,oc23,-0.55000001192092896,38.476829846000001,4.5273562150000002,6.7364130600000003
1476,O,oc23,-0.55000001192092896,30.292847440999999,17.234961147,10.614706801000001
1477,O,oc23,-0.55000001192092896,38.440343482000003,4.5201883780000003,19.232831225999998
1478,O,oc23,-0.55000001192092896,35.497890230000003,8.7641082089999998,6.2762437220000002
1479,O,oc24,-0.67500001192092896,37.721208386000001,3.8295876990000002,21.757999325
1480,O,oc23,-0.55000001192092896,40.396879435999999,2.5376222020000001,16.345021672000001
1481,O,oc23,-0.55000001192092896,37.434974009000001,2.5035237349999999,17.718338391
1482,O,oc23,-0.55000001192092896,22.982084374999999,3.7079141369999999,11.645662452
1483,O,oc23,-0.55000001192092896,30.773924868000002,10.420310624000001,5.9356040459999999
1484,O,oc23,-0.55000001192092896,30.172709646000001,2.193985251,6.031418113
1485,O,oc23,-0.55000001192092896,32.966321886999999,8.7854042769999996,5.9912704540000004
1486,O,oc23,-0.55000001192092896,28.228974506,2.4049321809999999,4.5286918900000002
1487,O,oc23,-0.55000001192092896,20.160494609000001,17.000456205999999,15.316497557
1488,Si,sc4,1.1000000238418579,37.506533804999997,13.129257702,11.822745229000001
1489,Si,sc4,1.1000000238418579,21.238752708,7.9842340079999996,3.986915346
1490,Si,sc4,1.1000000238418579,33.87900965,17.533188834000001,18.145263571000001
1491,Si,sc4,1.1000000238418579,34.640030535000001,11.838982913000001,11.447096888000001
1492,Si,sc4,1.1000000238418579,20.869993882999999,11.834508109,16.06484347
1493,Si,sc4,1.1000000238418579,23.218693067,12.862932753000001,6.0065210230000003
1494,Si,sc4,1.1000000238418579,24.440431198999999,19.340782625999999,21.868555399000002
1495,Si,sc4,1.1000000238418579,31.425775012999999,1.3515776960000001,16.726406917999999
1496,O,oc23,-0.55000001192092896,23.507628357000002,14.497798352,16.053889599000001
1497,O,oc23,-0.55000001192092896,34.338316366000001,10.900921166,5.1547729289999999
1498,O,oc23,-0.55000001192092896,39.934893121999998,6.466165867,7.1766455059999998
1499,O,oc23,-0.55000001192092896,22.728345065999999,16.262966701,13.429473192
1500,O,oc23,-0.55000001192092896,37.309071541000002,6.8678906939999997,6.8967553280000002
1501,O,oc23,-0.55000001192092896,37.178089241000002,16.897455443999998,4.3813321040000002
1502,O,oc23,-0.55000001192092896,25.708411665,19.178825327999999,3.9491660359999998
1503,O,oc23,-0.55000001192092896,19.727231044,20.239318169000001,3.546841159
1504,O,oc23,-0.55000001192092896,21.003919795000002,4.984930898,12.619841463
1505,O,oc23,-0.55000001192092896,34.707236188000003,16.574037225000001,14.579932208000001
1506,O,oc23,-0.55000001192092896,34.804435441000003,5.5374266289999996,16.138877259000001
1507,O,oc23,-0.55000001192092896,39.202496156000002,6.5890532080000002,12.253494308000001
1508,O,oc23,-0.55000001192092896,28.220345518999999,14.473270892,14.408845952
1509,O,oc23,-0.55000001192092896,26.224764370999999,1.9263346219999999,10.126165479999999
1510,O,oc23,-0.55000001192092896,30.356506343,4.2952954999999999,17.284661759999999
1511,Si,sc4,1.1000000238418579,33.777497105000002,18.189761429000001,22.459932175999999
1512,Si,sc4,1.1000000238418579,36.495236259000002,9.1954150240000008,16.594674814000001
1513,Si,sc4,1.1000000238418579,20.455033574000002,19.262352540999998,4.5559355029999997
1514,Si,sc4,1.1000000238418579,34.927555294999998,9.2213933380000004,20.060759275999999
1515,Si,sc4,1.1000000238418579,34.033091489999997,4.1463890970000001,16.130544183000001
1516,Si,sc4,1.1000000238418579,21.939908945999999,14.635683820000001,16.335719781000002
1517,Si,sc4,1.1000000238418579,35.713936894,1.043634457,2.848544355
1518,Si,sc4,1.1000000238418579,34.586896545999998,14.052031769999999,2.2482899399999998
1519,O,oc23,-0.55000001192092896,34.377097546000002,12.826224291999999,3.2805204589999999
1520,O,oc23,-0.55000001192092896,29.150569998000002,7.8736103970000002,16.214965469999999
1521,O,oc24,-0.67500001192092896,31.369454714,8.5136932630000004,2.0527694240000001
1522,O,oc23,-0.55000001192092896,20.065835273000001,4.0846222259999996,21.041405497
1523,O,oc23,-0.55000001192092896,33.178862649999999,5.9693965149999997,20.814014696000001
1524,O,oc23,-0.55000001192092896,19.969483060000002,14.289353220000001,20.594698057999999
1525,O,oc23,-0.55000001192092896,25.982311709000001,16.269636925,8.1116682440000005
1526,O,oc23,-0.55000001192092896,36.267701099,10.354972181999999,20.180805093
1527,O,oc23,-0.55000001192092896,25.786341676999999,14.294615807,14.855435894999999
1528,O,oc23,-0.55000001192092896,28.655221462,18.729537182000001,11.516692560999999
1529,O,oc23,-0.55000001192092896,28.910493851999998,12.507861220000001,20.834765771000001
1530,O,oc23,-0.55000001192092896,30.261443312000001,17.194150782000001,19.099138977999999
1531,O,oc23,-0.55000001192092896,21.606422996999999,16.052574336999999,17.096200154999998
1532,O,oc23,-0.55000001192092896,33.993745617999998,11.319426508999999,10.018915127
1533,Si,sc4,1.1000000238418579,30.184885384000001,16.733633644000001,9.1002146699999997
1534,Si,sc4,1.1000000238418579,33.321979837999997,11.213774697,21.970824833000002
1535,Si,sc4,1.1000000238418579,36.969460478000002,8.6981486780000008,11.301223743
1536,Si,sc4,1.1000000238418579,27.618082611999998,11.048046413,7.9925122670000004
1537,Si,sc4,1.1000000238418579,28.248363895000001,10.826220084999999,2.9906161139999998
1538,Si,sc4,1.1000000238418579,33.379628967000002,13.331901888000001,7.4537145469999997
1539,Si,sc4,1.1000000238418579,34.206769373,9.6898642440000007,6.2053573069999999
1540,Si,sc4,1.1000000238418579,27.540114154000001,15.666345867,8.1529419090000008
1541,O,oc23,-0.55000001192092896,32.236827681000001,2.8017884660000001,4.8156693869999998
1542,O,oc23,-0.55000001192092896,33.989593323000001,9.2119053700000002,18.62853973
1543,O,oc23,-0.55000001192092896,22.888876419999999,11.374778752999999,5.5635664230000001
1544,O,oc23,-0.55000001192092896,28.048364117999999,14.989595905,6.814212747
1545,O,oc23,-0.55000001192092896,21.988770493000001,13.76329205,13.299818728
1546,O,oc23,-0.55000001192092896,39.282922829999997,10.367567448000001,9.5573810189999993
1547,O,oc23,-0.55000001192092896,21.893303766999999,14.156149998,19.100957001000001
1548,O,oc23,-0.55000001192092896,38.292913001999999,16.933542814999999,19.690327197999999
1549,O,oc23,-0.55000001192092896,37.291171980999998,5.3259575459999997,11.615208452999999
1550,O,oc23,-0.55000001192092896,34.779519270999998,12.560852584999999,7.7886157579999997
1551,O,oc23,-0.55000001192092896,37.656987194000003,13.047636972999999,16.032925342999999
1552,O,oc23,-0.55000001192092896,37.192925043000002,14.529451667,11.156035171999999
1553,O,oc23,-0.55000001192092896,36.545549186999999,14.603159993,5.1846141189999999
1554,O,oc23,-0.55000001192092896,33.716983661999997,14.756333142000001,6.6757455500000003
1555,O,oc23,-0.55000001192092896,33.446351628000002,9.9889618270000007,14.778473850999999
1556,Si,sc4,1.1000000238418579,19.690383036,11.166542296999999,18.735507600999998
1557,Si,sc4,1.1000000238418579,22.592523228000001,12.801241202,12.321910096
1558,Si,sc4,1.1000000238418579,20.685755043,15.131707989000001,19.409086605999999
1559,Si,sc4,1.1000000238418579,35.220563581999997,17.729534461,9.2868350329999991
1560,Si,sc4,1.1000000238418579,33.171041054,9.9307084920000008,13.235936038
1561,Si,sc4,1.1000000238418579,38.293196549999998,17.487778953999999,5.4185199720000004
1562,Si,sc4,1.1000000238418579,19.972586466999999,5.8820162040000001,13.356430733
1563,Si,sc4,1.1000000238418579,38.312626788000003,12.381991293,14.709208856
1564,O,oc23,-0.55000001192092896,28.869696599000001,10.412521698999999,16.792249048999999
1565,O,oc23,-0.55000001192092896,36.246211533999997,12.084882307000001,11.515866571
1566,O,oc23,-0.55000001192092896,26.244519007000001,5.3314683220000001,7.5037939099999997
1567,O,oc23,-0.55000001192092896,33.179790187999998,14.977995246000001,15.719177032999999
1568,O,oc23,-0.55000001192092896,20.965338059,2.5878419730000002,10.580498907000001
1569,O,oc23,-0.55000001192092896,35.691440493999998,14.669036177000001,15.936274614
1570,O,oc23,-0.55000001192092896,23.016513816,12.925744239,2.265949531
1571,O,oc23,-0.55000001192092896,33.173782817000003,14.754137721999999,2.1819278720000002
1572,O,oc23,-0.55000001192092896,24.323237015,7.0499426290000002,14.769243725000001
1573,O,oc23,-0.55000001192092896,25.201495337000001,4.7968298269999998,5.2518725350000004
1574,O,oc23,-0.55000001192092896,32.239648742,13.634106768000001,13.765248148
1575,O,oc23,-0.55000001192092896,30.423589446000001,12.602284038000001,9.5421775889999996
1576,O,oc23,-0.55000001192092896,37.929274859000003,13.317276044,13.453529636000001
1577,O,oc23,-0.55000001192092896,32.332412152000003,17.720004510999999,17.872001456
1578,O,oc23,-0.55000001192092896,37.574825591,8.9465330450000007,15.437487564
1579,O,oc23,-0.55000001192092896,21.358205663,16.504762955,19.809995902000001
1580,Si,sc4,1.1000000238418579,27.261458675,15.695721031,19.851263058000001
1581,Si,sc4,1.1000000238418579,23.490697184999998,1.3809653630000001,14.073023858000001
1582,Si,sc4,1.1000000238418579,30.710508662999999,4.1655718579999998,18.864122893000001
1583,Si,sc4,1.1000000238418579,35.552838444999999,1.0289427069999999,12.236968872
1584,Si,sc4,1.1000000238418579,38.817125750000002,16.828803497999999,15.343056596
1585,Si,sc4,1.1000000238418579,31.146715838999999,18.408024213000001,18.643058587999999
1586,Si,sc4,1.1000000238418579,33.251792125999998,15.927408228999999,20.660516971
1587,Si,sc4,1.1000000238418579,30.222820725999998,17.629103254,2.6269833299999998
1588,O,oc23,-0.55000001192092896,22.593974609,17.688433925999998,15.621936009000001
1589,O,oc23,-0.55000001192092896,25.599320222999999,15.786456828,17.016145924
1590,O,oc23,-0.55000001192092896,37.038237659000004,1.3210339760000001,12.741020731000001
1591,O,oc23,-0.55000001192092896,28.829461635000001,6.5050703649999999,6.6654407210000004
1592,O,oc23,-0.55000001192092896,35.484786954,2.3769407290000002,21.448216332000001
1593,O,oc23,-0.55000001192092896,26.394246706000001,6.9144186579999998,9.5429096530000006
1594,O,oc23,-0.55000001192092896,39.361657829000002,5.8510667080000003,9.7709614570000003
1595,O,oc23,-0.55000001192092896,19.650068775000001,15.414108401,18.256880627000001
1596,O,oc23,-0.55000001192092896,37.722902464000001,18.148701640999999,21.775492874000001
1597,O,oc23,-0.55000001192092896,32.716372026999998,5.7579274329999999,13.334074113
1598,O,oc23,-0.55000001192092896,31.711605693999999,10.477486623000001,8.7577825409999992
1599,O,oc23,-0.55000001192092896,21.485600360999999,12.349383502,11.231816627000001
1600,O,oc23,-0.55000001192092896,33.242720996999999,16.762718637999999,21.992165498999999
1601,O,oc23,-0.55000001192092896,28.743027590000001,16.94928736,2.7775316929999998
1602,O,oc23,-0.55000001192092896,20.714097815999999,12.892184440999999,3.4914097439999998
1603,O,oc24,-0.67500001192092896,24.883813578000002,8.5530120269999994,21.750610439999999
1604,Si,sc4,1.1000000238418579,22.070891245999999,13.650679843000001,3.3349837629999999
1605,Si,sc4,1.1000000238418579,39.486108915999999,15.738478626999999,7.7432225179999996
1606,Si,sc4,1.1000000238418579,38.043607131999998,9.5818101880000004,14.161765764
1607,Si,sc4,1.1000000238418579,31.144860763000001,12.038436454999999,5.6368924209999998
1608,Si,sc4,1.1000000238418579,31.004485338999999,12.161655331,2.6649690399999999
1609,Si,sc4,1.1000000238418579,21.0596754,20.099485469000001,7.5936785010000003
1610,Si,sc4,1.1000000238418579,23.070697893999998,6.4863018700000001,9.7866844729999993
1611,Si,sc4,1.1000000238418579,38.569634106999999,6.0860272799999997,6.428148545
1612,O,oc23,-0.55000001192092896,22.391836209000001,9.3558813379999997,7.1773796809999997
1613,O,oc23,-0.55000001192092896,35.231086091999998,10.381985851,2.7578190870000001
1614,O,oc23,-0.55000001192092896,29.787180645999999,11.198775953,2.58583578
1615,O,oc23,-0.55000001192092896,28.239617163999998,1.197873288,20.553406979999998
1616,O,oc23,-0.55000001192092896,36.988085728999998,2.0352138129999999,2.8933983080000001
1617,O,oc23,-0.55000001192092896,28.569633254999999,6.8655705620000003,4.046053165
1618,O,oc23,-0.55000001192092896,21.942931855000001,17.712920638,1.9294660809999999
1619,O,oc23,-0.55000001192092896,34.107030205000001,10.240163938,7.7480599090000002
1620,O,oc24,-0.67500001192092896,35.047935787999997,13.503554596000001,0.75457280500000001
1621,O,oc23,-0.55000001192092896,27.15639938,6.0490700129999997,18.760366113
1622,O,oc23,-0.55000001192092896,36.897458538999999,5.7127249930000001,14.154376174999999
1623,O,oc23,-0.55000001192092896,31.623275723999999,11.94811554,4.0438101849999999
1624,O,oc23,-0.55000001192092896,21.270642232,15.063468456000001,14.986081689000001
1625,O,oc23,-0.55000001192092896,35.019674715000001,18.256342665999998,21.515877190000001
1626,Si,sc4,1.1000000238418579,37.044968316999999,15.345910850999999,9.7241709289999996
1627,Si,sc4,1.1000000238418579,20.042573532999999,20.146304222000001,12.927074017000001
1628,Si,sc4,1.1000000238418579,31.238955406999999,4.1677678949999999,15.987551452
1629,Si,sc4,1.1000000238418579,33.296662376999997,15.869693871000001,5.6046211020000003
1630,Si,sc4,1.1000000238418579,20.941632976000001,1.4130046970000001,15.170293733999999
1631,Si,sc4,1.1000000238418579,36.803121197999999,19.329430155000001,7.3769582969999998
1632,Si,sc4,1.1000000238418579,31.386789581999999,19.730741334000001,21.228450815999999
1633,O,oc23,-0.55000001192092896,37.218807196999997,9.0128247290000001,12.877403427999999
1634,O,oc23,-0.55000001192092896,25.529495356000002,1.5685445899999999,19.796751912000001
1635,O,oc23,-0.55000001192092896,35.991583134000003,16.503355318000001,9.9398993640000004
1636,O,oc23,-0.55000001192092896,21.392433256,19.318617280000002,12.941474675
1637,O,oc23,-0.55000001192092896,20.719458794000001,7.2535808040000003,13.665079572
1638,O,oc23,-0.55000001192092896,23.747420954999999,18.665276077000001,13.649380829
1639,O,oc23,-0.55000001192092896,26.350063699,17.623386272000001,1.8339241770000001
1640,O,oc23,-0.55000001192092896,28.674531553000001,16.714450266,8.5855631859999999
1641,O,oc23,-0.55000001192092896,38.978546195,17.021917732999999,11.611194941000001
1642,O,oc23,-0.55000001192092896,24.872928222999999,12.992035306,6.1028887689999998
1643,O,oc23,-0.55000001192092896,35.578881596999999,20.328769806,12.513299253
1644,O,oc23,-0.55000001192092896,36.152037593999999,18.150152495,8.1279859529999996
1645,O,oc23,-0.55000001192092896,21.909026256000001,19.093723783000002,3.9372686780000001
1646,O,oc23,-0.55000001192092896,33.298394901999998,8.4210929649999997,12.690948403
1647,O,oc23,-0.55000001192092896,38.270901997000003,11.931707923999999,19.066961936999999
1648,O,oc23,-0.55000001192092896,20.156866157,17.310325298999999,21.593192426000002
1649,Si,sc4,1.1000000238418579,22.754227221000001,16.348730080999999,2.2406646559999999
1650,Si,sc4,1.1000000238418579,25.232132925999998,8.3361574970000003,14.350156308000001
1651,Si,sc4,1.1000000238418579,37.727136459,3.4347531949999999,2.4877680619999998
1652,Si,sc4,1.1000000238418579,38.756412863000001,16.893975863000001,21.269505495000001
1653,Si,sc4,1.1000000238418579,24.283566744000002,4.2341833649999998,17.710193872000001
1654,Si,sc4,1.1000000238418579,38.688563219000002,4.721382019,20.841683265
1655,Si,sc4,1.1000000238418579,19.828824087000001,1.665528629,11.28219571
1656,Si,sc4,1.1000000238418579,24.371896714999998,1.2913272760000001,16.981135608999999
1657,O,oc23,-0.55000001192092896,37.652916599999998,9.1972381609999996,2.8096144559999998
1658,O,oc24,-0.67500001192092896,22.229005233999999,13.109702659,21.346301496999999
1659,O,oc23,-0.55000001192092896,21.124098440000001,2.017066561,3.5545846430000001
1660,O,oc23,-0.55000001192092896,28.409219646,1.03730364,6.8302519300000002
1661,O,oc23,-0.55000001192092896,36.568004737999999,12.101496129999999,4.3594947179999997
1662,O,oc23,-0.55000001192092896,28.250339117999999,3.9200169649999999,17.765106053
1663,O,oc23,-0.55000001192092896,32.717177014999997,19.370447961,22.034210803000001
1664,O,oc23,-0.55000001192092896,32.267102424999997,7.2048154379999998,18.700354461
1665,O,oc23,-0.55000001192092896,34.057683261999998,14.574446665,20.676970644000001
1666,O,oc23,-0.55000001192092896,39.873211847,12.108954137,14.957752469000001
1667,O,oc23,-0.55000001192092896,39.255469146999999,0.29905857200000002,17.605799658999999
1668,O,oc24,-0.67500001192092896,21.180337038000001,10.51175024,21.812179793999999
1669,O,oc23,-0.55000001192092896,22.275689710000002,0.314291459,7.6875056300000004
1670,O,oc23,-0.55000001192092896,30.516513853999999,6.5272783109999999,12.682189669
1671,O,oc23,-0.55000001192092896,26.744582127000001,4.4615621430000001,9.7415462769999994
1672,Si,sc4,1.1000000238418579,22.978093078000001,19.618294586000001,12.668332167000001
1673,Si,sc4,1.1000000238418579,26.003114030999999,9.6403944419999998,5.6994777289999998
1674,Si,sc4,1.1000000238418579,20.668864720999998,8.7032445710000008,13.051771132000001
1675,Si,sc4,1.1000000238418579,22.920201251999998,9.7742199880000005,5.7939319139999998
1676,Si,sc4,1.1000000238418579,26.387355051,4.4678597760000001,6.2278511229999998
1677,Si,sc4,1.1000000238418579,33.161285083999999,1.474042437,4.5647892199999998
1678,Si,sc4,1.1000000238418579,22.538903844,2.8684194029999999,10.349897368000001
1679,O,oc23,-0.55000001192092896,22.055329753999999,6.907831163,18.287736365000001
1680,O,oc23,-0.55000001192092896,37.360110159999998,9.4948855069999993,7.9571003899999999
1681,O,oc23,-0.55000001192092896,30.863463521,3.9502249819999999,12.300757282999999
1682,O,oc23,-0.55000001192092896,20.181135934,8.0191199490000002,8.9954665610000006
1683,O,oc23,-0.55000001192092896,22.824857075000001,2.4369009789999998,6.6306403339999997
1684,O,oc23,-0.55000001192092896,34.319003872000003,12.239961939000001,21.270000807999999
1685,O,oc23,-0.55000001192092896,30.151102336000001,1.7355942310000001,17.555019541
1686,O,oc23,-0.55000001192092896,38.641393346999998,1.9578974899999999,7.3085426849999999
1687,O,oc23,-0.55000001192092896,27.876178465999999,18.991677498000001,13.87169608
1688,O,oc23,-0.55000001192092896,38.506905144999998,6.4241954369999998,4.8438107539999997
1689,O,oc23,-0.55000001192092896,31.708097389999999,19.284600615999999,19.785254181999999
1690,O,oc23,-0.55000001192092896,35.532881961000001,7.6183897290000004,8.459143031
1691,O,oc23,-0.55000001192092896,20.267490681000002,12.179595296,6.0023841620000002
1692,O,oc23,-0.55000001192092896,24.214347419999999,2.7048954909999998,13.682832738
1693,O,oc23,-0.55000001192092896,33.416800172000002,4.1850864630000002,11.881788417999999
1694,O,oc23,-0.55000001192092896,21.663389687999999,5.9968658140000004,9.0607894570000003
1695,Si,sc4,1.1000000238418579,26.087815549999998,9.5276581399999998,11.765566851999999
1696,Si,sc4,1.1000000238418579,33.772698417999997,7.0126538270000003,13.149767085000001
1697,Si,sc4,1.1000000238418579,27.198326019,5.0566497019999996,17.495999921999999
1698,Si,sc4,1.1000000238418579,37.930887237999997,7.9304968430000002,18.603161984
1699,Si,sc4,1.1000000238418579,30.299741499,10.30633091,12.416931357999999
1700,Si,sc4,1.1000000238418579,21.640530442999999,15.202804778000001,13.56059108
1701,Si,sc4,1.1000000238418579,29.979159381999999,0.92203575199999999,6.9212106950000001
1702,Si,sc4,1.1000000238418579,27.817762797,11.756823825,12.508317981999999
1703,O,oc23,-0.55000001192092896,26.762806086000001,8.4650106259999998,5.0114966589999996
1704,O,oc23,-0.55000001192092896,24.110213259999998,10.412396986999999,8.7906211130000003
1705,O,oc23,-0.55000001192092896,28.354391579000001,6.91620043,13.949058455999999
1706,O,oc23,-0.55000001192092896,26.064754456999999,14.293870007000001,11.16533671
1707,O,oc23,-0.55000001192092896,26.645287503999999,8.2489840099999991,15.207641305999999
1708,O,oc23,-0.55000001192092896,33.730529081,17.375374187999999,8.6846454509999997
1709,O,oc23,-0.55000001192092896,32.743825710000003,17.110913740000001,6.3208602210000002
1710,O,oc23,-0.55000001192092896,24.746220768000001,12.643468538,9.7632418940000001
1711,O,oc23,-0.55000001192092896,37.422315277999999,15.093216521,17.746360854999999
1712,O,oc23,-0.55000001192092896,37.354102789000002,9.2184101349999992,17.807883069999999
1713,O,oc23,-0.55000001192092896,36.836824948999997,6.8519806900000004,18.209240539
1714,O,oc23,-0.55000001192092896,23.659213534999999,13.727452868,11.755321123
1715,O,oc23,-0.55000001192092896,35.548525153,8.2456285240000007,10.988537471000001
1716,O,oc23,-0.55000001192092896,33.323995912000001,3.9487046719999999,22.189385838
1717,O,oc23,-0.55000001192092896,22.116042642,1.824975486,14.288586953999999
1718,O,oc23,-0.55000001192092896,30.377106818000001,18.116758156,15.321620245
1719,Si,sc4,1.1000000238418579,36.479715616999997,8.2307958560000003,7.4013404930000002
1720,Si,sc4,1.1000000238418579,27.111891973999999,13.419779194,14.776679748999999
1721,Si,sc4,1.1000000238418579,24.391127509,1.4299628660000001,20.951838303999999
1722,Si,sc4,1.1000000238418579,38.504687224000001,16.179895117000001,18.226946564999999
1723,Si,sc4,1.1000000238418579,37.418888674000002,4.098505973,18.075950731999999
1724,Si,sc4,1.1000000238418579,21.728860414,17.399859666000001,20.993953964999999
1725,Si,sc4,1.1000000238418579,35.728087856000002,6.2861438920000001,19.128318813
1726,Si,sc4,1.1000000238418579,33.889169314,10.944756715,15.979383010999999
1727,O,oc23,-0.55000001192092896,32.907019529999999,10.841797936000001,17.293986868000001
1728,O,oc23,-0.55000001192092896,19.661638969999998,8.5576109250000005,3.8843391559999998
1729,O,oc23,-0.55000001192092896,36.128774653000001,-0.12570446699999999,21.886307860999999
1730,O,oc23,-0.55000001192092896,23.759959539,2.7326382910000002,17.484219357000001
1731,O,oc23,-0.55000001192092896,35.146466273000001,6.5088407330000004,12.471489644
1732,O,oc23,-0.55000001192092896,30.095750425999999,16.205168378,13.522724274
1733,O,oc23,-0.55000001192092896,31.738859932,10.637496689000001,12.877167029000001
1734,O,oc23,-0.55000001192092896,34.342386959999999,6.0200263840000003,18.550090341000001
1735,O,oc23,-0.55000001192092896,31.058707863999999,5.985596073,2.8322313960000001
1736,O,oc23,-0.55000001192092896,38.081422326999999,15.410254686,15.368222568
1737,O,oc23,-0.55000001192092896,24.303403080999999,19.210479877000001,20.246363685999999
1738,O,oc23,-0.55000001192092896,35.542236637999999,10.558238074,16.298183652999999
1739,O,oc23,-0.55000001192092896,32.716047629000002,1.217246898,17.681132237
1740,O,oc23,-0.55000001192092896,22.265409898000001,4.8148941949999999,6.4538551660000003
1741,O,oc23,-0.55000001192092896,35.615930251999998,7.9315321970000001,16.676995242
1742,Si,sc4,1.1000000238418579,39.125976674999997,9.6841052800000007,3.199639533
1743,Si,sc4,1.1000000238418579,37.280125628,13.194886932999999,5.2626610679999999
1744,Si,sc4,1.1000000238418579,25.951832714999998,5.5100814250000001,9.0371818909999995
1745,Si,sc4,1.1000000238418579,20.255757084999999,12.926820958,10.325203491
1746,Si,sc4,1.1000000238418579,39.810684733000002,12.083348723,4.8281577430000002
1747,Si,sc4,1.1000000238418579,29.913688657000002,3.2022658669999999,11.128697281000001
1748,Si,sc4,1.1000000238418579,30.346586973000001,11.003093397000001,9.44047488
1749,Si,sc4,1.1000000238418579,20.282648477999999,9.2867725280000002,9.9919547009999992
1750,O,oc23,-0.55000001192092896,30.786100606000002,15.191037424999999,8.9366594199999998
1751,O,oc23,-0.55000001192092896,20.396699604999998,12.460421377999999,8.7612057570000008
1752,O,oc23,-0.55000001192092896,29.653415731999999,8.946450316,13.00087211
1753,O,oc23,-0.55000001192092896,38.509243214000001,16.349517863999999,6.5496322820000001
1754,O,oc23,-0.55000001192092896,26.868752069999999,2.5130363990000002,2.279428513
1755,O,oc23,-0.55000001192092896,27.510887095000001,11.728400667000001,18.62783194
1756,O,oc23,-0.55000001192092896,26.186504630000002,12.292332215,20.693095046
1757,O,oc23,-0.55000001192092896,27.243640814999999,14.167750656999999,19.337059397000001
1758,O,oc23,-0.55000001192092896,22.101610534999999,9.3638363400000006,13.301353213000001
1759,O,oc24,-0.67500001192092896,34.855796054000002,5.6170173969999997,1.8294396260000001
1760,O,oc23,-0.55000001192092896,35.471080538000002,7.5349452460000004,20.244214984999999
1761,O,oc23,-0.55000001192092896,34.565046537999997,0.99038193799999996,8.2440989929999997
1762,O,oc23,-0.55000001192092896,32.728182517,13.656438808000001,8.9166398820000001
1763,O,oc23,-0.55000001192092896,19.618018252999999,14.328216353,7.1600302759999996
1764,O,oc23,-0.55000001192092896,39.655432656999999,9.5142343440000001,14.004301313999999
1765,O,oc23,-0.55000001192092896,37.131887757000001,12.695299220000001,6.7397889610000004
1766,Si,sc4,1.1000000238418579,22.932537988,10.399885068,14.172035062000001
1767,Si,sc4,1.1000000238418579,32.779504684000003,14.195426779,12.382582399
1768,Si,sc4,1.1000000238418579,37.935885370000001,4.8404162619999997,14.999703495
1769,Si,sc4,1.1000000238418579,24.619792054000001,16.560944965000001,9.0026433200000007
1770,Si,sc4,1.1000000238418579,36.227466135999997,5.4284600779999996,12.772607476999999
1771,Si,sc4,1.1000000238418579,24.628582039000001,13.989385742,10.587628527
1772,Si,sc4,1.1000000238418579,20.773883166000001,9.3066183589999998,20.752162507000001
1773,Si,sc4,1.1000000238418579,27.481578336999998,18.301420394000001,12.504375179
1774,O,oc23,-0.55000001192092896,27.111851124000001,9.0976768499999991,10.709964463
1775,O,oc23,-0.55000001192092896,30.814722120999999,18.540896517,12.800252827
1776,O,oc23,-0.55000001192092896,20.720345481999999,12.073032225,19.592992598999999
1777,O,oc23,-0.55000001192092896,25.005967447,10.456605437,11.049752578
1778,O,oc23,-0.55000001192092896,37.825948089000001,18.748886019,6.2491397690000001
1779,O,oc23,-0.55000001192092896,33.906021189999997,16.966150605999999,19.614310750000001
1780,O,oc23,-0.55000001192092896,26.609851228,11.063831706,9.1785219389999995
1781,O,oc23,-0.55000001192092896,23.517264179000001,7.9896614369999996,9.3308637000000001
1782,O,oc23,-0.55000001192092896,24.284011289999999,9.6131739490000001,14.707178354
1783,O,oc23,-0.55000001192092896,34.638499856999999,16.314218275999998,4.8553774340000002
1784,O,oc23,-0.55000001192092896,38.814102841999997,12.519544608,11.132521884000001
1785,O,oc23,-0.55000001192092896,23.940166231999999,0.84388673199999997,15.494240985999999
1786,O,oc23,-0.55000001192092896,21.311319339000001,13.251896237,16.715122368999999
1787,O,oc23,-0.55000001192092896,24.206768522000001,4.7170732910000002,19.313215432
1788,O,oc23,-0.55000001192092896,28.860101626999999,4.3835457059999996,2.7570634539999999
1789,O,oc23,-0.55000001192092896,33.784107616,1.076469291,5.9497204620000002
1790,Si,sc4,1.1000000238418579,25.361745546000002,8.7447593720000008,20.234795598000002
1791,Si,sc4,1.1000000238418579,24.144885398,5.4543556630000003,14.964362503
1792,Si,sc4,1.1000000238418579,24.497558888,12.422884387,2.3133067839999999
1793,Si,sc4,1.1000000238418579,38.175677968000002,18.025897647000001,12.620785653
1794,Si,sc4,1.1000000238418579,36.269231777000002,9.4472802060000003,1.967097192
1795,Si,sc4,1.1000000238418579,23.500815999,1.052517465,6.9844231470000002
1796,Si,sc4,1.1000000238418579,23.490738035,17.281198323000002,14.339556332000001
1797,Si,sc4,1.1000000238418579,20.059223561,3.105501308,3.873833458
1798,O,oc23,-0.55000001192092896,39.626162344999997,17.870154942999999,4.7693041660000004
1799,O,oc23,-0.55000001192092896,38.860102478000002,19.398621694999999,12.428192688999999
1800,O,oc24,-0.67500001192092896,24.079090274999999,11.309233487,22.073541736999999
1801,O,oc23,-0.55000001192092896,24.885788802,0.19187857799999999,21.920162211000001
1802,O,oc23,-0.55000001192092896,23.245622907000001,11.60352473,13.152387880999999
1803,O,oc23,-0.55000001192092896,20.421250527000002,3.2915310529999999,7.4817064049999997
1804,O,oc23,-0.55000001192092896,37.710849275999998,4.9087789629999996,16.674729044999999
1805,O,oc23,-0.55000001192092896,28.550806157,14.894260592,11.806054454
1806,O,oc23,-0.55000001192092896,21.417589719999999,6.74338704,4.9762745700000002
1807,O,oc23,-0.55000001192092896,20.065874921999999,0.46719951799999998,14.206030126
1808,O,oc23,-0.55000001192092896,34.525335417000001,16.504224596,17.216435232999999
1809,O,oc23,-0.55000001192092896,34.490987676000003,3.1260849140000002,17.297339376
1810,O,oc23,-0.55000001192092896,20.066641462,0.10081687,20.188737134
1811,O,oc23,-0.55000001192092896,32.286011223999999,0.189291138,4.0711480760000001
1812,O,oc23,-0.55000001192092896,21.037582695000001,18.760238489999999,8.4738272269999992
1813,Si,sc4,1.1000000238418579,21.615292277999998,17.326940357000002,8.7943039459999994
1814,Si,sc4,1.1000000238418579,30.15976977,20.336642694999998,4.1817984279999996
1815,Si,sc4,1.1000000238418579,24.903527364999999,15.195719671000001,15.785184502
1816,Si,sc4,1.1000000238418579,38.408655805000002,6.2648891889999998,11.022886782
1817,Si,sc4,1.1000000238418579,22.348054492999999,19.135612102,2.388685798
1818,Si,sc4,1.1000000238418579,30.002057075,5.153559038,1.8799840489999999
1819,Si,sc4,1.1000000238418579,27.018441321000001,0.93736556900000001,19.458686837999998
1820,Si,sc4,1.1000000238418579,38.965767317000001,0.78249692800000004,8.3424185889999993
1821,O,oc23,-0.55000001192092896,22.178288609999999,9.045638727,4.4672168149999996
1822,O,oc23,-0.55000001192092896,24.492277208000001,2.9119434819999999,21.49434656
1823,O,oc23,-0.55000001192092896,30.413751777000002,2.699799289,19.569124712000001
1824,O,oc23,-0.55000001192092896,22.555152579000001,3.695277506,8.9366358510000001
1825,O,oc23,-0.55000001192092896,27.582242641000001,16.779706596,12.898910136
1826,O,oc23,-0.55000001192092896,22.834452046999999,1.0040171879999999,20.439334465999998
1827,O,oc23,-0.55000001192092896,19.288163159,2.6654356560000001,5.2022483819999996
1828,O,oc23,-0.55000001192092896,23.669089652,0.26489375500000001,12.98566868
1829,O,oc24,-0.67500001192092896,38.228449112,6.640884507,2.200908766
1830,O,oc23,-0.55000001192092896,34.301870852,10.686428133,12.525763687
1831,O,oc23,-0.55000001192092896,34.024424056000001,13.216721360999999,11.917979322000001
1832,O,oc23,-0.55000001192092896,29.978635538999999,5.3269107880000002,19.467775546999999
1833,O,oc23,-0.55000001192092896,34.398303564000003,7.4507969440000004,14.477685992
1834,O,oc23,-0.55000001192092896,37.573415060000002,11.084714126,14.361936872999999
1835,O,oc23,-0.55000001192092896,20.490431403999999,15.619278925,12.681693652
1836,O,oc23,-0.55000001192092896,30.726795846000002,0.64811642999999997,21.323897035000002
1837,Si,sc4,1.1000000238418579,39.380888622999997,3.1990301529999998,6.5565729939999997
1838,Si,sc4,1.1000000238418579,28.598377321000001,15.551827175,13.213980453
1839,Si,sc4,1.1000000238418579,36.984940268999999,11.887997086,20.028628671
1840,Si,sc4,1.1000000238418579,34.181168364000001,3.468826966,13.164404142
1841,Si,sc4,1.1000000238418579,21.985221338999999,5.3228088839999996,4.9593002559999997
1842,Si,sc4,1.1000000238418579,31.049434887,0.65912493999999999,9.9070845369999994
1843,Si,sc4,1.1000000238418579,21.255361884999999,17.360292714,16.400617722
1844,Si,sc4,1.1000000238418579,20.175289561,16.003394705000002,11.154146791000001
1845,O,oc23,-0.55000001192092896,22.945117420999999,5.1161044679999996,13.99537724
1846,O,oc23,-0.55000001192092896,22.965033054999999,6.2496836199999999,11.426911835
1847,O,oc23,-0.55000001192092896,23.545080707,19.198422353000002,11.241543120999999
1848,O,oc23,-0.55000001192092896,25.176620018000001,17.607889916000001,10.073071322000001
1849,O,oc23,-0.55000001192092896,34.112674730000002,18.147997822000001,12.633864303999999
1850,O,oc23,-0.55000001192092896,35.148602494000002,18.853832778000001,10.309244779
1851,O,oc23,-0.55000001192092896,34.387459059000001,1.7268934279999999,3.4945490700000001
1852,O,oc23,-0.55000001192092896,26.019843355999999,18.903095139000001,11.986229418000001
1853,O,oc23,-0.55000001192092896,20.613592107999999,18.499134144999999,17.303902270999998
1854,O,oc23,-0.55000001192092896,37.020982089,9.9162900890000003,10.399946126
1855,O,oc23,-0.55000001192092896,20.193551967000001,8.6699749439999998,11.521744892999999
1856,O,oc23,-0.55000001192092896,37.345798201000001,4.6047095809999998,3.464448966
1857,O,oc23,-0.55000001192092896,33.767861283000002,3.576516765,14.617137659000001
1858,O,oc23,-0.55000001192092896,36.253831282999997,4.7540305570000001,19.029142270000001
1859,O,oc23,-0.55000001192092896,22.135958276,10.97367625,15.469193213
1860,O,oc23,-0.55000001192092896,20.754854219999999,16.376034537999999,7.8640878179999998
1861,Si,sc4,1.1000000238418579,24.771740077,11.524016691,20.559025684000002
1862,Si,sc4,1.1000000238418579,35.361907395000003,18.857603764,11.925533897999999
1863,Si,sc4,1.1000000238418579,36.374533771000003,19.083366537,21.297338699000001
1864,Si,sc4,1.1000000238418579,27.228360468000002,7.7643542940000003,3.639785485
1865,Si,sc4,1.1000000238418579,34.151174765,1.6237858590000001,9.6492158159999999
1866,Si,sc4,1.1000000238418579,27.395627285,19.203145345999999,15.340789696
1867,Si,sc4,1.1000000238418579,26.862220857000001,1.440544686,15.486403223
1868,O,oc23,-0.55000001192092896,25.285872458,18.138094971000001,18.015561968
1869,O,oc23,-0.55000001192092896,31.467338807000001,2.6300527200000001,15.773380719
1870,O,oc23,-0.55000001192092896,35.596257315000003,4.040302338,12.960927664
1871,O,oc23,-0.55000001192092896,33.045056885999998,19.476597385000002,7.6481986170000003
1872,O,oc23,-0.55000001192092896,25.787833907,4.3643212719999998,17.369626906000001
1873,O,oc23,-0.55000001192092896,25.909019388000001,1.7559206970000001,16.664931842000001
1874,O,oc23,-0.55000001192092896,37.878075242999998,8.1867121180000009,20.199124632
1875,O,oc23,-0.55000001192092896,25.905470233999999,3.6901025879999998,12.032760680999999
1876,O,oc23,-0.55000001192092896,25.884992310000001,6.7302534139999999,3.3082129490000001
1877,O,oc23,-0.55000001192092896,20.425522967999999,19.874343785000001,6.1392250529999997
1878,O,oc23,-0.55000001192092896,40.013911669000002,8.2484042849999994,21.46606448
1879,O,oc23,-0.55000001192092896,19.820519499,9.8535205850000001,19.613625473999999
1880,O,oc23,-0.55000001192092896,29.048290912999999,12.988886644000001,17.270945675
1881,O,oc23,-0.55000001192092896,31.346071626000001,16.512386421999999,2.4077848909999999
1882,O,oc23,-0.55000001192092896,33.370721238000002,7.287554868,3.3298617780000002
1883,O,oc24,-0.67500001192092896,28.456187670999999,10.905976312,4.5751049540000004
1884,Si,sc4,1.1000000238418579,36.698746743000001,1.326573461,21.877786229000002
1885,Si,sc4,1.1000000238418579,32.981924229000001,5.9265555719999998,19.295533327000001
1886,Si,sc4,1.1000000238418579,22.000097991000001,3.5553864640000001,7.3786131800000003
1887,Si,sc4,1.1000000238418579,28.953309581999999,5.7618632600000002,5.2150913369999996
1888,Si,sc4,1.1000000238418579,26.775786812,3.2968964349999998,10.786619398999999
1889,Si,sc4,1.1000000238418579,31.180580587000001,5.2731316399999999,13.248943627999999
1890,Si,sc4,1.1000000238418579,35.118003352999999,11.536405133000001,3.8935460649999998
1891,Si,sc4,1.1000000238418579,24.846724074000001,5.3953559100000001,3.8383271269999999
1892,O,oc23,-0.55000001192092896,34.575042801999999,18.945770006,17.921531331000001
1893,O,oc23,-0.55000001192092896,25.288172079999999,10.224420009999999,19.951973382999999
1894,O,oc23,-0.55000001192092896,21.950914447999999,15.187682557,2.9831793860000002
1895,O,oc23,-0.55000001192092896,26.950673378000001,10.418528852,12.613042169
1896,O,oc23,-0.55000001192092896,37.594460079999998,3.4707782100000002,14.377943075999999
1897,O,oc23,-0.55000001192092896,30.578800673,18.774490197999999,3.8214006559999998
1898,O,oc23,-0.55000001192092896,38.31032957,1.308832293,15.223647508999999
1899,O,oc23,-0.55000001192092896,30.934821468999999,19.645763267,10.446571667000001
1900,O,oc23,-0.55000001192092896,23.152172254,16.543419881999998,21.673506275000001
1901,O,oc23,-0.55000001192092896,39.149561611000003,10.712406446999999,4.4480248500000004
1902,O,oc23,-0.55000001192092896,33.454978212,8.5553741399999996,9.6198238539999998
1903,O,oc24,-0.67500001192092896,21.612067522,7.5559931259999997,2.5370854600000001
1904,O,oc23,-0.55000001192092896,26.933941650000001,9.9720164679999996,6.9758440860000004
1905,O,oc23,-0.55000001192092896,30.601578218,1.192425023,8.3621737609999993
1906,O,oc23,-0.55000001192092896,30.427297195000001,1.6714408590000001,10.983509060999999
1907,O,oc23,-0.55000001192092896,31.517449887000001,4.0627171070000001,7.2581493540000004
1908,Si,sc4,1.1000000238418579,32.390104534000002,11.410658682999999,18.717069861999999
1909,Si,sc4,1.1000000238418579,32.584462189,5.3741845530000001,22.101659182999999
1910,Si,sc4,1.1000000238418579,25.606053283000001,3.353703855,13.563117598
1911,Si,sc4,1.1000000238418579,27.610061570999999,14.010102703999999,10.793371201999999
1912,Si,sc4,1.1000000238418579,32.621147997999998,17.946016707999998,7.6844130909999997
1913,Si,sc4,1.1000000238418579,37.763137428,10.456978337000001,9.1550322200000007
1914,Si,sc4,1.1000000238418579,29.187337506999999,7.4444162729999999,12.675626773999999
1915,Si,sc4,1.1000000238418579,31.697334585,7.390637742,3.2147254670000001
1916,O,oc23,-0.55000001192092896,25.340823076,20.246195834000002,9.8403921430000008
1917,O,oc23,-0.55000001192092896,24.668814599000001,16.488149133,14.892027834
1918,O,oc23,-0.55000001192092896,31.255242589000002,13.340271155,16.188855308000001
1919,O,oc23,-0.55000001192092896,27.836993590999999,12.524184871999999,11.101571868000001
1920,O,oc23,-0.55000001192092896,30.242171668000001,3.683800942,9.6414251919999998
1921,O,oc23,-0.55000001192092896,36.446819257000001,19.506345450000001,19.712968059000001
1922,O,oc23,-0.55000001192092896,37.873557701000003,7.6448644210000003,10.713009863
1923,O,oc23,-0.55000001192092896,37.896820642000002,1.1995968720000001,20.795318043999998
1924,O,oc23,-0.55000001192092896,30.080751223,5.9569253440000001,8.7228902500000007
1925,O,oc23,-0.55000001192092896,20.190771756,10.947822648000001,17.218913908000001
1926,O,oc23,-0.55000001192092896,25.434110328999999,4.674108253,14.453488131
1927,O,oc23,-0.55000001192092896,27.789703571,14.524065602,9.2545865799999998
1928,O,oc23,-0.55000001192092896,38.405753042999997,6.1393915449999996,21.493873762
1929,O,oc23,-0.55000001192092896,34.084170958999998,3.2958854679999998,9.4907361160000008
1930,O,oc23,-0.55000001192092896,27.641263853000002,1.375716049,18.153785203000002
1931,O,oc23,-0.55000001192092896,25.577470215000002,8.3715817969999993,12.771450808999999
1932,Si,sc4,1.1000000238418579,24.989478417000001,19.496609292999999,18.814688703000002
1933,Si,sc4,1.1000000238418579,29.511346229000001,8.9853548130000007,17.324063754000001
1934,Si,sc4,1.1000000238418579,33.851474267,2.0169049600000002,18.393806479999999
1935,Si,sc4,1.1000000238418579,28.279124033999999,13.481388015,6.3069552059999996
1936,Si,sc4,1.1000000238418579,27.549790825999999,16.459146868000001,1.8350583309999999
1937,Si,sc4,1.1000000238418579,36.044760377000003,15.753021742,4.2644495339999997
1938,Si,sc4,1.1000000238418579,38.537059741999997,7.7052310640000004,21.489058533000001
1939,Si,sc4,1.1000000238418579,36.374615470999998,12.870722913,8.0760298180000003
1940,O,oc23,-0.55000001192092896,21.407994748,0.289716904,16.070887130999999
1941,O,oc24,-0.67500001192092896,32.114109120000002,11.675243843000001,1.5784173379999999
1942,O,oc24,-0.67500001192092896,30.205567558999999,18.739688222000002,21.756275580000001
1943,O,oc23,-0.55000001192092896,25.153438777000002,13.0333013,3.610298893
1944,O,oc23,-0.55000001192092896,33.416276328999999,12.559899343,19.029260470000001
1945,O,oc23,-0.55000001192092896,28.586847976000001,8.5039984709999992,18.640508852
1946,O,oc23,-0.55000001192092896,24.497679036000001,9.2900872660000005,5.9506421380000001
1947,O,oc23,-0.55000001192092896,30.670960943000001,4.9141236619999997,14.706824459
1948,O,oc23,-0.55000001192092896,28.693721496999999,6.7925259240000004,20.664341574000002
1949,O,oc23,-0.55000001192092896,38.301823132999999,15.390574931,21.834442135
1950,O,oc23,-0.55000001192092896,35.849677032000002,12.919280220999999,19.534279736999999
1951,O,oc23,-0.55000001192092896,23.282794112000001,5.6168933030000003,3.9871981810000001
1952,O,oc23,-0.55000001192092896,30.867735963000001,13.818023205999999,2.6120170030000001
1953,O,oc23,-0.55000001192092896,26.005774095,10.996131767,4.7724674140000003
1954,O,oc23,-0.55000001192092896,27.724151146000001,9.213686525,2.6985869899999999
1955,O,oc23,-0.55000001192092896,24.322874169999999,5.4846007229999998,9.3049185249999997
1956,Si,sc4,1.1000000238418579,25.849676181,12.583432813,4.930569298
1957,Si,sc4,1.1000000238418579,30.028624068999999,11.518092267,21.755898467000002
1958,Si,sc4,1.1000000238418579,22.944149032999999,9.3333838389999997,8.7815084819999996
1959,Si,sc4,1.1000000238418579,25.106593303,11.170767678000001,9.6851231809999998
1960,Si,sc4,1.1000000238418579,22.126524301,12.823531259999999,19.830464141
1961,Si,sc4,1.1000000238418579,22.88964296,7.6859235909999999,19.440060543000001
1962,Si,sc4,1.1000000238418579,27.496212290999999,12.654944485,19.882967301000001
1963,Si,sc4,1.1000000238418579,33.764112683999997,16.873921973000002,13.356760706999999
1964,O,oc23,-0.55000001192092896,33.809506777999999,9.8067024499999995,21.236382856999999
1965,O,oc23,-0.55000001192092896,28.175999110999999,1.8788203859999999,16.030328468
1966,O,oc23,-0.55000001192092896,27.684038733000001,12.607049013999999,7.4378217070000003
1967,O,oc23,-0.55000001192092896,23.564472499000001,12.166254846999999,19.595683048000001
1968,O,oc23,-0.55000001192092896,30.130581158999998,10.283999487000001,10.898992793
1969,O,oc23,-0.55000001192092896,26.747847734,8.1822786779999994,20.278706768999999
1970,O,oc23,-0.55000001192092896,38.496783927999999,17.171653283000001,16.912294866
1971,O,oc23,-0.55000001192092896,39.465227296999998,5.2475682089999998,14.519519522
1972,O,oc23,-0.55000001192092896,27.755999821,4.8019673940000001,5.3781266480000003
1973,O,oc23,-0.55000001192092896,27.284721615999999,13.220823265,5.0527398940000001
1974,O,oc23,-0.55000001192092896,34.971579708,0.935923744,18.788105038000001
1975,O,oc23,-0.55000001192092896,38.972901669999999,1.426358266,9.8716964059999999
1976,O,oc23,-0.55000001192092896,31.146835986999999,17.645593600000002,8.1776711409999994
1977,O,oc23,-0.55000001192092896,30.249428570999999,19.225146467999998,17.679550613
1978,O,oc23,-0.55000001192092896,30.010522661,10.10265137,21.112796678999999
1979,O,oc23,-0.55000001192092896,31.121720372999999,9.1361257180000006,17.655848767999998
1980,Si,sc4,1.1000000238418579,28.129677480000002,11.794029897,17.164922699000002
1981,Si,sc4,1.1000000238418579,33.298719300000002,10.139277100999999,9.1262305539999993
1982,Si,sc4,1.1000000238418579,27.760836954999998,7.3488327709999997,19.532886669
1983,Si,sc4,1.1000000238418579,29.626161494000002,0.39512401899999999,2.0402346329999999
1984,Si,sc4,1.1000000238418579,30.124655488999998,6.3511094339999996,20.623381172999999
1985,Si,sc4,1.1000000238418579,32.590467156000003,13.607549347000001,15.299735719999999
1986,Si,sc4,1.1000000238418579,32.627114517999999,8.389355686,17.828634848
1987,Si,sc4,1.1000000238418579,26.372437549000001,17.141863235999999,17.408461823
1988,O,oc23,-0.55000001192092896,31.648715735,14.218546602,11.216306088
1989,O,oc23,-0.55000001192092896,29.879501913999999,13.152294796,5.9579367449999996
1990,O,oc23,-0.55000001192092896,23.535889430000001,1.580970075,10.294537013999999
1991,O,oc23,-0.55000001192092896,24.135290426000001,16.909636444,3.0095730870000001
1992,O,oc23,-0.55000001192092896,21.301806067000001,16.929482892999999,10.323173342
1993,O,oc23,-0.55000001192092896,21.697292883999999,9.7802691230000001,9.7031123939999997
1994,O,oc23,-0.55000001192092896,38.783664698000003,13.227576218999999,4.8264818399999996
1995,O,oc23,-0.55000001192092896,32.239528595000003,5.1051252070000004,9.6583048770000008
1996,O,oc23,-0.55000001192092896,33.089564291000002,7.6544764829999998,16.536906140999999
1997,O,oc23,-0.55000001192092896,24.702801898000001,1.084498843,8.1117060609999996
1998,O,oc23,-0.55000001192092896,26.979417442999999,17.753979191999999,16.061467744000002
1999,O,oc23,-0.55000001192092896,38.529761987999997,15.771292624999999,9.1005453470000006
2000,O,oc23,-0.55000001192092896,23.218248521,17.135731370999999,8.3661352079999993
2001,O,oc23,-0.55000001192092896,29.296993643,11.431541104000001,12.928679562999999
2002,O,oc24,-0.67500001192092896,32.999703642,1.444186484,22.155012253999999
2003,O,oc23,-0.55000001192092896,31.012143535,5.6082338649999999,21.819356201000002
2004,Si,sc4,1.1000000238418579,30.066802109000001,19.473489471000001,16.174454650000001
2005,Si,sc4,1.1000000238418579,30.291316763000001,15.793624664999999,19.601325674000002
2006,Si,sc4,1.1000000238418579,25.135661766999998,18.2369111,2.7579372869999998
2007,Si,sc4,1.1000000238418579,34.380564999999997,13.210340071999999,20.039346846000001
2008,Si,sc4,1.1000000238418579,21.006257862999998,0.67829550699999996,2.8971525539999998
2009,Si,sc4,1.1000000238418579,20.162791827,6.4531563360000002,8.7496615910000006
2010,Si,sc4,1.1000000238418579,30.489382166999999,13.36919069,17.632429759000001
2011,Si,sc4,1.1000000238418579,29.630960180999999,7.1877453679999999,7.8705161549999998
2012,O,oc23,-0.55000001192092896,24.832412115,4.1170883270000003,2.8030037179999998
2013,O,oc23,-0.55000001192092896,30.372147132999999,14.840771615,18.254190178000002
2014,O,oc24,-0.67500001192092896,22.500526358999998,0.29760098400000001,2.4711961900000001
2015,O,oc23,-0.55000001192092896,22.082985283999999,8.8661964760000007,19.967342152000001
2016,O,oc23,-0.55000001192092896,26.602190628999999,2.23376412,14.144296137
2017,O,oc23,-0.55000001192092896,20.039429276,14.507036897000001,10.322394139
2018,O,oc23,-0.55000001192092896,30.724498626999999,7.7971269269999999,20.142181950000001
2019,O,oc23,-0.55000001192092896,24.332952134999999,-0.029716388,17.981330503999999
2020,O,oc23,-0.55000001192092896,31.055925250000001,12.254587783,18.595252457000001
2021,O,oc23,-0.55000001192092896,28.426516067000001,7.1849696060000001,11.251741710999999
2022,O,oc23,-0.55000001192092896,35.709462604999999,15.093838845000001,2.8920066480000002
2023,O,oc23,-0.55000001192092896,32.675733368000003,0.85812686400000004,10.063628366
2024,O,oc23,-0.55000001192092896,23.963991461999999,19.098530741000001,2.063417243
2025,O,oc23,-0.55000001192092896,26.455848684999999,2.8803515970000002,6.4358352600000002
2026,O,oc23,-0.55000001192092896,26.318899863999999,0.56775493399999999,5.1602495130000001
2027,O,oc23,-0.55000001192092896,22.818729558000001,13.650306943,4.7446806459999999
2028,Si,sc4,1.1000000238418579,25.250839877000001,2.609407375,2.3858293060000002
2029,Si,sc4,1.1000000238418579,28.261385471000001,2.8458885650000001,2.9736417999999998
2030,Si,sc4,1.1000000238418579,31.356029443000001,13.89131665,9.6973522719999998
2031,Si,sc4,1.1000000238418579,30.996019752999999,4.6705863819999998,8.743735955
2032,Si,sc4,1.1000000238418579,31.044799600000001,3.4992504499999999,5.738949377
2033,Si,sc4,1.1000000238418579,31.181505723000001,9.2082177309999995,20.668920403000001
2034,Si,sc4,1.1000000238418579,31.866172930000001,15.042918188,2.960209254
2035,O,oc23,-0.55000001192092896,30.30260341,4.7947995570000002,5.0847987349999997
2036,O,oc23,-0.55000001192092896,32.222796867,15.257329726,4.53119519
2037,O,oc23,-0.55000001192092896,33.527948537999997,15.580002144,12.463793299000001
2038,O,oc23,-0.55000001192092896,24.163349652000001,15.191244866,9.7010115359999993
2039,O,oc23,-0.55000001192092896,29.862489041,-0.156363792,3.4934866809999998
2040,O,oc23,-0.55000001192092896,32.221708331999999,4.6210338499999999,19.014551649000001
2041,O,oc23,-0.55000001192092896,28.814142839999999,15.727126157000001,20.383147418
2042,O,oc24,-0.67500001192092896,30.793919799000001,4.0289498679999998,1.0599641179999999
2043,O,oc23,-0.55000001192092896,36.102327805000002,6.8357391500000002,3.6842623250000002
2044,O,oc23,-0.55000001192092896,24.666558231,1.356914215,3.3109273190000001
2045,O,oc23,-0.55000001192092896,31.015570139000001,7.9847310030000003,4.5966355830000003
2046,O,oc24,-0.67500001192092896,23.288962478999998,15.689589165999999,0.81463089200000005
2047,O,oc23,-0.55000001192092896,32.479561488000002,17.189799454999999,14.233132320999999
2048,O,oc23,-0.55000001192092896,31.665082215000002,15.518474818,20.481379771
2049,O,oc23,-0.55000001192092896,27.179054375,12.305797375999999,15.998977418000001
2050,Si,sc4,1.1000000238418579,25.026728919,19.018565838000001,10.794315392
2051,Si,sc4,1.1000000238418579,20.612222426999999,13.061267593,7.3013376069999998
2052,Si,sc4,1.1000000238418579,30.93167601,17.489311303000001,14.008833707999999
2053,Si,sc4,1.1000000238418579,27.329671164000001,1.6893312789999999,5.7585677039999998
2054,Si,sc4,1.1000000238418579,34.528601023999997,15.749210008,15.867929887000001
2055,Si,sc4,1.1000000238418579,30.171782107999999,18.584028247999999,11.357339731
2056,Si,sc4,1.1000000238418579,27.812481117000001,7.251260673,15.416972889
2057,Si,sc4,1.1000000238418579,24.961017899000002,1.0368768719999999,9.6633097170000006
2058,O,oc23,-0.55000001192092896,32.627679211,4.6980143160000001,16.382770277999999
2059,O,oc23,-0.55000001192092896,30.888701686000001,8.0010966369999998,7.2536402659999997
2060,O,oc23,-0.55000001192092896,27.417880988,5.8360679639999997,16.095297468999998
2061,O,oc23,-0.55000001192092896,27.022391767999999,12.676945607,13.453694973999999
2062,O,oc23,-0.55000001192092896,35.288574222999998,1.4275473489999999,10.734328014000001
2063,O,oc23,-0.55000001192092896,30.020603028,20.515296545999998,5.8258978839999997
2064,O,oc23,-0.55000001192092896,33.728272713000003,12.429471882,15.427147205000001
2065,O,oc23,-0.55000001192092896,29.045104603999999,10.589518488,8.4283347840000005
2066,O,oc23,-0.55000001192092896,34.435393068000003,1.8932014370000001,12.986046497
2067,O,oc23,-0.55000001192092896,35.534294893999999,20.037213576999999,6.7279661380000002
2068,O,oc23,-0.55000001192092896,24.391045809000001,8.0224754350000005,19.186983832999999
2069,O,oc23,-0.55000001192092896,39.325495861999997,3.3906487740000002,2.5244071400000001
2070,O,oc23,-0.55000001192092896,37.185668139999997,11.912773969,9.0317520949999999
2071,O,oc23,-0.55000001192092896,27.321972119000002,16.745649185000001,18.575776250000001
2072,O,oc23,-0.55000001192092896,37.664767939999997,12.664101535,21.300856545999999
2073,O,oc23,-0.55000001192092896,20.755500612999999,4.4853854760000003,4.1860001440000003
2074,O,oc24,-0.67500001192092896,39.523400268000003,13.481554708999999,23.130891088999999
2075,Si,sc4,1.1000000238418579,40.405335457,3.2654703180000002,17.881350484999999
2076,O,oc23,-0.55000001192092896,25.244106816999999,18.108222194,22.254072004000001
2077,O,oc23,-0.55000001192092896,25.855601850999999,16.074740918,20.644037968999999
2078,O,oc24,-0.67500001192092896,34.232408829999997,18.187482043999999,24.002187154000001
2079,O,oc24,-0.67500001192092896,35.294704144000001,0.71663247399999996,1.226990075
2080,O,oc24,-0.67500001192092896,33.896344517999999,11.143962068,23.490911747999998
2081,O,oc23,-0.55000001192092896,27.260975683000002,12.032346572,2.4712426249999999
2082,O,oc24,-0.67500001192092896,30.189198676,18.446431715999999,1.1885808170000001
2083,H,hoy,0.40000000596046448,25.572932334000001,8.0606908990000008,22.166914149
2084,H,hoy,0.40000000596046448,35.206820548000003,14.236097770000001,0.18813181700000001
2085,O,oc24,-0.67500001192092896,37.218968195000002,3.8314065149999998,0.922117996
2086,H,hoy,0.40000000596046448,22.516042579000001,12.335651617,21.800726604000001
2087,O,oc24,-0.67500001192092896,39.722556609999998,10.556290842999999,1.925004044
2088,H,hoy,0.40000000596046448,35.697347575000002,5.4850665630000002,1.461820259
2089,O,oc24,-0.67500001192092896,36.543090970999998,10.018668527000001,0.52309848800000003
2090,O,oc23,-0.55000001192092896,35.426693280000002,8.1367866850000006,1.7724026660000001
2091,H,hoy,0.40000000596046448,24.389609467,10.479551070999999,22.394461467999999
2092,O,oc23,-0.55000001192092896,21.5313573,20.330261406999998,1.7890223810000001
2093,O,oc24,-0.67500001192092896,29.317714264999999,6.1633392809999998,0.72610216800000005
2094,H,hoy,0.40000000596046448,39.109204589999997,6.9120656260000004,2.3701740779999998
2095,H,hoy,0.40000000596046448,22.501168621000001,7.8040044740000001,2.3758324719999999
2096,O,oc24,-0.67500001192092896,33.118632755,6.2738801620000002,23.389656860999999
2097,O,oc23,-0.55000001192092896,27.124589151999999,14.85734469,2.1635140549999998
2098,O,oc24,-0.67500001192092896,28.163179382999999,16.578967659,0.35777235400000001
2099,O,oc24,-0.67500001192092896,37.740520879999998,8.2871433240000005,22.832818304
2100,H,hoy,0.40000000596046448,31.843049672999999,12.054502704000001,0.77441113100000003
2101,H,hoy,0.40000000596046448,30.670745014000001,18.087424500000001,22.255337988000001
2102,O,oc24,-0.67500001192092896,29.624349671000001,11.312175943,23.348060434000001
2103,O,oc23,-0.55000001192092896,31.720717673999999,11.759226686,21.778844677999999
2104,O,oc24,-0.67500001192092896,22.823004401999999,6.8220665479999996,20.839558485000001
2105,O,oc24,-0.67500001192092896,30.821092337,0.19228419999999999,0.97528251099999996
2106,O,oc24,-0.67500001192092896,28.279568578999999,-0.24706007699999999,1.423053747
2107,O,oc24,-0.67500001192092896,20.142110853999998,0.78354933699999996,1.5295488180000001
2108,H,hoy,0.40000000596046448,22.819247812,0.93032095800000003,1.836373737
2109,O,oc24,-0.67500001192092896,31.911728020999998,8.795141052,22.075855073
2110,H,hoy,0.40000000596046448,30.537381648,3.1792259450000002,1.374463309
2111,H,hoy,0.40000000596046448,39.151453072999999,14.036402536000001,23.791411995000001
2112,H,hoy,0.40000000596046448,34.698052918999998,18.983910485999999,24.182689793000002
2113,H,hoy,0.40000000596046448,34.813874468000002,11.330849852,23.476260924000002
2114,H,hoy,0.40000000596046448,29.359448137000001,18.347278917000001,0.76523979099999995
2115,H,hoy,0.40000000596046448,37.461462277000003,3.1308592850000001,0.34509221000000001
2116,H,hoy,0.40000000596046448,36.275065339999998,9.3607345179999992,-0.094337351
2117,H,hoy,0.40000000596046448,30.006784608,6.3472692950000003,0.11852692400000001
2118,H,hoy,0.40000000596046448,34.029084922999999,6.0810123459999996,23.530199946
2119,H,hoy,0.40000000596046448,28.373520460999998,15.735417100999999,0.003280832
2120,H,hoy,0.40000000596046448,21.944965880000002,6.498108599,20.98196978
2121,H,hoy,0.40000000596046448,32.843119936999997,8.7563497990000005,21.947118550999999
2122,Si,sc4,1.1000000238418579,24.910704971000001,16.559329886,21.916690800000001
2123,O,oc24,-0.67500001192092896,25.271601349000001,15.693152711,23.261797202
2124,H,hoy,0.40000000596046448,24.820671797999999,14.866712389,23.229421467000002
2125,Si,sc4,1.1000000238418579,26.943577472000001,13.376565968,1.436722692
2126,O,oc24,-0.67500001192092896,27.670695162000001,13.201515175000001,0.024995308000000001
2127,H,hoy,0.40000000596046448,27.149680176,12.617247635,-0.49154162099999998
2128,O,oc23,-0.55000001192092896,25.422379136,13.094248285000001,1.2001474969999999
2129,Si,sc4,1.1000000238418579,29.716668536,1.870770152,20.768192632000002
2130,O,oc24,-0.67500001192092896,29.594151822000001,2.9308780539999999,22.027978586
2131,H,hoy,0.40000000596046448,29.807431360999999,2.4956851370000002,22.828908315
2132,O,oc24,-0.67500001192092896,22.977691786000001,19.239109241000001,22.531841185000001
2133,H,hoy,0.40000000596046448,23.042033172,19.620604245999999,23.388285614000001
2134,O,oc23,-0.55000001192092896,39.480303393,2.4735103490000001,19.054826772999998
2135,O,oc23,-0.55000001192092896,40.251082650999997,4.8672227970000002,17.573220880000001
2136,O,oc23,-0.55000001192092896,22.652149984000001,4.4570873390000001,21.227743025999999
2137,O,oc23,-0.55000001192092896,40.770752250999998,5.7694039970000004,19.678759110000001
2138,Si,sc4,1.1000000238418579,40.607414497999997,6.349203567,18.281480225999999
2139,O,oc23,-0.55000001192092896,39.417050588999999,7.4638064740000001,18.175410110000001
2140,Si,sc4,1.1000000238418579,39.423461654999997,1.4960261180000001,20.467947225
2141,Si,sc4,1.1000000238418579,24.169114324999999,4.3973010370000001,20.940671251000001
2142,O,oc24,-0.67500001192092896,24.958276134999998,5.4826948560000002,21.877926942999999
2143,H,hoy,0.40000000596046448,24.387793136999999,6.2367227319999996,21.876065509
2144,O,oc24,-0.67500001192092896,39.939972955000002,2.231518538,21.852595632
2145,H,hoy,0.40000000596046448,40.00868148,1.57638386,22.523838557000001
2146,H,hoy,0.40000000596046448,32.188892637999999,1.2961195999999999,21.704909177000001
2147,O,oc24,-0.67500001192092896,37.241181046999998,1.5813594900000001,23.334862879999999
2148,H,hoy,0.40000000596046448,36.713437909,1.0622928,23.919795717
2149,H,hoy,0.40000000596046448,38.271927396000002,3.3682174900000001,22.371800309000001
2150,H,hoy,0.40000000596046448,28.102381434000002,-1.054582898,1.87006874
2151,O,oc24,-0.67500001192092896,24.695504144000001,2.3429043100000002,0.89721164099999995
2152,H,hoy,0.40000000596046448,24.731979032000002,3.1396221789999998,0.40746964499999999
2153,H,hoy,0.40000000596046448,29.19651086,10.365199343,4.7972797890000001
2154,O,oc24,-0.67500001192092896,24.616286153000001,10.815571433000001,2.438097473
2155,H,hoy,0.40000000596046448,25.400546125999998,10.706974824,2.9431481559999999
2156,H,hoy,0.40000000596046448,32.177864145000001,8.8715048999999997,1.758585026
2157,H,hoy,0.40000000596046448,24.231974332,15.587719285,0.85119659400000003
2158,H,hoy,0.40000000596046448,40.204649005,11.288206295,2.241852744
2159,H,hoy,0.40000000596046448,20.635054122,10.465047808,22.559256756
2160,H,hoy,0.40000000596046448,38.350421009999998,8.7824192510000003,23.333302592999999
2161,H,hoy,0.40000000596046448,34.354513996999998,0.81696091599999998,1.1457999990000001
2162,H,hoy,0.40000000596046448,30.156931926999999,10.628166290999999,23.706398076999999
2163,Si,sc4,1.1000000238418579,35.682974907999998,41.002667545999998,18.344466569000001
2164,Si,sc4,1.1000000238418579,34.487842217000001,27.697905890000001,16.200541595000001
2165,Si,sc4,1.1000000238418579,38.825391891999999,34.973774900000002,21.664487922999999
2166,Si,sc4,1.1000000238418579,37.249365488999999,35.405497216000001,16.283428396000001
2167,Si,sc4,1.1000000238418579,28.495170697999999,23.007804594,17.357562802
2168,Si,sc4,1.1000000238418579,37.911252748000003,22.934427186000001,13.868437850999999
2169,Si,sc4,1.1000000238418579,20.555498433,20.153720246999999,17.374348560000001
2170,Si,sc4,1.1000000238418579,33.731658467000003,23.235140464000001,21.591233688999999
2171,O,oc23,-0.55000001192092896,29.097919001000001,40.384297482999997,14.93428632
2172,O,oc23,-0.55000001192092896,34.522836351000002,26.549244338000001,10.389369718999999
2173,O,oc23,-0.55000001192092896,32.590993402000002,33.041098965000003,6.4971425790000001
2174,O,oc23,-0.55000001192092896,28.240100156,23.772141691000002,11.470846223000001
2175,O,oc23,-0.55000001192092896,36.887539169999997,38.803501202,11.979596167
2176,O,oc23,-0.55000001192092896,22.007837887000001,39.619007144000001,20.253941127000001
2177,O,oc23,-0.55000001192092896,23.935206547,25.818964651000002,16.704097437000001
2178,O,oc23,-0.55000001192092896,28.848771725999999,28.824316896999999,8.9972845840000009
2179,O,oc23,-0.55000001192092896,38.277834501999997,38.638145819000002,14.091414457000001
2180,O,oc23,-0.55000001192092896,36.608479996,35.004394713000003,8.4854894160000001
2181,O,oc23,-0.55000001192092896,29.400036865000001,22.591867571000002,2.3892528749999999
2182,O,oc23,-0.55000001192092896,32.258153845999999,31.005628475000002,19.935283310999999
2183,O,oc24,-0.67500001192092896,33.750687413000001,23.050231272000001,1.015038401
2184,O,oc23,-0.55000001192092896,39.188184196000002,23.022471186000001,12.834012196
2185,O,oc23,-0.55000001192092896,20.317116366,21.198677219,11.713369745
2186,O,oc23,-0.55000001192092896,22.166314719999999,33.672935424000002,7.4659221789999997
2187,Si,sc4,1.1000000238418579,27.637152408999999,28.368563499,9.9909869409999992
2188,Si,sc4,1.1000000238418579,33.525086627,25.280390327999999,10.644547288
2189,Si,sc4,1.1000000238418579,35.109335919000003,28.049165689999999,2.6930625639999999
2190,Si,sc4,1.1000000238418579,34.808667032000002,28.176030840999999,9.9193843370000003
2191,Si,sc4,1.1000000238418579,37.759547423000001,21.67332012,16.934816823999999
2192,Si,sc4,1.1000000238418579,37.788010344,27.153738061999999,3.6604422809999999
2193,Si,sc4,1.1000000238418579,22.628041204999999,25.793192544,12.495805704
2194,Si,sc4,1.1000000238418579,31.532367389000001,29.529281341000001,6.129084057
2195,O,oc23,-0.55000001192092896,33.305651806,23.183433259000001,20.017721939000001
2196,O,oc23,-0.55000001192092896,38.528070313000001,25.219526074000001,6.5576849409999998
2197,O,oc23,-0.55000001192092896,30.154769235,37.985715876,10.421948498000001
2198,O,oc23,-0.55000001192092896,38.444495775999997,25.211986571000001,19.249096342000001
2199,O,oc23,-0.55000001192092896,35.707686826,29.361026719000002,6.505400592
2200,O,oc24,-0.67500001192092896,37.518507694999997,24.488127685999999,21.629524747000001
2201,O,oc23,-0.55000001192092896,40.065111285,23.025992748,16.325662960999999
2202,O,oc23,-0.55000001192092896,37.323099953000003,23.02785725,17.857861118999999
2203,O,oc23,-0.55000001192092896,23.003088545000001,24.513897323999998,11.543747265
2204,O,oc23,-0.55000001192092896,30.933934781000001,31.065248082,6.2443749769999997
2205,O,oc23,-0.55000001192092896,30.215323527999999,23.143950272000001,6.7276710350000002
2206,O,oc23,-0.55000001192092896,33.152860347999997,29.495265912000001,6.1107164279999999
2207,O,oc23,-0.55000001192092896,28.839056607,22.599367561000001,5.061970724
2208,O,oc23,-0.55000001192092896,36.589330902,20.582500107000001,17.292901261000001
2209,O,oc23,-0.55000001192092896,20.084219028,37.818703432,15.346904416999999
2210,Si,sc4,1.1000000238418579,37.597564689000002,33.899609456999997,11.811460681
2211,Si,sc4,1.1000000238418579,21.63928091,28.765897486,3.9374093920000002
2212,Si,sc4,1.1000000238418579,33.911502314000003,38.534067102999998,17.907012473999998
2213,Si,sc4,1.1000000238418579,34.812901027000002,32.349887383999999,11.509728279999999
2214,Si,sc4,1.1000000238418579,21.024277570999999,32.636060018000002,16.107975085
2215,Si,sc4,1.1000000238418579,23.199825118,33.187436429999998,6.3692917810000003
2216,Si,sc4,1.1000000238418579,24.464621678,40.171418293999999,21.772376060999999
2217,Si,sc4,1.1000000238418579,31.212549410000001,22.059178159999998,16.806154393
2218,O,oc23,-0.55000001192092896,23.754315012999999,35.306846546000003,16.441459923
2219,O,oc23,-0.55000001192092896,34.516547836000001,31.504840818000002,5.072404658
2220,O,oc23,-0.55000001192092896,39.995163867999999,27.141886745000001,7.3736791359999998
2221,O,oc23,-0.55000001192092896,22.819133253,37.037170936000003,13.531034132
2222,O,oc23,-0.55000001192092896,37.469081455000001,27.470816974000002,7.1840843449999996
2223,O,oc23,-0.55000001192092896,37.148496934999997,37.755935162999997,4.3137430099999996
2224,O,oc23,-0.55000001192092896,25.128928706,40.022428544,3.8302529660000002
2225,O,oc23,-0.55000001192092896,20.352675192,41.052055854000002,3.9443268859999998
2226,O,oc23,-0.55000001192092896,21.079509334000001,25.690938816999999,12.693993452000001
2227,O,oc23,-0.55000001192092896,34.830478593000002,37.329722388,14.518504271999999
2228,O,oc23,-0.55000001192092896,20.150939286,21.169425531000002,8.2665760989999999
2229,O,oc23,-0.55000001192092896,34.778834431,26.120712666999999,16.27998161
2230,O,oc23,-0.55000001192092896,39.118921618999998,27.209174269999998,12.542124489000001
2231,O,oc23,-0.55000001192092896,28.225182654000001,35.159681786,14.451032674
2232,O,oc23,-0.55000001192092896,26.277980060000001,22.618385480000001,10.136010174000001
2233,O,oc23,-0.55000001192092896,30.405608184999998,25.023760788000001,17.521047695
2234,Si,sc4,1.1000000238418579,33.707066695000002,39.092405145999997,22.222837747
2235,Si,sc4,1.1000000238418579,36.498987261000003,29.939871812,16.581171207000001
2236,Si,sc4,1.1000000238418579,20.747638167000002,39.654430210000001,4.6003419860000001
2237,Si,sc4,1.1000000238418579,35.124090019999997,30.017017737,20.187367987999998
2238,Si,sc4,1.1000000238418579,33.985078184000002,24.764520946000001,16.255429853999999
2239,Si,sc4,1.1000000238418579,22.119872941000001,35.430770475999999,16.527203216
2240,Si,sc4,1.1000000238418579,34.128921062000003,23.440892564999999,2.555829954
2241,Si,sc4,1.1000000238418579,34.754564655000003,34.874462395000002,2.21115555
2242,O,oc23,-0.55000001192092896,34.619953903000003,33.655782006999999,3.2855960080000002
2243,O,oc23,-0.55000001192092896,29.144884622999999,28.62685257,16.285765653999999
2244,O,oc24,-0.67500001192092896,31.619406977000001,29.385470214000001,2.1794738219999998
2245,O,oc23,-0.55000001192092896,20.014353310000001,25.183107784000001,20.898034947999999
2246,O,oc23,-0.55000001192092896,33.265419244999997,26.616240458,21.009605569000001
2247,O,oc23,-0.55000001192092896,19.965250266999998,35.146341337000003,20.807192887999999
2248,O,oc23,-0.55000001192092896,25.958484075000001,36.636110414999997,7.923555962
2249,O,oc23,-0.55000001192092896,36.472540414000001,31.197333837999999,20.369927349000001
2250,O,oc23,-0.55000001192092896,25.707284683000001,34.951237888999998,14.912472151999999
2251,O,oc23,-0.55000001192092896,24.286469506,20.734554553999999,5.5468059939999996
2252,O,oc23,-0.55000001192092896,28.655906302000002,39.503575959000003,11.748049734
2253,O,oc23,-0.55000001192092896,21.49926833,20.731405892000002,18.500183352000001
2254,O,oc23,-0.55000001192092896,29.255629293999998,33.526555977000001,20.784740583000001
2255,O,oc23,-0.55000001192092896,30.17162111,38.008793717000003,18.910111000000001
2256,O,oc23,-0.55000001192092896,21.620655659000001,36.843393630000001,17.193181561999999
2257,O,oc23,-0.55000001192092896,34.458132165999999,31.569019193999999,10.137544659
2258,Si,sc4,1.1000000238418579,30.223546417000001,37.486666522999997,8.9401533460000007
2259,Si,sc4,1.1000000238418579,33.551290776000002,32.171233534000002,22.026916195999998
2260,Si,sc4,1.1000000238418579,36.965671028000003,29.460381206000001,11.400376717
2261,Si,sc4,1.1000000238418579,27.822760929000001,31.633612453000001,8.1860070300000007
2262,Si,sc4,1.1000000238418579,28.324921823,31.339073022000001,3.1302563380000001
2263,Si,sc4,1.1000000238418579,33.520732485000003,34.050589655000003,7.4941831529999998
2264,Si,sc4,1.1000000238418579,34.464259683999998,30.395748687000001,6.2839398920000002
2265,Si,sc4,1.1000000238418579,27.616431787,36.243211721000002,8.0717686509999993
2266,O,oc23,-0.55000001192092896,32.344184194999997,23.482242523,5.4699382280000002
2267,O,oc23,-0.55000001192092896,34.045226378999999,29.884768991000001,18.847667812000001
2268,O,oc23,-0.55000001192092896,22.840096573,31.624786320999998,6.0206388459999998
2269,O,oc23,-0.55000001192092896,28.125727033,35.480986080000001,6.7654908330000003
2270,O,oc23,-0.55000001192092896,22.131161990999999,34.440174229,13.494442192999999
2271,O,oc23,-0.55000001192092896,39.519449821000002,31.064833199999999,9.7424904669999997
2272,O,oc23,-0.55000001192092896,21.840210627000001,34.804194136,19.247821474999999
2273,O,oc23,-0.55000001192092896,38.355158969999998,37.943000261999998,19.599343015999999
2274,O,oc23,-0.55000001192092896,37.234447987000003,26.018416958,11.632135276
2275,O,oc23,-0.55000001192092896,34.936061731000002,33.328096424999998,7.7883561400000003
2276,O,oc23,-0.55000001192092896,37.640257869000003,33.931471448000003,15.959386866999999
2277,O,oc23,-0.55000001192092896,37.221145266000001,35.352836769,11.006644531999999
2278,O,oc23,-0.55000001192092896,36.670889365000001,35.433961121000003,5.0736330900000004
2279,O,oc23,-0.55000001192092896,33.672034115000002,35.519560276999997,6.884075513
2280,O,oc23,-0.55000001192092896,33.542702640000002,30.733956974000002,15.06530993
2281,Si,sc4,1.1000000238418579,19.906954745,31.769177789,18.966817282000001
2282,Si,sc4,1.1000000238418579,22.692101398999998,33.574245242000003,12.436030452000001
2283,Si,sc4,1.1000000238418579,20.751749611000001,35.860544324999999,19.536025995999999
2284,Si,sc4,1.1000000238418579,35.309902790999999,38.521018060000003,8.9615184600000006
2285,Si,sc4,1.1000000238418579,33.220508144,30.633982631999999,13.471873095999999
2286,Si,sc4,1.1000000238418579,38.290574933000002,38.331051252000002,5.2527928040000003
2287,Si,sc4,1.1000000238418579,20.112882594999999,26.597637421000002,13.395006033
2288,Si,sc4,1.1000000238418579,38.242196378000003,33.161871763999997,14.659608623
2289,O,oc23,-0.55000001192092896,28.810997381,31.030321394000001,16.892676538
2290,O,oc23,-0.55000001192092896,36.367800709999997,32.761142161000002,11.720522935
2291,O,oc23,-0.55000001192092896,25.827583475000001,25.714804440999998,7.3687522159999999
2292,O,oc23,-0.55000001192092896,33.399626300999998,35.729080893000003,15.76622753
2293,O,oc23,-0.55000001192092896,20.898334253000002,23.398092986000002,10.533472332000001
2294,O,oc23,-0.55000001192092896,35.832904454000001,35.560991729999998,15.758177289000001
2295,O,oc23,-0.55000001192092896,22.818890554999999,33.312891473999997,2.7713459110000001
2296,O,oc23,-0.55000001192092896,33.253565502000001,35.465035327999999,2.1274884900000002
2297,O,oc23,-0.55000001192092896,24.397295877000001,27.782467839999999,14.819717087000001
2298,O,oc23,-0.55000001192092896,25.504499889000002,25.126552874000001,4.8857378579999997
2299,O,oc23,-0.55000001192092896,32.644973229000001,34.417511269999999,13.670532937999999
2300,O,oc23,-0.55000001192092896,30.528607892,33.441579144000002,9.8857903070000006
2301,O,oc23,-0.55000001192092896,38.097548512000003,34.04793737,13.363701418
2302,O,oc23,-0.55000001192092896,32.342451670000003,38.682644439999997,17.589958795000001
2303,O,oc23,-0.55000001192092896,37.348016121999997,29.651879128000001,15.306110059
2304,O,oc23,-0.55000001192092896,21.47608709,37.126995473000001,19.883369741999999
2305,Si,sc4,1.1000000238418579,27.323019804000001,36.568864871999999,19.985733454999998
2306,Si,sc4,1.1000000238418579,23.250299043999998,22.211148642000001,14.162237858999999
2307,Si,sc4,1.1000000238418579,30.746711479999998,24.808893619999999,19.030960293
2308,Si,sc4,1.1000000238418579,35.632460131999999,21.769775369000001,12.130709496
2309,Si,sc4,1.1000000238418579,38.800961117999996,37.737290143999999,15.310737434
2310,Si,sc4,1.1000000238418579,31.054394572,39.181110982,18.300791797999999
2311,Si,sc4,1.1000000238418579,33.253363653999997,36.806229539,20.473093130999999
2312,Si,sc4,1.1000000238418579,30.286640626000001,38.137646846000003,2.8895033479999999
2313,O,oc23,-0.55000001192092896,22.507297866999998,38.606822188000002,15.514331409
2314,O,oc23,-0.55000001192092896,26.044920522999998,36.554116786000002,16.960053856999998
2315,O,oc23,-0.55000001192092896,36.976111838000001,22.427880311999999,12.629544387999999
2316,O,oc23,-0.55000001192092896,28.976329825000001,27.218743733,6.8772670720000004
2317,O,oc23,-0.55000001192092896,35.418871682999999,23.065851105,21.870561979000001
2318,O,oc23,-0.55000001192092896,26.709508696,27.389527163,9.1403480239999997
2319,O,oc23,-0.55000001192092896,39.465467590999999,26.572198701000001,10.011077364
2320,O,oc23,-0.55000001192092896,19.749445098999999,36.275402159999999,18.397512884000001
2321,O,oc23,-0.55000001192092896,37.791720496000003,39.203193599000002,21.722398716000001
2322,O,oc23,-0.55000001192092896,32.669122858000001,26.460454537,13.362804368000001
2323,O,oc23,-0.55000001192092896,31.962163499999999,31.350092104000002,9.0088287499999993
2324,O,oc23,-0.55000001192092896,21.470846259999998,33.339283436000002,11.345842704000001
2325,O,oc23,-0.55000001192092896,33.216154002000003,37.616307435000003,21.830569690000001
2326,O,oc23,-0.55000001192092896,28.771932653,37.637728215000003,3.0438749070000002
2327,O,oc23,-0.55000001192092896,20.552030979000001,33.753770838999998,3.9139903829999998
2328,O,oc24,-0.67500001192092896,24.123114688000001,29.514945667999999,21.207960063000002
2329,Si,sc4,1.1000000238418579,22.014006255000002,34.240512011,3.7860828820000001
2330,Si,sc4,1.1000000238418579,39.546783355999999,36.619080474999997,7.6601985199999998
2331,Si,sc4,1.1000000238418579,37.928063774000002,30.368072564999999,14.030954632
2332,Si,sc4,1.1000000238418579,31.263184333000002,32.616212333999997,5.7494086390000003
2333,Si,sc4,1.1000000238418579,31.121963071,32.496597749000003,2.816484107
2334,Si,sc4,1.1000000238418579,21.346231771999999,40.502583456000004,7.5972550950000004
2335,Si,sc4,1.1000000238418579,23.290815152,27.254747139999999,10.072953475
2336,Si,sc4,1.1000000238418579,38.689248059000001,26.791414727999999,6.4946188749999996
2337,O,oc23,-0.55000001192092896,22.645094927999999,29.735406341000001,7.5718222940000004
2338,O,oc23,-0.55000001192092896,35.583718732000001,31.427902334999999,2.4605244499999999
2339,O,oc23,-0.55000001192092896,29.749567298999999,31.716517342,2.408446246
2340,O,oc23,-0.55000001192092896,28.267998383999998,21.593771333999999,20.487706266
2341,O,oc23,-0.55000001192092896,26.395135796999998,20.201739195999998,19.199638231000002
2342,O,oc23,-0.55000001192092896,35.832541609000003,23.618427713999999,2.8331277429999999
2343,O,oc23,-0.55000001192092896,28.700252710000001,27.433526937,4.2485376099999996
2344,O,oc23,-0.55000001192092896,22.075406386000001,37.625548449,1.725257891
2345,O,oc23,-0.55000001192092896,34.155528906999997,31.012587635999999,7.7148600549999999
2346,O,oc23,-0.55000001192092896,37.552129745999999,20.380559739999999,8.3587577559999993
2347,O,oc24,-0.67500001192092896,35.352394123000003,34.418629971000001,0.75627262799999995
2348,O,oc23,-0.55000001192092896,27.635218035000001,26.550651975000001,18.681940644000001
2349,O,oc23,-0.55000001192092896,37.061135352000001,26.538057327000001,14.207777089
2350,O,oc23,-0.55000001192092896,31.595339048,32.243697212999997,4.3010182549999998
2351,O,oc23,-0.55000001192092896,21.362720801999998,35.805150099000002,15.135424837
2352,O,oc23,-0.55000001192092896,35.116148277000001,39.156087145000001,21.426001833000001
2353,Si,sc4,1.1000000238418579,37.104917067000002,36.088502519000002,9.5189474880000002
2354,Si,sc4,1.1000000238418579,20.246404811000001,40.854426066999999,12.980026757999999
2355,Si,sc4,1.1000000238418579,31.097570743999999,24.901328459999998,16.111114411999999
2356,Si,sc4,1.1000000238418579,21.856255111999999,20.536592614,20.004666506
2357,Si,sc4,1.1000000238418579,33.333872028999998,36.491430010999999,5.6037951110000002
2358,Si,sc4,1.1000000238418579,20.686764280999999,21.946522735999999,15.218194143
2359,Si,sc4,1.1000000238418579,36.940795709,40.173986614,7.1332754679999999
2360,Si,sc4,1.1000000238418579,31.242422861000001,40.541737994999998,20.955520786000001
2361,O,oc23,-0.55000001192092896,37.233964993999997,29.590518496000001,12.909202651999999
2362,O,oc23,-0.55000001192092896,25.755985233000001,22.374723488000001,20.278305734
2363,O,oc23,-0.55000001192092896,35.983843239000002,37.199170215999999,9.7019321569999999
2364,O,oc23,-0.55000001192092896,21.572721649000002,40.020897429999998,13.024196842
2365,O,oc23,-0.55000001192092896,20.828228241000001,27.998411727000001,13.609034644999999
2366,O,oc23,-0.55000001192092896,23.962580932000002,39.286639317000002,13.530680236
2367,O,oc23,-0.55000001192092896,26.387636195999999,38.22465364,2.1633494199999999
2368,O,oc23,-0.55000001192092896,28.708840847000001,37.472207372,8.3382754450000007
2369,O,oc23,-0.55000001192092896,38.995559067999999,37.655669414999998,11.698921948000001
2370,O,oc23,-0.55000001192092896,24.7998786,33.268849717999998,6.4613034589999998
2371,O,oc23,-0.55000001192092896,35.386297317999997,40.910440147999999,12.405057218
2372,O,oc23,-0.55000001192092896,36.271853393999997,38.941177994,7.8112699870000002
2373,O,oc23,-0.55000001192092896,21.844161073999999,39.232487269000003,3.482132478
2374,O,oc23,-0.55000001192092896,33.156125955,29.116702890999999,12.881841544
2375,O,oc23,-0.55000001192092896,38.457599053000003,32.751943128999997,19.187031675
2376,O,oc23,-0.55000001192092896,20.232253848999999,38.031207250999998,21.821174225
2377,Si,sc4,1.1000000238418579,22.966522883,36.568368495000001,2.45023123
2378,Si,sc4,1.1000000238418579,25.232899466999999,29.074192248999999,14.439181752
2379,Si,sc4,1.1000000238418579,37.244285656000002,24.435259798000001,2.5391384750000001
2380,Si,sc4,1.1000000238418579,38.761571992,38.004649829999998,21.177693915999999
2381,Si,sc4,1.1000000238418579,24.495422667,24.666574095000001,17.821481658
2382,Si,sc4,1.1000000238418579,38.603176859999998,25.288552154000001,20.824874993000002
2383,Si,sc4,1.1000000238418579,19.659583248000001,22.523547779000001,11.244777429000001
2384,Si,sc4,1.1000000238418579,24.302112697999998,21.861380444000002,16.940128773000001
2385,O,oc23,-0.55000001192092896,37.808733369000002,30.089980262000001,2.791318838
2386,O,oc24,-0.67500001192092896,22.224369947,34.040437380999997,21.642108789000002
2387,O,oc23,-0.55000001192092896,20.699221165000001,22.409608194,2.8685397959999999
2388,O,oc23,-0.55000001192092896,28.467878013,21.597250914,7.361525855
2389,O,oc23,-0.55000001192092896,36.660568703000003,32.842308494999997,4.3315897510000001
2390,O,oc23,-0.55000001192092896,28.406316884999999,24.574969020000001,17.20753508
2391,O,oc23,-0.55000001192092896,32.705284824000003,40.262734432000002,21.762248884000002
2392,O,oc23,-0.55000001192092896,32.339428761000001,27.882153246000001,19.026781091
2393,O,oc23,-0.55000001192092896,34.326020481,35.572966524000002,20.472409260999999
2394,O,oc23,-0.55000001192092896,30.925507641999999,20.740024583,15.948504056000001
2395,O,oc23,-0.55000001192092896,39.789156720999998,32.847902001000001,15.074516837999999
2396,O,oc23,-0.55000001192092896,39.043050934999997,20.850109217,17.505938542999999
2397,O,oc24,-0.67500001192092896,21.617349202,30.464070949,21.706982104000001
2398,O,oc23,-0.55000001192092896,22.631912354000001,20.476392664999999,7.5976469829999997
2399,O,oc23,-0.55000001192092896,30.360858082,27.073606464000001,12.545310955
2400,O,oc23,-0.55000001192092896,26.794573061000001,25.04630027,9.7371788709999993
2401,Si,sc4,1.1000000238418579,23.157696631,40.205433722000002,12.663563374000001
2402,Si,sc4,1.1000000238418579,26.267498401000001,30.162651383,5.9056685780000002
2403,Si,sc4,1.1000000238418579,25.558763264,20.681149541,4.5897420100000001
2404,Si,sc4,1.1000000238418579,20.547395691999998,29.562592949999999,13.215491719999999
2405,Si,sc4,1.1000000238418579,23.273480285000002,30.093501825000001,6.2299996699999998
2406,Si,sc4,1.1000000238418579,26.509910212000001,24.937331867000001,6.119149867
2407,Si,sc4,1.1000000238418579,32.669243004999998,22.057560612,4.6431204099999999
2408,Si,sc4,1.1000000238418579,22.573575982000001,23.646103836000002,10.283677421
2409,O,oc23,-0.55000001192092896,21.860448257000002,27.750190967000002,17.499706324999998
2410,O,oc23,-0.55000001192092896,37.633846802999997,30.087784842000001,8.1209509630000003
2411,O,oc23,-0.55000001192092896,30.748285411000001,24.487712804000001,12.400052025999999
2412,O,oc23,-0.55000001192092896,20.258539699,28.823487132,9.0131254480000003
2413,O,oc23,-0.55000001192092896,22.874283316,22.879405859999999,6.5139159360000001
2414,O,oc23,-0.55000001192092896,34.401730168,33.254928927000002,21.368846674
2415,O,oc23,-0.55000001192092896,29.868979404000001,22.325708080999998,17.595718916999999
2416,O,oc23,-0.55000001192092896,38.431837045000002,22.691510995000002,7.5306525820000001
2417,O,oc23,-0.55000001192092896,26.891813162999998,39.58486577,13.829390455
2418,O,oc23,-0.55000001192092896,38.632403918000001,27.335706033000001,4.9777379939999999
2419,O,oc23,-0.55000001192092896,31.357761968999998,40.332256891,19.37235325
2420,O,oc23,-0.55000001192092896,35.895554118,28.149223996,8.8408350329999994
2421,O,oc23,-0.55000001192092896,19.942471520000002,32.949782827,6.359997366
2422,O,oc23,-0.55000001192092896,24.010233796000001,23.485556643999999,13.718551546
2423,O,oc23,-0.55000001192092896,33.470700702000002,24.687083615999999,12.154058148000001
2424,O,oc23,-0.55000001192092896,21.964822712,26.897231998999999,9.1912702629999998
2425,Si,sc4,1.1000000238418579,26.076084356999999,30.234660666,11.698426284
2426,Si,sc4,1.1000000238418579,33.781488402000001,27.71547172,13.336623145000001
2427,Si,sc4,1.1000000238418579,27.338057453000001,25.728601755,17.398144682000002
2428,Si,sc4,1.1000000238418579,38.085170926000004,28.699274266,18.640344216999999
2429,Si,sc4,1.1000000238418579,30.318972293000002,31.038732644,12.643236550999999
2430,Si,sc4,1.1000000238418579,21.711001703000001,35.959856831000003,13.702616404
2431,Si,sc4,1.1000000238418579,30.022294704,21.534855544999999,7.1329096119999997
2432,Si,sc4,1.1000000238418579,27.868277573,32.402258895000003,12.480555134999999
2433,O,oc23,-0.55000001192092896,26.798242362,28.849671653000001,5.1655389469999999
2434,O,oc23,-0.55000001192092896,24.152786291999998,31.278001325000002,8.878324374
2435,O,oc23,-0.55000001192092896,28.362535170000001,27.500565039000001,14.053901546000001
2436,O,oc23,-0.55000001192092896,26.383926043999999,34.989562661999997,11.396741022
2437,O,oc23,-0.55000001192092896,26.618600361999999,29.045189984,15.227661372
2438,O,oc23,-0.55000001192092896,33.816641130999997,38.233726724999997,8.4311205670000007
2439,O,oc23,-0.55000001192092896,32.664970562999997,37.768529811000001,6.1892314869999998
2440,O,oc23,-0.55000001192092896,24.920338390000001,33.669870725999999,9.8495994029999991
2441,O,oc23,-0.55000001192092896,37.389620766,36.062609404,17.736398312999999
2442,O,oc23,-0.55000001192092896,37.550476517,29.894007536,17.811967289999998
2443,O,oc23,-0.55000001192092896,36.889716241000002,27.710707979999999,18.461844451000001
2444,O,oc23,-0.55000001192092896,23.807571552999999,34.612407277999999,11.888091696
2445,O,oc23,-0.55000001192092896,35.510025118000001,28.967006853000001,11.035163012
2446,O,oc23,-0.55000001192092896,32.995955043000002,24.521854179000002,22.344914065000001
2447,O,oc23,-0.55000001192092896,21.794895831000002,22.579438381999999,14.391163144
2448,O,oc23,-0.55000001192092896,31.24016409,39.097418310000002,14.851658432000001
2449,Si,sc4,1.1000000238418579,36.693222364999997,28.783216362000001,7.620737954
2450,Si,sc4,1.1000000238418579,27.065608789999999,34.064468462999997,14.779866918
2451,Si,sc4,1.1000000238418579,24.402656854,22.10255561,21.095680244
2452,Si,sc4,1.1000000238418579,38.420427848000003,37.188978429000002,18.179919989999998
2453,Si,sc4,1.1000000238418579,37.378089017999997,24.787349363000001,18.160466296999999
2454,Si,sc4,1.1000000238418579,21.816303695999999,38.146677949999997,21.098466378000001
2455,Si,sc4,1.1000000238418579,35.823230185,27.070334325000001,19.334698218
2456,Si,sc4,1.1000000238418579,34.081349897999999,31.680721376000001,16.162485528000001
2457,O,oc23,-0.55000001192092896,33.129638257000003,31.475673094000001,17.418093687999999
2458,O,oc23,-0.55000001192092896,20.369082521999999,29.625403202000001,4.1287281919999996
2459,O,oc23,-0.55000001192092896,36.166873395000003,20.438688980999999,22.227772582
2460,O,oc23,-0.55000001192092896,26.398158706,20.400406189000002,15.237694271000001
2461,O,oc23,-0.55000001192092896,23.878967948,23.232364702999998,17.572442029000001
2462,O,oc23,-0.55000001192092896,35.041808269999997,27.103023611000001,12.568140373
2463,O,oc23,-0.55000001192092896,30.051322317,37.019439646999999,13.801037314
2464,O,oc23,-0.55000001192092896,31.78905031,31.235574648,13.268703373999999
2465,O,oc23,-0.55000001192092896,34.419105885999997,26.734114017,18.733689577
2466,O,oc23,-0.55000001192092896,31.547162341,26.876845955,2.834851488
2467,O,oc23,-0.55000001192092896,38.208735324999999,36.285635929000001,15.298154095999999
2468,O,oc23,-0.55000001192092896,24.295218640000002,39.952286231999999,20.184557932000001
2469,O,oc23,-0.55000001192092896,35.673540932999998,31.251858787,16.470898672000001
2470,O,oc23,-0.55000001192092896,32.388814150999998,21.863244945999998,17.869759884
2471,O,oc23,-0.55000001192092896,22.397360586000001,25.367770021999998,6.0222266720000004
2472,O,oc23,-0.55000001192092896,35.623470703000002,28.610691907,16.734291819999999
2473,Si,sc4,1.1000000238418579,39.346740326999999,30.489010822000001,3.2419212370000001
2474,Si,sc4,1.1000000238418579,37.307579310000001,33.964990499000002,5.189429348
2475,Si,sc4,1.1000000238418579,25.903898705,26.026786224999999,8.9269802410000008
2476,Si,sc4,1.1000000238418579,20.118849115,33.871271499000002,10.661143434
2477,Si,sc4,1.1000000238418579,39.983675372999997,32.936481890000003,4.9438372079999997
2478,Si,sc4,1.1000000238418579,29.844788925,23.747945149,11.169586269
2479,Si,sc4,1.1000000238418579,30.596056243,31.887174825999999,9.6956524480000006
2480,Si,sc4,1.1000000238418579,20.289542535999999,30.156146617000001,9.9683942739999996
2481,O,oc23,-0.55000001192092896,30.772754632000002,35.937981655999998,8.8829987129999992
2482,O,oc23,-0.55000001192092896,20.080590575999999,33.444688294000002,9.1119952350000002
2483,O,oc23,-0.55000001192092896,29.652649190999998,29.545812433999998,13.045656409999999
2484,O,oc23,-0.55000001192092896,38.657317683999999,37.175803438999999,6.3647142050000003
2485,O,oc23,-0.55000001192092896,27.649650141999999,23.878746745000001,3.3985132610000002
2486,O,oc23,-0.55000001192092896,27.776883843,32.571301300000002,18.731091999
2487,O,oc23,-0.55000001192092896,26.465525357000001,33.227126859000002,20.765358654
2488,O,oc23,-0.55000001192092896,27.490486065999999,35.068158206,19.416192656
2489,O,oc23,-0.55000001192092896,21.9545429,30.315701054000002,13.311740711000001
2490,O,oc24,-0.67500001192092896,35.016733506000001,26.572695078999999,2.0236613530000001
2491,O,oc23,-0.55000001192092896,35.537276953000003,28.336950932000001,20.377175521000002
2492,O,oc23,-0.55000001192092896,34.231481291999998,21.901777160999998,8.0041721700000004
2493,O,oc23,-0.55000001192092896,32.779141838000001,34.142817053999998,8.8703685879999998
2494,O,oc23,-0.55000001192092896,20.045395796000001,35.349191728999998,7.2985754820000004
2495,O,oc23,-0.55000001192092896,39.503323635999998,30.351953885,14.051068272
2496,O,oc23,-0.55000001192092896,37.284076075000002,33.497306758000001,6.6778820699999999
2497,Si,sc4,1.1000000238418579,22.942454953999999,31.182832705999999,14.150669771
2498,Si,sc4,1.1000000238418579,33.159953850999997,34.836552503999997,12.215296824999999
2499,Si,sc4,1.1000000238418579,37.966967504000003,25.654977391999999,15.153343340999999
2500,Si,sc4,1.1000000238418579,24.626445818000001,37.153886282000002,8.7645107739999997
2501,Si,sc4,1.1000000238418579,36.299266226,26.149507490000001,12.836726565999999
2502,Si,sc4,1.1000000238418579,24.926506757999999,34.879643487000003,10.823187768
2503,Si,sc4,1.1000000238418579,20.795089183999998,29.561101349000001,20.698430916
2504,Si,sc4,1.1000000238418579,27.271861038000001,38.792894533000002,12.437635996999999
2505,O,oc23,-0.55000001192092896,26.636418223,29.515029632000001,10.391093113
2506,O,oc23,-0.55000001192092896,31.091039531,39.092323651000001,12.409377134
2507,O,oc23,-0.55000001192092896,21.098497430999998,32.441741882000002,19.840308484000001
2508,O,oc23,-0.55000001192092896,25.143401662999999,31.389288624999999,11.224026003000001
2509,O,oc23,-0.55000001192092896,37.822439785,39.634750455000002,6.0035238169999996
2510,O,oc23,-0.55000001192092896,33.830832942000001,37.965082879000001,19.440202664000001
2511,O,oc23,-0.55000001192092896,26.639361833999999,31.742951286,9.2935396969999999
2512,O,oc23,-0.55000001192092896,23.622768019999999,28.812465580000001,9.7399171629999994
2513,O,oc23,-0.55000001192092896,24.237165816000001,30.393926167,14.748279469
2514,O,oc23,-0.55000001192092896,34.653575953999997,36.946561084999999,4.906465012
2515,O,oc23,-0.55000001192092896,38.926541591000003,33.362445241000003,11.163188361
2516,O,oc23,-0.55000001192092896,23.697713570000001,21.565680329999999,15.515771615
2517,O,oc23,-0.55000001192092896,21.477214071999999,34.000912411000002,16.834152935999999
2518,O,oc23,-0.55000001192092896,24.707679883000001,24.969317335,19.427855021999999
2519,O,oc23,-0.55000001192092896,30.300911735,24.649504643,3.5977162589999998
2520,O,oc23,-0.55000001192092896,33.363382635000001,20.993628938000001,5.5829258370000003
2521,Si,sc4,1.1000000238418579,25.021812486999998,29.683657153999999,19.806383777000001
2522,Si,sc4,1.1000000238418579,24.255791067000001,26.245051479000001,15.093048854999999
2523,Si,sc4,1.1000000238418579,24.375928861999999,32.796360255000003,2.7690804180000002
2524,Si,sc4,1.1000000238418579,38.355562665999997,38.887732233999998,12.505249012
2525,Si,sc4,1.1000000238418579,36.535874917999998,30.393676744,1.810576932
2526,Si,sc4,1.1000000238418579,23.718515891999999,21.483106358000001,6.8365953990000001
2527,Si,sc4,1.1000000238418579,23.53967888,38.097914435,14.428298238
2528,Si,sc4,1.1000000238418579,20.021892560000001,23.597463798,3.6429965750000002
2529,O,oc23,-0.55000001192092896,39.545574674000001,38.755397055000003,4.4659433540000002
2530,O,oc23,-0.55000001192092896,39.185158885,40.194454151999999,12.249410087999999
2531,O,oc24,-0.67500001192092896,24.592256672000001,31.953178190999999,22.142523898
2532,O,oc23,-0.55000001192092896,24.806892805,20.885658229000001,22.067191319999999
2533,O,oc23,-0.55000001192092896,23.362857941000001,32.263253491,13.129629523
2534,O,oc23,-0.55000001192092896,20.609720958,24.009091475999998,7.2519735110000001
2535,O,oc23,-0.55000001192092896,37.692949716000001,25.680539588999999,16.797064980999998
2536,O,oc23,-0.55000001192092896,28.811965769,35.616842820999999,11.870409591
2537,O,oc23,-0.55000001192092896,21.351311604999999,27.229142961000001,4.3102490849999997
2538,O,oc23,-0.55000001192092896,19.805079355,21.05718499,14.232069931
2539,O,oc23,-0.55000001192092896,34.752267437,37.441298623999998,17.074670229999999
2540,O,oc23,-0.55000001192092896,34.287760740000003,23.689194819000001,17.511108369999999
2541,O,oc23,-0.55000001192092896,20.432376175999998,21.036386533999998,20.566604533
2542,O,oc23,-0.55000001192092896,31.400940544000001,21.364321538999999,3.9467823430000002
2543,O,oc23,-0.55000001192092896,21.832067036000002,39.380481793999998,8.6473685880000009
2544,Si,sc4,1.1000000238418579,21.635491461000001,37.889095167999997,8.867559236
2545,Si,sc4,1.1000000238418579,30.977192654,40.745665105999997,4.4773918349999997
2546,Si,sc4,1.1000000238418579,25.003307382999999,36.014381780000001,15.851853327000001
2547,Si,sc4,1.1000000238418579,38.416237105999997,26.992938977000001,11.182547072
2548,Si,sc4,1.1000000238418579,22.214935971999999,39.125094431999997,1.906472028
2549,Si,sc4,1.1000000238418579,31.605417013,25.284161313999999,2.6707763010000001
2550,Si,sc4,1.1000000238418579,26.966153169999998,21.608065024999998,19.579724687999999
2551,Si,sc4,1.1000000238418579,38.641917190000001,21.535766805000002,8.5888683790000009
2552,O,oc23,-0.55000001192092896,22.841346106,29.194802057,4.9759199709999997
2553,O,oc23,-0.55000001192092896,23.933231323000001,23.523093634999999,21.604524114
2554,O,oc23,-0.55000001192092896,30.267207983999999,23.379240527,19.687588905999998
2555,O,oc23,-0.55000001192092896,22.676660054999999,24.358363297,8.8068162240000003
2556,O,oc23,-0.55000001192092896,27.655897806999999,37.344223521000004,13.063881671000001
2557,O,oc23,-0.55000001192092896,23.199181127999999,21.485840138,20.124193088999998
2558,O,oc23,-0.55000001192092896,19.575809267,23.078942131000002,5.0529284509999997
2559,O,oc23,-0.55000001192092896,23.350845603,21.080885154000001,13.030429058999999
2560,O,oc24,-0.67500001192092896,38.620913020000003,27.417783626999999,2.2002952530000002
2561,O,oc23,-0.55000001192092896,34.371332873999997,31.444556904999999,12.702398291
2562,O,oc23,-0.55000001192092896,33.978061574999998,33.670863480999998,11.441950278
2563,O,oc23,-0.55000001192092896,30.035155282000002,26.137577146999998,19.662327951999998
2564,O,oc23,-0.55000001192092896,34.381047993000003,28.086287798000001,14.660694231000001
2565,O,oc23,-0.55000001192092896,37.488754391000001,31.855189358000001,14.296802532999999
2566,O,oc23,-0.55000001192092896,20.583677806000001,36.372437750000003,12.772230364
2567,O,oc23,-0.55000001192092896,30.795291883000001,21.257220107999999,21.356807194999998
2568,Si,sc4,1.1000000238418579,39.275142084000002,23.819663027000001,6.5882216979999999
2569,Si,sc4,1.1000000238418579,28.733956460999998,36.26351133,13.336269249000001
2570,Si,sc4,1.1000000238418579,37.129549689000001,32.777465812999999,20.081793184999999
2571,Si,sc4,1.1000000238418579,34.327390160999997,23.951625306,13.32491364
2572,Si,sc4,1.1000000238418579,22.122734852000001,25.818799192,4.4255021880000003
2573,Si,sc4,1.1000000238418579,31.245849464999999,21.168388324999999,10.079775987
2574,Si,sc4,1.1000000238418579,21.214807328999999,38.199753278999999,16.358997373000001
2575,Si,sc4,1.1000000238418579,20.149287259000001,36.762395224000002,11.354955335
2576,O,oc23,-0.55000001192092896,23.135361228000001,25.730093356000001,14.085205457000001
2577,O,oc23,-0.55000001192092896,23.047033661,27.033543134999999,11.653689122999999
2578,O,oc23,-0.55000001192092896,23.554473830999999,39.785478759999997,11.195720001
2579,O,oc23,-0.55000001192092896,24.860029197999999,38.609516454999998,9.1739891930000006
2580,O,oc23,-0.55000001192092896,34.332712690999998,38.699049586000001,12.305927111000001
2581,O,oc23,-0.55000001192092896,35.322157826999998,39.598747048,10.156643401
2582,O,oc23,-0.55000001192092896,33.697269876,22.286928912,3.534186761
2583,O,oc23,-0.55000001192092896,26.015369067000002,38.705015992,11.445397064
2584,O,oc23,-0.55000001192092896,20.66668765,39.448431155999998,17.223659482999999
2585,O,oc23,-0.55000001192092896,37.190868119000001,30.732465372,10.574101350999999
2586,O,oc23,-0.55000001192092896,20.041726493999999,29.688670318,11.587280267000001
2587,O,oc23,-0.55000001192092896,37.456785568999997,25.636539814999999,3.54837494
2588,O,oc23,-0.55000001192092896,33.851837111999998,23.995916485999999,14.84868374
2589,O,oc23,-0.55000001192092896,36.355103532000001,25.53577769,19.260923343000002
2590,O,oc23,-0.55000001192092896,22.290806657000001,31.912408574000001,15.422921568
2591,O,oc23,-0.55000001192092896,20.307199399000002,37.607026908000002,8.0840612380000003
2592,Si,sc4,1.1000000238418579,25.073898791000001,32.351213526000002,20.696755014000001
2593,Si,sc4,1.1000000238418579,35.482931878000002,39.558804725999998,11.683104653999999
2594,Si,sc4,1.1000000238418579,36.402513698999996,39.950295783999998,21.118461819
2595,Si,sc4,1.1000000238418579,27.365189140999998,28.304012223000001,3.727700697
2596,Si,sc4,1.1000000238418579,34.092677395000003,22.389432062000001,9.5677449469999996
2597,Si,sc4,1.1000000238418579,27.541445387,39.987998232999999,15.182971351000001
2598,Si,sc4,1.1000000238418579,26.623074652,21.951123486,15.397779517
2599,O,oc23,-0.55000001192092896,25.407745181999999,38.969434458000002,17.934704963000001
2600,O,oc23,-0.55000001192092896,31.211782869,23.347462500999999,15.891372817000001
2601,O,oc23,-0.55000001192092896,35.647901476999998,24.704733409999999,13.215963815
2602,O,oc23,-0.55000001192092896,33.100973488999998,40.354714876999999,7.2127301709999996
2603,O,oc23,-0.55000001192092896,26.066085690000001,24.737133759999999,17.486178798000001
2604,O,oc23,-0.55000001192092896,25.639435038999999,22.207753025999999,16.575646781
2605,O,oc23,-0.55000001192092896,38.189223386000002,28.923337997000001,20.235409110999999
2606,O,oc23,-0.55000001192092896,25.753928308999999,24.286023095000001,12.013756569
2607,O,oc23,-0.55000001192092896,26.181345500999999,27.245427101000001,3.1407620359999999
2608,O,oc23,-0.55000001192092896,21.347603855999999,39.842821452000003,6.1274181590000003
2609,O,oc23,-0.55000001192092896,40.354289272999999,28.588900696,21.277650013999999
2610,O,oc23,-0.55000001192092896,19.971861978,30.298466141999999,19.551843642000001
2611,O,oc23,-0.55000001192092896,29.314407807999999,33.547687820999997,16.957504122
2612,O,oc23,-0.55000001192092896,31.138733246000001,36.819446511000002,2.489774642
2613,O,oc23,-0.55000001192092896,33.626678468000001,28.286819293000001,3.4836662600000001
2614,O,oc24,-0.67500001192092896,28.738875296,31.435649278,4.6430022099999997
2615,Si,sc4,1.1000000238418579,36.683910941000001,21.942047931000001,22.097999215000002
2616,Si,sc4,1.1000000238418579,33.028608706,26.580898887,19.485411215999999
2617,Si,sc4,1.1000000238418579,22.198124947,24.200505433,7.191010897
2618,Si,sc4,1.1000000238418579,29.086951945999999,26.436714859999999,5.5011007210000002
2619,Si,sc4,1.1000000238418579,26.761354704999999,23.961236752000001,10.886197329
2620,Si,sc4,1.1000000238418579,31.056208798,25.876761738999999,13.258599414000001
2621,Si,sc4,1.1000000238418579,35.277568721000002,32.314545813000002,3.8099746900000002
2622,Si,sc4,1.1000000238418579,25.184523315,25.843408147000002,3.4988464719999999
2623,O,oc23,-0.55000001192092896,34.615561313999997,39.939815060999997,17.719825737000001
2624,O,oc23,-0.55000001192092896,25.471603528999999,31.153746476999999,19.862382268000001
2625,O,oc23,-0.55000001192092896,22.105803680000001,35.737534125000003,3.4162192870000001
2626,O,oc23,-0.55000001192092896,27.272747725999999,30.959015929,12.277409334
2627,O,oc23,-0.55000001192092896,37.516652618999998,24.256025606000001,14.489537618
2628,O,oc23,-0.55000001192092896,30.903455786999999,39.134044041000003,4.125470666
2629,O,oc23,-0.55000001192092896,37.875734772000001,21.873355237999998,15.197631625
2630,O,oc23,-0.55000001192092896,30.437699557999998,40.517583434999999,10.167620842
2631,O,oc23,-0.55000001192092896,23.196881507000001,37.396345607999997,21.738900231999999
2632,O,oc23,-0.55000001192092896,39.388789516000003,31.595576614999999,4.460465363
2633,O,oc23,-0.55000001192092896,33.590920197000003,29.196913512999998,9.5315540429999999
2634,O,oc24,-0.67500001192092896,22.27564886,28.924041815999999,2.3856646709999998
2635,O,oc23,-0.55000001192092896,27.239003125,30.525720517,7.1383204999999998
2636,O,oc23,-0.55000001192092896,30.930871023000002,21.231075100000002,8.4529813459999996
2637,O,oc23,-0.55000001192092896,30.305950717000002,22.161431885999999,10.931406583999999
2638,O,oc23,-0.55000001192092896,31.725674955999999,24.919682073000001,7.757307097
2639,Si,sc4,1.1000000238418579,32.460008698999999,32.202969578000001,18.712961017000001
2640,Si,sc4,1.1000000238418579,32.516650992000002,26.082264416000001,22.279756506999998
2641,Si,sc4,1.1000000238418579,25.493333389,24.072109169000001,13.550534259999999
2642,Si,sc4,1.1000000238418579,27.820382009999999,34.793629447999997,10.879233047
2643,Si,sc4,1.1000000238418579,32.673878291999998,38.771723176000002,7.4789867579999996
2644,Si,sc4,1.1000000238418579,37.933910146000002,31.138706985999999,9.2838132029999993
2645,Si,sc4,1.1000000238418579,29.100579065000002,27.994929676999998,12.714603109
2646,Si,sc4,1.1000000238418579,32.050815466000003,28.283463189999999,3.3363529089999999
2647,O,oc23,-0.55000001192092896,25.361221702999998,40.974371570000002,10.035889088999999
2648,O,oc23,-0.55000001192092896,24.694132061000001,37.367466821000001,15.090239502999999
2649,O,oc23,-0.55000001192092896,31.390055189000002,34.277303201000002,16.042180093999999
2650,O,oc23,-0.55000001192092896,28.073599879,33.240054895,11.153249741
2651,O,oc23,-0.55000001192092896,30.171782107999999,24.411562103000001,9.778421754
2652,O,oc23,-0.55000001192092896,36.440610038999999,40.272637283000002,19.516148754
2653,O,oc23,-0.55000001192092896,37.879202225999997,28.389073020000001,10.803687992
2654,O,oc23,-0.55000001192092896,37.788615886999999,21.803499391999999,20.900041527999999
2655,O,oc23,-0.55000001192092896,30.244108443999998,26.750976029,9.0248585220000006
2656,O,oc23,-0.55000001192092896,20.297724574,31.815042065,17.35808274
2657,O,oc23,-0.55000001192092896,25.513772866,25.347095042999999,14.52185678
2658,O,oc23,-0.55000001192092896,27.943907962000001,35.248264145,9.3098055169999991
2659,O,oc23,-0.55000001192092896,38.568021727999998,26.731130814,21.542199126
2660,O,oc23,-0.55000001192092896,33.956896407999999,24.061583993999999,9.6879800249999999
2661,O,oc23,-0.55000001192092896,27.445334670000001,22.498644948999999,18.362643985999998
2662,O,oc23,-0.55000001192092896,25.510507259000001,29.242861753,12.883045351
2663,Si,sc4,1.1000000238418579,25.162267208999999,40.261077372000003,18.799248169999998
2664,Si,sc4,1.1000000238418579,29.503606333,29.715020297999999,17.499375648000001
2665,Si,sc4,1.1000000238418579,33.723716723000003,22.562699848000001,18.554387741999999
2666,Si,sc4,1.1000000238418579,28.429498125999999,33.987404034000001,6.3107348249999999
2667,Si,sc4,1.1000000238418579,27.536283854000001,37.014838896000001,2.1842890509999999
2668,Si,sc4,1.1000000238418579,36.058346645999997,36.508830381999999,4.2401806129999997
2669,Si,sc4,1.1000000238418579,38.837887221999999,28.268258239000001,21.502019688000001
2670,Si,sc4,1.1000000238418579,36.522812492,33.545823319,7.9997363410000002
2671,O,oc23,-0.55000001192092896,21.170903064000001,20.790820528000001,16.092063160999999
2672,O,oc24,-0.67500001192092896,32.243640038999999,31.837705023000002,1.8248593900000001
2673,O,oc24,-0.67500001192092896,30.160656457999998,39.449092991999997,21.53327646
2674,O,oc23,-0.55000001192092896,25.102924002000002,33.364806119999997,3.9956972990000001
2675,O,oc23,-0.55000001192092896,33.350281760999998,33.479531018000003,19.190878793
2676,O,oc23,-0.55000001192092896,28.578663534,29.202756441999998,18.774578214000002
2677,O,oc23,-0.55000001192092896,24.796250147999999,29.903660963,6.4455121530000001
2678,O,oc23,-0.55000001192092896,30.648546242999998,25.677183486000001,14.821369771000001
2679,O,oc23,-0.55000001192092896,28.499606540999999,27.620676001,20.868478
2680,O,oc23,-0.55000001192092896,38.355038823000001,36.569983573000002,21.763712307999999
2681,O,oc23,-0.55000001192092896,35.93147579,33.700073185999997,19.505454499999999
2682,O,oc23,-0.55000001192092896,23.568343647999999,26.060223782000001,3.603547442
2683,O,oc23,-0.55000001192092896,31.122083218,34.147995676999997,2.5994808040000001
2684,O,oc23,-0.55000001192092896,26.061005858000001,31.428233252999998,5.0698788439999998
2685,O,oc23,-0.55000001192092896,27.761966341000001,29.733707298999999,2.9262367039999999
2686,O,oc23,-0.55000001192092896,24.524892423000001,26.189242369999999,9.7060399460000006
2687,Si,sc4,1.1000000238418579,25.826211392000001,32.947668901,5.3064301169999997
2688,Si,sc4,1.1000000238418579,30.223789113999999,32.528956117,21.754316843000002
2689,Si,sc4,1.1000000238418579,23.052473934999998,30.143263033,9.0108588990000005
2690,Si,sc4,1.1000000238418579,25.137110745000001,32.078260333999999,9.7696394499999997
2691,Si,sc4,1.1000000238418579,22.302903098000002,33.517028496000002,20.065763060999998
2692,Si,sc4,1.1000000238418579,22.760152891000001,28.318513355,18.733878134000001
2693,Si,sc4,1.1000000238418579,27.742615399000002,33.617459703000002,19.932426819
2694,Si,sc4,1.1000000238418579,33.982295569999998,37.407490637000002,13.139001771
2695,O,oc23,-0.55000001192092896,34.108683433000003,30.668328978000002,21.398521821999999
2696,O,oc23,-0.55000001192092896,28.011877753,22.355001751,15.983915404999999
2697,O,oc23,-0.55000001192092896,27.965515272000001,33.096574685999997,7.5780784329999999
2698,O,oc23,-0.55000001192092896,23.841073456,33.055434638000001,19.854426306000001
2699,O,oc23,-0.55000001192092896,30.50796897,31.048966412999999,11.099046054
2700,O,oc23,-0.55000001192092896,26.116398618000002,28.586994212,19.87385467
2701,O,oc23,-0.55000001192092896,38.503879834000003,38.057890618999998,16.816636169999999
2702,O,oc23,-0.55000001192092896,39.415921204,26.045142307999999,14.714425822000001
2703,O,oc23,-0.55000001192092896,27.962814357999999,25.298247564,5.5661640009999998
2704,O,oc23,-0.55000001192092896,27.249888479999999,33.587212790999999,5.3020159229999999
2705,O,oc23,-0.55000001192092896,34.653133810999996,21.334366031999998,18.963253000000002
2706,O,oc23,-0.55000001192092896,38.707592165000001,22.304040347000001,10.098591541999999
2707,O,oc23,-0.55000001192092896,31.219806312999999,38.583620869999997,8.1633010890000008
2708,O,oc23,-0.55000001192092896,30.231973556,39.744919052999997,17.123986923
2709,O,oc23,-0.55000001192092896,30.093573355,31.056547897000002,21.209918800000001
2710,O,oc23,-0.55000001192092896,31.181104430000001,29.825230878999999,17.885481844000001
2711,Si,sc4,1.1000000238418579,28.215549235000001,32.469793373999998,17.203120182999999
2712,Si,sc4,1.1000000238418579,33.458041971,30.776052733,9.1182038829999996
2713,Si,sc4,1.1000000238418579,27.675652444000001,28.064039723,19.527787198999999
2714,Si,sc4,1.1000000238418579,28.563707585,21.470054845,1.8125356690000001
2715,Si,sc4,1.1000000238418579,30.069505425999999,27.196992035000001,20.843760200999998
2716,Si,sc4,1.1000000238418579,32.859568512999999,34.328348570000003,15.28158152
2717,Si,sc4,1.1000000238418579,32.685933882999997,29.062797796000002,18.142784192000001
2718,Si,sc4,1.1000000238418579,26.536760753999999,38.016044282999999,17.515877162999999
2719,O,oc23,-0.55000001192092896,32.032026813999998,35.229866080999997,11.135520144999999
2720,O,oc23,-0.55000001192092896,29.999678156000002,33.666514622999998,5.8320119019999996
2721,O,oc23,-0.55000001192092896,23.552498608000001,22.343068938999998,10.139433039
2722,O,oc23,-0.55000001192092896,24.093644932,37.512685584000003,3.13205044
2723,O,oc23,-0.55000001192092896,21.253629360000001,37.558055951999997,10.508494916
2724,O,oc23,-0.55000001192092896,21.727892024999999,30.770293768999998,9.7147511899999994
2725,O,oc23,-0.55000001192092896,38.814345539000001,33.971742218000003,4.8094132480000003
2726,O,oc23,-0.55000001192092896,32.147046330000002,25.763817378999999,10.231739931
2727,O,oc23,-0.55000001192092896,33.178016812000003,28.258977712,16.874003104
2728,O,oc23,-0.55000001192092896,24.856842887999999,21.794757224000001,7.9825993259999999
2729,O,oc23,-0.55000001192092896,27.455210786999999,38.862086073,16.419835015
2730,O,oc23,-0.55000001192092896,38.479650908000004,36.613862339999997,8.9651777240000001
2731,O,oc23,-0.55000001192092896,23.020949657999999,37.179781867000003,8.3026889070000003
2732,O,oc23,-0.55000001192092896,29.278286691999998,32.118326132999997,13.030358701999999
2733,O,oc24,-0.67500001192092896,33.107182707,21.94387292,22.263088949
2734,O,oc23,-0.55000001192092896,30.935263612,26.484693061000002,22.063460995
2735,Si,sc4,1.1000000238418579,30.488656475999999,40.229133887000003,15.661715117
2736,Si,sc4,1.1000000238418579,30.195285343999998,36.579098641000002,19.526536252
2737,Si,sc4,1.1000000238418579,24.951098528999999,38.820778095999998,2.7286392519999998
2738,Si,sc4,1.1000000238418579,34.528884572000003,34.092890386000001,20.070555775999999
2739,Si,sc4,1.1000000238418579,20.298531964999999,21.031084434,2.2693716930000001
2740,Si,sc4,1.1000000238418579,20.416776237000001,27.256033769999998,8.8937875969999993
2741,Si,sc4,1.1000000238418579,30.582186427,34.168421232,17.476853688999999
2742,Si,sc4,1.1000000238418579,29.767142460999999,27.936843654,8.0531184339999999
2743,O,oc23,-0.55000001192092896,25.600408758,24.571198034999998,2.519591911
2744,O,oc23,-0.55000001192092896,30.113246290999999,35.545371897000003,18.268827235
2745,O,oc24,-0.67500001192092896,19.190238216000001,21.162962748000002,1.0898053089999999
2746,O,oc23,-0.55000001192092896,21.920798299000001,28.668200059,20.028203715
2747,O,oc23,-0.55000001192092896,26.385177980000002,22.841081085999999,14.124347131
2748,O,oc23,-0.55000001192092896,20.025721657999998,35.424389187999999,10.589540829000001
2749,O,oc23,-0.55000001192092896,30.716033040999999,28.599546878000002,20.292588192
2750,O,oc23,-0.55000001192092896,24.188465266000001,20.573881415999999,17.915487670000001
2751,O,oc23,-0.55000001192092896,31.122929056,32.982388147999998,18.399567306000002
2752,O,oc23,-0.55000001192092896,28.199543197000001,27.756490760999998,11.402713973999999
2753,O,oc23,-0.55000001192092896,35.784124607000003,35.920205914999997,2.8300348529999999
2754,O,oc23,-0.55000001192092896,32.814981809999999,21.581050738999998,10.232755182
2755,O,oc23,-0.55000001192092896,23.838370138999998,39.403478139999997,1.68774498
2756,O,oc23,-0.55000001192092896,26.645044807000001,23.381645857999999,6.4396384920000003
2757,O,oc23,-0.55000001192092896,26.785662929000001,20.914618511,5.5212847189999996
2758,O,oc23,-0.55000001192092896,22.773616609000001,34.106976635999999,5.1627767340000004
2759,Si,sc4,1.1000000238418579,26.424281154999999,23.170715134000002,2.771227712
2760,Si,sc4,1.1000000238418579,29.163550724,23.502253197000002,3.6413671089999999
2761,Si,sc4,1.1000000238418579,31.489349812,34.696554345000003,9.6909072250000001
2762,Si,sc4,1.1000000238418579,31.136959869999998,25.439653360000001,9.1605566469999999
2763,Si,sc4,1.1000000238418579,31.226296676,24.319458182000002,6.3280936839999997
2764,Si,sc4,1.1000000238418579,34.034785569,20.648086119999999,7.0323305920000001
2765,Si,sc4,1.1000000238418579,31.186828253000002,30.053065595,20.824993192000001
2766,Si,sc4,1.1000000238418579,31.925112442,35.544542131999997,2.9779617159999998
2767,O,oc23,-0.55000001192092896,30.503170282999999,25.598669437000002,5.5068376260000003
2768,O,oc23,-0.55000001192092896,32.332534703,35.723902270000004,4.5792137989999997
2769,O,oc23,-0.55000001192092896,34.066271397999998,36.064101006000001,12.338671228999999
2770,O,oc23,-0.55000001192092896,24.632210489999999,36.257586906,10.114692023
2771,O,oc23,-0.55000001192092896,28.864616766000001,20.645435070000001,3.1441138400000002
2772,O,oc23,-0.55000001192092896,32.259766224000003,25.2696182,19.1400051
2773,O,oc23,-0.55000001192092896,28.852361730999998,36.613943833999997,20.416835724999999
2774,O,oc23,-0.55000001192092896,33.132017175999998,24.659903871000001,3.004946415
2775,O,oc23,-0.55000001192092896,36.375502159,27.81963193,3.705674755
2776,O,oc23,-0.55000001192092896,25.534253193000001,22.049771686,3.6506443740000001
2777,O,oc23,-0.55000001192092896,31.223353064000001,28.819511174999999,4.6529408310000004
2778,O,oc24,-0.67500001192092896,23.640667580999999,35.586306972999999,1.2934464219999999
2779,O,oc23,-0.55000001192092896,32.559627720000002,37.403223273999998,13.665622728000001
2780,O,oc23,-0.55000001192092896,31.704711635999999,36.361623639999998,20.270608684999999
2781,O,oc23,-0.55000001192092896,27.229610001000001,32.983632796000002,16.077945337999999
2782,Si,sc4,1.1000000238418579,24.915299407999999,39.507181484999997,10.479386493
2783,Si,sc4,1.1000000238418579,20.538728257999999,33.830294440000003,7.6024087409999996
2784,Si,sc4,1.1000000238418579,31.210252190999999,38.169009989999999,13.636112918
2785,Si,sc4,1.1000000238418579,27.601432584000001,22.116683842,6.109807054
2786,Si,sc4,1.1000000238418579,34.696713678999998,36.574253405999997,15.801213923000001
2787,Si,sc4,1.1000000238418579,30.088130676999999,39.340127058999997,11.191069408000001
2788,Si,sc4,1.1000000238418579,27.871985321,28.024099871000001,15.468225102
2789,Si,sc4,1.1000000238418579,24.961460041999999,21.791401121,9.5839400579999996
2790,O,oc23,-0.55000001192092896,32.501735893000003,25.318754615,16.390041667999999
2791,O,oc23,-0.55000001192092896,31.050967967999998,28.731840075000001,7.414376753
2792,O,oc23,-0.55000001192092896,27.258313216000001,26.751225452,16.167750338000001
2793,O,oc23,-0.55000001192092896,27.044967465999999,33.171940073999998,13.504451875000001
2794,O,oc23,-0.55000001192092896,35.400650128000002,22.024829343,10.528089674
2795,O,oc23,-0.55000001192092896,30.608674124,41.150000235,5.9742736250000004
2796,O,oc23,-0.55000001192092896,33.892473367999997,33.178568316000003,15.614381785000001
2797,O,oc23,-0.55000001192092896,29.318117959999999,31.364926623999999,8.8115612710000004
2798,O,oc23,-0.55000001192092896,34.485746845999998,22.512941109,12.858563952000001
2799,O,oc23,-0.55000001192092896,35.692125334000004,40.923202723999999,6.5379251519999997
2800,O,oc23,-0.55000001192092896,23.905777641,29.37751583,18.660552136
2801,O,oc23,-0.55000001192092896,38.606440063000001,23.701458550000002,2.6516772070000001
2802,O,oc23,-0.55000001192092896,37.342573444000003,32.661871638000001,9.0431780610000008
2803,O,oc23,-0.55000001192092896,27.365833130999999,37.650903204999999,18.824980515
2804,O,oc23,-0.55000001192092896,37.685692811999999,33.801415652999999,21.272502701000001
2805,O,oc23,-0.55000001192092896,21.110632319,24.834166881000002,3.6292797870000002
2806,O,oc24,-0.67500001192092896,39.477886026999997,34.532028726999997,23.148196080999998
2807,H,hoy,0.40000000596046448,34.542674097000003,22.914712298000001,0.53023936000000005
2808,Si,sc4,1.1000000238418579,40.232700096999999,23.689402261000001,17.861378965
2809,O,oc23,-0.55000001192092896,25.274626660999999,38.957543628000003,22.261366611
2810,O,oc23,-0.55000001192092896,25.991704834,36.664823744000003,21.014705039999999
2811,O,oc24,-0.67500001192092896,34.094693468999999,39.384210797999998,23.829518570000001
2812,H,hoy,0.40000000596046448,32.119708824999996,30.187150598999999,2.223811558
2813,O,oc24,-0.67500001192092896,33.942303303999999,32.208481587999998,23.673777865000002
2814,O,oc23,-0.55000001192092896,27.300927098999999,32.539357815000002,2.7505244800000002
2815,O,oc24,-0.67500001192092896,30.281075397999999,39.067089903000003,1.5734825029999999
2816,H,hoy,0.40000000596046448,34.775836962,33.822623415999999,0.31882192500000001
2817,O,oc24,-0.67500001192092896,37.106933140999999,24.968490038999999,1.0007559429999999
2818,H,hoy,0.40000000596046448,21.364987850999999,33.857168678999997,21.974060936000001
2819,H,hoy,0.40000000596046448,22.398811629000001,29.987036056000001,21.943199044
2820,O,oc24,-0.67500001192092896,40.063861752000001,31.041093523000001,1.9213215619999999
2821,H,hoy,0.40000000596046448,35.501378049000003,26.005698979999998,2.5859865640000002
2822,O,oc24,-0.67500001192092896,37.178572234000001,30.901011400000002,0.32339877
2823,O,oc23,-0.55000001192092896,35.631977139,29.082561515999998,1.663830658
2824,H,hoy,0.40000000596046448,24.437110035,31.016309606,22.121933519999999
2825,O,oc24,-0.67500001192092896,21.268184016999999,39.931692747,0.85802282799999996
2826,O,oc24,-0.67500001192092896,31.178523664,24.919143713,1.1175681550000001
2827,H,hoy,0.40000000596046448,23.103555911000001,29.375458287000001,2.4751050389999998
2828,O,oc24,-0.67500001192092896,33.088074462999998,26.929175484000002,23.483050064
2829,O,oc23,-0.55000001192092896,27.049283161000002,35.443987448000001,2.5145402830000001
2830,O,oc24,-0.67500001192092896,28.020506739999998,36.883501410000001,0.65466455000000001
2831,O,oc24,-0.67500001192092896,38.411479268999997,28.780771519000002,23.033484726000001
2832,H,hoy,0.40000000596046448,29.396039416000001,39.424284106999998,20.989614756000002
2833,O,oc24,-0.67500001192092896,29.615237692000001,32.528005344,23.320486144
2834,O,oc23,-0.55000001192092896,31.907695874000002,32.752192551999997,21.762792040000001
2835,O,oc24,-0.67500001192092896,23.799870104,27.216755754000001,19.260285909
2836,O,oc24,-0.67500001192092896,29.184917738999999,20.857441278,0.409166688
2837,O,oc23,-0.55000001192092896,27.125194695000001,22.259334285000001,1.6568428070000001
2838,H,hoy,0.40000000596046448,19.583044318999999,20.865078458999999,0.29173809499999998
2839,O,oc24,-0.67500001192092896,31.765225079,29.796848468,22.312594903000001
2840,H,hoy,0.40000000596046448,38.775642243999997,34.329175655999997,23.738611288000001
2841,H,hoy,0.40000000596046448,33.177534772999998,31.974700976000001,24.167629045999998
2842,H,hoy,0.40000000596046448,31.006417720000002,38.788499121000001,1.045934047
2843,H,hoy,0.40000000596046448,37.961043557000004,25.080973304,0.63120374000000001
2844,H,hoy,0.40000000596046448,39.421788139,31.401515107000002,1.3377577899999999
2845,H,hoy,0.40000000596046448,37.212423608000002,30.158332345000002,-0.25235832600000002
2846,H,hoy,0.40000000596046448,21.41914396,39.498436185999999,0.040174047999999997
2847,H,hoy,0.40000000596046448,31.253336047000001,25.700892557,0.60532948499999994
2848,H,hoy,0.40000000596046448,33.642765220999998,26.374123858000001,23.998902910000002
2849,H,hoy,0.40000000596046448,27.819019865000001,37.686015202,0.206943923
2850,H,hoy,0.40000000596046448,28.806439690000001,33.003770955,23.341713114000001
2851,H,hoy,0.40000000596046448,24.528372982,27.245075048,18.673885169999998
2852,H,hoy,0.40000000596046448,32.662153296,29.511234249000001,22.257394801
2853,Si,sc4,1.1000000238418579,24.932271431,37.432474962000001,22.011240670999999
2854,O,oc24,-0.67500001192092896,25.234230700000001,36.794919051000001,23.482459066000001
2855,H,hoy,0.40000000596046448,24.551486556,36.170745017999998,23.651903360999999
2856,Si,sc4,1.1000000238418579,26.831823563,33.878603560000002,1.819264606
2857,O,oc24,-0.67500001192092896,27.526246740000001,33.763547744,0.36957543399999998
2858,H,hoy,0.40000000596046448,27.869975290999999,34.605189324999998,0.122019458
2859,O,oc23,-0.55000001192092896,25.317521687999999,33.383698092000003,1.5820758989999999
2860,Si,sc4,1.1000000238418579,29.620358373999998,22.416073446999999,20.935902458000001
2861,O,oc24,-0.67500001192092896,29.330776691000001,23.318667677000001,22.214787506
2862,H,hoy,0.40000000596046448,28.84894285,22.799688519,22.831234518999999
2863,O,oc24,-0.67500001192092896,23.005871159000002,40.132016800999999,22.559722230999999
2864,O,oc23,-0.55000001192092896,39.362746364000003,22.977557682,19.050695413
2865,O,oc23,-0.55000001192092896,40.078615853999999,25.298247564,17.475201004999999
2866,O,oc23,-0.55000001192092896,22.575027363,25.620754522999999,20.798882327000001
2867,O,oc23,-0.55000001192092896,40.838279524000001,26.301895325,19.543368444999999
2868,Si,sc4,1.1000000238418579,40.555269752999997,26.808153262000001,18.045590308000001
2869,O,oc23,-0.55000001192092896,39.417574432000002,27.964146875000001,17.981258740000001
2870,Si,sc4,1.1000000238418579,39.319488491999998,22.040283718000001,20.447478985
2871,Si,sc4,1.1000000238418579,24.088202254999999,24.978432401999999,20.938640750000001
2872,O,oc24,-0.67500001192092896,25.031568456999999,25.834500519999999,22.017426452999999
2873,H,hoy,0.40000000596046448,25.911055584,25.509561167000001,21.992484592
2874,O,oc24,-0.67500001192092896,39.983151530000001,22.569123118,21.888833675000001
2875,H,hoy,0.40000000596046448,40.103178452999998,23.497604653,21.867255953000001
2876,O,oc24,-0.67500001192092896,37.375388104000002,22.244171315999999,23.536072458
2877,H,hoy,0.40000000596046448,38.269363556999998,22.487380727000001,23.369116308999999
2878,H,hoy,0.40000000596046448,36.670336779000003,24.871155155,21.498781343000001
2879,H,hoy,0.40000000596046448,29.161325169000001,30.641992986999998,4.8916644639999998
2880,O,oc24,-0.67500001192092896,24.514975455999998,31.134812523000001,2.8647855500000001
2881,H,hoy,0.40000000596046448,25.196847720000001,30.891763255000001,2.2646672900000002
2882,H,hoy,0.40000000596046448,32.262156453999999,32.359282696000001,1.0502381510000001
2883,H,hoy,0.40000000596046448,33.563731969999999,40.100106644,24.12846107
2884,H,hoy,0.40000000596046448,39.187652374000002,28.870477031,23.563933727999999
2885,H,hoy,0.40000000596046448,23.896105444,28.596026066,21.204169416999999
2886,H,hoy,0.40000000596046448,39.482939584,27.737207594000001,2.4058469269999998
2887,H,hoy,0.40000000596046448,32.241389755999997,21.802770328000001,21.893995223000001
2888,H,hoy,0.40000000596046448,24.322051041999998,35.035345190999998,1.6527677220000001
2889,H,hoy,0.40000000596046448,29.643809052999998,21.534247671999999,-0.035604651000000001
2890,H,hoy,0.40000000596046448,23.030321324999999,40.778118558000003,23.281438802
2891,Si,sc4,1.1000000238418579,0.465458339,41.013150738999997,17.479473781999999
2892,O,oc24,-0.67500001192092896,15.045838714,-0.25718089999999999,2.48075629
2893,O,oc23,-0.55000001192092896,16.797354822999999,41.130197002999999,17.320946941999999
2894,O,oc23,-0.55000001192092896,0.18461871199999999,41.789472545999999,7.9951800259999999
2895,O,oc23,-0.55000001192092896,4.5053379319999998,41.450960281,5.4801371689999998
2896,O,oc23,-0.55000001192092896,1.4361737699999999,41.580912204000001,18.540033520000001
2897,O,oc23,-0.55000001192092896,6.5693742669999997,40.959455554999998,18.854609228000001
2898,O,oc23,-0.55000001192092896,17.287743674000001,41.059471879,8.3706229249999993
2899,Si,sc4,1.1000000238418579,1.712362172,41.363872178999998,20.007900111000001
2900,O,oc23,-0.55000001192092896,10.973280152999999,41.434886239000001,15.751897229000001
2901,Si,sc4,1.1000000238418579,5.643383783,41.351484972000002,4.3785459690000001
2902,O,oc23,-0.55000001192092896,6.3841676400000003,41.025456450999997,15.038750889999999
2903,Si,sc4,1.1000000238418579,13.815753942000001,41.513209023999998,6.9190860030000003
2904,H,hoy,0.40000000596046448,15.086128268,-0.66591833300000003,1.6409125339999999
2905,H,hoy,0.40000000596046448,9.8653552629999997,1.0232589190000001,-0.16250958300000001
2906,H,hoy,0.40000000596046448,0.57667271200000003,-0.22403577799999999,0.97216426499999997
2907,Si,sc4,1.1000000238418579,20.678176144999998,41.039834106000001,17.252201181
2908,O,oc24,-0.67500001192092896,35.977273578000002,-0.37389624500000002,3.5444560589999998
2909,O,oc23,-0.55000001192092896,36.802152810000003,41.385792404,17.226798809000002
2910,O,oc23,-0.55000001192092896,19.832856234000001,40.854426066999999,7.9977178000000002
2911,O,oc23,-0.55000001192092896,23.843209677000001,41.731232001999999,5.6224692489999999
2912,O,oc23,-0.55000001192092896,21.614648288000001,41.352519708999999,18.406625514000002
2913,O,oc23,-0.55000001192092896,26.498501013999999,40.894323937000003,19.281014469999999
2914,O,oc23,-0.55000001192092896,37.829939386,41.100572413999998,8.1609874009999999
2915,Si,sc4,1.1000000238418579,21.669517205999998,41.187082830999998,19.94425382
2916,O,oc23,-0.55000001192092896,31.306603203000002,41.519625185000002,15.799844777000001
2917,Si,sc4,1.1000000238418579,24.964886646,41.607118767000003,4.4485440839999999
2918,O,oc23,-0.55000001192092896,26.70241279,41.254491363,15.446859810999999
2919,Si,sc4,1.1000000238418579,34.270224024999997,41.471793196,6.9843665100000001
2920,H,hoy,0.40000000596046448,36.601349221,-0.26199855900000002,4.2288956180000001
2921,H,hoy,0.40000000596046448,30.391378161999999,-0.217973365,0.24675702299999999
2922,H,hoy,0.40000000596046448,20.309218341000001,-0.003599423,1.040917512
2923,O,oc23,-0.55000001192092896,39.632977105999998,3.0012213249999999,4.9787525410000004
2924,O,oc23,-0.55000001192092896,39.554081109999998,23.233483404000001,5.0937706519999999
2925,O,oc23,-0.55000001192092896,1.2409937820000001,3.4360376640000001,18.86752254
2926,Si,sc4,1.1000000238418579,1.087043728,4.4153240409999999,20.227737390000001
2927,O,oc23,-0.55000001192092896,1.1151793969999999,23.981827766999999,18.793795506999999
2928,Si,sc4,1.1000000238418579,1.071635423,24.960948067,20.140458205000002
