id,element,ff_type,charge,x,y,z
1,Al,ac2,1.2000000476837158,0.034665134,-0.0042918059999999996,0.0095545089999999992
2,Ca,ca+e,1.6000000238418579,0.125981018,-2.1007297039999999,18.816146850999999
3,Ca,ca+e,1.6000000238418579,9.6980810169999998,7.7648153310000003,2.6950714589999998
4,O,oc8,-0.89999997615814209,-0.016052611000000001,1.4978812930000001,-1.172513127
5,O,oc5,-0.89999997615814209,0.089109181999999995,-1.499236107,1.196125388
6,O,oc7,-0.89999997615814209,0.025412266999999999,1.499849677,17.316917418999999
7,O,oc8,-0.89999997615814209,-0.011228551,-1.494620085,4.200231552
8,O,o*,-0.81999999284744263,-0.010171128999999999,4.0779285429999996,0.96964383099999996
9,O,o*,-0.81999999284744263,0.060213535999999998,-4.046576977,20.509458542000001
10,O,o*,-0.81999999284744263,9.6746397020000003,9.7188491819999996,4.4275050159999996
11,O,o*,-0.81999999284744263,10.353960037,1.6427193879999999,17.191308974999998
12,O,o*,-0.81999999284744263,2.6375741960000001,3.1241242890000001,13.188644409
13,O,o*,-0.81999999284744263,6.7242221830000002,2.4405736920000001,8.0963563920000006
14,O,o*,-0.81999999284744263,2.5043787960000001,3.2550945279999999,2.7465279100000002
15,O,o*,-0.81999999284744263,7.3428845410000001,2.2583858970000001,18.459564209
16,O,oc11,-0.60000002384185791,3.2005004879999999,5.6322703360000004,9.0384225849999993
17,O,oc11,-0.60000002384185791,3.2683947089999998,5.6168203349999999,17.353961944999998
18,O,oc11,-0.60000002384185791,3.2206099030000002,5.6237120630000001,1.636851072
19,O,oc11,-0.60000002384185791,1.865476608,5.8737483020000001,11.055822372
20,O,oc11,-0.60000002384185791,1.9188979859999999,5.9564695360000002,15.363320351
21,O,oc11,-0.60000002384185791,1.8889659640000001,5.374361038,-0.37435385599999998
22,O,o*,-0.81999999284744263,1.6864264010000001,6.1490392680000001,5.4465041159999998
23,S,s',0.60000002384185791,3.2325601580000001,5.6229162219999997,10.526865959
24,S,s',0.60000002384185791,3.2710177900000001,5.6182794569999999,15.867196083
25,S,s',0.60000002384185791,3.2539217470000001,5.6359024050000004,0.15153618199999999
26,H,h*,0.40999999642372131,0.78748256000000005,-4.6937727929999999,20.697391509999999
27,H,h*,0.40999999642372131,-0.70122224099999997,-4.5481901169999999,20.899671555000001
28,H,h*,0.40999999642372131,10.333478928,10.363066673000001,4.7738041879999997
29,H,h*,0.40999999642372131,8.8722305299999995,10.301225662,4.477469921
30,H,h*,0.40999999642372131,9.6458053590000006,0.99669623399999996,16.968538284000001
31,H,h*,0.40999999642372131,11.07948494,1.2309492829999999,16.656618118000001
32,H,h*,0.40999999642372131,2.962804556,3.688350201,12.441667557000001
33,H,h*,0.40999999642372131,3.020765543,3.6254329680000001,13.954041481000001
34,H,h*,0.40999999642372131,6.5124554630000002,2.0036058429999999,8.9586906430000006
35,H,h*,0.40999999642372131,6.662479877,1.6442989109999999,7.5140852929999999
36,H,h*,0.40999999642372131,3.1392476560000002,2.573368549,2.4270429610000002
37,H,h*,0.40999999642372131,2.791330576,4.0495128630000004,2.2253797049999999
38,H,h*,0.40999999642372131,6.9989614490000003,1.5071600679999999,19.009820938000001
39,H,h*,0.40999999642372131,6.6282443999999998,2.9239161010000001,18.602659225
40,H,h*,0.40999999642372131,0.74080395700000001,4.561668396,0.54068291199999996
41,H,h*,0.40999999642372131,-0.74995017100000005,4.6966633800000004,0.73964130900000002
42,H,h*,0.40999999642372131,2.1239268779999998,6.7409272189999996,6.1061468120000004
43,H,h*,0.40999999642372131,1.8668788670000001,6.6599440569999997,4.6197972299999996
44,Al,ac2,1.2000000476837158,9.786114693,5.6257085800000004,0.0095545500000000002
45,Ca,ca+e,1.6000000238418579,9.8774309159999998,3.5292706489999999,18.816146850999999
46,Ca,ca+e,1.6000000238418579,-0.053368445,2.1348149780000001,2.6950714589999998
47,O,oc8,-0.89999997615814209,9.7353973390000004,7.1278815270000004,-1.172513127
48,O,oc5,-0.89999997615814209,9.8405590059999994,4.1307640079999999,1.196125388
49,O,oc7,-0.89999997615814209,9.7768621440000008,7.129849911,17.316917418999999
50,O,oc8,-0.89999997615814209,9.7402210240000002,4.1353802679999996,4.200231552
51,O,o*,-0.81999999284744263,9.7412786479999998,9.7079286580000002,0.96964383099999996
52,O,o*,-0.81999999284744263,9.8116636279999998,1.5834231379999999,20.509458542000001
53,O,o*,-0.81999999284744263,-0.076809756000000007,4.0888495450000004,4.4275050159999996
54,O,o*,-0.81999999284744263,0.60250961800000002,-3.9872806070000002,17.191308974999998
55,O,o*,-0.81999999284744263,12.389024733999999,8.7541246410000007,13.188644409
56,O,o*,-0.81999999284744263,-3.0272281169999999,-3.1894264219999999,8.0963563920000006
57,O,o*,-0.81999999284744263,12.255828856999999,8.8850946430000004,2.746528149
58,O,o*,-0.81999999284744263,-2.408566236,-3.3716139790000001,18.459564209
59,O,oc11,-0.60000002384185791,12.951950073000001,0.0022704069999999999,9.0384225849999993
60,O,oc11,-0.60000002384185791,13.019845009000001,-0.013179481999999999,17.353961944999998
61,O,oc11,-0.60000002384185791,12.972060204,-0.0062880729999999999,1.636851072
62,O,oc11,-0.60000002384185791,11.616926192999999,0.243748456,11.055822372
63,O,oc11,-0.60000002384185791,11.670348167,0.32646963000000001,15.363320351
64,O,oc11,-0.60000002384185791,11.640416145,-0.25563883799999998,-0.37435385599999998
65,O,o*,-0.81999999284744263,11.437876701,0.51903909400000003,5.4465041159999998
66,S,s',0.60000002384185791,12.984009743,-0.0070840110000000003,10.526865959
67,S,s',0.60000002384185791,13.022467613,-0.011720516,15.867196083
68,S,s',0.60000002384185791,13.005372047,0.0059022939999999998,0.151536167
69,H,h*,0.40999999642372131,10.5389328,0.93622767900000003,20.697391509999999
70,H,h*,0.40999999642372131,9.0502281189999998,1.081810355,20.899671555000001
71,H,h*,0.40999999642372131,0.58202850800000006,4.7330665590000001,4.7738041879999997
72,H,h*,0.40999999642372131,-0.87921989,4.6712260250000002,4.477469921
73,H,h*,0.40999999642372131,-0.105645053,-4.6333036420000004,16.968538284000001
74,H,h*,0.40999999642372131,1.3280345200000001,-4.3990507130000003,16.656618118000001
75,H,h*,0.40999999642372131,12.714254379,9.3183507920000004,12.441667557000001
76,H,h*,0.40999999642372131,12.772215843,9.2554330829999998,13.954041481000001
77,H,h*,0.40999999642372131,-3.2389953139999998,-3.626394033,8.9586906430000006
78,H,h*,0.40999999642372131,-3.0889689919999999,-3.985701084,7.5140852929999999
79,H,h*,0.40999999642372131,12.890697479,8.2033681870000006,2.4270429610000002
80,H,h*,0.40999999642372131,12.542780876,9.679512978,2.2253797049999999
81,H,h*,0.40999999642372131,-2.752487898,-4.1228399280000003,19.009820938000001
82,H,h*,0.40999999642372131,-3.1232058999999999,-2.7060840129999999,18.602659225
83,H,h*,0.40999999642372131,10.492254257000001,10.19166851,0.54068291199999996
84,H,h*,0.40999999642372131,9.0015001300000002,10.326663971,0.73964130900000002
85,H,h*,0.40999999642372131,11.875376701,1.110927105,6.1061468120000004
86,H,h*,0.40999999642372131,11.618329048,1.029944301,4.6197967530000001
87,Al,ac2,1.2000000476837158,0.034665134,-0.0042918059999999996,21.489555359000001
88,Ca,ca+e,1.6000000238418579,0.125981018,-2.1007297039999999,40.296146393000001
89,Ca,ca+e,1.6000000238418579,9.6980810169999998,7.7648153310000003,24.175071716000001
90,O,oc8,-0.89999997615814209,-0.016052611000000001,1.4978812930000001,20.307487488
91,O,oc5,-0.89999997615814209,0.089109181999999995,-1.499236107,22.676124572999999
92,O,oc7,-0.89999997615814209,0.025412266999999999,1.499849677,38.796916961999997
93,O,oc8,-0.89999997615814209,-0.011228551,-1.494620085,25.680231094
94,O,o*,-0.81999999284744263,-0.010171128999999999,4.0779285429999996,22.449644089
95,O,o*,-0.81999999284744263,0.060213535999999998,-4.046576977,41.989459990999997
96,O,o*,-0.81999999284744263,9.6746397020000003,9.7188491819999996,25.907505035
97,O,o*,-0.81999999284744263,10.353960037,1.6427193879999999,38.671310425000001
98,O,o*,-0.81999999284744263,2.6375741960000001,3.1241242890000001,34.668643951
99,O,o*,-0.81999999284744263,6.7242221830000002,2.4405736920000001,29.576356887999999
100,O,o*,-0.81999999284744263,2.5043787960000001,3.2550945279999999,24.226528168000002
101,O,o*,-0.81999999284744263,7.3428845410000001,2.2583858970000001,39.939563751000001
102,O,oc11,-0.60000002384185791,3.2005004879999999,5.6322703360000004,30.518423080000002
103,O,oc11,-0.60000002384185791,3.2683947089999998,5.6168203349999999,38.833961487000003
104,O,oc11,-0.60000002384185791,3.2206099030000002,5.6237120630000001,23.116851807
105,O,oc11,-0.60000002384185791,1.865476608,5.8737483020000001,32.535823821999998
106,O,oc11,-0.60000002384185791,1.9188979859999999,5.9564695360000002,36.843318939
107,O,oc11,-0.60000002384185791,1.8889659640000001,5.374361038,21.105646133
108,O,o*,-0.81999999284744263,1.6864264010000001,6.1490392680000001,26.926504134999998
109,S,s',0.60000002384185791,3.2325601580000001,5.6229162219999997,32.006866455000001
110,S,s',0.60000002384185791,3.2710177900000001,5.6182794569999999,37.347194672000001
111,S,s',0.60000002384185791,3.2539217470000001,5.6359024050000004,21.631536484000002
112,H,h*,0.40999999642372131,0.78748256000000005,-4.6937727929999999,42.177391051999997
113,H,h*,0.40999999642372131,-0.70122224099999997,-4.5481901169999999,42.379673003999997
114,H,h*,0.40999999642372131,10.333478928,10.363066673000001,26.253803253000001
115,H,h*,0.40999999642372131,8.8722305299999995,10.301225662,25.957469939999999
116,H,h*,0.40999999642372131,9.6458053590000006,0.99669623399999996,38.448539734000001
117,H,h*,0.40999999642372131,11.07948494,1.2309492829999999,38.136619568
118,H,h*,0.40999999642372131,2.962804556,3.688350201,33.921669006000002
119,H,h*,0.40999999642372131,3.020765543,3.6254329680000001,35.434040070000002
120,H,h*,0.40999999642372131,6.5124554630000002,2.0036058429999999,30.438690185999999
121,H,h*,0.40999999642372131,6.662479877,1.6442989109999999,28.994085311999999
122,H,h*,0.40999999642372131,3.1392476560000002,2.573368549,23.907043457
123,H,h*,0.40999999642372131,2.791330576,4.0495128630000004,23.705379486000002
124,H,h*,0.40999999642372131,6.9989614490000003,1.5071600679999999,40.489822388
125,H,h*,0.40999999642372131,6.6282443999999998,2.9239161010000001,40.082660675
126,H,h*,0.40999999642372131,0.74080395700000001,4.561668396,22.020683289000001
127,H,h*,0.40999999642372131,-0.74995017100000005,4.6966633800000004,22.219640731999998
128,H,h*,0.40999999642372131,2.1239268779999998,6.7409272189999996,27.586147308000001
129,H,h*,0.40999999642372131,1.8668788670000001,6.6599440569999997,26.099796295000001
130,Al,ac2,1.2000000476837158,9.786114693,5.6257085800000004,21.489555359000001
131,Ca,ca+e,1.6000000238418579,9.8774309159999998,3.5292706489999999,40.296146393000001
132,Ca,ca+e,1.6000000238418579,-0.053368445,2.1348149780000001,24.175071716000001
133,O,oc8,-0.89999997615814209,9.7353973390000004,7.1278815270000004,20.307487488
134,O,oc5,-0.89999997615814209,9.8405590059999994,4.1307640079999999,22.676124572999999
135,O,oc7,-0.89999997615814209,9.7768621440000008,7.129849911,38.796916961999997
136,O,oc8,-0.89999997615814209,9.7402210240000002,4.1353802679999996,25.680231094
137,O,o*,-0.81999999284744263,9.7412786479999998,9.7079286580000002,22.449644089
138,O,o*,-0.81999999284744263,9.8116636279999998,1.5834231379999999,41.989459990999997
139,O,o*,-0.81999999284744263,-0.076809756000000007,4.0888495450000004,25.907505035
140,O,o*,-0.81999999284744263,0.60250961800000002,-3.9872806070000002,38.671310425000001
141,O,o*,-0.81999999284744263,12.389024733999999,8.7541246410000007,34.668643951
142,O,o*,-0.81999999284744263,-3.0272281169999999,-3.1894264219999999,29.576356887999999
143,O,o*,-0.81999999284744263,12.255828856999999,8.8850946430000004,24.226528168000002
144,O,o*,-0.81999999284744263,-2.408566236,-3.3716139790000001,39.939563751000001
145,O,oc11,-0.60000002384185791,12.951950073000001,0.0022704069999999999,30.518423080000002
146,O,oc11,-0.60000002384185791,13.019845009000001,-0.013179481999999999,38.833961487000003
147,O,oc11,-0.60000002384185791,12.972060204,-0.0062880729999999999,23.116851807
148,O,oc11,-0.60000002384185791,11.616926192999999,0.243748456,32.535823821999998
149,O,oc11,-0.60000002384185791,11.670348167,0.32646963000000001,36.843318939
150,O,oc11,-0.60000002384185791,11.640416145,-0.25563883799999998,21.105646133
151,O,o*,-0.81999999284744263,11.437876701,0.51903909400000003,26.926504134999998
152,S,s',0.60000002384185791,12.984009743,-0.0070840110000000003,32.006866455000001
153,S,s',0.60000002384185791,13.022467613,-0.011720516,37.347194672000001
154,S,s',0.60000002384185791,13.005372047,0.0059022939999999998,21.631536484000002
155,H,h*,0.40999999642372131,10.5389328,0.93622767900000003,42.177391051999997
156,H,h*,0.40999999642372131,9.0502281189999998,1.081810355,42.379673003999997
157,H,h*,0.40999999642372131,0.58202850800000006,4.7330665590000001,26.253803253000001
158,H,h*,0.40999999642372131,-0.87921989,4.6712260250000002,25.957469939999999
159,H,h*,0.40999999642372131,-0.105645053,-4.6333036420000004,38.448539734000001
160,H,h*,0.40999999642372131,1.3280345200000001,-4.3990507130000003,38.136619568
161,H,h*,0.40999999642372131,12.714254379,9.3183507920000004,33.921669006000002
162,H,h*,0.40999999642372131,12.772215843,9.2554330829999998,35.434040070000002
163,H,h*,0.40999999642372131,-3.2389953139999998,-3.626394033,30.438690185999999
164,H,h*,0.40999999642372131,-3.0889689919999999,-3.985701084,28.994085311999999
165,H,h*,0.40999999642372131,12.890697479,8.2033681870000006,23.907043457
166,H,h*,0.40999999642372131,12.542780876,9.679512978,23.705379486000002
167,H,h*,0.40999999642372131,-2.752487898,-4.1228399280000003,40.489822388
168,H,h*,0.40999999642372131,-3.1232058999999999,-2.7060840129999999,40.082660675
169,H,h*,0.40999999642372131,10.492254257000001,10.19166851,22.020683289000001
170,H,h*,0.40999999642372131,9.0015001300000002,10.326663971,22.219640731999998
171,H,h*,0.40999999642372131,11.875376701,1.110927105,27.586147308000001
172,H,h*,0.40999999642372131,11.618329048,1.029944301,26.099796295000001
173,Al,ac2,1.2000000476837158,0.034665134,11.255707741,0.0095545089999999992
174,Ca,ca+e,1.6000000238418579,0.125981018,9.159270287,18.816146850999999
175,Ca,ca+e,1.6000000238418579,9.6980810169999998,19.024814606,2.6950714589999998
176,O,oc8,-0.89999997615814209,-0.016052611000000001,12.757881165000001,-1.172513127
177,O,oc5,-0.89999997615814209,0.089109181999999995,9.7607641219999994,1.196125388
178,O,oc7,-0.89999997615814209,0.025412266999999999,12.759849548,17.316917418999999
179,O,oc8,-0.89999997615814209,-0.011228551,9.7653799059999997,4.200231552
180,O,o*,-0.81999999284744263,-0.010171128999999999,15.337928772,0.96964383099999996
181,O,o*,-0.81999999284744263,0.060213535999999998,7.2134232520000001,20.509458542000001
182,O,o*,-0.81999999284744263,9.6746397020000003,20.978849410999999,4.4275050159999996
183,O,o*,-0.81999999284744263,10.353960037,12.902719498,17.191308974999998
184,O,o*,-0.81999999284744263,2.6375741960000001,14.384124756,13.188644409
185,O,o*,-0.81999999284744263,6.7242221830000002,13.700573921,8.0963563920000006
186,O,o*,-0.81999999284744263,2.5043787960000001,14.515094757,2.7465279100000002
187,O,o*,-0.81999999284744263,7.3428845410000001,13.518385887000001,18.459564209
188,O,oc11,-0.60000002384185791,3.2005004879999999,16.892271042000001,9.0384225849999993
189,O,oc11,-0.60000002384185791,3.2683947089999998,16.876819610999998,17.353961944999998
190,O,oc11,-0.60000002384185791,3.2206099030000002,16.883712768999999,1.636851072
191,O,oc11,-0.60000002384185791,1.865476608,17.133749007999999,11.055822372
192,O,oc11,-0.60000002384185791,1.9188979859999999,17.216468810999999,15.363320351
193,O,oc11,-0.60000002384185791,1.8889659640000001,16.634361266999999,-0.37435385599999998
194,O,o*,-0.81999999284744263,1.6864264010000001,17.409038544000001,5.4465041159999998
195,S,s',0.60000002384185791,3.2325601580000001,16.882915496999999,10.526865959
196,S,s',0.60000002384185791,3.2710177900000001,16.878278731999998,15.867196083
197,S,s',0.60000002384185791,3.2539217470000001,16.895902633999999,0.15153618199999999
198,H,h*,0.40999999642372131,0.78748256000000005,6.5662274360000001,20.697391509999999
199,H,h*,0.40999999642372131,-0.70122224099999997,6.7118101120000002,20.899671555000001
200,H,h*,0.40999999642372131,10.333478928,21.623065948000001,4.7738041879999997
201,H,h*,0.40999999642372131,8.8722305299999995,21.561225890999999,4.477469921
202,H,h*,0.40999999642372131,9.6458053590000006,12.256696700999999,16.968538284000001
203,H,h*,0.40999999642372131,11.07948494,12.490949630999999,16.656618118000001
204,H,h*,0.40999999642372131,2.962804556,14.948349952999999,12.441667557000001
205,H,h*,0.40999999642372131,3.020765543,14.885433196999999,13.954041481000001
206,H,h*,0.40999999642372131,6.5124554630000002,13.263606071,8.9586906430000006
207,H,h*,0.40999999642372131,6.662479877,12.904298782,7.5140852929999999
208,H,h*,0.40999999642372131,3.1392476560000002,13.833368301,2.4270429610000002
209,H,h*,0.40999999642372131,2.791330576,15.309513092,2.2253797049999999
210,H,h*,0.40999999642372131,6.9989614490000003,12.767160415999999,19.009820938000001
211,H,h*,0.40999999642372131,6.6282443999999998,14.183916092,18.602659225
212,H,h*,0.40999999642372131,0.74080395700000001,15.821668624999999,0.54068291199999996
213,H,h*,0.40999999642372131,-0.74995017100000005,15.956663131999999,0.73964130900000002
214,H,h*,0.40999999642372131,2.1239268779999998,18.000926970999998,6.1061468120000004
215,H,h*,0.40999999642372131,1.8668788670000001,17.919944763,4.6197972299999996
216,Al,ac2,1.2000000476837158,9.786114693,16.885707855,0.0095545500000000002
217,Ca,ca+e,1.6000000238418579,9.8774309159999998,14.789270401,18.816146850999999
218,Ca,ca+e,1.6000000238418579,-0.053368445,13.394815445000001,2.6950714589999998
219,O,oc8,-0.89999997615814209,9.7353973390000004,18.387882232999999,-1.172513127
220,O,oc5,-0.89999997615814209,9.8405590059999994,15.390764236000001,1.196125388
221,O,oc7,-0.89999997615814209,9.7768621440000008,18.389850616,17.316917418999999
222,O,oc8,-0.89999997615814209,9.7402210240000002,15.395380019999999,4.200231552
223,O,o*,-0.81999999284744263,9.7412786479999998,20.967927932999999,0.96964383099999996
224,O,o*,-0.81999999284744263,9.8116636279999998,12.843422889999999,20.509458542000001
225,O,o*,-0.81999999284744263,-0.076809756000000007,15.348849296999999,4.4275050159999996
226,O,o*,-0.81999999284744263,0.60250961800000002,7.2727193830000001,17.191308974999998
227,O,o*,-0.81999999284744263,12.389024733999999,20.014123916999999,13.188644409
228,O,o*,-0.81999999284744263,-3.0272281169999999,8.0705738070000006,8.0963563920000006
229,O,o*,-0.81999999284744263,12.255828856999999,20.145093918000001,2.746528149
230,O,o*,-0.81999999284744263,-2.408566236,7.8883862499999999,18.459564209
231,O,oc11,-0.60000002384185791,12.951950073000001,11.262269974000001,9.0384225849999993
232,O,oc11,-0.60000002384185791,13.019845009000001,11.24682045,17.353961944999998
233,O,oc11,-0.60000002384185791,12.972060204,11.2537117,1.636851072
234,O,oc11,-0.60000002384185791,11.616926192999999,11.503748893999999,11.055822372
235,O,oc11,-0.60000002384185791,11.670348167,11.58646965,15.363320351
236,O,oc11,-0.60000002384185791,11.640416145,11.004361153,-0.37435385599999998
237,O,o*,-0.81999999284744263,11.437876701,11.779039383000001,5.4465041159999998
238,S,s',0.60000002384185791,12.984009743,11.252916336,10.526865959
239,S,s',0.60000002384185791,13.022467613,11.248279572,15.867196083
240,S,s',0.60000002384185791,13.005372047,11.265902519000001,0.151536167
241,H,h*,0.40999999642372131,10.5389328,12.196228027,20.697391509999999
242,H,h*,0.40999999642372131,9.0502281189999998,12.341810226,20.899671555000001
243,H,h*,0.40999999642372131,0.58202850800000006,15.993066788,4.7738041879999997
244,H,h*,0.40999999642372131,-0.87921989,15.931225777,4.477469921
245,H,h*,0.40999999642372131,-0.105645053,6.6266965869999996,16.968538284000001
246,H,h*,0.40999999642372131,1.3280345200000001,6.8609495159999998,16.656618118000001
247,H,h*,0.40999999642372131,12.714254379,20.578350066999999,12.441667557000001
248,H,h*,0.40999999642372131,12.772215843,20.515432358000002,13.954041481000001
249,H,h*,0.40999999642372131,-3.2389953139999998,7.6336059570000003,8.9586906430000006
250,H,h*,0.40999999642372131,-3.0889689919999999,7.2742991449999996,7.5140852929999999
251,H,h*,0.40999999642372131,12.890697479,19.463369369999999,2.4270429610000002
252,H,h*,0.40999999642372131,12.542780876,20.939512253,2.2253797049999999
253,H,h*,0.40999999642372131,-2.752487898,7.1371603009999998,19.009820938000001
254,H,h*,0.40999999642372131,-3.1232058999999999,8.5539159770000008,18.602659225
255,H,h*,0.40999999642372131,10.492254257000001,21.451667786000002,0.54068291199999996
256,H,h*,0.40999999642372131,9.0015001300000002,21.586664200000001,0.73964130900000002
257,H,h*,0.40999999642372131,11.875376701,12.370926857000001,6.1061468120000004
258,H,h*,0.40999999642372131,11.618329048,12.289944649000001,4.6197967530000001
259,Al,ac2,1.2000000476837158,0.034665134,11.255707741,21.489555359000001
260,Ca,ca+e,1.6000000238418579,0.125981018,9.159270287,40.296146393000001
261,Ca,ca+e,1.6000000238418579,9.6980810169999998,19.024814606,24.175071716000001
262,O,oc8,-0.89999997615814209,-0.016052611000000001,12.757881165000001,20.307487488
263,O,oc5,-0.89999997615814209,0.089109181999999995,9.7607641219999994,22.676124572999999
264,O,oc7,-0.89999997615814209,0.025412266999999999,12.759849548,38.796916961999997
265,O,oc8,-0.89999997615814209,-0.011228551,9.7653799059999997,25.680231094
266,O,o*,-0.81999999284744263,-0.010171128999999999,15.337928772,22.449644089
267,O,o*,-0.81999999284744263,0.060213535999999998,7.2134232520000001,41.989459990999997
268,O,o*,-0.81999999284744263,9.6746397020000003,20.978849410999999,25.907505035
269,O,o*,-0.81999999284744263,10.353960037,12.902719498,38.671310425000001
270,O,o*,-0.81999999284744263,2.6375741960000001,14.384124756,34.668643951
271,O,o*,-0.81999999284744263,6.7242221830000002,13.700573921,29.576356887999999
272,O,o*,-0.81999999284744263,2.5043787960000001,14.515094757,24.226528168000002
273,O,o*,-0.81999999284744263,7.3428845410000001,13.518385887000001,39.939563751000001
274,O,oc11,-0.60000002384185791,3.2005004879999999,16.892271042000001,30.518423080000002
275,O,oc11,-0.60000002384185791,3.2683947089999998,16.876819610999998,38.833961487000003
276,O,oc11,-0.60000002384185791,3.2206099030000002,16.883712768999999,23.116851807
277,O,oc11,-0.60000002384185791,1.865476608,17.133749007999999,32.535823821999998
278,O,oc11,-0.60000002384185791,1.9188979859999999,17.216468810999999,36.843318939
279,O,oc11,-0.60000002384185791,1.8889659640000001,16.634361266999999,21.105646133
280,O,o*,-0.81999999284744263,1.6864264010000001,17.409038544000001,26.926504134999998
281,S,s',0.60000002384185791,3.2325601580000001,16.882915496999999,32.006866455000001
282,S,s',0.60000002384185791,3.2710177900000001,16.878278731999998,37.347194672000001
283,S,s',0.60000002384185791,3.2539217470000001,16.895902633999999,21.631536484000002
284,H,h*,0.40999999642372131,0.78748256000000005,6.5662274360000001,42.177391051999997
285,H,h*,0.40999999642372131,-0.70122224099999997,6.7118101120000002,42.379673003999997
286,H,h*,0.40999999642372131,10.333478928,21.623065948000001,26.253803253000001
287,H,h*,0.40999999642372131,8.8722305299999995,21.561225890999999,25.957469939999999
288,H,h*,0.40999999642372131,9.6458053590000006,12.256696700999999,38.448539734000001
289,H,h*,0.40999999642372131,11.07948494,12.490949630999999,38.136619568
290,H,h*,0.40999999642372131,2.962804556,14.948349952999999,33.921669006000002
291,H,h*,0.40999999642372131,3.020765543,14.885433196999999,35.434040070000002
292,H,h*,0.40999999642372131,6.5124554630000002,13.263606071,30.438690185999999
293,H,h*,0.40999999642372131,6.662479877,12.904298782,28.994085311999999
294,H,h*,0.40999999642372131,3.1392476560000002,13.833368301,23.907043457
295,H,h*,0.40999999642372131,2.791330576,15.309513092,23.705379486000002
296,H,h*,0.40999999642372131,6.9989614490000003,12.767160415999999,40.489822388
297,H,h*,0.40999999642372131,6.6282443999999998,14.183916092,40.082660675
298,H,h*,0.40999999642372131,0.74080395700000001,15.821668624999999,22.020683289000001
299,H,h*,0.40999999642372131,-0.74995017100000005,15.956663131999999,22.219640731999998
300,H,h*,0.40999999642372131,2.1239268779999998,18.000926970999998,27.586147308000001
301,H,h*,0.40999999642372131,1.8668788670000001,17.919944763,26.099796295000001
302,Al,ac2,1.2000000476837158,9.786114693,16.885707855,21.489555359000001
303,Ca,ca+e,1.6000000238418579,9.8774309159999998,14.789270401,40.296146393000001
304,Ca,ca+e,1.6000000238418579,-0.053368445,13.394815445000001,24.175071716000001
305,O,oc8,-0.89999997615814209,9.7353973390000004,18.387882232999999,20.307487488
306,O,oc5,-0.89999997615814209,9.8405590059999994,15.390764236000001,22.676124572999999
307,O,oc7,-0.89999997615814209,9.7768621440000008,18.389850616,38.796916961999997
308,O,oc8,-0.89999997615814209,9.7402210240000002,15.395380019999999,25.680231094
309,O,o*,-0.81999999284744263,9.7412786479999998,20.967927932999999,22.449644089
310,O,o*,-0.81999999284744263,9.8116636279999998,12.843422889999999,41.989459990999997
311,O,o*,-0.81999999284744263,-0.076809756000000007,15.348849296999999,25.907505035
312,O,o*,-0.81999999284744263,0.60250961800000002,7.2727193830000001,38.671310425000001
313,O,o*,-0.81999999284744263,12.389024733999999,20.014123916999999,34.668643951
314,O,o*,-0.81999999284744263,-3.0272281169999999,8.0705738070000006,29.576356887999999
315,O,o*,-0.81999999284744263,12.255828856999999,20.145093918000001,24.226528168000002
316,O,o*,-0.81999999284744263,-2.408566236,7.8883862499999999,39.939563751000001
317,O,oc11,-0.60000002384185791,12.951950073000001,11.262269974000001,30.518423080000002
318,O,oc11,-0.60000002384185791,13.019845009000001,11.24682045,38.833961487000003
319,O,oc11,-0.60000002384185791,12.972060204,11.2537117,23.116851807
320,O,oc11,-0.60000002384185791,11.616926192999999,11.503748893999999,32.535823821999998
321,O,oc11,-0.60000002384185791,11.670348167,11.58646965,36.843318939
322,O,oc11,-0.60000002384185791,11.640416145,11.004361153,21.105646133
323,O,o*,-0.81999999284744263,11.437876701,11.779039383000001,26.926504134999998
324,S,s',0.60000002384185791,12.984009743,11.252916336,32.006866455000001
325,S,s',0.60000002384185791,13.022467613,11.248279572,37.347194672000001
326,S,s',0.60000002384185791,13.005372047,11.265902519000001,21.631536484000002
327,H,h*,0.40999999642372131,10.5389328,12.196228027,42.177391051999997
328,H,h*,0.40999999642372131,9.0502281189999998,12.341810226,42.379673003999997
329,H,h*,0.40999999642372131,0.58202850800000006,15.993066788,26.253803253000001
330,H,h*,0.40999999642372131,-0.87921989,15.931225777,25.957469939999999
331,H,h*,0.40999999642372131,-0.105645053,6.6266965869999996,38.448539734000001
332,H,h*,0.40999999642372131,1.3280345200000001,6.8609495159999998,38.136619568
333,H,h*,0.40999999642372131,12.714254379,20.578350066999999,33.921669006000002
334,H,h*,0.40999999642372131,12.772215843,20.515432358000002,35.434040070000002
335,H,h*,0.40999999642372131,-3.2389953139999998,7.6336059570000003,30.438690185999999
336,H,h*,0.40999999642372131,-3.0889689919999999,7.2742991449999996,28.994085311999999
337,H,h*,0.40999999642372131,12.890697479,19.463369369999999,23.907043457
338,H,h*,0.40999999642372131,12.542780876,20.939512253,23.705379486000002
339,H,h*,0.40999999642372131,-2.752487898,7.1371603009999998,40.489822388
340,H,h*,0.40999999642372131,-3.1232058999999999,8.5539159770000008,40.082660675
341,H,h*,0.40999999642372131,10.492254257000001,21.451667786000002,22.020683289000001
342,H,h*,0.40999999642372131,9.0015001300000002,21.586664200000001,22.219640731999998
343,H,h*,0.40999999642372131,11.875376701,12.370926857000001,27.586147308000001
344,H,h*,0.40999999642372131,11.618329048,12.289944649000001,26.099796295000001
345,Al,ac2,1.2000000476837158,0.034665134,22.515708922999998,0.0095545089999999992
346,Ca,ca+e,1.6000000238418579,0.125981018,20.419269562,18.816146850999999
347,Ca,ca+e,1.6000000238418579,9.6980810169999998,30.284814834999999,2.6950714589999998
348,O,oc8,-0.89999997615814209,-0.016052611000000001,24.017881393,-1.172513127
349,O,oc5,-0.89999997615814209,0.089109181999999995,21.020763397,1.196125388
350,O,oc7,-0.89999997615814209,0.025412266999999999,24.019849777000001,17.316917418999999
351,O,oc8,-0.89999997615814209,-0.011228551,21.025379181000002,4.200231552
352,O,o*,-0.81999999284744263,-0.010171128999999999,26.597929001000001,0.96964383099999996
353,O,o*,-0.81999999284744263,0.060213535999999998,18.473423004000001,20.509458542000001
354,O,o*,-0.81999999284744263,9.6746397020000003,32.238849639999998,4.4275050159999996
355,O,o*,-0.81999999284744263,10.353960037,24.162719726999999,17.191308974999998
356,O,o*,-0.81999999284744263,2.6375741960000001,25.644124985000001,13.188644409
357,O,o*,-0.81999999284744263,6.7242221830000002,24.960573195999999,8.0963563920000006
358,O,o*,-0.81999999284744263,2.5043787960000001,25.775094985999999,2.7465279100000002
359,O,o*,-0.81999999284744263,7.3428845410000001,24.778385161999999,18.459564209
360,O,oc11,-0.60000002384185791,3.2005004879999999,28.152271271,9.0384225849999993
361,O,oc11,-0.60000002384185791,3.2683947089999998,28.136819839000001,17.353961944999998
362,O,oc11,-0.60000002384185791,3.2206099030000002,28.143712997000002,1.636851072
363,O,oc11,-0.60000002384185791,1.865476608,28.393749237000002,11.055822372
364,O,oc11,-0.60000002384185791,1.9188979859999999,28.476469040000001,15.363320351
365,O,oc11,-0.60000002384185791,1.8889659640000001,27.894361495999998,-0.37435385599999998
366,O,o*,-0.81999999284744263,1.6864264010000001,28.669038773,5.4465041159999998
367,S,s',0.60000002384185791,3.2325601580000001,28.142915725999998,10.526865959
368,S,s',0.60000002384185791,3.2710177900000001,28.138278961000001,15.867196083
369,S,s',0.60000002384185791,3.2539217470000001,28.155902863000001,0.15153618199999999
370,H,h*,0.40999999642372131,0.78748256000000005,17.826227188000001,20.697391509999999
371,H,h*,0.40999999642372131,-0.70122224099999997,17.971809387,20.899671555000001
372,H,h*,0.40999999642372131,10.333478928,32.883068084999998,4.7738041879999997
373,H,h*,0.40999999642372131,8.8722305299999995,32.821224213000001,4.477469921
374,H,h*,0.40999999642372131,9.6458053590000006,23.516696929999998,16.968538284000001
375,H,h*,0.40999999642372131,11.07948494,23.750949859999999,16.656618118000001
376,H,h*,0.40999999642372131,2.962804556,26.208351135000001,12.441667557000001
377,H,h*,0.40999999642372131,3.020765543,26.145433426,13.954041481000001
378,H,h*,0.40999999642372131,6.5124554630000002,24.523605347,8.9586906430000006
379,H,h*,0.40999999642372131,6.662479877,24.164299011000001,7.5140852929999999
380,H,h*,0.40999999642372131,3.1392476560000002,25.093368529999999,2.4270429610000002
381,H,h*,0.40999999642372131,2.791330576,26.569513320999999,2.2253797049999999
382,H,h*,0.40999999642372131,6.9989614490000003,24.027160644999999,19.009820938000001
383,H,h*,0.40999999642372131,6.6282443999999998,25.443916321,18.602659225
384,H,h*,0.40999999642372131,0.74080395700000001,27.081668854,0.54068291199999996
385,H,h*,0.40999999642372131,-0.74995017100000005,27.216663360999998,0.73964130900000002
386,H,h*,0.40999999642372131,2.1239268779999998,29.260927200000001,6.1061468120000004
387,H,h*,0.40999999642372131,1.8668788670000001,29.179944991999999,4.6197972299999996
388,Al,ac2,1.2000000476837158,9.786114693,28.145708083999999,0.0095545500000000002
389,Ca,ca+e,1.6000000238418579,9.8774309159999998,26.049270629999999,18.816146850999999
390,Ca,ca+e,1.6000000238418579,-0.053368445,24.654815674000002,2.6950714589999998
391,O,oc8,-0.89999997615814209,9.7353973390000004,29.647880554,-1.172513127
392,O,oc5,-0.89999997615814209,9.8405590059999994,26.650764465000002,1.196125388
393,O,oc7,-0.89999997615814209,9.7768621440000008,29.649848938000002,17.316917418999999
394,O,oc8,-0.89999997615814209,9.7402210240000002,26.655380249,4.200231552
395,O,o*,-0.81999999284744263,9.7412786479999998,32.227928161999998,0.96964383099999996
396,O,o*,-0.81999999284744263,9.8116636279999998,24.103424071999999,20.509458542000001
397,O,o*,-0.81999999284744263,-0.076809756000000007,26.608848571999999,4.4275050159999996
398,O,o*,-0.81999999284744263,0.60250961800000002,18.532718658,17.191308974999998
399,O,o*,-0.81999999284744263,12.389024733999999,31.274124145999998,13.188644409
400,O,o*,-0.81999999284744263,-3.0272281169999999,19.330574036000002,8.0963563920000006
401,O,o*,-0.81999999284744263,12.255828856999999,31.405094147,2.746528149
402,O,o*,-0.81999999284744263,-2.408566236,19.148386001999999,18.459564209
403,O,oc11,-0.60000002384185791,12.951950073000001,22.522270203000001,9.0384225849999993
404,O,oc11,-0.60000002384185791,13.019845009000001,22.506820679,17.353961944999998
405,O,oc11,-0.60000002384185791,12.972060204,22.513711928999999,1.636851072
406,O,oc11,-0.60000002384185791,11.616926192999999,22.763748168999999,11.055822372
407,O,oc11,-0.60000002384185791,11.670348167,22.846469879000001,15.363320351
408,O,oc11,-0.60000002384185791,11.640416145,22.264360428,-0.37435385599999998
409,O,o*,-0.81999999284744263,11.437876701,23.039039612,5.4465041159999998
410,S,s',0.60000002384185791,12.984009743,22.512916565000001,10.526865959
411,S,s',0.60000002384185791,13.022467613,22.5082798,15.867196083
412,S,s',0.60000002384185791,13.005372047,22.525901793999999,0.151536167
413,H,h*,0.40999999642372131,10.5389328,23.456228255999999,20.697391509999999
414,H,h*,0.40999999642372131,9.0502281189999998,23.601810454999999,20.899671555000001
415,H,h*,0.40999999642372131,0.58202850800000006,27.253067016999999,4.7738041879999997
416,H,h*,0.40999999642372131,-0.87921989,27.191225052,4.477469921
417,H,h*,0.40999999642372131,-0.105645053,17.886695862,16.968538284000001
418,H,h*,0.40999999642372131,1.3280345200000001,18.120948792,16.656618118000001
419,H,h*,0.40999999642372131,12.714254379,31.838350296000002,12.441667557000001
420,H,h*,0.40999999642372131,12.772215843,31.775432587000001,13.954041481000001
421,H,h*,0.40999999642372131,-3.2389953139999998,18.893606186,8.9586906430000006
422,H,h*,0.40999999642372131,-3.0889689919999999,18.53429985,7.5140852929999999
423,H,h*,0.40999999642372131,12.890697479,30.723367691,2.4270429610000002
424,H,h*,0.40999999642372131,12.542780876,32.199512482000003,2.2253797049999999
425,H,h*,0.40999999642372131,-2.752487898,18.397159576,19.009820938000001
426,H,h*,0.40999999642372131,-3.1232058999999999,19.813915253000001,18.602659225
427,H,h*,0.40999999642372131,10.492254257000001,32.711669921999999,0.54068291199999996
428,H,h*,0.40999999642372131,9.0015001300000002,32.846664429,0.73964130900000002
429,H,h*,0.40999999642372131,11.875376701,23.630928040000001,6.1061468120000004
430,H,h*,0.40999999642372131,11.618329048,23.549943924000001,4.6197967530000001
431,Al,ac2,1.2000000476837158,0.034665134,22.515708922999998,21.489555359000001
432,Ca,ca+e,1.6000000238418579,0.125981018,20.419269562,40.296146393000001
433,Ca,ca+e,1.6000000238418579,9.6980810169999998,30.284814834999999,24.175071716000001
434,O,oc8,-0.89999997615814209,-0.016052611000000001,24.017881393,20.307487488
435,O,oc5,-0.89999997615814209,0.089109181999999995,21.020763397,22.676124572999999
436,O,oc7,-0.89999997615814209,0.025412266999999999,24.019849777000001,38.796916961999997
437,O,oc8,-0.89999997615814209,-0.011228551,21.025379181000002,25.680231094
438,O,o*,-0.81999999284744263,-0.010171128999999999,26.597929001000001,22.449644089
439,O,o*,-0.81999999284744263,0.060213535999999998,18.473423004000001,41.989459990999997
440,O,o*,-0.81999999284744263,9.6746397020000003,32.238849639999998,25.907505035
441,O,o*,-0.81999999284744263,10.353960037,24.162719726999999,38.671310425000001
442,O,o*,-0.81999999284744263,2.6375741960000001,25.644124985000001,34.668643951
443,O,o*,-0.81999999284744263,6.7242221830000002,24.960573195999999,29.576356887999999
444,O,o*,-0.81999999284744263,2.5043787960000001,25.775094985999999,24.226528168000002
445,O,o*,-0.81999999284744263,7.3428845410000001,24.778385161999999,39.939563751000001
446,O,oc11,-0.60000002384185791,3.2005004879999999,28.152271271,30.518423080000002
447,O,oc11,-0.60000002384185791,3.2683947089999998,28.136819839000001,38.833961487000003
448,O,oc11,-0.60000002384185791,3.2206099030000002,28.143712997000002,23.116851807
449,O,oc11,-0.60000002384185791,1.865476608,28.393749237000002,32.535823821999998
450,O,oc11,-0.60000002384185791,1.9188979859999999,28.476469040000001,36.843318939
451,O,oc11,-0.60000002384185791,1.8889659640000001,27.894361495999998,21.105646133
452,O,o*,-0.81999999284744263,1.6864264010000001,28.669038773,26.926504134999998
453,S,s',0.60000002384185791,3.2325601580000001,28.142915725999998,32.006866455000001
454,S,s',0.60000002384185791,3.2710177900000001,28.138278961000001,37.347194672000001
455,S,s',0.60000002384185791,3.2539217470000001,28.155902863000001,21.631536484000002
456,H,h*,0.40999999642372131,0.78748256000000005,17.826227188000001,42.177391051999997
457,H,h*,0.40999999642372131,-0.70122224099999997,17.971809387,42.379673003999997
458,H,h*,0.40999999642372131,10.333478928,32.883068084999998,26.253803253000001
459,H,h*,0.40999999642372131,8.8722305299999995,32.821224213000001,25.957469939999999
460,H,h*,0.40999999642372131,9.6458053590000006,23.516696929999998,38.448539734000001
461,H,h*,0.40999999642372131,11.07948494,23.750949859999999,38.136619568
462,H,h*,0.40999999642372131,2.962804556,26.208351135000001,33.921669006000002
463,H,h*,0.40999999642372131,3.020765543,26.145433426,35.434040070000002
464,H,h*,0.40999999642372131,6.5124554630000002,24.523605347,30.438690185999999
465,H,h*,0.40999999642372131,6.662479877,24.164299011000001,28.994085311999999
466,H,h*,0.40999999642372131,3.1392476560000002,25.093368529999999,23.907043457
467,H,h*,0.40999999642372131,2.791330576,26.569513320999999,23.705379486000002
468,H,h*,0.40999999642372131,6.9989614490000003,24.027160644999999,40.489822388
469,H,h*,0.40999999642372131,6.6282443999999998,25.443916321,40.082660675
470,H,h*,0.40999999642372131,0.74080395700000001,27.081668854,22.020683289000001
471,H,h*,0.40999999642372131,-0.74995017100000005,27.216663360999998,22.219640731999998
472,H,h*,0.40999999642372131,2.1239268779999998,29.260927200000001,27.586147308000001
473,H,h*,0.40999999642372131,1.8668788670000001,29.179944991999999,26.099796295000001
474,Al,ac2,1.2000000476837158,9.786114693,28.145708083999999,21.489555359000001
475,Ca,ca+e,1.6000000238418579,9.8774309159999998,26.049270629999999,40.296146393000001
476,Ca,ca+e,1.6000000238418579,-0.053368445,24.654815674000002,24.175071716000001
477,O,oc8,-0.89999997615814209,9.7353973390000004,29.647880554,20.307487488
478,O,oc5,-0.89999997615814209,9.8405590059999994,26.650764465000002,22.676124572999999
479,O,oc7,-0.89999997615814209,9.7768621440000008,29.649848938000002,38.796916961999997
480,O,oc8,-0.89999997615814209,9.7402210240000002,26.655380249,25.680231094
481,O,o*,-0.81999999284744263,9.7412786479999998,32.227928161999998,22.449644089
482,O,o*,-0.81999999284744263,9.8116636279999998,24.103424071999999,41.989459990999997
483,O,o*,-0.81999999284744263,-0.076809756000000007,26.608848571999999,25.907505035
484,O,o*,-0.81999999284744263,0.60250961800000002,18.532718658,38.671310425000001
485,O,o*,-0.81999999284744263,12.389024733999999,31.274124145999998,34.668643951
486,O,o*,-0.81999999284744263,-3.0272281169999999,19.330574036000002,29.576356887999999
487,O,o*,-0.81999999284744263,12.255828856999999,31.405094147,24.226528168000002
488,O,o*,-0.81999999284744263,-2.408566236,19.148386001999999,39.939563751000001
489,O,oc11,-0.60000002384185791,12.951950073000001,22.522270203000001,30.518423080000002
490,O,oc11,-0.60000002384185791,13.019845009000001,22.506820679,38.833961487000003
491,O,oc11,-0.60000002384185791,12.972060204,22.513711928999999,23.116851807
492,O,oc11,-0.60000002384185791,11.616926192999999,22.763748168999999,32.535823821999998
493,O,oc11,-0.60000002384185791,11.670348167,22.846469879000001,36.843318939
494,O,oc11,-0.60000002384185791,11.640416145,22.264360428,21.105646133
495,O,o*,-0.81999999284744263,11.437876701,23.039039612,26.926504134999998
496,S,s',0.60000002384185791,12.984009743,22.512916565000001,32.006866455000001
497,S,s',0.60000002384185791,13.022467613,22.5082798,37.347194672000001
498,S,s',0.60000002384185791,13.005372047,22.525901793999999,21.631536484000002
499,H,h*,0.40999999642372131,10.5389328,23.456228255999999,42.177391051999997
500,H,h*,0.40999999642372131,9.0502281189999998,23.601810454999999,42.379673003999997
501,H,h*,0.40999999642372131,0.58202850800000006,27.253067016999999,26.253803253000001
502,H,h*,0.40999999642372131,-0.87921989,27.191225052,25.957469939999999
503,H,h*,0.40999999642372131,-0.105645053,17.886695862,38.448539734000001
504,H,h*,0.40999999642372131,1.3280345200000001,18.120948792,38.136619568
505,H,h*,0.40999999642372131,12.714254379,31.838350296000002,33.921669006000002
506,H,h*,0.40999999642372131,12.772215843,31.775432587000001,35.434040070000002
507,H,h*,0.40999999642372131,-3.2389953139999998,18.893606186,30.438690185999999
508,H,h*,0.40999999642372131,-3.0889689919999999,18.53429985,28.994085311999999
509,H,h*,0.40999999642372131,12.890697479,30.723367691,23.907043457
510,H,h*,0.40999999642372131,12.542780876,32.199512482000003,23.705379486000002
511,H,h*,0.40999999642372131,-2.752487898,18.397159576,40.489822388
512,H,h*,0.40999999642372131,-3.1232058999999999,19.813915253000001,40.082660675
513,H,h*,0.40999999642372131,10.492254257000001,32.711669921999999,22.020683289000001
514,H,h*,0.40999999642372131,9.0015001300000002,32.846664429,22.219640731999998
515,H,h*,0.40999999642372131,11.875376701,23.630928040000001,27.586147308000001
516,H,h*,0.40999999642372131,11.618329048,23.549943924000001,26.099796295000001
517,Al,ac2,1.2000000476837158,0.034665134,33.775707245,0.0095545089999999992
518,Ca,ca+e,1.6000000238418579,0.125981018,31.679269790999999,18.816146850999999
519,Ca,ca+e,1.6000000238418579,9.6980810169999998,41.544815063000001,2.6950714589999998
520,O,oc8,-0.89999997615814209,-0.016052611000000001,35.277881622000002,-1.172513127
521,O,oc5,-0.89999997615814209,0.089109181999999995,32.280765533,1.196125388
522,O,oc7,-0.89999997615814209,0.025412266999999999,35.279850005999997,17.316917418999999
523,O,oc8,-0.89999997615814209,-0.011228551,32.285381317000002,4.200231552
524,O,o*,-0.81999999284744263,-0.010171128999999999,37.857929230000003,0.96964383099999996
525,O,o*,-0.81999999284744263,0.060213535999999998,29.733423233,20.509458542000001
526,O,o*,-0.81999999284744263,9.6746397020000003,43.498847961000003,4.4275050159999996
527,O,o*,-0.81999999284744263,10.353960037,35.422718048,17.191308974999998
528,O,o*,-0.81999999284744263,2.6375741960000001,36.904125213999997,13.188644409
529,O,o*,-0.81999999284744263,6.7242221830000002,36.220573424999998,8.0963563920000006
530,O,o*,-0.81999999284744263,2.5043787960000001,37.035095214999998,2.7465279100000002
531,O,o*,-0.81999999284744263,7.3428845410000001,36.038387299,18.459564209
532,O,oc11,-0.60000002384185791,3.2005004879999999,39.412269592000001,9.0384225849999993
533,O,oc11,-0.60000002384185791,3.2683947089999998,39.396820067999997,17.353961944999998
534,O,oc11,-0.60000002384185791,3.2206099030000002,39.403713226000001,1.636851072
535,O,oc11,-0.60000002384185791,1.865476608,39.653747559000003,11.055822372
536,O,oc11,-0.60000002384185791,1.9188979859999999,39.736469268999997,15.363320351
537,O,oc11,-0.60000002384185791,1.8889659640000001,39.154361725000001,-0.37435385599999998
538,O,o*,-0.81999999284744263,1.6864264010000001,39.929039001,5.4465041159999998
539,S,s',0.60000002384185791,3.2325601580000001,39.402915954999997,10.526865959
540,S,s',0.60000002384185791,3.2710177900000001,39.398281097000002,15.867196083
541,S,s',0.60000002384185791,3.2539217470000001,39.415901183999999,0.15153618199999999
542,H,h*,0.40999999642372131,0.78748256000000005,29.086227417,20.697391509999999
543,H,h*,0.40999999642372131,-0.70122224099999997,29.231809616,20.899671555000001
544,H,h*,0.40999999642372131,10.333478928,44.143066406000003,4.7738041879999997
545,H,h*,0.40999999642372131,8.8722305299999995,44.081226348999998,4.477469921
546,H,h*,0.40999999642372131,9.6458053590000006,34.776695251,16.968538284000001
547,H,h*,0.40999999642372131,11.07948494,35.010948181000003,16.656618118000001
548,H,h*,0.40999999642372131,2.962804556,37.468349457000002,12.441667557000001
549,H,h*,0.40999999642372131,3.020765543,37.405433655000003,13.954041481000001
550,H,h*,0.40999999642372131,6.5124554630000002,35.783607482999997,8.9586906430000006
551,H,h*,0.40999999642372131,6.662479877,35.424297332999998,7.5140852929999999
552,H,h*,0.40999999642372131,3.1392476560000002,36.353366852000001,2.4270429610000002
553,H,h*,0.40999999642372131,2.791330576,37.829513550000001,2.2253797049999999
554,H,h*,0.40999999642372131,6.9989614490000003,35.287158966,19.009820938000001
555,H,h*,0.40999999642372131,6.6282443999999998,36.703914642000001,18.602659225
556,H,h*,0.40999999642372131,0.74080395700000001,38.341667174999998,0.54068291199999996
557,H,h*,0.40999999642372131,-0.74995017100000005,38.476661682,0.73964130900000002
558,H,h*,0.40999999642372131,2.1239268779999998,40.520927428999997,6.1061468120000004
559,H,h*,0.40999999642372131,1.8668788670000001,40.439945221000002,4.6197972299999996
560,Al,ac2,1.2000000476837158,9.786114693,39.405708312999998,0.0095545500000000002
561,Ca,ca+e,1.6000000238418579,9.8774309159999998,37.309268951,18.816146850999999
562,Ca,ca+e,1.6000000238418579,-0.053368445,35.914813995000003,2.6950714589999998
563,O,oc8,-0.89999997615814209,9.7353973390000004,40.907882690000001,-1.172513127
564,O,oc5,-0.89999997615814209,9.8405590059999994,37.910762787000003,1.196125388
565,O,oc7,-0.89999997615814209,9.7768621440000008,40.909851074000002,17.316917418999999
566,O,oc8,-0.89999997615814209,9.7402210240000002,37.915378570999998,4.200231552
567,O,o*,-0.81999999284744263,9.7412786479999998,43.487930298000002,0.96964383099999996
568,O,o*,-0.81999999284744263,9.8116636279999998,35.363422393999997,20.509458542000001
569,O,o*,-0.81999999284744263,-0.076809756000000007,37.868850707999997,4.4275050159999996
570,O,o*,-0.81999999284744263,0.60250961800000002,29.792718886999999,17.191308974999998
571,O,o*,-0.81999999284744263,12.389024733999999,42.534126282000003,13.188644409
572,O,o*,-0.81999999284744263,-3.0272281169999999,30.590574265000001,8.0963563920000006
573,O,o*,-0.81999999284744263,12.255828856999999,42.665096282999997,2.746528149
574,O,o*,-0.81999999284744263,-2.408566236,30.408386230000001,18.459564209
575,O,oc11,-0.60000002384185791,12.951950073000001,33.782268524000003,9.0384225849999993
576,O,oc11,-0.60000002384185791,13.019845009000001,33.766818999999998,17.353961944999998
577,O,oc11,-0.60000002384185791,12.972060204,33.773712158000002,1.636851072
578,O,oc11,-0.60000002384185791,11.616926192999999,34.023750305,11.055822372
579,O,oc11,-0.60000002384185791,11.670348167,34.106468200999998,15.363320351
580,O,oc11,-0.60000002384185791,11.640416145,33.524360657000003,-0.37435385599999998
581,O,o*,-0.81999999284744263,11.437876701,34.299037933000001,5.4465041159999998
582,S,s',0.60000002384185791,12.984009743,33.772914886000002,10.526865959
583,S,s',0.60000002384185791,13.022467613,33.768280029000003,15.867196083
584,S,s',0.60000002384185791,13.005372047,33.785903931,0.151536167
585,H,h*,0.40999999642372131,10.5389328,34.716228485000002,20.697391509999999
586,H,h*,0.40999999642372131,9.0502281189999998,34.861808777,20.899671555000001
587,H,h*,0.40999999642372131,0.58202850800000006,38.513065337999997,4.7738041879999997
588,H,h*,0.40999999642372131,-0.87921989,38.451225280999999,4.477469921
589,H,h*,0.40999999642372131,-0.105645053,29.146696090999999,16.968538284000001
590,H,h*,0.40999999642372131,1.3280345200000001,29.380949019999999,16.656618118000001
591,H,h*,0.40999999642372131,12.714254379,43.098350525000001,12.441667557000001
592,H,h*,0.40999999642372131,12.772215843,43.035434723000002,13.954041481000001
593,H,h*,0.40999999642372131,-3.2389953139999998,30.153606414999999,8.9586906430000006
594,H,h*,0.40999999642372131,-3.0889689919999999,29.794298172000001,7.5140852929999999
595,H,h*,0.40999999642372131,12.890697479,41.983367919999999,2.4270429610000002
596,H,h*,0.40999999642372131,12.542780876,43.459514618,2.2253797049999999
597,H,h*,0.40999999642372131,-2.752487898,29.657159804999999,19.009820938000001
598,H,h*,0.40999999642372131,-3.1232058999999999,31.073915482,18.602659225
599,H,h*,0.40999999642372131,10.492254257000001,43.971668243000003,0.54068291199999996
600,H,h*,0.40999999642372131,9.0015001300000002,44.106662749999998,0.73964130900000002
601,H,h*,0.40999999642372131,11.875376701,34.890926360999998,6.1061468120000004
602,H,h*,0.40999999642372131,11.618329048,34.809944152999996,4.6197967530000001
603,Al,ac2,1.2000000476837158,0.034665134,33.775707245,21.489555359000001
604,Ca,ca+e,1.6000000238418579,0.125981018,31.679269790999999,40.296146393000001
605,Ca,ca+e,1.6000000238418579,9.6980810169999998,41.544815063000001,24.175071716000001
606,O,oc8,-0.89999997615814209,-0.016052611000000001,35.277881622000002,20.307487488
607,O,oc5,-0.89999997615814209,0.089109181999999995,32.280765533,22.676124572999999
608,O,oc7,-0.89999997615814209,0.025412266999999999,35.279850005999997,38.796916961999997
609,O,oc8,-0.89999997615814209,-0.011228551,32.285381317000002,25.680231094
610,O,o*,-0.81999999284744263,-0.010171128999999999,37.857929230000003,22.449644089
611,O,o*,-0.81999999284744263,0.060213535999999998,29.733423233,41.989459990999997
612,O,o*,-0.81999999284744263,9.6746397020000003,43.498847961000003,25.907505035
613,O,o*,-0.81999999284744263,10.353960037,35.422718048,38.671310425000001
614,O,o*,-0.81999999284744263,2.6375741960000001,36.904125213999997,34.668643951
615,O,o*,-0.81999999284744263,6.7242221830000002,36.220573424999998,29.576356887999999
616,O,o*,-0.81999999284744263,2.5043787960000001,37.035095214999998,24.226528168000002
617,O,o*,-0.81999999284744263,7.3428845410000001,36.038387299,39.939563751000001
618,O,oc11,-0.60000002384185791,3.2005004879999999,39.412269592000001,30.518423080000002
619,O,oc11,-0.60000002384185791,3.2683947089999998,39.396820067999997,38.833961487000003
620,O,oc11,-0.60000002384185791,3.2206099030000002,39.403713226000001,23.116851807
621,O,oc11,-0.60000002384185791,1.865476608,39.653747559000003,32.535823821999998
622,O,oc11,-0.60000002384185791,1.9188979859999999,39.736469268999997,36.843318939
623,O,oc11,-0.60000002384185791,1.8889659640000001,39.154361725000001,21.105646133
624,O,o*,-0.81999999284744263,1.6864264010000001,39.929039001,26.926504134999998
625,S,s',0.60000002384185791,3.2325601580000001,39.402915954999997,32.006866455000001
626,S,s',0.60000002384185791,3.2710177900000001,39.398281097000002,37.347194672000001
627,S,s',0.60000002384185791,3.2539217470000001,39.415901183999999,21.631536484000002
628,H,h*,0.40999999642372131,0.78748256000000005,29.086227417,42.177391051999997
629,H,h*,0.40999999642372131,-0.70122224099999997,29.231809616,42.379673003999997
630,H,h*,0.40999999642372131,10.333478928,44.143066406000003,26.253803253000001
631,H,h*,0.40999999642372131,8.8722305299999995,44.081226348999998,25.957469939999999
632,H,h*,0.40999999642372131,9.6458053590000006,34.776695251,38.448539734000001
633,H,h*,0.40999999642372131,11.07948494,35.010948181000003,38.136619568
634,H,h*,0.40999999642372131,2.962804556,37.468349457000002,33.921669006000002
635,H,h*,0.40999999642372131,3.020765543,37.405433655000003,35.434040070000002
636,H,h*,0.40999999642372131,6.5124554630000002,35.783607482999997,30.438690185999999
637,H,h*,0.40999999642372131,6.662479877,35.424297332999998,28.994085311999999
638,H,h*,0.40999999642372131,3.1392476560000002,36.353366852000001,23.907043457
639,H,h*,0.40999999642372131,2.791330576,37.829513550000001,23.705379486000002
640,H,h*,0.40999999642372131,6.9989614490000003,35.287158966,40.489822388
641,H,h*,0.40999999642372131,6.6282443999999998,36.703914642000001,40.082660675
642,H,h*,0.40999999642372131,0.74080395700000001,38.341667174999998,22.020683289000001
643,H,h*,0.40999999642372131,-0.74995017100000005,38.476661682,22.219640731999998
644,H,h*,0.40999999642372131,2.1239268779999998,40.520927428999997,27.586147308000001
645,H,h*,0.40999999642372131,1.8668788670000001,40.439945221000002,26.099796295000001
646,Al,ac2,1.2000000476837158,9.786114693,39.405708312999998,21.489555359000001
647,Ca,ca+e,1.6000000238418579,9.8774309159999998,37.309268951,40.296146393000001
648,Ca,ca+e,1.6000000238418579,-0.053368445,35.914813995000003,24.175071716000001
649,O,oc8,-0.89999997615814209,9.7353973390000004,40.907882690000001,20.307487488
650,O,oc5,-0.89999997615814209,9.8405590059999994,37.910762787000003,22.676124572999999
651,O,oc7,-0.89999997615814209,9.7768621440000008,40.909851074000002,38.796916961999997
652,O,oc8,-0.89999997615814209,9.7402210240000002,37.915378570999998,25.680231094
653,O,o*,-0.81999999284744263,9.7412786479999998,43.487930298000002,22.449644089
654,O,o*,-0.81999999284744263,9.8116636279999998,35.363422393999997,41.989459990999997
655,O,o*,-0.81999999284744263,-0.076809756000000007,37.868850707999997,25.907505035
656,O,o*,-0.81999999284744263,0.60250961800000002,29.792718886999999,38.671310425000001
657,O,o*,-0.81999999284744263,12.389024733999999,42.534126282000003,34.668643951
658,O,o*,-0.81999999284744263,-3.0272281169999999,30.590574265000001,29.576356887999999
659,O,o*,-0.81999999284744263,12.255828856999999,42.665096282999997,24.226528168000002
660,O,o*,-0.81999999284744263,-2.408566236,30.408386230000001,39.939563751000001
661,O,oc11,-0.60000002384185791,12.951950073000001,33.782268524000003,30.518423080000002
662,O,oc11,-0.60000002384185791,13.019845009000001,33.766818999999998,38.833961487000003
663,O,oc11,-0.60000002384185791,12.972060204,33.773712158000002,23.116851807
664,O,oc11,-0.60000002384185791,11.616926192999999,34.023750305,32.535823821999998
665,O,oc11,-0.60000002384185791,11.670348167,34.106468200999998,36.843318939
666,O,oc11,-0.60000002384185791,11.640416145,33.524360657000003,21.105646133
667,O,o*,-0.81999999284744263,11.437876701,34.299037933000001,26.926504134999998
668,S,s',0.60000002384185791,12.984009743,33.772914886000002,32.006866455000001
669,S,s',0.60000002384185791,13.022467613,33.768280029000003,37.347194672000001
670,S,s',0.60000002384185791,13.005372047,33.785903931,21.631536484000002
671,H,h*,0.40999999642372131,10.5389328,34.716228485000002,42.177391051999997
672,H,h*,0.40999999642372131,9.0502281189999998,34.861808777,42.379673003999997
673,H,h*,0.40999999642372131,0.58202850800000006,38.513065337999997,26.253803253000001
674,H,h*,0.40999999642372131,-0.87921989,38.451225280999999,25.957469939999999
675,H,h*,0.40999999642372131,-0.105645053,29.146696090999999,38.448539734000001
676,H,h*,0.40999999642372131,1.3280345200000001,29.380949019999999,38.136619568
677,H,h*,0.40999999642372131,12.714254379,43.098350525000001,33.921669006000002
678,H,h*,0.40999999642372131,12.772215843,43.035434723000002,35.434040070000002
679,H,h*,0.40999999642372131,-3.2389953139999998,30.153606414999999,30.438690185999999
680,H,h*,0.40999999642372131,-3.0889689919999999,29.794298172000001,28.994085311999999
681,H,h*,0.40999999642372131,12.890697479,41.983367919999999,23.907043457
682,H,h*,0.40999999642372131,12.542780876,43.459514618,23.705379486000002
683,H,h*,0.40999999642372131,-2.752487898,29.657159804999999,40.489822388
684,H,h*,0.40999999642372131,-3.1232058999999999,31.073915482,40.082660675
685,H,h*,0.40999999642372131,10.492254257000001,43.971668243000003,22.020683289000001
686,H,h*,0.40999999642372131,9.0015001300000002,44.106662749999998,22.219640731999998
687,H,h*,0.40999999642372131,11.875376701,34.890926360999998,27.586147308000001
688,H,h*,0.40999999642372131,11.618329048,34.809944152999996,26.099796295000001
689,Al,ac2,1.2000000476837158,-0.028984874000000001,0.0066085620000000001,5.3845252989999999
690,Al,ac2,1.2000000476837158,9.7224655149999997,5.6366086009999998,5.3845252989999999
691,Al,ac2,1.2000000476837158,-0.028984874000000001,0.0066085620000000001,26.864524841000001
692,Al,ac2,1.2000000476837158,9.7224655149999997,5.6366086009999998,26.864524841000001
693,Al,ac2,1.2000000476837158,-0.028984874000000001,11.266608238,5.3845252989999999
694,Al,ac2,1.2000000476837158,9.7224655149999997,16.896608353000001,5.3845252989999999
695,Al,ac2,1.2000000476837158,-0.028984874000000001,11.266608238,26.864524841000001
696,Al,ac2,1.2000000476837158,9.7224655149999997,16.896608353000001,26.864524841000001
697,Al,ac2,1.2000000476837158,-0.028984874000000001,22.526609421,5.3845252989999999
698,Al,ac2,1.2000000476837158,9.7224655149999997,28.156608582,5.3845252989999999
699,Al,ac2,1.2000000476837158,-0.028984874000000001,22.526609421,26.864524841000001
700,Al,ac2,1.2000000476837158,9.7224655149999997,28.156608582,26.864524841000001
701,Al,ac2,1.2000000476837158,-0.028984874000000001,33.786609650000003,5.3845252989999999
702,Al,ac2,1.2000000476837158,9.7224655149999997,39.416606903000002,5.3845252989999999
703,Al,ac2,1.2000000476837158,-0.028984874000000001,33.786609650000003,26.864524841000001
704,Al,ac2,1.2000000476837158,9.7224655149999997,39.416606903000002,26.864524841000001
705,H,hoc,0.34999999403953552,0.074836306000000005,-2.345371246,0.77228635499999998
706,H,hoc,0.34999999403953552,9.8262863159999991,3.2846291070000002,0.77228635499999998
707,H,hoc,0.34999999403953552,0.074836306000000005,-2.345371246,22.252286910999999
708,H,hoc,0.34999999403953552,9.8262863159999991,3.2846291070000002,22.252286910999999
709,H,hoc,0.34999999403953552,0.074836306000000005,8.9146289830000001,0.77228635499999998
710,H,hoc,0.34999999403953552,9.8262863159999991,14.544629097,0.77228635499999998
711,H,hoc,0.34999999403953552,0.074836306000000005,8.9146289830000001,22.252286910999999
712,H,hoc,0.34999999403953552,9.8262863159999991,14.544629097,22.252286910999999
713,H,hoc,0.34999999403953552,0.074836306000000005,20.174629210999999,0.77228635499999998
714,H,hoc,0.34999999403953552,9.8262863159999991,25.804628372,0.77228635499999998
715,H,hoc,0.34999999403953552,0.074836306000000005,20.174629210999999,22.252286910999999
716,H,hoc,0.34999999403953552,9.8262863159999991,25.804628372,22.252286910999999
717,H,hoc,0.34999999403953552,0.074836306000000005,31.434629439999998,0.77228635499999998
718,H,hoc,0.34999999403953552,9.8262863159999991,37.064628601000003,0.77228635499999998
719,H,hoc,0.34999999403953552,0.074836306000000005,31.434629439999998,22.252286910999999
720,H,hoc,0.34999999403953552,9.8262863159999991,37.064628601000003,22.252286910999999
721,H,hoc,0.34999999403953552,0.042707328000000003,2.3545339109999999,16.908580780000001
722,H,hoc,0.34999999403953552,-0.0087447150000000001,-2.3425273899999999,4.6212286950000001
723,H,hoc,0.34999999403953552,-0.024546432999999999,2.3455913069999998,-0.75035792599999995
724,H,hoc,0.34999999403953552,9.7941570280000008,7.9845342639999997,16.908580780000001
725,H,hoc,0.34999999403953552,9.7427053449999992,3.287472486,4.6212286950000001
726,H,hoc,0.34999999403953552,9.7269039149999994,7.9755911829999997,-0.75035792599999995
727,H,hoc,0.34999999403953552,0.042707328000000003,2.3545339109999999,38.388580322000003
728,H,hoc,0.34999999403953552,-0.0087447150000000001,-2.3425273899999999,26.101228714000001
729,H,hoc,0.34999999403953552,-0.024546432999999999,2.3455913069999998,20.729642867999999
730,H,hoc,0.34999999403953552,9.7941570280000008,7.9845342639999997,38.388580322000003
731,H,hoc,0.34999999403953552,9.7427053449999992,3.287472486,26.101228714000001
732,H,hoc,0.34999999403953552,9.7269039149999994,7.9755911829999997,20.729642867999999
733,H,hoc,0.34999999403953552,0.042707328000000003,13.614534378,16.908580780000001
734,H,hoc,0.34999999403953552,-0.0087447150000000001,8.9174728390000002,4.6212286950000001
735,H,hoc,0.34999999403953552,-0.024546432999999999,13.605591774000001,-0.75035792599999995
736,H,hoc,0.34999999403953552,9.7941570280000008,19.244533538999999,16.908580780000001
737,H,hoc,0.34999999403953552,9.7427053449999992,14.547472954,4.6212286950000001
738,H,hoc,0.34999999403953552,9.7269039149999994,19.235591887999998,-0.75035792599999995
739,H,hoc,0.34999999403953552,0.042707328000000003,13.614534378,38.388580322000003
740,H,hoc,0.34999999403953552,-0.0087447150000000001,8.9174728390000002,26.101228714000001
741,H,hoc,0.34999999403953552,-0.024546432999999999,13.605591774000001,20.729642867999999
742,H,hoc,0.34999999403953552,9.7941570280000008,19.244533538999999,38.388580322000003
743,H,hoc,0.34999999403953552,9.7427053449999992,14.547472954,26.101228714000001
744,H,hoc,0.34999999403953552,9.7269039149999994,19.235591887999998,20.729642867999999
745,H,hoc,0.34999999403953552,0.042707328000000003,24.874534607000001,16.908580780000001
746,H,hoc,0.34999999403953552,-0.0087447150000000001,20.177473068000001,4.6212286950000001
747,H,hoc,0.34999999403953552,-0.024546432999999999,24.865591048999999,-0.75035792599999995
748,H,hoc,0.34999999403953552,9.7941570280000008,30.504533768000002,16.908580780000001
749,H,hoc,0.34999999403953552,9.7427053449999992,25.807472228999998,4.6212286950000001
750,H,hoc,0.34999999403953552,9.7269039149999994,30.495592117000001,-0.75035792599999995
751,H,hoc,0.34999999403953552,0.042707328000000003,24.874534607000001,38.388580322000003
752,H,hoc,0.34999999403953552,-0.0087447150000000001,20.177473068000001,26.101228714000001
753,H,hoc,0.34999999403953552,-0.024546432999999999,24.865591048999999,20.729642867999999
754,H,hoc,0.34999999403953552,9.7941570280000008,30.504533768000002,38.388580322000003
755,H,hoc,0.34999999403953552,9.7427053449999992,25.807472228999998,26.101228714000001
756,H,hoc,0.34999999403953552,9.7269039149999994,30.495592117000001,20.729642867999999
757,H,hoc,0.34999999403953552,0.042707328000000003,36.134532927999999,16.908580780000001
758,H,hoc,0.34999999403953552,-0.0087447150000000001,31.437473297,4.6212286950000001
759,H,hoc,0.34999999403953552,-0.024546432999999999,36.125591278000002,-0.75035792599999995
760,H,hoc,0.34999999403953552,9.7941570280000008,41.764533997000001,16.908580780000001
761,H,hoc,0.34999999403953552,9.7427053449999992,37.067474365000002,4.6212286950000001
762,H,hoc,0.34999999403953552,9.7269039149999994,41.755592346,-0.75035792599999995
763,H,hoc,0.34999999403953552,0.042707328000000003,36.134532927999999,38.388580322000003
764,H,hoc,0.34999999403953552,-0.0087447150000000001,31.437473297,26.101228714000001
765,H,hoc,0.34999999403953552,-0.024546432999999999,36.125591278000002,20.729642867999999
766,H,hoc,0.34999999403953552,9.7941570280000008,41.764533997000001,38.388580322000003
767,H,hoc,0.34999999403953552,9.7427053449999992,37.067474365000002,26.101228714000001
768,H,hoc,0.34999999403953552,9.7269039149999994,41.755592346,20.729642867999999
769,Ca,ca+e,1.6000000238418579,1.8407374620000001,1.1202325820000001,18.816135406000001
770,Ca,ca+e,1.6000000238418579,7.9494528769999997,4.5133924480000003,2.6705775260000002
771,O,oc9,-0.89999997615814209,-1.23044157,-0.80358195300000002,-1.181969643
772,O,oc6,-0.89999997615814209,1.283777833,0.79811686299999995,1.207429171
773,O,oc6,-0.89999997615814209,-1.2474949360000001,-0.75522130700000001,17.326152801999999
774,O,oc9,-0.89999997615814209,1.281139016,0.76116269800000003,4.2130103109999997
775,O,o*,-0.81999999284744263,6.2905731200000004,3.5253672599999999,0.93269521
776,O,o*,-0.81999999284744263,3.454780102,2.108950138,20.564767838000002
777,O,o*,-0.81999999284744263,6.2656130790000004,3.5083405970000001,4.3818497660000002
778,O,o*,-0.81999999284744263,3.306108236,2.4082617759999998,17.187791824000001
779,O,o*,-0.81999999284744263,5.7285261150000002,6.3935475349999997,13.188404083
780,O,o*,-0.81999999284744263,4.1891989709999997,-0.99499410399999999,8.1027259829999991
781,O,o*,-0.81999999284744263,5.7394828799999997,6.1481680870000002,2.5294678209999999
782,O,o*,-0.81999999284744263,4.0692853930000004,-0.42879504000000002,18.666492462000001
783,O,oc11,-0.60000002384185791,3.7133045199999999,4.3015913960000001,11.010802268999999
784,O,oc11,-0.60000002384185791,3.6551432610000001,4.2781472210000002,15.364478111
785,O,oc11,-0.60000002384185791,4.1885600089999997,4.5831513399999997,-0.32368952000000001
786,O,o*,-0.81999999284744263,3.5805535320000001,4.0627593989999999,5.2381410600000002
787,H,h*,0.40999999642372131,3.673324585,3.058153629,20.745685577
788,H,h*,0.40999999642372131,4.28142786,1.6841901539999999,20.910713196
789,H,h*,0.40999999642372131,6.1413559910000002,2.5257091520000001,4.4472246169999998
790,H,h*,0.40999999642372131,5.3852715489999996,3.7791936399999999,4.7302169799999998
791,H,h*,0.40999999642372131,4.1235990520000003,1.98255074,16.835691451999999
792,H,h*,0.40999999642372131,3.3413071630000002,3.2435970310000002,16.656185149999999
793,H,h*,0.40999999642372131,5.0798420909999997,6.3835759159999999,12.43927002
794,H,h*,0.40999999642372131,5.0992798810000002,6.4341702459999999,13.953650475
795,H,h*,0.40999999642372131,4.6925191880000003,-0.96766507599999996,8.9545259480000006
796,H,h*,0.40999999642372131,4.906925201,-0.67330771700000003,7.5044889450000003
797,H,h*,0.40999999642372131,5.9905333519999999,7.0570998190000003,2.247094631
798,H,h*,0.40999999642372131,4.8792901039999999,6.0221080779999996,2.052199602
799,H,h*,0.40999999642372131,3.9357900620000001,-1.402817607,18.727010727
800,H,h*,0.40999999642372131,4.9684505459999997,-0.33810558899999998,19.070478438999999
801,H,h*,0.40999999642372131,5.4913969040000001,3.9502172469999999,0.52969205399999997
802,H,h*,0.40999999642372131,6.1050214770000002,2.580212355,0.69790720900000003
803,H,h*,0.40999999642372131,2.8137929439999998,4.4449687000000004,5.7283248899999997
804,H,h*,0.40999999642372131,3.1222050189999999,3.8231625560000002,4.3947277070000004
805,H,hoc,0.34999999403953552,2.0283164980000001,1.202825069,0.78699260999999998
806,H,hoc,0.34999999403953552,-1.9996747969999999,-1.1628147360000001,16.918989182000001
807,H,hoc,0.34999999403953552,2.0118074419999998,1.1852947469999999,4.6398601529999999
808,H,hoc,0.34999999403953552,-1.9613434080000001,-1.238019824,-0.764959693
809,Ca,ca+e,1.6000000238418579,7.9214458470000002,6.6349458690000001,18.819103241000001
810,Ca,ca+e,1.6000000238418579,1.8731943369999999,-1.0054080489999999,2.7135405540000002
811,O,oc10,-0.89999997615814209,1.369233251,-0.70627278100000002,-1.1654543879999999
812,O,oc7,-0.89999997615814209,-1.2920147179999999,0.69606173000000005,1.1859411
813,O,oc5,-0.89999997615814209,1.339808702,-0.72818297099999996,17.305372238
814,O,oc10,-0.89999997615814209,-1.320448399,0.75491535700000001,4.188868523
815,O,o*,-0.81999999284744263,3.5685529709999999,-2.0096068379999998,1.021998763
816,O,o*,-0.81999999284744263,6.2352318760000003,7.5662174220000002,20.538789748999999
817,O,o*,-0.81999999284744263,3.5441584590000001,-1.911515117,4.4675641060000002
818,O,o*,-0.81999999284744263,6.0453939439999997,7.209713936,17.194374084
819,O,o*,-0.81999999284744263,1.3088020090000001,-3.8675706390000002,13.214537621
820,O,o*,-0.81999999284744263,8.4533748630000005,9.7883071899999994,8.0529832839999997
821,O,o*,-0.81999999284744263,1.615468025,-3.8140561580000001,2.860291004
822,O,o*,-0.81999999284744263,8.1114788059999992,9.3562726969999996,18.587924956999998
823,O,oc11,-0.60000002384185791,4.1506142620000004,6.6857986450000002,11.014084816
824,O,oc11,-0.60000002384185791,4.2393403049999998,6.6254854200000004,15.371795654
825,O,oc11,-0.60000002384185791,3.7264540199999998,6.9649972919999996,-0.313515812
826,O,o*,-0.81999999284744263,4.5198841090000004,6.7323174479999999,4.9738936420000002
827,H,h*,0.40999999642372131,6.1793241500000002,8.4916143420000001,20.892089844000001
828,H,h*,0.40999999642372131,5.3064732550000002,7.2729063030000001,20.721385955999999
829,H,h*,0.40999999642372131,4.4602875710000003,-1.535811901,4.533311844
830,H,h*,0.40999999642372131,3.7751972679999999,-2.8525354859999998,4.6528854370000001
831,H,h*,0.40999999642372131,5.908277988,8.1542854309999999,16.950977325
832,H,h*,0.40999999642372131,5.3133378029999996,6.8157215119999996,16.654855728000001
833,H,h*,0.40999999642372131,1.6048336030000001,-4.4367165569999996,13.970795631
834,H,h*,0.40999999642372131,1.6347193719999999,-4.4197883610000002,12.458625793
835,H,h*,0.40999999642372131,8.1901855470000005,10.208240508999999,8.9101161960000006
836,H,h*,0.40999999642372131,7.7915816309999997,10.236066817999999,7.4697875979999999
837,H,h*,0.40999999642372131,2.1447563170000001,-4.4709439279999996,2.3376967909999999
838,H,h*,0.40999999642372131,0.70206201099999999,-4.0244836810000004,2.5589694980000002
839,H,h*,0.40999999642372131,9.0316972730000007,9.6975431440000008,18.676839827999999
840,H,h*,0.40999999642372131,7.6034035680000001,10.071048737,19.049650192000001
841,H,h*,0.40999999642372131,3.5956010819999999,-2.898123741,0.58394533400000004
842,H,h*,0.40999999642372131,4.4638056759999998,-1.6764009,0.75574821199999997
843,H,h*,0.40999999642372131,4.2798295020000001,5.8354210850000001,5.3009548190000002
844,H,h*,0.40999999642372131,4.9507827759999996,6.4747686389999997,4.1243147850000001
845,H,hoc,0.34999999403953552,-2.0037574770000002,1.1431140900000001,0.75224268400000005
846,H,hoc,0.34999999403953552,2.0806276800000001,-1.149490237,16.891521453999999
847,H,hoc,0.34999999403953552,-2.0603330139999998,1.1771054270000001,4.6016683580000004
848,H,hoc,0.34999999403953552,2.1293938159999999,-1.0808039899999999,-0.74228393999999998
849,Al,ac2,1.2000000476837158,-0.034670650999999997,-0.0042917989999999998,10.749554634000001
850,Ca,ca+e,1.6000000238418579,7.9107069970000001,6.7502326970000004,8.076135635
851,Ca,ca+e,1.6000000238418579,1.801991463,-1.116607428,13.410577774
852,O,oc10,-0.89999997615814209,1.230436087,-0.80358189300000005,9.5580301280000004
853,O,oc7,-0.89999997615814209,-1.2837833169999999,0.79811686299999995,11.947429657000001
854,O,oc7,-0.89999997615814209,1.2474894519999999,-0.75522124800000001,6.5861525539999999
855,O,oc8,-0.89999997615814209,-1.2811444999999999,0.76116269800000003,14.953010559000001
856,O,o*,-0.81999999284744263,3.4608714580000002,-2.104632616,11.67269516
857,O,o*,-0.81999999284744263,6.2966647150000004,7.7389502529999996,9.8247680660000007
858,O,o*,-0.81999999284744263,3.485831261,-2.1216590399999999,15.121850014
859,O,o*,-0.81999999284744263,6.4453363420000001,8.0382623669999997,6.4477910999999999
860,O,o*,-0.81999999284744263,4.0229182239999997,0.76354730100000001,2.4484038350000001
861,O,o*,-0.81999999284744263,5.5622453690000002,4.6350059510000001,18.842725754
862,O,o*,-0.81999999284744263,4.0119614600000002,0.51816791299999998,13.269468307
863,O,o*,-0.81999999284744263,5.6821589469999996,5.2012052539999996,7.9264931680000004
864,O,oc11,-0.60000002384185791,6.5509443279999999,0.0022703430000000002,19.778423309000001
865,O,oc11,-0.60000002384185791,6.4830498700000003,-0.013179422,6.6139626500000004
866,O,oc11,-0.60000002384185791,6.5308346750000004,-0.0062880899999999997,12.376851082
867,O,oc11,-0.60000002384185791,6.0381398199999996,-1.32840848,21.750802994000001
868,O,oc11,-0.60000002384185791,6.0963010789999998,-1.351852536,4.6244783399999996
869,O,oc11,-0.60000002384185791,5.5628848079999997,-1.0468485359999999,10.41631031
870,O,o*,-0.81999999284744263,6.1708912849999997,-1.567240596,15.978141785
871,S,s',0.60000002384185791,6.5188841819999999,-0.0070840360000000002,21.266866684
872,S,s',0.60000002384185791,6.4804267879999999,-0.011720451999999999,5.1271958350000002
873,S,s',0.60000002384185791,6.4975228310000004,0.0059023060000000004,10.891535759
874,H,h*,0.40999999642372131,6.0781202319999998,8.6881532670000006,10.00568676
875,H,h*,0.40999999642372131,5.4700164789999999,7.3141903880000001,10.170713425000001
876,H,h*,0.40999999642372131,4.3661727910000003,-1.850805998,15.470216751000001
877,H,h*,0.40999999642372131,3.6100888250000001,-3.1042907240000002,15.187224388000001
878,H,h*,0.40999999642372131,6.4101376529999996,8.8735971449999997,5.9161858560000002
879,H,h*,0.40999999642372131,5.6278452870000004,7.6125507350000001,6.0956912040000004
880,H,h*,0.40999999642372131,4.6716022490000002,0.75357580199999996,1.69927001
881,H,h*,0.40999999642372131,4.6521649360000001,0.80417025099999995,3.213650227
882,H,h*,0.40999999642372131,4.8445191379999999,4.9566922189999998,18.24448967
883,H,h*,0.40999999642372131,5.0589251519999996,4.6623349190000001,19.694526671999999
884,H,h*,0.40999999642372131,4.8721542360000001,0.392108291,12.792200089
885,H,h*,0.40999999642372131,3.7609112260000002,1.427099586,12.987094879000001
886,H,h*,0.40999999642372131,5.8156542780000002,4.2271823880000001,7.9870114330000002
887,H,h*,0.40999999642372131,4.7829942699999997,5.2918944359999998,8.3304786679999996
888,H,h*,0.40999999642372131,4.2600474359999998,-1.679782748,11.269692421
889,H,h*,0.40999999642372131,3.6464231009999999,-3.0497877600000001,11.437907219
890,H,h*,0.40999999642372131,6.9376516339999998,-1.1850316519999999,16.468326568999998
891,H,h*,0.40999999642372131,6.6292395590000002,-1.80683744,15.134727478
892,Al,ac2,1.2000000476837158,0.028979386999999999,0.0066085329999999998,16.124525070000001
893,H,hoc,0.34999999403953552,-2.0283219809999999,1.202825069,11.526992798
894,H,hoc,0.34999999403953552,1.9996693130000001,-1.1628147360000001,6.1789889340000004
895,H,hoc,0.34999999403953552,-2.0118129250000001,1.1852947469999999,15.379859924
896,H,hoc,0.34999999403953552,1.961337924,-1.2380197049999999,9.9750404360000005
897,Ca,ca+e,1.6000000238418579,1.8299984929999999,1.004945636,8.0791025160000007
898,Ca,ca+e,1.6000000238418579,7.8782501219999999,4.6245918269999997,13.453540801999999
899,O,oc9,-0.89999997615814209,-1.3692387340000001,-0.70627272100000005,9.5745458600000006
900,O,oc6,-0.89999997615814209,1.292009234,0.69606173000000005,11.925941466999999
901,O,oc6,-0.89999997615814209,-1.3398141859999999,-0.72818291199999996,6.5653729439999999
902,O,oc9,-0.89999997615814209,1.320442796,0.75491529700000004,14.928868294000001
903,O,o*,-0.81999999284744263,6.182891369,3.6203932760000002,11.76199913
904,O,o*,-0.81999999284744263,3.516212463,1.936217308,9.7987899780000003
905,O,o*,-0.81999999284744263,6.2072858809999998,3.718484879,15.207564354000001
906,O,o*,-0.81999999284744263,3.7060506339999999,1.5797140599999999,6.4543738370000003
907,O,o*,-0.81999999284744263,8.4426422120000009,1.762429357,2.4745376110000001
908,O,o*,-0.81999999284744263,1.2980694770000001,4.1583065990000003,18.792982101
909,O,o*,-0.81999999284744263,8.1359767909999992,1.8159438370000001,13.600291252
910,O,o*,-0.81999999284744263,1.639965653,3.7262723449999999,7.8479251860000003
911,O,oc11,-0.60000002384185791,5.6008305549999999,1.0557986500000001,21.754085540999998
912,O,oc11,-0.60000002384185791,5.512104034,0.99548536499999996,4.6317958829999997
913,O,oc11,-0.60000002384185791,6.0249905589999999,1.3349972960000001,10.426484108
914,O,o*,-0.81999999284744263,5.2315602300000004,1.102317572,15.71389389
915,H,h*,0.40999999642372131,4.4449710849999997,1.6429063079999999,9.9813871380000005
916,H,h*,0.40999999642372131,3.5721201900000001,2.861614704,10.152090073
917,H,h*,0.40999999642372131,5.9762473109999998,2.7774646280000002,15.392885207999999
918,H,h*,0.40999999642372131,5.2911567689999996,4.0941882129999998,15.273311615000001
919,H,h*,0.40999999642372131,3.8431663509999998,2.5242855550000001,6.2109775540000003
920,H,h*,0.40999999642372131,4.4381065370000004,1.185721397,5.9148554799999999
921,H,h*,0.40999999642372131,8.1167249679999998,1.2102117539999999,1.718625665
922,H,h*,0.40999999642372131,8.146611214,1.193283796,3.2307958600000002
923,H,h*,0.40999999642372131,1.9598630669999999,4.6060667039999998,18.209787369000001
924,H,h*,0.40999999642372131,1.561259151,4.5782403949999999,19.650115967000001
925,H,h*,0.40999999642372131,7.6066884989999997,1.159056187,13.0776968
926,H,h*,0.40999999642372131,9.0493822099999992,1.605516672,13.298969269000001
927,H,h*,0.40999999642372131,0.71974748399999999,4.0675430300000004,7.9368410110000003
928,H,h*,0.40999999642372131,2.1480407709999998,4.4410490989999998,8.3096504210000006
929,H,h*,0.40999999642372131,5.2876391409999997,3.9535992150000001,11.495748519999999
930,H,h*,0.40999999642372131,6.155843258,2.731876373,11.323945045
931,H,h*,0.40999999642372131,4.8006615640000003,0.84476834499999998,14.864315033
932,H,h*,0.40999999642372131,5.4716153140000001,0.20542112000000001,16.040954589999998
933,H,hoc,0.34999999403953552,2.0037519929999998,1.1431140900000001,11.492242813000001
934,H,hoc,0.34999999403953552,-2.0806331629999999,-1.149490237,6.151521206
935,H,hoc,0.34999999403953552,2.0603275299999999,1.1771054270000001,15.341668129
936,H,hoc,0.34999999403953552,-2.1293993000000002,-1.0808039899999999,9.9977159499999999
937,Ca,ca+e,1.6000000238418579,9.6254634859999992,3.5292706489999999,8.0761470790000001
938,Ca,ca+e,1.6000000238418579,0.053363197000000001,2.1348152159999998,13.435070992
939,O,oc8,-0.89999997615814209,0.016047120000000002,1.497881413,9.5674867629999998
940,O,oc5,-0.89999997615814209,-0.089114681000000001,-1.499236107,11.936125755000001
941,O,oc5,-0.89999997615814209,-0.025417750999999999,1.499849677,6.5769176480000002
942,O,oc10,-0.89999997615814209,0.011223059000000001,-1.494620085,14.940231323000001
943,O,o*,-0.81999999284744263,0.010165627999999999,4.0779285429999996,11.709644318
944,O,o*,-0.81999999284744263,9.6912307739999992,1.5834231379999999,9.769458771
945,O,o*,-0.81999999284744263,0.076804577999999998,4.0888495450000004,15.167505264000001
946,O,o*,-0.81999999284744263,-0.60251533999999995,-3.9872806070000002,6.4513087269999998
947,O,o*,-0.81999999284744263,7.1138701439999998,8.7541246410000007,2.4486446380000002
948,O,o*,-0.81999999284744263,3.0272223949999999,-3.1894261840000002,18.836357116999999
949,O,o*,-0.81999999284744263,7.2470655439999998,8.8850946430000004,13.486528397000001
950,O,o*,-0.81999999284744263,2.4085602760000002,-3.3716142179999999,7.7195644379999999
951,O,oc11,-0.60000002384185791,7.885967731,0.24374844100000001,21.795822143999999
952,O,oc11,-0.60000002384185791,7.8325462339999996,0.32646968999999998,4.6233205799999997
953,O,oc11,-0.60000002384185791,7.8624787329999997,-0.25563883799999998,10.365646362
954,O,o*,-0.81999999284744263,8.0650186539999993,0.51903909400000003,16.186504364000001
955,H,h*,0.40999999642372131,8.9639616009999994,0.93622767900000003,9.9573926929999992
956,H,h*,0.40999999642372131,10.452666282999999,1.081810355,10.15967083
957,H,h*,0.40999999642372131,-0.58203422999999999,4.7330660819999997,15.513804435999999
958,H,h*,0.40999999642372131,0.87921410799999999,4.6712255479999998,15.217470169
959,H,h*,0.40999999642372131,-1.3280406,-4.3990507130000003,5.9166173930000001
960,H,h*,0.40999999642372131,0.10563882400000001,-4.6333041189999999,6.2285385130000002
961,H,h*,0.40999999642372131,6.7306790349999996,9.2554330829999998,3.2140419480000002
962,H,h*,0.40999999642372131,6.7886400220000001,9.3183507920000004,1.7016673090000001
963,H,h*,0.40999999642372131,3.0889644619999999,-3.9857013229999998,18.254085540999998
964,H,h*,0.40999999642372131,3.238989353,-3.626394033,19.698690414000001
965,H,h*,0.40999999642372131,6.6121969219999999,8.2033681870000006,13.167042732000001
966,H,h*,0.40999999642372131,6.9601140020000001,9.679512978,12.965379714999999
967,H,h*,0.40999999642372131,2.752483368,-4.1228399280000003,8.2698202129999991
968,H,h*,0.40999999642372131,3.1231999400000001,-2.7060840129999999,7.8626589779999998
969,H,h*,0.40999999642372131,-0.74080944100000001,4.561668396,11.280682563999999
970,H,h*,0.40999999642372131,0.74994462699999997,4.6966633800000004,11.479640960999999
971,H,h*,0.40999999642372131,7.6275177000000003,1.110927105,16.846147537
972,H,h*,0.40999999642372131,7.8845658299999997,1.0299441810000001,15.359796524
973,H,hoc,0.34999999403953552,-0.074841797000000002,-2.345371246,11.512286186000001
974,H,hoc,0.34999999403953552,-0.042712792999999999,2.3545339109999999,6.168580532
975,H,hoc,0.34999999403953552,0.008739218,-2.3425273899999999,15.361228943
976,H,hoc,0.34999999403953552,0.024540982999999999,2.3455913069999998,9.9896421429999993
977,Ca,ca+e,1.6000000238418579,11.592187880999999,6.7502326970000004,18.816135406000001
978,Ca,ca+e,1.6000000238418579,-1.801997066,-1.116607428,2.6705775260000002
979,O,oc9,-0.89999997615814209,8.521008492,4.8264183999999997,-1.181969762
980,O,oc6,-0.89999997615814209,11.035227775999999,6.428117275,1.207429171
981,O,oc6,-0.89999997615814209,8.5039548870000008,4.8747787479999998,17.326152801999999
982,O,oc9,-0.89999997615814209,11.032588959,6.3911628719999998,4.2130103109999997
983,O,o*,-0.81999999284744263,-3.4608771800000002,-2.104632616,0.93269521
984,O,o*,-0.81999999284744263,13.206230164000001,7.7389502529999996,20.564767838000002
985,O,o*,-0.81999999284744263,-3.4858367440000002,-2.1216595169999999,4.3818497660000002
986,O,o*,-0.81999999284744263,13.05755806,8.0382623669999997,17.187791824000001
987,O,o*,-0.81999999284744263,-4.0229244230000001,0.76354730100000001,13.188404083
988,O,o*,-0.81999999284744263,13.940649033,4.6350059510000001,8.1027259829999991
989,O,o*,-0.81999999284744263,-4.0119667049999999,0.51816791299999998,2.5294678209999999
990,O,o*,-0.81999999284744263,13.820735931,5.2012052539999996,18.666492462000001
991,O,oc11,-0.60000002384185791,13.464755058,-1.32840848,11.010802268999999
992,O,oc11,-0.60000002384185791,13.406593322999999,-1.351852536,15.364478111
993,O,oc11,-0.60000002384185791,13.940010071,-1.0468485359999999,-0.32368952000000001
994,O,o*,-0.81999999284744263,13.332003593,-1.567240596,5.2381410600000002
995,H,h*,0.40999999642372131,13.424774169999999,8.6881532670000006,20.745685577
996,H,h*,0.40999999642372131,14.032877922000001,7.3141903880000001,20.910713196
997,H,h*,0.40999999642372131,-3.610093832,-3.1042909619999999,4.4472246169999998
998,H,h*,0.40999999642372131,-4.3661785130000004,-1.850806355,4.7302169799999998
999,H,h*,0.40999999642372131,13.875049591,7.6125507350000001,16.835691451999999
1000,H,h*,0.40999999642372131,13.092757225,8.8735971449999997,16.656185149999999
1001,H,h*,0.40999999642372131,-4.6716079710000002,0.75357580199999996,12.43927002
1002,H,h*,0.40999999642372131,-4.6521701809999998,0.80417019099999998,13.953650475
1003,H,h*,0.40999999642372131,14.443969727000001,4.6623349190000001,8.9545259480000006
1004,H,h*,0.40999999642372131,14.658374786,4.9566922189999998,7.5044889450000003
1005,H,h*,0.40999999642372131,-3.7609164709999998,1.427099586,2.247094631
1006,H,h*,0.40999999642372131,-4.8721599580000001,0.392108291,2.0521998410000002
1007,H,h*,0.40999999642372131,13.687240600999999,4.2271823880000001,18.727010727
1008,H,h*,0.40999999642372131,14.719900130999999,5.2918944359999998,19.070478438999999
1009,H,h*,0.40999999642372131,-4.2600536350000002,-1.679782748,0.52969205399999997
1010,H,h*,0.40999999642372131,-3.6464288229999999,-3.0497877600000001,0.69790720900000003
1011,H,h*,0.40999999642372131,12.565242767000001,-1.1850312949999999,5.7283253670000001
1012,H,h*,0.40999999642372131,12.873655318999999,-1.80683744,4.3947277070000004
1013,H,hoc,0.34999999403953552,11.779766083,6.8328251839999998,0.78699260999999998
1014,H,hoc,0.34999999403953552,7.751775265,4.467185497,16.918989182000001
1015,H,hoc,0.34999999403953552,11.763257027,6.8152952190000002,4.6398601529999999
1016,H,hoc,0.34999999403953552,7.7901067729999998,4.3919806479999997,-0.764959693
1017,Ca,ca+e,1.6000000238418579,-1.8300045730000001,1.004945636,18.819103241000001
1018,Ca,ca+e,1.6000000238418579,11.624644279,4.6245923040000001,2.7135405540000002
1019,O,oc10,-0.89999997615814209,11.12068367,4.9237275120000001,-1.1654543879999999
1020,O,oc7,-0.89999997615814209,8.4594354630000002,6.3260622020000001,1.1859411
1021,O,oc5,-0.89999997615814209,11.091259002999999,4.9018173220000003,17.305372238
1022,O,oc10,-0.89999997615814209,8.431001663,6.3849158289999997,4.188868523
1023,O,o*,-0.81999999284744263,13.320003509999999,3.620393515,1.021998763
1024,O,o*,-0.81999999284744263,-3.5162179469999999,1.936217308,20.538789748999999
1025,O,o*,-0.81999999284744263,13.295608521,3.7184846399999998,4.4675641060000002
1026,O,o*,-0.81999999284744263,-3.7060563559999999,1.579713583,17.194374084
1027,O,o*,-0.81999999284744263,11.06025219,1.762429357,13.214537621
1028,O,o*,-0.81999999284744263,-1.298075557,4.1583070759999998,8.0529832839999997
1029,O,o*,-0.81999999284744263,11.36691761,1.8159438370000001,2.860291004
1030,O,o*,-0.81999999284744263,-1.639971614,3.7262723449999999,18.587924956999998
1031,O,oc11,-0.60000002384185791,13.902064322999999,1.0557986500000001,11.014084816
1032,O,oc11,-0.60000002384185791,13.990790367000001,0.99548530599999996,15.371795654
1033,O,oc11,-0.60000002384185791,13.47790432,1.3349972960000001,-0.31351578200000002
1034,O,o*,-0.81999999284744263,14.271333694000001,1.102317572,4.9738936420000002
1035,H,h*,0.40999999642372131,-3.572125196,2.861614704,20.892089844000001
1036,H,h*,0.40999999642372131,-4.4449768069999998,1.6429063079999999,20.721385955999999
1037,H,h*,0.40999999642372131,14.211737633,4.0941882129999998,4.533311844
1038,H,h*,0.40999999642372131,13.526647568,2.7774646280000002,4.6528854370000001
1039,H,h*,0.40999999642372131,-3.8431718350000001,2.5242850780000001,16.950977325
1040,H,h*,0.40999999642372131,-4.4381122590000004,1.1857211590000001,16.654855728000001
1041,H,h*,0.40999999642372131,11.356283188000001,1.193283796,13.970795631
1042,H,h*,0.40999999642372131,11.386169433999999,1.2102117539999999,12.458625793
1043,H,h*,0.40999999642372131,-1.5612648730000001,4.5782408710000002,8.9101161960000006
1044,H,h*,0.40999999642372131,-1.959868312,4.6060667039999998,7.4697875979999999
1045,H,h*,0.40999999642372131,11.896205902,1.159056187,2.3376967909999999
1046,H,h*,0.40999999642372131,10.453512192,1.605516672,2.5589694980000002
1047,H,h*,0.40999999642372131,-0.71975219199999996,4.0675430300000004,18.676839827999999
1048,H,h*,0.40999999642372131,-2.1480453009999998,4.4410490989999998,19.049650192000001
1049,H,h*,0.40999999642372131,13.34705162,2.7318761349999998,0.58394533400000004
1050,H,h*,0.40999999642372131,14.215255737,3.9535992150000001,0.75574821199999997
1051,H,h*,0.40999999642372131,14.031279564,0.20542120899999999,5.3009548190000002
1052,H,h*,0.40999999642372131,14.702233315000001,0.84476846500000002,4.1243147850000001
1053,H,hoc,0.34999999403953552,7.7476925850000002,6.7731142039999996,0.75224268400000005
1054,H,hoc,0.34999999403953552,11.832077979999999,4.4805097580000002,16.891521453999999
1055,H,hoc,0.34999999403953552,7.6911168099999996,6.8071055410000003,4.6016683580000004
1056,H,hoc,0.34999999403953552,11.880844116,4.5491962429999999,-0.74228393999999998
1057,Al,ac2,1.2000000476837158,9.7167797090000008,5.6257085800000004,10.749554634000001
1058,Ca,ca+e,1.6000000238418579,-1.840742946,1.1202323439999999,8.076135635
1059,Ca,ca+e,1.6000000238418579,11.553441048,4.5133924480000003,13.410577774
1060,O,oc10,-0.89999997615814209,10.981885910000001,4.8264183999999997,9.5580301280000004
1061,O,oc7,-0.89999997615814209,8.4676666259999998,6.428117275,11.947429657000001
1062,O,oc7,-0.89999997615814209,10.998939514,4.8747787479999998,6.5861525539999999
1063,O,oc8,-0.89999997615814209,8.4703054430000009,6.3911628719999998,14.953010559000001
1064,O,o*,-0.81999999284744263,13.212321280999999,3.525367498,11.67269516
1065,O,o*,-0.81999999284744263,-3.4547851089999999,2.1089503770000002,9.8247680660000007
1066,O,o*,-0.81999999284744263,13.237280846000001,3.5083405970000001,15.121850014
1067,O,o*,-0.81999999284744263,-3.3061130049999998,2.408262014,6.4477910999999999
1068,O,o*,-0.81999999284744263,13.774368286,6.3935475349999997,2.4484038350000001
1069,O,o*,-0.81999999284744263,-4.1892042160000003,-0.99499422299999996,18.842725754
1070,O,o*,-0.81999999284744263,13.763411522,6.1481680870000002,13.269468307
1071,O,o*,-0.81999999284744263,-4.0692911150000004,-0.42879497999999999,7.9264931680000004
1072,O,oc11,-0.60000002384185791,-3.2005050179999999,5.6322708129999999,19.778423309000001
1073,O,oc11,-0.60000002384185791,-3.2684009079999998,5.6168208120000003,6.6139626500000004
1074,O,oc11,-0.60000002384185791,-3.2206161020000001,5.6237120630000001,12.376851082
1075,O,oc11,-0.60000002384185791,-3.7133100030000001,4.3015918729999996,21.750802994000001
1076,O,oc11,-0.60000002384185791,-3.655148268,4.2781476969999996,4.6244783399999996
1077,O,oc11,-0.60000002384185791,-4.1885652540000002,4.5831518170000001,10.41631031
1078,O,o*,-0.81999999284744263,-3.580558538,4.0627593989999999,15.978141785
1079,S,s',0.60000002384185791,-3.2325656409999999,5.6229162219999997,21.266866684
1080,S,s',0.60000002384185791,-3.2710235120000002,5.6182799340000003,5.1271958350000002
1081,S,s',0.60000002384185791,-3.2539279460000001,5.6359024050000004,10.891535759
1082,H,h*,0.40999999642372131,-3.6733300689999999,3.0581538680000002,10.00568676
1083,H,h*,0.40999999642372131,-4.2814331049999996,1.684190512,10.170713425000001
1084,H,h*,0.40999999642372131,14.117623329000001,3.7791936399999999,15.470216751000001
1085,H,h*,0.40999999642372131,13.361538887,2.5257091520000001,15.187224388000001
1086,H,h*,0.40999999642372131,-3.341313124,3.2435972689999999,5.9161858560000002
1087,H,h*,0.40999999642372131,-4.1236047740000004,1.9825508590000001,6.0956912040000004
1088,H,h*,0.40999999642372131,14.423052788,6.3835759159999999,1.69927001
1089,H,h*,0.40999999642372131,14.403614998,6.4341702459999999,3.213650227
1090,H,h*,0.40999999642372131,-4.906930923,-0.67330783599999999,18.24448967
1091,H,h*,0.40999999642372131,-4.6925249100000004,-0.96766513600000004,19.694526671999999
1092,H,h*,0.40999999642372131,14.623604774,6.022108555,12.792200089
1093,H,h*,0.40999999642372131,13.512361525999999,7.0570998190000003,12.987094879000001
1094,H,h*,0.40999999642372131,-3.935795546,-1.402817607,7.9870114330000002
1095,H,h*,0.40999999642372131,-4.9684562679999997,-0.33810552999999999,8.3304786679999996
1096,H,h*,0.40999999642372131,14.011497498000001,3.950217485,11.269692421
1097,H,h*,0.40999999642372131,13.397872925,2.580212355,11.437907219
1098,H,h*,0.40999999642372131,-2.813797712,4.4449687000000004,16.468324661
1099,H,h*,0.40999999642372131,-3.122210264,3.823162317,15.134727478
1100,Al,ac2,1.2000000476837158,9.78042984,5.6366086009999998,16.124525070000001
1101,H,hoc,0.34999999403953552,7.7231278420000002,6.8328251839999998,11.526992798
1102,H,hoc,0.34999999403953552,11.751119614,4.467185497,6.1789889340000004
1103,H,hoc,0.34999999403953552,7.7396368979999997,6.8152952190000002,15.379859924
1104,H,hoc,0.34999999403953552,11.712787627999999,4.3919806479999997,9.9750404360000005
1105,Ca,ca+e,1.6000000238418579,11.581448555,6.6349458690000001,8.0791025160000007
1106,Ca,ca+e,1.6000000238418579,-1.8732002969999999,-1.0054080489999999,13.453540801999999
1107,O,oc9,-0.89999997615814209,8.3822116849999997,4.9237275120000001,9.5745458600000006
1108,O,oc6,-0.89999997615814209,11.043458939000001,6.3260622020000001,11.925941466999999
1109,O,oc6,-0.89999997615814209,8.4116353989999997,4.9018173220000003,6.5653729439999999
1110,O,oc9,-0.89999997615814209,11.071892738000001,6.3849153520000002,14.928868294000001
1111,O,o*,-0.81999999284744263,-3.5685584549999998,-2.0096066000000001,11.76199913
1112,O,o*,-0.81999999284744263,13.267663002000001,7.5662174220000002,9.7987899780000003
1113,O,o*,-0.81999999284744263,-3.544163465,-1.9115152360000001,15.207564354000001
1114,O,o*,-0.81999999284744263,13.457500458,7.2097144130000004,6.4543738370000003
1115,O,o*,-0.81999999284744263,-1.3088082080000001,-3.8675706390000002,2.4745376110000001
1116,O,o*,-0.81999999284744263,11.049519539,9.7883071899999994,18.792982101
1117,O,o*,-0.81999999284744263,-1.6154736279999999,-3.8140561580000001,13.600291252
1118,O,o*,-0.81999999284744263,11.391415596,9.3562726969999996,7.8479251860000003
1119,O,oc11,-0.60000002384185791,-4.150619507,6.6857991219999997,21.754085540999998
1120,O,oc11,-0.60000002384185791,-4.2393465040000002,6.6254854200000004,4.6317958829999997
1121,O,oc11,-0.60000002384185791,-3.7264592649999999,6.9649972919999996,10.426484108
1122,O,o*,-0.81999999284744263,-4.5198898319999996,6.7323179240000002,15.71389389
1123,H,h*,0.40999999642372131,14.196421623000001,7.2729063030000001,9.9813871380000005
1124,H,h*,0.40999999642372131,13.323570251,8.4916143420000001,10.152090073
1125,H,h*,0.40999999642372131,-3.775202513,-2.8525354859999998,15.392885207999999
1126,H,h*,0.40999999642372131,-4.4602937699999998,-1.535811901,15.273311615000001
1127,H,h*,0.40999999642372131,13.594615936,8.1542854309999999,6.2109780309999998
1128,H,h*,0.40999999642372131,14.189557076,6.8157215119999996,5.9148554799999999
1129,H,h*,0.40999999642372131,-1.634724498,-4.4197883610000002,1.7186257840000001
1130,H,h*,0.40999999642372131,-1.604838252,-4.4367160800000001,3.2307958600000002
1131,H,h*,0.40999999642372131,11.711313248,10.236066817999999,18.209787369000001
1132,H,h*,0.40999999642372131,11.312708855,10.208240508999999,19.650115967000001
1133,H,h*,0.40999999642372131,-2.1447608470000001,-4.4709439279999996,13.0776968
1134,H,h*,0.40999999642372131,-0.70206725599999997,-4.024483204,13.298969269000001
1135,H,h*,0.40999999642372131,10.471197128,9.6975431440000008,7.9368410110000003
1136,H,h*,0.40999999642372131,11.899490355999999,10.071048737,8.3096504210000006
1137,H,h*,0.40999999642372131,-4.4638109210000003,-1.6764009,11.495748519999999
1138,H,h*,0.40999999642372131,-3.5956065650000002,-2.8981235029999999,11.323945045
1139,H,h*,0.40999999642372131,-4.9507884979999996,6.4747686389999997,14.864315033
1140,H,h*,0.40999999642372131,-4.2798347469999998,5.8354215619999996,16.040954589999998
1141,H,hoc,0.34999999403953552,11.755202293,6.7731142039999996,11.492242813000001
1142,H,hoc,0.34999999403953552,7.670816898,4.4805097580000002,6.151521206
1143,H,hoc,0.34999999403953552,11.811778069000001,6.8071055410000003,15.341668129
1144,H,hoc,0.34999999403953552,7.6220507619999998,4.5491962429999999,9.9977159499999999
1145,Ca,ca+e,1.6000000238418579,-0.12598693399999999,-2.1007294650000001,8.0761470790000001
1146,Ca,ca+e,1.6000000238418579,9.8048133849999992,7.7648153310000003,13.435071945000001
1147,O,oc8,-0.89999997615814209,9.7674970630000004,7.1278815270000004,9.5674867629999998
1148,O,oc5,-0.89999997615814209,9.6623353959999996,4.1307640079999999,11.936125755000001
1149,O,oc5,-0.89999997615814209,9.726032257,7.129849911,6.5769176480000002
1150,O,oc10,-0.89999997615814209,9.7626733780000006,4.1353802679999996,14.940231323000001
1151,O,o*,-0.81999999284744263,9.7616157529999992,9.7079286580000002,11.709644318
1152,O,o*,-0.81999999284744263,-0.060219641999999997,-4.046576977,9.769458771
1153,O,o*,-0.81999999284744263,9.8282547000000005,9.7188491819999996,15.167505264000001
1154,O,o*,-0.81999999284744263,9.1489343640000005,1.6427193879999999,6.4513087269999998
1155,O,o*,-0.81999999284744263,-2.6375796789999999,3.1241242890000001,2.4486446380000002
1156,O,o*,-0.81999999284744263,12.778672218000001,2.4405736920000001,18.836357116999999
1157,O,o*,-0.81999999284744263,-2.504383802,3.2550942900000002,13.486528397000001
1158,O,o*,-0.81999999284744263,12.160010337999999,2.2583858970000001,7.7195644379999999
1159,O,oc11,-0.60000002384185791,-1.8654812569999999,5.8737487789999996,21.795822143999999
1160,O,oc11,-0.60000002384185791,-1.9189041849999999,5.9564700129999997,4.6233205799999997
1161,O,oc11,-0.60000002384185791,-1.888972163,5.3743615150000004,10.365646362
1162,O,o*,-0.81999999284744263,-1.6864327189999999,6.1490392680000001,16.186504364000001
1163,H,h*,0.40999999642372131,-0.78748786400000004,-4.6937723159999996,9.9573926929999992
1164,H,h*,0.40999999642372131,0.70121681700000005,-4.5481896400000004,10.15967083
1165,H,h*,0.40999999642372131,9.1694154739999991,10.363066673000001,15.513804435999999
1166,H,h*,0.40999999642372131,10.630663872,10.301225662,15.217470169
1167,H,h*,0.40999999642372131,8.4234094620000004,1.230949402,5.9166173930000001
1168,H,h*,0.40999999642372131,9.8570890430000002,0.99669623399999996,6.2285385130000002
1169,H,h*,0.40999999642372131,-3.020771742,3.62543273,3.2140419480000002
1170,H,h*,0.40999999642372131,-2.9628093240000002,3.6883504390000001,1.7016673090000001
1171,H,h*,0.40999999642372131,12.840415001,1.6442987920000001,18.254085540999998
1172,H,h*,0.40999999642372131,12.990439415000001,2.0036058429999999,19.698690414000001
1173,H,h*,0.40999999642372131,-3.1392524239999999,2.5733687879999998,13.167042732000001
1174,H,h*,0.40999999642372131,-2.791336775,4.0495128630000004,12.965379714999999
1175,H,h*,0.40999999642372131,12.503932953,1.5071600679999999,8.2698202129999991
1176,H,h*,0.40999999642372131,12.874650001999999,2.9239161010000001,7.8626589779999998
1177,H,h*,0.40999999642372131,9.0106401439999999,10.19166851,11.280682563999999
1178,H,h*,0.40999999642372131,10.501394272000001,10.326663971,11.479640960999999
1179,H,h*,0.40999999642372131,-2.1239325999999998,6.7409272189999996,16.846147537
1180,H,h*,0.40999999642372131,-1.866885066,6.6599445340000001,15.359796524
1181,H,hoc,0.34999999403953552,9.6766080859999999,3.2846291070000002,11.512286186000001
1182,H,hoc,0.34999999403953552,9.7087373729999999,7.9845342639999997,6.168580532
1183,H,hoc,0.34999999403953552,9.7601890559999998,3.287472486,15.361228943
1184,H,hoc,0.34999999403953552,9.7759914400000003,7.9755911829999997,9.9896421429999993
1185,Ca,ca+e,1.6000000238418579,1.8407374620000001,1.1202325820000001,40.296134948999999
1186,Ca,ca+e,1.6000000238418579,7.9494528769999997,4.5133924480000003,24.150577545000001
1187,O,oc9,-0.89999997615814209,-1.23044157,-0.80358195300000002,20.298030853
1188,O,oc6,-0.89999997615814209,1.283777833,0.79811686299999995,22.687429428000002
1189,O,oc6,-0.89999997615814209,-1.2474949360000001,-0.75522130700000001,38.806152343999997
1190,O,oc9,-0.89999997615814209,1.281139016,0.76116269800000003,25.69301033
1191,O,o*,-0.81999999284744263,6.2905731200000004,3.5253672599999999,22.412694931000001
1192,O,o*,-0.81999999284744263,3.454780102,2.108950138,42.044769287000001
1193,O,o*,-0.81999999284744263,6.2656130790000004,3.5083405970000001,25.861848831
1194,O,o*,-0.81999999284744263,3.306108236,2.4082617759999998,38.667793273999997
1195,O,o*,-0.81999999284744263,5.7285261150000002,6.3935475349999997,34.668403625000003
1196,O,o*,-0.81999999284744263,4.1891989709999997,-0.99499410399999999,29.582725525000001
1197,O,o*,-0.81999999284744263,5.7394828799999997,6.1481680870000002,24.009468079000001
1198,O,o*,-0.81999999284744263,4.0692853930000004,-0.42879504000000002,40.146492004000002
1199,O,oc11,-0.60000002384185791,3.7133045199999999,4.3015913960000001,32.490802764999998
1200,O,oc11,-0.60000002384185791,3.6551432610000001,4.2781472210000002,36.844478606999999
1201,O,oc11,-0.60000002384185791,4.1885600089999997,4.5831513399999997,21.156311035000002
1202,O,o*,-0.81999999284744263,3.5805535320000001,4.0627593989999999,26.718141555999999
1203,H,h*,0.40999999642372131,3.673324585,3.058153629,42.225685120000001
1204,H,h*,0.40999999642372131,4.28142786,1.6841901539999999,42.390712737999998
1205,H,h*,0.40999999642372131,6.1413559910000002,2.5257091520000001,25.927225112999999
1206,H,h*,0.40999999642372131,5.3852715489999996,3.7791936399999999,26.210216522
1207,H,h*,0.40999999642372131,4.1235990520000003,1.98255074,38.315692902000002
1208,H,h*,0.40999999642372131,3.3413071630000002,3.2435970310000002,38.136184692
1209,H,h*,0.40999999642372131,5.0798420909999997,6.3835759159999999,33.919269561999997
1210,H,h*,0.40999999642372131,5.0992798810000002,6.4341702459999999,35.433650970000002
1211,H,h*,0.40999999642372131,4.6925191880000003,-0.96766507599999996,30.434526442999999
1212,H,h*,0.40999999642372131,4.906925201,-0.67330771700000003,28.984489441000001
1213,H,h*,0.40999999642372131,5.9905333519999999,7.0570998190000003,23.727094650000002
1214,H,h*,0.40999999642372131,4.8792901039999999,6.0221080779999996,23.532199859999999
1215,H,h*,0.40999999642372131,3.9357900620000001,-1.402817607,40.207012177000003
1216,H,h*,0.40999999642372131,4.9684505459999997,-0.33810558899999998,40.550479889000002
1217,H,h*,0.40999999642372131,5.4913969040000001,3.9502172469999999,22.009691237999998
1218,H,h*,0.40999999642372131,6.1050214770000002,2.580212355,22.177907944000001
1219,H,h*,0.40999999642372131,2.8137929439999998,4.4449687000000004,27.208324432000001
1220,H,h*,0.40999999642372131,3.1222050189999999,3.8231625560000002,25.874727248999999
1221,H,hoc,0.34999999403953552,2.0283164980000001,1.202825069,22.266992568999999
1222,H,hoc,0.34999999403953552,-1.9996747969999999,-1.1628147360000001,38.398990630999997
1223,H,hoc,0.34999999403953552,2.0118074419999998,1.1852947469999999,26.119859694999999
1224,H,hoc,0.34999999403953552,-1.9613434080000001,-1.238019824,20.715040207000001
1225,Ca,ca+e,1.6000000238418579,7.9214458470000002,6.6349458690000001,40.299102783000002
1226,Ca,ca+e,1.6000000238418579,1.8731943369999999,-1.0054080489999999,24.193540573
1227,O,oc10,-0.89999997615814209,1.369233251,-0.70627278100000002,20.314544678000001
1228,O,oc7,-0.89999997615814209,-1.2920147179999999,0.69606173000000005,22.665941237999998
1229,O,oc5,-0.89999997615814209,1.339808702,-0.72818297099999996,38.785373688
1230,O,oc10,-0.89999997615814209,-1.320448399,0.75491535700000001,25.668869018999999
1231,O,o*,-0.81999999284744263,3.5685529709999999,-2.0096068379999998,22.501998901
1232,O,o*,-0.81999999284744263,6.2352318760000003,7.5662174220000002,42.018791198999999
1233,O,o*,-0.81999999284744263,3.5441584590000001,-1.911515117,25.947563170999999
1234,O,o*,-0.81999999284744263,6.0453939439999997,7.209713936,38.674373627000001
1235,O,o*,-0.81999999284744263,1.3088020090000001,-3.8675706390000002,34.694538115999997
1236,O,o*,-0.81999999284744263,8.4533748630000005,9.7883071899999994,29.532983779999999
1237,O,o*,-0.81999999284744263,1.615468025,-3.8140561580000001,24.340290069999998
1238,O,o*,-0.81999999284744263,8.1114788059999992,9.3562726969999996,40.067924499999997
1239,O,oc11,-0.60000002384185791,4.1506142620000004,6.6857986450000002,32.494083404999998
1240,O,oc11,-0.60000002384185791,4.2393403049999998,6.6254854200000004,36.851795197000001
1241,O,oc11,-0.60000002384185791,3.7264540199999998,6.9649972919999996,21.166484832999998
1242,O,o*,-0.81999999284744263,4.5198841090000004,6.7323174479999999,26.453893660999999
1243,H,h*,0.40999999642372131,6.1793241500000002,8.4916143420000001,42.372089385999999
1244,H,h*,0.40999999642372131,5.3064732550000002,7.2729063030000001,42.201385498
1245,H,h*,0.40999999642372131,4.4602875710000003,-1.535811901,26.013311386000002
1246,H,h*,0.40999999642372131,3.7751972679999999,-2.8525354859999998,26.132884979
1247,H,h*,0.40999999642372131,5.908277988,8.1542854309999999,38.430976868000002
1248,H,h*,0.40999999642372131,5.3133378029999996,6.8157215119999996,38.134857177999997
1249,H,h*,0.40999999642372131,1.6048336030000001,-4.4367165569999996,35.450794219999999
1250,H,h*,0.40999999642372131,1.6347193719999999,-4.4197883610000002,33.938625336000001
1251,H,h*,0.40999999642372131,8.1901855470000005,10.208240508999999,30.390115737999999
1252,H,h*,0.40999999642372131,7.7915816309999997,10.236066817999999,28.949787140000002
1253,H,h*,0.40999999642372131,2.1447563170000001,-4.4709439279999996,23.817697525
1254,H,h*,0.40999999642372131,0.70206201099999999,-4.0244836810000004,24.038969040000001
1255,H,h*,0.40999999642372131,9.0316972730000007,9.6975431440000008,40.156841278000002
1256,H,h*,0.40999999642372131,7.6034035680000001,10.071048737,40.529651641999997
1257,H,h*,0.40999999642372131,3.5956010819999999,-2.898123741,22.06394577
1258,H,h*,0.40999999642372131,4.4638056759999998,-1.6764009,22.235748291
1259,H,h*,0.40999999642372131,4.2798295020000001,5.8354210850000001,26.780954360999999
1260,H,h*,0.40999999642372131,4.9507827759999996,6.4747686389999997,25.604314804000001
1261,H,hoc,0.34999999403953552,-2.0037574770000002,1.1431140900000001,22.232242584000002
1262,H,hoc,0.34999999403953552,2.0806276800000001,-1.149490237,38.371520996000001
1263,H,hoc,0.34999999403953552,-2.0603330139999998,1.1771054270000001,26.081668854
1264,H,hoc,0.34999999403953552,2.1293938159999999,-1.0808039899999999,20.737716675000001
1265,Al,ac2,1.2000000476837158,-0.034670650999999997,-0.0042917989999999998,32.229553223000003
1266,Ca,ca+e,1.6000000238418579,7.9107069970000001,6.7502326970000004,29.556135178000002
1267,Ca,ca+e,1.6000000238418579,1.801991463,-1.116607428,34.890579224
1268,O,oc10,-0.89999997615814209,1.230436087,-0.80358189300000005,31.038030624000001
1269,O,oc7,-0.89999997615814209,-1.2837833169999999,0.79811686299999995,33.427429199000002
1270,O,oc7,-0.89999997615814209,1.2474894519999999,-0.75522124800000001,28.066152573
1271,O,oc8,-0.89999997615814209,-1.2811444999999999,0.76116269800000003,36.433010101000001
1272,O,o*,-0.81999999284744263,3.4608714580000002,-2.104632616,33.152694701999998
1273,O,o*,-0.81999999284744263,6.2966647150000004,7.7389502529999996,31.304767608999999
1274,O,o*,-0.81999999284744263,3.485831261,-2.1216590399999999,36.601848601999997
1275,O,o*,-0.81999999284744263,6.4453363420000001,8.0382623669999997,27.927791594999999
1276,O,o*,-0.81999999284744263,4.0229182239999997,0.76354730100000001,23.928403853999999
1277,O,o*,-0.81999999284744263,5.5622453690000002,4.6350059510000001,40.322727202999999
1278,O,o*,-0.81999999284744263,4.0119614600000002,0.51816791299999998,34.749469757
1279,O,o*,-0.81999999284744263,5.6821589469999996,5.2012052539999996,29.406492233000002
1280,O,oc11,-0.60000002384185791,6.5509443279999999,0.0022703430000000002,41.258422852000002
1281,O,oc11,-0.60000002384185791,6.4830498700000003,-0.013179422,28.093961715999999
1282,O,oc11,-0.60000002384185791,6.5308346750000004,-0.0062880899999999997,33.856849670000003
1283,O,oc11,-0.60000002384185791,6.0381398199999996,-1.32840848,43.230804442999997
1284,O,oc11,-0.60000002384185791,6.0963010789999998,-1.351852536,26.104478835999998
1285,O,oc11,-0.60000002384185791,5.5628848079999997,-1.0468485359999999,31.896310805999999
1286,O,o*,-0.81999999284744263,6.1708912849999997,-1.567240596,37.458141327
1287,S,s',0.60000002384185791,6.5188841819999999,-0.0070840360000000002,42.746868134000003
1288,S,s',0.60000002384185791,6.4804267879999999,-0.011720451999999999,26.607194901
1289,S,s',0.60000002384185791,6.4975228310000004,0.0059023060000000004,32.371536255000002
1290,H,h*,0.40999999642372131,6.0781202319999998,8.6881532670000006,31.485687255999999
1291,H,h*,0.40999999642372131,5.4700164789999999,7.3141903880000001,31.650712967
1292,H,h*,0.40999999642372131,4.3661727910000003,-1.850805998,36.950218200999998
1293,H,h*,0.40999999642372131,3.6100888250000001,-3.1042907240000002,36.667224883999999
1294,H,h*,0.40999999642372131,6.4101376529999996,8.8735971449999997,27.396184921
1295,H,h*,0.40999999642372131,5.6278452870000004,7.6125507350000001,27.575691223
1296,H,h*,0.40999999642372131,4.6716022490000002,0.75357580199999996,23.179269790999999
1297,H,h*,0.40999999642372131,4.6521649360000001,0.80417025099999995,24.693649292
1298,H,h*,0.40999999642372131,4.8445191379999999,4.9566922189999998,39.724491119
1299,H,h*,0.40999999642372131,5.0589251519999996,4.6623349190000001,41.174526215
1300,H,h*,0.40999999642372131,4.8721542360000001,0.392108291,34.272201537999997
1301,H,h*,0.40999999642372131,3.7609112260000002,1.427099586,34.467094420999999
1302,H,h*,0.40999999642372131,5.8156542780000002,4.2271823880000001,29.467010498
1303,H,h*,0.40999999642372131,4.7829942699999997,5.2918944359999998,29.810478209999999
1304,H,h*,0.40999999642372131,4.2600474359999998,-1.679782748,32.749691009999999
1305,H,h*,0.40999999642372131,3.6464231009999999,-3.0497877600000001,32.917907714999998
1306,H,h*,0.40999999642372131,6.9376516339999998,-1.1850316519999999,37.948326111
1307,H,h*,0.40999999642372131,6.6292395590000002,-1.80683744,36.614727019999997
1308,Al,ac2,1.2000000476837158,0.028979386999999999,0.0066085329999999998,37.60452652
1309,H,hoc,0.34999999403953552,-2.0283219809999999,1.202825069,33.006992339999996
1310,H,hoc,0.34999999403953552,1.9996693130000001,-1.1628147360000001,27.658988953000001
1311,H,hoc,0.34999999403953552,-2.0118129250000001,1.1852947469999999,36.859859467
1312,H,hoc,0.34999999403953552,1.961337924,-1.2380197049999999,31.455039977999999
1313,Ca,ca+e,1.6000000238418579,1.8299984929999999,1.004945636,29.559103012000001
1314,Ca,ca+e,1.6000000238418579,7.8782501219999999,4.6245918269999997,34.933540344000001
1315,O,oc9,-0.89999997615814209,-1.3692387340000001,-0.70627272100000005,31.054546355999999
1316,O,oc6,-0.89999997615814209,1.292009234,0.69606173000000005,33.405941009999999
1317,O,oc6,-0.89999997615814209,-1.3398141859999999,-0.72818291199999996,28.045372009000001
1318,O,oc9,-0.89999997615814209,1.320442796,0.75491529700000004,36.408866881999998
1319,O,o*,-0.81999999284744263,6.182891369,3.6203932760000002,33.242000580000003
1320,O,o*,-0.81999999284744263,3.516212463,1.936217308,31.27878952
1321,O,o*,-0.81999999284744263,6.2072858809999998,3.718484879,36.687564850000001
1322,O,o*,-0.81999999284744263,3.7060506339999999,1.5797140599999999,27.934373856000001
1323,O,o*,-0.81999999284744263,8.4426422120000009,1.762429357,23.954538345
1324,O,o*,-0.81999999284744263,1.2980694770000001,4.1583065990000003,40.272983551000003
1325,O,o*,-0.81999999284744263,8.1359767909999992,1.8159438370000001,35.080291748
1326,O,o*,-0.81999999284744263,1.639965653,3.7262723449999999,29.327924727999999
1327,O,oc11,-0.60000002384185791,5.6008305549999999,1.0557986500000001,43.234085082999997
1328,O,oc11,-0.60000002384185791,5.512104034,0.99548536499999996,26.111795425
1329,O,oc11,-0.60000002384185791,6.0249905589999999,1.3349972960000001,31.906484603999999
1330,O,o*,-0.81999999284744263,5.2315602300000004,1.102317572,37.193893433
1331,H,h*,0.40999999642372131,4.4449710849999997,1.6429063079999999,31.461387634000001
1332,H,h*,0.40999999642372131,3.5721201900000001,2.861614704,31.632089615000002
1333,H,h*,0.40999999642372131,5.9762473109999998,2.7774646280000002,36.872886657999999
1334,H,h*,0.40999999642372131,5.2911567689999996,4.0941882129999998,36.753311156999999
1335,H,h*,0.40999999642372131,3.8431663509999998,2.5242855550000001,27.690977097000001
1336,H,h*,0.40999999642372131,4.4381065370000004,1.185721397,27.394855498999998
1337,H,h*,0.40999999642372131,8.1167249679999998,1.2102117539999999,23.198625565
1338,H,h*,0.40999999642372131,8.146611214,1.193283796,24.710796355999999
1339,H,h*,0.40999999642372131,1.9598630669999999,4.6060667039999998,39.689788817999997
1340,H,h*,0.40999999642372131,1.561259151,4.5782403949999999,41.130115508999999
1341,H,h*,0.40999999642372131,7.6066884989999997,1.159056187,34.557697296000001
1342,H,h*,0.40999999642372131,9.0493822099999992,1.605516672,34.778968810999999
1343,H,h*,0.40999999642372131,0.71974748399999999,4.0675430300000004,29.416841507000001
1344,H,h*,0.40999999642372131,2.1480407709999998,4.4410490989999998,29.789649962999999
1345,H,h*,0.40999999642372131,5.2876391409999997,3.9535992150000001,32.975749968999999
1346,H,h*,0.40999999642372131,6.155843258,2.731876373,32.803943633999999
1347,H,h*,0.40999999642372131,4.8006615640000003,0.84476834499999998,36.344314574999999
1348,H,h*,0.40999999642372131,5.4716153140000001,0.20542112000000001,37.520954132
1349,H,hoc,0.34999999403953552,2.0037519929999998,1.1431140900000001,32.972244263
1350,H,hoc,0.34999999403953552,-2.0806331629999999,-1.149490237,27.631521225
1351,H,hoc,0.34999999403953552,2.0603275299999999,1.1771054270000001,36.821666718000003
1352,H,hoc,0.34999999403953552,-2.1293993000000002,-1.0808039899999999,31.477716445999999
1353,Ca,ca+e,1.6000000238418579,9.6254634859999992,3.5292706489999999,29.556146622
1354,Ca,ca+e,1.6000000238418579,0.053363197000000001,2.1348152159999998,34.915069580000001
1355,O,oc8,-0.89999997615814209,0.016047120000000002,1.497881413,31.047487259
1356,O,oc5,-0.89999997615814209,-0.089114681000000001,-1.499236107,33.416126251000001
1357,O,oc5,-0.89999997615814209,-0.025417750999999999,1.499849677,28.056917191
1358,O,oc10,-0.89999997615814209,0.011223059000000001,-1.494620085,36.420230865000001
1359,O,o*,-0.81999999284744263,0.010165627999999999,4.0779285429999996,33.189643859999997
1360,O,o*,-0.81999999284744263,9.6912307739999992,1.5834231379999999,31.249458313000002
1361,O,o*,-0.81999999284744263,0.076804577999999998,4.0888495450000004,36.647506714000002
1362,O,o*,-0.81999999284744263,-0.60251533999999995,-3.9872806070000002,27.931308745999999
1363,O,o*,-0.81999999284744263,7.1138701439999998,8.7541246410000007,23.928644179999999
1364,O,o*,-0.81999999284744263,3.0272223949999999,-3.1894261840000002,40.316356659
1365,O,o*,-0.81999999284744263,7.2470655439999998,8.8850946430000004,34.966529846
1366,O,o*,-0.81999999284744263,2.4085602760000002,-3.3716142179999999,29.199563980000001
1367,O,oc11,-0.60000002384185791,7.885967731,0.24374844100000001,43.275821686
1368,O,oc11,-0.60000002384185791,7.8325462339999996,0.32646968999999998,26.103321075
1369,O,oc11,-0.60000002384185791,7.8624787329999997,-0.25563883799999998,31.845645905000001
1370,O,o*,-0.81999999284744263,8.0650186539999993,0.51903909400000003,37.666503906000003
1371,H,h*,0.40999999642372131,8.9639616009999994,0.93622767900000003,31.437393188000001
1372,H,h*,0.40999999642372131,10.452666282999999,1.081810355,31.639671325999998
1373,H,h*,0.40999999642372131,-0.58203422999999999,4.7330660819999997,36.993804932000003
1374,H,h*,0.40999999642372131,0.87921410799999999,4.6712255479999998,36.697471618999998
1375,H,h*,0.40999999642372131,-1.3280406,-4.3990507130000003,27.396617889000002
1376,H,h*,0.40999999642372131,0.10563882400000001,-4.6333041189999999,27.708538055000002
1377,H,h*,0.40999999642372131,6.7306790349999996,9.2554330829999998,24.694042205999999
1378,H,h*,0.40999999642372131,6.7886400220000001,9.3183507920000004,23.181667328
1379,H,h*,0.40999999642372131,3.0889644619999999,-3.9857013229999998,39.734085082999997
1380,H,h*,0.40999999642372131,3.238989353,-3.626394033,41.178691864000001
1381,H,h*,0.40999999642372131,6.6121969219999999,8.2033681870000006,34.647041321000003
1382,H,h*,0.40999999642372131,6.9601140020000001,9.679512978,34.445381165000001
1383,H,h*,0.40999999642372131,2.752483368,-4.1228399280000003,29.749820709000002
1384,H,h*,0.40999999642372131,3.1231999400000001,-2.7060840129999999,29.342658997000001
1385,H,h*,0.40999999642372131,-0.74080944100000001,4.561668396,32.760681151999997
1386,H,h*,0.40999999642372131,0.74994462699999997,4.6966633800000004,32.959640503000003
1387,H,h*,0.40999999642372131,7.6275177000000003,1.110927105,38.326148987000003
1388,H,h*,0.40999999642372131,7.8845658299999997,1.0299441810000001,36.839797974
1389,H,hoc,0.34999999403953552,-0.074841797000000002,-2.345371246,32.992286682
1390,H,hoc,0.34999999403953552,-0.042712792999999999,2.3545339109999999,27.648580550999998
1391,H,hoc,0.34999999403953552,0.008739218,-2.3425273899999999,36.841228485000002
1392,H,hoc,0.34999999403953552,0.024540982999999999,2.3455913069999998,31.469642639
1393,Ca,ca+e,1.6000000238418579,11.592187880999999,6.7502326970000004,40.296134948999999
1394,Ca,ca+e,1.6000000238418579,-1.801997066,-1.116607428,24.150577545000001
1395,O,oc9,-0.89999997615814209,8.521008492,4.8264183999999997,20.298030853
1396,O,oc6,-0.89999997615814209,11.035227775999999,6.428117275,22.687429428000002
1397,O,oc6,-0.89999997615814209,8.5039548870000008,4.8747787479999998,38.806152343999997
1398,O,oc9,-0.89999997615814209,11.032588959,6.3911628719999998,25.69301033
1399,O,o*,-0.81999999284744263,-3.4608771800000002,-2.104632616,22.412694931000001
1400,O,o*,-0.81999999284744263,13.206230164000001,7.7389502529999996,42.044769287000001
1401,O,o*,-0.81999999284744263,-3.4858367440000002,-2.1216595169999999,25.861848831
1402,O,o*,-0.81999999284744263,13.05755806,8.0382623669999997,38.667793273999997
1403,O,o*,-0.81999999284744263,-4.0229244230000001,0.76354730100000001,34.668403625000003
1404,O,o*,-0.81999999284744263,13.940649033,4.6350059510000001,29.582725525000001
1405,O,o*,-0.81999999284744263,-4.0119667049999999,0.51816791299999998,24.009468079000001
1406,O,o*,-0.81999999284744263,13.820735931,5.2012052539999996,40.146492004000002
1407,O,oc11,-0.60000002384185791,13.464755058,-1.32840848,32.490802764999998
1408,O,oc11,-0.60000002384185791,13.406593322999999,-1.351852536,36.844478606999999
1409,O,oc11,-0.60000002384185791,13.940010071,-1.0468485359999999,21.156311035000002
1410,O,o*,-0.81999999284744263,13.332003593,-1.567240596,26.718141555999999
1411,H,h*,0.40999999642372131,13.424774169999999,8.6881532670000006,42.225685120000001
1412,H,h*,0.40999999642372131,14.032877922000001,7.3141903880000001,42.390712737999998
1413,H,h*,0.40999999642372131,-3.610093832,-3.1042909619999999,25.927225112999999
1414,H,h*,0.40999999642372131,-4.3661785130000004,-1.850806355,26.210216522
1415,H,h*,0.40999999642372131,13.875049591,7.6125507350000001,38.315692902000002
1416,H,h*,0.40999999642372131,13.092757225,8.8735971449999997,38.136184692
1417,H,h*,0.40999999642372131,-4.6716079710000002,0.75357580199999996,33.919269561999997
1418,H,h*,0.40999999642372131,-4.6521701809999998,0.80417019099999998,35.433650970000002
1419,H,h*,0.40999999642372131,14.443969727000001,4.6623349190000001,30.434526442999999
1420,H,h*,0.40999999642372131,14.658374786,4.9566922189999998,28.984489441000001
1421,H,h*,0.40999999642372131,-3.7609164709999998,1.427099586,23.727094650000002
1422,H,h*,0.40999999642372131,-4.8721599580000001,0.392108291,23.532199859999999
1423,H,h*,0.40999999642372131,13.687240600999999,4.2271823880000001,40.207012177000003
1424,H,h*,0.40999999642372131,14.719900130999999,5.2918944359999998,40.550479889000002
1425,H,h*,0.40999999642372131,-4.2600536350000002,-1.679782748,22.009691237999998
1426,H,h*,0.40999999642372131,-3.6464288229999999,-3.0497877600000001,22.177907944000001
1427,H,h*,0.40999999642372131,12.565242767000001,-1.1850312949999999,27.208324432000001
1428,H,h*,0.40999999642372131,12.873655318999999,-1.80683744,25.874727248999999
1429,H,hoc,0.34999999403953552,11.779766083,6.8328251839999998,22.266992568999999
1430,H,hoc,0.34999999403953552,7.751775265,4.467185497,38.398990630999997
1431,H,hoc,0.34999999403953552,11.763257027,6.8152952190000002,26.119859694999999
1432,H,hoc,0.34999999403953552,7.7901067729999998,4.3919806479999997,20.715040207000001
1433,Ca,ca+e,1.6000000238418579,-1.8300045730000001,1.004945636,40.299102783000002
1434,Ca,ca+e,1.6000000238418579,11.624644279,4.6245923040000001,24.193540573
1435,O,oc10,-0.89999997615814209,11.12068367,4.9237275120000001,20.314544678000001
1436,O,oc7,-0.89999997615814209,8.4594354630000002,6.3260622020000001,22.665941237999998
1437,O,oc5,-0.89999997615814209,11.091259002999999,4.9018173220000003,38.785373688
1438,O,oc10,-0.89999997615814209,8.431001663,6.3849158289999997,25.668869018999999
1439,O,o*,-0.81999999284744263,13.320003509999999,3.620393515,22.501998901
1440,O,o*,-0.81999999284744263,-3.5162179469999999,1.936217308,42.018791198999999
1441,O,o*,-0.81999999284744263,13.295608521,3.7184846399999998,25.947563170999999
1442,O,o*,-0.81999999284744263,-3.7060563559999999,1.579713583,38.674373627000001
1443,O,o*,-0.81999999284744263,11.06025219,1.762429357,34.694538115999997
1444,O,o*,-0.81999999284744263,-1.298075557,4.1583070759999998,29.532983779999999
1445,O,o*,-0.81999999284744263,11.36691761,1.8159438370000001,24.340290069999998
1446,O,o*,-0.81999999284744263,-1.639971614,3.7262723449999999,40.067924499999997
1447,O,oc11,-0.60000002384185791,13.902064322999999,1.0557986500000001,32.494083404999998
1448,O,oc11,-0.60000002384185791,13.990790367000001,0.99548530599999996,36.851795197000001
1449,O,oc11,-0.60000002384185791,13.47790432,1.3349972960000001,21.166484832999998
1450,O,o*,-0.81999999284744263,14.271333694000001,1.102317572,26.453893660999999
1451,H,h*,0.40999999642372131,-3.572125196,2.861614704,42.372089385999999
1452,H,h*,0.40999999642372131,-4.4449768069999998,1.6429063079999999,42.201385498
1453,H,h*,0.40999999642372131,14.211737633,4.0941882129999998,26.013311386000002
1454,H,h*,0.40999999642372131,13.526647568,2.7774646280000002,26.132884979
1455,H,h*,0.40999999642372131,-3.8431718350000001,2.5242850780000001,38.430976868000002
1456,H,h*,0.40999999642372131,-4.4381122590000004,1.1857211590000001,38.134857177999997
1457,H,h*,0.40999999642372131,11.356283188000001,1.193283796,35.450794219999999
1458,H,h*,0.40999999642372131,11.386169433999999,1.2102117539999999,33.938625336000001
1459,H,h*,0.40999999642372131,-1.5612648730000001,4.5782408710000002,30.390115737999999
1460,H,h*,0.40999999642372131,-1.959868312,4.6060667039999998,28.949787140000002
1461,H,h*,0.40999999642372131,11.896205902,1.159056187,23.817697525
1462,H,h*,0.40999999642372131,10.453512192,1.605516672,24.038969040000001
1463,H,h*,0.40999999642372131,-0.71975219199999996,4.0675430300000004,40.156841278000002
1464,H,h*,0.40999999642372131,-2.1480453009999998,4.4410490989999998,40.529651641999997
1465,H,h*,0.40999999642372131,13.34705162,2.7318761349999998,22.06394577
1466,H,h*,0.40999999642372131,14.215255737,3.9535992150000001,22.235748291
1467,H,h*,0.40999999642372131,14.031279564,0.20542120899999999,26.780954360999999
1468,H,h*,0.40999999642372131,14.702233315000001,0.84476846500000002,25.604314804000001
1469,H,hoc,0.34999999403953552,7.7476925850000002,6.7731142039999996,22.232242584000002
1470,H,hoc,0.34999999403953552,11.832077979999999,4.4805097580000002,38.371520996000001
1471,H,hoc,0.34999999403953552,7.6911168099999996,6.8071055410000003,26.081668854
1472,H,hoc,0.34999999403953552,11.880844116,4.5491962429999999,20.737716675000001
1473,Al,ac2,1.2000000476837158,9.7167797090000008,5.6257085800000004,32.229553223000003
1474,Ca,ca+e,1.6000000238418579,-1.840742946,1.1202323439999999,29.556135178000002
1475,Ca,ca+e,1.6000000238418579,11.553441048,4.5133924480000003,34.890579224
1476,O,oc10,-0.89999997615814209,10.981885910000001,4.8264183999999997,31.038030624000001
1477,O,oc7,-0.89999997615814209,8.4676666259999998,6.428117275,33.427429199000002
1478,O,oc7,-0.89999997615814209,10.998939514,4.8747787479999998,28.066152573
1479,O,oc8,-0.89999997615814209,8.4703054430000009,6.3911628719999998,36.433010101000001
1480,O,o*,-0.81999999284744263,13.212321280999999,3.525367498,33.152694701999998
1481,O,o*,-0.81999999284744263,-3.4547851089999999,2.1089503770000002,31.304767608999999
1482,O,o*,-0.81999999284744263,13.237280846000001,3.5083405970000001,36.601848601999997
1483,O,o*,-0.81999999284744263,-3.3061130049999998,2.408262014,27.927791594999999
1484,O,o*,-0.81999999284744263,13.774368286,6.3935475349999997,23.928403853999999
1485,O,o*,-0.81999999284744263,-4.1892042160000003,-0.99499422299999996,40.322727202999999
1486,O,o*,-0.81999999284744263,13.763411522,6.1481680870000002,34.749469757
1487,O,o*,-0.81999999284744263,-4.0692911150000004,-0.42879497999999999,29.406492233000002
1488,O,oc11,-0.60000002384185791,-3.2005050179999999,5.6322708129999999,41.258422852000002
1489,O,oc11,-0.60000002384185791,-3.2684009079999998,5.6168208120000003,28.093961715999999
1490,O,oc11,-0.60000002384185791,-3.2206161020000001,5.6237120630000001,33.856849670000003
1491,O,oc11,-0.60000002384185791,-3.7133100030000001,4.3015918729999996,43.230804442999997
1492,O,oc11,-0.60000002384185791,-3.655148268,4.2781476969999996,26.104478835999998
1493,O,oc11,-0.60000002384185791,-4.1885652540000002,4.5831518170000001,31.896310805999999
1494,O,o*,-0.81999999284744263,-3.580558538,4.0627593989999999,37.458141327
1495,S,s',0.60000002384185791,-3.2325656409999999,5.6229162219999997,42.746868134000003
1496,S,s',0.60000002384185791,-3.2710235120000002,5.6182799340000003,26.607194901
1497,S,s',0.60000002384185791,-3.2539279460000001,5.6359024050000004,32.371536255000002
1498,H,h*,0.40999999642372131,-3.6733300689999999,3.0581538680000002,31.485687255999999
1499,H,h*,0.40999999642372131,-4.2814331049999996,1.684190512,31.650712967
1500,H,h*,0.40999999642372131,14.117623329000001,3.7791936399999999,36.950218200999998
1501,H,h*,0.40999999642372131,13.361538887,2.5257091520000001,36.667224883999999
1502,H,h*,0.40999999642372131,-3.341313124,3.2435972689999999,27.396184921
1503,H,h*,0.40999999642372131,-4.1236047740000004,1.9825508590000001,27.575691223
1504,H,h*,0.40999999642372131,14.423052788,6.3835759159999999,23.179269790999999
1505,H,h*,0.40999999642372131,14.403614998,6.4341702459999999,24.693649292
1506,H,h*,0.40999999642372131,-4.906930923,-0.67330783599999999,39.724491119
1507,H,h*,0.40999999642372131,-4.6925249100000004,-0.96766513600000004,41.174526215
1508,H,h*,0.40999999642372131,14.623604774,6.022108555,34.272201537999997
1509,H,h*,0.40999999642372131,13.512361525999999,7.0570998190000003,34.467094420999999
1510,H,h*,0.40999999642372131,-3.935795546,-1.402817607,29.467010498
1511,H,h*,0.40999999642372131,-4.9684562679999997,-0.33810552999999999,29.810478209999999
1512,H,h*,0.40999999642372131,14.011497498000001,3.950217485,32.749691009999999
1513,H,h*,0.40999999642372131,13.397872925,2.580212355,32.917907714999998
1514,H,h*,0.40999999642372131,-2.813797712,4.4449687000000004,37.948326111
1515,H,h*,0.40999999642372131,-3.122210264,3.823162317,36.614727019999997
1516,Al,ac2,1.2000000476837158,9.78042984,5.6366086009999998,37.60452652
1517,H,hoc,0.34999999403953552,7.7231278420000002,6.8328251839999998,33.006992339999996
1518,H,hoc,0.34999999403953552,11.751119614,4.467185497,27.658988953000001
1519,H,hoc,0.34999999403953552,7.7396368979999997,6.8152952190000002,36.859859467
1520,H,hoc,0.34999999403953552,11.712787627999999,4.3919806479999997,31.455039977999999
1521,Ca,ca+e,1.6000000238418579,11.581448555,6.6349458690000001,29.559103012000001
1522,Ca,ca+e,1.6000000238418579,-1.8732002969999999,-1.0054080489999999,34.933540344000001
1523,O,oc9,-0.89999997615814209,8.3822116849999997,4.9237275120000001,31.054546355999999
1524,O,oc6,-0.89999997615814209,11.043458939000001,6.3260622020000001,33.405941009999999
1525,O,oc6,-0.89999997615814209,8.4116353989999997,4.9018173220000003,28.045372009000001
1526,O,oc9,-0.89999997615814209,11.071892738000001,6.3849153520000002,36.408866881999998
1527,O,o*,-0.81999999284744263,-3.5685584549999998,-2.0096066000000001,33.242000580000003
1528,O,o*,-0.81999999284744263,13.267663002000001,7.5662174220000002,31.27878952
1529,O,o*,-0.81999999284744263,-3.544163465,-1.9115152360000001,36.687564850000001
1530,O,o*,-0.81999999284744263,13.457500458,7.2097144130000004,27.934373856000001
1531,O,o*,-0.81999999284744263,-1.3088082080000001,-3.8675706390000002,23.954538345
1532,O,o*,-0.81999999284744263,11.049519539,9.7883071899999994,40.272983551000003
1533,O,o*,-0.81999999284744263,-1.6154736279999999,-3.8140561580000001,35.080291748
1534,O,o*,-0.81999999284744263,11.391415596,9.3562726969999996,29.327924727999999
1535,O,oc11,-0.60000002384185791,-4.150619507,6.6857991219999997,43.234085082999997
1536,O,oc11,-0.60000002384185791,-4.2393465040000002,6.6254854200000004,26.111795425
1537,O,oc11,-0.60000002384185791,-3.7264592649999999,6.9649972919999996,31.906484603999999
1538,O,o*,-0.81999999284744263,-4.5198898319999996,6.7323179240000002,37.193893433
1539,H,h*,0.40999999642372131,14.196421623000001,7.2729063030000001,31.461387634000001
1540,H,h*,0.40999999642372131,13.323570251,8.4916143420000001,31.632089615000002
1541,H,h*,0.40999999642372131,-3.775202513,-2.8525354859999998,36.872886657999999
1542,H,h*,0.40999999642372131,-4.4602937699999998,-1.535811901,36.753311156999999
1543,H,h*,0.40999999642372131,13.594615936,8.1542854309999999,27.690977097000001
1544,H,h*,0.40999999642372131,14.189557076,6.8157215119999996,27.394855498999998
1545,H,h*,0.40999999642372131,-1.634724498,-4.4197883610000002,23.198625565
1546,H,h*,0.40999999642372131,-1.604838252,-4.4367160800000001,24.710796355999999
1547,H,h*,0.40999999642372131,11.711313248,10.236066817999999,39.689788817999997
1548,H,h*,0.40999999642372131,11.312708855,10.208240508999999,41.130115508999999
1549,H,h*,0.40999999642372131,-2.1447608470000001,-4.4709439279999996,34.557697296000001
1550,H,h*,0.40999999642372131,-0.70206725599999997,-4.024483204,34.778968810999999
1551,H,h*,0.40999999642372131,10.471197128,9.6975431440000008,29.416841507000001
1552,H,h*,0.40999999642372131,11.899490355999999,10.071048737,29.789649962999999
1553,H,h*,0.40999999642372131,-4.4638109210000003,-1.6764009,32.975749968999999
1554,H,h*,0.40999999642372131,-3.5956065650000002,-2.8981235029999999,32.803943633999999
1555,H,h*,0.40999999642372131,-4.9507884979999996,6.4747686389999997,36.344314574999999
1556,H,h*,0.40999999642372131,-4.2798347469999998,5.8354215619999996,37.520954132
1557,H,hoc,0.34999999403953552,11.755202293,6.7731142039999996,32.972244263
1558,H,hoc,0.34999999403953552,7.670816898,4.4805097580000002,27.631521225
1559,H,hoc,0.34999999403953552,11.811778069000001,6.8071055410000003,36.821666718000003
1560,H,hoc,0.34999999403953552,7.6220507619999998,4.5491962429999999,31.477716445999999
1561,Ca,ca+e,1.6000000238418579,-0.12598693399999999,-2.1007294650000001,29.556146622
1562,Ca,ca+e,1.6000000238418579,9.8048133849999992,7.7648153310000003,34.915073395
1563,O,oc8,-0.89999997615814209,9.7674970630000004,7.1278815270000004,31.047487259
1564,O,oc5,-0.89999997615814209,9.6623353959999996,4.1307640079999999,33.416126251000001
1565,O,oc5,-0.89999997615814209,9.726032257,7.129849911,28.056917191
1566,O,oc10,-0.89999997615814209,9.7626733780000006,4.1353802679999996,36.420230865000001
1567,O,o*,-0.81999999284744263,9.7616157529999992,9.7079286580000002,33.189643859999997
1568,O,o*,-0.81999999284744263,-0.060219641999999997,-4.046576977,31.249458313000002
1569,O,o*,-0.81999999284744263,9.8282547000000005,9.7188491819999996,36.647506714000002
1570,O,o*,-0.81999999284744263,9.1489343640000005,1.6427193879999999,27.931308745999999
1571,O,o*,-0.81999999284744263,-2.6375796789999999,3.1241242890000001,23.928644179999999
1572,O,o*,-0.81999999284744263,12.778672218000001,2.4405736920000001,40.316356659
1573,O,o*,-0.81999999284744263,-2.504383802,3.2550942900000002,34.966529846
1574,O,o*,-0.81999999284744263,12.160010337999999,2.2583858970000001,29.199563980000001
1575,O,oc11,-0.60000002384185791,-1.8654812569999999,5.8737487789999996,43.275821686
1576,O,oc11,-0.60000002384185791,-1.9189041849999999,5.9564700129999997,26.103321075
1577,O,oc11,-0.60000002384185791,-1.888972163,5.3743615150000004,31.845645905000001
1578,O,o*,-0.81999999284744263,-1.6864327189999999,6.1490392680000001,37.666503906000003
1579,H,h*,0.40999999642372131,-0.78748786400000004,-4.6937723159999996,31.437393188000001
1580,H,h*,0.40999999642372131,0.70121681700000005,-4.5481896400000004,31.639671325999998
1581,H,h*,0.40999999642372131,9.1694154739999991,10.363066673000001,36.993804932000003
1582,H,h*,0.40999999642372131,10.630663872,10.301225662,36.697471618999998
1583,H,h*,0.40999999642372131,8.4234094620000004,1.230949402,27.396617889000002
1584,H,h*,0.40999999642372131,9.8570890430000002,0.99669623399999996,27.708538055000002
1585,H,h*,0.40999999642372131,-3.020771742,3.62543273,24.694042205999999
1586,H,h*,0.40999999642372131,-2.9628093240000002,3.6883504390000001,23.181667328
1587,H,h*,0.40999999642372131,12.840415001,1.6442987920000001,39.734085082999997
1588,H,h*,0.40999999642372131,12.990439415000001,2.0036058429999999,41.178691864000001
1589,H,h*,0.40999999642372131,-3.1392524239999999,2.5733687879999998,34.647041321000003
1590,H,h*,0.40999999642372131,-2.791336775,4.0495128630000004,34.445381165000001
1591,H,h*,0.40999999642372131,12.503932953,1.5071600679999999,29.749820709000002
1592,H,h*,0.40999999642372131,12.874650001999999,2.9239161010000001,29.342658997000001
1593,H,h*,0.40999999642372131,9.0106401439999999,10.19166851,32.760681151999997
1594,H,h*,0.40999999642372131,10.501394272000001,10.326663971,32.959640503000003
1595,H,h*,0.40999999642372131,-2.1239325999999998,6.7409272189999996,38.326148987000003
1596,H,h*,0.40999999642372131,-1.866885066,6.6599445340000001,36.839797974
1597,H,hoc,0.34999999403953552,9.6766080859999999,3.2846291070000002,32.992286682
1598,H,hoc,0.34999999403953552,9.7087373729999999,7.9845342639999997,27.648580550999998
1599,H,hoc,0.34999999403953552,9.7601890559999998,3.287472486,36.841228485000002
1600,H,hoc,0.34999999403953552,9.7759914400000003,7.9755911829999997,31.469642639
1601,Ca,ca+e,1.6000000238418579,1.8407374620000001,12.380232811000001,18.816135406000001
1602,Ca,ca+e,1.6000000238418579,7.9494528769999997,15.773392677,2.6705775260000002
1603,O,oc9,-0.89999997615814209,-1.23044157,10.456418037000001,-1.181969643
1604,O,oc6,-0.89999997615814209,1.283777833,12.058116912999999,1.207429171
1605,O,oc6,-0.89999997615814209,-1.2474949360000001,10.504778862,17.326152801999999
1606,O,oc9,-0.89999997615814209,1.281139016,12.021162987,4.2130103109999997
1607,O,o*,-0.81999999284744263,6.2905731200000004,14.785367012,0.93269521
1608,O,o*,-0.81999999284744263,3.454780102,13.36894989,20.564767838000002
1609,O,o*,-0.81999999284744263,6.2656130790000004,14.768341063999999,4.3818497660000002
1610,O,o*,-0.81999999284744263,3.306108236,13.668261528,17.187791824000001
1611,O,o*,-0.81999999284744263,5.7285261150000002,17.653547286999999,13.188404083
1612,O,o*,-0.81999999284744263,4.1891989709999997,10.265006065,8.1027259829999991
1613,O,o*,-0.81999999284744263,5.7394828799999997,17.408168793000002,2.5294678209999999
1614,O,o*,-0.81999999284744263,4.0692853930000004,10.831205368000001,18.666492462000001
1615,O,oc11,-0.60000002384185791,3.7133045199999999,15.561591148,11.010802268999999
1616,O,oc11,-0.60000002384185791,3.6551432610000001,15.538146973,15.364478111
1617,O,oc11,-0.60000002384185791,4.1885600089999997,15.843151092999999,-0.32368952000000001
1618,O,o*,-0.81999999284744263,3.5805535320000001,15.322759628,5.2381410600000002
1619,H,h*,0.40999999642372131,3.673324585,14.318153381,20.745685577
1620,H,h*,0.40999999642372131,4.28142786,12.944190024999999,20.910713196
1621,H,h*,0.40999999642372131,6.1413559910000002,13.785709381,4.4472246169999998
1622,H,h*,0.40999999642372131,5.3852715489999996,15.039194107,4.7302169799999998
1623,H,h*,0.40999999642372131,4.1235990520000003,13.242550850000001,16.835691451999999
1624,H,h*,0.40999999642372131,3.3413071630000002,14.503597259999999,16.656185149999999
1625,H,h*,0.40999999642372131,5.0798420909999997,17.643575668,12.43927002
1626,H,h*,0.40999999642372131,5.0992798810000002,17.694169998,13.953650475
1627,H,h*,0.40999999642372131,4.6925191880000003,10.292334557,8.9545259480000006
1628,H,h*,0.40999999642372131,4.906925201,10.586691856,7.5044889450000003
1629,H,h*,0.40999999642372131,5.9905333519999999,18.317100525000001,2.247094631
1630,H,h*,0.40999999642372131,4.8792901039999999,17.282108307000001,2.052199602
1631,H,h*,0.40999999642372131,3.9357900620000001,9.8571825030000007,18.727010727
1632,H,h*,0.40999999642372131,4.9684505459999997,10.921894073000001,19.070478438999999
1633,H,h*,0.40999999642372131,5.4913969040000001,15.210217476,0.52969205399999997
1634,H,h*,0.40999999642372131,6.1050214770000002,13.840212822,0.69790720900000003
1635,H,h*,0.40999999642372131,2.8137929439999998,15.704968451999999,5.7283248899999997
1636,H,h*,0.40999999642372131,3.1222050189999999,15.083162308,4.3947277070000004
1637,H,hoc,0.34999999403953552,2.0283164980000001,12.462824821,0.78699260999999998
1638,H,hoc,0.34999999403953552,-1.9996747969999999,10.097185135,16.918989182000001
1639,H,hoc,0.34999999403953552,2.0118074419999998,12.44529438,4.6398601529999999
1640,H,hoc,0.34999999403953552,-1.9613434080000001,10.021980286,-0.764959693
1641,Ca,ca+e,1.6000000238418579,7.9214458470000002,17.894945145000001,18.819103241000001
1642,Ca,ca+e,1.6000000238418579,1.8731943369999999,10.254591941999999,2.7135405540000002
1643,O,oc10,-0.89999997615814209,1.369233251,10.55372715,-1.1654543879999999
1644,O,oc7,-0.89999997615814209,-1.2920147179999999,11.956061363,1.1859411
1645,O,oc5,-0.89999997615814209,1.339808702,10.531817436000001,17.305372238
1646,O,oc10,-0.89999997615814209,-1.320448399,12.014915466,4.188868523
1647,O,o*,-0.81999999284744263,3.5685529709999999,9.2503929140000007,1.021998763
1648,O,o*,-0.81999999284744263,6.2352318760000003,18.826217651,20.538789748999999
1649,O,o*,-0.81999999284744263,3.5441584590000001,9.3484849929999996,4.4675641060000002
1650,O,o*,-0.81999999284744263,6.0453939439999997,18.469713210999998,17.194374084
1651,O,o*,-0.81999999284744263,1.3088020090000001,7.3924293519999997,13.214537621
1652,O,o*,-0.81999999284744263,8.4533748630000005,21.048307419,8.0529832839999997
1653,O,o*,-0.81999999284744263,1.615468025,7.4459438320000002,2.860291004
1654,O,o*,-0.81999999284744263,8.1114788059999992,20.616271973,18.587924956999998
1655,O,oc11,-0.60000002384185791,4.1506142620000004,17.945798874000001,11.014084816
1656,O,oc11,-0.60000002384185791,4.2393403049999998,17.885484694999999,15.371795654
1657,O,oc11,-0.60000002384185791,3.7264540199999998,18.224996567000002,-0.313515812
1658,O,o*,-0.81999999284744263,4.5198841090000004,17.992317199999999,4.9738936420000002
1659,H,h*,0.40999999642372131,6.1793241500000002,19.751613617,20.892089844000001
1660,H,h*,0.40999999642372131,5.3064732550000002,18.532905579000001,20.721385955999999
1661,H,h*,0.40999999642372131,4.4602875710000003,9.7241878509999999,4.533311844
1662,H,h*,0.40999999642372131,3.7751972679999999,8.4074649810000004,4.6528854370000001
1663,H,h*,0.40999999642372131,5.908277988,19.414285660000001,16.950977325
1664,H,h*,0.40999999642372131,5.3133378029999996,18.075721740999999,16.654855728000001
1665,H,h*,0.40999999642372131,1.6048336030000001,6.8232836719999996,13.970795631
1666,H,h*,0.40999999642372131,1.6347193719999999,6.8402118679999999,12.458625793
1667,H,h*,0.40999999642372131,8.1901855470000005,21.468240737999999,8.9101161960000006
1668,H,h*,0.40999999642372131,7.7915816309999997,21.496067047,7.4697875979999999
1669,H,h*,0.40999999642372131,2.1447563170000001,6.7890563009999996,2.3376967909999999
1670,H,h*,0.40999999642372131,0.70206201099999999,7.2355165479999997,2.5589694980000002
1671,H,h*,0.40999999642372131,9.0316972730000007,20.957542418999999,18.676839827999999
1672,H,h*,0.40999999642372131,7.6034035680000001,21.331048965000001,19.049650192000001
1673,H,h*,0.40999999642372131,3.5956010819999999,8.3618764880000001,0.58394533400000004
1674,H,h*,0.40999999642372131,4.4638056759999998,9.583599091,0.75574821199999997
1675,H,h*,0.40999999642372131,4.2798295020000001,17.095420836999999,5.3009548190000002
1676,H,h*,0.40999999642372131,4.9507827759999996,17.734767913999999,4.1243147850000001
1677,H,hoc,0.34999999403953552,-2.0037574770000002,12.403114319,0.75224268400000005
1678,H,hoc,0.34999999403953552,2.0806276800000001,10.110509872,16.891521453999999
1679,H,hoc,0.34999999403953552,-2.0603330139999998,12.437105179,4.6016683580000004
1680,H,hoc,0.34999999403953552,2.1293938159999999,10.179196358,-0.74228393999999998
1681,Al,ac2,1.2000000476837158,-0.034670650999999997,11.255707741,10.749554634000001
1682,Ca,ca+e,1.6000000238418579,7.9107069970000001,18.010232925,8.076135635
1683,Ca,ca+e,1.6000000238418579,1.801991463,10.143392563000001,13.410577774
1684,O,oc10,-0.89999997615814209,1.230436087,10.456418037000001,9.5580301280000004
1685,O,oc7,-0.89999997615814209,-1.2837833169999999,12.058116912999999,11.947429657000001
1686,O,oc7,-0.89999997615814209,1.2474894519999999,10.504778862,6.5861525539999999
1687,O,oc8,-0.89999997615814209,-1.2811444999999999,12.021162987,14.953010559000001
1688,O,o*,-0.81999999284744263,3.4608714580000002,9.1553678509999994,11.67269516
1689,O,o*,-0.81999999284744263,6.2966647150000004,18.998950958000002,9.8247680660000007
1690,O,o*,-0.81999999284744263,3.485831261,9.1383409499999999,15.121850014
1691,O,o*,-0.81999999284744263,6.4453363420000001,19.298261642,6.4477910999999999
1692,O,o*,-0.81999999284744263,4.0229182239999997,12.023547173000001,2.4484038350000001
1693,O,o*,-0.81999999284744263,5.5622453690000002,15.895006179999999,18.842725754
1694,O,o*,-0.81999999284744263,4.0119614600000002,11.778167724999999,13.269468307
1695,O,o*,-0.81999999284744263,5.6821589469999996,16.461204529,7.9264931680000004
1696,O,oc11,-0.60000002384185791,6.5509443279999999,11.262269974000001,19.778423309000001
1697,O,oc11,-0.60000002384185791,6.4830498700000003,11.24682045,6.6139626500000004
1698,O,oc11,-0.60000002384185791,6.5308346750000004,11.2537117,12.376851082
1699,O,oc11,-0.60000002384185791,6.0381398199999996,9.9315919879999992,21.750802994000001
1700,O,oc11,-0.60000002384185791,6.0963010789999998,9.9081478119999993,4.6244783399999996
1701,O,oc11,-0.60000002384185791,5.5628848079999997,10.213151932000001,10.41631031
1702,O,o*,-0.81999999284744263,6.1708912849999997,9.6927595140000005,15.978141785
1703,S,s',0.60000002384185791,6.5188841819999999,11.252916336,21.266866684
1704,S,s',0.60000002384185791,6.4804267879999999,11.248279572,5.1271958350000002
1705,S,s',0.60000002384185791,6.4975228310000004,11.265902519000001,10.891535759
1706,H,h*,0.40999999642372131,6.0781202319999998,19.948154449,10.00568676
1707,H,h*,0.40999999642372131,5.4700164789999999,18.574190139999999,10.170713425000001
1708,H,h*,0.40999999642372131,4.3661727910000003,9.4091939930000006,15.470216751000001
1709,H,h*,0.40999999642372131,3.6100888250000001,8.1557092670000007,15.187224388000001
1710,H,h*,0.40999999642372131,6.4101376529999996,20.13359642,5.9161858560000002
1711,H,h*,0.40999999642372131,5.6278452870000004,18.872550963999998,6.0956912040000004
1712,H,h*,0.40999999642372131,4.6716022490000002,12.013575554000001,1.69927001
1713,H,h*,0.40999999642372131,4.6521649360000001,12.064169884,3.213650227
1714,H,h*,0.40999999642372131,4.8445191379999999,16.216691970999999,18.24448967
1715,H,h*,0.40999999642372131,5.0589251519999996,15.922334671,19.694526671999999
1716,H,h*,0.40999999642372131,4.8721542360000001,11.652108192,12.792200089
1717,H,h*,0.40999999642372131,3.7609112260000002,12.687099457,12.987094879000001
1718,H,h*,0.40999999642372131,5.8156542780000002,15.487182617,7.9870114330000002
1719,H,h*,0.40999999642372131,4.7829942699999997,16.551895141999999,8.3304786679999996
1720,H,h*,0.40999999642372131,4.2600474359999998,9.5802173610000008,11.269692421
1721,H,h*,0.40999999642372131,3.6464231009999999,8.2102127080000002,11.437907219
1722,H,h*,0.40999999642372131,6.9376516339999998,10.074968338,16.468326568999998
1723,H,h*,0.40999999642372131,6.6292395590000002,9.4531621930000007,15.134727478
1724,Al,ac2,1.2000000476837158,0.028979386999999999,11.266608238,16.124525070000001
1725,H,hoc,0.34999999403953552,-2.0283219809999999,12.462824821,11.526992798
1726,H,hoc,0.34999999403953552,1.9996693130000001,10.097185135,6.1789889340000004
1727,H,hoc,0.34999999403953552,-2.0118129250000001,12.44529438,15.379859924
1728,H,hoc,0.34999999403953552,1.961337924,10.021980286,9.9750404360000005
1729,Ca,ca+e,1.6000000238418579,1.8299984929999999,12.264945984000001,8.0791025160000007
1730,Ca,ca+e,1.6000000238418579,7.8782501219999999,15.884592056000001,13.453540801999999
1731,O,oc9,-0.89999997615814209,-1.3692387340000001,10.55372715,9.5745458600000006
1732,O,oc6,-0.89999997615814209,1.292009234,11.956061363,11.925941466999999
1733,O,oc6,-0.89999997615814209,-1.3398141859999999,10.531817436000001,6.5653729439999999
1734,O,oc9,-0.89999997615814209,1.320442796,12.014915466,14.928868294000001
1735,O,o*,-0.81999999284744263,6.182891369,14.880393028,11.76199913
1736,O,o*,-0.81999999284744263,3.516212463,13.196217537000001,9.7987899780000003
1737,O,o*,-0.81999999284744263,6.2072858809999998,14.978485106999999,15.207564354000001
1738,O,o*,-0.81999999284744263,3.7060506339999999,12.83971405,6.4543738370000003
1739,O,o*,-0.81999999284744263,8.4426422120000009,13.022429466,2.4745376110000001
1740,O,o*,-0.81999999284744263,1.2980694770000001,15.418306351,18.792982101
1741,O,o*,-0.81999999284744263,8.1359767909999992,13.075943947000001,13.600291252
1742,O,o*,-0.81999999284744263,1.639965653,14.986272811999999,7.8479251860000003
1743,O,oc11,-0.60000002384185791,5.6008305549999999,12.315798759,21.754085540999998
1744,O,oc11,-0.60000002384185791,5.512104034,12.255485535,4.6317958829999997
1745,O,oc11,-0.60000002384185791,6.0249905589999999,12.594997405999999,10.426484108
1746,O,o*,-0.81999999284744263,5.2315602300000004,12.362318039,15.71389389
1747,H,h*,0.40999999642372131,4.4449710849999997,12.902906418000001,9.9813871380000005
1748,H,h*,0.40999999642372131,3.5721201900000001,14.121614456,10.152090073
1749,H,h*,0.40999999642372131,5.9762473109999998,14.037465096,15.392885207999999
1750,H,h*,0.40999999642372131,5.2911567689999996,15.354187964999999,15.273311615000001
1751,H,h*,0.40999999642372131,3.8431663509999998,13.784285544999999,6.2109775540000003
1752,H,h*,0.40999999642372131,4.4381065370000004,12.445721625999999,5.9148554799999999
1753,H,h*,0.40999999642372131,8.1167249679999998,12.470211983,1.718625665
1754,H,h*,0.40999999642372131,8.146611214,12.453284264000001,3.2307958600000002
1755,H,h*,0.40999999642372131,1.9598630669999999,15.866066933000001,18.209787369000001
1756,H,h*,0.40999999642372131,1.561259151,15.838240623000001,19.650115967000001
1757,H,h*,0.40999999642372131,7.6066884989999997,12.419055939,13.0776968
1758,H,h*,0.40999999642372131,9.0493822099999992,12.865516662999999,13.298969269000001
1759,H,h*,0.40999999642372131,0.71974748399999999,15.327543259,7.9368410110000003
1760,H,h*,0.40999999642372131,2.1480407709999998,15.701048850999999,8.3096504210000006
1761,H,h*,0.40999999642372131,5.2876391409999997,15.213599205,11.495748519999999
1762,H,h*,0.40999999642372131,6.155843258,13.991876602,11.323945045
1763,H,h*,0.40999999642372131,4.8006615640000003,12.104768753,14.864315033
1764,H,h*,0.40999999642372131,5.4716153140000001,11.465420722999999,16.040954589999998
1765,H,hoc,0.34999999403953552,2.0037519929999998,12.403114319,11.492242813000001
1766,H,hoc,0.34999999403953552,-2.0806331629999999,10.110509872,6.151521206
1767,H,hoc,0.34999999403953552,2.0603275299999999,12.437105179,15.341668129
1768,H,hoc,0.34999999403953552,-2.1293993000000002,10.179196358,9.9977159499999999
1769,Ca,ca+e,1.6000000238418579,9.6254634859999992,14.789270401,8.0761470790000001
1770,Ca,ca+e,1.6000000238418579,0.053363197000000001,13.394815445000001,13.435070992
1771,O,oc8,-0.89999997615814209,0.016047120000000002,12.757881165000001,9.5674867629999998
1772,O,oc5,-0.89999997615814209,-0.089114681000000001,9.7607641219999994,11.936125755000001
1773,O,oc5,-0.89999997615814209,-0.025417750999999999,12.759849548,6.5769176480000002
1774,O,oc10,-0.89999997615814209,0.011223059000000001,9.7653799059999997,14.940231323000001
1775,O,o*,-0.81999999284744263,0.010165627999999999,15.337928772,11.709644318
1776,O,o*,-0.81999999284744263,9.6912307739999992,12.843422889999999,9.769458771
1777,O,o*,-0.81999999284744263,0.076804577999999998,15.348849296999999,15.167505264000001
1778,O,o*,-0.81999999284744263,-0.60251533999999995,7.2727193830000001,6.4513087269999998
1779,O,o*,-0.81999999284744263,7.1138701439999998,20.014123916999999,2.4486446380000002
1780,O,o*,-0.81999999284744263,3.0272223949999999,8.0705738070000006,18.836357116999999
1781,O,o*,-0.81999999284744263,7.2470655439999998,20.145093918000001,13.486528397000001
1782,O,o*,-0.81999999284744263,2.4085602760000002,7.8883857730000004,7.7195644379999999
1783,O,oc11,-0.60000002384185791,7.885967731,11.503748893999999,21.795822143999999
1784,O,oc11,-0.60000002384185791,7.8325462339999996,11.58646965,4.6233205799999997
1785,O,oc11,-0.60000002384185791,7.8624787329999997,11.004361153,10.365646362
1786,O,o*,-0.81999999284744263,8.0650186539999993,11.779039383000001,16.186504364000001
1787,H,h*,0.40999999642372131,8.9639616009999994,12.196228027,9.9573926929999992
1788,H,h*,0.40999999642372131,10.452666282999999,12.341810226,10.15967083
1789,H,h*,0.40999999642372131,-0.58203422999999999,15.993065833999999,15.513804435999999
1790,H,h*,0.40999999642372131,0.87921410799999999,15.931225777,15.217470169
1791,H,h*,0.40999999642372131,-1.3280406,6.8609495159999998,5.9166173930000001
1792,H,h*,0.40999999642372131,0.10563882400000001,6.6266961100000001,6.2285385130000002
1793,H,h*,0.40999999642372131,6.7306790349999996,20.515432358000002,3.2140419480000002
1794,H,h*,0.40999999642372131,6.7886400220000001,20.578350066999999,1.7016673090000001
1795,H,h*,0.40999999642372131,3.0889644619999999,7.2742986680000001,18.254085540999998
1796,H,h*,0.40999999642372131,3.238989353,7.6336059570000003,19.698690414000001
1797,H,h*,0.40999999642372131,6.6121969219999999,19.463369369999999,13.167042732000001
1798,H,h*,0.40999999642372131,6.9601140020000001,20.939512253,12.965379714999999
1799,H,h*,0.40999999642372131,2.752483368,7.1371603009999998,8.2698202129999991
1800,H,h*,0.40999999642372131,3.1231999400000001,8.5539159770000008,7.8626589779999998
1801,H,h*,0.40999999642372131,-0.74080944100000001,15.821668624999999,11.280682563999999
1802,H,h*,0.40999999642372131,0.74994462699999997,15.956663131999999,11.479640960999999
1803,H,h*,0.40999999642372131,7.6275177000000003,12.370926857000001,16.846147537
1804,H,h*,0.40999999642372131,7.8845658299999997,12.289944649000001,15.359796524
1805,H,hoc,0.34999999403953552,-0.074841797000000002,8.9146289830000001,11.512286186000001
1806,H,hoc,0.34999999403953552,-0.042712792999999999,13.614534378,6.168580532
1807,H,hoc,0.34999999403953552,0.008739218,8.9174728390000002,15.361228943
1808,H,hoc,0.34999999403953552,0.024540982999999999,13.605591774000001,9.9896421429999993
1809,Ca,ca+e,1.6000000238418579,11.592187880999999,18.010232925,18.816135406000001
1810,Ca,ca+e,1.6000000238418579,-1.801997066,10.143392563000001,2.6705775260000002
1811,O,oc9,-0.89999997615814209,8.521008492,16.086418152,-1.181969762
1812,O,oc6,-0.89999997615814209,11.035227775999999,17.688117981000001,1.207429171
1813,O,oc6,-0.89999997615814209,8.5039548870000008,16.134778976,17.326152801999999
1814,O,oc9,-0.89999997615814209,11.032588959,17.651163101000002,4.2130103109999997
1815,O,o*,-0.81999999284744263,-3.4608771800000002,9.1553678509999994,0.93269521
1816,O,o*,-0.81999999284744263,13.206230164000001,18.998950958000002,20.564767838000002
1817,O,o*,-0.81999999284744263,-3.4858367440000002,9.1383409499999999,4.3818497660000002
1818,O,o*,-0.81999999284744263,13.05755806,19.298261642,17.187791824000001
1819,O,o*,-0.81999999284744263,-4.0229244230000001,12.023547173000001,13.188404083
1820,O,o*,-0.81999999284744263,13.940649033,15.895006179999999,8.1027259829999991
1821,O,o*,-0.81999999284744263,-4.0119667049999999,11.778167724999999,2.5294678209999999
1822,O,o*,-0.81999999284744263,13.820735931,16.461204529,18.666492462000001
1823,O,oc11,-0.60000002384185791,13.464755058,9.9315919879999992,11.010802268999999
1824,O,oc11,-0.60000002384185791,13.406593322999999,9.9081478119999993,15.364478111
1825,O,oc11,-0.60000002384185791,13.940010071,10.213151932000001,-0.32368952000000001
1826,O,o*,-0.81999999284744263,13.332003593,9.6927595140000005,5.2381410600000002
1827,H,h*,0.40999999642372131,13.424774169999999,19.948154449,20.745685577
1828,H,h*,0.40999999642372131,14.032877922000001,18.574190139999999,20.910713196
1829,H,h*,0.40999999642372131,-3.610093832,8.1557092670000007,4.4472246169999998
1830,H,h*,0.40999999642372131,-4.3661785130000004,9.4091939930000006,4.7302169799999998
1831,H,h*,0.40999999642372131,13.875049591,18.872550963999998,16.835691451999999
1832,H,h*,0.40999999642372131,13.092757225,20.13359642,16.656185149999999
1833,H,h*,0.40999999642372131,-4.6716079710000002,12.013575554000001,12.43927002
1834,H,h*,0.40999999642372131,-4.6521701809999998,12.064169884,13.953650475
1835,H,h*,0.40999999642372131,14.443969727000001,15.922334671,8.9545259480000006
1836,H,h*,0.40999999642372131,14.658374786,16.216691970999999,7.5044889450000003
1837,H,h*,0.40999999642372131,-3.7609164709999998,12.687099457,2.247094631
1838,H,h*,0.40999999642372131,-4.8721599580000001,11.652108192,2.0521998410000002
1839,H,h*,0.40999999642372131,13.687240600999999,15.487182617,18.727010727
1840,H,h*,0.40999999642372131,14.719900130999999,16.551895141999999,19.070478438999999
1841,H,h*,0.40999999642372131,-4.2600536350000002,9.5802173610000008,0.52969205399999997
1842,H,h*,0.40999999642372131,-3.6464288229999999,8.2102127080000002,0.69790720900000003
1843,H,h*,0.40999999642372131,12.565242767000001,10.074968338,5.7283253670000001
1844,H,h*,0.40999999642372131,12.873655318999999,9.4531621930000007,4.3947277070000004
1845,H,hoc,0.34999999403953552,11.779766083,18.092824936,0.78699260999999998
1846,H,hoc,0.34999999403953552,7.751775265,15.727185249,16.918989182000001
1847,H,hoc,0.34999999403953552,11.763257027,18.075294495000001,4.6398601529999999
1848,H,hoc,0.34999999403953552,7.7901067729999998,15.651980399999999,-0.764959693
1849,Ca,ca+e,1.6000000238418579,-1.8300045730000001,12.264945984000001,18.819103241000001
1850,Ca,ca+e,1.6000000238418579,11.624644279,15.884592056000001,2.7135405540000002
1851,O,oc10,-0.89999997615814209,11.12068367,16.183727264000002,-1.1654543879999999
1852,O,oc7,-0.89999997615814209,8.4594354630000002,17.586061478000001,1.1859411
1853,O,oc5,-0.89999997615814209,11.091259002999999,16.161817550999999,17.305372238
1854,O,oc10,-0.89999997615814209,8.431001663,17.644916534,4.188868523
1855,O,o*,-0.81999999284744263,13.320003509999999,14.880393981999999,1.021998763
1856,O,o*,-0.81999999284744263,-3.5162179469999999,13.196217537000001,20.538789748999999
1857,O,o*,-0.81999999284744263,13.295608521,14.978485106999999,4.4675641060000002
1858,O,o*,-0.81999999284744263,-3.7060563559999999,12.83971405,17.194374084
1859,O,o*,-0.81999999284744263,11.06025219,13.022429466,13.214537621
1860,O,o*,-0.81999999284744263,-1.298075557,15.418307304000001,8.0529832839999997
1861,O,o*,-0.81999999284744263,11.36691761,13.075943947000001,2.860291004
1862,O,o*,-0.81999999284744263,-1.639971614,14.986272811999999,18.587924956999998
1863,O,oc11,-0.60000002384185791,13.902064322999999,12.315798759,11.014084816
1864,O,oc11,-0.60000002384185791,13.990790367000001,12.255485535,15.371795654
1865,O,oc11,-0.60000002384185791,13.47790432,12.594997405999999,-0.31351578200000002
1866,O,o*,-0.81999999284744263,14.271333694000001,12.362318039,4.9738936420000002
1867,H,h*,0.40999999642372131,-3.572125196,14.121614456,20.892089844000001
1868,H,h*,0.40999999642372131,-4.4449768069999998,12.902906418000001,20.721385955999999
1869,H,h*,0.40999999642372131,14.211737633,15.354187964999999,4.533311844
1870,H,h*,0.40999999642372131,13.526647568,14.037465096,4.6528854370000001
1871,H,h*,0.40999999642372131,-3.8431718350000001,13.784285544999999,16.950977325
1872,H,h*,0.40999999642372131,-4.4381122590000004,12.445721625999999,16.654855728000001
1873,H,h*,0.40999999642372131,11.356283188000001,12.453284264000001,13.970795631
1874,H,h*,0.40999999642372131,11.386169433999999,12.470211983,12.458625793
1875,H,h*,0.40999999642372131,-1.5612648730000001,15.838240623000001,8.9101161960000006
1876,H,h*,0.40999999642372131,-1.959868312,15.866066933000001,7.4697875979999999
1877,H,h*,0.40999999642372131,11.896205902,12.419055939,2.3376967909999999
1878,H,h*,0.40999999642372131,10.453512192,12.865516662999999,2.5589694980000002
1879,H,h*,0.40999999642372131,-0.71975219199999996,15.327543259,18.676839827999999
1880,H,h*,0.40999999642372131,-2.1480453009999998,15.701048850999999,19.049650192000001
1881,H,h*,0.40999999642372131,13.34705162,13.991876602,0.58394533400000004
1882,H,h*,0.40999999642372131,14.215255737,15.213599205,0.75574821199999997
1883,H,h*,0.40999999642372131,14.031279564,11.465421677,5.3009548190000002
1884,H,h*,0.40999999642372131,14.702233315000001,12.104768753,4.1243147850000001
1885,H,hoc,0.34999999403953552,7.7476925850000002,18.033113480000001,0.75224268400000005
1886,H,hoc,0.34999999403953552,11.832077979999999,15.740509986999999,16.891521453999999
1887,H,hoc,0.34999999403953552,7.6911168099999996,18.067106247000002,4.6016683580000004
1888,H,hoc,0.34999999403953552,11.880844116,15.809196472,-0.74228393999999998
1889,Al,ac2,1.2000000476837158,9.7167797090000008,16.885707855,10.749554634000001
1890,Ca,ca+e,1.6000000238418579,-1.840742946,12.380232811000001,8.076135635
1891,Ca,ca+e,1.6000000238418579,11.553441048,15.773392677,13.410577774
1892,O,oc10,-0.89999997615814209,10.981885910000001,16.086418152,9.5580301280000004
1893,O,oc7,-0.89999997615814209,8.4676666259999998,17.688117981000001,11.947429657000001
1894,O,oc7,-0.89999997615814209,10.998939514,16.134778976,6.5861525539999999
1895,O,oc8,-0.89999997615814209,8.4703054430000009,17.651163101000002,14.953010559000001
1896,O,o*,-0.81999999284744263,13.212321280999999,14.785367966000001,11.67269516
1897,O,o*,-0.81999999284744263,-3.4547851089999999,13.368950844,9.8247680660000007
1898,O,o*,-0.81999999284744263,13.237280846000001,14.768341063999999,15.121850014
1899,O,o*,-0.81999999284744263,-3.3061130049999998,13.668262481999999,6.4477910999999999
1900,O,o*,-0.81999999284744263,13.774368286,17.653547286999999,2.4484038350000001
1901,O,o*,-0.81999999284744263,-4.1892042160000003,10.265006065,18.842725754
1902,O,o*,-0.81999999284744263,13.763411522,17.408168793000002,13.269468307
1903,O,o*,-0.81999999284744263,-4.0692911150000004,10.831205368000001,7.9264931680000004
1904,O,oc11,-0.60000002384185791,-3.2005050179999999,16.892271042000001,19.778423309000001
1905,O,oc11,-0.60000002384185791,-3.2684009079999998,16.876821518,6.6139626500000004
1906,O,oc11,-0.60000002384185791,-3.2206161020000001,16.883712768999999,12.376851082
1907,O,oc11,-0.60000002384185791,-3.7133100030000001,15.561592102000001,21.750802994000001
1908,O,oc11,-0.60000002384185791,-3.655148268,15.538147926000001,4.6244783399999996
1909,O,oc11,-0.60000002384185791,-4.1885652540000002,15.843152046,10.41631031
1910,O,o*,-0.81999999284744263,-3.580558538,15.322759628,15.978141785
1911,S,s',0.60000002384185791,-3.2325656409999999,16.882915496999999,21.266866684
1912,S,s',0.60000002384185791,-3.2710235120000002,16.87828064,5.1271958350000002
1913,S,s',0.60000002384185791,-3.2539279460000001,16.895902633999999,10.891535759
1914,H,h*,0.40999999642372131,-3.6733300689999999,14.318154334999999,10.00568676
1915,H,h*,0.40999999642372131,-4.2814331049999996,12.944190979,10.170713425000001
1916,H,h*,0.40999999642372131,14.117623329000001,15.039194107,15.470216751000001
1917,H,h*,0.40999999642372131,13.361538887,13.785709381,15.187224388000001
1918,H,h*,0.40999999642372131,-3.341313124,14.503597259999999,5.9161858560000002
1919,H,h*,0.40999999642372131,-4.1236047740000004,13.242550850000001,6.0956912040000004
1920,H,h*,0.40999999642372131,14.423052788,17.643575668,1.69927001
1921,H,h*,0.40999999642372131,14.403614998,17.694169998,3.213650227
1922,H,h*,0.40999999642372131,-4.906930923,10.586691856,18.24448967
1923,H,h*,0.40999999642372131,-4.6925249100000004,10.292334557,19.694526671999999
1924,H,h*,0.40999999642372131,14.623604774,17.282108307000001,12.792200089
1925,H,h*,0.40999999642372131,13.512361525999999,18.317100525000001,12.987094879000001
1926,H,h*,0.40999999642372131,-3.935795546,9.8571825030000007,7.9870114330000002
1927,H,h*,0.40999999642372131,-4.9684562679999997,10.921894073000001,8.3304786679999996
1928,H,h*,0.40999999642372131,14.011497498000001,15.210217476,11.269692421
1929,H,h*,0.40999999642372131,13.397872925,13.840212822,11.437907219
1930,H,h*,0.40999999642372131,-2.813797712,15.704968451999999,16.468324661
1931,H,h*,0.40999999642372131,-3.122210264,15.083162308,15.134727478
1932,Al,ac2,1.2000000476837158,9.78042984,16.896608353000001,16.124525070000001
1933,H,hoc,0.34999999403953552,7.7231278420000002,18.092824936,11.526992798
1934,H,hoc,0.34999999403953552,11.751119614,15.727185249,6.1789889340000004
1935,H,hoc,0.34999999403953552,7.7396368979999997,18.075294495000001,15.379859924
1936,H,hoc,0.34999999403953552,11.712787627999999,15.651980399999999,9.9750404360000005
1937,Ca,ca+e,1.6000000238418579,11.581448555,17.894945145000001,8.0791025160000007
1938,Ca,ca+e,1.6000000238418579,-1.8732002969999999,10.254591941999999,13.453540801999999
1939,O,oc9,-0.89999997615814209,8.3822116849999997,16.183727264000002,9.5745458600000006
1940,O,oc6,-0.89999997615814209,11.043458939000001,17.586061478000001,11.925941466999999
1941,O,oc6,-0.89999997615814209,8.4116353989999997,16.161817550999999,6.5653729439999999
1942,O,oc9,-0.89999997615814209,11.071892738000001,17.644914626999999,14.928868294000001
1943,O,o*,-0.81999999284744263,-3.5685584549999998,9.2503938669999997,11.76199913
1944,O,o*,-0.81999999284744263,13.267663002000001,18.826217651,9.7987899780000003
1945,O,o*,-0.81999999284744263,-3.544163465,9.3484849929999996,15.207564354000001
1946,O,o*,-0.81999999284744263,13.457500458,18.469715118,6.4543738370000003
1947,O,o*,-0.81999999284744263,-1.3088082080000001,7.3924293519999997,2.4745376110000001
1948,O,o*,-0.81999999284744263,11.049519539,21.048307419,18.792982101
1949,O,o*,-0.81999999284744263,-1.6154736279999999,7.4459438320000002,13.600291252
1950,O,o*,-0.81999999284744263,11.391415596,20.616271973,7.8479251860000003
1951,O,oc11,-0.60000002384185791,-4.150619507,17.945798874000001,21.754085540999998
1952,O,oc11,-0.60000002384185791,-4.2393465040000002,17.885484694999999,4.6317958829999997
1953,O,oc11,-0.60000002384185791,-3.7264592649999999,18.224996567000002,10.426484108
1954,O,o*,-0.81999999284744263,-4.5198898319999996,17.992317199999999,15.71389389
1955,H,h*,0.40999999642372131,14.196421623000001,18.532905579000001,9.9813871380000005
1956,H,h*,0.40999999642372131,13.323570251,19.751615524000002,10.152090073
1957,H,h*,0.40999999642372131,-3.775202513,8.4074649810000004,15.392885207999999
1958,H,h*,0.40999999642372131,-4.4602937699999998,9.7241878509999999,15.273311615000001
1959,H,h*,0.40999999642372131,13.594615936,19.414285660000001,6.2109780309999998
1960,H,h*,0.40999999642372131,14.189557076,18.075721740999999,5.9148554799999999
1961,H,h*,0.40999999642372131,-1.634724498,6.8402118679999999,1.7186257840000001
1962,H,h*,0.40999999642372131,-1.604838252,6.823284149,3.2307958600000002
1963,H,h*,0.40999999642372131,11.711313248,21.496067047,18.209787369000001
1964,H,h*,0.40999999642372131,11.312708855,21.468240737999999,19.650115967000001
1965,H,h*,0.40999999642372131,-2.1447608470000001,6.7890563009999996,13.0776968
1966,H,h*,0.40999999642372131,-0.70206725599999997,7.235517025,13.298969269000001
1967,H,h*,0.40999999642372131,10.471197128,20.957542418999999,7.9368410110000003
1968,H,h*,0.40999999642372131,11.899490355999999,21.331048965000001,8.3096504210000006
1969,H,h*,0.40999999642372131,-4.4638109210000003,9.583599091,11.495748519999999
1970,H,h*,0.40999999642372131,-3.5956065650000002,8.3618764880000001,11.323945045
1971,H,h*,0.40999999642372131,-4.9507884979999996,17.734767913999999,14.864315033
1972,H,h*,0.40999999642372131,-4.2798347469999998,17.095420836999999,16.040954589999998
1973,H,hoc,0.34999999403953552,11.755202293,18.033113480000001,11.492242813000001
1974,H,hoc,0.34999999403953552,7.670816898,15.740509986999999,6.151521206
1975,H,hoc,0.34999999403953552,11.811778069000001,18.067106247000002,15.341668129
1976,H,hoc,0.34999999403953552,7.6220507619999998,15.809196472,9.9977159499999999
1977,Ca,ca+e,1.6000000238418579,-0.12598693399999999,9.159270287,8.0761470790000001
1978,Ca,ca+e,1.6000000238418579,9.8048133849999992,19.024814606,13.435071945000001
1979,O,oc8,-0.89999997615814209,9.7674970630000004,18.387882232999999,9.5674867629999998
1980,O,oc5,-0.89999997615814209,9.6623353959999996,15.390764236000001,11.936125755000001
1981,O,oc5,-0.89999997615814209,9.726032257,18.389850616,6.5769176480000002
1982,O,oc10,-0.89999997615814209,9.7626733780000006,15.395380019999999,14.940231323000001
1983,O,o*,-0.81999999284744263,9.7616157529999992,20.967927932999999,11.709644318
1984,O,o*,-0.81999999284744263,-0.060219641999999997,7.2134232520000001,9.769458771
1985,O,o*,-0.81999999284744263,9.8282547000000005,20.978849410999999,15.167505264000001
1986,O,o*,-0.81999999284744263,9.1489343640000005,12.902719498,6.4513087269999998
1987,O,o*,-0.81999999284744263,-2.6375796789999999,14.384124756,2.4486446380000002
1988,O,o*,-0.81999999284744263,12.778672218000001,13.700573921,18.836357116999999
1989,O,o*,-0.81999999284744263,-2.504383802,14.515094757,13.486528397000001
1990,O,o*,-0.81999999284744263,12.160010337999999,13.518385887000001,7.7195644379999999
1991,O,oc11,-0.60000002384185791,-1.8654812569999999,17.133749007999999,21.795822143999999
1992,O,oc11,-0.60000002384185791,-1.9189041849999999,17.216470718,4.6233205799999997
1993,O,oc11,-0.60000002384185791,-1.888972163,16.634361266999999,10.365646362
1994,O,o*,-0.81999999284744263,-1.6864327189999999,17.409038544000001,16.186504364000001
1995,H,h*,0.40999999642372131,-0.78748786400000004,6.5662279129999996,9.9573926929999992
1996,H,h*,0.40999999642372131,0.70121681700000005,6.7118105889999997,10.15967083
1997,H,h*,0.40999999642372131,9.1694154739999991,21.623065948000001,15.513804435999999
1998,H,h*,0.40999999642372131,10.630663872,21.561225890999999,15.217470169
1999,H,h*,0.40999999642372131,8.4234094620000004,12.490949630999999,5.9166173930000001
2000,H,h*,0.40999999642372131,9.8570890430000002,12.256696700999999,6.2285385130000002
2001,H,h*,0.40999999642372131,-3.020771742,14.885433196999999,3.2140419480000002
2002,H,h*,0.40999999642372131,-2.9628093240000002,14.948350906,1.7016673090000001
2003,H,h*,0.40999999642372131,12.840415001,12.904298782,18.254085540999998
2004,H,h*,0.40999999642372131,12.990439415000001,13.263606071,19.698690414000001
2005,H,h*,0.40999999642372131,-3.1392524239999999,13.833369254999999,13.167042732000001
2006,H,h*,0.40999999642372131,-2.791336775,15.309513092,12.965379714999999
2007,H,h*,0.40999999642372131,12.503932953,12.767160415999999,8.2698202129999991
2008,H,h*,0.40999999642372131,12.874650001999999,14.183916092,7.8626589779999998
2009,H,h*,0.40999999642372131,9.0106401439999999,21.451667786000002,11.280682563999999
2010,H,h*,0.40999999642372131,10.501394272000001,21.586664200000001,11.479640960999999
2011,H,h*,0.40999999642372131,-2.1239325999999998,18.000926970999998,16.846147537
2012,H,h*,0.40999999642372131,-1.866885066,17.919944763,15.359796524
2013,H,hoc,0.34999999403953552,9.6766080859999999,14.544629097,11.512286186000001
2014,H,hoc,0.34999999403953552,9.7087373729999999,19.244533538999999,6.168580532
2015,H,hoc,0.34999999403953552,9.7601890559999998,14.547472954,15.361228943
2016,H,hoc,0.34999999403953552,9.7759914400000003,19.235591887999998,9.9896421429999993
2017,Ca,ca+e,1.6000000238418579,1.8407374620000001,12.380232811000001,40.296134948999999
2018,Ca,ca+e,1.6000000238418579,7.9494528769999997,15.773392677,24.150577545000001
2019,O,oc9,-0.89999997615814209,-1.23044157,10.456418037000001,20.298030853
2020,O,oc6,-0.89999997615814209,1.283777833,12.058116912999999,22.687429428000002
2021,O,oc6,-0.89999997615814209,-1.2474949360000001,10.504778862,38.806152343999997
2022,O,oc9,-0.89999997615814209,1.281139016,12.021162987,25.69301033
2023,O,o*,-0.81999999284744263,6.2905731200000004,14.785367012,22.412694931000001
2024,O,o*,-0.81999999284744263,3.454780102,13.36894989,42.044769287000001
2025,O,o*,-0.81999999284744263,6.2656130790000004,14.768341063999999,25.861848831
2026,O,o*,-0.81999999284744263,3.306108236,13.668261528,38.667793273999997
2027,O,o*,-0.81999999284744263,5.7285261150000002,17.653547286999999,34.668403625000003
2028,O,o*,-0.81999999284744263,4.1891989709999997,10.265006065,29.582725525000001
2029,O,o*,-0.81999999284744263,5.7394828799999997,17.408168793000002,24.009468079000001
2030,O,o*,-0.81999999284744263,4.0692853930000004,10.831205368000001,40.146492004000002
2031,O,oc11,-0.60000002384185791,3.7133045199999999,15.561591148,32.490802764999998
2032,O,oc11,-0.60000002384185791,3.6551432610000001,15.538146973,36.844478606999999
2033,O,oc11,-0.60000002384185791,4.1885600089999997,15.843151092999999,21.156311035000002
2034,O,o*,-0.81999999284744263,3.5805535320000001,15.322759628,26.718141555999999
2035,H,h*,0.40999999642372131,3.673324585,14.318153381,42.225685120000001
2036,H,h*,0.40999999642372131,4.28142786,12.944190024999999,42.390712737999998
2037,H,h*,0.40999999642372131,6.1413559910000002,13.785709381,25.927225112999999
2038,H,h*,0.40999999642372131,5.3852715489999996,15.039194107,26.210216522
2039,H,h*,0.40999999642372131,4.1235990520000003,13.242550850000001,38.315692902000002
2040,H,h*,0.40999999642372131,3.3413071630000002,14.503597259999999,38.136184692
2041,H,h*,0.40999999642372131,5.0798420909999997,17.643575668,33.919269561999997
2042,H,h*,0.40999999642372131,5.0992798810000002,17.694169998,35.433650970000002
2043,H,h*,0.40999999642372131,4.6925191880000003,10.292334557,30.434526442999999
2044,H,h*,0.40999999642372131,4.906925201,10.586691856,28.984489441000001
2045,H,h*,0.40999999642372131,5.9905333519999999,18.317100525000001,23.727094650000002
2046,H,h*,0.40999999642372131,4.8792901039999999,17.282108307000001,23.532199859999999
2047,H,h*,0.40999999642372131,3.9357900620000001,9.8571825030000007,40.207012177000003
2048,H,h*,0.40999999642372131,4.9684505459999997,10.921894073000001,40.550479889000002
2049,H,h*,0.40999999642372131,5.4913969040000001,15.210217476,22.009691237999998
2050,H,h*,0.40999999642372131,6.1050214770000002,13.840212822,22.177907944000001
2051,H,h*,0.40999999642372131,2.8137929439999998,15.704968451999999,27.208324432000001
2052,H,h*,0.40999999642372131,3.1222050189999999,15.083162308,25.874727248999999
2053,H,hoc,0.34999999403953552,2.0283164980000001,12.462824821,22.266992568999999
2054,H,hoc,0.34999999403953552,-1.9996747969999999,10.097185135,38.398990630999997
2055,H,hoc,0.34999999403953552,2.0118074419999998,12.44529438,26.119859694999999
2056,H,hoc,0.34999999403953552,-1.9613434080000001,10.021980286,20.715040207000001
2057,Ca,ca+e,1.6000000238418579,7.9214458470000002,17.894945145000001,40.299102783000002
2058,Ca,ca+e,1.6000000238418579,1.8731943369999999,10.254591941999999,24.193540573
2059,O,oc10,-0.89999997615814209,1.369233251,10.55372715,20.314544678000001
2060,O,oc7,-0.89999997615814209,-1.2920147179999999,11.956061363,22.665941237999998
2061,O,oc5,-0.89999997615814209,1.339808702,10.531817436000001,38.785373688
2062,O,oc10,-0.89999997615814209,-1.320448399,12.014915466,25.668869018999999
2063,O,o*,-0.81999999284744263,3.5685529709999999,9.2503929140000007,22.501998901
2064,O,o*,-0.81999999284744263,6.2352318760000003,18.826217651,42.018791198999999
2065,O,o*,-0.81999999284744263,3.5441584590000001,9.3484849929999996,25.947563170999999
2066,O,o*,-0.81999999284744263,6.0453939439999997,18.469713210999998,38.674373627000001
2067,O,o*,-0.81999999284744263,1.3088020090000001,7.3924293519999997,34.694538115999997
2068,O,o*,-0.81999999284744263,8.4533748630000005,21.048307419,29.532983779999999
2069,O,o*,-0.81999999284744263,1.615468025,7.4459438320000002,24.340290069999998
2070,O,o*,-0.81999999284744263,8.1114788059999992,20.616271973,40.067924499999997
2071,O,oc11,-0.60000002384185791,4.1506142620000004,17.945798874000001,32.494083404999998
2072,O,oc11,-0.60000002384185791,4.2393403049999998,17.885484694999999,36.851795197000001
2073,O,oc11,-0.60000002384185791,3.7264540199999998,18.224996567000002,21.166484832999998
2074,O,o*,-0.81999999284744263,4.5198841090000004,17.992317199999999,26.453893660999999
2075,H,h*,0.40999999642372131,6.1793241500000002,19.751613617,42.372089385999999
2076,H,h*,0.40999999642372131,5.3064732550000002,18.532905579000001,42.201385498
2077,H,h*,0.40999999642372131,4.4602875710000003,9.7241878509999999,26.013311386000002
2078,H,h*,0.40999999642372131,3.7751972679999999,8.4074649810000004,26.132884979
2079,H,h*,0.40999999642372131,5.908277988,19.414285660000001,38.430976868000002
2080,H,h*,0.40999999642372131,5.3133378029999996,18.075721740999999,38.134857177999997
2081,H,h*,0.40999999642372131,1.6048336030000001,6.8232836719999996,35.450794219999999
2082,H,h*,0.40999999642372131,1.6347193719999999,6.8402118679999999,33.938625336000001
2083,H,h*,0.40999999642372131,8.1901855470000005,21.468240737999999,30.390115737999999
2084,H,h*,0.40999999642372131,7.7915816309999997,21.496067047,28.949787140000002
2085,H,h*,0.40999999642372131,2.1447563170000001,6.7890563009999996,23.817697525
2086,H,h*,0.40999999642372131,0.70206201099999999,7.2355165479999997,24.038969040000001
2087,H,h*,0.40999999642372131,9.0316972730000007,20.957542418999999,40.156841278000002
2088,H,h*,0.40999999642372131,7.6034035680000001,21.331048965000001,40.529651641999997
2089,H,h*,0.40999999642372131,3.5956010819999999,8.3618764880000001,22.06394577
2090,H,h*,0.40999999642372131,4.4638056759999998,9.583599091,22.235748291
2091,H,h*,0.40999999642372131,4.2798295020000001,17.095420836999999,26.780954360999999
2092,H,h*,0.40999999642372131,4.9507827759999996,17.734767913999999,25.604314804000001
2093,H,hoc,0.34999999403953552,-2.0037574770000002,12.403114319,22.232242584000002
2094,H,hoc,0.34999999403953552,2.0806276800000001,10.110509872,38.371520996000001
2095,H,hoc,0.34999999403953552,-2.0603330139999998,12.437105179,26.081668854
2096,H,hoc,0.34999999403953552,2.1293938159999999,10.179196358,20.737716675000001
2097,Al,ac2,1.2000000476837158,-0.034670650999999997,11.255707741,32.229553223000003
2098,Ca,ca+e,1.6000000238418579,7.9107069970000001,18.010232925,29.556135178000002
2099,Ca,ca+e,1.6000000238418579,1.801991463,10.143392563000001,34.890579224
2100,O,oc10,-0.89999997615814209,1.230436087,10.456418037000001,31.038030624000001
2101,O,oc7,-0.89999997615814209,-1.2837833169999999,12.058116912999999,33.427429199000002
2102,O,oc7,-0.89999997615814209,1.2474894519999999,10.504778862,28.066152573
2103,O,oc8,-0.89999997615814209,-1.2811444999999999,12.021162987,36.433010101000001
2104,O,o*,-0.81999999284744263,3.4608714580000002,9.1553678509999994,33.152694701999998
2105,O,o*,-0.81999999284744263,6.2966647150000004,18.998950958000002,31.304767608999999
2106,O,o*,-0.81999999284744263,3.485831261,9.1383409499999999,36.601848601999997
2107,O,o*,-0.81999999284744263,6.4453363420000001,19.298261642,27.927791594999999
2108,O,o*,-0.81999999284744263,4.0229182239999997,12.023547173000001,23.928403853999999
2109,O,o*,-0.81999999284744263,5.5622453690000002,15.895006179999999,40.322727202999999
2110,O,o*,-0.81999999284744263,4.0119614600000002,11.778167724999999,34.749469757
2111,O,o*,-0.81999999284744263,5.6821589469999996,16.461204529,29.406492233000002
2112,O,oc11,-0.60000002384185791,6.5509443279999999,11.262269974000001,41.258422852000002
2113,O,oc11,-0.60000002384185791,6.4830498700000003,11.24682045,28.093961715999999
2114,O,oc11,-0.60000002384185791,6.5308346750000004,11.2537117,33.856849670000003
2115,O,oc11,-0.60000002384185791,6.0381398199999996,9.9315919879999992,43.230804442999997
2116,O,oc11,-0.60000002384185791,6.0963010789999998,9.9081478119999993,26.104478835999998
2117,O,oc11,-0.60000002384185791,5.5628848079999997,10.213151932000001,31.896310805999999
2118,O,o*,-0.81999999284744263,6.1708912849999997,9.6927595140000005,37.458141327
2119,S,s',0.60000002384185791,6.5188841819999999,11.252916336,42.746868134000003
2120,S,s',0.60000002384185791,6.4804267879999999,11.248279572,26.607194901
2121,S,s',0.60000002384185791,6.4975228310000004,11.265902519000001,32.371536255000002
2122,H,h*,0.40999999642372131,6.0781202319999998,19.948154449,31.485687255999999
2123,H,h*,0.40999999642372131,5.4700164789999999,18.574190139999999,31.650712967
2124,H,h*,0.40999999642372131,4.3661727910000003,9.4091939930000006,36.950218200999998
2125,H,h*,0.40999999642372131,3.6100888250000001,8.1557092670000007,36.667224883999999
2126,H,h*,0.40999999642372131,6.4101376529999996,20.13359642,27.396184921
2127,H,h*,0.40999999642372131,5.6278452870000004,18.872550963999998,27.575691223
2128,H,h*,0.40999999642372131,4.6716022490000002,12.013575554000001,23.179269790999999
2129,H,h*,0.40999999642372131,4.6521649360000001,12.064169884,24.693649292
2130,H,h*,0.40999999642372131,4.8445191379999999,16.216691970999999,39.724491119
2131,H,h*,0.40999999642372131,5.0589251519999996,15.922334671,41.174526215
2132,H,h*,0.40999999642372131,4.8721542360000001,11.652108192,34.272201537999997
2133,H,h*,0.40999999642372131,3.7609112260000002,12.687099457,34.467094420999999
2134,H,h*,0.40999999642372131,5.8156542780000002,15.487182617,29.467010498
2135,H,h*,0.40999999642372131,4.7829942699999997,16.551895141999999,29.810478209999999
2136,H,h*,0.40999999642372131,4.2600474359999998,9.5802173610000008,32.749691009999999
2137,H,h*,0.40999999642372131,3.6464231009999999,8.2102127080000002,32.917907714999998
2138,H,h*,0.40999999642372131,6.9376516339999998,10.074968338,37.948326111
2139,H,h*,0.40999999642372131,6.6292395590000002,9.4531621930000007,36.614727019999997
2140,Al,ac2,1.2000000476837158,0.028979386999999999,11.266608238,37.60452652
2141,H,hoc,0.34999999403953552,-2.0283219809999999,12.462824821,33.006992339999996
2142,H,hoc,0.34999999403953552,1.9996693130000001,10.097185135,27.658988953000001
2143,H,hoc,0.34999999403953552,-2.0118129250000001,12.44529438,36.859859467
2144,H,hoc,0.34999999403953552,1.961337924,10.021980286,31.455039977999999
2145,Ca,ca+e,1.6000000238418579,1.8299984929999999,12.264945984000001,29.559103012000001
2146,Ca,ca+e,1.6000000238418579,7.8782501219999999,15.884592056000001,34.933540344000001
2147,O,oc9,-0.89999997615814209,-1.3692387340000001,10.55372715,31.054546355999999
2148,O,oc6,-0.89999997615814209,1.292009234,11.956061363,33.405941009999999
2149,O,oc6,-0.89999997615814209,-1.3398141859999999,10.531817436000001,28.045372009000001
2150,O,oc9,-0.89999997615814209,1.320442796,12.014915466,36.408866881999998
2151,O,o*,-0.81999999284744263,6.182891369,14.880393028,33.242000580000003
2152,O,o*,-0.81999999284744263,3.516212463,13.196217537000001,31.27878952
2153,O,o*,-0.81999999284744263,6.2072858809999998,14.978485106999999,36.687564850000001
2154,O,o*,-0.81999999284744263,3.7060506339999999,12.83971405,27.934373856000001
2155,O,o*,-0.81999999284744263,8.4426422120000009,13.022429466,23.954538345
2156,O,o*,-0.81999999284744263,1.2980694770000001,15.418306351,40.272983551000003
2157,O,o*,-0.81999999284744263,8.1359767909999992,13.075943947000001,35.080291748
2158,O,o*,-0.81999999284744263,1.639965653,14.986272811999999,29.327924727999999
2159,O,oc11,-0.60000002384185791,5.6008305549999999,12.315798759,43.234085082999997
2160,O,oc11,-0.60000002384185791,5.512104034,12.255485535,26.111795425
2161,O,oc11,-0.60000002384185791,6.0249905589999999,12.594997405999999,31.906484603999999
2162,O,o*,-0.81999999284744263,5.2315602300000004,12.362318039,37.193893433
2163,H,h*,0.40999999642372131,4.4449710849999997,12.902906418000001,31.461387634000001
2164,H,h*,0.40999999642372131,3.5721201900000001,14.121614456,31.632089615000002
2165,H,h*,0.40999999642372131,5.9762473109999998,14.037465096,36.872886657999999
2166,H,h*,0.40999999642372131,5.2911567689999996,15.354187964999999,36.753311156999999
2167,H,h*,0.40999999642372131,3.8431663509999998,13.784285544999999,27.690977097000001
2168,H,h*,0.40999999642372131,4.4381065370000004,12.445721625999999,27.394855498999998
2169,H,h*,0.40999999642372131,8.1167249679999998,12.470211983,23.198625565
2170,H,h*,0.40999999642372131,8.146611214,12.453284264000001,24.710796355999999
2171,H,h*,0.40999999642372131,1.9598630669999999,15.866066933000001,39.689788817999997
2172,H,h*,0.40999999642372131,1.561259151,15.838240623000001,41.130115508999999
2173,H,h*,0.40999999642372131,7.6066884989999997,12.419055939,34.557697296000001
2174,H,h*,0.40999999642372131,9.0493822099999992,12.865516662999999,34.778968810999999
2175,H,h*,0.40999999642372131,0.71974748399999999,15.327543259,29.416841507000001
2176,H,h*,0.40999999642372131,2.1480407709999998,15.701048850999999,29.789649962999999
2177,H,h*,0.40999999642372131,5.2876391409999997,15.213599205,32.975749968999999
2178,H,h*,0.40999999642372131,6.155843258,13.991876602,32.803943633999999
2179,H,h*,0.40999999642372131,4.8006615640000003,12.104768753,36.344314574999999
2180,H,h*,0.40999999642372131,5.4716153140000001,11.465420722999999,37.520954132
2181,H,hoc,0.34999999403953552,2.0037519929999998,12.403114319,32.972244263
2182,H,hoc,0.34999999403953552,-2.0806331629999999,10.110509872,27.631521225
2183,H,hoc,0.34999999403953552,2.0603275299999999,12.437105179,36.821666718000003
2184,H,hoc,0.34999999403953552,-2.1293993000000002,10.179196358,31.477716445999999
2185,Ca,ca+e,1.6000000238418579,9.6254634859999992,14.789270401,29.556146622
2186,Ca,ca+e,1.6000000238418579,0.053363197000000001,13.394815445000001,34.915069580000001
2187,O,oc8,-0.89999997615814209,0.016047120000000002,12.757881165000001,31.047487259
2188,O,oc5,-0.89999997615814209,-0.089114681000000001,9.7607641219999994,33.416126251000001
2189,O,oc5,-0.89999997615814209,-0.025417750999999999,12.759849548,28.056917191
2190,O,oc10,-0.89999997615814209,0.011223059000000001,9.7653799059999997,36.420230865000001
2191,O,o*,-0.81999999284744263,0.010165627999999999,15.337928772,33.189643859999997
2192,O,o*,-0.81999999284744263,9.6912307739999992,12.843422889999999,31.249458313000002
2193,O,o*,-0.81999999284744263,0.076804577999999998,15.348849296999999,36.647506714000002
2194,O,o*,-0.81999999284744263,-0.60251533999999995,7.2727193830000001,27.931308745999999
2195,O,o*,-0.81999999284744263,7.1138701439999998,20.014123916999999,23.928644179999999
2196,O,o*,-0.81999999284744263,3.0272223949999999,8.0705738070000006,40.316356659
2197,O,o*,-0.81999999284744263,7.2470655439999998,20.145093918000001,34.966529846
2198,O,o*,-0.81999999284744263,2.4085602760000002,7.8883857730000004,29.199563980000001
2199,O,oc11,-0.60000002384185791,7.885967731,11.503748893999999,43.275821686
2200,O,oc11,-0.60000002384185791,7.8325462339999996,11.58646965,26.103321075
2201,O,oc11,-0.60000002384185791,7.8624787329999997,11.004361153,31.845645905000001
2202,O,o*,-0.81999999284744263,8.0650186539999993,11.779039383000001,37.666503906000003
2203,H,h*,0.40999999642372131,8.9639616009999994,12.196228027,31.437393188000001
2204,H,h*,0.40999999642372131,10.452666282999999,12.341810226,31.639671325999998
2205,H,h*,0.40999999642372131,-0.58203422999999999,15.993065833999999,36.993804932000003
2206,H,h*,0.40999999642372131,0.87921410799999999,15.931225777,36.697471618999998
2207,H,h*,0.40999999642372131,-1.3280406,6.8609495159999998,27.396617889000002
2208,H,h*,0.40999999642372131,0.10563882400000001,6.6266961100000001,27.708538055000002
2209,H,h*,0.40999999642372131,6.7306790349999996,20.515432358000002,24.694042205999999
2210,H,h*,0.40999999642372131,6.7886400220000001,20.578350066999999,23.181667328
2211,H,h*,0.40999999642372131,3.0889644619999999,7.2742986680000001,39.734085082999997
2212,H,h*,0.40999999642372131,3.238989353,7.6336059570000003,41.178691864000001
2213,H,h*,0.40999999642372131,6.6121969219999999,19.463369369999999,34.647041321000003
2214,H,h*,0.40999999642372131,6.9601140020000001,20.939512253,34.445381165000001
2215,H,h*,0.40999999642372131,2.752483368,7.1371603009999998,29.749820709000002
2216,H,h*,0.40999999642372131,3.1231999400000001,8.5539159770000008,29.342658997000001
2217,H,h*,0.40999999642372131,-0.74080944100000001,15.821668624999999,32.760681151999997
2218,H,h*,0.40999999642372131,0.74994462699999997,15.956663131999999,32.959640503000003
2219,H,h*,0.40999999642372131,7.6275177000000003,12.370926857000001,38.326148987000003
2220,H,h*,0.40999999642372131,7.8845658299999997,12.289944649000001,36.839797974
2221,H,hoc,0.34999999403953552,-0.074841797000000002,8.9146289830000001,32.992286682
2222,H,hoc,0.34999999403953552,-0.042712792999999999,13.614534378,27.648580550999998
2223,H,hoc,0.34999999403953552,0.008739218,8.9174728390000002,36.841228485000002
2224,H,hoc,0.34999999403953552,0.024540982999999999,13.605591774000001,31.469642639
2225,Ca,ca+e,1.6000000238418579,11.592187880999999,18.010232925,40.296134948999999
2226,Ca,ca+e,1.6000000238418579,-1.801997066,10.143392563000001,24.150577545000001
2227,O,oc9,-0.89999997615814209,8.521008492,16.086418152,20.298030853
2228,O,oc6,-0.89999997615814209,11.035227775999999,17.688117981000001,22.687429428000002
2229,O,oc6,-0.89999997615814209,8.5039548870000008,16.134778976,38.806152343999997
2230,O,oc9,-0.89999997615814209,11.032588959,17.651163101000002,25.69301033
2231,O,o*,-0.81999999284744263,-3.4608771800000002,9.1553678509999994,22.412694931000001
2232,O,o*,-0.81999999284744263,13.206230164000001,18.998950958000002,42.044769287000001
2233,O,o*,-0.81999999284744263,-3.4858367440000002,9.1383409499999999,25.861848831
2234,O,o*,-0.81999999284744263,13.05755806,19.298261642,38.667793273999997
2235,O,o*,-0.81999999284744263,-4.0229244230000001,12.023547173000001,34.668403625000003
2236,O,o*,-0.81999999284744263,13.940649033,15.895006179999999,29.582725525000001
2237,O,o*,-0.81999999284744263,-4.0119667049999999,11.778167724999999,24.009468079000001
2238,O,o*,-0.81999999284744263,13.820735931,16.461204529,40.146492004000002
2239,O,oc11,-0.60000002384185791,13.464755058,9.9315919879999992,32.490802764999998
2240,O,oc11,-0.60000002384185791,13.406593322999999,9.9081478119999993,36.844478606999999
2241,O,oc11,-0.60000002384185791,13.940010071,10.213151932000001,21.156311035000002
2242,O,o*,-0.81999999284744263,13.332003593,9.6927595140000005,26.718141555999999
2243,H,h*,0.40999999642372131,13.424774169999999,19.948154449,42.225685120000001
2244,H,h*,0.40999999642372131,14.032877922000001,18.574190139999999,42.390712737999998
2245,H,h*,0.40999999642372131,-3.610093832,8.1557092670000007,25.927225112999999
2246,H,h*,0.40999999642372131,-4.3661785130000004,9.4091939930000006,26.210216522
2247,H,h*,0.40999999642372131,13.875049591,18.872550963999998,38.315692902000002
2248,H,h*,0.40999999642372131,13.092757225,20.13359642,38.136184692
2249,H,h*,0.40999999642372131,-4.6716079710000002,12.013575554000001,33.919269561999997
2250,H,h*,0.40999999642372131,-4.6521701809999998,12.064169884,35.433650970000002
2251,H,h*,0.40999999642372131,14.443969727000001,15.922334671,30.434526442999999
2252,H,h*,0.40999999642372131,14.658374786,16.216691970999999,28.984489441000001
2253,H,h*,0.40999999642372131,-3.7609164709999998,12.687099457,23.727094650000002
2254,H,h*,0.40999999642372131,-4.8721599580000001,11.652108192,23.532199859999999
2255,H,h*,0.40999999642372131,13.687240600999999,15.487182617,40.207012177000003
2256,H,h*,0.40999999642372131,14.719900130999999,16.551895141999999,40.550479889000002
2257,H,h*,0.40999999642372131,-4.2600536350000002,9.5802173610000008,22.009691237999998
2258,H,h*,0.40999999642372131,-3.6464288229999999,8.2102127080000002,22.177907944000001
2259,H,h*,0.40999999642372131,12.565242767000001,10.074968338,27.208324432000001
2260,H,h*,0.40999999642372131,12.873655318999999,9.4531621930000007,25.874727248999999
2261,H,hoc,0.34999999403953552,11.779766083,18.092824936,22.266992568999999
2262,H,hoc,0.34999999403953552,7.751775265,15.727185249,38.398990630999997
2263,H,hoc,0.34999999403953552,11.763257027,18.075294495000001,26.119859694999999
2264,H,hoc,0.34999999403953552,7.7901067729999998,15.651980399999999,20.715040207000001
2265,Ca,ca+e,1.6000000238418579,-1.8300045730000001,12.264945984000001,40.299102783000002
2266,Ca,ca+e,1.6000000238418579,11.624644279,15.884592056000001,24.193540573
2267,O,oc10,-0.89999997615814209,11.12068367,16.183727264000002,20.314544678000001
2268,O,oc7,-0.89999997615814209,8.4594354630000002,17.586061478000001,22.665941237999998
2269,O,oc5,-0.89999997615814209,11.091259002999999,16.161817550999999,38.785373688
2270,O,oc10,-0.89999997615814209,8.431001663,17.644916534,25.668869018999999
2271,O,o*,-0.81999999284744263,13.320003509999999,14.880393981999999,22.501998901
2272,O,o*,-0.81999999284744263,-3.5162179469999999,13.196217537000001,42.018791198999999
2273,O,o*,-0.81999999284744263,13.295608521,14.978485106999999,25.947563170999999
2274,O,o*,-0.81999999284744263,-3.7060563559999999,12.83971405,38.674373627000001
2275,O,o*,-0.81999999284744263,11.06025219,13.022429466,34.694538115999997
2276,O,o*,-0.81999999284744263,-1.298075557,15.418307304000001,29.532983779999999
2277,O,o*,-0.81999999284744263,11.36691761,13.075943947000001,24.340290069999998
2278,O,o*,-0.81999999284744263,-1.639971614,14.986272811999999,40.067924499999997
2279,O,oc11,-0.60000002384185791,13.902064322999999,12.315798759,32.494083404999998
2280,O,oc11,-0.60000002384185791,13.990790367000001,12.255485535,36.851795197000001
2281,O,oc11,-0.60000002384185791,13.47790432,12.594997405999999,21.166484832999998
2282,O,o*,-0.81999999284744263,14.271333694000001,12.362318039,26.453893660999999
2283,H,h*,0.40999999642372131,-3.572125196,14.121614456,42.372089385999999
2284,H,h*,0.40999999642372131,-4.4449768069999998,12.902906418000001,42.201385498
2285,H,h*,0.40999999642372131,14.211737633,15.354187964999999,26.013311386000002
2286,H,h*,0.40999999642372131,13.526647568,14.037465096,26.132884979
2287,H,h*,0.40999999642372131,-3.8431718350000001,13.784285544999999,38.430976868000002
2288,H,h*,0.40999999642372131,-4.4381122590000004,12.445721625999999,38.134857177999997
2289,H,h*,0.40999999642372131,11.356283188000001,12.453284264000001,35.450794219999999
2290,H,h*,0.40999999642372131,11.386169433999999,12.470211983,33.938625336000001
2291,H,h*,0.40999999642372131,-1.5612648730000001,15.838240623000001,30.390115737999999
2292,H,h*,0.40999999642372131,-1.959868312,15.866066933000001,28.949787140000002
2293,H,h*,0.40999999642372131,11.896205902,12.419055939,23.817697525
2294,H,h*,0.40999999642372131,10.453512192,12.865516662999999,24.038969040000001
2295,H,h*,0.40999999642372131,-0.71975219199999996,15.327543259,40.156841278000002
2296,H,h*,0.40999999642372131,-2.1480453009999998,15.701048850999999,40.529651641999997
2297,H,h*,0.40999999642372131,13.34705162,13.991876602,22.06394577
2298,H,h*,0.40999999642372131,14.215255737,15.213599205,22.235748291
2299,H,h*,0.40999999642372131,14.031279564,11.465421677,26.780954360999999
2300,H,h*,0.40999999642372131,14.702233315000001,12.104768753,25.604314804000001
2301,H,hoc,0.34999999403953552,7.7476925850000002,18.033113480000001,22.232242584000002
2302,H,hoc,0.34999999403953552,11.832077979999999,15.740509986999999,38.371520996000001
2303,H,hoc,0.34999999403953552,7.6911168099999996,18.067106247000002,26.081668854
2304,H,hoc,0.34999999403953552,11.880844116,15.809196472,20.737716675000001
2305,Al,ac2,1.2000000476837158,9.7167797090000008,16.885707855,32.229553223000003
2306,Ca,ca+e,1.6000000238418579,-1.840742946,12.380232811000001,29.556135178000002
2307,Ca,ca+e,1.6000000238418579,11.553441048,15.773392677,34.890579224
2308,O,oc10,-0.89999997615814209,10.981885910000001,16.086418152,31.038030624000001
2309,O,oc7,-0.89999997615814209,8.4676666259999998,17.688117981000001,33.427429199000002
2310,O,oc7,-0.89999997615814209,10.998939514,16.134778976,28.066152573
2311,O,oc8,-0.89999997615814209,8.4703054430000009,17.651163101000002,36.433010101000001
2312,O,o*,-0.81999999284744263,13.212321280999999,14.785367966000001,33.152694701999998
2313,O,o*,-0.81999999284744263,-3.4547851089999999,13.368950844,31.304767608999999
2314,O,o*,-0.81999999284744263,13.237280846000001,14.768341063999999,36.601848601999997
2315,O,o*,-0.81999999284744263,-3.3061130049999998,13.668262481999999,27.927791594999999
2316,O,o*,-0.81999999284744263,13.774368286,17.653547286999999,23.928403853999999
2317,O,o*,-0.81999999284744263,-4.1892042160000003,10.265006065,40.322727202999999
2318,O,o*,-0.81999999284744263,13.763411522,17.408168793000002,34.749469757
2319,O,o*,-0.81999999284744263,-4.0692911150000004,10.831205368000001,29.406492233000002
2320,O,oc11,-0.60000002384185791,-3.2005050179999999,16.892271042000001,41.258422852000002
2321,O,oc11,-0.60000002384185791,-3.2684009079999998,16.876821518,28.093961715999999
2322,O,oc11,-0.60000002384185791,-3.2206161020000001,16.883712768999999,33.856849670000003
2323,O,oc11,-0.60000002384185791,-3.7133100030000001,15.561592102000001,43.230804442999997
2324,O,oc11,-0.60000002384185791,-3.655148268,15.538147926000001,26.104478835999998
2325,O,oc11,-0.60000002384185791,-4.1885652540000002,15.843152046,31.896310805999999
2326,O,o*,-0.81999999284744263,-3.580558538,15.322759628,37.458141327
2327,S,s',0.60000002384185791,-3.2325656409999999,16.882915496999999,42.746868134000003
2328,S,s',0.60000002384185791,-3.2710235120000002,16.87828064,26.607194901
2329,S,s',0.60000002384185791,-3.2539279460000001,16.895902633999999,32.371536255000002
2330,H,h*,0.40999999642372131,-3.6733300689999999,14.318154334999999,31.485687255999999
2331,H,h*,0.40999999642372131,-4.2814331049999996,12.944190979,31.650712967
2332,H,h*,0.40999999642372131,14.117623329000001,15.039194107,36.950218200999998
2333,H,h*,0.40999999642372131,13.361538887,13.785709381,36.667224883999999
2334,H,h*,0.40999999642372131,-3.341313124,14.503597259999999,27.396184921
2335,H,h*,0.40999999642372131,-4.1236047740000004,13.242550850000001,27.575691223
2336,H,h*,0.40999999642372131,14.423052788,17.643575668,23.179269790999999
2337,H,h*,0.40999999642372131,14.403614998,17.694169998,24.693649292
2338,H,h*,0.40999999642372131,-4.906930923,10.586691856,39.724491119
2339,H,h*,0.40999999642372131,-4.6925249100000004,10.292334557,41.174526215
2340,H,h*,0.40999999642372131,14.623604774,17.282108307000001,34.272201537999997
2341,H,h*,0.40999999642372131,13.512361525999999,18.317100525000001,34.467094420999999
2342,H,h*,0.40999999642372131,-3.935795546,9.8571825030000007,29.467010498
2343,H,h*,0.40999999642372131,-4.9684562679999997,10.921894073000001,29.810478209999999
2344,H,h*,0.40999999642372131,14.011497498000001,15.210217476,32.749691009999999
2345,H,h*,0.40999999642372131,13.397872925,13.840212822,32.917907714999998
2346,H,h*,0.40999999642372131,-2.813797712,15.704968451999999,37.948326111
2347,H,h*,0.40999999642372131,-3.122210264,15.083162308,36.614727019999997
2348,Al,ac2,1.2000000476837158,9.78042984,16.896608353000001,37.60452652
2349,H,hoc,0.34999999403953552,7.7231278420000002,18.092824936,33.006992339999996
2350,H,hoc,0.34999999403953552,11.751119614,15.727185249,27.658988953000001
2351,H,hoc,0.34999999403953552,7.7396368979999997,18.075294495000001,36.859859467
2352,H,hoc,0.34999999403953552,11.712787627999999,15.651980399999999,31.455039977999999
2353,Ca,ca+e,1.6000000238418579,11.581448555,17.894945145000001,29.559103012000001
2354,Ca,ca+e,1.6000000238418579,-1.8732002969999999,10.254591941999999,34.933540344000001
2355,O,oc9,-0.89999997615814209,8.3822116849999997,16.183727264000002,31.054546355999999
2356,O,oc6,-0.89999997615814209,11.043458939000001,17.586061478000001,33.405941009999999
2357,O,oc6,-0.89999997615814209,8.4116353989999997,16.161817550999999,28.045372009000001
2358,O,oc9,-0.89999997615814209,11.071892738000001,17.644914626999999,36.408866881999998
2359,O,o*,-0.81999999284744263,-3.5685584549999998,9.2503938669999997,33.242000580000003
2360,O,o*,-0.81999999284744263,13.267663002000001,18.826217651,31.27878952
2361,O,o*,-0.81999999284744263,-3.544163465,9.3484849929999996,36.687564850000001
2362,O,o*,-0.81999999284744263,13.457500458,18.469715118,27.934373856000001
2363,O,o*,-0.81999999284744263,-1.3088082080000001,7.3924293519999997,23.954538345
2364,O,o*,-0.81999999284744263,11.049519539,21.048307419,40.272983551000003
2365,O,o*,-0.81999999284744263,-1.6154736279999999,7.4459438320000002,35.080291748
2366,O,o*,-0.81999999284744263,11.391415596,20.616271973,29.327924727999999
2367,O,oc11,-0.60000002384185791,-4.150619507,17.945798874000001,43.234085082999997
2368,O,oc11,-0.60000002384185791,-4.2393465040000002,17.885484694999999,26.111795425
2369,O,oc11,-0.60000002384185791,-3.7264592649999999,18.224996567000002,31.906484603999999
2370,O,o*,-0.81999999284744263,-4.5198898319999996,17.992317199999999,37.193893433
2371,H,h*,0.40999999642372131,14.196421623000001,18.532905579000001,31.461387634000001
2372,H,h*,0.40999999642372131,13.323570251,19.751615524000002,31.632089615000002
2373,H,h*,0.40999999642372131,-3.775202513,8.4074649810000004,36.872886657999999
2374,H,h*,0.40999999642372131,-4.4602937699999998,9.7241878509999999,36.753311156999999
2375,H,h*,0.40999999642372131,13.594615936,19.414285660000001,27.690977097000001
2376,H,h*,0.40999999642372131,14.189557076,18.075721740999999,27.394855498999998
2377,H,h*,0.40999999642372131,-1.634724498,6.8402118679999999,23.198625565
2378,H,h*,0.40999999642372131,-1.604838252,6.823284149,24.710796355999999
2379,H,h*,0.40999999642372131,11.711313248,21.496067047,39.689788817999997
2380,H,h*,0.40999999642372131,11.312708855,21.468240737999999,41.130115508999999
2381,H,h*,0.40999999642372131,-2.1447608470000001,6.7890563009999996,34.557697296000001
2382,H,h*,0.40999999642372131,-0.70206725599999997,7.235517025,34.778968810999999
2383,H,h*,0.40999999642372131,10.471197128,20.957542418999999,29.416841507000001
2384,H,h*,0.40999999642372131,11.899490355999999,21.331048965000001,29.789649962999999
2385,H,h*,0.40999999642372131,-4.4638109210000003,9.583599091,32.975749968999999
2386,H,h*,0.40999999642372131,-3.5956065650000002,8.3618764880000001,32.803943633999999
2387,H,h*,0.40999999642372131,-4.9507884979999996,17.734767913999999,36.344314574999999
2388,H,h*,0.40999999642372131,-4.2798347469999998,17.095420836999999,37.520954132
2389,H,hoc,0.34999999403953552,11.755202293,18.033113480000001,32.972244263
2390,H,hoc,0.34999999403953552,7.670816898,15.740509986999999,27.631521225
2391,H,hoc,0.34999999403953552,11.811778069000001,18.067106247000002,36.821666718000003
2392,H,hoc,0.34999999403953552,7.6220507619999998,15.809196472,31.477716445999999
2393,Ca,ca+e,1.6000000238418579,-0.12598693399999999,9.159270287,29.556146622
2394,Ca,ca+e,1.6000000238418579,9.8048133849999992,19.024814606,34.915073395
2395,O,oc8,-0.89999997615814209,9.7674970630000004,18.387882232999999,31.047487259
2396,O,oc5,-0.89999997615814209,9.6623353959999996,15.390764236000001,33.416126251000001
2397,O,oc5,-0.89999997615814209,9.726032257,18.389850616,28.056917191
2398,O,oc10,-0.89999997615814209,9.7626733780000006,15.395380019999999,36.420230865000001
2399,O,o*,-0.81999999284744263,9.7616157529999992,20.967927932999999,33.189643859999997
2400,O,o*,-0.81999999284744263,-0.060219641999999997,7.2134232520000001,31.249458313000002
2401,O,o*,-0.81999999284744263,9.8282547000000005,20.978849410999999,36.647506714000002
2402,O,o*,-0.81999999284744263,9.1489343640000005,12.902719498,27.931308745999999
2403,O,o*,-0.81999999284744263,-2.6375796789999999,14.384124756,23.928644179999999
2404,O,o*,-0.81999999284744263,12.778672218000001,13.700573921,40.316356659
2405,O,o*,-0.81999999284744263,-2.504383802,14.515094757,34.966529846
2406,O,o*,-0.81999999284744263,12.160010337999999,13.518385887000001,29.199563980000001
2407,O,oc11,-0.60000002384185791,-1.8654812569999999,17.133749007999999,43.275821686
2408,O,oc11,-0.60000002384185791,-1.9189041849999999,17.216470718,26.103321075
2409,O,oc11,-0.60000002384185791,-1.888972163,16.634361266999999,31.845645905000001
2410,O,o*,-0.81999999284744263,-1.6864327189999999,17.409038544000001,37.666503906000003
2411,H,h*,0.40999999642372131,-0.78748786400000004,6.5662279129999996,31.437393188000001
2412,H,h*,0.40999999642372131,0.70121681700000005,6.7118105889999997,31.639671325999998
2413,H,h*,0.40999999642372131,9.1694154739999991,21.623065948000001,36.993804932000003
2414,H,h*,0.40999999642372131,10.630663872,21.561225890999999,36.697471618999998
2415,H,h*,0.40999999642372131,8.4234094620000004,12.490949630999999,27.396617889000002
2416,H,h*,0.40999999642372131,9.8570890430000002,12.256696700999999,27.708538055000002
2417,H,h*,0.40999999642372131,-3.020771742,14.885433196999999,24.694042205999999
2418,H,h*,0.40999999642372131,-2.9628093240000002,14.948350906,23.181667328
2419,H,h*,0.40999999642372131,12.840415001,12.904298782,39.734085082999997
2420,H,h*,0.40999999642372131,12.990439415000001,13.263606071,41.178691864000001
2421,H,h*,0.40999999642372131,-3.1392524239999999,13.833369254999999,34.647041321000003
2422,H,h*,0.40999999642372131,-2.791336775,15.309513092,34.445381165000001
2423,H,h*,0.40999999642372131,12.503932953,12.767160415999999,29.749820709000002
2424,H,h*,0.40999999642372131,12.874650001999999,14.183916092,29.342658997000001
2425,H,h*,0.40999999642372131,9.0106401439999999,21.451667786000002,32.760681151999997
2426,H,h*,0.40999999642372131,10.501394272000001,21.586664200000001,32.959640503000003
2427,H,h*,0.40999999642372131,-2.1239325999999998,18.000926970999998,38.326148987000003
2428,H,h*,0.40999999642372131,-1.866885066,17.919944763,36.839797974
2429,H,hoc,0.34999999403953552,9.6766080859999999,14.544629097,32.992286682
2430,H,hoc,0.34999999403953552,9.7087373729999999,19.244533538999999,27.648580550999998
2431,H,hoc,0.34999999403953552,9.7601890559999998,14.547472954,36.841228485000002
2432,H,hoc,0.34999999403953552,9.7759914400000003,19.235591887999998,31.469642639
2433,Ca,ca+e,1.6000000238418579,1.8407374620000001,23.640232086000001,18.816135406000001
2434,Ca,ca+e,1.6000000238418579,7.9494528769999997,27.033391952999999,2.6705775260000002
2435,O,oc9,-0.89999997615814209,-1.23044157,21.716417313000001,-1.181969643
2436,O,oc6,-0.89999997615814209,1.283777833,23.318117141999998,1.207429171
2437,O,oc6,-0.89999997615814209,-1.2474949360000001,21.764778137,17.326152801999999
2438,O,oc9,-0.89999997615814209,1.281139016,23.281162261999999,4.2130103109999997
2439,O,o*,-0.81999999284744263,6.2905731200000004,26.045368194999998,0.93269521
2440,O,o*,-0.81999999284744263,3.454780102,24.628950118999999,20.564767838000002
2441,O,o*,-0.81999999284744263,6.2656130790000004,26.028341293,4.3818497660000002
2442,O,o*,-0.81999999284744263,3.306108236,24.928262710999999,17.187791824000001
2443,O,o*,-0.81999999284744263,5.7285261150000002,28.913547516000001,13.188404083
2444,O,o*,-0.81999999284744263,4.1891989709999997,21.525005341,8.1027259829999991
2445,O,o*,-0.81999999284744263,5.7394828799999997,28.668169022000001,2.5294678209999999
2446,O,o*,-0.81999999284744263,4.0692853930000004,22.091205596999998,18.666492462000001
2447,O,oc11,-0.60000002384185791,3.7133045199999999,26.821592331000002,11.010802268999999
2448,O,oc11,-0.60000002384185791,3.6551432610000001,26.798147201999999,15.364478111
2449,O,oc11,-0.60000002384185791,4.1885600089999997,27.103151320999999,-0.32368952000000001
2450,O,o*,-0.81999999284744263,3.5805535320000001,26.582759856999999,5.2381410600000002
2451,H,h*,0.40999999642372131,3.673324585,25.578153610000001,20.745685577
2452,H,h*,0.40999999642372131,4.28142786,24.204189301,20.910713196
2453,H,h*,0.40999999642372131,6.1413559910000002,25.045709609999999,4.4472246169999998
2454,H,h*,0.40999999642372131,5.3852715489999996,26.299194335999999,4.7302169799999998
2455,H,h*,0.40999999642372131,4.1235990520000003,24.502550124999999,16.835691451999999
2456,H,h*,0.40999999642372131,3.3413071630000002,25.763597487999998,16.656185149999999
2457,H,h*,0.40999999642372131,5.0798420909999997,28.903575897,12.43927002
2458,H,h*,0.40999999642372131,5.0992798810000002,28.954170226999999,13.953650475
2459,H,h*,0.40999999642372131,4.6925191880000003,21.552335739,8.9545259480000006
2460,H,h*,0.40999999642372131,4.906925201,21.846693039000002,7.5044889450000003
2461,H,h*,0.40999999642372131,5.9905333519999999,29.577100754,2.247094631
2462,H,h*,0.40999999642372131,4.8792901039999999,28.542108536000001,2.052199602
2463,H,h*,0.40999999642372131,3.9357900620000001,21.117181777999999,18.727010727
2464,H,h*,0.40999999642372131,4.9684505459999997,22.181894302,19.070478438999999
2465,H,h*,0.40999999642372131,5.4913969040000001,26.470216750999999,0.52969205399999997
2466,H,h*,0.40999999642372131,6.1050214770000002,25.100212097,0.69790720900000003
2467,H,h*,0.40999999642372131,2.8137929439999998,26.964969634999999,5.7283248899999997
2468,H,h*,0.40999999642372131,3.1222050189999999,26.343162537000001,4.3947277070000004
2469,H,hoc,0.34999999403953552,2.0283164980000001,23.722826004000002,0.78699260999999998
2470,H,hoc,0.34999999403953552,-1.9996747969999999,21.357185363999999,16.918989182000001
2471,H,hoc,0.34999999403953552,2.0118074419999998,23.705295563,4.6398601529999999
2472,H,hoc,0.34999999403953552,-1.9613434080000001,21.281980515000001,-0.764959693
2473,Ca,ca+e,1.6000000238418579,7.9214458470000002,29.154945374,18.819103241000001
2474,Ca,ca+e,1.6000000238418579,1.8731943369999999,21.514591217,2.7135405540000002
2475,O,oc10,-0.89999997615814209,1.369233251,21.813726424999999,-1.1654543879999999
2476,O,oc7,-0.89999997615814209,-1.2920147179999999,23.216062546,1.1859411
2477,O,oc5,-0.89999997615814209,1.339808702,21.791816710999999,17.305372238
2478,O,oc10,-0.89999997615814209,-1.320448399,23.274915695000001,4.188868523
2479,O,o*,-0.81999999284744263,3.5685529709999999,20.510393143000002,1.021998763
2480,O,o*,-0.81999999284744263,6.2352318760000003,30.08621788,20.538789748999999
2481,O,o*,-0.81999999284744263,3.5441584590000001,20.608484268000002,4.4675641060000002
2482,O,o*,-0.81999999284744263,6.0453939439999997,29.729713440000001,17.194374084
2483,O,o*,-0.81999999284744263,1.3088020090000001,18.652429581,13.214537621
2484,O,o*,-0.81999999284744263,8.4533748630000005,32.308307648000003,8.0529832839999997
2485,O,o*,-0.81999999284744263,1.615468025,18.705944061,2.860291004
2486,O,o*,-0.81999999284744263,8.1114788059999992,31.876272201999999,18.587924956999998
2487,O,oc11,-0.60000002384185791,4.1506142620000004,29.205799103,11.014084816
2488,O,oc11,-0.60000002384185791,4.2393403049999998,29.145484924000002,15.371795654
2489,O,oc11,-0.60000002384185791,3.7264540199999998,29.484996796000001,-0.313515812
2490,O,o*,-0.81999999284744263,4.5198841090000004,29.252317429000001,4.9738936420000002
2491,H,h*,0.40999999642372131,6.1793241500000002,31.011613845999999,20.892089844000001
2492,H,h*,0.40999999642372131,5.3064732550000002,29.792905807,20.721385955999999
2493,H,h*,0.40999999642372131,4.4602875710000003,20.984188079999999,4.533311844
2494,H,h*,0.40999999642372131,3.7751972679999999,19.66746521,4.6528854370000001
2495,H,h*,0.40999999642372131,5.908277988,30.674285889,16.950977325
2496,H,h*,0.40999999642372131,5.3133378029999996,29.335721970000002,16.654855728000001
2497,H,h*,0.40999999642372131,1.6048336030000001,18.083284377999998,13.970795631
2498,H,h*,0.40999999642372131,1.6347193719999999,18.100212097,12.458625793
2499,H,h*,0.40999999642372131,8.1901855470000005,32.728240966999998,8.9101161960000006
2500,H,h*,0.40999999642372131,7.7915816309999997,32.756065368999998,7.4697875979999999
2501,H,h*,0.40999999642372131,2.1447563170000001,18.049057006999998,2.3376967909999999
2502,H,h*,0.40999999642372131,0.70206201099999999,18.495515823000002,2.5589694980000002
2503,H,h*,0.40999999642372131,9.0316972730000007,32.217544556,18.676839827999999
2504,H,h*,0.40999999642372131,7.6034035680000001,32.591049194,19.049650192000001
2505,H,h*,0.40999999642372131,3.5956010819999999,19.621875762999998,0.58394533400000004
2506,H,h*,0.40999999642372131,4.4638056759999998,20.843599318999999,0.75574821199999997
2507,H,h*,0.40999999642372131,4.2798295020000001,28.355421066000002,5.3009548190000002
2508,H,h*,0.40999999642372131,4.9507827759999996,28.994768143000002,4.1243147850000001
2509,H,hoc,0.34999999403953552,-2.0037574770000002,23.663114547999999,0.75224268400000005
2510,H,hoc,0.34999999403953552,2.0806276800000001,21.370510101000001,16.891521453999999
2511,H,hoc,0.34999999403953552,-2.0603330139999998,23.697105407999999,4.6016683580000004
2512,H,hoc,0.34999999403953552,2.1293938159999999,21.439195633000001,-0.74228393999999998
2513,Al,ac2,1.2000000476837158,-0.034670650999999997,22.515708922999998,10.749554634000001
2514,Ca,ca+e,1.6000000238418579,7.9107069970000001,29.270233154,8.076135635
2515,Ca,ca+e,1.6000000238418579,1.801991463,21.403392791999998,13.410577774
2516,O,oc10,-0.89999997615814209,1.230436087,21.716417313000001,9.5580301280000004
2517,O,oc7,-0.89999997615814209,-1.2837833169999999,23.318117141999998,11.947429657000001
2518,O,oc7,-0.89999997615814209,1.2474894519999999,21.764778137,6.5861525539999999
2519,O,oc8,-0.89999997615814209,-1.2811444999999999,23.281162261999999,14.953010559000001
2520,O,o*,-0.81999999284744263,3.4608714580000002,20.415367126,11.67269516
2521,O,o*,-0.81999999284744263,6.2966647150000004,30.258951187000001,9.8247680660000007
2522,O,o*,-0.81999999284744263,3.485831261,20.398340224999998,15.121850014
2523,O,o*,-0.81999999284744263,6.4453363420000001,30.558261870999999,6.4477910999999999
2524,O,o*,-0.81999999284744263,4.0229182239999997,23.283546447999999,2.4484038350000001
2525,O,o*,-0.81999999284744263,5.5622453690000002,27.155006408999999,18.842725754
2526,O,o*,-0.81999999284744263,4.0119614600000002,23.038167952999999,13.269468307
2527,O,o*,-0.81999999284744263,5.6821589469999996,27.721204757999999,7.9264931680000004
2528,O,oc11,-0.60000002384185791,6.5509443279999999,22.522270203000001,19.778423309000001
2529,O,oc11,-0.60000002384185791,6.4830498700000003,22.506820679,6.6139626500000004
2530,O,oc11,-0.60000002384185791,6.5308346750000004,22.513711928999999,12.376851082
2531,O,oc11,-0.60000002384185791,6.0381398199999996,21.191591262999999,21.750802994000001
2532,O,oc11,-0.60000002384185791,6.0963010789999998,21.168148040999998,4.6244783399999996
2533,O,oc11,-0.60000002384185791,5.5628848079999997,21.473152161000002,10.41631031
2534,O,o*,-0.81999999284744263,6.1708912849999997,20.952758789000001,15.978141785
2535,S,s',0.60000002384185791,6.5188841819999999,22.512916565000001,21.266866684
2536,S,s',0.60000002384185791,6.4804267879999999,22.5082798,5.1271958350000002
2537,S,s',0.60000002384185791,6.4975228310000004,22.525901793999999,10.891535759
2538,H,h*,0.40999999642372131,6.0781202319999998,31.208152771000002,10.00568676
2539,H,h*,0.40999999642372131,5.4700164789999999,29.834190369000002,10.170713425000001
2540,H,h*,0.40999999642372131,4.3661727910000003,20.669193268000001,15.470216751000001
2541,H,h*,0.40999999642372131,3.6100888250000001,19.415708542000001,15.187224388000001
2542,H,h*,0.40999999642372131,6.4101376529999996,31.393596648999999,5.9161858560000002
2543,H,h*,0.40999999642372131,5.6278452870000004,30.132551193000001,6.0956912040000004
2544,H,h*,0.40999999642372131,4.6716022490000002,23.273576735999999,1.69927001
2545,H,h*,0.40999999642372131,4.6521649360000001,23.324171066000002,3.213650227
2546,H,h*,0.40999999642372131,4.8445191379999999,27.476692199999999,18.24448967
2547,H,h*,0.40999999642372131,5.0589251519999996,27.182334900000001,19.694526671999999
2548,H,h*,0.40999999642372131,4.8721542360000001,22.912107467999999,12.792200089
2549,H,h*,0.40999999642372131,3.7609112260000002,23.947099686000001,12.987094879000001
2550,H,h*,0.40999999642372131,5.8156542780000002,26.747182846000001,7.9870114330000002
2551,H,h*,0.40999999642372131,4.7829942699999997,27.811895369999998,8.3304786679999996
2552,H,h*,0.40999999642372131,4.2600474359999998,20.840217590000002,11.269692421
2553,H,h*,0.40999999642372131,3.6464231009999999,19.470212935999999,11.437907219
2554,H,h*,0.40999999642372131,6.9376516339999998,21.334968567000001,16.468326568999998
2555,H,h*,0.40999999642372131,6.6292395590000002,20.713163376000001,15.134727478
2556,Al,ac2,1.2000000476837158,0.028979386999999999,22.526609421,16.124525070000001
2557,H,hoc,0.34999999403953552,-2.0283219809999999,23.722826004000002,11.526992798
2558,H,hoc,0.34999999403953552,1.9996693130000001,21.357185363999999,6.1789889340000004
2559,H,hoc,0.34999999403953552,-2.0118129250000001,23.705295563,15.379859924
2560,H,hoc,0.34999999403953552,1.961337924,21.281980515000001,9.9750404360000005
2561,Ca,ca+e,1.6000000238418579,1.8299984929999999,23.524946213,8.0791025160000007
2562,Ca,ca+e,1.6000000238418579,7.8782501219999999,27.144592285000002,13.453540801999999
2563,O,oc9,-0.89999997615814209,-1.3692387340000001,21.813726424999999,9.5745458600000006
2564,O,oc6,-0.89999997615814209,1.292009234,23.216062546,11.925941466999999
2565,O,oc6,-0.89999997615814209,-1.3398141859999999,21.791816710999999,6.5653729439999999
2566,O,oc9,-0.89999997615814209,1.320442796,23.274915695000001,14.928868294000001
2567,O,o*,-0.81999999284744263,6.182891369,26.140394211,11.76199913
2568,O,o*,-0.81999999284744263,3.516212463,24.456216812000001,9.7987899780000003
2569,O,o*,-0.81999999284744263,6.2072858809999998,26.238485336,15.207564354000001
2570,O,o*,-0.81999999284744263,3.7060506339999999,24.099714279000001,6.4543738370000003
2571,O,o*,-0.81999999284744263,8.4426422120000009,24.282428741,2.4745376110000001
2572,O,o*,-0.81999999284744263,1.2980694770000001,26.678306580000001,18.792982101
2573,O,o*,-0.81999999284744263,8.1359767909999992,24.335943222000001,13.600291252
2574,O,o*,-0.81999999284744263,1.639965653,26.246273040999998,7.8479251860000003
2575,O,oc11,-0.60000002384185791,5.6008305549999999,23.575798034999998,21.754085540999998
2576,O,oc11,-0.60000002384185791,5.512104034,23.515485764000001,4.6317958829999997
2577,O,oc11,-0.60000002384185791,6.0249905589999999,23.854997635,10.426484108
2578,O,o*,-0.81999999284744263,5.2315602300000004,23.622318268000001,15.71389389
2579,H,h*,0.40999999642372131,4.4449710849999997,24.162906647,9.9813871380000005
2580,H,h*,0.40999999642372131,3.5721201900000001,25.381614684999999,10.152090073
2581,H,h*,0.40999999642372131,5.9762473109999998,25.297464371,15.392885207999999
2582,H,h*,0.40999999642372131,5.2911567689999996,26.614189148000001,15.273311615000001
2583,H,h*,0.40999999642372131,3.8431663509999998,25.044284821000002,6.2109775540000003
2584,H,h*,0.40999999642372131,4.4381065370000004,23.705720900999999,5.9148554799999999
2585,H,h*,0.40999999642372131,8.1167249679999998,23.730211258000001,1.718625665
2586,H,h*,0.40999999642372131,8.146611214,23.713283538999999,3.2307958600000002
2587,H,h*,0.40999999642372131,1.9598630669999999,27.126066208000001,18.209787369000001
2588,H,h*,0.40999999642372131,1.561259151,27.098239898999999,19.650115967000001
2589,H,h*,0.40999999642372131,7.6066884989999997,23.679056167999999,13.0776968
2590,H,h*,0.40999999642372131,9.0493822099999992,24.125516891,13.298969269000001
2591,H,h*,0.40999999642372131,0.71974748399999999,26.587543488000001,7.9368410110000003
2592,H,h*,0.40999999642372131,2.1480407709999998,26.961050033999999,8.3096504210000006
2593,H,h*,0.40999999642372131,5.2876391409999997,26.47359848,11.495748519999999
2594,H,h*,0.40999999642372131,6.155843258,25.251876831000001,11.323945045
2595,H,h*,0.40999999642372131,4.8006615640000003,23.364768982000001,14.864315033
2596,H,h*,0.40999999642372131,5.4716153140000001,22.725421906000001,16.040954589999998
2597,H,hoc,0.34999999403953552,2.0037519929999998,23.663114547999999,11.492242813000001
2598,H,hoc,0.34999999403953552,-2.0806331629999999,21.370510101000001,6.151521206
2599,H,hoc,0.34999999403953552,2.0603275299999999,23.697105407999999,15.341668129
2600,H,hoc,0.34999999403953552,-2.1293993000000002,21.439195633000001,9.9977159499999999
2601,Ca,ca+e,1.6000000238418579,9.6254634859999992,26.049270629999999,8.0761470790000001
2602,Ca,ca+e,1.6000000238418579,0.053363197000000001,24.654815674000002,13.435070992
2603,O,oc8,-0.89999997615814209,0.016047120000000002,24.017881393,9.5674867629999998
2604,O,oc5,-0.89999997615814209,-0.089114681000000001,21.020763397,11.936125755000001
2605,O,oc5,-0.89999997615814209,-0.025417750999999999,24.019849777000001,6.5769176480000002
2606,O,oc10,-0.89999997615814209,0.011223059000000001,21.025379181000002,14.940231323000001
2607,O,o*,-0.81999999284744263,0.010165627999999999,26.597929001000001,11.709644318
2608,O,o*,-0.81999999284744263,9.6912307739999992,24.103424071999999,9.769458771
2609,O,o*,-0.81999999284744263,0.076804577999999998,26.608850479000001,15.167505264000001
2610,O,o*,-0.81999999284744263,-0.60251533999999995,18.532718658,6.4513087269999998
2611,O,o*,-0.81999999284744263,7.1138701439999998,31.274124145999998,2.4486446380000002
2612,O,o*,-0.81999999284744263,3.0272223949999999,19.330574036000002,18.836357116999999
2613,O,o*,-0.81999999284744263,7.2470655439999998,31.405094147,13.486528397000001
2614,O,o*,-0.81999999284744263,2.4085602760000002,19.148386001999999,7.7195644379999999
2615,O,oc11,-0.60000002384185791,7.885967731,22.763748168999999,21.795822143999999
2616,O,oc11,-0.60000002384185791,7.8325462339999996,22.846469879000001,4.6233205799999997
2617,O,oc11,-0.60000002384185791,7.8624787329999997,22.264360428,10.365646362
2618,O,o*,-0.81999999284744263,8.0650186539999993,23.039039612,16.186504364000001
2619,H,h*,0.40999999642372131,8.9639616009999994,23.456228255999999,9.9573926929999992
2620,H,h*,0.40999999642372131,10.452666282999999,23.601810454999999,10.15967083
2621,H,h*,0.40999999642372131,-0.58203422999999999,27.253067016999999,15.513804435999999
2622,H,h*,0.40999999642372131,0.87921410799999999,27.191225052,15.217470169
2623,H,h*,0.40999999642372131,-1.3280406,18.120948792,5.9166173930000001
2624,H,h*,0.40999999642372131,0.10563882400000001,17.886695862,6.2285385130000002
2625,H,h*,0.40999999642372131,6.7306790349999996,31.775432587000001,3.2140419480000002
2626,H,h*,0.40999999642372131,6.7886400220000001,31.838350296000002,1.7016673090000001
2627,H,h*,0.40999999642372131,3.0889644619999999,18.534297942999999,18.254085540999998
2628,H,h*,0.40999999642372131,3.238989353,18.893606186,19.698690414000001
2629,H,h*,0.40999999642372131,6.6121969219999999,30.723367691,13.167042732000001
2630,H,h*,0.40999999642372131,6.9601140020000001,32.199512482000003,12.965379714999999
2631,H,h*,0.40999999642372131,2.752483368,18.397159576,8.2698202129999991
2632,H,h*,0.40999999642372131,3.1231999400000001,19.813915253000001,7.8626589779999998
2633,H,h*,0.40999999642372131,-0.74080944100000001,27.081668854,11.280682563999999
2634,H,h*,0.40999999642372131,0.74994462699999997,27.216663360999998,11.479640960999999
2635,H,h*,0.40999999642372131,7.6275177000000003,23.630928040000001,16.846147537
2636,H,h*,0.40999999642372131,7.8845658299999997,23.549943924000001,15.359796524
2637,H,hoc,0.34999999403953552,-0.074841797000000002,20.174629210999999,11.512286186000001
2638,H,hoc,0.34999999403953552,-0.042712792999999999,24.874534607000001,6.168580532
2639,H,hoc,0.34999999403953552,0.008739218,20.177473068000001,15.361228943
2640,H,hoc,0.34999999403953552,0.024540982999999999,24.865591048999999,9.9896421429999993
2641,Ca,ca+e,1.6000000238418579,11.592187880999999,29.270233154,18.816135406000001
2642,Ca,ca+e,1.6000000238418579,-1.801997066,21.403392791999998,2.6705775260000002
2643,O,oc9,-0.89999997615814209,8.521008492,27.346418380999999,-1.181969762
2644,O,oc6,-0.89999997615814209,11.035227775999999,28.948116301999999,1.207429171
2645,O,oc6,-0.89999997615814209,8.5039548870000008,27.394779204999999,17.326152801999999
2646,O,oc9,-0.89999997615814209,11.032588959,28.911163330000001,4.2130103109999997
2647,O,o*,-0.81999999284744263,-3.4608771800000002,20.415367126,0.93269521
2648,O,o*,-0.81999999284744263,13.206230164000001,30.258951187000001,20.564767838000002
2649,O,o*,-0.81999999284744263,-3.4858367440000002,20.398340224999998,4.3818497660000002
2650,O,o*,-0.81999999284744263,13.05755806,30.558261870999999,17.187791824000001
2651,O,o*,-0.81999999284744263,-4.0229244230000001,23.283546447999999,13.188404083
2652,O,o*,-0.81999999284744263,13.940649033,27.155006408999999,8.1027259829999991
2653,O,o*,-0.81999999284744263,-4.0119667049999999,23.038167952999999,2.5294678209999999
2654,O,o*,-0.81999999284744263,13.820735931,27.721204757999999,18.666492462000001
2655,O,oc11,-0.60000002384185791,13.464755058,21.191591262999999,11.010802268999999
2656,O,oc11,-0.60000002384185791,13.406593322999999,21.168148040999998,15.364478111
2657,O,oc11,-0.60000002384185791,13.940010071,21.473152161000002,-0.32368952000000001
2658,O,o*,-0.81999999284744263,13.332003593,20.952758789000001,5.2381410600000002
2659,H,h*,0.40999999642372131,13.424774169999999,31.208152771000002,20.745685577
2660,H,h*,0.40999999642372131,14.032877922000001,29.834190369000002,20.910713196
2661,H,h*,0.40999999642372131,-3.610093832,19.415708542000001,4.4472246169999998
2662,H,h*,0.40999999642372131,-4.3661785130000004,20.669193268000001,4.7302169799999998
2663,H,h*,0.40999999642372131,13.875049591,30.132551193000001,16.835691451999999
2664,H,h*,0.40999999642372131,13.092757225,31.393596648999999,16.656185149999999
2665,H,h*,0.40999999642372131,-4.6716079710000002,23.273576735999999,12.43927002
2666,H,h*,0.40999999642372131,-4.6521701809999998,23.324171066000002,13.953650475
2667,H,h*,0.40999999642372131,14.443969727000001,27.182334900000001,8.9545259480000006
2668,H,h*,0.40999999642372131,14.658374786,27.476692199999999,7.5044889450000003
2669,H,h*,0.40999999642372131,-3.7609164709999998,23.947099686000001,2.247094631
2670,H,h*,0.40999999642372131,-4.8721599580000001,22.912107467999999,2.0521998410000002
2671,H,h*,0.40999999642372131,13.687240600999999,26.747182846000001,18.727010727
2672,H,h*,0.40999999642372131,14.719900130999999,27.811893463000001,19.070478438999999
2673,H,h*,0.40999999642372131,-4.2600536350000002,20.840217590000002,0.52969205399999997
2674,H,h*,0.40999999642372131,-3.6464288229999999,19.470212935999999,0.69790720900000003
2675,H,h*,0.40999999642372131,12.565242767000001,21.334968567000001,5.7283253670000001
2676,H,h*,0.40999999642372131,12.873655318999999,20.713163376000001,4.3947277070000004
2677,H,hoc,0.34999999403953552,11.779766083,29.352825164999999,0.78699260999999998
2678,H,hoc,0.34999999403953552,7.751775265,26.987184525,16.918989182000001
2679,H,hoc,0.34999999403953552,11.763257027,29.335294724000001,4.6398601529999999
2680,H,hoc,0.34999999403953552,7.7901067729999998,26.911979675000001,-0.764959693
2681,Ca,ca+e,1.6000000238418579,-1.8300045730000001,23.524946213,18.819103241000001
2682,Ca,ca+e,1.6000000238418579,11.624644279,27.144592285000002,2.7135405540000002
2683,O,oc10,-0.89999997615814209,11.12068367,27.443727493000001,-1.1654543879999999
2684,O,oc7,-0.89999997615814209,8.4594354630000002,28.846061707,1.1859411
2685,O,oc5,-0.89999997615814209,11.091259002999999,27.421817780000001,17.305372238
2686,O,oc10,-0.89999997615814209,8.431001663,28.904914856000001,4.188868523
2687,O,o*,-0.81999999284744263,13.320003509999999,26.140394211,1.021998763
2688,O,o*,-0.81999999284744263,-3.5162179469999999,24.456216812000001,20.538789748999999
2689,O,o*,-0.81999999284744263,13.295608521,26.238485336,4.4675641060000002
2690,O,o*,-0.81999999284744263,-3.7060563559999999,24.099714279000001,17.194374084
2691,O,o*,-0.81999999284744263,11.06025219,24.282428741,13.214537621
2692,O,o*,-0.81999999284744263,-1.298075557,26.678306580000001,8.0529832839999997
2693,O,o*,-0.81999999284744263,11.36691761,24.335943222000001,2.860291004
2694,O,o*,-0.81999999284744263,-1.639971614,26.246273040999998,18.587924956999998
2695,O,oc11,-0.60000002384185791,13.902064322999999,23.575798034999998,11.014084816
2696,O,oc11,-0.60000002384185791,13.990790367000001,23.515485764000001,15.371795654
2697,O,oc11,-0.60000002384185791,13.47790432,23.854997635,-0.31351578200000002
2698,O,o*,-0.81999999284744263,14.271333694000001,23.622318268000001,4.9738936420000002
2699,H,h*,0.40999999642372131,-3.572125196,25.381614684999999,20.892089844000001
2700,H,h*,0.40999999642372131,-4.4449768069999998,24.162906647,20.721385955999999
2701,H,h*,0.40999999642372131,14.211737633,26.614187241,4.533311844
2702,H,h*,0.40999999642372131,13.526647568,25.297464371,4.6528854370000001
2703,H,h*,0.40999999642372131,-3.8431718350000001,25.044284821000002,16.950977325
2704,H,h*,0.40999999642372131,-4.4381122590000004,23.705720900999999,16.654855728000001
2705,H,h*,0.40999999642372131,11.356283188000001,23.713283538999999,13.970795631
2706,H,h*,0.40999999642372131,11.386169433999999,23.730211258000001,12.458625793
2707,H,h*,0.40999999642372131,-1.5612648730000001,27.098239898999999,8.9101161960000006
2708,H,h*,0.40999999642372131,-1.959868312,27.126066208000001,7.4697875979999999
2709,H,h*,0.40999999642372131,11.896205902,23.679056167999999,2.3376967909999999
2710,H,h*,0.40999999642372131,10.453512192,24.125516891,2.5589694980000002
2711,H,h*,0.40999999642372131,-0.71975219199999996,26.587543488000001,18.676839827999999
2712,H,h*,0.40999999642372131,-2.1480453009999998,26.961048126000001,19.049650192000001
2713,H,h*,0.40999999642372131,13.34705162,25.251876831000001,0.58394533400000004
2714,H,h*,0.40999999642372131,14.215255737,26.47359848,0.75574821199999997
2715,H,h*,0.40999999642372131,14.031279564,22.725421906000001,5.3009548190000002
2716,H,h*,0.40999999642372131,14.702233315000001,23.364768982000001,4.1243147850000001
2717,H,hoc,0.34999999403953552,7.7476925850000002,29.293113708,0.75224268400000005
2718,H,hoc,0.34999999403953552,11.832077979999999,27.000509262000001,16.891521453999999
2719,H,hoc,0.34999999403953552,7.6911168099999996,29.327104567999999,4.6016683580000004
2720,H,hoc,0.34999999403953552,11.880844116,27.069196700999999,-0.74228393999999998
2721,Al,ac2,1.2000000476837158,9.7167797090000008,28.145708083999999,10.749554634000001
2722,Ca,ca+e,1.6000000238418579,-1.840742946,23.640232086000001,8.076135635
2723,Ca,ca+e,1.6000000238418579,11.553441048,27.033391952999999,13.410577774
2724,O,oc10,-0.89999997615814209,10.981885910000001,27.346418380999999,9.5580301280000004
2725,O,oc7,-0.89999997615814209,8.4676666259999998,28.948116301999999,11.947429657000001
2726,O,oc7,-0.89999997615814209,10.998939514,27.394779204999999,6.5861525539999999
2727,O,oc8,-0.89999997615814209,8.4703054430000009,28.911163330000001,14.953010559000001
2728,O,o*,-0.81999999284744263,13.212321280999999,26.045368194999998,11.67269516
2729,O,o*,-0.81999999284744263,-3.4547851089999999,24.628950118999999,9.8247680660000007
2730,O,o*,-0.81999999284744263,13.237280846000001,26.028341293,15.121850014
2731,O,o*,-0.81999999284744263,-3.3061130049999998,24.928262710999999,6.4477910999999999
2732,O,o*,-0.81999999284744263,13.774368286,28.913547516000001,2.4484038350000001
2733,O,o*,-0.81999999284744263,-4.1892042160000003,21.525005341,18.842725754
2734,O,o*,-0.81999999284744263,13.763411522,28.668167113999999,13.269468307
2735,O,o*,-0.81999999284744263,-4.0692911150000004,22.091205596999998,7.9264931680000004
2736,O,oc11,-0.60000002384185791,-3.2005050179999999,28.152271271,19.778423309000001
2737,O,oc11,-0.60000002384185791,-3.2684009079999998,28.136819839000001,6.6139626500000004
2738,O,oc11,-0.60000002384185791,-3.2206161020000001,28.14371109,12.376851082
2739,O,oc11,-0.60000002384185791,-3.7133100030000001,26.821592331000002,21.750802994000001
2740,O,oc11,-0.60000002384185791,-3.655148268,26.798147201999999,4.6244783399999996
2741,O,oc11,-0.60000002384185791,-4.1885652540000002,27.103151320999999,10.41631031
2742,O,o*,-0.81999999284744263,-3.580558538,26.582759856999999,15.978141785
2743,S,s',0.60000002384185791,-3.2325656409999999,28.142915725999998,21.266866684
2744,S,s',0.60000002384185791,-3.2710235120000002,28.138278961000001,5.1271958350000002
2745,S,s',0.60000002384185791,-3.2539279460000001,28.155902863000001,10.891535759
2746,H,h*,0.40999999642372131,-3.6733300689999999,25.578153610000001,10.00568676
2747,H,h*,0.40999999642372131,-4.2814331049999996,24.204191208000001,10.170713425000001
2748,H,h*,0.40999999642372131,14.117623329000001,26.299194335999999,15.470216751000001
2749,H,h*,0.40999999642372131,13.361538887,25.045709609999999,15.187224388000001
2750,H,h*,0.40999999642372131,-3.341313124,25.763597487999998,5.9161858560000002
2751,H,h*,0.40999999642372131,-4.1236047740000004,24.502550124999999,6.0956912040000004
2752,H,h*,0.40999999642372131,14.423052788,28.903575897,1.69927001
2753,H,h*,0.40999999642372131,14.403614998,28.954170226999999,3.213650227
2754,H,h*,0.40999999642372131,-4.906930923,21.846693039000002,18.24448967
2755,H,h*,0.40999999642372131,-4.6925249100000004,21.552335739,19.694526671999999
2756,H,h*,0.40999999642372131,14.623604774,28.542108536000001,12.792200089
2757,H,h*,0.40999999642372131,13.512361525999999,29.577098845999998,12.987094879000001
2758,H,h*,0.40999999642372131,-3.935795546,21.117181777999999,7.9870114330000002
2759,H,h*,0.40999999642372131,-4.9684562679999997,22.181894302,8.3304786679999996
2760,H,h*,0.40999999642372131,14.011497498000001,26.470216750999999,11.269692421
2761,H,h*,0.40999999642372131,13.397872925,25.100212097,11.437907219
2762,H,h*,0.40999999642372131,-2.813797712,26.964967728000001,16.468324661
2763,H,h*,0.40999999642372131,-3.122210264,26.343162537000001,15.134727478
2764,Al,ac2,1.2000000476837158,9.78042984,28.156608582,16.124525070000001
2765,H,hoc,0.34999999403953552,7.7231278420000002,29.352825164999999,11.526992798
2766,H,hoc,0.34999999403953552,11.751119614,26.987184525,6.1789889340000004
2767,H,hoc,0.34999999403953552,7.7396368979999997,29.335294724000001,15.379859924
2768,H,hoc,0.34999999403953552,11.712787627999999,26.911979675000001,9.9750404360000005
2769,Ca,ca+e,1.6000000238418579,11.581448555,29.154945374,8.0791025160000007
2770,Ca,ca+e,1.6000000238418579,-1.8732002969999999,21.514591217,13.453540801999999
2771,O,oc9,-0.89999997615814209,8.3822116849999997,27.443727493000001,9.5745458600000006
2772,O,oc6,-0.89999997615814209,11.043458939000001,28.846061707,11.925941466999999
2773,O,oc6,-0.89999997615814209,8.4116353989999997,27.421817780000001,6.5653729439999999
2774,O,oc9,-0.89999997615814209,11.071892738000001,28.904914856000001,14.928868294000001
2775,O,o*,-0.81999999284744263,-3.5685584549999998,20.510393143000002,11.76199913
2776,O,o*,-0.81999999284744263,13.267663002000001,30.08621788,9.7987899780000003
2777,O,o*,-0.81999999284744263,-3.544163465,20.608484268000002,15.207564354000001
2778,O,o*,-0.81999999284744263,13.457500458,29.729713440000001,6.4543738370000003
2779,O,o*,-0.81999999284744263,-1.3088082080000001,18.652429581,2.4745376110000001
2780,O,o*,-0.81999999284744263,11.049519539,32.308307648000003,18.792982101
2781,O,o*,-0.81999999284744263,-1.6154736279999999,18.705944061,13.600291252
2782,O,o*,-0.81999999284744263,11.391415596,31.876272201999999,7.8479251860000003
2783,O,oc11,-0.60000002384185791,-4.150619507,29.205799103,21.754085540999998
2784,O,oc11,-0.60000002384185791,-4.2393465040000002,29.145484924000002,4.6317958829999997
2785,O,oc11,-0.60000002384185791,-3.7264592649999999,29.484996796000001,10.426484108
2786,O,o*,-0.81999999284744263,-4.5198898319999996,29.252317429000001,15.71389389
2787,H,h*,0.40999999642372131,14.196421623000001,29.792905807,9.9813871380000005
2788,H,h*,0.40999999642372131,13.323570251,31.011613845999999,10.152090073
2789,H,h*,0.40999999642372131,-3.775202513,19.66746521,15.392885207999999
2790,H,h*,0.40999999642372131,-4.4602937699999998,20.984188079999999,15.273311615000001
2791,H,h*,0.40999999642372131,13.594615936,30.674285889,6.2109780309999998
2792,H,h*,0.40999999642372131,14.189557076,29.335721970000002,5.9148554799999999
2793,H,h*,0.40999999642372131,-1.634724498,18.100212097,1.7186257840000001
2794,H,h*,0.40999999642372131,-1.604838252,18.083284377999998,3.2307958600000002
2795,H,h*,0.40999999642372131,11.711313248,32.756065368999998,18.209787369000001
2796,H,h*,0.40999999642372131,11.312708855,32.728240966999998,19.650115967000001
2797,H,h*,0.40999999642372131,-2.1447608470000001,18.049057006999998,13.0776968
2798,H,h*,0.40999999642372131,-0.70206725599999997,18.495517731,13.298969269000001
2799,H,h*,0.40999999642372131,10.471197128,32.217544556,7.9368410110000003
2800,H,h*,0.40999999642372131,11.899490355999999,32.591049194,8.3096504210000006
2801,H,h*,0.40999999642372131,-4.4638109210000003,20.843599318999999,11.495748519999999
2802,H,h*,0.40999999642372131,-3.5956065650000002,19.621875762999998,11.323945045
2803,H,h*,0.40999999642372131,-4.9507884979999996,28.994768143000002,14.864315033
2804,H,h*,0.40999999642372131,-4.2798347469999998,28.355421066000002,16.040954589999998
2805,H,hoc,0.34999999403953552,11.755202293,29.293113708,11.492242813000001
2806,H,hoc,0.34999999403953552,7.670816898,27.000509262000001,6.151521206
2807,H,hoc,0.34999999403953552,11.811778069000001,29.327104567999999,15.341668129
2808,H,hoc,0.34999999403953552,7.6220507619999998,27.069196700999999,9.9977159499999999
2809,Ca,ca+e,1.6000000238418579,-0.12598693399999999,20.419271469000002,8.0761470790000001
2810,Ca,ca+e,1.6000000238418579,9.8048133849999992,30.284814834999999,13.435071945000001
2811,O,oc8,-0.89999997615814209,9.7674970630000004,29.647880554,9.5674867629999998
2812,O,oc5,-0.89999997615814209,9.6623353959999996,26.650764465000002,11.936125755000001
2813,O,oc5,-0.89999997615814209,9.726032257,29.649848938000002,6.5769176480000002
2814,O,oc10,-0.89999997615814209,9.7626733780000006,26.655380249,14.940231323000001
2815,O,o*,-0.81999999284744263,9.7616157529999992,32.227928161999998,11.709644318
2816,O,o*,-0.81999999284744263,-0.060219641999999997,18.473423004000001,9.769458771
2817,O,o*,-0.81999999284744263,9.8282547000000005,32.238849639999998,15.167505264000001
2818,O,o*,-0.81999999284744263,9.1489343640000005,24.162719726999999,6.4513087269999998
2819,O,o*,-0.81999999284744263,-2.6375796789999999,25.644124985000001,2.4486446380000002
2820,O,o*,-0.81999999284744263,12.778672218000001,24.960573195999999,18.836357116999999
2821,O,o*,-0.81999999284744263,-2.504383802,25.775094985999999,13.486528397000001
2822,O,o*,-0.81999999284744263,12.160010337999999,24.778385161999999,7.7195644379999999
2823,O,oc11,-0.60000002384185791,-1.8654812569999999,28.393749237000002,21.795822143999999
2824,O,oc11,-0.60000002384185791,-1.9189041849999999,28.476469040000001,4.6233205799999997
2825,O,oc11,-0.60000002384185791,-1.888972163,27.894361495999998,10.365646362
2826,O,o*,-0.81999999284744263,-1.6864327189999999,28.669038773,16.186504364000001
2827,H,h*,0.40999999642372131,-0.78748786400000004,17.826227188000001,9.9573926929999992
2828,H,h*,0.40999999642372131,0.70121681700000005,17.971811294999998,10.15967083
2829,H,h*,0.40999999642372131,9.1694154739999991,32.883068084999998,15.513804435999999
2830,H,h*,0.40999999642372131,10.630663872,32.821224213000001,15.217470169
2831,H,h*,0.40999999642372131,8.4234094620000004,23.750949859999999,5.9166173930000001
2832,H,h*,0.40999999642372131,9.8570890430000002,23.516696929999998,6.2285385130000002
2833,H,h*,0.40999999642372131,-3.020771742,26.145433426,3.2140419480000002
2834,H,h*,0.40999999642372131,-2.9628093240000002,26.208351135000001,1.7016673090000001
2835,H,h*,0.40999999642372131,12.840415001,24.164299011000001,18.254085540999998
2836,H,h*,0.40999999642372131,12.990439415000001,24.523605347,19.698690414000001
2837,H,h*,0.40999999642372131,-3.1392524239999999,25.093368529999999,13.167042732000001
2838,H,h*,0.40999999642372131,-2.791336775,26.569513320999999,12.965379714999999
2839,H,h*,0.40999999642372131,12.503932953,24.027160644999999,8.2698202129999991
2840,H,h*,0.40999999642372131,12.874650001999999,25.443916321,7.8626589779999998
2841,H,h*,0.40999999642372131,9.0106401439999999,32.711669921999999,11.280682563999999
2842,H,h*,0.40999999642372131,10.501394272000001,32.846664429,11.479640960999999
2843,H,h*,0.40999999642372131,-2.1239325999999998,29.260927200000001,16.846147537
2844,H,h*,0.40999999642372131,-1.866885066,29.179944991999999,15.359796524
2845,H,hoc,0.34999999403953552,9.6766080859999999,25.804628372,11.512286186000001
2846,H,hoc,0.34999999403953552,9.7087373729999999,30.504533768000002,6.168580532
2847,H,hoc,0.34999999403953552,9.7601890559999998,25.807472228999998,15.361228943
2848,H,hoc,0.34999999403953552,9.7759914400000003,30.495592117000001,9.9896421429999993
2849,Ca,ca+e,1.6000000238418579,1.8407374620000001,23.640232086000001,40.296134948999999
2850,Ca,ca+e,1.6000000238418579,7.9494528769999997,27.033391952999999,24.150577545000001
2851,O,oc9,-0.89999997615814209,-1.23044157,21.716417313000001,20.298030853
2852,O,oc6,-0.89999997615814209,1.283777833,23.318117141999998,22.687429428000002
2853,O,oc6,-0.89999997615814209,-1.2474949360000001,21.764778137,38.806152343999997
2854,O,oc9,-0.89999997615814209,1.281139016,23.281162261999999,25.69301033
2855,O,o*,-0.81999999284744263,6.2905731200000004,26.045368194999998,22.412694931000001
2856,O,o*,-0.81999999284744263,3.454780102,24.628950118999999,42.044769287000001
2857,O,o*,-0.81999999284744263,6.2656130790000004,26.028341293,25.861848831
2858,O,o*,-0.81999999284744263,3.306108236,24.928262710999999,38.667793273999997
2859,O,o*,-0.81999999284744263,5.7285261150000002,28.913547516000001,34.668403625000003
2860,O,o*,-0.81999999284744263,4.1891989709999997,21.525005341,29.582725525000001
2861,O,o*,-0.81999999284744263,5.7394828799999997,28.668169022000001,24.009468079000001
2862,O,o*,-0.81999999284744263,4.0692853930000004,22.091205596999998,40.146492004000002
2863,O,oc11,-0.60000002384185791,3.7133045199999999,26.821592331000002,32.490802764999998
2864,O,oc11,-0.60000002384185791,3.6551432610000001,26.798147201999999,36.844478606999999
2865,O,oc11,-0.60000002384185791,4.1885600089999997,27.103151320999999,21.156311035000002
2866,O,o*,-0.81999999284744263,3.5805535320000001,26.582759856999999,26.718141555999999
2867,H,h*,0.40999999642372131,3.673324585,25.578153610000001,42.225685120000001
2868,H,h*,0.40999999642372131,4.28142786,24.204189301,42.390712737999998
2869,H,h*,0.40999999642372131,6.1413559910000002,25.045709609999999,25.927225112999999
2870,H,h*,0.40999999642372131,5.3852715489999996,26.299194335999999,26.210216522
2871,H,h*,0.40999999642372131,4.1235990520000003,24.502550124999999,38.315692902000002
2872,H,h*,0.40999999642372131,3.3413071630000002,25.763597487999998,38.136184692
2873,H,h*,0.40999999642372131,5.0798420909999997,28.903575897,33.919269561999997
2874,H,h*,0.40999999642372131,5.0992798810000002,28.954170226999999,35.433650970000002
2875,H,h*,0.40999999642372131,4.6925191880000003,21.552335739,30.434526442999999
2876,H,h*,0.40999999642372131,4.906925201,21.846693039000002,28.984489441000001
2877,H,h*,0.40999999642372131,5.9905333519999999,29.577100754,23.727094650000002
2878,H,h*,0.40999999642372131,4.8792901039999999,28.542108536000001,23.532199859999999
2879,H,h*,0.40999999642372131,3.9357900620000001,21.117181777999999,40.207012177000003
2880,H,h*,0.40999999642372131,4.9684505459999997,22.181894302,40.550479889000002
2881,H,h*,0.40999999642372131,5.4913969040000001,26.470216750999999,22.009691237999998
2882,H,h*,0.40999999642372131,6.1050214770000002,25.100212097,22.177907944000001
2883,H,h*,0.40999999642372131,2.8137929439999998,26.964969634999999,27.208324432000001
2884,H,h*,0.40999999642372131,3.1222050189999999,26.343162537000001,25.874727248999999
2885,H,hoc,0.34999999403953552,2.0283164980000001,23.722826004000002,22.266992568999999
2886,H,hoc,0.34999999403953552,-1.9996747969999999,21.357185363999999,38.398990630999997
2887,H,hoc,0.34999999403953552,2.0118074419999998,23.705295563,26.119859694999999
2888,H,hoc,0.34999999403953552,-1.9613434080000001,21.281980515000001,20.715040207000001
2889,Ca,ca+e,1.6000000238418579,7.9214458470000002,29.154945374,40.299102783000002
2890,Ca,ca+e,1.6000000238418579,1.8731943369999999,21.514591217,24.193540573
2891,O,oc10,-0.89999997615814209,1.369233251,21.813726424999999,20.314544678000001
2892,O,oc7,-0.89999997615814209,-1.2920147179999999,23.216062546,22.665941237999998
2893,O,oc5,-0.89999997615814209,1.339808702,21.791816710999999,38.785373688
2894,O,oc10,-0.89999997615814209,-1.320448399,23.274915695000001,25.668869018999999
2895,O,o*,-0.81999999284744263,3.5685529709999999,20.510393143000002,22.501998901
2896,O,o*,-0.81999999284744263,6.2352318760000003,30.08621788,42.018791198999999
2897,O,o*,-0.81999999284744263,3.5441584590000001,20.608484268000002,25.947563170999999
2898,O,o*,-0.81999999284744263,6.0453939439999997,29.729713440000001,38.674373627000001
2899,O,o*,-0.81999999284744263,1.3088020090000001,18.652429581,34.694538115999997
2900,O,o*,-0.81999999284744263,8.4533748630000005,32.308307648000003,29.532983779999999
2901,O,o*,-0.81999999284744263,1.615468025,18.705944061,24.340290069999998
2902,O,o*,-0.81999999284744263,8.1114788059999992,31.876272201999999,40.067924499999997
2903,O,oc11,-0.60000002384185791,4.1506142620000004,29.205799103,32.494083404999998
2904,O,oc11,-0.60000002384185791,4.2393403049999998,29.145484924000002,36.851795197000001
2905,O,oc11,-0.60000002384185791,3.7264540199999998,29.484996796000001,21.166484832999998
2906,O,o*,-0.81999999284744263,4.5198841090000004,29.252317429000001,26.453893660999999
2907,H,h*,0.40999999642372131,6.1793241500000002,31.011613845999999,42.372089385999999
2908,H,h*,0.40999999642372131,5.3064732550000002,29.792905807,42.201385498
2909,H,h*,0.40999999642372131,4.4602875710000003,20.984188079999999,26.013311386000002
2910,H,h*,0.40999999642372131,3.7751972679999999,19.66746521,26.132884979
2911,H,h*,0.40999999642372131,5.908277988,30.674285889,38.430976868000002
2912,H,h*,0.40999999642372131,5.3133378029999996,29.335721970000002,38.134857177999997
2913,H,h*,0.40999999642372131,1.6048336030000001,18.083284377999998,35.450794219999999
2914,H,h*,0.40999999642372131,1.6347193719999999,18.100212097,33.938625336000001
2915,H,h*,0.40999999642372131,8.1901855470000005,32.728240966999998,30.390115737999999
2916,H,h*,0.40999999642372131,7.7915816309999997,32.756065368999998,28.949787140000002
2917,H,h*,0.40999999642372131,2.1447563170000001,18.049057006999998,23.817697525
2918,H,h*,0.40999999642372131,0.70206201099999999,18.495515823000002,24.038969040000001
2919,H,h*,0.40999999642372131,9.0316972730000007,32.217544556,40.156841278000002
2920,H,h*,0.40999999642372131,7.6034035680000001,32.591049194,40.529651641999997
2921,H,h*,0.40999999642372131,3.5956010819999999,19.621875762999998,22.06394577
2922,H,h*,0.40999999642372131,4.4638056759999998,20.843599318999999,22.235748291
2923,H,h*,0.40999999642372131,4.2798295020000001,28.355421066000002,26.780954360999999
2924,H,h*,0.40999999642372131,4.9507827759999996,28.994768143000002,25.604314804000001
2925,H,hoc,0.34999999403953552,-2.0037574770000002,23.663114547999999,22.232242584000002
2926,H,hoc,0.34999999403953552,2.0806276800000001,21.370510101000001,38.371520996000001
2927,H,hoc,0.34999999403953552,-2.0603330139999998,23.697105407999999,26.081668854
2928,H,hoc,0.34999999403953552,2.1293938159999999,21.439195633000001,20.737716675000001
2929,Al,ac2,1.2000000476837158,-0.034670650999999997,22.515708922999998,32.229553223000003
2930,Ca,ca+e,1.6000000238418579,7.9107069970000001,29.270233154,29.556135178000002
2931,Ca,ca+e,1.6000000238418579,1.801991463,21.403392791999998,34.890579224
2932,O,oc10,-0.89999997615814209,1.230436087,21.716417313000001,31.038030624000001
2933,O,oc7,-0.89999997615814209,-1.2837833169999999,23.318117141999998,33.427429199000002
2934,O,oc7,-0.89999997615814209,1.2474894519999999,21.764778137,28.066152573
2935,O,oc8,-0.89999997615814209,-1.2811444999999999,23.281162261999999,36.433010101000001
2936,O,o*,-0.81999999284744263,3.4608714580000002,20.415367126,33.152694701999998
2937,O,o*,-0.81999999284744263,6.2966647150000004,30.258951187000001,31.304767608999999
2938,O,o*,-0.81999999284744263,3.485831261,20.398340224999998,36.601848601999997
2939,O,o*,-0.81999999284744263,6.4453363420000001,30.558261870999999,27.927791594999999
2940,O,o*,-0.81999999284744263,4.0229182239999997,23.283546447999999,23.928403853999999
2941,O,o*,-0.81999999284744263,5.5622453690000002,27.155006408999999,40.322727202999999
2942,O,o*,-0.81999999284744263,4.0119614600000002,23.038167952999999,34.749469757
2943,O,o*,-0.81999999284744263,5.6821589469999996,27.721204757999999,29.406492233000002
2944,O,oc11,-0.60000002384185791,6.5509443279999999,22.522270203000001,41.258422852000002
2945,O,oc11,-0.60000002384185791,6.4830498700000003,22.506820679,28.093961715999999
2946,O,oc11,-0.60000002384185791,6.5308346750000004,22.513711928999999,33.856849670000003
2947,O,oc11,-0.60000002384185791,6.0381398199999996,21.191591262999999,43.230804442999997
2948,O,oc11,-0.60000002384185791,6.0963010789999998,21.168148040999998,26.104478835999998
2949,O,oc11,-0.60000002384185791,5.5628848079999997,21.473152161000002,31.896310805999999
2950,O,o*,-0.81999999284744263,6.1708912849999997,20.952758789000001,37.458141327
2951,S,s',0.60000002384185791,6.5188841819999999,22.512916565000001,42.746868134000003
2952,S,s',0.60000002384185791,6.4804267879999999,22.5082798,26.607194901
2953,S,s',0.60000002384185791,6.4975228310000004,22.525901793999999,32.371536255000002
2954,H,h*,0.40999999642372131,6.0781202319999998,31.208152771000002,31.485687255999999
2955,H,h*,0.40999999642372131,5.4700164789999999,29.834190369000002,31.650712967
2956,H,h*,0.40999999642372131,4.3661727910000003,20.669193268000001,36.950218200999998
2957,H,h*,0.40999999642372131,3.6100888250000001,19.415708542000001,36.667224883999999
2958,H,h*,0.40999999642372131,6.4101376529999996,31.393596648999999,27.396184921
2959,H,h*,0.40999999642372131,5.6278452870000004,30.132551193000001,27.575691223
2960,H,h*,0.40999999642372131,4.6716022490000002,23.273576735999999,23.179269790999999
2961,H,h*,0.40999999642372131,4.6521649360000001,23.324171066000002,24.693649292
2962,H,h*,0.40999999642372131,4.8445191379999999,27.476692199999999,39.724491119
2963,H,h*,0.40999999642372131,5.0589251519999996,27.182334900000001,41.174526215
2964,H,h*,0.40999999642372131,4.8721542360000001,22.912107467999999,34.272201537999997
2965,H,h*,0.40999999642372131,3.7609112260000002,23.947099686000001,34.467094420999999
2966,H,h*,0.40999999642372131,5.8156542780000002,26.747182846000001,29.467010498
2967,H,h*,0.40999999642372131,4.7829942699999997,27.811895369999998,29.810478209999999
2968,H,h*,0.40999999642372131,4.2600474359999998,20.840217590000002,32.749691009999999
2969,H,h*,0.40999999642372131,3.6464231009999999,19.470212935999999,32.917907714999998
2970,H,h*,0.40999999642372131,6.9376516339999998,21.334968567000001,37.948326111
2971,H,h*,0.40999999642372131,6.6292395590000002,20.713163376000001,36.614727019999997
2972,Al,ac2,1.2000000476837158,0.028979386999999999,22.526609421,37.60452652
2973,H,hoc,0.34999999403953552,-2.0283219809999999,23.722826004000002,33.006992339999996
2974,H,hoc,0.34999999403953552,1.9996693130000001,21.357185363999999,27.658988953000001
2975,H,hoc,0.34999999403953552,-2.0118129250000001,23.705295563,36.859859467
2976,H,hoc,0.34999999403953552,1.961337924,21.281980515000001,31.455039977999999
2977,Ca,ca+e,1.6000000238418579,1.8299984929999999,23.524946213,29.559103012000001
2978,Ca,ca+e,1.6000000238418579,7.8782501219999999,27.144592285000002,34.933540344000001
2979,O,oc9,-0.89999997615814209,-1.3692387340000001,21.813726424999999,31.054546355999999
2980,O,oc6,-0.89999997615814209,1.292009234,23.216062546,33.405941009999999
2981,O,oc6,-0.89999997615814209,-1.3398141859999999,21.791816710999999,28.045372009000001
2982,O,oc9,-0.89999997615814209,1.320442796,23.274915695000001,36.408866881999998
2983,O,o*,-0.81999999284744263,6.182891369,26.140394211,33.242000580000003
2984,O,o*,-0.81999999284744263,3.516212463,24.456216812000001,31.27878952
2985,O,o*,-0.81999999284744263,6.2072858809999998,26.238485336,36.687564850000001
2986,O,o*,-0.81999999284744263,3.7060506339999999,24.099714279000001,27.934373856000001
2987,O,o*,-0.81999999284744263,8.4426422120000009,24.282428741,23.954538345
2988,O,o*,-0.81999999284744263,1.2980694770000001,26.678306580000001,40.272983551000003
2989,O,o*,-0.81999999284744263,8.1359767909999992,24.335943222000001,35.080291748
2990,O,o*,-0.81999999284744263,1.639965653,26.246273040999998,29.327924727999999
2991,O,oc11,-0.60000002384185791,5.6008305549999999,23.575798034999998,43.234085082999997
2992,O,oc11,-0.60000002384185791,5.512104034,23.515485764000001,26.111795425
2993,O,oc11,-0.60000002384185791,6.0249905589999999,23.854997635,31.906484603999999
2994,O,o*,-0.81999999284744263,5.2315602300000004,23.622318268000001,37.193893433
2995,H,h*,0.40999999642372131,4.4449710849999997,24.162906647,31.461387634000001
2996,H,h*,0.40999999642372131,3.5721201900000001,25.381614684999999,31.632089615000002
2997,H,h*,0.40999999642372131,5.9762473109999998,25.297464371,36.872886657999999
2998,H,h*,0.40999999642372131,5.2911567689999996,26.614189148000001,36.753311156999999
2999,H,h*,0.40999999642372131,3.8431663509999998,25.044284821000002,27.690977097000001
3000,H,h*,0.40999999642372131,4.4381065370000004,23.705720900999999,27.394855498999998
3001,H,h*,0.40999999642372131,8.1167249679999998,23.730211258000001,23.198625565
3002,H,h*,0.40999999642372131,8.146611214,23.713283538999999,24.710796355999999
3003,H,h*,0.40999999642372131,1.9598630669999999,27.126066208000001,39.689788817999997
3004,H,h*,0.40999999642372131,1.561259151,27.098239898999999,41.130115508999999
3005,H,h*,0.40999999642372131,7.6066884989999997,23.679056167999999,34.557697296000001
3006,H,h*,0.40999999642372131,9.0493822099999992,24.125516891,34.778968810999999
3007,H,h*,0.40999999642372131,0.71974748399999999,26.587543488000001,29.416841507000001
3008,H,h*,0.40999999642372131,2.1480407709999998,26.961050033999999,29.789649962999999
3009,H,h*,0.40999999642372131,5.2876391409999997,26.47359848,32.975749968999999
3010,H,h*,0.40999999642372131,6.155843258,25.251876831000001,32.803943633999999
3011,H,h*,0.40999999642372131,4.8006615640000003,23.364768982000001,36.344314574999999
3012,H,h*,0.40999999642372131,5.4716153140000001,22.725421906000001,37.520954132
3013,H,hoc,0.34999999403953552,2.0037519929999998,23.663114547999999,32.972244263
3014,H,hoc,0.34999999403953552,-2.0806331629999999,21.370510101000001,27.631521225
3015,H,hoc,0.34999999403953552,2.0603275299999999,23.697105407999999,36.821666718000003
3016,H,hoc,0.34999999403953552,-2.1293993000000002,21.439195633000001,31.477716445999999
3017,Ca,ca+e,1.6000000238418579,9.6254634859999992,26.049270629999999,29.556146622
3018,Ca,ca+e,1.6000000238418579,0.053363197000000001,24.654815674000002,34.915069580000001
3019,O,oc8,-0.89999997615814209,0.016047120000000002,24.017881393,31.047487259
3020,O,oc5,-0.89999997615814209,-0.089114681000000001,21.020763397,33.416126251000001
3021,O,oc5,-0.89999997615814209,-0.025417750999999999,24.019849777000001,28.056917191
3022,O,oc10,-0.89999997615814209,0.011223059000000001,21.025379181000002,36.420230865000001
3023,O,o*,-0.81999999284744263,0.010165627999999999,26.597929001000001,33.189643859999997
3024,O,o*,-0.81999999284744263,9.6912307739999992,24.103424071999999,31.249458313000002
3025,O,o*,-0.81999999284744263,0.076804577999999998,26.608850479000001,36.647506714000002
3026,O,o*,-0.81999999284744263,-0.60251533999999995,18.532718658,27.931308745999999
3027,O,o*,-0.81999999284744263,7.1138701439999998,31.274124145999998,23.928644179999999
3028,O,o*,-0.81999999284744263,3.0272223949999999,19.330574036000002,40.316356659
3029,O,o*,-0.81999999284744263,7.2470655439999998,31.405094147,34.966529846
3030,O,o*,-0.81999999284744263,2.4085602760000002,19.148386001999999,29.199563980000001
3031,O,oc11,-0.60000002384185791,7.885967731,22.763748168999999,43.275821686
3032,O,oc11,-0.60000002384185791,7.8325462339999996,22.846469879000001,26.103321075
3033,O,oc11,-0.60000002384185791,7.8624787329999997,22.264360428,31.845645905000001
3034,O,o*,-0.81999999284744263,8.0650186539999993,23.039039612,37.666503906000003
3035,H,h*,0.40999999642372131,8.9639616009999994,23.456228255999999,31.437393188000001
3036,H,h*,0.40999999642372131,10.452666282999999,23.601810454999999,31.639671325999998
3037,H,h*,0.40999999642372131,-0.58203422999999999,27.253067016999999,36.993804932000003
3038,H,h*,0.40999999642372131,0.87921410799999999,27.191225052,36.697471618999998
3039,H,h*,0.40999999642372131,-1.3280406,18.120948792,27.396617889000002
3040,H,h*,0.40999999642372131,0.10563882400000001,17.886695862,27.708538055000002
3041,H,h*,0.40999999642372131,6.7306790349999996,31.775432587000001,24.694042205999999
3042,H,h*,0.40999999642372131,6.7886400220000001,31.838350296000002,23.181667328
3043,H,h*,0.40999999642372131,3.0889644619999999,18.534297942999999,39.734085082999997
3044,H,h*,0.40999999642372131,3.238989353,18.893606186,41.178691864000001
3045,H,h*,0.40999999642372131,6.6121969219999999,30.723367691,34.647041321000003
3046,H,h*,0.40999999642372131,6.9601140020000001,32.199512482000003,34.445381165000001
3047,H,h*,0.40999999642372131,2.752483368,18.397159576,29.749820709000002
3048,H,h*,0.40999999642372131,3.1231999400000001,19.813915253000001,29.342658997000001
3049,H,h*,0.40999999642372131,-0.74080944100000001,27.081668854,32.760681151999997
3050,H,h*,0.40999999642372131,0.74994462699999997,27.216663360999998,32.959640503000003
3051,H,h*,0.40999999642372131,7.6275177000000003,23.630928040000001,38.326148987000003
3052,H,h*,0.40999999642372131,7.8845658299999997,23.549943924000001,36.839797974
3053,H,hoc,0.34999999403953552,-0.074841797000000002,20.174629210999999,32.992286682
3054,H,hoc,0.34999999403953552,-0.042712792999999999,24.874534607000001,27.648580550999998
3055,H,hoc,0.34999999403953552,0.008739218,20.177473068000001,36.841228485000002
3056,H,hoc,0.34999999403953552,0.024540982999999999,24.865591048999999,31.469642639
3057,Ca,ca+e,1.6000000238418579,11.592187880999999,29.270233154,40.296134948999999
3058,Ca,ca+e,1.6000000238418579,-1.801997066,21.403392791999998,24.150577545000001
3059,O,oc9,-0.89999997615814209,8.521008492,27.346418380999999,20.298030853
3060,O,oc6,-0.89999997615814209,11.035227775999999,28.948116301999999,22.687429428000002
3061,O,oc6,-0.89999997615814209,8.5039548870000008,27.394779204999999,38.806152343999997
3062,O,oc9,-0.89999997615814209,11.032588959,28.911163330000001,25.69301033
3063,O,o*,-0.81999999284744263,-3.4608771800000002,20.415367126,22.412694931000001
3064,O,o*,-0.81999999284744263,13.206230164000001,30.258951187000001,42.044769287000001
3065,O,o*,-0.81999999284744263,-3.4858367440000002,20.398340224999998,25.861848831
3066,O,o*,-0.81999999284744263,13.05755806,30.558261870999999,38.667793273999997
3067,O,o*,-0.81999999284744263,-4.0229244230000001,23.283546447999999,34.668403625000003
3068,O,o*,-0.81999999284744263,13.940649033,27.155006408999999,29.582725525000001
3069,O,o*,-0.81999999284744263,-4.0119667049999999,23.038167952999999,24.009468079000001
3070,O,o*,-0.81999999284744263,13.820735931,27.721204757999999,40.146492004000002
3071,O,oc11,-0.60000002384185791,13.464755058,21.191591262999999,32.490802764999998
3072,O,oc11,-0.60000002384185791,13.406593322999999,21.168148040999998,36.844478606999999
3073,O,oc11,-0.60000002384185791,13.940010071,21.473152161000002,21.156311035000002
3074,O,o*,-0.81999999284744263,13.332003593,20.952758789000001,26.718141555999999
3075,H,h*,0.40999999642372131,13.424774169999999,31.208152771000002,42.225685120000001
3076,H,h*,0.40999999642372131,14.032877922000001,29.834190369000002,42.390712737999998
3077,H,h*,0.40999999642372131,-3.610093832,19.415708542000001,25.927225112999999
3078,H,h*,0.40999999642372131,-4.3661785130000004,20.669193268000001,26.210216522
3079,H,h*,0.40999999642372131,13.875049591,30.132551193000001,38.315692902000002
3080,H,h*,0.40999999642372131,13.092757225,31.393596648999999,38.136184692
3081,H,h*,0.40999999642372131,-4.6716079710000002,23.273576735999999,33.919269561999997
3082,H,h*,0.40999999642372131,-4.6521701809999998,23.324171066000002,35.433650970000002
3083,H,h*,0.40999999642372131,14.443969727000001,27.182334900000001,30.434526442999999
3084,H,h*,0.40999999642372131,14.658374786,27.476692199999999,28.984489441000001
3085,H,h*,0.40999999642372131,-3.7609164709999998,23.947099686000001,23.727094650000002
3086,H,h*,0.40999999642372131,-4.8721599580000001,22.912107467999999,23.532199859999999
3087,H,h*,0.40999999642372131,13.687240600999999,26.747182846000001,40.207012177000003
3088,H,h*,0.40999999642372131,14.719900130999999,27.811893463000001,40.550479889000002
3089,H,h*,0.40999999642372131,-4.2600536350000002,20.840217590000002,22.009691237999998
3090,H,h*,0.40999999642372131,-3.6464288229999999,19.470212935999999,22.177907944000001
3091,H,h*,0.40999999642372131,12.565242767000001,21.334968567000001,27.208324432000001
3092,H,h*,0.40999999642372131,12.873655318999999,20.713163376000001,25.874727248999999
3093,H,hoc,0.34999999403953552,11.779766083,29.352825164999999,22.266992568999999
3094,H,hoc,0.34999999403953552,7.751775265,26.987184525,38.398990630999997
3095,H,hoc,0.34999999403953552,11.763257027,29.335294724000001,26.119859694999999
3096,H,hoc,0.34999999403953552,7.7901067729999998,26.911979675000001,20.715040207000001
3097,Ca,ca+e,1.6000000238418579,-1.8300045730000001,23.524946213,40.299102783000002
3098,Ca,ca+e,1.6000000238418579,11.624644279,27.144592285000002,24.193540573
3099,O,oc10,-0.89999997615814209,11.12068367,27.443727493000001,20.314544678000001
3100,O,oc7,-0.89999997615814209,8.4594354630000002,28.846061707,22.665941237999998
3101,O,oc5,-0.89999997615814209,11.091259002999999,27.421817780000001,38.785373688
3102,O,oc10,-0.89999997615814209,8.431001663,28.904914856000001,25.668869018999999
3103,O,o*,-0.81999999284744263,13.320003509999999,26.140394211,22.501998901
3104,O,o*,-0.81999999284744263,-3.5162179469999999,24.456216812000001,42.018791198999999
3105,O,o*,-0.81999999284744263,13.295608521,26.238485336,25.947563170999999
3106,O,o*,-0.81999999284744263,-3.7060563559999999,24.099714279000001,38.674373627000001
3107,O,o*,-0.81999999284744263,11.06025219,24.282428741,34.694538115999997
3108,O,o*,-0.81999999284744263,-1.298075557,26.678306580000001,29.532983779999999
3109,O,o*,-0.81999999284744263,11.36691761,24.335943222000001,24.340290069999998
3110,O,o*,-0.81999999284744263,-1.639971614,26.246273040999998,40.067924499999997
3111,O,oc11,-0.60000002384185791,13.902064322999999,23.575798034999998,32.494083404999998
3112,O,oc11,-0.60000002384185791,13.990790367000001,23.515485764000001,36.851795197000001
3113,O,oc11,-0.60000002384185791,13.47790432,23.854997635,21.166484832999998
3114,O,o*,-0.81999999284744263,14.271333694000001,23.622318268000001,26.453893660999999
3115,H,h*,0.40999999642372131,-3.572125196,25.381614684999999,42.372089385999999
3116,H,h*,0.40999999642372131,-4.4449768069999998,24.162906647,42.201385498
3117,H,h*,0.40999999642372131,14.211737633,26.614187241,26.013311386000002
3118,H,h*,0.40999999642372131,13.526647568,25.297464371,26.132884979
3119,H,h*,0.40999999642372131,-3.8431718350000001,25.044284821000002,38.430976868000002
3120,H,h*,0.40999999642372131,-4.4381122590000004,23.705720900999999,38.134857177999997
3121,H,h*,0.40999999642372131,11.356283188000001,23.713283538999999,35.450794219999999
3122,H,h*,0.40999999642372131,11.386169433999999,23.730211258000001,33.938625336000001
3123,H,h*,0.40999999642372131,-1.5612648730000001,27.098239898999999,30.390115737999999
3124,H,h*,0.40999999642372131,-1.959868312,27.126066208000001,28.949787140000002
3125,H,h*,0.40999999642372131,11.896205902,23.679056167999999,23.817697525
3126,H,h*,0.40999999642372131,10.453512192,24.125516891,24.038969040000001
3127,H,h*,0.40999999642372131,-0.71975219199999996,26.587543488000001,40.156841278000002
3128,H,h*,0.40999999642372131,-2.1480453009999998,26.961048126000001,40.529651641999997
3129,H,h*,0.40999999642372131,13.34705162,25.251876831000001,22.06394577
3130,H,h*,0.40999999642372131,14.215255737,26.47359848,22.235748291
3131,H,h*,0.40999999642372131,14.031279564,22.725421906000001,26.780954360999999
3132,H,h*,0.40999999642372131,14.702233315000001,23.364768982000001,25.604314804000001
3133,H,hoc,0.34999999403953552,7.7476925850000002,29.293113708,22.232242584000002
3134,H,hoc,0.34999999403953552,11.832077979999999,27.000509262000001,38.371520996000001
3135,H,hoc,0.34999999403953552,7.6911168099999996,29.327104567999999,26.081668854
3136,H,hoc,0.34999999403953552,11.880844116,27.069196700999999,20.737716675000001
3137,Al,ac2,1.2000000476837158,9.7167797090000008,28.145708083999999,32.229553223000003
3138,Ca,ca+e,1.6000000238418579,-1.840742946,23.640232086000001,29.556135178000002
3139,Ca,ca+e,1.6000000238418579,11.553441048,27.033391952999999,34.890579224
3140,O,oc10,-0.89999997615814209,10.981885910000001,27.346418380999999,31.038030624000001
3141,O,oc7,-0.89999997615814209,8.4676666259999998,28.948116301999999,33.427429199000002
3142,O,oc7,-0.89999997615814209,10.998939514,27.394779204999999,28.066152573
3143,O,oc8,-0.89999997615814209,8.4703054430000009,28.911163330000001,36.433010101000001
3144,O,o*,-0.81999999284744263,13.212321280999999,26.045368194999998,33.152694701999998
3145,O,o*,-0.81999999284744263,-3.4547851089999999,24.628950118999999,31.304767608999999
3146,O,o*,-0.81999999284744263,13.237280846000001,26.028341293,36.601848601999997
3147,O,o*,-0.81999999284744263,-3.3061130049999998,24.928262710999999,27.927791594999999
3148,O,o*,-0.81999999284744263,13.774368286,28.913547516000001,23.928403853999999
3149,O,o*,-0.81999999284744263,-4.1892042160000003,21.525005341,40.322727202999999
3150,O,o*,-0.81999999284744263,13.763411522,28.668167113999999,34.749469757
3151,O,o*,-0.81999999284744263,-4.0692911150000004,22.091205596999998,29.406492233000002
3152,O,oc11,-0.60000002384185791,-3.2005050179999999,28.152271271,41.258422852000002
3153,O,oc11,-0.60000002384185791,-3.2684009079999998,28.136819839000001,28.093961715999999
3154,O,oc11,-0.60000002384185791,-3.2206161020000001,28.14371109,33.856849670000003
3155,O,oc11,-0.60000002384185791,-3.7133100030000001,26.821592331000002,43.230804442999997
3156,O,oc11,-0.60000002384185791,-3.655148268,26.798147201999999,26.104478835999998
3157,O,oc11,-0.60000002384185791,-4.1885652540000002,27.103151320999999,31.896310805999999
3158,O,o*,-0.81999999284744263,-3.580558538,26.582759856999999,37.458141327
3159,S,s',0.60000002384185791,-3.2325656409999999,28.142915725999998,42.746868134000003
3160,S,s',0.60000002384185791,-3.2710235120000002,28.138278961000001,26.607194901
3161,S,s',0.60000002384185791,-3.2539279460000001,28.155902863000001,32.371536255000002
3162,H,h*,0.40999999642372131,-3.6733300689999999,25.578153610000001,31.485687255999999
3163,H,h*,0.40999999642372131,-4.2814331049999996,24.204191208000001,31.650712967
3164,H,h*,0.40999999642372131,14.117623329000001,26.299194335999999,36.950218200999998
3165,H,h*,0.40999999642372131,13.361538887,25.045709609999999,36.667224883999999
3166,H,h*,0.40999999642372131,-3.341313124,25.763597487999998,27.396184921
3167,H,h*,0.40999999642372131,-4.1236047740000004,24.502550124999999,27.575691223
3168,H,h*,0.40999999642372131,14.423052788,28.903575897,23.179269790999999
3169,H,h*,0.40999999642372131,14.403614998,28.954170226999999,24.693649292
3170,H,h*,0.40999999642372131,-4.906930923,21.846693039000002,39.724491119
3171,H,h*,0.40999999642372131,-4.6925249100000004,21.552335739,41.174526215
3172,H,h*,0.40999999642372131,14.623604774,28.542108536000001,34.272201537999997
3173,H,h*,0.40999999642372131,13.512361525999999,29.577098845999998,34.467094420999999
3174,H,h*,0.40999999642372131,-3.935795546,21.117181777999999,29.467010498
3175,H,h*,0.40999999642372131,-4.9684562679999997,22.181894302,29.810478209999999
3176,H,h*,0.40999999642372131,14.011497498000001,26.470216750999999,32.749691009999999
3177,H,h*,0.40999999642372131,13.397872925,25.100212097,32.917907714999998
3178,H,h*,0.40999999642372131,-2.813797712,26.964967728000001,37.948326111
3179,H,h*,0.40999999642372131,-3.122210264,26.343162537000001,36.614727019999997
3180,Al,ac2,1.2000000476837158,9.78042984,28.156608582,37.60452652
3181,H,hoc,0.34999999403953552,7.7231278420000002,29.352825164999999,33.006992339999996
3182,H,hoc,0.34999999403953552,11.751119614,26.987184525,27.658988953000001
3183,H,hoc,0.34999999403953552,7.7396368979999997,29.335294724000001,36.859859467
3184,H,hoc,0.34999999403953552,11.712787627999999,26.911979675000001,31.455039977999999
3185,Ca,ca+e,1.6000000238418579,11.581448555,29.154945374,29.559103012000001
3186,Ca,ca+e,1.6000000238418579,-1.8732002969999999,21.514591217,34.933540344000001
3187,O,oc9,-0.89999997615814209,8.3822116849999997,27.443727493000001,31.054546355999999
3188,O,oc6,-0.89999997615814209,11.043458939000001,28.846061707,33.405941009999999
3189,O,oc6,-0.89999997615814209,8.4116353989999997,27.421817780000001,28.045372009000001
3190,O,oc9,-0.89999997615814209,11.071892738000001,28.904914856000001,36.408866881999998
3191,O,o*,-0.81999999284744263,-3.5685584549999998,20.510393143000002,33.242000580000003
3192,O,o*,-0.81999999284744263,13.267663002000001,30.08621788,31.27878952
3193,O,o*,-0.81999999284744263,-3.544163465,20.608484268000002,36.687564850000001
3194,O,o*,-0.81999999284744263,13.457500458,29.729713440000001,27.934373856000001
3195,O,o*,-0.81999999284744263,-1.3088082080000001,18.652429581,23.954538345
3196,O,o*,-0.81999999284744263,11.049519539,32.308307648000003,40.272983551000003
3197,O,o*,-0.81999999284744263,-1.6154736279999999,18.705944061,35.080291748
3198,O,o*,-0.81999999284744263,11.391415596,31.876272201999999,29.327924727999999
3199,O,oc11,-0.60000002384185791,-4.150619507,29.205799103,43.234085082999997
3200,O,oc11,-0.60000002384185791,-4.2393465040000002,29.145484924000002,26.111795425
3201,O,oc11,-0.60000002384185791,-3.7264592649999999,29.484996796000001,31.906484603999999
3202,O,o*,-0.81999999284744263,-4.5198898319999996,29.252317429000001,37.193893433
3203,H,h*,0.40999999642372131,14.196421623000001,29.792905807,31.461387634000001
3204,H,h*,0.40999999642372131,13.323570251,31.011613845999999,31.632089615000002
3205,H,h*,0.40999999642372131,-3.775202513,19.66746521,36.872886657999999
3206,H,h*,0.40999999642372131,-4.4602937699999998,20.984188079999999,36.753311156999999
3207,H,h*,0.40999999642372131,13.594615936,30.674285889,27.690977097000001
3208,H,h*,0.40999999642372131,14.189557076,29.335721970000002,27.394855498999998
3209,H,h*,0.40999999642372131,-1.634724498,18.100212097,23.198625565
3210,H,h*,0.40999999642372131,-1.604838252,18.083284377999998,24.710796355999999
3211,H,h*,0.40999999642372131,11.711313248,32.756065368999998,39.689788817999997
3212,H,h*,0.40999999642372131,11.312708855,32.728240966999998,41.130115508999999
3213,H,h*,0.40999999642372131,-2.1447608470000001,18.049057006999998,34.557697296000001
3214,H,h*,0.40999999642372131,-0.70206725599999997,18.495517731,34.778968810999999
3215,H,h*,0.40999999642372131,10.471197128,32.217544556,29.416841507000001
3216,H,h*,0.40999999642372131,11.899490355999999,32.591049194,29.789649962999999
3217,H,h*,0.40999999642372131,-4.4638109210000003,20.843599318999999,32.975749968999999
3218,H,h*,0.40999999642372131,-3.5956065650000002,19.621875762999998,32.803943633999999
3219,H,h*,0.40999999642372131,-4.9507884979999996,28.994768143000002,36.344314574999999
3220,H,h*,0.40999999642372131,-4.2798347469999998,28.355421066000002,37.520954132
3221,H,hoc,0.34999999403953552,11.755202293,29.293113708,32.972244263
3222,H,hoc,0.34999999403953552,7.670816898,27.000509262000001,27.631521225
3223,H,hoc,0.34999999403953552,11.811778069000001,29.327104567999999,36.821666718000003
3224,H,hoc,0.34999999403953552,7.6220507619999998,27.069196700999999,31.477716445999999
3225,Ca,ca+e,1.6000000238418579,-0.12598693399999999,20.419271469000002,29.556146622
3226,Ca,ca+e,1.6000000238418579,9.8048133849999992,30.284814834999999,34.915073395
3227,O,oc8,-0.89999997615814209,9.7674970630000004,29.647880554,31.047487259
3228,O,oc5,-0.89999997615814209,9.6623353959999996,26.650764465000002,33.416126251000001
3229,O,oc5,-0.89999997615814209,9.726032257,29.649848938000002,28.056917191
3230,O,oc10,-0.89999997615814209,9.7626733780000006,26.655380249,36.420230865000001
3231,O,o*,-0.81999999284744263,9.7616157529999992,32.227928161999998,33.189643859999997
3232,O,o*,-0.81999999284744263,-0.060219641999999997,18.473423004000001,31.249458313000002
3233,O,o*,-0.81999999284744263,9.8282547000000005,32.238849639999998,36.647506714000002
3234,O,o*,-0.81999999284744263,9.1489343640000005,24.162719726999999,27.931308745999999
3235,O,o*,-0.81999999284744263,-2.6375796789999999,25.644124985000001,23.928644179999999
3236,O,o*,-0.81999999284744263,12.778672218000001,24.960573195999999,40.316356659
3237,O,o*,-0.81999999284744263,-2.504383802,25.775094985999999,34.966529846
3238,O,o*,-0.81999999284744263,12.160010337999999,24.778385161999999,29.199563980000001
3239,O,oc11,-0.60000002384185791,-1.8654812569999999,28.393749237000002,43.275821686
3240,O,oc11,-0.60000002384185791,-1.9189041849999999,28.476469040000001,26.103321075
3241,O,oc11,-0.60000002384185791,-1.888972163,27.894361495999998,31.845645905000001
3242,O,o*,-0.81999999284744263,-1.6864327189999999,28.669038773,37.666503906000003
3243,H,h*,0.40999999642372131,-0.78748786400000004,17.826227188000001,31.437393188000001
3244,H,h*,0.40999999642372131,0.70121681700000005,17.971811294999998,31.639671325999998
3245,H,h*,0.40999999642372131,9.1694154739999991,32.883068084999998,36.993804932000003
3246,H,h*,0.40999999642372131,10.630663872,32.821224213000001,36.697471618999998
3247,H,h*,0.40999999642372131,8.4234094620000004,23.750949859999999,27.396617889000002
3248,H,h*,0.40999999642372131,9.8570890430000002,23.516696929999998,27.708538055000002
3249,H,h*,0.40999999642372131,-3.020771742,26.145433426,24.694042205999999
3250,H,h*,0.40999999642372131,-2.9628093240000002,26.208351135000001,23.181667328
3251,H,h*,0.40999999642372131,12.840415001,24.164299011000001,39.734085082999997
3252,H,h*,0.40999999642372131,12.990439415000001,24.523605347,41.178691864000001
3253,H,h*,0.40999999642372131,-3.1392524239999999,25.093368529999999,34.647041321000003
3254,H,h*,0.40999999642372131,-2.791336775,26.569513320999999,34.445381165000001
3255,H,h*,0.40999999642372131,12.503932953,24.027160644999999,29.749820709000002
3256,H,h*,0.40999999642372131,12.874650001999999,25.443916321,29.342658997000001
3257,H,h*,0.40999999642372131,9.0106401439999999,32.711669921999999,32.760681151999997
3258,H,h*,0.40999999642372131,10.501394272000001,32.846664429,32.959640503000003
3259,H,h*,0.40999999642372131,-2.1239325999999998,29.260927200000001,38.326148987000003
3260,H,h*,0.40999999642372131,-1.866885066,29.179944991999999,36.839797974
3261,H,hoc,0.34999999403953552,9.6766080859999999,25.804628372,32.992286682
3262,H,hoc,0.34999999403953552,9.7087373729999999,30.504533768000002,27.648580550999998
3263,H,hoc,0.34999999403953552,9.7601890559999998,25.807472228999998,36.841228485000002
3264,H,hoc,0.34999999403953552,9.7759914400000003,30.495592117000001,31.469642639
3265,Ca,ca+e,1.6000000238418579,1.8407374620000001,34.900234222000002,18.816135406000001
3266,Ca,ca+e,1.6000000238418579,7.9494528769999997,38.293392181000002,2.6705775260000002
3267,O,oc9,-0.89999997615814209,-1.23044157,32.976417542,-1.181969643
3268,O,oc6,-0.89999997615814209,1.283777833,34.578117370999998,1.207429171
3269,O,oc6,-0.89999997615814209,-1.2474949360000001,33.024780272999998,17.326152801999999
3270,O,oc9,-0.89999997615814209,1.281139016,34.541164397999999,4.2130103109999997
3271,O,o*,-0.81999999284744263,6.2905731200000004,37.305366515999999,0.93269521
3272,O,o*,-0.81999999284744263,3.454780102,35.888950348000002,20.564767838000002
3273,O,o*,-0.81999999284744263,6.2656130790000004,37.288341522000003,4.3818497660000002
3274,O,o*,-0.81999999284744263,3.306108236,36.188262938999998,17.187791824000001
3275,O,o*,-0.81999999284744263,5.7285261150000002,40.173545836999999,13.188404083
3276,O,o*,-0.81999999284744263,4.1891989709999997,32.785007477000001,8.1027259829999991
3277,O,o*,-0.81999999284744263,5.7394828799999997,39.928169250000003,2.5294678209999999
3278,O,o*,-0.81999999284744263,4.0692853930000004,33.351203918000003,18.666492462000001
3279,O,oc11,-0.60000002384185791,3.7133045199999999,38.081592559999997,11.010802268999999
3280,O,oc11,-0.60000002384185791,3.6551432610000001,38.058147429999998,15.364478111
3281,O,oc11,-0.60000002384185791,4.1885600089999997,38.363151549999998,-0.32368952000000001
3282,O,o*,-0.81999999284744263,3.5805535320000001,37.842758179,5.2381410600000002
3283,H,h*,0.40999999642372131,3.673324585,36.838153839,20.745685577
3284,H,h*,0.40999999642372131,4.28142786,35.464191436999997,20.910713196
3285,H,h*,0.40999999642372131,6.1413559910000002,36.305709839000002,4.4472246169999998
3286,H,h*,0.40999999642372131,5.3852715489999996,37.559192656999997,4.7302169799999998
3287,H,h*,0.40999999642372131,4.1235990520000003,35.762550353999998,16.835691451999999
3288,H,h*,0.40999999642372131,3.3413071630000002,37.023597717000001,16.656185149999999
3289,H,h*,0.40999999642372131,5.0798420909999997,40.163574218999997,12.43927002
3290,H,h*,0.40999999642372131,5.0992798810000002,40.214168549,13.953650475
3291,H,h*,0.40999999642372131,4.6925191880000003,32.812335967999999,8.9545259480000006
3292,H,h*,0.40999999642372131,4.906925201,33.106693268000001,7.5044889450000003
3293,H,h*,0.40999999642372131,5.9905333519999999,40.837100982999999,2.247094631
3294,H,h*,0.40999999642372131,4.8792901039999999,39.802108765,2.052199602
3295,H,h*,0.40999999642372131,3.9357900620000001,32.377182007000002,18.727010727
3296,H,h*,0.40999999642372131,4.9684505459999997,33.441894531000003,19.070478438999999
3297,H,h*,0.40999999642372131,5.4913969040000001,37.730216980000002,0.52969205399999997
3298,H,h*,0.40999999642372131,6.1050214770000002,36.360214233000001,0.69790720900000003
3299,H,h*,0.40999999642372131,2.8137929439999998,38.224967956999997,5.7283248899999997
3300,H,h*,0.40999999642372131,3.1222050189999999,37.603160858000003,4.3947277070000004
3301,H,hoc,0.34999999403953552,2.0283164980000001,34.982826232999997,0.78699260999999998
3302,H,hoc,0.34999999403953552,-1.9996747969999999,32.617183685000001,16.918989182000001
3303,H,hoc,0.34999999403953552,2.0118074419999998,34.965293883999998,4.6398601529999999
3304,H,hoc,0.34999999403953552,-1.9613434080000001,32.541980743000003,-0.764959693
3305,Ca,ca+e,1.6000000238418579,7.9214458470000002,40.414947509999998,18.819103241000001
3306,Ca,ca+e,1.6000000238418579,1.8731943369999999,32.774593353,2.7135405540000002
3307,O,oc10,-0.89999997615814209,1.369233251,33.073726653999998,-1.1654543879999999
3308,O,oc7,-0.89999997615814209,-1.2920147179999999,34.476062775000003,1.1859411
3309,O,oc5,-0.89999997615814209,1.339808702,33.051818848000003,17.305372238
3310,O,oc10,-0.89999997615814209,-1.320448399,34.534915924000003,4.188868523
3311,O,o*,-0.81999999284744263,3.5685529709999999,31.770393372000001,1.021998763
3312,O,o*,-0.81999999284744263,6.2352318760000003,41.346218108999999,20.538789748999999
3313,O,o*,-0.81999999284744263,3.5441584590000001,31.868484497000001,4.4675641060000002
3314,O,o*,-0.81999999284744263,6.0453939439999997,40.989715576000002,17.194374084
3315,O,o*,-0.81999999284744263,1.3088020090000001,29.912429809999999,13.214537621
3316,O,o*,-0.81999999284744263,8.4533748630000005,43.568305969000001,8.0529832839999997
3317,O,o*,-0.81999999284744263,1.615468025,29.965944289999999,2.860291004
3318,O,o*,-0.81999999284744263,8.1114788059999992,43.136272429999998,18.587924956999998
3319,O,oc11,-0.60000002384185791,4.1506142620000004,40.465797424000002,11.014084816
3320,O,oc11,-0.60000002384185791,4.2393403049999998,40.405487061000002,15.371795654
3321,O,oc11,-0.60000002384185791,3.7264540199999998,40.744998932000001,-0.313515812
3322,O,o*,-0.81999999284744263,4.5198841090000004,40.512317656999997,4.9738936420000002
3323,H,h*,0.40999999642372131,6.1793241500000002,42.271614075000002,20.892089844000001
3324,H,h*,0.40999999642372131,5.3064732550000002,41.052906036000003,20.721385955999999
3325,H,h*,0.40999999642372131,4.4602875710000003,32.244186401,4.533311844
3326,H,h*,0.40999999642372131,3.7751972679999999,30.927465438999999,4.6528854370000001
3327,H,h*,0.40999999642372131,5.908277988,41.934284210000001,16.950977325
3328,H,h*,0.40999999642372131,5.3133378029999996,40.595722197999997,16.654855728000001
3329,H,h*,0.40999999642372131,1.6048336030000001,29.343284607000001,13.970795631
3330,H,h*,0.40999999642372131,1.6347193719999999,29.360212325999999,12.458625793
3331,H,h*,0.40999999642372131,8.1901855470000005,43.988239288000003,8.9101161960000006
3332,H,h*,0.40999999642372131,7.7915816309999997,44.016067505000002,7.4697875979999999
3333,H,h*,0.40999999642372131,2.1447563170000001,29.309057236000001,2.3376967909999999
3334,H,h*,0.40999999642372131,0.70206201099999999,29.755516052000001,2.5589694980000002
3335,H,h*,0.40999999642372131,9.0316972730000007,43.477542876999998,18.676839827999999
3336,H,h*,0.40999999642372131,7.6034035680000001,43.851047516000001,19.049650192000001
3337,H,h*,0.40999999642372131,3.5956010819999999,30.881875992000001,0.58394533400000004
3338,H,h*,0.40999999642372131,4.4638056759999998,32.103599547999998,0.75574821199999997
3339,H,h*,0.40999999642372131,4.2798295020000001,39.615421294999997,5.3009548190000002
3340,H,h*,0.40999999642372131,4.9507827759999996,40.254768372000001,4.1243147850000001
3341,H,hoc,0.34999999403953552,-2.0037574770000002,34.923114777000002,0.75224268400000005
3342,H,hoc,0.34999999403953552,2.0806276800000001,32.630508423000002,16.891521453999999
3343,H,hoc,0.34999999403953552,-2.0603330139999998,34.957103729000004,4.6016683580000004
3344,H,hoc,0.34999999403953552,2.1293938159999999,32.699195862000003,-0.74228393999999998
3345,Al,ac2,1.2000000476837158,-0.034670650999999997,33.775707245,10.749554634000001
3346,Ca,ca+e,1.6000000238418579,7.9107069970000001,40.530231475999997,8.076135635
3347,Ca,ca+e,1.6000000238418579,1.801991463,32.663391113000003,13.410577774
3348,O,oc10,-0.89999997615814209,1.230436087,32.976417542,9.5580301280000004
3349,O,oc7,-0.89999997615814209,-1.2837833169999999,34.578117370999998,11.947429657000001
3350,O,oc7,-0.89999997615814209,1.2474894519999999,33.024780272999998,6.5861525539999999
3351,O,oc8,-0.89999997615814209,-1.2811444999999999,34.541164397999999,14.953010559000001
3352,O,o*,-0.81999999284744263,3.4608714580000002,31.675367354999999,11.67269516
3353,O,o*,-0.81999999284744263,6.2966647150000004,41.518951416,9.8247680660000007
3354,O,o*,-0.81999999284744263,3.485831261,31.658340454000001,15.121850014
3355,O,o*,-0.81999999284744263,6.4453363420000001,41.818264008,6.4477910999999999
3356,O,o*,-0.81999999284744263,4.0229182239999997,34.543548584,2.4484038350000001
3357,O,o*,-0.81999999284744263,5.5622453690000002,38.41500473,18.842725754
3358,O,o*,-0.81999999284744263,4.0119614600000002,34.298168181999998,13.269468307
3359,O,o*,-0.81999999284744263,5.6821589469999996,38.981204986999998,7.9264931680000004
3360,O,oc11,-0.60000002384185791,6.5509443279999999,33.782268524000003,19.778423309000001
3361,O,oc11,-0.60000002384185791,6.4830498700000003,33.766818999999998,6.6139626500000004
3362,O,oc11,-0.60000002384185791,6.5308346750000004,33.773712158000002,12.376851082
3363,O,oc11,-0.60000002384185791,6.0381398199999996,32.451591491999999,21.750802994000001
3364,O,oc11,-0.60000002384185791,6.0963010789999998,32.428146362,4.6244783399999996
3365,O,oc11,-0.60000002384185791,5.5628848079999997,32.733150481999999,10.41631031
3366,O,o*,-0.81999999284744263,6.1708912849999997,32.212760924999998,15.978141785
3367,S,s',0.60000002384185791,6.5188841819999999,33.772914886000002,21.266866684
3368,S,s',0.60000002384185791,6.4804267879999999,33.768280029000003,5.1271958350000002
3369,S,s',0.60000002384185791,6.4975228310000004,33.785903931,10.891535759
3370,H,h*,0.40999999642372131,6.0781202319999998,42.468154906999999,10.00568676
3371,H,h*,0.40999999642372131,5.4700164789999999,41.094188690000003,10.170713425000001
3372,H,h*,0.40999999642372131,4.3661727910000003,31.929193497,15.470216751000001
3373,H,h*,0.40999999642372131,3.6100888250000001,30.675708771,15.187224388000001
3374,H,h*,0.40999999642372131,6.4101376529999996,42.653598785,5.9161858560000002
3375,H,h*,0.40999999642372131,5.6278452870000004,41.392551421999997,6.0956912040000004
3376,H,h*,0.40999999642372131,4.6716022490000002,34.533576965000002,1.69927001
3377,H,h*,0.40999999642372131,4.6521649360000001,34.584171294999997,3.213650227
3378,H,h*,0.40999999642372131,4.8445191379999999,38.736690521,18.24448967
3379,H,h*,0.40999999642372131,5.0589251519999996,38.442333220999998,19.694526671999999
3380,H,h*,0.40999999642372131,4.8721542360000001,34.172107697000001,12.792200089
3381,H,h*,0.40999999642372131,3.7609112260000002,35.207099915000001,12.987094879000001
3382,H,h*,0.40999999642372131,5.8156542780000002,38.007183075,7.9870114330000002
3383,H,h*,0.40999999642372131,4.7829942699999997,39.071895599000001,8.3304786679999996
3384,H,h*,0.40999999642372131,4.2600474359999998,32.100215912000003,11.269692421
3385,H,h*,0.40999999642372131,3.6464231009999999,30.730213164999999,11.437907219
3386,H,h*,0.40999999642372131,6.9376516339999998,32.594966888000002,16.468326568999998
3387,H,h*,0.40999999642372131,6.6292395590000002,31.973161696999998,15.134727478
3388,Al,ac2,1.2000000476837158,0.028979386999999999,33.786609650000003,16.124525070000001
3389,H,hoc,0.34999999403953552,-2.0283219809999999,34.982826232999997,11.526992798
3390,H,hoc,0.34999999403953552,1.9996693130000001,32.617183685000001,6.1789889340000004
3391,H,hoc,0.34999999403953552,-2.0118129250000001,34.965293883999998,15.379859924
3392,H,hoc,0.34999999403953552,1.961337924,32.541980743000003,9.9750404360000005
3393,Ca,ca+e,1.6000000238418579,1.8299984929999999,34.784946441999999,8.0791025160000007
3394,Ca,ca+e,1.6000000238418579,7.8782501219999999,38.404590607000003,13.453540801999999
3395,O,oc9,-0.89999997615814209,-1.3692387340000001,33.073726653999998,9.5745458600000006
3396,O,oc6,-0.89999997615814209,1.292009234,34.476062775000003,11.925941466999999
3397,O,oc6,-0.89999997615814209,-1.3398141859999999,33.051818848000003,6.5653729439999999
3398,O,oc9,-0.89999997615814209,1.320442796,34.534915924000003,14.928868294000001
3399,O,o*,-0.81999999284744263,6.182891369,37.400394439999999,11.76199913
3400,O,o*,-0.81999999284744263,3.516212463,35.716217041,9.7987899780000003
3401,O,o*,-0.81999999284744263,6.2072858809999998,37.498485565000003,15.207564354000001
3402,O,o*,-0.81999999284744263,3.7060506339999999,35.359714508000003,6.4543738370000003
3403,O,o*,-0.81999999284744263,8.4426422120000009,35.542430877999998,2.4745376110000001
3404,O,o*,-0.81999999284744263,1.2980694770000001,37.938304901000002,18.792982101
3405,O,o*,-0.81999999284744263,8.1359767909999992,35.595943450999997,13.600291252
3406,O,o*,-0.81999999284744263,1.639965653,37.506271362,7.8479251860000003
3407,O,oc11,-0.60000002384185791,5.6008305549999999,34.835800171000002,21.754085540999998
3408,O,oc11,-0.60000002384185791,5.512104034,34.775485992,4.6317958829999997
3409,O,oc11,-0.60000002384185791,6.0249905589999999,35.114997864000003,10.426484108
3410,O,o*,-0.81999999284744263,5.2315602300000004,34.882316588999998,15.71389389
3411,H,h*,0.40999999642372131,4.4449710849999997,35.422904967999997,9.9813871380000005
3412,H,h*,0.40999999642372131,3.5721201900000001,36.641613006999997,10.152090073
3413,H,h*,0.40999999642372131,5.9762473109999998,36.557464600000003,15.392885207999999
3414,H,h*,0.40999999642372131,5.2911567689999996,37.874187468999999,15.273311615000001
3415,H,h*,0.40999999642372131,3.8431663509999998,36.304286957000002,6.2109775540000003
3416,H,h*,0.40999999642372131,4.4381065370000004,34.965721129999999,5.9148554799999999
3417,H,h*,0.40999999642372131,8.1167249679999998,34.990211487000003,1.718625665
3418,H,h*,0.40999999642372131,8.146611214,34.973285675,3.2307958600000002
3419,H,h*,0.40999999642372131,1.9598630669999999,38.386066436999997,18.209787369000001
3420,H,h*,0.40999999642372131,1.561259151,38.358242035000004,19.650115967000001
3421,H,h*,0.40999999642372131,7.6066884989999997,34.939056395999998,13.0776968
3422,H,h*,0.40999999642372131,9.0493822099999992,35.385517120000003,13.298969269000001
3423,H,h*,0.40999999642372131,0.71974748399999999,37.847541808999999,7.9368410110000003
3424,H,h*,0.40999999642372131,2.1480407709999998,38.221050261999999,8.3096504210000006
3425,H,h*,0.40999999642372131,5.2876391409999997,37.733600615999997,11.495748519999999
3426,H,h*,0.40999999642372131,6.155843258,36.511875152999998,11.323945045
3427,H,h*,0.40999999642372131,4.8006615640000003,34.624767302999999,14.864315033
3428,H,h*,0.40999999642372131,5.4716153140000001,33.985420226999999,16.040954589999998
3429,H,hoc,0.34999999403953552,2.0037519929999998,34.923114777000002,11.492242813000001
3430,H,hoc,0.34999999403953552,-2.0806331629999999,32.630508423000002,6.151521206
3431,H,hoc,0.34999999403953552,2.0603275299999999,34.957103729000004,15.341668129
3432,H,hoc,0.34999999403953552,-2.1293993000000002,32.699195862000003,9.9977159499999999
3433,Ca,ca+e,1.6000000238418579,9.6254634859999992,37.309268951,8.0761470790000001
3434,Ca,ca+e,1.6000000238418579,0.053363197000000001,35.914813995000003,13.435070992
3435,O,oc8,-0.89999997615814209,0.016047120000000002,35.277881622000002,9.5674867629999998
3436,O,oc5,-0.89999997615814209,-0.089114681000000001,32.280765533,11.936125755000001
3437,O,oc5,-0.89999997615814209,-0.025417750999999999,35.279850005999997,6.5769176480000002
3438,O,oc10,-0.89999997615814209,0.011223059000000001,32.285381317000002,14.940231323000001
3439,O,o*,-0.81999999284744263,0.010165627999999999,37.857929230000003,11.709644318
3440,O,o*,-0.81999999284744263,9.6912307739999992,35.363422393999997,9.769458771
3441,O,o*,-0.81999999284744263,0.076804577999999998,37.868850707999997,15.167505264000001
3442,O,o*,-0.81999999284744263,-0.60251533999999995,29.792718886999999,6.4513087269999998
3443,O,o*,-0.81999999284744263,7.1138701439999998,42.534126282000003,2.4486446380000002
3444,O,o*,-0.81999999284744263,3.0272223949999999,30.590574265000001,18.836357116999999
3445,O,o*,-0.81999999284744263,7.2470655439999998,42.665096282999997,13.486528397000001
3446,O,o*,-0.81999999284744263,2.4085602760000002,30.408386230000001,7.7195644379999999
3447,O,oc11,-0.60000002384185791,7.885967731,34.023750305,21.795822143999999
3448,O,oc11,-0.60000002384185791,7.8325462339999996,34.106468200999998,4.6233205799999997
3449,O,oc11,-0.60000002384185791,7.8624787329999997,33.524360657000003,10.365646362
3450,O,o*,-0.81999999284744263,8.0650186539999993,34.299037933000001,16.186504364000001
3451,H,h*,0.40999999642372131,8.9639616009999994,34.716228485000002,9.9573926929999992
3452,H,h*,0.40999999642372131,10.452666282999999,34.861808777,10.15967083
3453,H,h*,0.40999999642372131,-0.58203422999999999,38.513065337999997,15.513804435999999
3454,H,h*,0.40999999642372131,0.87921410799999999,38.451225280999999,15.217470169
3455,H,h*,0.40999999642372131,-1.3280406,29.380949019999999,5.9166173930000001
3456,H,h*,0.40999999642372131,0.10563882400000001,29.146696090999999,6.2285385130000002
3457,H,h*,0.40999999642372131,6.7306790349999996,43.035434723000002,3.2140419480000002
3458,H,h*,0.40999999642372131,6.7886400220000001,43.098350525000001,1.7016673090000001
3459,H,h*,0.40999999642372131,3.0889644619999999,29.794298172000001,18.254085540999998
3460,H,h*,0.40999999642372131,3.238989353,30.153606414999999,19.698690414000001
3461,H,h*,0.40999999642372131,6.6121969219999999,41.983367919999999,13.167042732000001
3462,H,h*,0.40999999642372131,6.9601140020000001,43.459514618,12.965379714999999
3463,H,h*,0.40999999642372131,2.752483368,29.657159804999999,8.2698202129999991
3464,H,h*,0.40999999642372131,3.1231999400000001,31.073915482,7.8626589779999998
3465,H,h*,0.40999999642372131,-0.74080944100000001,38.341667174999998,11.280682563999999
3466,H,h*,0.40999999642372131,0.74994462699999997,38.476661682,11.479640960999999
3467,H,h*,0.40999999642372131,7.6275177000000003,34.890926360999998,16.846147537
3468,H,h*,0.40999999642372131,7.8845658299999997,34.809944152999996,15.359796524
3469,H,hoc,0.34999999403953552,-0.074841797000000002,31.434629439999998,11.512286186000001
3470,H,hoc,0.34999999403953552,-0.042712792999999999,36.134532927999999,6.168580532
3471,H,hoc,0.34999999403953552,0.008739218,31.437473297,15.361228943
3472,H,hoc,0.34999999403953552,0.024540982999999999,36.125591278000002,9.9896421429999993
3473,Ca,ca+e,1.6000000238418579,11.592187880999999,40.530231475999997,18.816135406000001
3474,Ca,ca+e,1.6000000238418579,-1.801997066,32.663391113000003,2.6705775260000002
3475,O,oc9,-0.89999997615814209,8.521008492,38.606418609999999,-1.181969762
3476,O,oc6,-0.89999997615814209,11.035227775999999,40.208118439000003,1.207429171
3477,O,oc6,-0.89999997615814209,8.5039548870000008,38.654777527,17.326152801999999
3478,O,oc9,-0.89999997615814209,11.032588959,40.171161652000002,4.2130103109999997
3479,O,o*,-0.81999999284744263,-3.4608771800000002,31.675367354999999,0.93269521
3480,O,o*,-0.81999999284744263,13.206230164000001,41.518951416,20.564767838000002
3481,O,o*,-0.81999999284744263,-3.4858367440000002,31.658340454000001,4.3818497660000002
3482,O,o*,-0.81999999284744263,13.05755806,41.818260193,17.187791824000001
3483,O,o*,-0.81999999284744263,-4.0229244230000001,34.543548584,13.188404083
3484,O,o*,-0.81999999284744263,13.940649033,38.41500473,8.1027259829999991
3485,O,o*,-0.81999999284744263,-4.0119667049999999,34.298168181999998,2.5294678209999999
3486,O,o*,-0.81999999284744263,13.820735931,38.981204986999998,18.666492462000001
3487,O,oc11,-0.60000002384185791,13.464755058,32.451591491999999,11.010802268999999
3488,O,oc11,-0.60000002384185791,13.406593322999999,32.428146362,15.364478111
3489,O,oc11,-0.60000002384185791,13.940010071,32.733150481999999,-0.32368952000000001
3490,O,o*,-0.81999999284744263,13.332003593,32.212760924999998,5.2381410600000002
3491,H,h*,0.40999999642372131,13.424774169999999,42.468154906999999,20.745685577
3492,H,h*,0.40999999642372131,14.032877922000001,41.094188690000003,20.910713196
3493,H,h*,0.40999999642372131,-3.610093832,30.675708771,4.4472246169999998
3494,H,h*,0.40999999642372131,-4.3661785130000004,31.929193497,4.7302169799999998
3495,H,h*,0.40999999642372131,13.875049591,41.392551421999997,16.835691451999999
3496,H,h*,0.40999999642372131,13.092757225,42.653598785,16.656185149999999
3497,H,h*,0.40999999642372131,-4.6716079710000002,34.533576965000002,12.43927002
3498,H,h*,0.40999999642372131,-4.6521701809999998,34.584171294999997,13.953650475
3499,H,h*,0.40999999642372131,14.443969727000001,38.442333220999998,8.9545259480000006
3500,H,h*,0.40999999642372131,14.658374786,38.736690521,7.5044889450000003
3501,H,h*,0.40999999642372131,-3.7609164709999998,35.207099915000001,2.247094631
3502,H,h*,0.40999999642372131,-4.8721599580000001,34.172107697000001,2.0521998410000002
3503,H,h*,0.40999999642372131,13.687240600999999,38.007183075,18.727010727
3504,H,h*,0.40999999642372131,14.719900130999999,39.071895599000001,19.070478438999999
3505,H,h*,0.40999999642372131,-4.2600536350000002,32.100215912000003,0.52969205399999997
3506,H,h*,0.40999999642372131,-3.6464288229999999,30.730213164999999,0.69790720900000003
3507,H,h*,0.40999999642372131,12.565242767000001,32.594966888000002,5.7283253670000001
3508,H,h*,0.40999999642372131,12.873655318999999,31.973161696999998,4.3947277070000004
3509,H,hoc,0.34999999403953552,11.779766083,40.612823486000003,0.78699260999999998
3510,H,hoc,0.34999999403953552,7.751775265,38.247184752999999,16.918989182000001
3511,H,hoc,0.34999999403953552,11.763257027,40.595294952000003,4.6398601529999999
3512,H,hoc,0.34999999403953552,7.7901067729999998,38.171981811999999,-0.764959693
3513,Ca,ca+e,1.6000000238418579,-1.8300045730000001,34.784946441999999,18.819103241000001
3514,Ca,ca+e,1.6000000238418579,11.624644279,38.404590607000003,2.7135405540000002
3515,O,oc10,-0.89999997615814209,11.12068367,38.703727722000004,-1.1654543879999999
3516,O,oc7,-0.89999997615814209,8.4594354630000002,40.106063843000001,1.1859411
3517,O,oc5,-0.89999997615814209,11.091259002999999,38.681816101000003,17.305372238
3518,O,oc10,-0.89999997615814209,8.431001663,40.164916992000002,4.188868523
3519,O,o*,-0.81999999284744263,13.320003509999999,37.400394439999999,1.021998763
3520,O,o*,-0.81999999284744263,-3.5162179469999999,35.716217041,20.538789748999999
3521,O,o*,-0.81999999284744263,13.295608521,37.498485565000003,4.4675641060000002
3522,O,o*,-0.81999999284744263,-3.7060563559999999,35.359714508000003,17.194374084
3523,O,o*,-0.81999999284744263,11.06025219,35.542430877999998,13.214537621
3524,O,o*,-0.81999999284744263,-1.298075557,37.938308716000002,8.0529832839999997
3525,O,o*,-0.81999999284744263,11.36691761,35.595943450999997,2.860291004
3526,O,o*,-0.81999999284744263,-1.639971614,37.506271362,18.587924956999998
3527,O,oc11,-0.60000002384185791,13.902064322999999,34.835800171000002,11.014084816
3528,O,oc11,-0.60000002384185791,13.990790367000001,34.775485992,15.371795654
3529,O,oc11,-0.60000002384185791,13.47790432,35.114997864000003,-0.31351578200000002
3530,O,o*,-0.81999999284744263,14.271333694000001,34.882316588999998,4.9738936420000002
3531,H,h*,0.40999999642372131,-3.572125196,36.641613006999997,20.892089844000001
3532,H,h*,0.40999999642372131,-4.4449768069999998,35.422904967999997,20.721385955999999
3533,H,h*,0.40999999642372131,14.211737633,37.874187468999999,4.533311844
3534,H,h*,0.40999999642372131,13.526647568,36.557464600000003,4.6528854370000001
3535,H,h*,0.40999999642372131,-3.8431718350000001,36.304286957000002,16.950977325
3536,H,h*,0.40999999642372131,-4.4381122590000004,34.965721129999999,16.654855728000001
3537,H,h*,0.40999999642372131,11.356283188000001,34.973285675,13.970795631
3538,H,h*,0.40999999642372131,11.386169433999999,34.990211487000003,12.458625793
3539,H,h*,0.40999999642372131,-1.5612648730000001,38.358242035000004,8.9101161960000006
3540,H,h*,0.40999999642372131,-1.959868312,38.386066436999997,7.4697875979999999
3541,H,h*,0.40999999642372131,11.896205902,34.939056395999998,2.3376967909999999
3542,H,h*,0.40999999642372131,10.453512192,35.385517120000003,2.5589694980000002
3543,H,h*,0.40999999642372131,-0.71975219199999996,37.847541808999999,18.676839827999999
3544,H,h*,0.40999999642372131,-2.1480453009999998,38.221050261999999,19.049650192000001
3545,H,h*,0.40999999642372131,13.34705162,36.511875152999998,0.58394533400000004
3546,H,h*,0.40999999642372131,14.215255737,37.733600615999997,0.75574821199999997
3547,H,h*,0.40999999642372131,14.031279564,33.985420226999999,5.3009548190000002
3548,H,h*,0.40999999642372131,14.702233315000001,34.624767302999999,4.1243147850000001
3549,H,hoc,0.34999999403953552,7.7476925850000002,40.553115845000001,0.75224268400000005
3550,H,hoc,0.34999999403953552,11.832077979999999,38.260509491000001,16.891521453999999
3551,H,hoc,0.34999999403953552,7.6911168099999996,40.587104797000002,4.6016683580000004
3552,H,hoc,0.34999999403953552,11.880844116,38.329196930000002,-0.74228393999999998
3553,Al,ac2,1.2000000476837158,9.7167797090000008,39.405708312999998,10.749554634000001
3554,Ca,ca+e,1.6000000238418579,-1.840742946,34.900234222000002,8.076135635
3555,Ca,ca+e,1.6000000238418579,11.553441048,38.293392181000002,13.410577774
3556,O,oc10,-0.89999997615814209,10.981885910000001,38.606418609999999,9.5580301280000004
3557,O,oc7,-0.89999997615814209,8.4676666259999998,40.208118439000003,11.947429657000001
3558,O,oc7,-0.89999997615814209,10.998939514,38.654777527,6.5861525539999999
3559,O,oc8,-0.89999997615814209,8.4703054430000009,40.171161652000002,14.953010559000001
3560,O,o*,-0.81999999284744263,13.212321280999999,37.305366515999999,11.67269516
3561,O,o*,-0.81999999284744263,-3.4547851089999999,35.888950348000002,9.8247680660000007
3562,O,o*,-0.81999999284744263,13.237280846000001,37.288341522000003,15.121850014
3563,O,o*,-0.81999999284744263,-3.3061130049999998,36.188262938999998,6.4477910999999999
3564,O,o*,-0.81999999284744263,13.774368286,40.173545836999999,2.4484038350000001
3565,O,o*,-0.81999999284744263,-4.1892042160000003,32.785007477000001,18.842725754
3566,O,o*,-0.81999999284744263,13.763411522,39.928169250000003,13.269468307
3567,O,o*,-0.81999999284744263,-4.0692911150000004,33.351203918000003,7.9264931680000004
3568,O,oc11,-0.60000002384185791,-3.2005050179999999,39.412269592000001,19.778423309000001
3569,O,oc11,-0.60000002384185791,-3.2684009079999998,39.396820067999997,6.6139626500000004
3570,O,oc11,-0.60000002384185791,-3.2206161020000001,39.403713226000001,12.376851082
3571,O,oc11,-0.60000002384185791,-3.7133100030000001,38.081592559999997,21.750802994000001
3572,O,oc11,-0.60000002384185791,-3.655148268,38.058147429999998,4.6244783399999996
3573,O,oc11,-0.60000002384185791,-4.1885652540000002,38.363151549999998,10.41631031
3574,O,o*,-0.81999999284744263,-3.580558538,37.842758179,15.978141785
3575,S,s',0.60000002384185791,-3.2325656409999999,39.402915954999997,21.266866684
3576,S,s',0.60000002384185791,-3.2710235120000002,39.398281097000002,5.1271958350000002
3577,S,s',0.60000002384185791,-3.2539279460000001,39.415901183999999,10.891535759
3578,H,h*,0.40999999642372131,-3.6733300689999999,36.838153839,10.00568676
3579,H,h*,0.40999999642372131,-4.2814331049999996,35.464191436999997,10.170713425000001
3580,H,h*,0.40999999642372131,14.117623329000001,37.559192656999997,15.470216751000001
3581,H,h*,0.40999999642372131,13.361538887,36.305709839000002,15.187224388000001
3582,H,h*,0.40999999642372131,-3.341313124,37.023597717000001,5.9161858560000002
3583,H,h*,0.40999999642372131,-4.1236047740000004,35.762550353999998,6.0956912040000004
3584,H,h*,0.40999999642372131,14.423052788,40.163574218999997,1.69927001
3585,H,h*,0.40999999642372131,14.403614998,40.214168549,3.213650227
3586,H,h*,0.40999999642372131,-4.906930923,33.106693268000001,18.24448967
3587,H,h*,0.40999999642372131,-4.6925249100000004,32.812335967999999,19.694526671999999
3588,H,h*,0.40999999642372131,14.623604774,39.802108765,12.792200089
3589,H,h*,0.40999999642372131,13.512361525999999,40.837100982999999,12.987094879000001
3590,H,h*,0.40999999642372131,-3.935795546,32.377182007000002,7.9870114330000002
3591,H,h*,0.40999999642372131,-4.9684562679999997,33.441894531000003,8.3304786679999996
3592,H,h*,0.40999999642372131,14.011497498000001,37.730216980000002,11.269692421
3593,H,h*,0.40999999642372131,13.397872925,36.360214233000001,11.437907219
3594,H,h*,0.40999999642372131,-2.813797712,38.224967956999997,16.468324661
3595,H,h*,0.40999999642372131,-3.122210264,37.603160858000003,15.134727478
3596,Al,ac2,1.2000000476837158,9.78042984,39.416606903000002,16.124525070000001
3597,H,hoc,0.34999999403953552,7.7231278420000002,40.612823486000003,11.526992798
3598,H,hoc,0.34999999403953552,11.751119614,38.247184752999999,6.1789889340000004
3599,H,hoc,0.34999999403953552,7.7396368979999997,40.595294952000003,15.379859924
3600,H,hoc,0.34999999403953552,11.712787627999999,38.171981811999999,9.9750404360000005
3601,Ca,ca+e,1.6000000238418579,11.581448555,40.414947509999998,8.0791025160000007
3602,Ca,ca+e,1.6000000238418579,-1.8732002969999999,32.774593353,13.453540801999999
3603,O,oc9,-0.89999997615814209,8.3822116849999997,38.703727722000004,9.5745458600000006
3604,O,oc6,-0.89999997615814209,11.043458939000001,40.106063843000001,11.925941466999999
3605,O,oc6,-0.89999997615814209,8.4116353989999997,38.681816101000003,6.5653729439999999
3606,O,oc9,-0.89999997615814209,11.071892738000001,40.164916992000002,14.928868294000001
3607,O,o*,-0.81999999284744263,-3.5685584549999998,31.770393372000001,11.76199913
3608,O,o*,-0.81999999284744263,13.267663002000001,41.346218108999999,9.7987899780000003
3609,O,o*,-0.81999999284744263,-3.544163465,31.868484497000001,15.207564354000001
3610,O,o*,-0.81999999284744263,13.457500458,40.989715576000002,6.4543738370000003
3611,O,o*,-0.81999999284744263,-1.3088082080000001,29.912429809999999,2.4745376110000001
3612,O,o*,-0.81999999284744263,11.049519539,43.568305969000001,18.792982101
3613,O,o*,-0.81999999284744263,-1.6154736279999999,29.965944289999999,13.600291252
3614,O,o*,-0.81999999284744263,11.391415596,43.136272429999998,7.8479251860000003
3615,O,oc11,-0.60000002384185791,-4.150619507,40.465797424000002,21.754085540999998
3616,O,oc11,-0.60000002384185791,-4.2393465040000002,40.405487061000002,4.6317958829999997
3617,O,oc11,-0.60000002384185791,-3.7264592649999999,40.744998932000001,10.426484108
3618,O,o*,-0.81999999284744263,-4.5198898319999996,40.512317656999997,15.71389389
3619,H,h*,0.40999999642372131,14.196421623000001,41.052906036000003,9.9813871380000005
3620,H,h*,0.40999999642372131,13.323570251,42.271614075000002,10.152090073
3621,H,h*,0.40999999642372131,-3.775202513,30.927465438999999,15.392885207999999
3622,H,h*,0.40999999642372131,-4.4602937699999998,32.244186401,15.273311615000001
3623,H,h*,0.40999999642372131,13.594615936,41.934284210000001,6.2109780309999998
3624,H,h*,0.40999999642372131,14.189557076,40.595722197999997,5.9148554799999999
3625,H,h*,0.40999999642372131,-1.634724498,29.360212325999999,1.7186257840000001
3626,H,h*,0.40999999642372131,-1.604838252,29.343284607000001,3.2307958600000002
3627,H,h*,0.40999999642372131,11.711313248,44.016067505000002,18.209787369000001
3628,H,h*,0.40999999642372131,11.312708855,43.988239288000003,19.650115967000001
3629,H,h*,0.40999999642372131,-2.1447608470000001,29.309055327999999,13.0776968
3630,H,h*,0.40999999642372131,-0.70206725599999997,29.755516052000001,13.298969269000001
3631,H,h*,0.40999999642372131,10.471197128,43.477542876999998,7.9368410110000003
3632,H,h*,0.40999999642372131,11.899490355999999,43.851047516000001,8.3096504210000006
3633,H,h*,0.40999999642372131,-4.4638109210000003,32.103599547999998,11.495748519999999
3634,H,h*,0.40999999642372131,-3.5956065650000002,30.881875992000001,11.323945045
3635,H,h*,0.40999999642372131,-4.9507884979999996,40.254768372000001,14.864315033
3636,H,h*,0.40999999642372131,-4.2798347469999998,39.615421294999997,16.040954589999998
3637,H,hoc,0.34999999403953552,11.755202293,40.553115845000001,11.492242813000001
3638,H,hoc,0.34999999403953552,7.670816898,38.260509491000001,6.151521206
3639,H,hoc,0.34999999403953552,11.811778069000001,40.587104797000002,15.341668129
3640,H,hoc,0.34999999403953552,7.6220507619999998,38.329196930000002,9.9977159499999999
3641,Ca,ca+e,1.6000000238418579,-0.12598693399999999,31.679269790999999,8.0761470790000001
3642,Ca,ca+e,1.6000000238418579,9.8048133849999992,41.544815063000001,13.435071945000001
3643,O,oc8,-0.89999997615814209,9.7674970630000004,40.907882690000001,9.5674867629999998
3644,O,oc5,-0.89999997615814209,9.6623353959999996,37.910762787000003,11.936125755000001
3645,O,oc5,-0.89999997615814209,9.726032257,40.909851074000002,6.5769176480000002
3646,O,oc10,-0.89999997615814209,9.7626733780000006,37.915378570999998,14.940231323000001
3647,O,o*,-0.81999999284744263,9.7616157529999992,43.487930298000002,11.709644318
3648,O,o*,-0.81999999284744263,-0.060219641999999997,29.733423233,9.769458771
3649,O,o*,-0.81999999284744263,9.8282547000000005,43.498847961000003,15.167505264000001
3650,O,o*,-0.81999999284744263,9.1489343640000005,35.422718048,6.4513087269999998
3651,O,o*,-0.81999999284744263,-2.6375796789999999,36.904125213999997,2.4486446380000002
3652,O,o*,-0.81999999284744263,12.778672218000001,36.220573424999998,18.836357116999999
3653,O,o*,-0.81999999284744263,-2.504383802,37.035095214999998,13.486528397000001
3654,O,o*,-0.81999999284744263,12.160010337999999,36.038387299,7.7195644379999999
3655,O,oc11,-0.60000002384185791,-1.8654812569999999,39.653747559000003,21.795822143999999
3656,O,oc11,-0.60000002384185791,-1.9189041849999999,39.736469268999997,4.6233205799999997
3657,O,oc11,-0.60000002384185791,-1.888972163,39.154361725000001,10.365646362
3658,O,o*,-0.81999999284744263,-1.6864327189999999,39.929039001,16.186504364000001
3659,H,h*,0.40999999642372131,-0.78748786400000004,29.086227417,9.9573926929999992
3660,H,h*,0.40999999642372131,0.70121681700000005,29.231809616,10.15967083
3661,H,h*,0.40999999642372131,9.1694154739999991,44.143066406000003,15.513804435999999
3662,H,h*,0.40999999642372131,10.630663872,44.081226348999998,15.217470169
3663,H,h*,0.40999999642372131,8.4234094620000004,35.010948181000003,5.9166173930000001
3664,H,h*,0.40999999642372131,9.8570890430000002,34.776695251,6.2285385130000002
3665,H,h*,0.40999999642372131,-3.020771742,37.405433655000003,3.2140419480000002
3666,H,h*,0.40999999642372131,-2.9628093240000002,37.468349457000002,1.7016673090000001
3667,H,h*,0.40999999642372131,12.840415001,35.424297332999998,18.254085540999998
3668,H,h*,0.40999999642372131,12.990439415000001,35.783607482999997,19.698690414000001
3669,H,h*,0.40999999642372131,-3.1392524239999999,36.353370667,13.167042732000001
3670,H,h*,0.40999999642372131,-2.791336775,37.829513550000001,12.965379714999999
3671,H,h*,0.40999999642372131,12.503932953,35.287158966,8.2698202129999991
3672,H,h*,0.40999999642372131,12.874650001999999,36.703914642000001,7.8626589779999998
3673,H,h*,0.40999999642372131,9.0106401439999999,43.971668243000003,11.280682563999999
3674,H,h*,0.40999999642372131,10.501394272000001,44.106662749999998,11.479640960999999
3675,H,h*,0.40999999642372131,-2.1239325999999998,40.520927428999997,16.846147537
3676,H,h*,0.40999999642372131,-1.866885066,40.439945221000002,15.359796524
3677,H,hoc,0.34999999403953552,9.6766080859999999,37.064628601000003,11.512286186000001
3678,H,hoc,0.34999999403953552,9.7087373729999999,41.764533997000001,6.168580532
3679,H,hoc,0.34999999403953552,9.7601890559999998,37.067474365000002,15.361228943
3680,H,hoc,0.34999999403953552,9.7759914400000003,41.755592346,9.9896421429999993
3681,Ca,ca+e,1.6000000238418579,1.8407374620000001,34.900234222000002,40.296134948999999
3682,Ca,ca+e,1.6000000238418579,7.9494528769999997,38.293392181000002,24.150577545000001
3683,O,oc9,-0.89999997615814209,-1.23044157,32.976417542,20.298030853
3684,O,oc6,-0.89999997615814209,1.283777833,34.578117370999998,22.687429428000002
3685,O,oc6,-0.89999997615814209,-1.2474949360000001,33.024780272999998,38.806152343999997
3686,O,oc9,-0.89999997615814209,1.281139016,34.541164397999999,25.69301033
3687,O,o*,-0.81999999284744263,6.2905731200000004,37.305366515999999,22.412694931000001
3688,O,o*,-0.81999999284744263,3.454780102,35.888950348000002,42.044769287000001
3689,O,o*,-0.81999999284744263,6.2656130790000004,37.288341522000003,25.861848831
3690,O,o*,-0.81999999284744263,3.306108236,36.188262938999998,38.667793273999997
3691,O,o*,-0.81999999284744263,5.7285261150000002,40.173545836999999,34.668403625000003
3692,O,o*,-0.81999999284744263,4.1891989709999997,32.785007477000001,29.582725525000001
3693,O,o*,-0.81999999284744263,5.7394828799999997,39.928169250000003,24.009468079000001
3694,O,o*,-0.81999999284744263,4.0692853930000004,33.351203918000003,40.146492004000002
3695,O,oc11,-0.60000002384185791,3.7133045199999999,38.081592559999997,32.490802764999998
3696,O,oc11,-0.60000002384185791,3.6551432610000001,38.058147429999998,36.844478606999999
3697,O,oc11,-0.60000002384185791,4.1885600089999997,38.363151549999998,21.156311035000002
3698,O,o*,-0.81999999284744263,3.5805535320000001,37.842758179,26.718141555999999
3699,H,h*,0.40999999642372131,3.673324585,36.838153839,42.225685120000001
3700,H,h*,0.40999999642372131,4.28142786,35.464191436999997,42.390712737999998
3701,H,h*,0.40999999642372131,6.1413559910000002,36.305709839000002,25.927225112999999
3702,H,h*,0.40999999642372131,5.3852715489999996,37.559192656999997,26.210216522
3703,H,h*,0.40999999642372131,4.1235990520000003,35.762550353999998,38.315692902000002
3704,H,h*,0.40999999642372131,3.3413071630000002,37.023597717000001,38.136184692
3705,H,h*,0.40999999642372131,5.0798420909999997,40.163574218999997,33.919269561999997
3706,H,h*,0.40999999642372131,5.0992798810000002,40.214168549,35.433650970000002
3707,H,h*,0.40999999642372131,4.6925191880000003,32.812335967999999,30.434526442999999
3708,H,h*,0.40999999642372131,4.906925201,33.106693268000001,28.984489441000001
3709,H,h*,0.40999999642372131,5.9905333519999999,40.837100982999999,23.727094650000002
3710,H,h*,0.40999999642372131,4.8792901039999999,39.802108765,23.532199859999999
3711,H,h*,0.40999999642372131,3.9357900620000001,32.377182007000002,40.207012177000003
3712,H,h*,0.40999999642372131,4.9684505459999997,33.441894531000003,40.550479889000002
3713,H,h*,0.40999999642372131,5.4913969040000001,37.730216980000002,22.009691237999998
3714,H,h*,0.40999999642372131,6.1050214770000002,36.360214233000001,22.177907944000001
3715,H,h*,0.40999999642372131,2.8137929439999998,38.224967956999997,27.208324432000001
3716,H,h*,0.40999999642372131,3.1222050189999999,37.603160858000003,25.874727248999999
3717,H,hoc,0.34999999403953552,2.0283164980000001,34.982826232999997,22.266992568999999
3718,H,hoc,0.34999999403953552,-1.9996747969999999,32.617183685000001,38.398990630999997
3719,H,hoc,0.34999999403953552,2.0118074419999998,34.965293883999998,26.119859694999999
3720,H,hoc,0.34999999403953552,-1.9613434080000001,32.541980743000003,20.715040207000001
3721,Ca,ca+e,1.6000000238418579,7.9214458470000002,40.414947509999998,40.299102783000002
3722,Ca,ca+e,1.6000000238418579,1.8731943369999999,32.774593353,24.193540573
3723,O,oc10,-0.89999997615814209,1.369233251,33.073726653999998,20.314544678000001
3724,O,oc7,-0.89999997615814209,-1.2920147179999999,34.476062775000003,22.665941237999998
3725,O,oc5,-0.89999997615814209,1.339808702,33.051818848000003,38.785373688
3726,O,oc10,-0.89999997615814209,-1.320448399,34.534915924000003,25.668869018999999
3727,O,o*,-0.81999999284744263,3.5685529709999999,31.770393372000001,22.501998901
3728,O,o*,-0.81999999284744263,6.2352318760000003,41.346218108999999,42.018791198999999
3729,O,o*,-0.81999999284744263,3.5441584590000001,31.868484497000001,25.947563170999999
3730,O,o*,-0.81999999284744263,6.0453939439999997,40.989715576000002,38.674373627000001
3731,O,o*,-0.81999999284744263,1.3088020090000001,29.912429809999999,34.694538115999997
3732,O,o*,-0.81999999284744263,8.4533748630000005,43.568305969000001,29.532983779999999
3733,O,o*,-0.81999999284744263,1.615468025,29.965944289999999,24.340290069999998
3734,O,o*,-0.81999999284744263,8.1114788059999992,43.136272429999998,40.067924499999997
3735,O,oc11,-0.60000002384185791,4.1506142620000004,40.465797424000002,32.494083404999998
3736,O,oc11,-0.60000002384185791,4.2393403049999998,40.405487061000002,36.851795197000001
3737,O,oc11,-0.60000002384185791,3.7264540199999998,40.744998932000001,21.166484832999998
3738,O,o*,-0.81999999284744263,4.5198841090000004,40.512317656999997,26.453893660999999
3739,H,h*,0.40999999642372131,6.1793241500000002,42.271614075000002,42.372089385999999
3740,H,h*,0.40999999642372131,5.3064732550000002,41.052906036000003,42.201385498
3741,H,h*,0.40999999642372131,4.4602875710000003,32.244186401,26.013311386000002
3742,H,h*,0.40999999642372131,3.7751972679999999,30.927465438999999,26.132884979
3743,H,h*,0.40999999642372131,5.908277988,41.934284210000001,38.430976868000002
3744,H,h*,0.40999999642372131,5.3133378029999996,40.595722197999997,38.134857177999997
3745,H,h*,0.40999999642372131,1.6048336030000001,29.343284607000001,35.450794219999999
3746,H,h*,0.40999999642372131,1.6347193719999999,29.360212325999999,33.938625336000001
3747,H,h*,0.40999999642372131,8.1901855470000005,43.988239288000003,30.390115737999999
3748,H,h*,0.40999999642372131,7.7915816309999997,44.016067505000002,28.949787140000002
3749,H,h*,0.40999999642372131,2.1447563170000001,29.309057236000001,23.817697525
3750,H,h*,0.40999999642372131,0.70206201099999999,29.755516052000001,24.038969040000001
3751,H,h*,0.40999999642372131,9.0316972730000007,43.477542876999998,40.156841278000002
3752,H,h*,0.40999999642372131,7.6034035680000001,43.851047516000001,40.529651641999997
3753,H,h*,0.40999999642372131,3.5956010819999999,30.881875992000001,22.06394577
3754,H,h*,0.40999999642372131,4.4638056759999998,32.103599547999998,22.235748291
3755,H,h*,0.40999999642372131,4.2798295020000001,39.615421294999997,26.780954360999999
3756,H,h*,0.40999999642372131,4.9507827759999996,40.254768372000001,25.604314804000001
3757,H,hoc,0.34999999403953552,-2.0037574770000002,34.923114777000002,22.232242584000002
3758,H,hoc,0.34999999403953552,2.0806276800000001,32.630508423000002,38.371520996000001
3759,H,hoc,0.34999999403953552,-2.0603330139999998,34.957103729000004,26.081668854
3760,H,hoc,0.34999999403953552,2.1293938159999999,32.699195862000003,20.737716675000001
3761,Al,ac2,1.2000000476837158,-0.034670650999999997,33.775707245,32.229553223000003
3762,Ca,ca+e,1.6000000238418579,7.9107069970000001,40.530231475999997,29.556135178000002
3763,Ca,ca+e,1.6000000238418579,1.801991463,32.663391113000003,34.890579224
3764,O,oc10,-0.89999997615814209,1.230436087,32.976417542,31.038030624000001
3765,O,oc7,-0.89999997615814209,-1.2837833169999999,34.578117370999998,33.427429199000002
3766,O,oc7,-0.89999997615814209,1.2474894519999999,33.024780272999998,28.066152573
3767,O,oc8,-0.89999997615814209,-1.2811444999999999,34.541164397999999,36.433010101000001
3768,O,o*,-0.81999999284744263,3.4608714580000002,31.675367354999999,33.152694701999998
3769,O,o*,-0.81999999284744263,6.2966647150000004,41.518951416,31.304767608999999
3770,O,o*,-0.81999999284744263,3.485831261,31.658340454000001,36.601848601999997
3771,O,o*,-0.81999999284744263,6.4453363420000001,41.818264008,27.927791594999999
3772,O,o*,-0.81999999284744263,4.0229182239999997,34.543548584,23.928403853999999
3773,O,o*,-0.81999999284744263,5.5622453690000002,38.41500473,40.322727202999999
3774,O,o*,-0.81999999284744263,4.0119614600000002,34.298168181999998,34.749469757
3775,O,o*,-0.81999999284744263,5.6821589469999996,38.981204986999998,29.406492233000002
3776,O,oc11,-0.60000002384185791,6.5509443279999999,33.782268524000003,41.258422852000002
3777,O,oc11,-0.60000002384185791,6.4830498700000003,33.766818999999998,28.093961715999999
3778,O,oc11,-0.60000002384185791,6.5308346750000004,33.773712158000002,33.856849670000003
3779,O,oc11,-0.60000002384185791,6.0381398199999996,32.451591491999999,43.230804442999997
3780,O,oc11,-0.60000002384185791,6.0963010789999998,32.428146362,26.104478835999998
3781,O,oc11,-0.60000002384185791,5.5628848079999997,32.733150481999999,31.896310805999999
3782,O,o*,-0.81999999284744263,6.1708912849999997,32.212760924999998,37.458141327
3783,S,s',0.60000002384185791,6.5188841819999999,33.772914886000002,42.746868134000003
3784,S,s',0.60000002384185791,6.4804267879999999,33.768280029000003,26.607194901
3785,S,s',0.60000002384185791,6.4975228310000004,33.785903931,32.371536255000002
3786,H,h*,0.40999999642372131,6.0781202319999998,42.468154906999999,31.485687255999999
3787,H,h*,0.40999999642372131,5.4700164789999999,41.094188690000003,31.650712967
3788,H,h*,0.40999999642372131,4.3661727910000003,31.929193497,36.950218200999998
3789,H,h*,0.40999999642372131,3.6100888250000001,30.675708771,36.667224883999999
3790,H,h*,0.40999999642372131,6.4101376529999996,42.653598785,27.396184921
3791,H,h*,0.40999999642372131,5.6278452870000004,41.392551421999997,27.575691223
3792,H,h*,0.40999999642372131,4.6716022490000002,34.533576965000002,23.179269790999999
3793,H,h*,0.40999999642372131,4.6521649360000001,34.584171294999997,24.693649292
3794,H,h*,0.40999999642372131,4.8445191379999999,38.736690521,39.724491119
3795,H,h*,0.40999999642372131,5.0589251519999996,38.442333220999998,41.174526215
3796,H,h*,0.40999999642372131,4.8721542360000001,34.172107697000001,34.272201537999997
3797,H,h*,0.40999999642372131,3.7609112260000002,35.207099915000001,34.467094420999999
3798,H,h*,0.40999999642372131,5.8156542780000002,38.007183075,29.467010498
3799,H,h*,0.40999999642372131,4.7829942699999997,39.071895599000001,29.810478209999999
3800,H,h*,0.40999999642372131,4.2600474359999998,32.100215912000003,32.749691009999999
3801,H,h*,0.40999999642372131,3.6464231009999999,30.730213164999999,32.917907714999998
3802,H,h*,0.40999999642372131,6.9376516339999998,32.594966888000002,37.948326111
3803,H,h*,0.40999999642372131,6.6292395590000002,31.973161696999998,36.614727019999997
3804,Al,ac2,1.2000000476837158,0.028979386999999999,33.786609650000003,37.60452652
3805,H,hoc,0.34999999403953552,-2.0283219809999999,34.982826232999997,33.006992339999996
3806,H,hoc,0.34999999403953552,1.9996693130000001,32.617183685000001,27.658988953000001
3807,H,hoc,0.34999999403953552,-2.0118129250000001,34.965293883999998,36.859859467
3808,H,hoc,0.34999999403953552,1.961337924,32.541980743000003,31.455039977999999
3809,Ca,ca+e,1.6000000238418579,1.8299984929999999,34.784946441999999,29.559103012000001
3810,Ca,ca+e,1.6000000238418579,7.8782501219999999,38.404590607000003,34.933540344000001
3811,O,oc9,-0.89999997615814209,-1.3692387340000001,33.073726653999998,31.054546355999999
3812,O,oc6,-0.89999997615814209,1.292009234,34.476062775000003,33.405941009999999
3813,O,oc6,-0.89999997615814209,-1.3398141859999999,33.051818848000003,28.045372009000001
3814,O,oc9,-0.89999997615814209,1.320442796,34.534915924000003,36.408866881999998
3815,O,o*,-0.81999999284744263,6.182891369,37.400394439999999,33.242000580000003
3816,O,o*,-0.81999999284744263,3.516212463,35.716217041,31.27878952
3817,O,o*,-0.81999999284744263,6.2072858809999998,37.498485565000003,36.687564850000001
3818,O,o*,-0.81999999284744263,3.7060506339999999,35.359714508000003,27.934373856000001
3819,O,o*,-0.81999999284744263,8.4426422120000009,35.542430877999998,23.954538345
3820,O,o*,-0.81999999284744263,1.2980694770000001,37.938304901000002,40.272983551000003
3821,O,o*,-0.81999999284744263,8.1359767909999992,35.595943450999997,35.080291748
3822,O,o*,-0.81999999284744263,1.639965653,37.506271362,29.327924727999999
3823,O,oc11,-0.60000002384185791,5.6008305549999999,34.835800171000002,43.234085082999997
3824,O,oc11,-0.60000002384185791,5.512104034,34.775485992,26.111795425
3825,O,oc11,-0.60000002384185791,6.0249905589999999,35.114997864000003,31.906484603999999
3826,O,o*,-0.81999999284744263,5.2315602300000004,34.882316588999998,37.193893433
3827,H,h*,0.40999999642372131,4.4449710849999997,35.422904967999997,31.461387634000001
3828,H,h*,0.40999999642372131,3.5721201900000001,36.641613006999997,31.632089615000002
3829,H,h*,0.40999999642372131,5.9762473109999998,36.557464600000003,36.872886657999999
3830,H,h*,0.40999999642372131,5.2911567689999996,37.874187468999999,36.753311156999999
3831,H,h*,0.40999999642372131,3.8431663509999998,36.304286957000002,27.690977097000001
3832,H,h*,0.40999999642372131,4.4381065370000004,34.965721129999999,27.394855498999998
3833,H,h*,0.40999999642372131,8.1167249679999998,34.990211487000003,23.198625565
3834,H,h*,0.40999999642372131,8.146611214,34.973285675,24.710796355999999
3835,H,h*,0.40999999642372131,1.9598630669999999,38.386066436999997,39.689788817999997
3836,H,h*,0.40999999642372131,1.561259151,38.358242035000004,41.130115508999999
3837,H,h*,0.40999999642372131,7.6066884989999997,34.939056395999998,34.557697296000001
3838,H,h*,0.40999999642372131,9.0493822099999992,35.385517120000003,34.778968810999999
3839,H,h*,0.40999999642372131,0.71974748399999999,37.847541808999999,29.416841507000001
3840,H,h*,0.40999999642372131,2.1480407709999998,38.221050261999999,29.789649962999999
3841,H,h*,0.40999999642372131,5.2876391409999997,37.733600615999997,32.975749968999999
3842,H,h*,0.40999999642372131,6.155843258,36.511875152999998,32.803943633999999
3843,H,h*,0.40999999642372131,4.8006615640000003,34.624767302999999,36.344314574999999
3844,H,h*,0.40999999642372131,5.4716153140000001,33.985420226999999,37.520954132
3845,H,hoc,0.34999999403953552,2.0037519929999998,34.923114777000002,32.972244263
3846,H,hoc,0.34999999403953552,-2.0806331629999999,32.630508423000002,27.631521225
3847,H,hoc,0.34999999403953552,2.0603275299999999,34.957103729000004,36.821666718000003
3848,H,hoc,0.34999999403953552,-2.1293993000000002,32.699195862000003,31.477716445999999
3849,Ca,ca+e,1.6000000238418579,9.6254634859999992,37.309268951,29.556146622
3850,Ca,ca+e,1.6000000238418579,0.053363197000000001,35.914813995000003,34.915069580000001
3851,O,oc8,-0.89999997615814209,0.016047120000000002,35.277881622000002,31.047487259
3852,O,oc5,-0.89999997615814209,-0.089114681000000001,32.280765533,33.416126251000001
3853,O,oc5,-0.89999997615814209,-0.025417750999999999,35.279850005999997,28.056917191
3854,O,oc10,-0.89999997615814209,0.011223059000000001,32.285381317000002,36.420230865000001
3855,O,o*,-0.81999999284744263,0.010165627999999999,37.857929230000003,33.189643859999997
3856,O,o*,-0.81999999284744263,9.6912307739999992,35.363422393999997,31.249458313000002
3857,O,o*,-0.81999999284744263,0.076804577999999998,37.868850707999997,36.647506714000002
3858,O,o*,-0.81999999284744263,-0.60251533999999995,29.792718886999999,27.931308745999999
3859,O,o*,-0.81999999284744263,7.1138701439999998,42.534126282000003,23.928644179999999
3860,O,o*,-0.81999999284744263,3.0272223949999999,30.590574265000001,40.316356659
3861,O,o*,-0.81999999284744263,7.2470655439999998,42.665096282999997,34.966529846
3862,O,o*,-0.81999999284744263,2.4085602760000002,30.408386230000001,29.199563980000001
3863,O,oc11,-0.60000002384185791,7.885967731,34.023750305,43.275821686
3864,O,oc11,-0.60000002384185791,7.8325462339999996,34.106468200999998,26.103321075
3865,O,oc11,-0.60000002384185791,7.8624787329999997,33.524360657000003,31.845645905000001
3866,O,o*,-0.81999999284744263,8.0650186539999993,34.299037933000001,37.666503906000003
3867,H,h*,0.40999999642372131,8.9639616009999994,34.716228485000002,31.437393188000001
3868,H,h*,0.40999999642372131,10.452666282999999,34.861808777,31.639671325999998
3869,H,h*,0.40999999642372131,-0.58203422999999999,38.513065337999997,36.993804932000003
3870,H,h*,0.40999999642372131,0.87921410799999999,38.451225280999999,36.697471618999998
3871,H,h*,0.40999999642372131,-1.3280406,29.380949019999999,27.396617889000002
3872,H,h*,0.40999999642372131,0.10563882400000001,29.146696090999999,27.708538055000002
3873,H,h*,0.40999999642372131,6.7306790349999996,43.035434723000002,24.694042205999999
3874,H,h*,0.40999999642372131,6.7886400220000001,43.098350525000001,23.181667328
3875,H,h*,0.40999999642372131,3.0889644619999999,29.794298172000001,39.734085082999997
3876,H,h*,0.40999999642372131,3.238989353,30.153606414999999,41.178691864000001
3877,H,h*,0.40999999642372131,6.6121969219999999,41.983367919999999,34.647041321000003
3878,H,h*,0.40999999642372131,6.9601140020000001,43.459514618,34.445381165000001
3879,H,h*,0.40999999642372131,2.752483368,29.657159804999999,29.749820709000002
3880,H,h*,0.40999999642372131,3.1231999400000001,31.073915482,29.342658997000001
3881,H,h*,0.40999999642372131,-0.74080944100000001,38.341667174999998,32.760681151999997
3882,H,h*,0.40999999642372131,0.74994462699999997,38.476661682,32.959640503000003
3883,H,h*,0.40999999642372131,7.6275177000000003,34.890926360999998,38.326148987000003
3884,H,h*,0.40999999642372131,7.8845658299999997,34.809944152999996,36.839797974
3885,H,hoc,0.34999999403953552,-0.074841797000000002,31.434629439999998,32.992286682
3886,H,hoc,0.34999999403953552,-0.042712792999999999,36.134532927999999,27.648580550999998
3887,H,hoc,0.34999999403953552,0.008739218,31.437473297,36.841228485000002
3888,H,hoc,0.34999999403953552,0.024540982999999999,36.125591278000002,31.469642639
3889,Ca,ca+e,1.6000000238418579,11.592187880999999,40.530231475999997,40.296134948999999
3890,Ca,ca+e,1.6000000238418579,-1.801997066,32.663391113000003,24.150577545000001
3891,O,oc9,-0.89999997615814209,8.521008492,38.606418609999999,20.298030853
3892,O,oc6,-0.89999997615814209,11.035227775999999,40.208118439000003,22.687429428000002
3893,O,oc6,-0.89999997615814209,8.5039548870000008,38.654777527,38.806152343999997
3894,O,oc9,-0.89999997615814209,11.032588959,40.171161652000002,25.69301033
3895,O,o*,-0.81999999284744263,-3.4608771800000002,31.675367354999999,22.412694931000001
3896,O,o*,-0.81999999284744263,13.206230164000001,41.518951416,42.044769287000001
3897,O,o*,-0.81999999284744263,-3.4858367440000002,31.658340454000001,25.861848831
3898,O,o*,-0.81999999284744263,13.05755806,41.818260193,38.667793273999997
3899,O,o*,-0.81999999284744263,-4.0229244230000001,34.543548584,34.668403625000003
3900,O,o*,-0.81999999284744263,13.940649033,38.41500473,29.582725525000001
3901,O,o*,-0.81999999284744263,-4.0119667049999999,34.298168181999998,24.009468079000001
3902,O,o*,-0.81999999284744263,13.820735931,38.981204986999998,40.146492004000002
3903,O,oc11,-0.60000002384185791,13.464755058,32.451591491999999,32.490802764999998
3904,O,oc11,-0.60000002384185791,13.406593322999999,32.428146362,36.844478606999999
3905,O,oc11,-0.60000002384185791,13.940010071,32.733150481999999,21.156311035000002
3906,O,o*,-0.81999999284744263,13.332003593,32.212760924999998,26.718141555999999
3907,H,h*,0.40999999642372131,13.424774169999999,42.468154906999999,42.225685120000001
3908,H,h*,0.40999999642372131,14.032877922000001,41.094188690000003,42.390712737999998
3909,H,h*,0.40999999642372131,-3.610093832,30.675708771,25.927225112999999
3910,H,h*,0.40999999642372131,-4.3661785130000004,31.929193497,26.210216522
3911,H,h*,0.40999999642372131,13.875049591,41.392551421999997,38.315692902000002
3912,H,h*,0.40999999642372131,13.092757225,42.653598785,38.136184692
3913,H,h*,0.40999999642372131,-4.6716079710000002,34.533576965000002,33.919269561999997
3914,H,h*,0.40999999642372131,-4.6521701809999998,34.584171294999997,35.433650970000002
3915,H,h*,0.40999999642372131,14.443969727000001,38.442333220999998,30.434526442999999
3916,H,h*,0.40999999642372131,14.658374786,38.736690521,28.984489441000001
3917,H,h*,0.40999999642372131,-3.7609164709999998,35.207099915000001,23.727094650000002
3918,H,h*,0.40999999642372131,-4.8721599580000001,34.172107697000001,23.532199859999999
3919,H,h*,0.40999999642372131,13.687240600999999,38.007183075,40.207012177000003
3920,H,h*,0.40999999642372131,14.719900130999999,39.071895599000001,40.550479889000002
3921,H,h*,0.40999999642372131,-4.2600536350000002,32.100215912000003,22.009691237999998
3922,H,h*,0.40999999642372131,-3.6464288229999999,30.730213164999999,22.177907944000001
3923,H,h*,0.40999999642372131,12.565242767000001,32.594966888000002,27.208324432000001
3924,H,h*,0.40999999642372131,12.873655318999999,31.973161696999998,25.874727248999999
3925,H,hoc,0.34999999403953552,11.779766083,40.612823486000003,22.266992568999999
3926,H,hoc,0.34999999403953552,7.751775265,38.247184752999999,38.398990630999997
3927,H,hoc,0.34999999403953552,11.763257027,40.595294952000003,26.119859694999999
3928,H,hoc,0.34999999403953552,7.7901067729999998,38.171981811999999,20.715040207000001
3929,Ca,ca+e,1.6000000238418579,-1.8300045730000001,34.784946441999999,40.299102783000002
3930,Ca,ca+e,1.6000000238418579,11.624644279,38.404590607000003,24.193540573
3931,O,oc10,-0.89999997615814209,11.12068367,38.703727722000004,20.314544678000001
3932,O,oc7,-0.89999997615814209,8.4594354630000002,40.106063843000001,22.665941237999998
3933,O,oc5,-0.89999997615814209,11.091259002999999,38.681816101000003,38.785373688
3934,O,oc10,-0.89999997615814209,8.431001663,40.164916992000002,25.668869018999999
3935,O,o*,-0.81999999284744263,13.320003509999999,37.400394439999999,22.501998901
3936,O,o*,-0.81999999284744263,-3.5162179469999999,35.716217041,42.018791198999999
3937,O,o*,-0.81999999284744263,13.295608521,37.498485565000003,25.947563170999999
3938,O,o*,-0.81999999284744263,-3.7060563559999999,35.359714508000003,38.674373627000001
3939,O,o*,-0.81999999284744263,11.06025219,35.542430877999998,34.694538115999997
3940,O,o*,-0.81999999284744263,-1.298075557,37.938308716000002,29.532983779999999
3941,O,o*,-0.81999999284744263,11.36691761,35.595943450999997,24.340290069999998
3942,O,o*,-0.81999999284744263,-1.639971614,37.506271362,40.067924499999997
3943,O,oc11,-0.60000002384185791,13.902064322999999,34.835800171000002,32.494083404999998
3944,O,oc11,-0.60000002384185791,13.990790367000001,34.775485992,36.851795197000001
3945,O,oc11,-0.60000002384185791,13.47790432,35.114997864000003,21.166484832999998
3946,O,o*,-0.81999999284744263,14.271333694000001,34.882316588999998,26.453893660999999
3947,H,h*,0.40999999642372131,-3.572125196,36.641613006999997,42.372089385999999
3948,H,h*,0.40999999642372131,-4.4449768069999998,35.422904967999997,42.201385498
3949,H,h*,0.40999999642372131,14.211737633,37.874187468999999,26.013311386000002
3950,H,h*,0.40999999642372131,13.526647568,36.557464600000003,26.132884979
3951,H,h*,0.40999999642372131,-3.8431718350000001,36.304286957000002,38.430976868000002
3952,H,h*,0.40999999642372131,-4.4381122590000004,34.965721129999999,38.134857177999997
3953,H,h*,0.40999999642372131,11.356283188000001,34.973285675,35.450794219999999
3954,H,h*,0.40999999642372131,11.386169433999999,34.990211487000003,33.938625336000001
3955,H,h*,0.40999999642372131,-1.5612648730000001,38.358242035000004,30.390115737999999
3956,H,h*,0.40999999642372131,-1.959868312,38.386066436999997,28.949787140000002
3957,H,h*,0.40999999642372131,11.896205902,34.939056395999998,23.817697525
3958,H,h*,0.40999999642372131,10.453512192,35.385517120000003,24.038969040000001
3959,H,h*,0.40999999642372131,-0.71975219199999996,37.847541808999999,40.156841278000002
3960,H,h*,0.40999999642372131,-2.1480453009999998,38.221050261999999,40.529651641999997
3961,H,h*,0.40999999642372131,13.34705162,36.511875152999998,22.06394577
3962,H,h*,0.40999999642372131,14.215255737,37.733600615999997,22.235748291
3963,H,h*,0.40999999642372131,14.031279564,33.985420226999999,26.780954360999999
3964,H,h*,0.40999999642372131,14.702233315000001,34.624767302999999,25.604314804000001
3965,H,hoc,0.34999999403953552,7.7476925850000002,40.553115845000001,22.232242584000002
3966,H,hoc,0.34999999403953552,11.832077979999999,38.260509491000001,38.371520996000001
3967,H,hoc,0.34999999403953552,7.6911168099999996,40.587104797000002,26.081668854
3968,H,hoc,0.34999999403953552,11.880844116,38.329196930000002,20.737716675000001
3969,Al,ac2,1.2000000476837158,9.7167797090000008,39.405708312999998,32.229553223000003
3970,Ca,ca+e,1.6000000238418579,-1.840742946,34.900234222000002,29.556135178000002
3971,Ca,ca+e,1.6000000238418579,11.553441048,38.293392181000002,34.890579224
3972,O,oc10,-0.89999997615814209,10.981885910000001,38.606418609999999,31.038030624000001
3973,O,oc7,-0.89999997615814209,8.4676666259999998,40.208118439000003,33.427429199000002
3974,O,oc7,-0.89999997615814209,10.998939514,38.654777527,28.066152573
3975,O,oc8,-0.89999997615814209,8.4703054430000009,40.171161652000002,36.433010101000001
3976,O,o*,-0.81999999284744263,13.212321280999999,37.305366515999999,33.152694701999998
3977,O,o*,-0.81999999284744263,-3.4547851089999999,35.888950348000002,31.304767608999999
3978,O,o*,-0.81999999284744263,13.237280846000001,37.288341522000003,36.601848601999997
3979,O,o*,-0.81999999284744263,-3.3061130049999998,36.188262938999998,27.927791594999999
3980,O,o*,-0.81999999284744263,13.774368286,40.173545836999999,23.928403853999999
3981,O,o*,-0.81999999284744263,-4.1892042160000003,32.785007477000001,40.322727202999999
3982,O,o*,-0.81999999284744263,13.763411522,39.928169250000003,34.749469757
3983,O,o*,-0.81999999284744263,-4.0692911150000004,33.351203918000003,29.406492233000002
3984,O,oc11,-0.60000002384185791,-3.2005050179999999,39.412269592000001,41.258422852000002
3985,O,oc11,-0.60000002384185791,-3.2684009079999998,39.396820067999997,28.093961715999999
3986,O,oc11,-0.60000002384185791,-3.2206161020000001,39.403713226000001,33.856849670000003
3987,O,oc11,-0.60000002384185791,-3.7133100030000001,38.081592559999997,43.230804442999997
3988,O,oc11,-0.60000002384185791,-3.655148268,38.058147429999998,26.104478835999998
3989,O,oc11,-0.60000002384185791,-4.1885652540000002,38.363151549999998,31.896310805999999
3990,O,o*,-0.81999999284744263,-3.580558538,37.842758179,37.458141327
3991,S,s',0.60000002384185791,-3.2325656409999999,39.402915954999997,42.746868134000003
3992,S,s',0.60000002384185791,-3.2710235120000002,39.398281097000002,26.607194901
3993,S,s',0.60000002384185791,-3.2539279460000001,39.415901183999999,32.371536255000002
3994,H,h*,0.40999999642372131,-3.6733300689999999,36.838153839,31.485687255999999
3995,H,h*,0.40999999642372131,-4.2814331049999996,35.464191436999997,31.650712967
3996,H,h*,0.40999999642372131,14.117623329000001,37.559192656999997,36.950218200999998
3997,H,h*,0.40999999642372131,13.361538887,36.305709839000002,36.667224883999999
3998,H,h*,0.40999999642372131,-3.341313124,37.023597717000001,27.396184921
3999,H,h*,0.40999999642372131,-4.1236047740000004,35.762550353999998,27.575691223
4000,H,h*,0.40999999642372131,14.423052788,40.163574218999997,23.179269790999999
4001,H,h*,0.40999999642372131,14.403614998,40.214168549,24.693649292
4002,H,h*,0.40999999642372131,-4.906930923,33.106693268000001,39.724491119
4003,H,h*,0.40999999642372131,-4.6925249100000004,32.812335967999999,41.174526215
4004,H,h*,0.40999999642372131,14.623604774,39.802108765,34.272201537999997
4005,H,h*,0.40999999642372131,13.512361525999999,40.837100982999999,34.467094420999999
4006,H,h*,0.40999999642372131,-3.935795546,32.377182007000002,29.467010498
4007,H,h*,0.40999999642372131,-4.9684562679999997,33.441894531000003,29.810478209999999
4008,H,h*,0.40999999642372131,14.011497498000001,37.730216980000002,32.749691009999999
4009,H,h*,0.40999999642372131,13.397872925,36.360214233000001,32.917907714999998
4010,H,h*,0.40999999642372131,-2.813797712,38.224967956999997,37.948326111
4011,H,h*,0.40999999642372131,-3.122210264,37.603160858000003,36.614727019999997
4012,Al,ac2,1.2000000476837158,9.78042984,39.416606903000002,37.60452652
4013,H,hoc,0.34999999403953552,7.7231278420000002,40.612823486000003,33.006992339999996
4014,H,hoc,0.34999999403953552,11.751119614,38.247184752999999,27.658988953000001
4015,H,hoc,0.34999999403953552,7.7396368979999997,40.595294952000003,36.859859467
4016,H,hoc,0.34999999403953552,11.712787627999999,38.171981811999999,31.455039977999999
4017,Ca,ca+e,1.6000000238418579,11.581448555,40.414947509999998,29.559103012000001
4018,Ca,ca+e,1.6000000238418579,-1.8732002969999999,32.774593353,34.933540344000001
4019,O,oc9,-0.89999997615814209,8.3822116849999997,38.703727722000004,31.054546355999999
4020,O,oc6,-0.89999997615814209,11.043458939000001,40.106063843000001,33.405941009999999
4021,O,oc6,-0.89999997615814209,8.4116353989999997,38.681816101000003,28.045372009000001
4022,O,oc9,-0.89999997615814209,11.071892738000001,40.164916992000002,36.408866881999998
4023,O,o*,-0.81999999284744263,-3.5685584549999998,31.770393372000001,33.242000580000003
4024,O,o*,-0.81999999284744263,13.267663002000001,41.346218108999999,31.27878952
4025,O,o*,-0.81999999284744263,-3.544163465,31.868484497000001,36.687564850000001
4026,O,o*,-0.81999999284744263,13.457500458,40.989715576000002,27.934373856000001
4027,O,o*,-0.81999999284744263,-1.3088082080000001,29.912429809999999,23.954538345
4028,O,o*,-0.81999999284744263,11.049519539,43.568305969000001,40.272983551000003
4029,O,o*,-0.81999999284744263,-1.6154736279999999,29.965944289999999,35.080291748
4030,O,o*,-0.81999999284744263,11.391415596,43.136272429999998,29.327924727999999
4031,O,oc11,-0.60000002384185791,-4.150619507,40.465797424000002,43.234085082999997
4032,O,oc11,-0.60000002384185791,-4.2393465040000002,40.405487061000002,26.111795425
4033,O,oc11,-0.60000002384185791,-3.7264592649999999,40.744998932000001,31.906484603999999
4034,O,o*,-0.81999999284744263,-4.5198898319999996,40.512317656999997,37.193893433
4035,H,h*,0.40999999642372131,14.196421623000001,41.052906036000003,31.461387634000001
4036,H,h*,0.40999999642372131,13.323570251,42.271614075000002,31.632089615000002
4037,H,h*,0.40999999642372131,-3.775202513,30.927465438999999,36.872886657999999
4038,H,h*,0.40999999642372131,-4.4602937699999998,32.244186401,36.753311156999999
4039,H,h*,0.40999999642372131,13.594615936,41.934284210000001,27.690977097000001
4040,H,h*,0.40999999642372131,14.189557076,40.595722197999997,27.394855498999998
4041,H,h*,0.40999999642372131,-1.634724498,29.360212325999999,23.198625565
4042,H,h*,0.40999999642372131,-1.604838252,29.343284607000001,24.710796355999999
4043,H,h*,0.40999999642372131,11.711313248,44.016067505000002,39.689788817999997
4044,H,h*,0.40999999642372131,11.312708855,43.988239288000003,41.130115508999999
4045,H,h*,0.40999999642372131,-2.1447608470000001,29.309055327999999,34.557697296000001
4046,H,h*,0.40999999642372131,-0.70206725599999997,29.755516052000001,34.778968810999999
4047,H,h*,0.40999999642372131,10.471197128,43.477542876999998,29.416841507000001
4048,H,h*,0.40999999642372131,11.899490355999999,43.851047516000001,29.789649962999999
4049,H,h*,0.40999999642372131,-4.4638109210000003,32.103599547999998,32.975749968999999
4050,H,h*,0.40999999642372131,-3.5956065650000002,30.881875992000001,32.803943633999999
4051,H,h*,0.40999999642372131,-4.9507884979999996,40.254768372000001,36.344314574999999
4052,H,h*,0.40999999642372131,-4.2798347469999998,39.615421294999997,37.520954132
4053,H,hoc,0.34999999403953552,11.755202293,40.553115845000001,32.972244263
4054,H,hoc,0.34999999403953552,7.670816898,38.260509491000001,27.631521225
4055,H,hoc,0.34999999403953552,11.811778069000001,40.587104797000002,36.821666718000003
4056,H,hoc,0.34999999403953552,7.6220507619999998,38.329196930000002,31.477716445999999
4057,Ca,ca+e,1.6000000238418579,-0.12598693399999999,31.679269790999999,29.556146622
4058,Ca,ca+e,1.6000000238418579,9.8048133849999992,41.544815063000001,34.915073395
4059,O,oc8,-0.89999997615814209,9.7674970630000004,40.907882690000001,31.047487259
4060,O,oc5,-0.89999997615814209,9.6623353959999996,37.910762787000003,33.416126251000001
4061,O,oc5,-0.89999997615814209,9.726032257,40.909851074000002,28.056917191
4062,O,oc10,-0.89999997615814209,9.7626733780000006,37.915378570999998,36.420230865000001
4063,O,o*,-0.81999999284744263,9.7616157529999992,43.487930298000002,33.189643859999997
4064,O,o*,-0.81999999284744263,-0.060219641999999997,29.733423233,31.249458313000002
4065,O,o*,-0.81999999284744263,9.8282547000000005,43.498847961000003,36.647506714000002
4066,O,o*,-0.81999999284744263,9.1489343640000005,35.422718048,27.931308745999999
4067,O,o*,-0.81999999284744263,-2.6375796789999999,36.904125213999997,23.928644179999999
4068,O,o*,-0.81999999284744263,12.778672218000001,36.220573424999998,40.316356659
4069,O,o*,-0.81999999284744263,-2.504383802,37.035095214999998,34.966529846
4070,O,o*,-0.81999999284744263,12.160010337999999,36.038387299,29.199563980000001
4071,O,oc11,-0.60000002384185791,-1.8654812569999999,39.653747559000003,43.275821686
4072,O,oc11,-0.60000002384185791,-1.9189041849999999,39.736469268999997,26.103321075
4073,O,oc11,-0.60000002384185791,-1.888972163,39.154361725000001,31.845645905000001
4074,O,o*,-0.81999999284744263,-1.6864327189999999,39.929039001,37.666503906000003
4075,H,h*,0.40999999642372131,-0.78748786400000004,29.086227417,31.437393188000001
4076,H,h*,0.40999999642372131,0.70121681700000005,29.231809616,31.639671325999998
4077,H,h*,0.40999999642372131,9.1694154739999991,44.143066406000003,36.993804932000003
4078,H,h*,0.40999999642372131,10.630663872,44.081226348999998,36.697471618999998
4079,H,h*,0.40999999642372131,8.4234094620000004,35.010948181000003,27.396617889000002
4080,H,h*,0.40999999642372131,9.8570890430000002,34.776695251,27.708538055000002
4081,H,h*,0.40999999642372131,-3.020771742,37.405433655000003,24.694042205999999
4082,H,h*,0.40999999642372131,-2.9628093240000002,37.468349457000002,23.181667328
4083,H,h*,0.40999999642372131,12.840415001,35.424297332999998,39.734085082999997
4084,H,h*,0.40999999642372131,12.990439415000001,35.783607482999997,41.178691864000001
4085,H,h*,0.40999999642372131,-3.1392524239999999,36.353370667,34.647041321000003
4086,H,h*,0.40999999642372131,-2.791336775,37.829513550000001,34.445381165000001
4087,H,h*,0.40999999642372131,12.503932953,35.287158966,29.749820709000002
4088,H,h*,0.40999999642372131,12.874650001999999,36.703914642000001,29.342658997000001
4089,H,h*,0.40999999642372131,9.0106401439999999,43.971668243000003,32.760681151999997
4090,H,h*,0.40999999642372131,10.501394272000001,44.106662749999998,32.959640503000003
4091,H,h*,0.40999999642372131,-2.1239325999999998,40.520927428999997,38.326148987000003
4092,H,h*,0.40999999642372131,-1.866885066,40.439945221000002,36.839797974
4093,H,hoc,0.34999999403953552,9.6766080859999999,37.064628601000003,32.992286682
4094,H,hoc,0.34999999403953552,9.7087373729999999,41.764533997000001,27.648580550999998
4095,H,hoc,0.34999999403953552,9.7601890559999998,37.067474365000002,36.841228485000002
4096,H,hoc,0.34999999403953552,9.7759914400000003,41.755592346,31.469642639
