id,element,ff_type,charge,x,y,z
1,O,oc23,-0.55000001192092896,3.3131322949999999,0.105582363,11.44598568
2,O,oc23,-0.55000001192092896,9.1037465260000001,0.49584355600000002,3.8926934399999999
3,O,oc23,-0.55000001192092896,6.5052062360000003,-0.64887497299999997,6.9010829229999997
4,O,oc23,-0.55000001192092896,2.0247822590000002,3.8843451710000001,7.7819640730000001
5,O,oc23,-0.55000001192092896,7.742109256,3.9072085200000002,10.748840293000001
6,O,oc23,-0.55000001192092896,4.3749350959999997,4.1716256920000001,2.1546619090000001
7,O,oc23,-0.55000001192092896,5.3170933290000004,3.387752672,11.562758111000001
8,O,oc23,-0.55000001192092896,2.5559092240000001,3.4997672199999998,3.8923028890000002
9,O,oc23,-0.55000001192092896,8.0998413449999997,2.4842532890000002,7.730988108
10,O,oc23,-0.55000001192092896,3.3192453249999998,0.77997300999999997,8.8884116169999992
11,O,oc23,-0.55000001192092896,5.7741230640000003,0.0045977020000000004,4.4227423259999998
12,O,oc23,-0.55000001192092896,3.0180303450000001,2.61601229,10.672959942
13,O,oc23,-0.55000001192092896,5.81658863,1.842410423,6.5010767749999996
14,O,oc23,-0.55000001192092896,1.935810877,1.408462477,6.7626013900000004
15,O,oc23,-0.55000001192092896,6.9205581450000002,1.417238209,10.915345301
16,O,oc23,-0.55000001192092896,4.388738053,1.7030124440000001,3.1718559129999999
17,O,oc23,-0.55000001192092896,7.0265692809999996,0.98543134799999998,2.2028485629999999
18,O,oc23,-0.55000001192092896,1.0955187319999999,0.89602418699999997,10.264335602999999
19,O,oc23,-0.55000001192092896,4.0605457820000002,-0.093227709000000006,6.4783638410000002
20,O,oc23,-0.55000001192092896,0.73512358600000005,3.6006020969999999,5.749525824
21,O,oc23,-0.55000001192092896,5.9619570619999998,2.9163604749999998,9.0297571110000003
22,O,oc23,-0.55000001192092896,1.8160748630000001,2.1218596170000001,1.9761359270000001
23,Si,sc4,1.1000000238418579,8.6448708580000009,1.5534616210000001,2.752986216
24,Si,sc4,1.1000000238418579,2.6942975140000001,1.095347445,10.326928284999999
25,Si,sc4,1.1000000238418579,5.5523873999999998,0.30108692199999998,6.0432604520000002
26,Si,sc4,1.1000000238418579,1.1466091060000001,2.7963330910000002,7.0368861589999998
27,Si,sc4,1.1000000238418579,6.4777046790000004,2.9161393929999999,10.561211766
28,Si,sc4,1.1000000238418579,3.328321447,2.840786472,2.646415932
29,Si,sc4,1.1000000238418579,3.7335406519999998,3.5509850539999999,11.735481511
30,Si,sc4,1.1000000238418579,1.0371948639999999,3.9228354900000002,4.2555624730000003
31,Si,sc4,1.1000000238418579,6.5677686910000004,2.8624696959999998,7.5421423169999997
32,Si,sc4,1.1000000238418579,2.842333928,0.25782951599999998,7.4664913369999999
33,Si,sc4,1.1000000238418579,8.1690817829999993,0.43628814500000002,11.146908521
34,Si,sc4,1.1000000238418579,5.4229933260000003,0.45245423400000001,2.8721303269999998
35,O,oc23,-0.55000001192092896,3.4310189310000001,0.41982169499999999,22.407792592
36,O,oc23,-0.55000001192092896,8.8680669680000008,0.097785000999999996,15.208869206999999
37,O,oc23,-0.55000001192092896,6.0284574060000002,-0.66007969099999997,19.392316064999999
38,O,oc23,-0.55000001192092896,1.5793666719999999,3.8690608950000001,19.119021167
39,O,oc23,-0.55000001192092896,7.4505114270000004,4.1557835809999997,22.717575103000001
40,O,oc23,-0.55000001192092896,4.954804373,3.8854204239999999,14.985711612999999
41,O,oc23,-0.55000001192092896,4.8157443280000001,3.4348290189999999,23.687893442
42,O,oc23,-0.55000001192092896,2.4323789480000002,3.3595631039999998,15.622022519
43,O,oc23,-0.55000001192092896,7.7936645029999996,2.3674673620000002,19.409247079
44,O,oc23,-0.55000001192092896,2.7764344969999999,1.089200553,20.132458379999999
45,O,oc23,-0.55000001192092896,8.5903377889999994,0.53199052899999999,12.691780058999999
46,O,oc23,-0.55000001192092896,5.9003156040000002,0.40940356700000002,16.860683515000002
47,O,oc23,-0.55000001192092896,2.746528922,2.9655224840000001,21.990443654
48,O,oc23,-0.55000001192092896,5.3493598740000001,1.822990554,18.982634565000001
49,O,oc23,-0.55000001192092896,1.4784454279999999,1.372788634,18.102885220000001
50,O,oc23,-0.55000001192092896,7.4717089620000001,1.648749367,23.731897330999999
51,O,oc23,-0.55000001192092896,4.1348874389999999,1.401397258,15.123290574
52,O,oc23,-0.55000001192092896,6.5637339849999998,0.87040263799999995,14.325750208000001
53,O,oc23,-0.55000001192092896,0.94796594000000001,0.98290877499999996,21.987764567999999
54,O,oc23,-0.55000001192092896,3.7514391690000002,-0.0091853079999999997,18.151689636
55,O,oc23,-0.55000001192092896,0.19880078900000001,3.2509593799999998,16.991682769000001
56,O,oc23,-0.55000001192092896,6.0732283459999996,2.4592244779999999,21.463661775999999
57,O,oc23,-0.55000001192092896,3.2821584829999999,3.0376903849999999,13.194319135000001
58,Si,sc4,1.1000000238418579,8.1455633219999992,1.034133821,14.152170815
59,Si,sc4,1.1000000238418579,2.4675541060000001,1.409938294,21.625507354
60,Si,sc4,1.1000000238418579,5.2851086519999999,0.35921340800000001,18.343500826
61,Si,sc4,1.1000000238418579,0.66484880000000002,2.7267597860000001,18.416149350000001
62,Si,sc4,1.1000000238418579,6.4204536909999996,2.9023219149999999,23.014686154
63,Si,sc4,1.1000000238418579,3.7036254789999998,2.9147404200000002,14.739060567999999
64,Si,sc4,1.1000000238418579,3.2014735559999998,4.0130441899999996,23.139091659000002
65,Si,sc4,1.1000000238418579,0.83378487099999998,3.5620348740000001,15.554550424
66,Si,sc4,1.1000000238418579,6.3017294670000004,2.765934562,19.847239201000001
67,Si,sc4,1.1000000238418579,2.3656212110000001,0.28869334899999999,18.844756874000002
68,Si,sc4,1.1000000238418579,8.521506789,0.31652896899999999,23.240450845000002
69,Si,sc4,1.1000000238418579,5.3961490029999997,0.40825174600000003,15.326159629999999
70,O,oc23,-0.55000001192092896,1.679336674,4.5729464679999996,23.905520305
71,O,oc23,-0.55000001192092896,1.688519289,9.5590413259999991,23.912411549000002
72,O,oc23,-0.55000001192092896,1.6983190100000001,14.537824354,23.902737140999999
73,O,oc23,-0.55000001192092896,1.689070863,19.520226012999998,23.898116771000002
74,O,oc23,-0.55000001192092896,1.688586801,24.494092255000002,23.900847657
75,O,oc23,-0.55000001192092896,1.695119888,29.476394405000001,23.910109275
76,O,oc23,-0.55000001192092896,1.690752654,34.454162818,23.907225872000001
77,O,oc23,-0.55000001192092896,10.026997347,4.5693044489999997,23.913391718
78,O,oc23,-0.55000001192092896,10.032075755999999,9.5590174460000004,23.907544375000001
79,O,oc23,-0.55000001192092896,10.024670272,14.547946770999999,23.906028954
80,O,oc23,-0.55000001192092896,10.032220973999999,19.514959427000001,23.899020663000002
81,O,oc23,-0.55000001192092896,10.032585027,24.488620880999999,23.907266041
82,O,oc23,-0.55000001192092896,10.036947526000001,29.468921379000001,23.905528021999999
83,O,oc23,-0.55000001192092896,10.0357655,34.439299767000001,23.910387245999999
84,O,oc23,-0.55000001192092896,18.376324946,4.5901850040000003,23.910024452999998
85,O,oc23,-0.55000001192092896,18.368293003000002,9.5760382269999997,23.921689161
86,O,oc23,-0.55000001192092896,18.370633469000001,14.552570568,23.918122365999999
87,O,oc23,-0.55000001192092896,18.378362422999999,19.529879946000001,23.914024919999999
88,O,oc23,-0.55000001192092896,18.386585088,24.506225499999999,23.912036349000001
89,O,oc23,-0.55000001192092896,18.38699548,29.471352039999999,23.906676148999999
90,O,oc23,-0.55000001192092896,18.386529968000001,34.458366935000001,23.912144850000001
91,O,oc23,-0.55000001192092896,26.715224541000001,4.5921573750000002,23.906023946000001
92,O,oc23,-0.55000001192092896,26.712590675000001,9.5677887800000008,23.907693924
93,O,oc23,-0.55000001192092896,26.715748084000001,14.552453834,23.912335399
94,O,oc23,-0.55000001192092896,26.729467208999999,19.523112193999999,23.904063425
95,O,oc23,-0.55000001192092896,26.719934516999999,24.501148148999999,23.906916327000001
96,O,oc23,-0.55000001192092896,26.727732729,29.487760372,23.897600280999999
97,O,oc23,-0.55000001192092896,26.716528439000001,34.450352713999997,23.900641343
98,O,oc23,-0.55000001192092896,3.3058174,5.0833416050000002,11.454108523
99,O,oc23,-0.55000001192092896,9.0974378379999994,5.4746605429999997,3.9021607270000001
100,O,oc23,-0.55000001192092896,6.5044001040000001,4.325693276,6.9010015649999996
101,O,oc23,-0.55000001192092896,2.0352966079999999,8.8638491990000006,7.7857574779999998
102,O,oc23,-0.55000001192092896,7.7453064579999999,8.8722054989999997,10.739187269
103,O,oc23,-0.55000001192092896,4.3822310949999999,9.1434652520000004,2.1600208620000001
104,O,oc23,-0.55000001192092896,5.320109091,8.358837973,11.560119851
105,O,oc23,-0.55000001192092896,2.5623762069999998,8.4752970619999992,3.8955786890000001
106,O,oc23,-0.55000001192092896,8.1052570030000002,7.4599459479999997,7.7349647929999996
107,O,oc23,-0.55000001192092896,3.319701164,5.7510565969999998,8.894168852
108,O,oc23,-0.55000001192092896,5.7744065950000003,4.969725446,4.4226096259999998
109,O,oc23,-0.55000001192092896,3.0184504529999998,7.5912639970000004,10.673845152
110,O,oc23,-0.55000001192092896,5.831072786,6.8158858249999996,6.4902144269999997
111,O,oc23,-0.55000001192092896,1.9336302000000001,6.3859782779999996,6.7695543689999997
112,O,oc23,-0.55000001192092896,6.9250213570000003,6.3893603949999997,10.924741722
113,O,oc23,-0.55000001192092896,4.3941372889999997,6.6750630849999997,3.1760894259999999
114,O,oc23,-0.55000001192092896,7.0276263840000004,5.9537612810000002,2.2023404229999999
115,O,oc23,-0.55000001192092896,1.093335615,5.8732016089999997,10.263538358
116,O,oc23,-0.55000001192092896,4.0605855929999999,4.8893206070000002,6.4794363410000004
117,O,oc23,-0.55000001192092896,0.74162108100000002,8.5831540709999992,5.7534879270000001
118,O,oc23,-0.55000001192092896,5.9633415000000003,7.8758460460000004,9.0286262330000007
119,O,oc23,-0.55000001192092896,1.818732952,7.0946023150000004,1.9825731360000001
120,Si,sc4,1.1000000238418579,8.6416776229999996,6.5252314650000001,2.7545897259999998
121,Si,sc4,1.1000000238418579,2.691645796,6.0707710559999999,10.330114094000001
122,Si,sc4,1.1000000238418579,5.5544046829999996,5.2745110930000001,6.0411687990000003
123,Si,sc4,1.1000000238418579,1.1505477980000001,7.7788755079999996,7.0403832849999999
124,Si,sc4,1.1000000238418579,6.4793239829999996,7.8834288570000002,10.55934631
125,Si,sc4,1.1000000238418579,3.3334209910000001,7.8133411500000003,2.6515538319999998
126,Si,sc4,1.1000000238418579,3.7378586550000001,8.5219163560000002,11.735849806999999
127,Si,sc4,1.1000000238418579,1.043717571,8.9016495379999991,4.2599337569999998
128,Si,sc4,1.1000000238418579,6.5736781899999999,7.8319735030000004,7.5427431279999997
129,Si,sc4,1.1000000238418579,2.8427926079999999,5.2357154399999999,7.4701158330000004
130,Si,sc4,1.1000000238418579,8.1761063160000003,5.4128146399999997,11.157235782000001
131,Si,sc4,1.1000000238418579,5.4246708979999996,5.4212576769999998,2.8736227269999999
132,O,oc23,-0.55000001192092896,3.4217500030000001,5.3947931699999998,22.412675339
133,O,oc23,-0.55000001192092896,8.8769785940000006,5.0676708130000003,15.218567073999999
134,O,oc23,-0.55000001192092896,6.0361674350000003,4.30967345,19.396340706
135,O,oc23,-0.55000001192092896,1.5862054249999999,8.8447038179999993,19.115736058
136,O,oc23,-0.55000001192092896,7.4585567279999996,9.1293497559999999,22.718341801000001
137,O,oc23,-0.55000001192092896,4.9578111170000003,8.8580981980000004,14.977513387
138,O,oc23,-0.55000001192092896,4.820996461,8.4131611149999994,23.691683350999998
139,O,oc23,-0.55000001192092896,2.4348528639999998,8.3359279920000002,15.617007184
140,O,oc23,-0.55000001192092896,7.7887687860000003,7.3553739829999998,19.415646337999998
141,O,oc23,-0.55000001192092896,2.7716237029999999,6.0630549819999997,20.138468747000001
142,O,oc23,-0.55000001192092896,8.5978986279999994,5.5060684750000002,12.702847561
143,O,oc23,-0.55000001192092896,5.9018241920000003,5.3877705239999996,16.867604351000001
144,O,oc23,-0.55000001192092896,2.7415616479999998,7.9395368419999999,22.000149404999998
145,O,oc23,-0.55000001192092896,5.3475911040000002,6.7944879150000004,18.991204417999999
146,O,oc23,-0.55000001192092896,1.4888797979999999,6.3428181019999998,18.10164241
147,O,oc23,-0.55000001192092896,7.4693472060000001,6.6220189510000003,23.737127784999998
148,O,oc23,-0.55000001192092896,4.13717661,6.3736138709999999,15.125361673
149,O,oc23,-0.55000001192092896,6.5696110689999996,5.8434778989999998,14.335138455999999
150,O,oc23,-0.55000001192092896,0.94109390199999998,5.9572080529999996,21.991166832000001
151,O,oc23,-0.55000001192092896,3.7574469960000001,4.955147567,18.162142885000002
152,O,oc23,-0.55000001192092896,0.20576192200000001,8.2233047700000004,16.990352808000001
153,O,oc23,-0.55000001192092896,6.0724317660000002,7.437680888,21.469356638000001
154,O,oc23,-0.55000001192092896,3.2865023290000002,8.0066947299999995,13.19184087
155,Si,sc4,1.1000000238418579,8.1525933160000008,6.0070641079999998,14.163145776
156,Si,sc4,1.1000000238418579,2.4601185609999998,6.3845338509999996,21.630451577999999
157,Si,sc4,1.1000000238418579,5.2884993810000003,5.3306721389999998,18.352309626
158,Si,sc4,1.1000000238418579,0.67478692799999995,7.6983760090000004,18.412851153999998
159,Si,sc4,1.1000000238418579,6.424083177,7.878791755,23.020529825000001
160,Si,sc4,1.1000000238418579,3.7062493270000001,7.8865011530000002,14.736333936999999
161,Si,sc4,1.1000000238418579,3.2060547060000002,8.9892739299999995,23.144664528
162,Si,sc4,1.1000000238418579,0.83625907899999996,8.5370776399999997,15.55313003
163,Si,sc4,1.1000000238418579,6.2955027799999996,7.745940772,19.851849845
164,Si,sc4,1.1000000238418579,2.3686050700000001,5.2573821460000003,18.849325649000001
165,Si,sc4,1.1000000238418579,8.5143879499999997,5.2906748510000003,23.245129157000001
166,Si,sc4,1.1000000238418579,5.3993867590000004,5.3838319050000001,15.333331775
167,O,oc23,-0.55000001192092896,3.311926637,10.054283979999999,11.458200255
168,O,oc23,-0.55000001192092896,9.1070122349999991,10.447271430000001,3.9026383240000002
169,O,oc23,-0.55000001192092896,6.5132551640000003,9.2983185620000004,6.9098055309999999
170,O,oc23,-0.55000001192092896,2.032214132,13.844764121000001,7.7909538569999999
171,O,oc23,-0.55000001192092896,7.7529077150000001,13.843275818,10.759388465000001
172,O,oc23,-0.55000001192092896,4.3837757100000001,14.120416877,2.168237145
173,O,oc23,-0.55000001192092896,5.3224778099999996,13.318366845,11.572024162
174,O,oc23,-0.55000001192092896,2.5643922460000002,13.4464056,3.904467935
175,O,oc23,-0.55000001192092896,8.1247025990000008,12.448700484,7.7459370219999997
176,O,oc23,-0.55000001192092896,3.3237416560000002,10.733348399,8.9016391230000007
177,O,oc23,-0.55000001192092896,5.7847191479999998,9.9473948090000004,4.4283224609999996
178,O,oc23,-0.55000001192092896,3.010515008,12.561622463000001,10.688030535999999
179,O,oc23,-0.55000001192092896,5.8541225800000003,11.793975176,6.4983205540000002
180,O,oc23,-0.55000001192092896,1.9447100610000001,11.366682003999999,6.7754299759999999
181,O,oc23,-0.55000001192092896,6.9336680919999996,11.353234799999999,10.923319662000001
182,O,oc23,-0.55000001192092896,4.3958934159999998,11.648095782,3.1800623529999998
183,O,oc23,-0.55000001192092896,7.035548951,10.930411442,2.2074379130000001
184,O,oc23,-0.55000001192092896,1.0922358320000001,10.833803763000001,10.270196853
185,O,oc23,-0.55000001192092896,4.0736497869999999,9.8705639880000007,6.4875849289999996
186,O,oc23,-0.55000001192092896,0.74119601700000004,13.555556349,5.759706532
187,O,oc23,-0.55000001192092896,5.977205702,12.849705216,9.0362011239999998
188,O,oc23,-0.55000001192092896,1.821426846,12.076216355,1.986105902
189,Si,sc4,1.1000000238418579,8.6522948549999992,11.500230930000001,2.757909851
190,Si,sc4,1.1000000238418579,2.6908559190000001,11.041197348000001,10.337587913
191,Si,sc4,1.1000000238418579,5.5688462980000004,10.252471427,6.048194273
192,Si,sc4,1.1000000238418579,1.1542939320000001,12.754976292,7.047014034
193,Si,sc4,1.1000000238418579,6.4877327979999997,12.850698577999999,10.56956754
194,Si,sc4,1.1000000238418579,3.3359588659999999,12.789593388,2.6578494419999998
195,Si,sc4,1.1000000238418579,3.7395359780000001,13.493737759,11.744695399999999
196,Si,sc4,1.1000000238418579,1.0454818509999999,13.875127466,4.2671289730000002
197,Si,sc4,1.1000000238418579,6.5897192450000004,12.812110461,7.5525253489999997
198,Si,sc4,1.1000000238418579,2.8534327579999998,10.215892707,7.4766689570000002
199,Si,sc4,1.1000000238418579,8.1827978520000002,10.373885809000001,11.151980922
200,Si,sc4,1.1000000238418579,5.4313664749999999,10.396076266,2.8787765269999999
201,O,oc23,-0.55000001192092896,3.4305999100000002,10.366185599,22.412782068999999
202,O,oc23,-0.55000001192092896,8.8772891430000005,10.044615278,15.216865041
203,O,oc23,-0.55000001192092896,6.0238078359999996,9.2886958079999999,19.397584753
204,O,oc23,-0.55000001192092896,1.570507849,13.830330495,19.119098888
205,O,oc23,-0.55000001192092896,7.4584757179999999,14.117536638000001,22.708076197
206,O,oc23,-0.55000001192092896,4.9516654659999997,13.829912529,14.997715246
207,O,oc23,-0.55000001192092896,4.8273620480000003,13.394125781,23.679744893999999
208,O,oc23,-0.55000001192092896,2.4272680050000002,13.303422721,15.629705329
209,O,oc23,-0.55000001192092896,7.7879084650000001,12.327925795000001,19.391887395000001
210,O,oc23,-0.55000001192092896,2.7810369210000001,11.034275278000001,20.138933311999999
211,O,oc23,-0.55000001192092896,8.6008183979999995,10.462411530000001,12.698099447000001
212,O,oc23,-0.55000001192092896,5.9053985469999999,10.356327931999999,16.863159177
213,O,oc23,-0.55000001192092896,2.7495663279999998,12.913751127999999,21.993986159999999
214,O,oc23,-0.55000001192092896,5.3480206590000003,11.775618140000001,18.978447856999999
215,O,oc23,-0.55000001192092896,1.4799748699999999,11.327954455,18.108817692999999
216,O,oc23,-0.55000001192092896,7.4732049869999999,11.607270934000001,23.727378469000001
217,O,oc23,-0.55000001192092896,4.1371445800000002,11.345802730000001,15.125806758
218,O,oc23,-0.55000001192092896,6.5718960930000003,10.819426169,14.328060291
219,O,oc23,-0.55000001192092896,0.95118562200000001,10.931903857,21.992401320999999
220,O,oc23,-0.55000001192092896,3.7528064470000002,9.9440102990000003,18.151201455999999
221,O,oc23,-0.55000001192092896,0.19264279000000001,13.200095881999999,16.996097344999999
222,O,oc23,-0.55000001192092896,6.0811479840000002,12.417159488999999,21.455527564
223,O,oc23,-0.55000001192092896,3.2824064050000001,12.991603483,13.20321455
224,Si,sc4,1.1000000238418579,8.1559472080000006,10.976794984,14.154979926999999
225,Si,sc4,1.1000000238418579,2.4698798059999998,11.356588473,21.631139519000001
226,Si,sc4,1.1000000238418579,5.2866885320000003,10.309271483,18.344485454000001
227,Si,sc4,1.1000000238418579,0.66018093799999999,12.679883554,18.420224174000001
228,Si,sc4,1.1000000238418579,6.4286279630000003,12.862533429000001,23.008221220999999
229,Si,sc4,1.1000000238418579,3.7014168110000001,12.860594592,14.746812028000001
230,Si,sc4,1.1000000238418579,3.2132587739999998,13.968797561000001,23.132694101999999
231,Si,sc4,1.1000000238418579,0.82781107700000001,13.510328487000001,15.560979401000001
232,Si,sc4,1.1000000238418579,6.298511349,12.724866501999999,19.835323309
233,Si,sc4,1.1000000238418579,2.3677886090000002,10.239097340000001,18.847397354999998
234,Si,sc4,1.1000000238418579,8.5169767380000003,10.272379032,23.237802973000001
235,Si,sc4,1.1000000238418579,5.4023473170000003,10.356583641,15.327328660999999
236,O,oc23,-0.55000001192092896,3.3225905149999999,15.027694597,11.457624907
237,O,oc23,-0.55000001192092896,9.1155312290000001,15.421256197,3.9056383299999999
238,O,oc23,-0.55000001192092896,6.5154728979999996,14.280286725,6.9203143569999996
239,O,oc23,-0.55000001192092896,2.0487906360000001,18.823249543999999,7.7879347159999996
240,O,oc23,-0.55000001192092896,7.7464155430000003,18.824167449000001,10.762030067
241,O,oc23,-0.55000001192092896,4.3956225350000002,19.092784008999999,2.1640809000000001
242,O,oc23,-0.55000001192092896,5.3194962439999998,18.277244457999998,11.571327298
243,O,oc23,-0.55000001192092896,2.5753384129999999,18.424769470000001,3.9044389819999998
244,O,oc23,-0.55000001192092896,8.1124658259999993,17.416637186999999,7.7358671860000001
245,O,oc23,-0.55000001192092896,3.3273161710000001,15.707489009,8.9004813909999996
246,O,oc23,-0.55000001192092896,5.7867008689999997,14.922556055999999,4.4347863040000002
247,O,oc23,-0.55000001192092896,3.0059206409999999,17.534831797999999,10.686482173
248,O,oc23,-0.55000001192092896,5.832892384,16.771712655999998,6.5032984520000001
249,O,oc23,-0.55000001192092896,1.9507430429999999,16.345990092000001,6.7745336209999998
250,O,oc23,-0.55000001192092896,6.9376609499999997,16.328668558,10.896273325999999
251,O,oc23,-0.55000001192092896,4.4091413700000004,16.626724329000002,3.1862958460000002
252,O,oc23,-0.55000001192092896,7.0401808289999996,15.89928602,2.2135239100000001
253,O,oc23,-0.55000001192092896,1.096983083,15.800716062999999,10.271499974999999
254,O,oc23,-0.55000001192092896,4.0721749450000004,14.839249034,6.4911501969999996
255,O,oc23,-0.55000001192092896,0.75090939700000003,18.537822066,5.7588801649999999
256,O,oc23,-0.55000001192092896,5.972508919,17.843613184999999,9.0296769389999998
257,O,oc23,-0.55000001192092896,1.8335762710000001,17.045864592000001,1.991476896
258,Si,sc4,1.1000000238418579,8.6563386189999996,16.470566818000002,2.7602866480000001
259,Si,sc4,1.1000000238418579,2.6948506550000002,16.012301804,10.337698239
260,Si,sc4,1.1000000238418579,5.5646311419999996,15.227443968999999,6.0533771520000004
261,Si,sc4,1.1000000238418579,1.1631201069999999,17.73628699,7.0465316329999999
262,Si,sc4,1.1000000238418579,6.48573836,17.829128988000001,10.562157673
263,Si,sc4,1.1000000238418579,3.3478584709999999,17.763398942999999,2.6599285830000001
264,Si,sc4,1.1000000238418579,3.7378666109999998,18.466665129999999,11.737764162
265,Si,sc4,1.1000000238418579,1.0568662879999999,18.854922961,4.2657542340000001
266,Si,sc4,1.1000000238418579,6.5818065939999997,17.793522546999998,7.5447099409999998
267,Si,sc4,1.1000000238418579,2.8542020419999998,15.191800822999999,7.4775870539999998
268,Si,sc4,1.1000000238418579,8.1878456800000006,15.355783396,11.143187577000001
269,Si,sc4,1.1000000238418579,5.4362819040000003,15.370196666,2.885236124
270,O,oc23,-0.55000001192092896,3.4351326250000001,15.345512995,22.397494013999999
271,O,oc23,-0.55000001192092896,8.8849485500000007,15.023161268999999,15.199281995
272,O,oc23,-0.55000001192092896,6.027913603,14.268919781999999,19.386597559999998
273,O,oc23,-0.55000001192092896,1.5676272280000001,18.812439492999999,19.109939815000001
274,O,oc23,-0.55000001192092896,7.4551574,19.095617116,22.706701105
275,O,oc23,-0.55000001192092896,4.9504246949999997,18.808600176999999,14.988269669999999
276,O,oc23,-0.55000001192092896,4.8183647580000004,18.380584201000001,23.679002152999999
277,O,oc23,-0.55000001192092896,2.4272831469999998,18.270681765999999,15.621948928
278,O,oc23,-0.55000001192092896,7.7868275210000002,17.323173075,19.403857457000001
279,O,oc23,-0.55000001192092896,2.7713366509999999,16.02303268,20.126856299
280,O,oc23,-0.55000001192092896,8.6082155139999994,15.471627881,12.68814663
281,O,oc23,-0.55000001192092896,5.8987943530000004,15.349896031,16.858510221
282,O,oc23,-0.55000001192092896,2.7447885790000002,17.895881428999999,21.988231460000002
283,O,oc23,-0.55000001192092896,5.3425844470000001,16.756588195999999,18.980040786
284,O,oc23,-0.55000001192092896,1.482176996,16.305872307000001,18.096100866
285,O,oc23,-0.55000001192092896,7.464073569,16.591560938000001,23.724647439000002
286,O,oc23,-0.55000001192092896,4.1350839439999998,16.318817155000001,15.108546789
287,O,oc23,-0.55000001192092896,6.5686679650000004,15.776148084000001,14.316886453
288,O,oc23,-0.55000001192092896,0.95431893000000001,15.907889618,21.984758496000001
289,O,oc23,-0.55000001192092896,3.7494035440000002,14.915970904,18.150763145999999
290,O,oc23,-0.55000001192092896,0.19440876800000001,18.180776753,16.984420271000001
291,O,oc23,-0.55000001192092896,6.0697833880000003,17.402312925,21.455454309
292,O,oc23,-0.55000001192092896,3.2768801070000002,17.971028669999999,13.195744469999999
293,Si,sc4,1.1000000238418579,8.1518729350000001,15.961516863,14.149152749000001
294,Si,sc4,1.1000000238418579,2.4702760399999999,16.338576153000002,21.621100216999999
295,Si,sc4,1.1000000238418579,5.2822183770000004,15.291766393,18.343184168000001
296,Si,sc4,1.1000000238418579,0.663707088,17.658140970000002,18.407258465000002
297,Si,sc4,1.1000000238418579,6.4201570649999997,17.846331594999999,23.005800343000001
298,Si,sc4,1.1000000238418579,3.7007808899999999,17.834961875000001,14.737338391
299,Si,sc4,1.1000000238418579,3.2044344250000001,18.951787549999999,23.129703355
300,Si,sc4,1.1000000238418579,0.83012941299999998,18.485933645999999,15.550324927
301,Si,sc4,1.1000000238418579,6.2914650669999999,17.710320381999999,19.837294957000001
302,Si,sc4,1.1000000238418579,2.361411269,15.217792176,18.840379972000001
303,Si,sc4,1.1000000238418579,8.5132517889999999,15.261740573000001,23.23379705
304,Si,sc4,1.1000000238418579,5.398519254,15.331476072999999,15.323719709000001
305,O,oc23,-0.55000001192092896,3.3349390049999998,20.004199686,11.449572806000001
306,O,oc23,-0.55000001192092896,9.1128606790000006,20.399230851999999,3.90169809
307,O,oc23,-0.55000001192092896,6.5253501050000002,19.259261478999999,6.9062208089999997
308,O,oc23,-0.55000001192092896,2.035258894,23.801233818,7.7875301930000003
309,O,oc23,-0.55000001192092896,7.742207348,23.806725946,10.769863144
310,O,oc23,-0.55000001192092896,4.3909350500000004,24.074279437000001,2.156139751
311,O,oc23,-0.55000001192092896,5.3148433759999998,23.262261268,11.574175525999999
312,O,oc23,-0.55000001192092896,2.5786429690000001,23.396126182,3.8947532169999999
313,O,oc23,-0.55000001192092896,8.1265821799999998,22.415469946999998,7.7411358860000004
314,O,oc23,-0.55000001192092896,3.3418870300000001,20.689461437999999,8.8972925820000004
315,O,oc23,-0.55000001192092896,5.8002783969999996,19.908231567000001,4.4281328230000003
316,O,oc23,-0.55000001192092896,3.0059219609999999,22.514391312000001,10.686666947999999
317,O,oc23,-0.55000001192092896,5.8553994359999999,21.758308843999998,6.4971626950000001
318,O,oc23,-0.55000001192092896,1.9627360519999999,21.323412718,6.7701531130000001
319,O,oc23,-0.55000001192092896,6.9301129230000003,21.313368313000002,10.892273515999999
320,O,oc23,-0.55000001192092896,4.4127686390000003,21.602948241,3.1733079480000002
321,O,oc23,-0.55000001192092896,7.0474267189999997,20.877810262000001,2.2034013250000002
322,O,oc23,-0.55000001192092896,1.110167057,20.769663821000002,10.260855494999999
323,O,oc23,-0.55000001192092896,4.0898265949999999,19.825743693,6.4842779320000004
324,O,oc23,-0.55000001192092896,0.75658513900000002,23.510447301999999,5.7531368350000003
325,O,oc23,-0.55000001192092896,5.9756931519999998,22.837533909000001,9.0289423580000001
326,O,oc23,-0.55000001192092896,1.83319163,22.022374962000001,1.9822613410000001
327,Si,sc4,1.1000000238418579,8.662212663,21.449667582,2.7533571700000001
328,Si,sc4,1.1000000238418579,2.7057913459999998,20.989629096000002,10.332318470000001
329,Si,sc4,1.1000000238418579,5.581156,20.214637023000002,6.0468473459999998
330,Si,sc4,1.1000000238418579,1.1649574760000001,22.707785596000001,7.0413875490000004
331,Si,sc4,1.1000000238418579,6.481150639,22.816265806000001,10.563564589
332,Si,sc4,1.1000000238418579,3.3483975830000001,22.738990555000001,2.647566479
333,Si,sc4,1.1000000238418579,3.7323446659999999,23.450369422000001,11.740423691
334,Si,sc4,1.1000000238418579,1.0612747309999999,23.827534325999999,4.2594027929999996
335,Si,sc4,1.1000000238418579,6.5930139629999998,22.783173601000001,7.5456819800000003
336,Si,sc4,1.1000000238418579,2.8704518339999998,20.172193311000001,7.473719709
337,Si,sc4,1.1000000238418579,8.1787869089999994,20.338367420000001,11.142635966
338,Si,sc4,1.1000000238418579,5.4445282270000002,20.348204036999999,2.8767064609999999
339,O,oc23,-0.55000001192092896,3.4263794110000001,20.327919679000001,22.393044279000001
340,O,oc23,-0.55000001192092896,8.8739581320000003,20.013314167000001,15.200017820999999
341,O,oc23,-0.55000001192092896,6.0172775810000001,19.253791678999999,19.384896633
342,O,oc23,-0.55000001192092896,1.578086476,23.796595734,19.119087877999998
343,O,oc23,-0.55000001192092896,7.4599650310000003,24.071682637999999,22.708471348
344,O,oc23,-0.55000001192092896,4.9404337600000003,23.789626578,15.000111946000001
345,O,oc23,-0.55000001192092896,4.823182171,23.355356731000001,23.677590546000001
346,O,oc23,-0.55000001192092896,2.4178241109999998,23.241460424,15.631936388
347,O,oc23,-0.55000001192092896,7.789231472,22.291719643,19.396531341999999
348,O,oc23,-0.55000001192092896,2.7653948829999999,21.005801786999999,20.124300789999999
349,O,oc23,-0.55000001192092896,8.5996511410000007,20.458397721000001,12.684985205
350,O,oc23,-0.55000001192092896,5.8937764059999997,20.33069686,16.854501475999999
351,O,oc23,-0.55000001192092896,2.7481042680000001,22.877929051999999,21.985517948999998
352,O,oc23,-0.55000001192092896,5.3430801370000003,21.740980751999999,18.975754444
353,O,oc23,-0.55000001192092896,1.4737293229999999,21.297062718999999,18.100328522000002
354,O,oc23,-0.55000001192092896,7.4742506989999997,21.566636957,23.721164299000002
355,O,oc23,-0.55000001192092896,4.1274743650000003,21.298899603999999,15.106130477000001
356,O,oc23,-0.55000001192092896,6.561618181,20.768947667999999,14.315318354
357,O,oc23,-0.55000001192092896,0.94589958600000001,20.898958708999999,21.983936611000001
358,O,oc23,-0.55000001192092896,3.7427659969999998,19.907846371000002,18.143623909999999
359,O,oc23,-0.55000001192092896,0.187994463,23.177379235,17.001439342000001
360,O,oc23,-0.55000001192092896,6.0775069449999997,22.37865566,21.452361505999999
361,O,oc23,-0.55000001192092896,3.267504765,22.959229817000001,13.201260261
362,Si,sc4,1.1000000238418579,8.1440127780000005,20.950661998000001,14.146162989
363,Si,sc4,1.1000000238418579,2.4636771,21.322924277999999,21.618931546999999
364,Si,sc4,1.1000000238418579,5.2765200510000003,20.276924098999999,18.337727119
365,Si,sc4,1.1000000238418579,0.66195284799999998,22.650633836000001,18.42131646
366,Si,sc4,1.1000000238418579,6.4264773819999998,22.820310054,23.003699888
367,Si,sc4,1.1000000238418579,3.691243499,22.816036506,14.743457895000001
368,Si,sc4,1.1000000238418579,3.2064201360000002,23.928917949999999,23.131714597999999
369,Si,sc4,1.1000000238418579,0.82268722800000005,23.469949110000002,15.563440665
370,Si,sc4,1.1000000238418579,6.2984205119999999,22.688652524999998,19.833961842000001
371,Si,sc4,1.1000000238418579,2.3560064070000002,20.203707612999999,18.836227238999999
372,Si,sc4,1.1000000238418579,8.518498567,20.231802583,23.231720611
373,Si,sc4,1.1000000238418579,5.3923697600000002,20.312807887000002,15.318448053999999
374,O,oc23,-0.55000001192092896,3.3271750469999999,24.987806165999999,11.448192226
375,O,oc23,-0.55000001192092896,9.1216511189999991,25.376944891000001,3.8943315159999998
376,O,oc23,-0.55000001192092896,6.5263974219999996,24.245721139,6.9036080039999996
377,O,oc23,-0.55000001192092896,2.0323551069999999,28.778321438999999,7.7741888819999998
378,O,oc23,-0.55000001192092896,7.738824889,28.788730998999998,10.7467536
379,O,oc23,-0.55000001192092896,4.389966619,29.055164566999998,2.149016982
380,O,oc23,-0.55000001192092896,5.314167157,28.257407285999999,11.562177950000001
381,O,oc23,-0.55000001192092896,2.5753521290000001,28.380680168000001,3.888752615
382,O,oc23,-0.55000001192092896,8.1073342400000001,27.379213872000001,7.7277143529999996
383,O,oc23,-0.55000001192092896,3.3349073150000001,25.669526069,8.8948215860000008
384,O,oc23,-0.55000001192092896,5.7895227220000001,24.882373615999999,4.4222354169999996
385,O,oc23,-0.55000001192092896,3.0079601739999999,27.499104071000001,10.679477307000001
386,O,oc23,-0.55000001192092896,5.8313354630000003,26.731345097999998,6.4927288729999999
387,O,oc23,-0.55000001192092896,1.9551848249999999,26.299024467999999,6.7636775699999996
388,O,oc23,-0.55000001192092896,6.9240532569999997,26.295439992999999,10.902784706
389,O,oc23,-0.55000001192092896,4.413845545,26.585276605000001,3.1686153340000001
390,O,oc23,-0.55000001192092896,7.0470926110000001,25.853716464000001,2.2009950360000001
391,O,oc23,-0.55000001192092896,1.1097298689999999,25.760497652000002,10.263186671
392,O,oc23,-0.55000001192092896,4.0800141520000004,24.792603278000001,6.4848582209999996
393,O,oc23,-0.55000001192092896,0.74658161599999995,28.481184448,5.7415321710000002
394,O,oc23,-0.55000001192092896,5.9637280219999997,27.803548986999999,9.0229192959999995
395,O,oc23,-0.55000001192092896,1.83556075,26.999615769999998,1.975296417
396,Si,sc4,1.1000000238418579,8.6610833879999998,26.428186598,2.750370996
397,Si,sc4,1.1000000238418579,2.704183596,25.975365877000002,10.329887281
398,Si,sc4,1.1000000238418579,5.5695803990000003,25.188191907,6.0424256520000004
399,Si,sc4,1.1000000238418579,1.159720911,27.685234696999999,7.031171466
400,Si,sc4,1.1000000238418579,6.4767458199999997,27.795528351000002,10.555279701
401,Si,sc4,1.1000000238418579,3.3481330929999999,27.721164449,2.6432084630000001
402,Si,sc4,1.1000000238418579,3.7325715779999999,28.437691920999999,11.733378864000001
403,Si,sc4,1.1000000238418579,1.0560909949999999,28.805281974,4.2500060360000003
404,Si,sc4,1.1000000238418579,6.5744287010000004,27.752689211,7.5373210759999996
405,Si,sc4,1.1000000238418579,2.8591343490000001,25.147868225,7.4723454560000002
406,Si,sc4,1.1000000238418579,8.1740294020000004,25.320197632999999,11.146643645999999
407,Si,sc4,1.1000000238418579,5.441527378,25.326788809,2.870801637
408,O,oc23,-0.55000001192092896,3.427089874,25.307679012000001,22.399541139
409,O,oc23,-0.55000001192092896,8.8727930369999992,24.990446343999999,15.203814689
410,O,oc23,-0.55000001192092896,6.0289630399999998,24.234391457000001,19.382698065
411,O,oc23,-0.55000001192092896,1.5773525850000001,28.773698485000001,19.120890911
412,O,oc23,-0.55000001192092896,7.4644819350000002,29.045814693000001,22.714546932000001
413,O,oc23,-0.55000001192092896,4.945307423,28.776479816999998,14.985020356
414,O,oc23,-0.55000001192092896,4.8275059750000002,28.334562425000001,23.688344373
415,O,oc23,-0.55000001192092896,2.4262914640000002,28.244545431999999,15.621403669999999
416,O,oc23,-0.55000001192092896,7.7884740649999999,27.271676159999998,19.412217875
417,O,oc23,-0.55000001192092896,2.7675138800000001,25.993895605999999,20.13145768
418,O,oc23,-0.55000001192092896,8.6019316999999997,25.439790489,12.688300457
419,O,oc23,-0.55000001192092896,5.8935748209999996,25.319974325,16.855990534
420,O,oc23,-0.55000001192092896,2.7456959200000002,27.858130005,22.000084165000001
421,O,oc23,-0.55000001192092896,5.345906576,26.721741109,18.985601966000001
422,O,oc23,-0.55000001192092896,1.4810687929999999,26.275049814999999,18.100017573999999
423,O,oc23,-0.55000001192092896,7.4737093510000001,26.539228195,23.731263599999998
424,O,oc23,-0.55000001192092896,4.1268102559999997,26.287487498000001,15.105744305
425,O,oc23,-0.55000001192092896,6.5593117149999998,25.737994037,14.313946559
426,O,oc23,-0.55000001192092896,0.94598448499999999,25.872289179999999,21.989047680999999
427,O,oc23,-0.55000001192092896,3.7490543000000001,24.891214120000001,18.150499533000001
428,O,oc23,-0.55000001192092896,0.19618243599999999,28.154159410999998,16.991958929999999
429,O,oc23,-0.55000001192092896,6.0730748050000001,27.358432835999999,21.464629426999998
430,O,oc23,-0.55000001192092896,3.2725729590000001,27.940689533,13.193429554
431,Si,sc4,1.1000000238418579,8.1417764170000009,25.925320932000002,14.149898597
432,Si,sc4,1.1000000238418579,2.4635930579999998,26.304067850999999,21.627010562999999
433,Si,sc4,1.1000000238418579,5.2823874799999997,25.261107137,18.341401252000001
434,Si,sc4,1.1000000238418579,0.66675077100000002,27.628723962999999,18.414317453999999
435,Si,sc4,1.1000000238418579,6.427968388,27.797368421000002,23.015842701
436,Si,sc4,1.1000000238418579,3.6960437669999999,27.805239880999999,14.735149062
437,Si,sc4,1.1000000238418579,3.2116145280000001,28.910252625999998,23.141219871000001
438,Si,sc4,1.1000000238418579,0.83037402999999999,28.457938812999998,15.555242077000001
439,Si,sc4,1.1000000238418579,6.2973293379999999,27.667521175000001,19.847410888999999
440,Si,sc4,1.1000000238418579,2.363555023,25.187808286999999,18.844334832000001
441,Si,sc4,1.1000000238418579,8.5202675410000008,25.207418478000001,23.238759498
442,Si,sc4,1.1000000238418579,5.3883285949999999,25.295346014,15.321842154
443,O,oc23,-0.55000001192092896,3.3197110169999999,29.971823183000001,11.440321717
444,O,oc23,-0.55000001192092896,9.1148056230000005,30.356466442999999,3.8889942940000002
445,O,oc23,-0.55000001192092896,6.5122865040000004,29.217319067999998,6.8974569859999999
446,O,oc23,-0.55000001192092896,2.0204186279999998,33.752860339999998,7.7786552039999997
447,O,oc23,-0.55000001192092896,7.7357467919999996,33.769671649999999,10.740629546999999
448,O,oc23,-0.55000001192092896,4.3786450739999996,34.039345023000003,2.1530694929999998
449,O,oc23,-0.55000001192092896,5.3105950069999999,33.238590592999998,11.55462578
450,O,oc23,-0.55000001192092896,2.5625181590000001,33.359650666,3.8879693899999999
451,O,oc23,-0.55000001192092896,8.1065165990000008,32.357154702999999,7.7261204389999998
452,O,oc23,-0.55000001192092896,3.3296864080000002,30.644746481999999,8.8830077040000006
453,O,oc23,-0.55000001192092896,5.7862199810000003,29.862486767,4.416037803
454,O,oc23,-0.55000001192092896,3.0054693870000002,32.478018751,10.668102383000001
455,O,oc23,-0.55000001192092896,5.8316831459999996,31.706497559999999,6.4846031770000003
456,O,oc23,-0.55000001192092896,1.94486012,31.276424513999999,6.7583630699999997
457,O,oc23,-0.55000001192092896,6.9209202630000002,31.275597812000001,10.914282679999999
458,O,oc23,-0.55000001192092896,4.401873449,31.563858104000001,3.1658477020000002
459,O,oc23,-0.55000001192092896,7.0387524389999996,30.839693891,2.1961628310000001
460,O,oc23,-0.55000001192092896,1.1042139120000001,30.740628664999999,10.248568327999999
461,O,oc23,-0.55000001192092896,4.070552052,29.775624613000002,6.4698268890000001
462,O,oc23,-0.55000001192092896,0.73731150199999995,33.463652830000001,5.7434429759999999
463,O,oc23,-0.55000001192092896,5.9631086900000003,32.768475365,9.0213464870000006
464,O,oc23,-0.55000001192092896,1.825242179,31.984629515999998,1.9732087840000001
465,Si,sc4,1.1000000238418579,8.6546359079999995,31.409087264,2.7456504810000002
466,Si,sc4,1.1000000238418579,2.6988418260000002,30.955370718000001,10.317580417
467,Si,sc4,1.1000000238418579,5.5636666359999998,30.164717899999999,6.0335760409999999
468,Si,sc4,1.1000000238418579,1.1484944180000001,32.661498381999998,7.0311757909999999
469,Si,sc4,1.1000000238418579,6.4747247410000002,32.772539762000001,10.554317361000001
470,Si,sc4,1.1000000238418579,3.3379124500000001,32.702673681,2.6418047919999998
471,Si,sc4,1.1000000238418579,3.7283429250000002,33.411833350000002,11.727769296
472,Si,sc4,1.1000000238418579,1.042962696,33.785165777000003,4.2510633929999999
473,Si,sc4,1.1000000238418579,6.5731955700000002,32.726086453000001,7.5351493490000001
474,Si,sc4,1.1000000238418579,2.8528992529999999,30.126259789999999,7.4602884129999998
475,Si,sc4,1.1000000238418579,8.1706912799999998,30.297286830000001,11.149807922000001
476,Si,sc4,1.1000000238418579,5.4345615560000002,30.310035429999999,2.8668053429999998
477,O,oc23,-0.55000001192092896,3.4331590379999999,30.285041011000001,22.403340777
478,O,oc23,-0.55000001192092896,8.8588849619999994,29.964242961,15.216039456000001
479,O,oc23,-0.55000001192092896,6.0287309029999996,29.211208578000001,19.393836089000001
480,O,oc23,-0.55000001192092896,1.579603343,33.741261563000002,19.114692905999998
481,O,oc23,-0.55000001192092896,7.462350979,34.020527637000001,22.715233347000002
482,O,oc23,-0.55000001192092896,4.9504153180000001,33.752659194000003,14.974151600000001
483,O,oc23,-0.55000001192092896,4.8253189169999997,33.310914648000001,23.688417567999998
484,O,oc23,-0.55000001192092896,2.4319872139999998,33.227198002000002,15.615061455999999
485,O,oc23,-0.55000001192092896,7.7929976319999996,32.246769307000001,19.406444398000001
486,O,oc23,-0.55000001192092896,2.7689808359999999,30.970395139000001,20.132982397999999
487,O,oc23,-0.55000001192092896,8.5917368639999996,30.396658725999998,12.694616464999999
488,O,oc23,-0.55000001192092896,5.895663119,30.287025589999999,16.862357159999998
489,O,oc23,-0.55000001192092896,2.746949791,32.834493997999999,21.999147343000001
490,O,oc23,-0.55000001192092896,5.347744359,31.694272283,18.985287962000001
491,O,oc23,-0.55000001192092896,1.481199975,31.245992077,18.100343012
492,O,oc23,-0.55000001192092896,7.4745228949999998,31.516716524,23.731625527999999
493,O,oc23,-0.55000001192092896,4.1303410789999999,31.268333531,15.11362995
494,O,oc23,-0.55000001192092896,6.5599103039999997,30.731949365999998,14.323391497999999
495,O,oc23,-0.55000001192092896,0.95171004199999998,30.850013930999999,21.992758824999999
496,O,oc23,-0.55000001192092896,3.7509384219999999,29.861250026,18.157547514000001
497,O,oc23,-0.55000001192092896,0.199783353,33.123518830999998,16.988009553000001
498,O,oc23,-0.55000001192092896,6.0770565269999999,32.331759007999999,21.464649130000002
499,O,oc23,-0.55000001192092896,3.274831984,32.905048561000001,13.187112666000001
500,Si,sc4,1.1000000238418579,8.1412788640000002,30.899507496999998,14.154749892
501,Si,sc4,1.1000000238418579,2.4677354970000001,31.280046414000001,21.628746454000002
502,Si,sc4,1.1000000238418579,5.2837148650000003,30.231730604999999,18.346960685999999
503,Si,sc4,1.1000000238418579,0.66716598000000005,32.598672086999997,18.410744735000002
504,Si,sc4,1.1000000238418579,6.4269500019999999,32.772330678000003,23.015166800999999
505,Si,sc4,1.1000000238418579,3.6997940649999999,32.782085358000003,14.729438731
506,Si,sc4,1.1000000238418579,3.2084933790000001,33.884693581000001,23.142365177999999
507,Si,sc4,1.1000000238418579,0.83466390000000001,33.433044348000003,15.551281605
508,Si,sc4,1.1000000238418579,6.3005146480000001,32.639972235999998,19.846432642
509,Si,sc4,1.1000000238418579,2.3647098849999999,30.162929916,18.847863325999999
510,Si,sc4,1.1000000238418579,8.5222076649999998,30.185657747,23.238591530000001
511,Si,sc4,1.1000000238418579,5.3906240719999996,30.276615071999998,15.326828617
512,O,oc23,-0.55000001192092896,11.660634485999999,0.091163691000000005,11.465640368000001
513,O,oc23,-0.55000001192092896,17.451959955,0.49850203900000001,3.9045646519999999
514,O,oc23,-0.55000001192092896,14.863442578000001,-0.65160196199999998,6.9109164559999998
515,O,oc23,-0.55000001192092896,10.364590415,3.8789752279999998,7.7974558009999999
516,O,oc23,-0.55000001192092896,16.101760147,3.8873560020000002,10.769040141
517,O,oc23,-0.55000001192092896,12.725251598,4.1677035470000003,2.169538706
518,O,oc23,-0.55000001192092896,13.675261002999999,3.3630135239999999,11.579579257000001
519,O,oc23,-0.55000001192092896,10.905294819,3.4957136229999999,3.9045054910000001
520,O,oc23,-0.55000001192092896,16.460400363000002,2.4941182180000001,7.7460665100000003
521,O,oc23,-0.55000001192092896,11.670174821,0.764869723,8.9035468360000003
522,O,oc23,-0.55000001192092896,14.127114622000001,-0.0060960060000000002,4.4320658789999996
523,O,oc23,-0.55000001192092896,11.373951075000001,2.601299327,10.689676197000001
524,O,oc23,-0.55000001192092896,8.4237760260000005,2.9274828149999998,3.4912762590000002
525,O,oc23,-0.55000001192092896,14.184337965999999,1.8406743619999999,6.5058902669999998
526,O,oc23,-0.55000001192092896,10.286969643999999,1.404384039,6.7757797699999998
527,O,oc23,-0.55000001192092896,15.279686191,1.3983378360000001,10.916208707999999
528,O,oc23,-0.55000001192092896,12.737823281000001,1.693694539,3.1828453840000002
529,O,oc23,-0.55000001192092896,15.376595763999999,0.97666883000000004,2.2108578350000001
530,O,oc23,-0.55000001192092896,9.4437368179999996,0.89353766999999995,10.274705213000001
531,O,oc23,-0.55000001192092896,12.417499444000001,-0.093938151999999997,6.491075478
532,O,oc23,-0.55000001192092896,9.0825634080000004,3.59707394,5.761333284
533,O,oc23,-0.55000001192092896,14.321042088,2.9061053160000001,9.040945765
534,O,oc23,-0.55000001192092896,10.164068662,2.1210102399999999,1.9870659820000001
535,Si,sc4,1.1000000238418579,16.990904695000001,1.5495703519999999,2.760781025
536,Si,sc4,1.1000000238418579,11.044279149999999,1.081933579,10.342340591999999
537,Si,sc4,1.1000000238418579,13.910582372,0.29784339700000001,6.0525922029999997
538,Si,sc4,1.1000000238418579,9.4896938810000009,2.7901697589999999,7.0479620389999997
539,Si,sc4,1.1000000238418579,14.835938427,2.8978982009999998,10.572902152999999
540,Si,sc4,1.1000000238418579,11.678428858,2.8358696339999998,2.6595190529999999
541,Si,sc4,1.1000000238418579,12.09325304,3.5328041479999999,11.751399355
542,Si,sc4,1.1000000238418579,9.3855651719999997,3.9199379310000002,4.267601355
543,Si,sc4,1.1000000238418579,14.927849870999999,2.8615512010000002,7.5534006949999997
544,Si,sc4,1.1000000238418579,11.195292213,0.25148974000000002,7.47810212
545,Si,sc4,1.1000000238418579,16.531060194999998,0.42573723400000002,11.156697313
546,Si,sc4,1.1000000238418579,13.773465503000001,0.44251151999999999,2.881119054
547,O,oc23,-0.55000001192092896,11.774844544,0.41110933100000002,22.413686370000001
548,O,oc23,-0.55000001192092896,17.244492178000002,0.097353040000000002,15.206448407
549,O,oc23,-0.55000001192092896,14.383466193,-0.66208422,19.405208919
550,O,oc23,-0.55000001192092896,9.9306328209999997,3.8558512610000002,19.123228903000001
551,O,oc23,-0.55000001192092896,15.794786969,4.174365645,22.724315677
552,O,oc23,-0.55000001192092896,13.308126594000001,3.859647979,15.011139083
553,O,oc23,-0.55000001192092896,13.165717603999999,3.4387041009999999,23.698188122000001
554,O,oc23,-0.55000001192092896,10.786882234,3.33142966,15.636809416
555,O,oc23,-0.55000001192092896,16.138016944,2.395506879,19.423601180999999
556,O,oc23,-0.55000001192092896,11.124663548999999,1.075460547,20.141564095
557,O,oc23,-0.55000001192092896,16.960944096999999,0.54913931800000004,12.697251925
558,O,oc23,-0.55000001192092896,14.260320991,0.40784741899999999,16.875955906000002
559,O,oc23,-0.55000001192092896,11.094323522,2.9555224939999998,22.000870800000001
560,O,oc23,-0.55000001192092896,8.5724576169999995,2.5644612059999998,14.436312735
561,O,oc23,-0.55000001192092896,13.699361246,1.8236377619999999,18.996733272
562,O,oc23,-0.55000001192092896,9.8349132990000001,1.356074161,18.110353959000001
563,O,oc23,-0.55000001192092896,15.826889620999999,1.665506596,23.739771951000002
564,O,oc23,-0.55000001192092896,12.493074494,1.37433381,15.129583872
565,O,oc23,-0.55000001192092896,14.922807831,0.82721545299999999,14.329219116999999
566,O,oc23,-0.55000001192092896,9.2935424229999999,0.97315397000000003,21.993107157000001
567,O,oc23,-0.55000001192092896,12.110319358,-0.019619148999999999,18.163023165999999
568,O,oc23,-0.55000001192092896,8.5514694500000008,3.227456568,16.995025843000001
569,O,oc23,-0.55000001192092896,14.422453332,2.469710632,21.477652063000001
570,O,oc23,-0.55000001192092896,11.639134751,3.02215108,13.208339158999999
571,Si,sc4,1.1000000238418579,16.501716646999999,1.0300309249999999,14.161228358000001
572,Si,sc4,1.1000000238418579,10.812287196,1.3994705119999999,21.632596826
573,Si,sc4,1.1000000238418579,13.6422518,0.358296116,18.358556767
574,Si,sc4,1.1000000238418579,9.0182643660000004,2.7077349759999998,18.420436899999999
575,Si,sc4,1.1000000238418579,14.771500301,2.9154917309999999,23.027360389999998
576,Si,sc4,1.1000000238418579,12.059563088000001,2.8894783140000002,14.753063355
577,Si,sc4,1.1000000238418579,11.548297453,4.00573785,23.148179113000001
578,Si,sc4,1.1000000238418579,9.1899163159999997,3.5444532770000001,15.564184836000001
579,Si,sc4,1.1000000238418579,14.642841586999999,2.7778028969999999,19.859215419000002
580,Si,sc4,1.1000000238418579,10.721015233999999,0.27201356199999999,18.852678335
581,Si,sc4,1.1000000238418579,16.873493965000002,0.33489407999999998,23.244944457999999
582,Si,sc4,1.1000000238418579,13.755829847999999,0.38487468800000002,15.339851931
583,O,oc23,-0.55000001192092896,11.667552112999999,5.0669228889999998,11.470713723999999
584,O,oc23,-0.55000001192092896,17.438486401999999,5.4778249580000002,3.9099345520000002
585,O,oc23,-0.55000001192092896,14.857068689,4.3269660290000003,6.9165949270000002
586,O,oc23,-0.55000001192092896,10.369219275000001,8.8534835740000002,7.7979180890000004
587,O,oc23,-0.55000001192092896,16.104769567000002,8.8643231500000006,10.788705292
588,O,oc23,-0.55000001192092896,12.723328215,9.1423882429999992,2.1688749459999999
589,O,oc23,-0.55000001192092896,13.678666904,8.3320362580000005,11.592955379999999
590,O,oc23,-0.55000001192092896,10.902317113000001,8.4621551660000005,3.9055176710000001
591,O,oc23,-0.55000001192092896,16.455986070000002,7.4639327399999997,7.740827468
592,O,oc23,-0.55000001192092896,11.670507723,5.7434674899999996,8.9099100159999995
593,O,oc23,-0.55000001192092896,14.124838114999999,4.9785181209999996,4.440232688
594,O,oc23,-0.55000001192092896,11.378763340000001,7.5781705480000001,10.697322234
595,O,oc23,-0.55000001192092896,8.420339147,7.9035832289999997,3.4853629540000002
596,O,oc23,-0.55000001192092896,14.167283054,6.8176202469999998,6.5207696459999998
597,O,oc23,-0.55000001192092896,10.286128960999999,6.3782436999999996,6.7803450559999998
598,O,oc23,-0.55000001192092896,15.284232402000001,6.3718491799999999,10.914665553000001
599,O,oc23,-0.55000001192092896,12.738073809999999,6.6729741249999996,3.1856910260000002
600,O,oc23,-0.55000001192092896,15.371283531,5.9553661179999997,2.2138940119999999
601,O,oc23,-0.55000001192092896,9.4490535779999991,5.8708514200000002,10.284815217
602,O,oc23,-0.55000001192092896,12.412383451,4.876568035,6.4993319429999996
603,O,oc23,-0.55000001192092896,9.0798740210000002,8.5669239650000009,5.761282843
604,O,oc23,-0.55000001192092896,14.323241624,7.8946227569999996,9.0514021029999991
605,O,oc23,-0.55000001192092896,10.163191756,7.0883288870000003,1.9893063580000001
606,Si,sc4,1.1000000238418579,16.984287989999999,6.5307971650000001,2.7640326370000001
607,Si,sc4,1.1000000238418579,11.049138425000001,6.059412054,10.349928096999999
608,Si,sc4,1.1000000238418579,13.901855264,5.2757664479999997,6.0609669559999997
609,Si,sc4,1.1000000238418579,9.4917301260000002,7.7653339429999999,7.0488938250000004
610,Si,sc4,1.1000000238418579,14.840413142999999,7.8757060799999996,10.583469065999999
611,Si,sc4,1.1000000238418579,11.675863501,7.8082975460000004,2.6591370919999999
612,Si,sc4,1.1000000238418579,12.097333414,8.5106433050000003,11.759665758000001
613,Si,sc4,1.1000000238418579,9.3846410309999992,8.8908828599999996,4.2669166020000002
614,Si,sc4,1.1000000238418579,14.922623,7.8382859690000002,7.5605088509999998
615,Si,sc4,1.1000000238418579,11.190406267,5.2262858359999997,7.4870389580000003
616,Si,sc4,1.1000000238418579,16.534651492999998,5.3995118140000002,11.155206334000001
617,Si,sc4,1.1000000238418579,13.771057202,5.4214116040000002,2.8882162189999998
618,O,oc23,-0.55000001192092896,11.769869404,5.3860480309999996,22.421782796999999
619,O,oc23,-0.55000001192092896,17.237786764999999,5.0735177629999999,15.210923574000001
620,O,oc23,-0.55000001192092896,14.364741982,4.3210323859999997,19.413709784000002
621,O,oc23,-0.55000001192092896,9.9239303519999993,8.8462593930000004,19.126530074000001
622,O,oc23,-0.55000001192092896,15.798534976999999,9.1543623039999993,22.724958085000001
623,O,oc23,-0.55000001192092896,13.308498639,8.8388587669999996,15.021612662000001
624,O,oc23,-0.55000001192092896,13.165455556,8.4261274420000003,23.693466183999998
625,O,oc23,-0.55000001192092896,10.787538680000001,8.3121977309999995,15.644714063
626,O,oc23,-0.55000001192092896,16.131142123,7.3684108650000004,19.417915835999999
627,O,oc23,-0.55000001192092896,11.119779071,6.0498682109999997,20.147973446999998
628,O,oc23,-0.55000001192092896,16.960091295000002,5.5194897320000003,12.698180428000001
629,O,oc23,-0.55000001192092896,14.254038698,5.3854957140000002,16.879542619999999
630,O,oc23,-0.55000001192092896,11.091823007,7.9342030110000001,22.001732000000001
631,O,oc23,-0.55000001192092896,8.5764537870000002,7.5380723200000004,14.44622229
632,O,oc23,-0.55000001192092896,13.691117275,6.8081689220000001,18.995560478000002
633,O,oc23,-0.55000001192092896,9.8249114429999995,6.340589692,18.119728403
634,O,oc23,-0.55000001192092896,15.819615540999999,6.6437673200000003,23.7402126
635,O,oc23,-0.55000001192092896,12.490354956999999,6.3522403120000002,15.129956263
636,O,oc23,-0.55000001192092896,14.919862336,5.808048104,14.332445222
637,O,oc23,-0.55000001192092896,9.2885763560000001,5.9493477769999998,21.999390777999999
638,O,oc23,-0.55000001192092896,12.09805134,4.9695143740000001,18.162527752999999
639,O,oc23,-0.55000001192092896,8.5482644180000005,8.2131257949999998,17.000578599000001
640,O,oc23,-0.55000001192092896,14.421196408,7.4500999669999999,21.476101716999999
641,O,oc23,-0.55000001192092896,11.639571021,8.0068825960000005,13.21795228
642,Si,sc4,1.1000000238418579,16.499291895999999,6.0051415060000002,14.161127656
643,Si,sc4,1.1000000238418579,10.808456989,6.3762653059999996,21.638677014999999
644,Si,sc4,1.1000000238418579,13.630770082,5.3415113659999998,18.360266566
645,Si,sc4,1.1000000238418579,9.0123853619999998,7.6954000410000001,18.427533400000002
646,Si,sc4,1.1000000238418579,14.770471431000001,7.8974500360000004,23.025274372999998
647,Si,sc4,1.1000000238418579,12.059376338,7.8701179210000003,14.762257478
648,Si,sc4,1.1000000238418579,11.549725988,8.9920501500000007,23.141424011000002
649,Si,sc4,1.1000000238418579,9.1899780870000001,8.5233004539999992,15.570221962
650,Si,sc4,1.1000000238418579,14.640116361,7.7574340380000004,19.857678193999998
651,Si,sc4,1.1000000238418579,10.71020652,5.2532614799999999,18.858139252000001
652,Si,sc4,1.1000000238418579,16.860872091000001,5.3093157030000002,23.246007144
653,Si,sc4,1.1000000238418579,13.752914684,5.361876809,15.342663275
654,O,oc23,-0.55000001192092896,11.677670829,10.045462495000001,11.471970261999999
655,O,oc23,-0.55000001192092896,17.443577055999999,10.462165524,3.908613356
656,O,oc23,-0.55000001192092896,14.858244958,9.3008797570000006,6.9179811219999996
657,O,oc23,-0.55000001192092896,10.390928651999999,13.833723678,7.7953673480000001
658,O,oc23,-0.55000001192092896,16.102052085,13.843520120999999,10.776134011
659,O,oc23,-0.55000001192092896,12.734460318,14.118708394,2.1707937639999999
660,O,oc23,-0.55000001192092896,13.677913351999999,13.306469097000001,11.582930749000001
661,O,oc23,-0.55000001192092896,10.914651942000001,13.44143029,3.9092331800000002
662,O,oc23,-0.55000001192092896,16.458380676000001,12.43931873,7.7395482800000002
663,O,oc23,-0.55000001192092896,11.677879975,10.715865701,8.9111410919999994
664,O,oc23,-0.55000001192092896,14.125522617,9.9490699490000001,4.4383624360000002
665,O,oc23,-0.55000001192092896,11.37171268,12.553949589,10.691902492000001
666,O,oc23,-0.55000001192092896,8.4316455480000005,12.875809427,3.4945352779999999
667,O,oc23,-0.55000001192092896,14.171175703999999,11.792383738,6.5144512170000004
668,O,oc23,-0.55000001192092896,10.293644171,11.353236840999999,6.7846343039999999
669,O,oc23,-0.55000001192092896,15.285894347999999,11.350412872,10.913217783
670,O,oc23,-0.55000001192092896,12.742345279,11.646975221,3.188596725
671,O,oc23,-0.55000001192092896,15.373017725,10.936354886,2.2137893499999999
672,O,oc23,-0.55000001192092896,9.4560482589999992,10.831073753,10.280851323
673,O,oc23,-0.55000001192092896,12.414394274999999,9.8511231559999999,6.4975665029999998
674,O,oc23,-0.55000001192092896,9.0957501359999995,13.54729397,5.7679597979999997
675,O,oc23,-0.55000001192092896,14.324152816,12.863738532999999,9.0443278389999993
676,O,oc23,-0.55000001192092896,10.171827759999999,12.067901576000001,1.9925977109999999
677,Si,sc4,1.1000000238418579,16.987477247000001,11.514101787,2.7630262839999999
678,Si,sc4,1.1000000238418579,11.053867350999999,11.03152867,10.349316592999999
679,Si,sc4,1.1000000238418579,13.904705591000001,10.249692426999999,6.0589169820000004
680,Si,sc4,1.1000000238418579,9.5091989259999998,12.745718245999999,7.0545036200000002
681,Si,sc4,1.1000000238418579,14.841176534000001,12.851086068000001,10.574978552999999
682,Si,sc4,1.1000000238418579,11.685499339,12.7858901,2.6626649069999999
683,Si,sc4,1.1000000238418579,12.097346741999999,13.489010069000001,11.747054964
684,Si,sc4,1.1000000238418579,9.3969780350000001,13.866301564,4.2729915680000001
685,Si,sc4,1.1000000238418579,14.925290488,12.812599325000001,7.5555591089999998
686,Si,sc4,1.1000000238418579,11.196542261999999,10.199338049,7.487369868
687,Si,sc4,1.1000000238418579,16.536522224999999,10.379543248999999,11.160975013
688,Si,sc4,1.1000000238418579,13.772895095000001,10.396241592999999,2.8873167679999998
689,O,oc23,-0.55000001192092896,11.768447754,10.369413722999999,22.405268468999999
690,O,oc23,-0.55000001192092896,17.242121925999999,10.051917619999999,15.211258577000001
691,O,oc23,-0.55000001192092896,14.369851729000001,9.3014080779999997,19.410125167
692,O,oc23,-0.55000001192092896,9.9191583090000002,13.822296230999999,19.110998495
693,O,oc23,-0.55000001192092896,15.792099477000001,14.133988327000001,22.727169873000001
694,O,oc23,-0.55000001192092896,13.312968037999999,13.831061281,14.999699097000001
695,O,oc23,-0.55000001192092896,13.155342337,13.406831393999999,23.696099905000001
696,O,oc23,-0.55000001192092896,10.792710893000001,13.292392737,15.629470455
697,O,oc23,-0.55000001192092896,16.124821528999998,12.366582389,19.433288868999998
698,O,oc23,-0.55000001192092896,11.108708688,11.048364929,20.135478254999999
699,O,oc23,-0.55000001192092896,16.968504914,10.517395927000001,12.701257097999999
700,O,oc23,-0.55000001192092896,14.25544155,10.372095709,16.879021084000001
701,O,oc23,-0.55000001192092896,11.081570761,12.918545791,22.000066131000001
702,O,oc23,-0.55000001192092896,8.5848235870000007,12.510029224,14.426074668
703,O,oc23,-0.55000001192092896,13.687591446000001,11.789000483000001,18.996844681999999
704,O,oc23,-0.55000001192092896,9.8276738120000005,11.319029407,18.100243526
705,O,oc23,-0.55000001192092896,15.807316559,11.623206807000001,23.743436111000001
706,O,oc23,-0.55000001192092896,12.498652063,11.337081668,15.121244840999999
707,O,oc23,-0.55000001192092896,14.924404871,10.774455194,14.329072529999999
708,O,oc23,-0.55000001192092896,9.2855469189999997,10.929814878,21.989440514999998
709,O,oc23,-0.55000001192092896,12.101373816000001,9.9453729670000008,18.162931725
710,O,oc23,-0.55000001192092896,8.5508674710000001,13.188743752000001,16.979932606999999
711,O,oc23,-0.55000001192092896,14.406466026,12.436107053000001,21.478119164999999
712,O,oc23,-0.55000001192092896,11.640941266,12.988356706999999,13.20576718
713,Si,sc4,1.1000000238418579,16.501414919999998,10.987630211000001,14.166367728000001
714,Si,sc4,1.1000000238418579,10.803238341,11.362562111000001,21.63092696
715,Si,sc4,1.1000000238418579,13.632699673999999,10.322968318999999,18.360937569000001
716,Si,sc4,1.1000000238418579,9.0120725420000003,12.671356174,18.407653453999998
717,Si,sc4,1.1000000238418579,14.760053824,12.878772073,23.028656582
718,Si,sc4,1.1000000238418579,12.066945314,12.854611547999999,14.748944334999999
719,Si,sc4,1.1000000238418579,11.540812173999999,13.974217367,23.141338419
720,Si,sc4,1.1000000238418579,9.1953819630000009,13.500515806999999,15.549143015
721,Si,sc4,1.1000000238418579,14.628065898999999,12.745410612000001,19.860920027999999
722,Si,sc4,1.1000000238418579,10.709218519,10.237874012000001,18.848799007
723,Si,sc4,1.1000000238418579,16.856635701999998,10.293829388000001,23.250648071000001
724,Si,sc4,1.1000000238418579,13.755961112,10.342425638,15.34195551
725,O,oc23,-0.55000001192092896,11.684959884,15.024280918000001,11.457973000000001
726,O,oc23,-0.55000001192092896,17.455181879000001,15.439093626,3.9081531580000002
727,O,oc23,-0.55000001192092896,14.863238710999999,14.277160731,6.9180527649999997
728,O,oc23,-0.55000001192092896,10.378497103999999,18.809951491,7.79318271
729,O,oc23,-0.55000001192092896,16.099618077999999,18.829333628000001,10.768077238
730,O,oc23,-0.55000001192092896,12.732595923,19.095049896999999,2.166032269
731,O,oc23,-0.55000001192092896,13.67576285,18.291695598,11.580800601
732,O,oc23,-0.55000001192092896,10.914723047000001,18.419701168,3.9059595229999999
733,O,oc23,-0.55000001192092896,16.462920897,17.423636376000001,7.738763863
734,O,oc23,-0.55000001192092896,11.688026383,15.703338477000001,8.9018354169999991
735,O,oc23,-0.55000001192092896,14.139052946,14.926959318,4.4357056310000003
736,O,oc23,-0.55000001192092896,11.374639536,17.533489893999999,10.685370775000001
737,O,oc23,-0.55000001192092896,8.434615032,17.848905538,3.4897692820000001
738,O,oc23,-0.55000001192092896,14.183967437,16.770570752000001,6.5092557710000003
739,O,oc23,-0.55000001192092896,10.293543526000001,16.332174231,6.7781404460000001
740,O,oc23,-0.55000001192092896,15.284504609000001,16.332450978000001,10.914417628000001
741,O,oc23,-0.55000001192092896,12.749313481,16.625445752000001,3.185977088
742,O,oc23,-0.55000001192092896,15.384125308,15.910879997,2.2117969039999998
743,O,oc23,-0.55000001192092896,9.462381723,15.803933695,10.268421585
744,O,oc23,-0.55000001192092896,12.423161839,14.837534092,6.4870419940000001
745,O,oc23,-0.55000001192092896,9.0901439439999994,18.52164527,5.761554447
746,O,oc23,-0.55000001192092896,14.324807892999999,17.842125301999999,9.0411251400000001
747,O,oc23,-0.55000001192092896,10.174295956,17.038240766000001,1.9925991030000001
748,Si,sc4,1.1000000238418579,16.997552544000001,16.487832119,2.7606036459999999
749,Si,sc4,1.1000000238418579,11.060410638,16.011586722000001,10.339022919
750,Si,sc4,1.1000000238418579,13.915942381000001,15.227784207999999,6.0551482649999997
751,Si,sc4,1.1000000238418579,9.500494368,17.719518348000001,7.0491767469999997
752,Si,sc4,1.1000000238418579,14.839148974,17.833515792,10.571985853999999
753,Si,sc4,1.1000000238418579,11.686713691,17.761462671,2.6595871340000001
754,Si,sc4,1.1000000238418579,12.093468553999999,18.469538377999999,11.746984458
755,Si,sc4,1.1000000238418579,9.395964137,18.842810868000001,4.2672700350000001
756,Si,sc4,1.1000000238418579,14.929473449,17.792904482000001,7.5537408729999997
757,Si,sc4,1.1000000238418579,11.206688762000001,15.183919787000001,7.4802961229999996
758,Si,sc4,1.1000000238418579,16.533028381000001,15.357512935999999,11.160158212000001
759,Si,sc4,1.1000000238418579,13.78285159,15.373961976,2.885781068
760,O,oc23,-0.55000001192092896,11.766381920000001,15.346389597,22.402180401999999
761,O,oc23,-0.55000001192092896,17.225448153999999,15.041379565,15.217726046999999
762,O,oc23,-0.55000001192092896,14.350751237000001,14.28794345,19.411511332
763,O,oc23,-0.55000001192092896,9.930059301,18.802276174999999,19.113542965000001
764,O,oc23,-0.55000001192092896,15.805489546,19.111842289999998,22.717412125999999
765,O,oc23,-0.55000001192092896,13.300477424,18.807381755000002,15.003619261000001
766,O,oc23,-0.55000001192092896,13.168928741,18.389959885,23.686509048000001
767,O,oc23,-0.55000001192092896,10.776477237,18.277614825000001,15.629200622999999
768,O,oc23,-0.55000001192092896,16.132844961,17.329677083,19.411003981
769,O,oc23,-0.55000001192092896,11.10989397,16.019952598,20.130758697000001
770,O,oc23,-0.55000001192092896,16.958550036999998,15.481311486999999,12.701872788999999
771,O,oc23,-0.55000001192092896,14.245869234000001,15.350249013000001,16.874523888999999
772,O,oc23,-0.55000001192092896,11.09885006,17.896668113,21.989770573000001
773,O,oc23,-0.55000001192092896,8.5607174490000002,17.498873824,14.436339475
774,O,oc23,-0.55000001192092896,13.686147318,16.773040946999998,18.986968666999999
775,O,oc23,-0.55000001192092896,9.8163468559999991,16.303877930999999,18.100835712999999
776,O,oc23,-0.55000001192092896,15.818273825,16.606115916,23.736499963
777,O,oc23,-0.55000001192092896,12.484138446999999,16.321614516,15.123004509999999
778,O,oc23,-0.55000001192092896,14.918337001999999,15.791978666,14.332220753
779,O,oc23,-0.55000001192092896,9.2867261810000006,15.920743003,21.987568667000001
780,O,oc23,-0.55000001192092896,12.08839472,14.932194924999999,18.151669343999998
781,O,oc23,-0.55000001192092896,8.541801435,18.185514318999999,16.988436214
782,O,oc23,-0.55000001192092896,14.419959191,17.415155233,21.467049014000001
783,O,oc23,-0.55000001192092896,11.631224243,17.968887970000001,13.204835674
784,Si,sc4,1.1000000238418579,16.499740313,15.976405612000001,14.16280531
785,Si,sc4,1.1000000238418579,10.80656875,16.341702745999999,21.625348850999998
786,Si,sc4,1.1000000238418579,13.619896455999999,15.306438267000001,18.354409800999999
787,Si,sc4,1.1000000238418579,9.0091341239999991,17.660721107000001,18.412897894
788,Si,sc4,1.1000000238418579,14.772685028,17.859410362999999,23.017444346000001
789,Si,sc4,1.1000000238418579,12.049751102,17.836993741000001,14.748234893999999
790,Si,sc4,1.1000000238418579,11.552608636,18.952578925000001,23.134398291
791,Si,sc4,1.1000000238418579,9.1795181770000003,18.490413021999998,15.55512628
792,Si,sc4,1.1000000238418579,14.640643109000001,17.720904754999999,19.847559747999998
793,Si,sc4,1.1000000238418579,10.700216170999999,15.217720613999999,18.841919603000001
794,Si,sc4,1.1000000238418579,16.858606891000001,15.270930238,23.247229340000001
795,Si,sc4,1.1000000238418579,13.749900771,15.334836221,15.335918843
796,O,oc23,-0.55000001192092896,11.675344049,20.002998465000001,11.456729286
797,O,oc23,-0.55000001192092896,17.458734608,20.415922524999999,3.9024066579999999
798,O,oc23,-0.55000001192092896,14.863129808,19.256287044,6.9140473179999997
799,O,oc23,-0.55000001192092896,10.396567465,23.790979618000001,7.7799664330000002
800,O,oc23,-0.55000001192092896,16.085015593000001,23.812604733000001,10.750926547000001
801,O,oc23,-0.55000001192092896,12.738776917999999,24.068650314999999,2.1578383030000001
802,O,oc23,-0.55000001192092896,13.664305141,23.277804624000002,11.566077693
803,O,oc23,-0.55000001192092896,10.923106917,23.394373048999999,3.8991865460000001
804,O,oc23,-0.55000001192092896,16.459222517000001,22.398111410999999,7.7274129040000004
805,O,oc23,-0.55000001192092896,11.679462458,20.677124616,8.8985099650000006
806,O,oc23,-0.55000001192092896,14.135666317,19.900777956999999,4.4311907939999999
807,O,oc23,-0.55000001192092896,11.36329901,22.511858993000001,10.680011988
808,O,oc23,-0.55000001192092896,8.4415269980000005,22.830041847,3.482132274
809,O,oc23,-0.55000001192092896,14.180334752,21.748433092999999,6.4977213799999998
810,O,oc23,-0.55000001192092896,10.292196549,21.308274868000002,6.775581195
811,O,oc23,-0.55000001192092896,15.274155037,21.317456773,10.907854405
812,O,oc23,-0.55000001192092896,12.757980945,21.60258314,3.1811447140000002
813,O,oc23,-0.55000001192092896,15.387058934000001,20.883968530000001,2.2094798839999998
814,O,oc23,-0.55000001192092896,9.4537384600000003,20.780749543999999,10.265096293999999
815,O,oc23,-0.55000001192092896,12.420782721,19.811004805,6.4871602480000004
816,O,oc23,-0.55000001192092896,9.0974725830000001,23.499008392,5.7531486879999996
817,O,oc23,-0.55000001192092896,14.314982808,22.821242797,9.0252006290000004
818,O,oc23,-0.55000001192092896,10.183119463000001,22.012004866000002,1.9872438640000001
819,Si,sc4,1.1000000238418579,16.998958424000001,21.464735197,2.7567471939999999
820,Si,sc4,1.1000000238418579,11.051049102,20.988711419000001,10.334490559000001
821,Si,sc4,1.1000000238418579,13.912381078999999,20.204199683999999,6.0497643539999997
822,Si,sc4,1.1000000238418579,9.5106958699999993,22.702829877999999,7.0436374370000001
823,Si,sc4,1.1000000238418579,14.825716997000001,22.816047462,10.557795974999999
824,Si,sc4,1.1000000238418579,11.695452522,22.735446302,2.653824341
825,Si,sc4,1.1000000238418579,12.083170150000001,23.45074864,11.736780777
826,Si,sc4,1.1000000238418579,9.4050023340000006,23.821091379999999,4.2600801639999997
827,Si,sc4,1.1000000238418579,14.925718675000001,22.770571449999998,7.5397006700000002
828,Si,sc4,1.1000000238418579,11.201149429999999,20.157642131999999,7.4776894719999998
829,Si,sc4,1.1000000238418579,16.526772762,20.345316578999999,11.150197974999999
830,Si,sc4,1.1000000238418579,13.784882132,20.347082657000001,2.881420656
831,O,oc23,-0.55000001192092896,11.771573806999999,20.327938769999999,22.398726617000001
832,O,oc23,-0.55000001192092896,17.234312522,20.022431046000001,15.207673461000001
833,O,oc23,-0.55000001192092896,14.376252903999999,19.264177093000001,19.395913887999999
834,O,oc23,-0.55000001192092896,9.9305560229999994,23.772080662,19.115443607
835,O,oc23,-0.55000001192092896,15.807723584,24.088270533999999,22.716820057
836,O,oc23,-0.55000001192092896,13.299128598999999,23.792662069999999,14.994849692000001
837,O,oc23,-0.55000001192092896,13.169329299999999,23.356976928000002,23.686995309
838,O,oc23,-0.55000001192092896,10.781073187000001,23.253413510000001,15.62216785
839,O,oc23,-0.55000001192092896,16.138512448,22.308221217,19.41008214
840,O,oc23,-0.55000001192092896,11.112778646000001,21.004821781,20.127976100000001
841,O,oc23,-0.55000001192092896,16.956851038,20.466498358999999,12.691199267
842,O,oc23,-0.55000001192092896,14.253551395000001,20.334237335000001,16.865083066
843,O,oc23,-0.55000001192092896,11.086708604,22.873009492000001,21.994979809
844,O,oc23,-0.55000001192092896,8.5573110579999998,22.484980405000002,14.434652610000001
845,O,oc23,-0.55000001192092896,13.696814356000001,21.747944613000001,18.986060737999999
846,O,oc23,-0.55000001192092896,9.8254910459999998,21.275162237,18.097666128
847,O,oc23,-0.55000001192092896,15.824685089999999,21.580413628999999,23.733339521000001
848,O,oc23,-0.55000001192092896,12.488604523999999,21.300756337999999,15.11326017
849,O,oc23,-0.55000001192092896,14.918543619999999,20.750950452000001,14.320215727000001
850,O,oc23,-0.55000001192092896,9.2899811490000008,20.886830864,21.983892928
851,O,oc23,-0.55000001192092896,12.104076506,19.907411928999998,18.152791312000002
852,O,oc23,-0.55000001192092896,8.5496381629999991,23.158049742999999,16.984768198000001
853,O,oc23,-0.55000001192092896,14.427198192000001,22.387085629000001,21.467578974999999
854,O,oc23,-0.55000001192092896,11.630410291,22.947310454,13.196250663000001
855,Si,sc4,1.1000000238418579,16.497773350999999,20.951201776000001,14.154387012999999
856,Si,sc4,1.1000000238418579,10.806705021999999,21.318734028000002,21.621853015999999
857,Si,sc4,1.1000000238418579,13.635724763000001,20.284389641000001,18.34727269
858,Si,sc4,1.1000000238418579,9.0146301789999992,22.630391149000001,18.408211021
859,Si,sc4,1.1000000238418579,14.775956579000001,22.832571343000001,23.018074635000001
860,Si,sc4,1.1000000238418579,12.053937658000001,22.816649937000001,14.739196867
861,Si,sc4,1.1000000238418579,11.549554864999999,23.921688823,23.140394973999999
862,Si,sc4,1.1000000238418579,9.1838698690000005,23.467804562000001,15.552605744999999
863,Si,sc4,1.1000000238418579,14.646630197,22.696185021000002,19.848849238
864,Si,sc4,1.1000000238418579,10.713562494,20.194892428999999,18.842557734
865,Si,sc4,1.1000000238418579,16.867314362999998,20.248870779000001,23.243456525999999
866,Si,sc4,1.1000000238418579,13.750169164000001,20.309892695999999,15.329765338
867,O,oc23,-0.55000001192092896,11.663904758999999,24.984563738999999,11.448561605
868,O,oc23,-0.55000001192092896,17.463682681000002,25.390771035,3.8938323640000001
869,O,oc23,-0.55000001192092896,14.86579089,24.235854595999999,6.9022458860000002
870,O,oc23,-0.55000001192092896,10.373741516000001,28.770606249,7.7845599380000001
871,O,oc23,-0.55000001192092896,16.086816104,28.782994135999999,10.758955496
872,O,oc23,-0.55000001192092896,12.731188125999999,29.051182229999998,2.1604722189999999
873,O,oc23,-0.55000001192092896,13.655174602000001,28.252723840000002,11.565518242
874,O,oc23,-0.55000001192092896,10.917470680999999,28.371097578000001,3.8990742589999998
875,O,oc23,-0.55000001192092896,16.466391025,27.388204672000001,7.737044289
876,O,oc23,-0.55000001192092896,11.673178692,25.666452671999998,8.8909234609999999
877,O,oc23,-0.55000001192092896,14.141195728,24.882413823,4.4222866749999996
878,O,oc23,-0.55000001192092896,11.345694155,27.491677210999999,10.682246749000001
879,O,oc23,-0.55000001192092896,8.4372559559999996,27.806827641999998,3.4790576419999999
880,O,oc23,-0.55000001192092896,14.198458458999999,26.733580623999998,6.4886558250000004
881,O,oc23,-0.55000001192092896,10.288692767000001,26.293021264,6.7659852520000001
882,O,oc23,-0.55000001192092896,15.264095543,26.296452267999999,10.908602
883,O,oc23,-0.55000001192092896,12.755794197,26.578388217000001,3.173487927
884,O,oc23,-0.55000001192092896,15.387687862,25.858821496000001,2.1995740079999999
885,O,oc23,-0.55000001192092896,9.4425626059999992,25.761174999000001,10.260990114
886,O,oc23,-0.55000001192092896,12.425879567000001,24.806765368000001,6.4747211780000002
887,O,oc23,-0.55000001192092896,9.0880318899999999,28.482513216000001,5.7506760440000004
888,O,oc23,-0.55000001192092896,14.315870128,27.797823569999998,9.0263034760000007
889,O,oc23,-0.55000001192092896,10.179127687999999,26.993181832000001,1.983568454
890,Si,sc4,1.1000000238418579,17.000752425000002,26.437689123999998,2.747808692
891,Si,sc4,1.1000000238418579,11.039305079,25.970612782,10.328147385999999
892,Si,sc4,1.1000000238418579,13.921187731,25.190312917,6.040174232
893,Si,sc4,1.1000000238418579,9.4957244299999992,27.680974958,7.0395710190000003
894,Si,sc4,1.1000000238418579,14.821099668,27.794222950000002,10.560476961000001
895,Si,sc4,1.1000000238418579,11.690842995000001,27.714818673,2.6516512250000002
896,Si,sc4,1.1000000238418579,12.073354728,28.425174791,11.740285103
897,Si,sc4,1.1000000238418579,9.3987519400000004,28.800797160999998,4.2580554619999997
898,Si,sc4,1.1000000238418579,14.932789393,27.754281712000001,7.5429303640000001
899,Si,sc4,1.1000000238418579,11.204665608999999,25.146644616,7.4661105780000003
900,Si,sc4,1.1000000238418579,16.513647184,25.321844444,11.147002632
901,Si,sc4,1.1000000238418579,13.786663876,25.324914387,2.8719711710000002
902,O,oc23,-0.55000001192092896,11.770530202,25.299957325000001,22.411247246999999
903,O,oc23,-0.55000001192092896,17.210798117,24.997471354999998,15.208828556
904,O,oc23,-0.55000001192092896,14.3743553,24.238961733,19.396887325000002
905,O,oc23,-0.55000001192092896,9.9246351520000005,28.754524722999999,19.122459810999999
906,O,oc23,-0.55000001192092896,15.806348479,29.061588741000001,22.717096000000002
907,O,oc23,-0.55000001192092896,13.296089737999999,28.762900163000001,14.995043053
908,O,oc23,-0.55000001192092896,13.171694069000001,28.334923158999999,23.686873367
909,O,oc23,-0.55000001192092896,10.771381382,28.239808033999999,15.629031994
910,O,oc23,-0.55000001192092896,16.143817519999999,27.274282326000002,19.405987987
911,O,oc23,-0.55000001192092896,11.117771119,25.968493614,20.138620015000001
912,O,oc23,-0.55000001192092896,16.933856108000001,25.428097123000001,12.692239742
913,O,oc23,-0.55000001192092896,14.243857207,25.313344845,16.867112936000002
914,O,oc23,-0.55000001192092896,11.094832759999999,27.847296630999999,21.996218554999999
915,O,oc23,-0.55000001192092896,8.5494189340000002,27.459934054000001,14.442621683
916,O,oc23,-0.55000001192092896,13.695897083,26.722331960000002,18.991010767999999
917,O,oc23,-0.55000001192092896,9.8231076109999993,26.253485668,18.111289162999999
918,O,oc23,-0.55000001192092896,15.827607142,26.555992579000002,23.733964480000001
919,O,oc23,-0.55000001192092896,12.472542499999999,26.282889768,15.124570598
920,O,oc23,-0.55000001192092896,14.901408237,25.755252772999999,14.326132491999999
921,O,oc23,-0.55000001192092896,9.2912283609999999,25.866935316999999,21.994276110000001
922,O,oc23,-0.55000001192092896,12.099100050000001,24.883289952999998,18.155053336000002
923,O,oc23,-0.55000001192092896,8.5397768260000007,28.129117248,16.997305717
924,O,oc23,-0.55000001192092896,14.431500059999999,27.359734405000001,21.467157147999998
925,O,oc23,-0.55000001192092896,11.619914486000001,27.923234067999999,13.199905638000001
926,Si,sc4,1.1000000238418579,16.482282957999999,25.930657433,14.153053785999999
927,Si,sc4,1.1000000238418579,10.809572097,26.291243375000001,21.630638041000001
928,Si,sc4,1.1000000238418579,13.629989301,25.259367294,18.350765515999999
929,Si,sc4,1.1000000238418579,9.0102928099999993,27.607967572,18.421345120000002
930,Si,sc4,1.1000000238418579,14.777579750999999,27.807019249,23.017411896999999
931,Si,sc4,1.1000000238418579,12.042367857,27.795955297999999,14.744059899
932,Si,sc4,1.1000000238418579,11.5542698,28.901411283000002,23.137337909999999
933,Si,sc4,1.1000000238418579,9.1730360090000005,28.443182698000001,15.563787843
934,Si,sc4,1.1000000238418579,14.652167393999999,27.667552830000002,19.848700505
935,Si,sc4,1.1000000238418579,10.711023056,25.167519090999999,18.849726518000001
936,Si,sc4,1.1000000238418579,16.873735598,25.225078484000001,23.240702811999999
937,Si,sc4,1.1000000238418579,13.737246635,25.296147909999998,15.332208669
938,O,oc23,-0.55000001192092896,11.658289018,29.959184608000001,11.457319718000001
939,O,oc23,-0.55000001192092896,17.452200947000001,30.362655608000001,3.8966952620000002
940,O,oc23,-0.55000001192092896,14.863320925,29.219599638999998,6.9071478669999999
941,O,oc23,-0.55000001192092896,10.374235561000001,33.743765723999999,7.7874664950000003
942,O,oc23,-0.55000001192092896,16.096720244,33.754153338999998,10.775095187
943,O,oc23,-0.55000001192092896,12.728625507,34.030015001000002,2.1604350449999998
944,O,oc23,-0.55000001192092896,13.668093805,33.227895682000003,11.577566069
945,O,oc23,-0.55000001192092896,10.908159395,33.357323381,3.8954849870000001
946,O,oc23,-0.55000001192092896,16.462672002000001,32.354068988999998,7.7387808099999997
947,O,oc23,-0.55000001192092896,11.667212188000001,30.638820431999999,8.8967461560000007
948,O,oc23,-0.55000001192092896,14.130211899000001,29.867023428,4.4298466479999998
949,O,oc23,-0.55000001192092896,11.366441361,32.467073612,10.687140495
950,O,oc23,-0.55000001192092896,8.4302927509999996,32.786114730999998,3.47946489
951,O,oc23,-0.55000001192092896,14.178149292000001,31.709617531999999,6.5062539819999996
952,O,oc23,-0.55000001192092896,10.284675342,31.269069085999998,6.7690696729999997
953,O,oc23,-0.55000001192092896,15.274088414,31.26608375,10.913230356
954,O,oc23,-0.55000001192092896,12.740606554999999,31.558766125999998,3.17804837
955,O,oc23,-0.55000001192092896,15.374478434,30.846167637000001,2.2076913239999998
956,O,oc23,-0.55000001192092896,9.4418082600000002,30.755310302000002,10.273906779000001
957,O,oc23,-0.55000001192092896,12.416899211,29.773869201,6.4878591410000004
958,O,oc23,-0.55000001192092896,9.0858143649999992,33.463179085,5.750452246
959,O,oc23,-0.55000001192092896,14.321684633,32.778344607999998,9.0389083840000009
960,O,oc23,-0.55000001192092896,10.171331261000001,31.978047656000001,1.978711916
961,Si,sc4,1.1000000238418579,16.989312479999999,31.417456119000001,2.7558449079999998
962,Si,sc4,1.1000000238418579,11.041009125,30.949313979999999,10.335783292
963,Si,sc4,1.1000000238418579,13.909475989000001,30.167964260000002,6.0491378840000003
964,Si,sc4,1.1000000238418579,9.494334791,32.658405010000003,7.0377879529999996
965,Si,sc4,1.1000000238418579,14.831404247,32.766591234000003,10.572060809
966,Si,sc4,1.1000000238418579,11.682930223,32.697051684999998,2.6504102349999998
967,Si,sc4,1.1000000238418579,12.08590549,33.400546515000002,11.748498888
968,Si,sc4,1.1000000238418579,9.3898473320000004,33.781375615999998,4.2572258080000003
969,Si,sc4,1.1000000238418579,14.929385734,32.726866520999998,7.5514380829999999
970,Si,sc4,1.1000000238418579,11.194182212999999,30.120296038999999,7.473137403
971,Si,sc4,1.1000000238418579,16.52429832,30.292096615999998,11.149865898
972,Si,sc4,1.1000000238418579,13.775204789,30.30872737,2.8797199249999998
973,O,oc23,-0.55000001192092896,11.774043421,30.276552767999998,22.401258007999999
974,O,oc23,-0.55000001192092896,17.227381377,29.96717048,15.208184175
975,O,oc23,-0.55000001192092896,14.379083074,29.209801780999999,19.400263340999999
976,O,oc23,-0.55000001192092896,9.9356720779999996,33.722560070999997,19.119929457000001
977,O,oc23,-0.55000001192092896,15.809531313000001,34.038138168000003,22.723138154000001
978,O,oc23,-0.55000001192092896,13.305321842,33.727363566999998,15.010465083
979,O,oc23,-0.55000001192092896,13.174563114,33.304235431999999,23.693155812000001
980,O,oc23,-0.55000001192092896,10.779581721,33.209943002000003,15.632549336
981,O,oc23,-0.55000001192092896,16.142577126999999,32.245204985999997,19.408938360000001
982,O,oc23,-0.55000001192092896,11.110282435,30.957396928000001,20.132768990999999
983,O,oc23,-0.55000001192092896,16.948696457,30.402647913999999,12.692822862
984,O,oc23,-0.55000001192092896,14.247753881,30.276702773,16.869999961000001
985,O,oc23,-0.55000001192092896,11.098494840000001,32.825392248999997,21.997997462000001
986,O,oc23,-0.55000001192092896,8.5642866479999995,32.431347449999997,14.438196577999999
987,O,oc23,-0.55000001192092896,13.696382187999999,31.691744518,18.992537497000001
988,O,oc23,-0.55000001192092896,9.8243416870000004,31.227700088999999,18.1028275
989,O,oc23,-0.55000001192092896,15.833089874000001,31.527300119,23.7384165
990,O,oc23,-0.55000001192092896,12.481151967000001,31.249928629999999,15.128178216
991,O,oc23,-0.55000001192092896,14.911859821,30.715792003000001,14.327560806999999
992,O,oc23,-0.55000001192092896,9.2926219440000004,30.84543605,21.993461626999999
993,O,oc23,-0.55000001192092896,12.099018237999999,29.852355567,18.160895849999999
994,O,oc23,-0.55000001192092896,8.5467830780000007,33.108260113999997,16.994003313
995,O,oc23,-0.55000001192092896,14.433881036000001,32.330237842999999,21.472493976999999
996,O,oc23,-0.55000001192092896,11.632305508,32.894272241000003,13.206333684000001
997,Si,sc4,1.1000000238418579,16.494105610999998,30.899212046999999,14.155265075999999
998,Si,sc4,1.1000000238418579,10.810375344000001,31.271280998000002,21.628685746999999
999,Si,sc4,1.1000000238418579,13.632277836,30.227519205,18.353896369000001
1000,Si,sc4,1.1000000238418579,9.0155198550000009,32.583016665999999,18.416470372999999
1001,Si,sc4,1.1000000238418579,14.782427135000001,32.779233374999997,23.023477693
1002,Si,sc4,1.1000000238418579,12.051629801000001,32.764131812000002,14.751123826000001
1003,Si,sc4,1.1000000238418579,11.555905622999999,33.874257249999999,23.144050387
1004,Si,sc4,1.1000000238418579,9.1817043530000007,33.418778557000003,15.56008497
1005,Si,sc4,1.1000000238418579,14.652231926000001,32.637118651999998,19.852656911
1006,Si,sc4,1.1000000238418579,10.709231707000001,30.146192795000001,18.848960223999999
1007,Si,sc4,1.1000000238418579,16.874076895999998,30.193507662999998,23.241718565999999
1008,Si,sc4,1.1000000238418579,13.744461871,30.261493727000001,15.33531629
1009,O,oc23,-0.55000001192092896,20.021341899999999,0.094988193999999998,11.456082604000001
1010,O,oc23,-0.55000001192092896,25.792506157999998,0.50189035800000004,3.8905092909999999
1011,O,oc23,-0.55000001192092896,23.206768820000001,-0.64964573400000003,6.9049048439999998
1012,O,oc23,-0.55000001192092896,18.721065015000001,3.890375932,7.7898387590000002
1013,O,oc23,-0.55000001192092896,24.437032794,3.88780131,10.768303774
1014,O,oc23,-0.55000001192092896,21.060866158,4.1747504900000001,2.1691539049999999
1015,O,oc23,-0.55000001192092896,22.013748406000001,3.3477034560000001,11.577305401
1016,O,oc23,-0.55000001192092896,19.243572280999999,3.4986189539999999,3.9111613630000002
1017,O,oc23,-0.55000001192092896,24.803241422999999,2.496113061,7.7289206989999997
1018,O,oc23,-0.55000001192092896,20.021362027999999,0.779599763,8.9006733960000002
1019,O,oc23,-0.55000001192092896,22.465831808000001,-0.0024898899999999998,4.4283739799999999
1020,O,oc23,-0.55000001192092896,19.704515939,2.6040454400000002,10.691578102999999
1021,O,oc23,-0.55000001192092896,16.765740032,2.9269935139999999,3.492650882
1022,O,oc23,-0.55000001192092896,22.526077904000001,1.8426982430000001,6.4975355759999998
1023,O,oc23,-0.55000001192092896,18.633720595,1.4113923500000001,6.7767874099999998
1024,O,oc23,-0.55000001192092896,23.62419001,1.394653157,10.900664917
1025,O,oc23,-0.55000001192092896,21.080872104000001,1.703639014,3.187049032
1026,O,oc23,-0.55000001192092896,23.710149999999999,0.98094046000000001,2.204207019
1027,O,oc23,-0.55000001192092896,17.79784506,0.87373010799999995,10.272669326000001
1028,O,oc23,-0.55000001192092896,20.761936436999999,-0.088915066000000001,6.4889996380000001
1029,O,oc23,-0.55000001192092896,17.419482516999999,3.5937700440000002,5.7642476399999998
1030,O,oc23,-0.55000001192092896,22.662829879,2.911178552,9.0339706260000003
1031,O,oc23,-0.55000001192092896,18.507161145000001,2.1207395770000002,1.994446027
1032,Si,sc4,1.1000000238418579,25.32600369,1.554694802,2.7486189790000002
1033,Si,sc4,1.1000000238418579,19.394470932000001,1.0831213630000001,10.338412544000001
1034,Si,sc4,1.1000000238418579,22.252742595000001,0.29986533100000001,6.0477590729999999
1035,Si,sc4,1.1000000238418579,17.841814189000001,2.7978161190000002,7.0516516500000002
1036,Si,sc4,1.1000000238418579,23.175715017999998,2.8955385169999999,10.566723626
1037,Si,sc4,1.1000000238418579,20.017995280000001,2.8415820630000002,2.6648392190000001
1038,Si,sc4,1.1000000238418579,20.432597006000002,3.5379031009999999,11.745474062
1039,Si,sc4,1.1000000238418579,17.724272852999999,3.9201386720000002,4.2722786829999997
1040,Si,sc4,1.1000000238418579,23.269550348999999,2.8641831309999999,7.5446510580000004
1041,Si,sc4,1.1000000238418579,19.543133266000002,0.26071187299999998,7.478551242
1042,Si,sc4,1.1000000238418579,24.874922842,0.42367709399999998,11.144347432
1043,Si,sc4,1.1000000238418579,22.109358346,0.44912305899999999,2.8808929170000002
1044,O,oc23,-0.55000001192092896,20.12411986,0.42855042199999999,22.413275850000002
1045,O,oc23,-0.55000001192092896,25.566542164000001,0.103018146,15.203809573999999
1046,O,oc23,-0.55000001192092896,22.722409338999999,-0.64851161999999996,19.384048089
1047,O,oc23,-0.55000001192092896,18.266867657999999,3.8919457070000001,19.131328744000001
1048,O,oc23,-0.55000001192092896,24.143717891000001,4.1771321410000004,22.71277727
1049,O,oc23,-0.55000001192092896,21.638613875000001,3.8552101300000001,15.019732642999999
1050,O,oc23,-0.55000001192092896,21.511915093999999,3.4604355120000001,23.688748095000001
1051,O,oc23,-0.55000001192092896,19.119974932000002,3.3150098319999999,15.640138599
1052,O,oc23,-0.55000001192092896,24.476640194000002,2.3997989639999999,19.415097859999999
1053,O,oc23,-0.55000001192092896,19.473903081,1.095313397,20.141150944
1054,O,oc23,-0.55000001192092896,25.302620905000001,0.55056378500000003,12.686712945
1055,O,oc23,-0.55000001192092896,22.593592377,0.42723579699999997,16.858289216999999
1056,O,oc23,-0.55000001192092896,19.444631671,2.9794305570000001,21.996327267000002
1057,O,oc23,-0.55000001192092896,16.891228844,2.568659373,14.455394696999999
1058,O,oc23,-0.55000001192092896,22.039631008000001,1.8409243099999999,18.979128606
1059,O,oc23,-0.55000001192092896,18.175141348,1.3882793010000001,18.117276272000002
1060,O,oc23,-0.55000001192092896,24.163197540999999,1.6686219250000001,23.726400137999999
1061,O,oc23,-0.55000001192092896,20.825872355000001,1.370038619,15.097323681000001
1062,O,oc23,-0.55000001192092896,23.258675644,0.83499909100000003,14.310378469
1063,O,oc23,-0.55000001192092896,17.644391175999999,0.99387284899999995,21.997005991999998
1064,O,oc23,-0.55000001192092896,20.444714305000002,0.0044287550000000004,18.152217898
1065,O,oc23,-0.55000001192092896,16.887561067,3.2570493009999999,17.007001442
1066,O,oc23,-0.55000001192092896,22.758744346,2.4852180800000001,21.463996823999999
1067,O,oc23,-0.55000001192092896,19.966832872000001,3.0479710029999998,13.206409204
1068,Si,sc4,1.1000000238418579,24.837502032,1.034381148,14.147552451999999
1069,Si,sc4,1.1000000238418579,19.162691083999999,1.4210584429999999,21.632405574
1070,Si,sc4,1.1000000238418579,21.978885674000001,0.375679547,18.341104967
1071,Si,sc4,1.1000000238418579,17.357351359999999,2.7400314350000001,18.431920577
1072,Si,sc4,1.1000000238418579,23.113023102,2.9251374389999998,23.013918004000001
1073,Si,sc4,1.1000000238418579,20.390499565999999,2.8898598660000001,14.747070110999999
1074,Si,sc4,1.1000000238418579,19.896611832000001,4.0336233139999997,23.141641850999999
1075,Si,sc4,1.1000000238418579,17.527056413,3.5503573049999999,15.571094269
1076,Si,sc4,1.1000000238418579,22.984302276000001,2.7917412270000002,19.845960865999999
1077,Si,sc4,1.1000000238418579,19.060156742,0.29773726,18.852793875
1078,Si,sc4,1.1000000238418579,25.206059238000002,0.33351971600000002,23.233055645
1079,Si,sc4,1.1000000238418579,22.092401115000001,0.38725634399999997,15.322735304
1080,O,oc23,-0.55000001192092896,20.027444243000001,5.0731143100000002,11.452701531000001
1081,O,oc23,-0.55000001192092896,25.785104400000002,5.4847053729999997,3.8915502549999998
1082,O,oc23,-0.55000001192092896,23.202606882000001,4.3304052369999999,6.9076615539999997
1083,O,oc23,-0.55000001192092896,18.715785482000001,8.8673969810000006,7.7933472420000003
1084,O,oc23,-0.55000001192092896,24.429389049000001,8.8617787060000008,10.773456296999999
1085,O,oc23,-0.55000001192092896,21.062735548999999,9.1475905829999995,2.167939815
1086,O,oc23,-0.55000001192092896,22.008665546,8.3256717180000006,11.580437603
1087,O,oc23,-0.55000001192092896,19.243562180000001,8.4782076269999997,3.9103074630000001
1088,O,oc23,-0.55000001192092896,24.799125437000001,7.4699336799999996,7.7324570660000003
1089,O,oc23,-0.55000001192092896,20.023787572,5.755016307,8.8939732360000008
1090,O,oc23,-0.55000001192092896,22.470887301000001,4.9822087699999997,4.4304413340000002
1091,O,oc23,-0.55000001192092896,19.707086983,7.5814917199999998,10.686851988000001
1092,O,oc23,-0.55000001192092896,16.762205948999998,7.912237448,3.4928130500000001
1093,O,oc23,-0.55000001192092896,22.515854389000001,6.8198318340000004,6.5057702160000002
1094,O,oc23,-0.55000001192092896,18.637406512999998,6.3912684610000001,6.7725525759999998
1095,O,oc23,-0.55000001192092896,23.610186053,6.3696055329999997,10.903410374
1096,O,oc23,-0.55000001192092896,21.078186723999998,6.6807624959999998,3.1888004529999998
1097,O,oc23,-0.55000001192092896,23.708383033,5.9647382459999996,2.2044377399999999
1098,O,oc23,-0.55000001192092896,17.801420936,5.8478014900000002,10.271130189999999
1099,O,oc23,-0.55000001192092896,20.760987370999999,4.8859697500000001,6.4859536990000004
1100,O,oc23,-0.55000001192092896,17.419478910999999,8.5773924830000006,5.7637340640000003
1101,O,oc23,-0.55000001192092896,22.657040109,7.8920921249999996,9.0384861139999995
1102,O,oc23,-0.55000001192092896,18.504152657999999,7.0944156950000004,1.9979885820000001
1103,Si,sc4,1.1000000238418579,25.324415751,6.5378110539999996,2.749000509
1104,Si,sc4,1.1000000238418579,19.398092557999998,6.0598641259999999,10.334233966999999
1105,Si,sc4,1.1000000238418579,22.250645985999999,5.2795440710000001,6.0490807450000004
1106,Si,sc4,1.1000000238418579,17.839282166,7.7745593030000002,7.048565129
1107,Si,sc4,1.1000000238418579,23.167817764999999,7.8713562479999997,10.569888623000001
1108,Si,sc4,1.1000000238418579,20.015873000999999,7.8174638160000001,2.66483318
1109,Si,sc4,1.1000000238418579,20.428926632,8.5150074460000003,11.746962570000001
1110,Si,sc4,1.1000000238418579,17.724443970999999,8.9038852249999998,4.2716964300000004
1111,Si,sc4,1.1000000238418579,23.265516915999999,7.8403961320000004,7.5504139590000001
1112,Si,sc4,1.1000000238418579,19.543644052000001,5.2380702179999998,7.4733019199999999
1113,Si,sc4,1.1000000238418579,24.862347904,5.4026123320000004,11.148889023000001
1114,Si,sc4,1.1000000238418579,22.110021881000002,5.4292235929999997,2.8834012489999998
1115,O,oc23,-0.55000001192092896,20.113447404999999,5.4154142600000004,22.414576443000001
1116,O,oc23,-0.55000001192092896,25.566141691999999,5.0775019759999998,15.203843388999999
1117,O,oc23,-0.55000001192092896,22.714960194,4.3369876879999998,19.394449315999999
1118,O,oc23,-0.55000001192092896,18.257382396000001,8.8689264520000002,19.133758404999998
1119,O,oc23,-0.55000001192092896,24.131992793999999,9.1545405399999993,22.721527011999999
1120,O,oc23,-0.55000001192092896,21.627853010999999,8.8381723910000005,15.013156592
1121,O,oc23,-0.55000001192092896,21.500536275999998,8.4328667500000005,23.699581702
1122,O,oc23,-0.55000001192092896,19.115243724999999,8.2921358250000008,15.639981861000001
1123,O,oc23,-0.55000001192092896,24.462649368000001,7.3821066420000001,19.422343523999999
1124,O,oc23,-0.55000001192092896,19.458189298000001,6.0888914659999998,20.143775904000002
1125,O,oc23,-0.55000001192092896,25.290559708,5.5314651809999997,12.689653273999999
1126,O,oc23,-0.55000001192092896,22.582454348999999,5.4088287270000004,16.864890287000001
1127,O,oc23,-0.55000001192092896,19.421239747000001,7.9614093590000001,22.008472912999999
1128,O,oc23,-0.55000001192092896,16.891660142999999,7.5438917270000001,14.454377305
1129,O,oc23,-0.55000001192092896,22.027472557999999,6.8236754529999999,18.988654222000001
1130,O,oc23,-0.55000001192092896,18.168267819,6.3686873569999998,18.115006348000001
1131,O,oc23,-0.55000001192092896,24.153515323000001,6.6442539009999999,23.733465252999999
1132,O,oc23,-0.55000001192092896,20.817055586999999,6.3474580129999998,15.100352609
1133,O,oc23,-0.55000001192092896,23.247657597,5.7967482849999996,14.315661657
1134,O,oc23,-0.55000001192092896,17.630469023,5.9690498119999997,21.997755327
1135,O,oc23,-0.55000001192092896,20.437178750000001,4.9869648489999996,18.161539354999999
1136,O,oc23,-0.55000001192092896,16.881716146999999,8.2373079540000003,17.004627532000001
1137,O,oc23,-0.55000001192092896,22.742979342999998,7.4654821519999999,21.471323728000002
1138,O,oc23,-0.55000001192092896,19.961544718999999,8.0208301479999999,13.204926626000001
1139,Si,sc4,1.1000000238418579,24.825188236999999,6.0058903949999998,14.152922956999999
1140,Si,sc4,1.1000000238418579,19.146742030999999,6.4057498019999999,21.636984563999999
1141,Si,sc4,1.1000000238418579,21.969732591,5.3596553450000002,18.349223057
1142,Si,sc4,1.1000000238418579,17.350355319999998,7.7183030830000003,18.428741584000001
1143,Si,sc4,1.1000000238418579,23.101688730999999,7.9012778109999999,23.021707044999999
1144,Si,sc4,1.1000000238418579,20.383191676999999,7.8669624200000001,14.746203297999999
1145,Si,sc4,1.1000000238418579,19.885096231999999,9.0090814540000004,23.154531372000001
1146,Si,sc4,1.1000000238418579,17.523504127999999,8.5269299010000008,15.571108089999999
1147,Si,sc4,1.1000000238418579,22.969852154000002,7.7741949809999999,19.854645065
1148,Si,sc4,1.1000000238418579,19.052418707000001,5.2834087189999996,18.857429867
1149,Si,sc4,1.1000000238418579,25.202866112999999,5.3149822860000002,23.238730124
1150,Si,sc4,1.1000000238418579,22.080611609000002,5.3627206000000003,15.330516942999999
1151,O,oc23,-0.55000001192092896,20.025676187999998,10.05183604,11.45735183
1152,O,oc23,-0.55000001192092896,25.786701599000001,10.461748417000001,3.8954676080000001
1153,O,oc23,-0.55000001192092896,23.204076337,9.3035599589999993,6.9096038420000001
1154,O,oc23,-0.55000001192092896,18.715713321999999,13.844557761000001,7.7938196870000001
1155,O,oc23,-0.55000001192092896,24.417799403,13.835823461,10.783547050999999
1156,O,oc23,-0.55000001192092896,21.069891993999999,14.122678577,2.1703986230000001
1157,O,oc23,-0.55000001192092896,21.992245394000001,13.294065148,11.588176086000001
1158,O,oc23,-0.55000001192092896,19.251547395999999,13.451478810999999,3.9089322879999999
1159,O,oc23,-0.55000001192092896,24.800670643,12.455475844,7.7499057909999998
1160,O,oc23,-0.55000001192092896,20.022747654,10.733953777,8.8988018100000001
1161,O,oc23,-0.55000001192092896,22.472597191999999,9.9539382829999994,4.4309824879999997
1162,O,oc23,-0.55000001192092896,19.688612161999998,12.560899040000001,10.696151758999999
1163,O,oc23,-0.55000001192092896,16.768008135999999,12.894378297999999,3.4941666159999998
1164,O,oc23,-0.55000001192092896,22.529201638,11.795005352,6.5063412500000002
1165,O,oc23,-0.55000001192092896,18.643892739999998,11.367879286000001,6.7749870830000001
1166,O,oc23,-0.55000001192092896,23.600992420000001,11.344221596000001,10.906294086999999
1167,O,oc23,-0.55000001192092896,21.080918871000002,11.651843981000001,3.1869833820000002
1168,O,oc23,-0.55000001192092896,23.711477503000001,10.939755221,2.2063288640000001
1169,O,oc23,-0.55000001192092896,17.801068023999999,10.816976801999999,10.271881809
1170,O,oc23,-0.55000001192092896,20.763035860999999,9.8612686350000001,6.4925378460000003
1171,O,oc23,-0.55000001192092896,17.428618910000001,13.555845217,5.7643407440000001
1172,O,oc23,-0.55000001192092896,22.649379956000001,12.866809603,9.0416340420000001
1173,O,oc23,-0.55000001192092896,18.507768333000001,12.075519298,1.995171746
1174,Si,sc4,1.1000000238418579,25.32622288,11.514719046,2.7534234949999998
1175,Si,sc4,1.1000000238418579,19.394326087,11.037242088999999,10.338339018999999
1176,Si,sc4,1.1000000238418579,22.254658479,10.253643408,6.0510318779999999
1177,Si,sc4,1.1000000238418579,17.84334707,12.750497115,7.048900122
1178,Si,sc4,1.1000000238418579,23.155097350999998,12.84597422,10.576056475
1179,Si,sc4,1.1000000238418579,20.021773224,12.792029726999999,2.6628492700000002
1180,Si,sc4,1.1000000238418579,20.412971492,13.495456009,11.752413089999999
1181,Si,sc4,1.1000000238418579,17.734161754999999,13.881955074,4.2735897700000001
1182,Si,sc4,1.1000000238418579,23.266254594999999,12.816993049000001,7.5570789319999996
1183,Si,sc4,1.1000000238418579,19.544429826999998,10.213149036000001,7.4788623620000001
1184,Si,sc4,1.1000000238418579,24.852818860999999,10.376667581,11.153602619000001
1185,Si,sc4,1.1000000238418579,22.112980412999999,10.401049913,2.8831187300000001
1186,O,oc23,-0.55000001192092896,20.109223102000001,10.388233282,22.425354682999998
1187,O,oc23,-0.55000001192092896,25.538208029,10.054784202,15.209804630000001
1188,O,oc23,-0.55000001192092896,22.698068843000001,9.315573015,19.400772877000001
1189,O,oc23,-0.55000001192092896,18.261439922000001,13.851042197,19.138687808
1190,O,oc23,-0.55000001192092896,24.138942824000001,14.133669584,22.723800043000001
1191,O,oc23,-0.55000001192092896,21.622713487999999,13.817139312,15.015236548000001
1192,O,oc23,-0.55000001192092896,21.504558726999999,13.411306146999999,23.699148676
1193,O,oc23,-0.55000001192092896,19.105013283000002,13.288421629,15.649793068999999
1194,O,oc23,-0.55000001192092896,24.466432498,12.348050377,19.414879943999999
1195,O,oc23,-0.55000001192092896,19.458333764999999,11.056207389000001,20.151051187
1196,O,oc23,-0.55000001192092896,25.274503110000001,10.501890666,12.696034906
1197,O,oc23,-0.55000001192092896,22.570210341999999,10.380217095000001,16.863804492
1198,O,oc23,-0.55000001192092896,19.430565914999999,12.936584270999999,22.007302295999999
1199,O,oc23,-0.55000001192092896,16.879476830000002,12.529673664000001,14.469694727
1200,O,oc23,-0.55000001192092896,22.024469628999999,11.800226692000001,18.988165491
1201,O,oc23,-0.55000001192092896,18.152309710000001,11.350851381,18.126452579999999
1202,O,oc23,-0.55000001192092896,24.154424461000001,11.623925601,23.738747761999999
1203,O,oc23,-0.55000001192092896,20.799271233999999,11.332752884,15.108632482000001
1204,O,oc23,-0.55000001192092896,23.228147001,10.790560600999999,14.318606528
1205,O,oc23,-0.55000001192092896,17.629780148999998,10.955315923000001,22.005203427000001
1206,O,oc23,-0.55000001192092896,20.422359974999999,9.968791672,18.160730333
1207,O,oc23,-0.55000001192092896,16.874385357000001,13.229767898,17.016893517
1208,O,oc23,-0.55000001192092896,22.752909346999999,12.440037087,21.472446138999999
1209,O,oc23,-0.55000001192092896,19.941845679,13.011059455,13.212378712
1210,Si,sc4,1.1000000238418579,24.807914887999999,10.986345644,14.155536583
1211,Si,sc4,1.1000000238418579,19.149078598999999,11.380699259,21.642862691000001
1212,Si,sc4,1.1000000238418579,21.956430805,10.336335084,18.349715615000001
1213,Si,sc4,1.1000000238418579,17.343659240000001,12.706619924,18.440938715000001
1214,Si,sc4,1.1000000238418579,23.107345979000002,12.880319453,23.024981011000001
1215,Si,sc4,1.1000000238418579,20.369344748,12.854000276000001,14.752722023
1216,Si,sc4,1.1000000238418579,19.889922012,13.987301662,23.151603508000001
1217,Si,sc4,1.1000000238418579,17.512088114000001,13.518142241,15.580858944999999
1218,Si,sc4,1.1000000238418579,22.976181197999999,12.744455915,19.852365381999999
1219,Si,sc4,1.1000000238418579,19.039916434999999,10.262229225,18.862363275
1220,Si,sc4,1.1000000238418579,25.197579096999998,10.289159307,23.244105792999999
1221,Si,sc4,1.1000000238418579,22.063836001999999,10.346356312999999,15.33008283
1222,O,oc23,-0.55000001192092896,20.020047065,15.033665157,11.456265019
1223,O,oc23,-0.55000001192092896,25.796509536999999,15.433968111,3.9047712840000002
1224,O,oc23,-0.55000001192092896,23.202212037999999,14.280678417000001,6.9152369340000002
1225,O,oc23,-0.55000001192092896,18.725000817000002,18.820470987,7.7887663209999998
1226,O,oc23,-0.55000001192092896,24.425361255999999,18.818401578,10.760650028000001
1227,O,oc23,-0.55000001192092896,21.077500901000001,19.097906638000001,2.1658684570000002
1228,O,oc23,-0.55000001192092896,22.000147650999999,18.290102071,11.571555615999999
1229,O,oc23,-0.55000001192092896,19.257106778000001,18.431144328999999,3.904749458
1230,O,oc23,-0.55000001192092896,24.801409795000001,17.423581136999999,7.7382329390000004
1231,O,oc23,-0.55000001192092896,20.018893216999999,15.710693518999999,8.8987138760000004
1232,O,oc23,-0.55000001192092896,22.474175556999999,14.927787975999999,4.4343566579999996
1233,O,oc23,-0.55000001192092896,19.694914360999999,17.541781648000001,10.687792255
1234,O,oc23,-0.55000001192092896,16.775551401000001,17.869575998999998,3.4871031619999999
1235,O,oc23,-0.55000001192092896,22.526499222999998,16.771155270000001,6.5013810080000001
1236,O,oc23,-0.55000001192092896,18.640379565,16.345468899,6.7727384920000002
1237,O,oc23,-0.55000001192092896,23.602148848999999,16.326846388,10.906988266999999
1238,O,oc23,-0.55000001192092896,21.089597209000001,16.62972173,3.1875661000000002
1239,O,oc23,-0.55000001192092896,23.722812774000001,15.908352091999999,2.2125846600000001
1240,O,oc23,-0.55000001192092896,17.797534151000001,15.804332002000001,10.273549574
1241,O,oc23,-0.55000001192092896,20.760976876000001,14.838914768,6.4908172640000004
1242,O,oc23,-0.55000001192092896,17.433669831,18.534990650000001,5.760421784
1243,O,oc23,-0.55000001192092896,22.653544774,17.839267420999999,9.0326996039999994
1244,O,oc23,-0.55000001192092896,18.517340155999999,17.049003725999999,1.9931632560000001
1245,Si,sc4,1.1000000238418579,25.338671173000002,16.483666972999998,2.7592089039999999
1246,Si,sc4,1.1000000238418579,19.392272225999999,16.018840587,10.336938338
1247,Si,sc4,1.1000000238418579,22.253103416999998,15.229258093,6.0522274039999999
1248,Si,sc4,1.1000000238418579,17.846678083,17.730697398,7.04560868
1249,Si,sc4,1.1000000238418579,23.161300135000001,17.828250431000001,10.565176803
1250,Si,sc4,1.1000000238418579,20.029874413000002,17.768035825999998,2.6612545390000002
1251,Si,sc4,1.1000000238418579,20.419979046000002,18.47668251,11.742018789999999
1252,Si,sc4,1.1000000238418579,17.738805430999999,18.859351675999999,4.2679392549999999
1253,Si,sc4,1.1000000238418579,23.268162652000001,17.791895676999999,7.5481137550000001
1254,Si,sc4,1.1000000238418579,19.541557560000001,15.19088573,7.4770326569999996
1255,Si,sc4,1.1000000238418579,24.850461590999998,15.35184546,11.1541876
1256,Si,sc4,1.1000000238418579,22.119998743,15.375821612999999,2.8860633490000001
1257,O,oc23,-0.55000001192092896,20.114596849000002,15.366313946,22.422503849999998
1258,O,oc23,-0.55000001192092896,25.544828137,15.029462039,15.209155501
1259,O,oc23,-0.55000001192092896,22.712415951000001,14.287836649999999,19.399526241
1260,O,oc23,-0.55000001192092896,18.267640356000001,18.826833744999998,19.129277125000002
1261,O,oc23,-0.55000001192092896,24.149472459999998,19.108180852,22.718065392
1262,O,oc23,-0.55000001192092896,21.641264011000001,18.801056736,15.002362046
1263,O,oc23,-0.55000001192092896,21.511319320999998,18.393105177999999,23.696512358
1264,O,oc23,-0.55000001192092896,19.125887415000001,18.278731345000001,15.635847447
1265,O,oc23,-0.55000001192092896,24.470125741,17.335009565,19.424120479999999
1266,O,oc23,-0.55000001192092896,19.463461107000001,16.038741585,20.150290689999999
1267,O,oc23,-0.55000001192092896,25.280460163000001,15.482137428,12.695214577
1268,O,oc23,-0.55000001192092896,22.580127372,15.356353897,16.864633386000001
1269,O,oc23,-0.55000001192092896,19.436887262999999,17.914600929999999,22.006041407000001
1270,O,oc23,-0.55000001192092896,16.906581049,17.513190702999999,14.450171559999999
1271,O,oc23,-0.55000001192092896,22.032045007000001,16.774876184,18.987624532000002
1272,O,oc23,-0.55000001192092896,18.173666966999999,16.326089331999999,18.117410607
1273,O,oc23,-0.55000001192092896,24.159604775999998,16.604049327999999,23.738476276
1274,O,oc23,-0.55000001192092896,20.812039705,16.315078107000001,15.110682498999999
1275,O,oc23,-0.55000001192092896,23.236431710000002,15.759876009999999,14.317858889
1276,O,oc23,-0.55000001192092896,17.633905372000001,15.928063219,22.001895229999999
1277,O,oc23,-0.55000001192092896,20.436670446000001,14.937268976,18.165745408999999
1278,O,oc23,-0.55000001192092896,16.892750554999999,18.199048746999999,17.001376017999998
1279,O,oc23,-0.55000001192092896,22.753067010999999,17.417527489000001,21.473443052
1280,O,oc23,-0.55000001192092896,19.960687288999999,17.981902473000002,13.203153924
1281,Si,sc4,1.1000000238418579,24.814949560999999,15.963957045000001,14.156928376
1282,Si,sc4,1.1000000238418579,19.153630564,16.358370897,21.642419247999999
1283,Si,sc4,1.1000000238418579,21.969995669999999,15.309161485000001,18.352272672000002
1284,Si,sc4,1.1000000238418579,17.357319503999999,17.678318934,18.427242599
1285,Si,sc4,1.1000000238418579,23.112451583999999,17.859084462999999,23.023307707000001
1286,Si,sc4,1.1000000238418579,20.388671791,17.835614544999999,14.744674373000001
1287,Si,sc4,1.1000000238418579,19.897109046000001,18.967092089000001,23.146856037999999
1288,Si,sc4,1.1000000238418579,17.532016720000001,18.500132942,15.566728782
1289,Si,sc4,1.1000000238418579,22.976361223000001,17.723999328000001,19.855997328000001
1290,Si,sc4,1.1000000238418579,19.053069728000001,15.237955444000001,18.861946047
1291,Si,sc4,1.1000000238418579,25.202466726000001,15.271104602999999,23.244616069999999
1292,Si,sc4,1.1000000238418579,22.071156677000001,15.322353444999999,15.331087473
1293,O,oc23,-0.55000001192092896,20.012614973000002,20.012815207999999,11.44947374
1294,O,oc23,-0.55000001192092896,25.796919018000001,20.410742952,3.9017233550000001
1295,O,oc23,-0.55000001192092896,23.204694173,19.257462820000001,6.9100221160000004
1296,O,oc23,-0.55000001192092896,18.722197389000002,23.791106283000001,7.7921453940000003
1297,O,oc23,-0.55000001192092896,24.437338524000001,23.794343980000001,10.768600491000001
1298,O,oc23,-0.55000001192092896,21.071975145,24.078314112000001,2.159255565
1299,O,oc23,-0.55000001192092896,22.003799744999998,23.280670769,11.570777441000001
1300,O,oc23,-0.55000001192092896,19.261108558,23.403433689,3.8992439430000001
1301,O,oc23,-0.55000001192092896,24.803312650999999,22.407183848999999,7.738868181
1302,O,oc23,-0.55000001192092896,20.019945680999999,20.688876053000001,8.8940721309999997
1303,O,oc23,-0.55000001192092896,22.478729864000002,19.907093658000001,4.4306746129999999
1304,O,oc23,-0.55000001192092896,19.705312565,22.518976223999999,10.678305815
1305,O,oc23,-0.55000001192092896,16.778527519000001,22.843886458,3.4889695340000002
1306,O,oc23,-0.55000001192092896,22.526084851,21.749937612,6.5033994789999996
1307,O,oc23,-0.55000001192092896,18.642103523999999,21.319599190999998,6.7655407619999997
1308,O,oc23,-0.55000001192092896,23.606659373999999,21.307545686000001,10.916155850999999
1309,O,oc23,-0.55000001192092896,21.092917874000001,21.606753957999999,3.1784410630000002
1310,O,oc23,-0.55000001192092896,23.725854354999999,20.888094039999999,2.2057659350000001
1311,O,oc23,-0.55000001192092896,17.792258487000002,20.795058002000001,10.263658684999999
1312,O,oc23,-0.55000001192092896,20.765894723999999,19.814492114,6.4855529880000002
1313,O,oc23,-0.55000001192092896,17.443734458000002,23.518169423,5.7576389370000003
1314,O,oc23,-0.55000001192092896,22.660482752,22.820516079000001,9.0352644860000009
1315,O,oc23,-0.55000001192092896,18.517169354,22.024651337000002,1.9880808679999999
1316,Si,sc4,1.1000000238418579,25.339753962,21.461396611000001,2.7546056600000002
1317,Si,sc4,1.1000000238418579,19.390024315000002,20.999135147000001,10.329423061
1318,Si,sc4,1.1000000238418579,22.256977032999998,20.207608858,6.0492357080000003
1319,Si,sc4,1.1000000238418579,17.847303097000001,22.704901052,7.0410742659999999
1320,Si,sc4,1.1000000238418579,23.168194421999999,22.809799480999999,10.569613176000001
1321,Si,sc4,1.1000000238418579,20.030747521999999,22.743517001000001,2.6542634120000002
1322,Si,sc4,1.1000000238418579,20.421515304,23.448496213999999,11.742995233
1323,Si,sc4,1.1000000238418579,17.744869067,23.834873859000002,4.2639005259999996
1324,Si,sc4,1.1000000238418579,23.269878641999998,22.772421766000001,7.5481664039999998
1325,Si,sc4,1.1000000238418579,19.545940333000001,20.167291727999999,7.471928299
1326,Si,sc4,1.1000000238418579,24.856877477000001,20.329993837,11.153705348000001
1327,Si,sc4,1.1000000238418579,22.124544880999998,20.353535636,2.8800681539999999
1328,O,oc23,-0.55000001192092896,20.121415758000001,20.344495069000001,22.413046125000001
1329,O,oc23,-0.55000001192092896,25.543737344,20.010988402999999,15.213175489999999
1330,O,oc23,-0.55000001192092896,22.707796339000001,19.267648331,19.405351739
1331,O,oc23,-0.55000001192092896,18.270058846000001,23.800069400000002,19.123865962
1332,O,oc23,-0.55000001192092896,24.149798270000002,24.085561451,22.713527408000001
1333,O,oc23,-0.55000001192092896,21.639704983000001,23.773781437,14.989842913
1334,O,oc23,-0.55000001192092896,21.521402342999998,23.366165110000001,23.692002948999999
1335,O,oc23,-0.55000001192092896,19.116544407999999,23.259224804999999,15.624195444
1336,O,oc23,-0.55000001192092896,24.483243904999998,22.302067963999999,19.40994877
1337,O,oc23,-0.55000001192092896,19.464882881000001,21.020856598999998,20.140931601999998
1338,O,oc23,-0.55000001192092896,25.278293048999998,20.437870047000001,12.697491888
1339,O,oc23,-0.55000001192092896,22.588464276,20.328835660999999,16.869498658000001
1340,O,oc23,-0.55000001192092896,19.444146902,22.892350093000001,22.002796334999999
1341,O,oc23,-0.55000001192092896,16.890087808000001,22.490114136999999,14.445113129999999
1342,O,oc23,-0.55000001192092896,22.040476558000002,21.753300836000001,18.984976973999999
1343,O,oc23,-0.55000001192092896,18.174471736000001,21.303194730000001,18.110752035000001
1344,O,oc23,-0.55000001192092896,24.173723206999998,21.578765873999998,23.730719629999999
1345,O,oc23,-0.55000001192092896,20.815286027999999,21.292027875999999,15.128063328
1346,O,oc23,-0.55000001192092896,23.242475767999998,20.763421280999999,14.326767354999999
1347,O,oc23,-0.55000001192092896,17.640346154,20.908627630000002,21.998018097999999
1348,O,oc23,-0.55000001192092896,20.440891779000001,19.921862999999998,18.161336094999999
1349,O,oc23,-0.55000001192092896,16.887587364000002,23.173813384999999,16.998574744999999
1350,O,oc23,-0.55000001192092896,22.765645694,22.391742019999999,21.467632593000001
1351,O,oc23,-0.55000001192092896,19.967937633999998,22.928802972,13.198953381999999
1352,Si,sc4,1.1000000238418579,24.82347742,20.942167542,14.154473349
1353,Si,sc4,1.1000000238418579,19.159534194999999,21.337613087000001,21.635817213999999
1354,Si,sc4,1.1000000238418579,21.973416761999999,20.288234393,18.353231648000001
1355,Si,sc4,1.1000000238418579,17.358100652000001,22.653705948999999,18.422263913999998
1356,Si,sc4,1.1000000238418579,23.121409066999998,22.832526600000001,23.017977489
1357,Si,sc4,1.1000000238418579,20.385709979000001,22.806291565999999,14.743569722
1358,Si,sc4,1.1000000238418579,19.906325339999999,23.941867928000001,23.145720462
1359,Si,sc4,1.1000000238418579,17.519481071000001,23.476227904999998,15.561068293
1360,Si,sc4,1.1000000238418579,22.992324659000001,22.696918273000001,19.848721676
1361,Si,sc4,1.1000000238418579,19.056265774,20.217426261,18.854053656000001
1362,Si,sc4,1.1000000238418579,25.21594172,20.243843507000001,23.237930884000001
1363,Si,sc4,1.1000000238418579,22.081405235999998,20.304940566999999,15.335151223
1364,O,oc23,-0.55000001192092896,19.995734733999999,24.982896615000001,11.464724822999999
1365,O,oc23,-0.55000001192092896,25.796508436,25.388412027000001,3.8969154989999999
1366,O,oc23,-0.55000001192092896,23.205376268999999,24.235861397000001,6.9072128890000002
1367,O,oc23,-0.55000001192092896,18.730669084999999,28.77496829,7.7880914219999999
1368,O,oc23,-0.55000001192092896,24.444661365999998,28.772245442999999,10.766648009000001
1369,O,oc23,-0.55000001192092896,21.070084278,29.056498459,2.1557012719999999
1370,O,oc23,-0.55000001192092896,22.014910777000001,28.244366992,11.570670717
1371,O,oc23,-0.55000001192092896,19.256535491000001,28.380673878,3.8951847509999999
1372,O,oc23,-0.55000001192092896,24.804303410999999,27.373262378,7.7294588510000004
1373,O,oc23,-0.55000001192092896,20.01707807,25.653540472,8.9076993059999996
1374,O,oc23,-0.55000001192092896,22.470805472999999,24.885454256999999,4.4272735589999996
1375,O,oc23,-0.55000001192092896,19.707119083999999,27.492598896000001,10.682229721000001
1376,O,oc23,-0.55000001192092896,16.776243764,27.81532803,3.4808177379999998
1377,O,oc23,-0.55000001192092896,22.521646623999999,26.727251599999999,6.5026676200000004
1378,O,oc23,-0.55000001192092896,18.641030186999998,26.294551598000002,6.7766723109999996
1379,O,oc23,-0.55000001192092896,23.623820683000002,26.281640268,10.902640573999999
1380,O,oc23,-0.55000001192092896,21.088547825999999,26.585546492999999,3.1758936580000001
1381,O,oc23,-0.55000001192092896,23.720455469000001,25.867363788999999,2.2036892340000001
1382,O,oc23,-0.55000001192092896,17.784702203999998,25.778447765999999,10.270922849
1383,O,oc23,-0.55000001192092896,20.763750210000001,24.790089719000001,6.4912936559999999
1384,O,oc23,-0.55000001192092896,17.439722752000002,28.485289891000001,5.7566574299999997
1385,O,oc23,-0.55000001192092896,22.667658549999999,27.799144536,9.0328526900000004
1386,O,oc23,-0.55000001192092896,18.516360123999998,27.003210117999998,1.9809142159999999
1387,Si,sc4,1.1000000238418579,25.336019132000001,26.439368094999999,2.7514164430000001
1388,Si,sc4,1.1000000238418579,19.384012068000001,25.971568264999998,10.340345257999999
1389,Si,sc4,1.1000000238418579,22.252715265999999,25.184838193000001,6.0488505420000003
1390,Si,sc4,1.1000000238418579,17.852396572,27.685197662,7.0446454650000003
1391,Si,sc4,1.1000000238418579,23.179401326000001,27.784257366999999,10.565281482
1392,Si,sc4,1.1000000238418579,20.027473736000001,27.722882669000001,2.6486622080000002
1393,Si,sc4,1.1000000238418579,20.43250278,28.426473407,11.739319633999999
1394,Si,sc4,1.1000000238418579,17.738806121,28.806199898999999,4.2616039790000002
1395,Si,sc4,1.1000000238418579,23.272262279,27.748108559999999,7.5436087179999998
1396,Si,sc4,1.1000000238418579,19.544258429999999,25.13915381,7.4814705899999998
1397,Si,sc4,1.1000000238418579,24.873957699999998,25.307620225000001,11.146494663
1398,Si,sc4,1.1000000238418579,22.119170818000001,25.332830889,2.8761849019999999
1399,O,oc23,-0.55000001192092896,20.128403818999999,25.319989037999999,22.415324419000001
1400,O,oc23,-0.55000001192092896,25.568509723999998,24.98622254,15.200106437000001
1401,O,oc23,-0.55000001192092896,22.725775577,24.237428482999999,19.392771121999999
1402,O,oc23,-0.55000001192092896,18.276259474,28.771542706999998,19.122501701000001
1403,O,oc23,-0.55000001192092896,24.155773654000001,29.06055452,22.707382384999999
1404,O,oc23,-0.55000001192092896,21.652498671,28.749158187999999,14.994454588
1405,O,oc23,-0.55000001192092896,21.521966037999999,28.340827068999999,23.685068215000001
1406,O,oc23,-0.55000001192092896,19.129908574000002,28.226530993000001,15.626029187
1407,O,oc23,-0.55000001192092896,24.489121385000001,27.282195509000001,19.410291253
1408,O,oc23,-0.55000001192092896,19.479820826000001,25.981718226000002,20.139945825000002
1409,O,oc23,-0.55000001192092896,25.300381047999998,25.432553135999999,12.688014112999999
1410,O,oc23,-0.55000001192092896,22.596408164,25.296661182000001,16.857216114
1411,O,oc23,-0.55000001192092896,19.451934319999999,27.863776867999999,21.993041034000001
1412,O,oc23,-0.55000001192092896,16.901757559,27.464189180999998,14.439744576000001
1413,O,oc23,-0.55000001192092896,22.048034109,26.719420843000002,18.976473411000001
1414,O,oc23,-0.55000001192092896,18.187994936999999,26.274297434000001,18.106070975000002
1415,O,oc23,-0.55000001192092896,24.168258406,26.553827927,23.729492744000002
1416,O,oc23,-0.55000001192092896,20.829335726,26.266944809999998,15.110331469
1417,O,oc23,-0.55000001192092896,23.257939390000001,25.724935770999998,14.31268474
1418,O,oc23,-0.55000001192092896,17.647541611000001,25.88320229,21.994715051
1419,O,oc23,-0.55000001192092896,20.449707247999999,24.880379863999998,18.156107714000001
1420,O,oc23,-0.55000001192092896,16.898610278,28.142289792,16.994202844
1421,O,oc23,-0.55000001192092896,22.772441873999998,27.362968591000001,21.461643634000001
1422,O,oc23,-0.55000001192092896,19.975024578999999,27.924136795999999,13.198278255
1423,Si,sc4,1.1000000238418579,24.838502059,25.920017592000001,14.148647919
1424,Si,sc4,1.1000000238418579,19.167841686999999,26.308144557999999,21.631303082999999
1425,Si,sc4,1.1000000238418579,21.983245557,25.253310599999999,18.342918074
1426,Si,sc4,1.1000000238418579,17.366981364000001,27.622521181,18.418946888000001
1427,Si,sc4,1.1000000238418579,23.123504301000001,27.808444605999998,23.012248355000001
1428,Si,sc4,1.1000000238418579,20.399322913999999,27.783914312,14.740294516000001
1429,Si,sc4,1.1000000238418579,19.907603285,28.914268887999999,23.137850919000002
1430,Si,sc4,1.1000000238418579,17.533263649999999,28.445512365999999,15.558194589999999
1431,Si,sc4,1.1000000238418579,22.995392157000001,27.669444541000001,19.842442364
1432,Si,sc4,1.1000000238418579,19.065866666000002,25.184761049999999,18.850105256999999
1433,Si,sc4,1.1000000238418579,25.211481611,25.221833805999999,23.234743407
1434,Si,sc4,1.1000000238418579,22.090549712000001,25.275203498,15.321088341999999
1435,O,oc23,-0.55000001192092896,20.016429776999999,29.961518925,11.454044574999999
1436,O,oc23,-0.55000001192092896,25.784669468000001,30.364001502000001,3.897214671
1437,O,oc23,-0.55000001192092896,23.208117113,29.212912127999999,6.9041025840000003
1438,O,oc23,-0.55000001192092896,18.722816610999999,33.753021969000002,7.7935641840000001
1439,O,oc23,-0.55000001192092896,24.443781517000001,33.751107818000001,10.766112172
1440,O,oc23,-0.55000001192092896,21.059269514,34.039569692999997,2.1638085070000002
1441,O,oc23,-0.55000001192092896,22.016226844999998,33.218059965999998,11.571643505000001
1442,O,oc23,-0.55000001192092896,19.250687515999999,33.357406889000004,3.9042200729999998
1443,O,oc23,-0.55000001192092896,24.808228217,32.357740053000001,7.7283681480000004
1444,O,oc23,-0.55000001192092896,20.02403911,30.640934661999999,8.8980663480000004
1445,O,oc23,-0.55000001192092896,22.471758620999999,29.862449217999998,4.4221716129999997
1446,O,oc23,-0.55000001192092896,19.707962197000001,32.469714676000002,10.68530414
1447,O,oc23,-0.55000001192092896,16.768691283999999,32.79389355,3.4936293159999998
1448,O,oc23,-0.55000001192092896,22.528305065000001,31.705799288000001,6.4972818849999996
1449,O,oc23,-0.55000001192092896,18.643555021000001,31.277222133999999,6.774461455
1450,O,oc23,-0.55000001192092896,23.626284831,31.258653283000001,10.903108812999999
1451,O,oc23,-0.55000001192092896,21.082380661999998,31.563106259000001,3.1759137580000001
1452,O,oc23,-0.55000001192092896,23.715961134,30.844317958000001,2.200638739
1453,O,oc23,-0.55000001192092896,17.794353936,30.743634962000002,10.269671466
1454,O,oc23,-0.55000001192092896,20.766336750000001,29.774422358999999,6.4849810459999997
1455,O,oc23,-0.55000001192092896,17.433333987000001,33.464667464999998,5.7639156979999999
1456,O,oc23,-0.55000001192092896,22.667854770000002,32.773760283000001,9.0304385410000005
1457,O,oc23,-0.55000001192092896,18.504439906999998,31.987598554000002,1.9878703520000001
1458,Si,sc4,1.1000000238418579,25.331056773,31.414574791,2.7496256959999998
1459,Si,sc4,1.1000000238418579,19.392549630000001,30.94963667,10.334443221000001
1460,Si,sc4,1.1000000238418579,22.257920380000002,30.162892335999999,6.0438274889999999
1461,Si,sc4,1.1000000238418579,17.847346000999998,32.661027580000003,7.0497304510000003
1462,Si,sc4,1.1000000238418579,23.179755711999999,32.760103309999998,10.56305519
1463,Si,sc4,1.1000000238418579,20.019498234,32.702781981999998,2.6545362190000001
1464,Si,sc4,1.1000000238418579,20.435036821000001,33.401464648000001,11.743248152
1465,Si,sc4,1.1000000238418579,17.73460931,33.784579510999997,4.2705030639999997
1466,Si,sc4,1.1000000238418579,23.274664691000002,32.727066389000001,7.5426570750000002
1467,Si,sc4,1.1000000238418579,19.549504428999999,30.124307810000001,7.4753134680000004
1468,Si,sc4,1.1000000238418579,24.87740342,30.286194774999998,11.146335835
1469,Si,sc4,1.1000000238418579,22.115333347,30.310857614,2.8728743849999998
1470,O,oc23,-0.55000001192092896,20.126467471000002,30.294895666999999,22.410669965
1471,O,oc23,-0.55000001192092896,25.577744630000002,29.964742251000001,15.202599139
1472,O,oc23,-0.55000001192092896,22.72341999,29.213699095999999,19.392421259999999
1473,O,oc23,-0.55000001192092896,18.271080873999999,33.748127715999999,19.124449797
1474,O,oc23,-0.55000001192092896,24.143367845,34.041750639999997,22.704680608
1475,O,oc23,-0.55000001192092896,21.651689112,33.721631813000002,15.003400311
1476,O,oc23,-0.55000001192092896,21.517643377999999,33.317605145000002,23.684773809999999
1477,O,oc23,-0.55000001192092896,19.131333260000002,33.188180363000001,15.632018196000001
1478,O,oc23,-0.55000001192092896,24.483644145,32.255733048000003,19.404942922
1479,O,oc23,-0.55000001192092896,19.47166661,30.963632060999998,20.138857611999999
1480,O,oc23,-0.55000001192092896,25.305724505000001,30.41066747,12.688528566
1481,O,oc23,-0.55000001192092896,22.598985363000001,30.276628692999999,16.858795651000001
1482,O,oc23,-0.55000001192092896,19.440196165,32.840639994,21.999052159000001
1483,O,oc23,-0.55000001192092896,16.906931654000001,32.434052166000001,14.443106890999999
1484,O,oc23,-0.55000001192092896,22.044807434999999,31.700500509000001,18.971502979
1485,O,oc23,-0.55000001192092896,18.185274749000001,31.248098395,18.107723541999999
1486,O,oc23,-0.55000001192092896,24.170431376,31.535253908000001,23.716213234000001
1487,O,oc23,-0.55000001192092896,20.831934615000002,31.235607158000001,15.106245273000001
1488,O,oc23,-0.55000001192092896,23.265449513,30.699579852999999,14.313819757999999
1489,O,oc23,-0.55000001192092896,17.645257143999999,30.853377072000001,21.995819882999999
1490,O,oc23,-0.55000001192092896,20.449973833000001,29.861763389,18.154914301000002
1491,O,oc23,-0.55000001192092896,16.896331403000001,33.116432394,16.994347122000001
1492,O,oc23,-0.55000001192092896,22.759894016000001,32.346619971999999,21.456015372
1493,O,oc23,-0.55000001192092896,19.976916430999999,32.897514272999999,13.201499814
1494,Si,sc4,1.1000000238418579,24.845237888,30.897413082,14.150079199
1495,Si,sc4,1.1000000238418579,19.162539813999999,31.283840376000001,21.632207657999999
1496,Si,sc4,1.1000000238418579,21.982876278999999,30.233110683,18.342089046000002
1497,Si,sc4,1.1000000238418579,17.363760339999999,32.596624018999997,18.419726763
1498,Si,sc4,1.1000000238418579,23.116764532000001,32.786429036999998,23.004423271
1499,Si,sc4,1.1000000238418579,20.400729275,32.753754671000003,14.743330780000001
1500,Si,sc4,1.1000000238418579,19.901879706999999,33.891625097999999,23.143002272
1501,Si,sc4,1.1000000238418579,17.536909532999999,33.415566392999999,15.561066802999999
1502,Si,sc4,1.1000000238418579,22.990444912000001,32.649499876999997,19.837522076999999
1503,Si,sc4,1.1000000238418579,19.06515967,30.160447911999999,18.850659265000001
1504,Si,sc4,1.1000000238418579,25.216217017999998,30.202157084,23.225852834000001
1505,Si,sc4,1.1000000238418579,22.096931186999999,30.251200180000001,15.322981563000001
1506,O,oc23,-0.55000001192092896,28.361771846,0.100677209,11.441918609
1507,O,oc23,-0.55000001192092896,31.542088580000001,-0.64597220499999997,6.8882285440000004
1508,O,oc23,-0.55000001192092896,27.062088635999999,3.891326598,7.7806718520000002
1509,O,oc23,-0.55000001192092896,32.760633001000002,3.9028363829999999,10.741832754000001
1510,O,oc23,-0.55000001192092896,29.399298961,4.1720943359999998,2.1490508149999998
1511,O,oc23,-0.55000001192092896,30.336341453999999,3.3714549520000001,11.560428386
1512,O,oc23,-0.55000001192092896,27.587246053000001,3.501964879,3.8891853159999998
1513,O,oc23,-0.55000001192092896,33.129051848000003,2.4964955249999998,7.7278431960000002
1514,O,oc23,-0.55000001192092896,28.364475173999999,0.78335830699999998,8.8852135350000001
1515,O,oc23,-0.55000001192092896,30.808188725000001,0.0016251379999999999,4.4115470219999997
1516,O,oc23,-0.55000001192092896,28.034375663999999,2.6080924300000001,10.677540391999999
1517,O,oc23,-0.55000001192092896,25.105506390999999,2.9342007379999999,3.4809609680000002
1518,O,oc23,-0.55000001192092896,30.859258287999999,1.8478301829999999,6.4825052940000001
1519,O,oc23,-0.55000001192092896,26.980136851000001,1.4156622139999999,6.7597714340000001
1520,O,oc23,-0.55000001192092896,31.942652642999999,1.411603932,10.902138061
1521,O,oc23,-0.55000001192092896,29.414637717000002,1.697971055,3.1655048200000002
1522,O,oc23,-0.55000001192092896,32.051440581999998,0.98248239999999998,2.1893784950000001
1523,O,oc23,-0.55000001192092896,26.139947369000001,0.86904464699999995,10.257254196
1524,O,oc23,-0.55000001192092896,29.101635081000001,-0.086205681000000006,6.4701692140000002
1525,O,oc23,-0.55000001192092896,25.770740766999999,3.6056786509999998,5.7493000429999999
1526,O,oc23,-0.55000001192092896,30.985629660000001,2.915739216,9.0186000699999997
1527,O,oc23,-0.55000001192092896,26.840544149999999,2.1224576650000002,1.9774852540000001
1528,Si,sc4,1.1000000238418579,33.665904021999999,1.552966949,2.7424039420000001
1529,Si,sc4,1.1000000238418579,27.734561126999999,1.0861486250000001,10.323010235
1530,Si,sc4,1.1000000238418579,30.590905071000002,0.30533217800000001,6.030021445
1531,Si,sc4,1.1000000238418579,26.186190048,2.8023124799999999,7.0343734869999999
1532,Si,sc4,1.1000000238418579,31.497561316999999,2.9107402009999999,10.55236463
1533,Si,sc4,1.1000000238418579,28.355227702000001,2.8396202690000001,2.6422121449999998
1534,Si,sc4,1.1000000238418579,28.755164294,3.5432285299999999,11.73632097
1535,Si,sc4,1.1000000238418579,26.070293590999999,3.928401627,4.2554751020000001
1536,Si,sc4,1.1000000238418579,31.598540889999999,2.8690747120000002,7.5332681570000002
1537,Si,sc4,1.1000000238418579,27.886084111999999,0.263414867,7.4625916710000002
1538,Si,sc4,1.1000000238418579,33.193649909000001,0.43720004800000001,11.141734097000001
1539,Si,sc4,1.1000000238418579,30.450848155999999,0.44678816900000001,2.8622324529999998
1540,O,oc23,-0.55000001192092896,28.46059202,0.42615139899999999,22.410364459
1541,O,oc23,-0.55000001192092896,31.047360711,-0.65142863100000004,19.392782746999998
1542,O,oc23,-0.55000001192092896,26.610308985,3.8816673420000001,19.125179735
1543,O,oc23,-0.55000001192092896,32.470790618000002,4.1699398050000003,22.710607099000001
1544,O,oc23,-0.55000001192092896,29.976194709000001,3.8757070279999999,14.991520725000001
1545,O,oc23,-0.55000001192092896,29.845446510999999,3.447353664,23.685574763999998
1546,O,oc23,-0.55000001192092896,27.460088504000002,3.3345204320000001,15.629275771
1547,O,oc23,-0.55000001192092896,32.808718403999997,2.389690506,19.405336535
1548,O,oc23,-0.55000001192092896,27.809830557000002,1.094287002,20.135704174000001
1549,O,oc23,-0.55000001192092896,30.926210927,0.41727756199999999,16.859362077
1550,O,oc23,-0.55000001192092896,27.774346089000002,2.9751214629999998,21.995031532999999
1551,O,oc23,-0.55000001192092896,25.234253039999999,2.5723759419999999,14.445720138
1552,O,oc23,-0.55000001192092896,30.368563548000001,1.832764482,18.978007358999999
1553,O,oc23,-0.55000001192092896,26.507414124,1.3817117889999999,18.112098396
1554,O,oc23,-0.55000001192092896,32.498935201999998,1.663530355,23.726548092000002
1555,O,oc23,-0.55000001192092896,29.160982941,1.3853227809999999,15.112483662000001
1556,O,oc23,-0.55000001192092896,31.586544788000001,0.86003116499999999,14.318857812999999
1557,O,oc23,-0.55000001192092896,25.979991820999999,0.98924161799999999,21.986939726999999
1558,O,oc23,-0.55000001192092896,28.775958111000001,0.001575073,18.14943349
1559,O,oc23,-0.55000001192092896,25.228995816000001,3.2582964109999999,16.997092640000002
1560,O,oc23,-0.55000001192092896,31.093089944999999,2.4728234609999999,21.460603243000001
1561,O,oc23,-0.55000001192092896,28.302215985,3.036579653,13.196853751000001
1562,Si,sc4,1.1000000238418579,33.166696078000001,1.0432689639999999,14.146945712999999
1563,Si,sc4,1.1000000238418579,27.498949754000002,1.4178626000000001,21.628753913000001
1564,Si,sc4,1.1000000238418579,30.308725931000001,0.36824406199999998,18.342671306
1565,Si,sc4,1.1000000238418579,25.697163644,2.7358421220000002,18.423083504000001
1566,Si,sc4,1.1000000238418579,31.445549161999999,2.914057095,23.012190992000001
1567,Si,sc4,1.1000000238418579,28.728909418000001,2.9005346099999998,14.739963938000001
1568,Si,sc4,1.1000000238418579,28.232939771000002,4.0262789479999999,23.138120942
1569,Si,sc4,1.1000000238418579,25.864248214,3.5553968309999999,15.562479818
1570,Si,sc4,1.1000000238418579,31.315108678000001,2.7817360510000002,19.840908781
1571,Si,sc4,1.1000000238418579,27.395011727,0.29632761800000001,18.847938864
1572,Si,sc4,1.1000000238418579,33.544153680000001,0.32908186699999997,23.236448040999999
1573,Si,sc4,1.1000000238418579,30.424628758000001,0.398565736,15.32394712
1574,O,oc23,-0.55000001192092896,28.337419054000001,5.0778743390000001,11.45161996
1575,O,oc23,-0.55000001192092896,31.537762221000001,4.3342915819999996,6.8951672689999999
1576,O,oc23,-0.55000001192092896,27.060385566000001,8.8650012070000006,7.7870714779999997
1577,O,oc23,-0.55000001192092896,32.754525739999998,8.8703094500000006,10.761913351
1578,O,oc23,-0.55000001192092896,29.401210252999999,9.1513417179999994,2.1553776999999998
1579,O,oc23,-0.55000001192092896,30.326389305999999,8.3355022329999997,11.572443058999999
1580,O,oc23,-0.55000001192092896,27.585926814,8.4787864450000008,3.894222439
1581,O,oc23,-0.55000001192092896,33.131574117,7.4820106710000003,7.733108885
1582,O,oc23,-0.55000001192092896,28.352801305,5.7597925050000001,8.8942329939999993
1583,O,oc23,-0.55000001192092896,30.800011558000001,4.9813182960000004,4.4183273889999999
1584,O,oc23,-0.55000001192092896,28.023696320999999,7.586320486,10.682865581
1585,O,oc23,-0.55000001192092896,25.103947271999999,7.9142332949999998,3.4834330900000001
1586,O,oc23,-0.55000001192092896,30.857913226000001,6.8281224299999996,6.4901781170000001
1587,O,oc23,-0.55000001192092896,26.973645624,6.392998832,6.7648804829999998
1588,O,oc23,-0.55000001192092896,31.937166083000001,6.3824891959999999,10.903402524000001
1589,O,oc23,-0.55000001192092896,29.414037536999999,6.6797768099999999,3.1692723549999999
1590,O,oc23,-0.55000001192092896,32.048792714999998,5.960646348,2.196191062
1591,O,oc23,-0.55000001192092896,26.125140758000001,5.8549434189999996,10.260225067
1592,O,oc23,-0.55000001192092896,29.099008157,4.893637429,6.4804182299999997
1593,O,oc23,-0.55000001192092896,25.769308826,8.5852732899999999,5.7546199490000003
1594,O,oc23,-0.55000001192092896,30.981678296999998,7.8952211099999996,9.0274353729999994
1595,O,oc23,-0.55000001192092896,26.840494217,7.1034187710000003,1.9797187629999999
1596,Si,sc4,1.1000000238418579,33.664337068999998,6.5324866119999996,2.7492024399999999
1597,Si,sc4,1.1000000238418579,27.718740846999999,6.0651131339999997,10.329324599
1598,Si,sc4,1.1000000238418579,30.586969928999999,5.2863681400000004,6.0381424170000004
1599,Si,sc4,1.1000000238418579,26.182024277,7.7786167349999999,7.0397336599999996
1600,Si,sc4,1.1000000238418579,31.489457813000001,7.8812028710000002,10.562146483999999
1601,Si,sc4,1.1000000238418579,28.354250763,7.8195809729999999,2.6463191660000001
1602,Si,sc4,1.1000000238418579,28.745903903999999,8.517535359,11.743965119
1603,Si,sc4,1.1000000238418579,26.068886987999999,8.9055051150000004,4.2608760820000002
1604,Si,sc4,1.1000000238418579,31.597939709999999,7.848789858,7.5413432159999996
1605,Si,sc4,1.1000000238418579,27.880389547,5.2419932820000001,7.4698517109999996
1606,Si,sc4,1.1000000238418579,33.190544008000003,5.4125093299999998,11.141505295
1607,Si,sc4,1.1000000238418579,30.445415564000001,5.4269701100000001,2.8674419659999999
1608,O,oc23,-0.55000001192092896,28.456021887999999,5.4063817360000002,22.410413646999999
1609,O,oc23,-0.55000001192092896,31.040144873999999,4.3252746310000001,19.391991748999999
1610,O,oc23,-0.55000001192092896,26.596830015999998,8.8637494740000005,19.128122361999999
1611,O,oc23,-0.55000001192092896,32.485309536000003,9.1397162200000004,22.715520660999999
1612,O,oc23,-0.55000001192092896,29.957985005000001,8.8512303550000002,14.996839544
1613,O,oc23,-0.55000001192092896,29.849107477,8.4310089379999997,23.685914654000001
1614,O,oc23,-0.55000001192092896,27.438293162000001,8.3153450810000002,15.632531116999999
1615,O,oc23,-0.55000001192092896,32.819979205000003,7.3603781149999996,19.403575663000002
1616,O,oc23,-0.55000001192092896,27.799297671000001,6.0766610840000004,20.139330542
1617,O,oc23,-0.55000001192092896,30.918415679999999,5.3968356069999999,16.861367309999999
1618,O,oc23,-0.55000001192092896,27.779998517999999,7.9556857570000004,21.994551433000002
1619,O,oc23,-0.55000001192092896,25.209421486,7.5454926660000003,14.450947738
1620,O,oc23,-0.55000001192092896,30.374782017000001,6.8144553029999999,18.978590533999999
1621,O,oc23,-0.55000001192092896,26.490794259000001,6.3604534780000002,18.116841335
1622,O,oc23,-0.55000001192092896,32.494136660999999,6.6344971150000003,23.730955914999999
1623,O,oc23,-0.55000001192092896,29.146040687999999,6.3644788659999998,15.119331624000001
1624,O,oc23,-0.55000001192092896,31.579332436000001,5.8426523760000002,14.321367990000001
1625,O,oc23,-0.55000001192092896,25.975143446000001,5.9767395570000001,21.99415656
1626,O,oc23,-0.55000001192092896,28.767225827000001,4.9902697480000002,18.148805142000001
1627,O,oc23,-0.55000001192092896,25.210577152999999,8.2346758510000004,17.005995147
1628,O,oc23,-0.55000001192092896,31.100940489999999,7.4494705720000001,21.46184504
1629,O,oc23,-0.55000001192092896,28.286529771000001,8.0120756810000007,13.201681749
1630,Si,sc4,1.1000000238418579,33.161675496999997,6.016667998,14.148517395000001
1631,Si,sc4,1.1000000238418579,27.495002417999999,6.3993817960000001,21.630839655999999
1632,Si,sc4,1.1000000238418579,30.303115492,5.3505770520000002,18.343990448
1633,Si,sc4,1.1000000238418579,25.681260778999999,7.7168419159999999,18.429222733
1634,Si,sc4,1.1000000238418579,31.449619560999999,7.8908386430000004,23.014995812999999
1635,Si,sc4,1.1000000238418579,28.708343446000001,7.8787399809999998,14.744910168000001
1636,Si,sc4,1.1000000238418579,28.233486497000001,9.007670697,23.138994826000001
1637,Si,sc4,1.1000000238418579,25.842005814,8.5328220750000003,15.566670574
1638,Si,sc4,1.1000000238418579,31.327428940000001,7.7569536469999996,19.842514001000001
1639,Si,sc4,1.1000000238418579,27.385024665,5.278196694,18.851715764000001
1640,Si,sc4,1.1000000238418579,33.536498928999997,5.2998321270000002,23.23626818
1641,Si,sc4,1.1000000238418579,30.413923776000001,5.3801949750000002,15.326257939
1642,O,oc23,-0.55000001192092896,28.335025224999999,10.053540721999999,11.459517157000001
1643,O,oc23,-0.55000001192092896,31.535894687999999,9.3136926110000005,6.904744011
1644,O,oc23,-0.55000001192092896,27.067891843000002,13.842284399,7.7940691849999997
1645,O,oc23,-0.55000001192092896,32.756040763000001,13.842056593000001,10.764954735
1646,O,oc23,-0.55000001192092896,29.406002758,14.129748971,2.1667198810000001
1647,O,oc23,-0.55000001192092896,30.327262682000001,13.306329283,11.574010604
1648,O,oc23,-0.55000001192092896,27.588103306000001,13.448394299,3.9042012559999999
1649,O,oc23,-0.55000001192092896,33.137112727000002,12.455557533,7.7411494769999996
1650,O,oc23,-0.55000001192092896,28.349477345,10.732427512999999,8.9047462569999993
1651,O,oc23,-0.55000001192092896,30.801671348999999,9.9571365479999994,4.4259241520000003
1652,O,oc23,-0.55000001192092896,28.020896287999999,12.561675712,10.688077742999999
1653,O,oc23,-0.55000001192092896,25.10571964,12.889636810000001,3.492017385
1654,O,oc23,-0.55000001192092896,30.867406750000001,11.80676422,6.4921790289999999
1655,O,oc23,-0.55000001192092896,26.967787281,11.366372957999999,6.7773707200000004
1656,O,oc23,-0.55000001192092896,31.938139104000001,11.351962258,10.907940291999999
1657,O,oc23,-0.55000001192092896,29.417084396,11.65578663,3.1763437140000002
1658,O,oc23,-0.55000001192092896,32.052118125,10.939719431,2.2018029320000001
1659,O,oc23,-0.55000001192092896,26.119155319000001,10.828294770999999,10.268517923999999
1660,O,oc23,-0.55000001192092896,29.096792399999998,9.8764244980000004,6.4850356099999997
1661,O,oc23,-0.55000001192092896,25.769196632,13.557779144,5.7655048720000002
1662,O,oc23,-0.55000001192092896,30.985598328999998,12.863131297000001,9.0331103160000001
1663,O,oc23,-0.55000001192092896,26.843904380000001,12.081977541000001,1.985766768
1664,Si,sc4,1.1000000238418579,33.668990801,11.509851082999999,2.7520631450000002
1665,Si,sc4,1.1000000238418579,27.714232560999999,11.039991389000001,10.338009308
1666,Si,sc4,1.1000000238418579,30.587990399999999,10.264966949,6.0443052230000003
1667,Si,sc4,1.1000000238418579,26.183011569000001,12.75597119,7.0522466140000004
1668,Si,sc4,1.1000000238418579,31.491490459000001,12.851965418000001,10.56665819
1669,Si,sc4,1.1000000238418579,28.358453455999999,12.796424400999999,2.654630015
1670,Si,sc4,1.1000000238418579,28.746438640000001,13.493761456,11.744717462000001
1671,Si,sc4,1.1000000238418579,26.072228758000001,13.877884922,4.2717600070000001
1672,Si,sc4,1.1000000238418579,31.604499739000001,12.824404294000001,7.5487559199999996
1673,Si,sc4,1.1000000238418579,27.877911426000001,10.217090996,7.4788200839999996
1674,Si,sc4,1.1000000238418579,33.189270170999997,10.380686967000001,11.150030455
1675,Si,sc4,1.1000000238418579,30.449410864000001,10.404773253,2.8745074490000002
1676,O,oc23,-0.55000001192092896,28.451703166000001,10.386732762999999,22.407773156000001
1677,O,oc23,-0.55000001192092896,31.057401051999999,9.3010040420000006,19.390950220000001
1678,O,oc23,-0.55000001192092896,26.597728988,13.837145870000001,19.12121054
1679,O,oc23,-0.55000001192092896,32.484968322999997,14.121124439000001,22.715098784999999
1680,O,oc23,-0.55000001192092896,29.959429208,13.826103061,14.995919862999999
1681,O,oc23,-0.55000001192092896,29.848172891000001,13.407777099,23.689908138
1682,O,oc23,-0.55000001192092896,27.438233838999999,13.287998529999999,15.629280347
1683,O,oc23,-0.55000001192092896,32.803754945999998,12.342389753999999,19.410146993000001
1684,O,oc23,-0.55000001192092896,27.788628608,11.060563288999999,20.138367843000001
1685,O,oc23,-0.55000001192092896,30.911519076000001,10.377086965,16.861453888
1686,O,oc23,-0.55000001192092896,27.767045912,12.932813888,22.000864205999999
1687,O,oc23,-0.55000001192092896,25.205670151,12.522561128,14.447749226999999
1688,O,oc23,-0.55000001192092896,30.363166366000002,11.785305441,18.988918753
1689,O,oc23,-0.55000001192092896,26.499558576999998,11.336564294,18.109085527000001
1690,O,oc23,-0.55000001192092896,32.497452588000002,11.613931276000001,23.730395102999999
1691,O,oc23,-0.55000001192092896,29.140730699999999,11.340571299,15.113780338
1692,O,oc23,-0.55000001192092896,31.571943332,10.806267458000001,14.320580229000001
1693,O,oc23,-0.55000001192092896,25.967520643,10.948435956999999,21.99737352
1694,O,oc23,-0.55000001192092896,28.770968855,9.9501623610000003,18.162695054
1695,O,oc23,-0.55000001192092896,25.209740670999999,13.208630834999999,17.000988344
1696,O,oc23,-0.55000001192092896,31.092949082000001,12.42846576,21.466122122000002
1697,O,oc23,-0.55000001192092896,28.284677129999999,12.993414696,13.202202526000001
1698,Si,sc4,1.1000000238418579,33.154140476999999,10.990309518,14.152291365
1699,Si,sc4,1.1000000238418579,27.484966224000001,11.377957998999999,21.633166344999999
1700,Si,sc4,1.1000000238418579,30.304493060999999,10.322156434,18.348165761000001
1701,Si,sc4,1.1000000238418579,25.684081507999998,12.688753363,18.422664189999999
1702,Si,sc4,1.1000000238418579,31.449696446000001,12.870632304000001,23.016274214999999
1703,Si,sc4,1.1000000238418579,28.709079184,12.855739901,14.742919581000001
1704,Si,sc4,1.1000000238418579,28.231543910999999,13.983291466000001,23.142873537
1705,Si,sc4,1.1000000238418579,25.842124332000001,13.506937244,15.562767152999999
1706,Si,sc4,1.1000000238418579,31.311601337999999,12.734961185,19.847920568999999
1707,Si,sc4,1.1000000238418579,27.384127918000001,10.252267849000001,18.853863944
1708,Si,sc4,1.1000000238418579,33.544457542000004,10.278353544,23.240374191000001
1709,Si,sc4,1.1000000238418579,30.404528946999999,10.354159449000001,15.327461494
1710,O,oc23,-0.55000001192092896,28.339440234000001,15.029565438000001,11.457017314
1711,O,oc23,-0.55000001192092896,31.543358749999999,14.29266988,6.9180866830000003
1712,O,oc23,-0.55000001192092896,27.064404599,18.816143669999999,7.7904898009999997
1713,O,oc23,-0.55000001192092896,32.765821004000003,18.818672170999999,10.782044096
1714,O,oc23,-0.55000001192092896,29.414332149,19.102438022000001,2.166737913
1715,O,oc23,-0.55000001192092896,30.331120375000001,18.283806929000001,11.581422147
1716,O,oc23,-0.55000001192092896,27.597767709999999,18.428762446,3.9042586410000002
1717,O,oc23,-0.55000001192092896,33.146555788999997,17.438578320000001,7.7441534570000004
1718,O,oc23,-0.55000001192092896,28.351636621000001,15.716375923999999,8.9041958440000002
1719,O,oc23,-0.55000001192092896,30.814097207,14.933323661999999,4.4366340810000002
1720,O,oc23,-0.55000001192092896,28.016016076,17.538092643999999,10.696023605000001
1721,O,oc23,-0.55000001192092896,25.116494532000001,17.863513094999998,3.4895334450000002
1722,O,oc23,-0.55000001192092896,30.870805065999999,16.785690001999999,6.5046245770000004
1723,O,oc23,-0.55000001192092896,26.979660307,16.339794080000001,6.7731904890000001
1724,O,oc23,-0.55000001192092896,31.943924011,16.328771992,10.912044816
1725,O,oc23,-0.55000001192092896,29.433911952999999,16.633843679999998,3.18583879
1726,O,oc23,-0.55000001192092896,32.063419652999997,15.911006078,2.210207531
1727,O,oc23,-0.55000001192092896,26.118540952,15.794041989,10.266708485000001
1728,O,oc23,-0.55000001192092896,29.108101141999999,14.847426259000001,6.4943115459999996
1729,O,oc23,-0.55000001192092896,25.776053097999998,18.532712093000001,5.7604268110000003
1730,O,oc23,-0.55000001192092896,30.996454312000001,17.849013026000002,9.0402314910000001
1731,O,oc23,-0.55000001192092896,26.857525510999999,17.048513109000002,1.9920915450000001
1732,Si,sc4,1.1000000238418579,33.679013973000004,16.485312502999999,2.7578089549999998
1733,Si,sc4,1.1000000238418579,27.713113418999999,16.01599603,10.338436173
1734,Si,sc4,1.1000000238418579,30.597285622000001,15.242008086,6.0548711969999998
1735,Si,sc4,1.1000000238418579,26.186504161999999,17.726902151000001,7.0465880160000003
1736,Si,sc4,1.1000000238418579,31.499633502999998,17.831220876,10.575944815
1737,Si,sc4,1.1000000238418579,28.37011429,17.76879692,2.6594485780000001
1738,Si,sc4,1.1000000238418579,28.7488457,18.469051303000001,11.751331713000001
1739,Si,sc4,1.1000000238418579,26.079770554,18.854859932,4.2672344620000002
1740,Si,sc4,1.1000000238418579,31.611895630999999,17.8063635,7.5554000690000001
1741,Si,sc4,1.1000000238418579,27.885793815,15.192532462999999,7.4804662950000003
1742,Si,sc4,1.1000000238418579,33.192821764000001,15.352819474,11.152329739000001
1743,Si,sc4,1.1000000238418579,30.460354224,15.378577914999999,2.8849492099999998
1744,O,oc23,-0.55000001192092896,28.455106224000001,15.359489405,22.406959675
1745,O,oc23,-0.55000001192092896,31.036959533000001,14.278066776999999,19.395724326
1746,O,oc23,-0.55000001192092896,26.606987645,18.815381610999999,19.123192847999999
1747,O,oc23,-0.55000001192092896,32.484819289000001,19.100734927000001,22.706639731999999
1748,O,oc23,-0.55000001192092896,29.961924473,18.796804180999999,15.010228133
1749,O,oc23,-0.55000001192092896,29.858538272000001,18.376235676,23.681992011999998
1750,O,oc23,-0.55000001192092896,27.437192871000001,18.272177573,15.638530891
1751,O,oc23,-0.55000001192092896,32.809890565000003,17.310437192999999,19.393417979999999
1752,O,oc23,-0.55000001192092896,27.795891887,16.029341322000001,20.135018541000001
1753,O,oc23,-0.55000001192092896,30.912350119999999,15.346585557999999,16.861118964999999
1754,O,oc23,-0.55000001192092896,27.780662647,17.906544955000001,21.990711879999999
1755,O,oc23,-0.55000001192092896,25.208721481000001,17.501923421000001,14.455509696
1756,O,oc23,-0.55000001192092896,30.366821987000002,16.764937363000001,18.979372152
1757,O,oc23,-0.55000001192092896,26.493070874000001,16.315340127999999,18.110412959000001
1758,O,oc23,-0.55000001192092896,32.512019717999998,16.594761597000002,23.726138871
1759,O,oc23,-0.55000001192092896,29.137278519999999,16.316542285000001,15.123017616
1760,O,oc23,-0.55000001192092896,31.570018943000001,15.784420711999999,14.321424698
1761,O,oc23,-0.55000001192092896,25.973782030999999,15.927241722,21.996061009000002
1762,O,oc23,-0.55000001192092896,28.765243183999999,14.934806550999999,18.151747636
1763,O,oc23,-0.55000001192092896,25.209977812000002,18.193240973000002,17.009609705999999
1764,O,oc23,-0.55000001192092896,31.108773513999999,17.397002645000001,21.457486152000001
1765,O,oc23,-0.55000001192092896,28.288161525,17.969471649999999,13.210544852
1766,Si,sc4,1.1000000238418579,33.153064338999997,15.964071529,14.153463908999999
1767,Si,sc4,1.1000000238418579,27.49264415,16.351148659,21.629099946
1768,Si,sc4,1.1000000238418579,30.299481258,15.299739828,18.345042787000001
1769,Si,sc4,1.1000000238418579,25.686407545000002,17.671414975000001,18.428958575999999
1770,Si,sc4,1.1000000238418579,31.460057922000001,17.844414003000001,23.007810632000002
1771,Si,sc4,1.1000000238418579,28.707996704999999,17.833110822999998,14.753833621
1772,Si,sc4,1.1000000238418579,28.245839397000001,18.956158184,23.133977202000001
1773,Si,sc4,1.1000000238418579,25.841825580999998,18.489569452000001,15.571109648
1774,Si,sc4,1.1000000238418579,31.322189719000001,17.708492998000001,19.838801242999999
1775,Si,sc4,1.1000000238418579,27.380520526000002,15.228727948,18.847239674000001
1776,Si,sc4,1.1000000238418579,33.551061544,15.255929140999999,23.235986508
1777,Si,sc4,1.1000000238418579,30.403626853999999,15.328818377999999,15.327987992000001
1778,O,oc23,-0.55000001192092896,28.341507320000002,20.005594943999998,11.463569444999999
1779,O,oc23,-0.55000001192092896,31.544048619000002,19.272757771999999,6.9204335050000001
1780,O,oc23,-0.55000001192092896,27.068472929999999,23.796407268999999,7.7852497349999998
1781,O,oc23,-0.55000001192092896,32.782471244,23.799971532000001,10.77447141
1782,O,oc23,-0.55000001192092896,29.413901001999999,24.078734587,2.1595021550000002
1783,O,oc23,-0.55000001192092896,30.351333092000001,23.262693380999998,11.571021965
1784,O,oc23,-0.55000001192092896,27.599153475000001,23.406531512000001,3.901773065
1785,O,oc23,-0.55000001192092896,33.145341434000002,22.400408322000001,7.7272990799999999
1786,O,oc23,-0.55000001192092896,28.355084575999999,20.680767841000002,8.9059978950000005
1787,O,oc23,-0.55000001192092896,30.818931772999999,19.914009142000001,4.4354825729999998
1788,O,oc23,-0.55000001192092896,28.039188191000001,22.513655734,10.685225059
1789,O,oc23,-0.55000001192092896,25.118344859,22.840317548000002,3.4845923519999999
1790,O,oc23,-0.55000001192092896,30.858724785,21.762157683000002,6.504279661
1791,O,oc23,-0.55000001192092896,26.975732580999999,21.318774291,6.7749362990000002
1792,O,oc23,-0.55000001192092896,31.957270746999999,21.308492772000001,10.889131674
1793,O,oc23,-0.55000001192092896,29.432499959000001,21.609728694000001,3.1823205470000002
1794,O,oc23,-0.55000001192092896,32.065805693000001,20.888753276999999,2.2070769540000001
1795,O,oc23,-0.55000001192092896,26.12555781,20.787237572999999,10.273462779999999
1796,O,oc23,-0.55000001192092896,29.102852083999998,19.823525062000002,6.4884271199999999
1797,O,oc23,-0.55000001192092896,25.773513049000002,23.509025626,5.7561303229999998
1798,O,oc23,-0.55000001192092896,31.009303453000001,22.840843891999999,9.0288887659999997
1799,O,oc23,-0.55000001192092896,26.858003923999998,22.026960721999998,1.988768187
1800,Si,sc4,1.1000000238418579,33.683149108000002,21.459540114999999,2.7518121209999999
1801,Si,sc4,1.1000000238418579,27.722676905,20.992178973000001,10.339574568
1802,Si,sc4,1.1000000238418579,30.594464224999999,20.218486720000001,6.0529317919999999
1803,Si,sc4,1.1000000238418579,26.187044282999999,22.708221258999998,7.0449440069999998
1804,Si,sc4,1.1000000238418579,31.517415842999998,22.813349924000001,10.560880449000001
1805,Si,sc4,1.1000000238418579,28.370994492000001,22.745996537,2.655992591
1806,Si,sc4,1.1000000238418579,28.769953859000001,23.446859826000001,11.739626935
1807,Si,sc4,1.1000000238418579,26.080223811,23.832437061,4.263175199
1808,Si,sc4,1.1000000238418579,31.615186432000002,22.781966921999999,7.5431921290000004
1809,Si,sc4,1.1000000238418579,27.882471872,20.167129824,7.4795292010000001
1810,Si,sc4,1.1000000238418579,33.204184468999998,20.334756716000001,11.147251517999999
1811,Si,sc4,1.1000000238418579,30.464034976000001,20.35636298,2.8838410570000002
1812,O,oc23,-0.55000001192092896,28.469490079,20.335550889,22.404096419999998
1813,O,oc23,-0.55000001192092896,31.055831119,19.253543495999999,19.390637012999999
1814,O,oc23,-0.55000001192092896,26.618176847000001,23.788552571,19.116470143000001
1815,O,oc23,-0.55000001192092896,32.479864902999999,24.077578463999998,22.713399173999999
1816,O,oc23,-0.55000001192092896,29.983988945,23.779714912999999,14.998266275000001
1817,O,oc23,-0.55000001192092896,29.850008460000002,23.359719690999999,23.691558739000001
1818,O,oc23,-0.55000001192092896,27.463110776000001,23.246880000000001,15.627379517
1819,O,oc23,-0.55000001192092896,32.812682846000001,22.307031364,19.415531997999999
1820,O,oc23,-0.55000001192092896,27.807314636000001,21.009825774999999,20.132795834
1821,O,oc23,-0.55000001192092896,30.924632677000002,20.330416527000001,16.860485187999998
1822,O,oc23,-0.55000001192092896,27.784083658,22.884357261000002,21.995734341999999
1823,O,oc23,-0.55000001192092896,25.240793796999998,22.476757954,14.437153855
1824,O,oc23,-0.55000001192092896,30.374550059000001,21.742819224000002,18.983860752999998
1825,O,oc23,-0.55000001192092896,26.514003993999999,21.289757724000001,18.10356848
1826,O,oc23,-0.55000001192092896,32.496572467999997,21.569046001,23.727050174999999
1827,O,oc23,-0.55000001192092896,29.159292726,21.293230350999998,15.109893556999999
1828,O,oc23,-0.55000001192092896,31.581266302,20.735682121,14.312835673
1829,O,oc23,-0.55000001192092896,25.987814761999999,20.90018989,21.99077879
1830,O,oc23,-0.55000001192092896,28.780537650999999,19.905389244999999,18.154584727
1831,O,oc23,-0.55000001192092896,25.231941332000002,23.162537379,16.993752996000001
1832,O,oc23,-0.55000001192092896,31.090944361999998,22.387601921000002,21.465623872999998
1833,O,oc23,-0.55000001192092896,28.30932116,22.949922872999998,13.199023463
1834,Si,sc4,1.1000000238418579,33.159015275999998,20.945373181000001,14.151070402
1835,Si,sc4,1.1000000238418579,27.50539255,21.328315157999999,21.627011952
1836,Si,sc4,1.1000000238418579,30.312623255999998,20.277942459999998,18.345433447000001
1837,Si,sc4,1.1000000238418579,25.702205999,22.643560543,18.417095578000001
1838,Si,sc4,1.1000000238418579,31.448415883999999,22.825885632999999,23.015163549
1839,Si,sc4,1.1000000238418579,28.733017091000001,22.810963964999999,14.741042071000001
1840,Si,sc4,1.1000000238418579,28.238146372999999,23.935078559000001,23.142125517
1841,Si,sc4,1.1000000238418579,25.868364028999999,23.464202086,15.557241518
1842,Si,sc4,1.1000000238418579,31.319326362000002,22.693523079999999,19.847902698999999
1843,Si,sc4,1.1000000238418579,27.395320776999998,20.204335003000001,18.847804676999999
1844,Si,sc4,1.1000000238418579,33.543092024000003,20.239261720999998,23.23083411
1845,Si,sc4,1.1000000238418579,30.415810229000002,20.299351375000001,15.327086004
1846,O,oc23,-0.55000001192092896,28.363146095000001,24.982473294999998,11.447833129999999
1847,O,oc23,-0.55000001192092896,31.554801342000001,24.243777721000001,6.8983368660000002
1848,O,oc23,-0.55000001192092896,27.062766028999999,28.774824816999999,7.7834323989999996
1849,O,oc23,-0.55000001192092896,32.775218379999998,28.778346598999999,10.757193158
1850,O,oc23,-0.55000001192092896,29.408371737,29.058981004,2.1537490400000001
1851,O,oc23,-0.55000001192092896,30.352184034,28.238801424999998,11.568642728
1852,O,oc23,-0.55000001192092896,27.594081550999999,28.385986040999999,3.896419791
1853,O,oc23,-0.55000001192092896,33.142961546000002,27.381970708000001,7.7243903659999997
1854,O,oc23,-0.55000001192092896,28.367692453,25.660706254000001,8.8909774289999994
1855,O,oc23,-0.55000001192092896,30.819167213,24.890561258000002,4.4211421450000001
1856,O,oc23,-0.55000001192092896,28.047428437000001,27.489619459,10.677980607
1857,O,oc23,-0.55000001192092896,25.113287769999999,27.816259079999998,3.4829342200000002
1858,O,oc23,-0.55000001192092896,30.864629543,26.732344356999999,6.4936533289999998
1859,O,oc23,-0.55000001192092896,26.987310055999998,26.297509826999999,6.7648849589999998
1860,O,oc23,-0.55000001192092896,31.963085291999999,26.284590048999998,10.903004659
1861,O,oc23,-0.55000001192092896,29.432165666,26.590488406999999,3.1725781099999999
1862,O,oc23,-0.55000001192092896,32.066394215999999,25.861969992999999,2.1965661519999999
1863,O,oc23,-0.55000001192092896,26.142430792999999,25.752735821000002,10.260850433
1864,O,oc23,-0.55000001192092896,29.111080006000002,24.792712363,6.4805794519999997
1865,O,oc23,-0.55000001192092896,25.772786538999998,28.484384813999998,5.7550216069999998
1866,O,oc23,-0.55000001192092896,31.002617923999999,27.794050046999999,9.0266795880000004
1867,O,oc23,-0.55000001192092896,26.853198805000002,27.006259790000001,1.9826542819999999
1868,Si,sc4,1.1000000238418579,33.685264525999997,26.431992491999999,2.741890583
1869,Si,sc4,1.1000000238418579,27.73893254,25.967144541,10.327786008
1870,Si,sc4,1.1000000238418579,30.600039559999999,25.190600696000001,6.0402274729999998
1871,Si,sc4,1.1000000238418579,26.189077047000001,27.681864738000002,7.0406375580000002
1872,Si,sc4,1.1000000238418579,31.515638717000002,27.783856400000001,10.559613397
1873,Si,sc4,1.1000000238418579,28.365847323000001,27.726484078999999,2.6495389619999998
1874,Si,sc4,1.1000000238418579,28.771802092000001,28.422788081,11.734162467999999
1875,Si,sc4,1.1000000238418579,26.074462577999999,28.808892472,4.2614852919999997
1876,Si,sc4,1.1000000238418579,31.609646713,27.753260965999999,7.5395533260000001
1877,Si,sc4,1.1000000238418579,27.891568837000001,25.143144133,7.4675158499999998
1878,Si,sc4,1.1000000238418579,33.213716777999998,25.313936544000001,11.149844100999999
1879,Si,sc4,1.1000000238418579,30.463024144999999,25.335359862000001,2.8716570149999998
1880,O,oc23,-0.55000001192092896,28.461868147000001,25.313978373000001,22.411941569
1881,O,oc23,-0.55000001192092896,31.051385629999999,24.236961040000001,19.393838143
1882,O,oc23,-0.55000001192092896,26.625714856999998,28.766671550000002,19.114955198000001
1883,O,oc23,-0.55000001192092896,32.490746368000003,29.056062055000002,22.713216249999999
1884,O,oc23,-0.55000001192092896,29.989293546999999,28.760734169999999,14.982999439
1885,O,oc23,-0.55000001192092896,29.857821053999999,28.344475734,23.683584370999998
1886,O,oc23,-0.55000001192092896,27.471617596000002,28.225489712000002,15.624011173
1887,O,oc23,-0.55000001192092896,32.815835403000001,27.282181917999999,19.404844960999998
1888,O,oc23,-0.55000001192092896,27.816212465,25.975846015999998,20.137148703000001
1889,O,oc23,-0.55000001192092896,30.933215853,25.308870359,16.860180038999999
1890,O,oc23,-0.55000001192092896,27.785583192000001,27.862333082999999,21.990384488
1891,O,oc23,-0.55000001192092896,25.242365668000001,27.458046550999999,14.440764864
1892,O,oc23,-0.55000001192092896,30.376198761000001,26.722170513999998,18.982448669
1893,O,oc23,-0.55000001192092896,26.519045982000002,26.266106255,18.105746554
1894,O,oc23,-0.55000001192092896,32.502172578,26.550569711000001,23.727724833
1895,O,oc23,-0.55000001192092896,29.169512115,26.273596936000001,15.107851051999999
1896,O,oc23,-0.55000001192092896,31.596547971,25.730193429,14.315260983
1897,O,oc23,-0.55000001192092896,25.983659686999999,25.876775943999998,21.987428091000002
1898,O,oc23,-0.55000001192092896,28.785641818999999,24.887085869,18.148387516
1899,O,oc23,-0.55000001192092896,25.240387771000002,28.140461546000001,16.991317149
1900,O,oc23,-0.55000001192092896,31.102326830999999,27.367522793999999,21.460929309000001
1901,O,oc23,-0.55000001192092896,28.311996781000001,27.924250631,13.192597694
1902,Si,sc4,1.1000000238418579,33.175929265000001,25.928275657,14.150062389
1903,Si,sc4,1.1000000238418579,27.503011061999999,26.303641578000001,21.627731867000001
1904,Si,sc4,1.1000000238418579,30.315908573000002,25.258007577000001,18.343658617999999
1905,Si,sc4,1.1000000238418579,25.708463463000001,27.620717978999998,18.41770258
1906,Si,sc4,1.1000000238418579,31.456934895,27.80706541,23.011821035000001
1907,Si,sc4,1.1000000238418579,28.739314751999999,27.788795465,14.734426059
1908,Si,sc4,1.1000000238418579,28.244838344000001,28.918483449,23.132800668000002
1909,Si,sc4,1.1000000238418579,25.875408177000001,28.442292855000002,15.555861634999999
1910,Si,sc4,1.1000000238418579,31.325850306,27.672681718,19.841065328999999
1911,Si,sc4,1.1000000238418579,27.402836710999999,25.179385051000001,18.846079496000002
1912,Si,sc4,1.1000000238418579,33.543089631999997,25.214400575999999,23.235978382999999
1913,Si,sc4,1.1000000238418579,30.430366224,25.283905430000001,15.325186857
1914,O,oc23,-0.55000001192092896,28.365586686,29.959987907999999,11.445111234000001
1915,O,oc23,-0.55000001192092896,31.543317814000002,29.218923855,6.9027119470000002
1916,O,oc23,-0.55000001192092896,27.066124423000002,33.755420493999999,7.777237103
1917,O,oc23,-0.55000001192092896,32.767642397000003,33.766680217999998,10.748356996
1918,O,oc23,-0.55000001192092896,29.40570829,34.030921515999999,2.147701573
1919,O,oc23,-0.55000001192092896,30.346803096999999,33.218909552,11.562931669999999
1920,O,oc23,-0.55000001192092896,27.593338785,33.357162291999998,3.8908951740000002
1921,O,oc23,-0.55000001192092896,33.130916821,32.357261340999997,7.7205003999999997
1922,O,oc23,-0.55000001192092896,28.36603908,30.642119195999999,8.8886976109999996
1923,O,oc23,-0.55000001192092896,30.813749897000001,29.865988475999998,4.418628354
1924,O,oc23,-0.55000001192092896,28.040956699999999,32.470605071000001,10.677591128
1925,O,oc23,-0.55000001192092896,25.111718791000001,32.795102464999999,3.4774422550000001
1926,O,oc23,-0.55000001192092896,30.854193094999999,31.711177003,6.490933676
1927,O,oc23,-0.55000001192092896,26.981555922999998,31.274997394,6.7641001259999998
1928,O,oc23,-0.55000001192092896,31.955671127999999,31.267201589999999,10.882983682000001
1929,O,oc23,-0.55000001192092896,29.429025995,31.564070562000001,3.168915675
1930,O,oc23,-0.55000001192092896,32.060041611999999,30.842422959,2.192743541
1931,O,oc23,-0.55000001192092896,26.142915124000002,30.732176387999999,10.260045295999999
1932,O,oc23,-0.55000001192092896,29.102925501000001,29.772455795999999,6.4777931219999996
1933,O,oc23,-0.55000001192092896,25.772854481,33.461284323000001,5.7469481150000004
1934,O,oc23,-0.55000001192092896,30.993354056000001,32.788697245999998,9.0195083189999998
1935,O,oc23,-0.55000001192092896,26.850338979,31.974838817999998,1.979449062
1936,Si,sc4,1.1000000238418579,33.675584428999997,31.414389794000002,2.7397397090000002
1937,Si,sc4,1.1000000238418579,27.737909987999998,30.946887488000002,10.326993573999999
1938,Si,sc4,1.1000000238418579,30.592441377,30.167668526,6.038820995
1939,Si,sc4,1.1000000238418579,26.189666537000001,32.662255428999998,7.0353077319999997
1940,Si,sc4,1.1000000238418579,31.508801768000001,32.769870976,10.550063964
1941,Si,sc4,1.1000000238418579,28.363696771000001,32.697559976000001,2.644181251
1942,Si,sc4,1.1000000238418579,28.767003851999998,33.406207375000001,11.732876104000001
1943,Si,sc4,1.1000000238418579,26.075655769000001,33.786222197999997,4.2545411409999998
1944,Si,sc4,1.1000000238418579,31.600967612000002,32.734284025999997,7.5317217239999996
1945,Si,sc4,1.1000000238418579,27.885879301999999,30.121989461999998,7.4671154140000002
1946,Si,sc4,1.1000000238418579,33.205074228000001,30.294892840999999,11.134451989
1947,Si,sc4,1.1000000238418579,30.458837102,30.311224203999998,2.8680906610000001
1948,O,oc23,-0.55000001192092896,28.469293087,30.294251756000001,22.397558634999999
1949,O,oc23,-0.55000001192092896,31.059910463000001,29.214277022000001,19.38576656
1950,O,oc23,-0.55000001192092896,26.614213432,33.745157141999996,19.119450812
1951,O,oc23,-0.55000001192092896,32.482617926000003,34.031821766,22.713608282999999
1952,O,oc23,-0.55000001192092896,29.982875571000001,33.738342627000002,14.987335949
1953,O,oc23,-0.55000001192092896,29.849788147999998,33.306442584000003,23.683579235
1954,O,oc23,-0.55000001192092896,27.465239130000001,33.208219767000003,15.622963115999999
1955,O,oc23,-0.55000001192092896,32.815342848999997,32.258557318000001,19.402379301
1956,O,oc23,-0.55000001192092896,27.820433503,30.961340104000001,20.125168947999999
1957,O,oc23,-0.55000001192092896,30.936034844999998,30.284063446000001,16.848919277
1958,O,oc23,-0.55000001192092896,27.781955268000001,32.839302117999999,21.986065849999999
1959,O,oc23,-0.55000001192092896,25.242573576000002,32.435859204000003,14.442095875
1960,O,oc23,-0.55000001192092896,30.3796514,31.698721771999999,18.973591314
1961,O,oc23,-0.55000001192092896,26.522807563000001,31.245377288,18.102474647000001
1962,O,oc23,-0.55000001192092896,32.501823653999999,31.524401395999998,23.730199267
1963,O,oc23,-0.55000001192092896,29.163222050000002,31.250909372999999,15.101822381
1964,O,oc23,-0.55000001192092896,31.592943934000001,30.721648406,14.305468985999999
1965,O,oc23,-0.55000001192092896,25.989167238,30.853071477,21.976754957000001
1966,O,oc23,-0.55000001192092896,28.791611193000001,29.864377282,18.141560893000001
1967,O,oc23,-0.55000001192092896,25.236392115000001,33.119138917999997,16.994789574999999
1968,O,oc23,-0.55000001192092896,31.102465118000001,32.334926197999998,21.459976697999998
1969,O,oc23,-0.55000001192092896,28.305319541999999,32.911369505000003,13.19202011
1970,Si,sc4,1.1000000238418579,33.172166388000001,30.913154466999998,14.137739632000001
1971,Si,sc4,1.1000000238418579,27.507492757000001,31.283749577999998,21.617451468999999
1972,Si,sc4,1.1000000238418579,30.322327156,30.234671315,18.334969390000001
1973,Si,sc4,1.1000000238418579,25.705549476000002,32.596495085999997,18.417078099000001
1974,Si,sc4,1.1000000238418579,31.453106103,32.776587888999998,23.012545205999999
1975,Si,sc4,1.1000000238418579,28.732115987,32.769261186999998,14.734356888000001
1976,Si,sc4,1.1000000238418579,28.236557830999999,33.886735598000001,23.135070267
1977,Si,sc4,1.1000000238418579,25.869775486999998,33.423157019999998,15.558263368
1978,Si,sc4,1.1000000238418579,31.323324165999999,32.647344517999997,19.839867027
1979,Si,sc4,1.1000000238418579,27.409292233999999,30.158743921999999,18.838537978000002
1980,Si,sc4,1.1000000238418579,33.549463342000003,30.193273989000001,23.241293507000002
1981,Si,sc4,1.1000000238418579,30.429693336,30.264787654999999,15.314219651
1982,O,oc23,-0.55000001192092896,34.124452959000003,0.499423858,3.8858652970000001
1983,O,oc23,-0.55000001192092896,33.891710013999997,0.111676337,15.201214295
1984,O,oc23,-0.55000001192092896,33.618470295000002,0.54472135200000005,12.685867311999999
1985,O,oc23,-0.55000001192092896,0.75149091999999995,5.4783825390000001,3.8936184890000001
1986,O,oc23,-0.55000001192092896,0.51987175299999999,5.0821613450000003,15.20470613
1987,O,oc23,-0.55000001192092896,33.611394369000003,5.5173039470000003,12.687985171999999
1988,O,oc23,-0.55000001192092896,0.76080883499999996,10.457502991,3.8951117009999998
1989,O,oc23,-0.55000001192092896,0.51583921600000004,10.056649494,15.206382717
1990,O,oc23,-0.55000001192092896,33.610578425999996,10.49424703,12.692681452
1991,O,oc23,-0.55000001192092896,0.76521852199999996,15.432499610000001,3.9032632239999998
1992,O,oc23,-0.55000001192092896,0.51223878599999995,15.031799101000001,15.211600710000001
1993,O,oc23,-0.55000001192092896,33.611424106000001,15.465019746999999,12.696245791000001
1994,O,oc23,-0.55000001192092896,0.77736684099999998,20.410397003,3.8970943349999998
1995,O,oc23,-0.55000001192092896,0.52775479400000003,20.009325797999999,15.198986842
1996,O,oc23,-0.55000001192092896,33.627452617000003,20.471030596999999,12.688478444999999
1997,O,oc23,-0.55000001192092896,0.78033593400000001,25.382500637,3.887980395
1998,O,oc23,-0.55000001192092896,0.53730889100000001,24.994321798000001,15.204124192
1999,O,oc23,-0.55000001192092896,33.639505647,25.440510279000002,12.690673651999999
2000,O,oc23,-0.55000001192092896,0.76912613500000004,30.361993897000001,3.8838127720000002
2001,O,oc23,-0.55000001192092896,0.52937768500000004,29.979928728000001,15.196470954
2002,O,oc23,-0.55000001192092896,33.631064873,30.421145233000001,12.677068953999999
2003,O,oc23,-0.55000001192092896,33.442670919000001,2.9302367290000002,3.4775025240000002
2004,O,oc23,-0.55000001192092896,33.582008307000002,2.5761372580000002,14.432438833999999
2005,O,oc23,-0.55000001192092896,33.444991172000002,7.9098589590000001,3.484283134
2006,O,oc23,-0.55000001192092896,33.583391296999999,7.549861205,14.43190901
2007,O,oc23,-0.55000001192092896,33.447890927000003,12.886201282,3.4879423109999999
2008,O,oc23,-0.55000001192092896,33.569996275999998,12.525034905,14.440016641
2009,O,oc23,-0.55000001192092896,33.459294921000001,17.863911286,3.4894354970000001
2010,O,oc23,-0.55000001192092896,33.568304199000004,17.499620773,14.434985043999999
2011,O,oc23,-0.55000001192092896,33.463471532,22.837308698000001,3.4831142470000001
2012,O,oc23,-0.55000001192092896,33.548490356000002,22.485148059,14.451143392000001
2013,O,oc23,-0.55000001192092896,0.095903185000000002,27.811481439000001,3.472128294
2014,O,oc23,-0.55000001192092896,0.20415538699999999,27.467565783000001,14.441112702
2015,O,oc23,-0.55000001192092896,33.449816272,32.792026159999999,3.4710738220000001
2016,O,oc23,-0.55000001192092896,33.576376064999998,32.449741336999999,14.429224351
