id,element,ff_type,charge,x,y,z
1,O,oc23,-0.55000001192092896,3.0083744320000001,0.36957975500000001,11.015628026
2,O,oc23,-0.55000001192092896,8.8419831969999994,0.35064223500000002,3.2385724690000002
3,O,oc23,-0.55000001192092896,5.9618213889999998,0.31241796500000002,6.9660882859999997
4,O,oc23,-0.55000001192092896,1.9810659079999999,4.1777059540000003,6.8752591379999997
5,O,oc23,-0.55000001192092896,7.2576344989999999,4.2124088019999997,10.839236311000001
6,O,oc23,-0.55000001192092896,4.6989637609999999,4.181925841,3.2737532499999999
7,O,oc23,-0.55000001192092896,4.8556177209999998,3.5946870889999998,11.438370953
8,O,oc23,-0.55000001192092896,2.325861637,3.4482435229999999,3.4279744120000002
9,O,oc23,-0.55000001192092896,7.7656941899999996,3.4204827,7.498059971
10,O,oc23,-0.55000001192092896,2.81282166,1.153483915,8.444582123
11,O,oc24,-0.67500001192092896,8.8046893730000004,1.3429287459999999,0.78340049499999997
12,O,oc23,-0.55000001192092896,5.7407609559999999,1.0858940180000001,4.4779396880000002
13,O,oc23,-0.55000001192092896,2.4310326080000002,2.8710140100000001,10.487167879999999
14,O,oc23,-0.55000001192092896,5.5024725270000001,2.8225362469999999,6.3863545430000004
15,O,oc23,-0.55000001192092896,1.122767659,1.656183585,6.4826517900000002
16,O,oc23,-0.55000001192092896,6.4863767320000001,1.6583465369999999,10.725716104
17,O,oc23,-0.55000001192092896,4.1010546120000004,1.6951749190000001,2.480209973
18,O,oc23,-0.55000001192092896,6.5451393800000002,0.93578871299999999,2.03685026
19,O,oc23,-0.55000001192092896,0.65603963499999995,0.96508470199999996,10.024633975
20,O,oc23,-0.55000001192092896,3.6201374209999999,1.063015166,5.9658680300000002
21,O,oc23,-0.55000001192092896,0.23118059399999999,3.5658796100000001,4.9227293999999997
22,O,oc23,-0.55000001192092896,5.6038723240000001,3.3653092459999998,8.9736284140000002
23,O,oc24,-0.67500001192092896,3.3592458299999999,3.778622162,1.068631557
24,Si,sc4,1.1000000238418579,8.0463530999999993,1.4164472720000001,2.1868322889999998
25,Si,sc4,1.1000000238418579,2.2199891680000001,1.325456754,9.9693038699999992
26,Si,sc4,1.1000000238418579,5.2030512819999997,1.2995439499999999,5.9784032869999999
27,Si,sc4,1.1000000238418579,0.73647110900000001,3.237558945,6.4457542349999999
28,Si,sc4,1.1000000238418579,6.0475951940000003,3.227270114,10.502576214999999
29,Si,sc4,1.1000000238418579,3.6448440820000001,3.22653839,2.5912206580000001
30,Si,sc4,1.1000000238418579,3.2432568640000001,3.8751234779999999,11.548380106
31,Si,sc4,1.1000000238418579,0.79553425700000002,3.8774953449999998,3.4490465499999998
32,Si,sc4,1.1000000238418579,6.229323977,3.7283660190000001,7.491233083
33,Si,sc4,1.1000000238418579,2.3638231269999999,0.72339435299999999,6.939105777
34,Si,sc4,1.1000000238418579,7.7343446919999996,0.70215564399999997,11.074339361
35,Si,sc4,1.1000000238418579,5.2755354299999997,0.69912065199999995,3.00103813
36,H,hoy,0.40000000596046448,4.0179302249999997,3.2867529119999999,0.56851889700000002
37,H,hoy,0.40000000596046448,9.6698415410000003,1.6742842389999999,0.89009933600000002
38,O,oc23,-0.55000001192092896,2.544751904,0.34575922399999998,22.906975337999999
39,O,oc23,-0.55000001192092896,8.4906093069999997,0.23352895800000001,15.106909975000001
40,O,oc23,-0.55000001192092896,5.2762379230000001,0.359012369,19.163341031000002
41,O,oc23,-0.55000001192092896,1.2809579499999999,4.1807762850000003,19.016793275000001
42,O,oc23,-0.55000001192092896,6.80539614,4.1626744279999999,22.897157175
43,O,oc23,-0.55000001192092896,4.2952053819999998,4.1423773989999999,15.070824786999999
44,O,oc23,-0.55000001192092896,4.3651521969999996,3.4045437949999999,23.343307128999999
45,O,oc23,-0.55000001192092896,1.888248267,3.3959647450000001,15.520549739
46,O,oc23,-0.55000001192092896,7.18788669,3.4175880240000001,19.459236471000001
47,O,oc23,-0.55000001192092896,2.2080358410000001,0.86499024599999996,20.326242064999999
48,O,oc23,-0.55000001192092896,8.1771660619999995,0.92829061899999998,12.610504005999999
49,O,oc23,-0.55000001192092896,5.2441859309999996,1.151181687,16.685660682999998
50,O,oc23,-0.55000001192092896,2.0303797260000001,2.8008786680000002,22.205894178000001
51,O,oc23,-0.55000001192092896,4.7405979169999997,2.8734555159999999,18.531502431
52,O,oc23,-0.55000001192092896,0.43714936700000001,1.7483610759999999,18.495612947000001
53,O,oc23,-0.55000001192092896,6.1208813390000003,1.780027893,22.395808877
54,O,oc23,-0.55000001192092896,3.635262912,1.6915828180000001,14.741382503000001
55,O,oc23,-0.55000001192092896,6.048329528,0.95779552400000001,14.202323313999999
56,O,oc23,-0.55000001192092896,0.165306447,0.946983884,21.886723471
57,O,oc23,-0.55000001192092896,2.9663054469999999,1.086416826,17.933474195999999
58,O,oc23,-0.55000001192092896,-0.27898458700000001,3.5732041259999998,16.991372348999999
59,O,oc23,-0.55000001192092896,5.1751067849999997,3.662102371,20.960876719000002
60,O,oc23,-0.55000001192092896,2.6723598659999999,3.5355380040000002,13.054507023999999
61,Si,sc4,1.1000000238418579,7.6616257149999996,1.177408384,14.120076097
62,Si,sc4,1.1000000238418579,1.759538804,1.276770076,21.803955989999999
63,Si,sc4,1.1000000238418579,4.5887499639999998,1.3529036839999999,18.064028442000001
64,Si,sc4,1.1000000238418579,0.058699644000000002,3.2510210060000002,18.500945409
65,Si,sc4,1.1000000238418579,5.6385611520000003,3.213145967,22.415898617
66,Si,sc4,1.1000000238418579,3.1334450610000002,3.1948705340000001,14.598539569
67,Si,sc4,1.1000000238418579,2.7546271760000001,3.6728090330000001,23.334463613
68,Si,sc4,1.1000000238418579,0.32967489500000002,3.8365167150000001,15.468406129
69,Si,sc4,1.1000000238418579,5.6302486490000003,3.8334131239999998,19.447077606000001
70,Si,sc4,1.1000000238418579,1.722177318,0.77197709299999995,18.816928652000001
71,Si,sc4,1.1000000238418579,7.308984154,0.79136778200000002,22.916078501000001
72,Si,sc4,1.1000000238418579,4.8699760420000002,0.77061654300000004,15.18232982
73,O,oc24,-0.67500001192092896,7.850634157,1.2365574699999999,24.388459964999999
74,O,oc24,-0.67500001192092896,2.249604325,3.2916514430000001,24.819069824
75,O,oc24,-0.89999997615814209,7.5275729269999996,6.0000045999999996,24.62785495
76,O,oc24,-0.67500001192092896,2.3238914720000001,8.7139361139999991,25.057554104000001
77,O,oc24,-0.67500001192092896,7.6739780509999997,10.932737768999999,24.644693282999999
78,O,oc24,-0.67500001192092896,2.3208198059999998,13.909703318,24.823361758000001
79,O,oc24,-0.67500001192092896,7.5169559279999998,15.839906327,24.647163808999998
80,O,oc24,-0.67500001192092896,2.3455602980000001,18.694424496,25.228094063
81,O,oc24,-0.89999997615814209,7.4973577650000003,20.997206045999999,24.657956619
82,O,oc24,-0.67500001192092896,2.243393331,23.686299734999999,24.998583121999999
83,O,oc24,-0.67500001192092896,7.5849345689999996,25.859838173,24.380658914000001
84,O,oc24,-0.67500001192092896,2.3443254630000001,28.743791087999998,24.942603898000002
85,O,oc24,-0.89999997615814209,7.6100412329999996,30.723448357999999,24.696512334000001
86,O,oc24,-0.67500001192092896,2.2130776710000002,33.638544760999999,25.014902159999998
87,O,oc24,-0.67500001192092896,15.998715732000001,0.96477080900000001,24.481890432
88,O,oc24,-0.67500001192092896,10.339157084,3.2566357410000002,24.763024719000001
89,O,oc24,-0.67500001192092896,15.974641911999999,5.7833560540000004,24.725771118000001
90,O,oc24,-0.67500001192092896,10.485695542,8.7671919109999994,24.953981884000001
91,O,oc24,-0.89999997615814209,16.056109214999999,11.095677349000001,24.593784935999999
92,O,oc24,-0.67500001192092896,10.840406771,13.674327207999999,25.164377730999998
93,O,oc24,-0.67500001192092896,15.712848822,15.867528912999999,24.665693727000001
94,O,oc24,-0.67500001192092896,10.577479344,18.439690957,25.200592743000001
95,O,oc24,-0.67500001192092896,15.995577399,20.805631522999999,24.692156455999999
96,O,oc24,-0.67500001192092896,10.458151048,23.427036313999999,24.907884765999999
97,O,oc24,-0.89999997615814209,15.739859978,25.717230961999999,24.502695171999999
98,O,oc24,-0.67500001192092896,10.591167013,28.405355689,25.215871254
99,O,oc24,-0.67500001192092896,15.732347482,31.010860031,24.604707569999999
100,O,oc24,-0.67500001192092896,10.642116665,33.435567192000001,25.094288411000001
101,O,oc24,-0.67500001192092896,23.885537057000001,1.3226317169999999,24.567583792000001
102,O,oc24,-0.67500001192092896,19.070588489999999,3.3287594180000002,24.935192318999999
103,O,oc24,-0.67500001192092896,24.200617379000001,6.1139082690000004,24.673626539000001
104,O,oc24,-0.67500001192092896,18.785123573,8.5227815020000008,25.161062382000001
105,O,oc24,-0.89999997615814209,23.973146697000001,11.339459971,24.573435548999999
106,O,oc24,-0.67500001192092896,18.652975276999999,13.519407491000001,24.820110351
107,O,oc24,-0.67500001192092896,24.547783525,16.021122379000001,24.430071382000001
108,O,oc24,-0.67500001192092896,18.958939857000001,18.485168027,24.993837772999999
109,O,oc24,-0.67500001192092896,24.551121858999998,21.264840891999999,24.459200341999999
110,O,oc24,-0.67500001192092896,18.877974049999999,23.539099239999999,24.961718991000001
111,O,oc24,-0.67500001192092896,24.180451301000002,26.057479561000001,24.509261928000001
112,O,oc24,-0.67500001192092896,18.672907770999998,28.536593631999999,24.955152235
113,O,oc24,-0.67500001192092896,24.036483261000001,31.020136505,24.476298323000002
114,O,oc24,-0.89999997615814209,18.940243193000001,33.311234374999998,25.304228906999999
115,O,oc24,-0.89999997615814209,27.236065226000001,3.4932331240000001,25.093247883
116,O,oc24,-0.67500001192092896,27.347680526000001,8.2407060100000002,24.895855724
117,O,oc24,-0.67500001192092896,27.468276991,14.061309488999999,25.079205604999999
118,O,oc24,-0.67500001192092896,27.555686131000002,18.736030912,24.887858969
119,O,oc24,-0.89999997615814209,27.291188542,23.426080603999999,24.937922492999999
120,O,oc24,-0.67500001192092896,27.136302754999999,28.822226924999999,24.964838636
121,O,oc24,-0.67500001192092896,27.525369974,33.667282602,25.030376374999999
122,O,oc24,-0.67500001192092896,32.739849692999996,1.0564244519999999,24.376173213000001
123,O,oc24,-0.67500001192092896,32.678515881000003,5.9709871650000004,24.664263728000002
124,O,oc24,-0.89999997615814209,32.710635533999998,10.998513946999999,24.478509202000001
125,O,oc24,-0.67500001192092896,32.692205540000003,16.126621615000001,24.283913096999999
126,O,oc24,-0.67500001192092896,32.509607097999996,20.876151436000001,24.732467698000001
127,O,oc24,-0.67500001192092896,32.900812145000003,25.963872921,24.425975151999999
128,O,oc24,-0.67500001192092896,32.650470884999997,31.176972840000001,24.480200786000001
129,H,hoy,0.40000000596046448,32.543835276000003,25.3218976,25.012507386999999
130,H,hoy,0.40000000596046448,27.401909286999999,32.768748111999997,25.267254897000001
131,H,hoy,0.40000000596046448,10.556741832,34.321542340000001,25.433223439999999
132,H,hoy,0.40000000596046448,31.889870391999999,31.163887466999999,25.023100137
133,H,hoy,0.40000000596046448,15.389383914,30.346310653,25.180319672
134,H,hoy,0.40000000596046448,27.445725837000001,28.021274723000001,25.345244138999998
135,H,hoy,0.40000000596046448,9.9047265860000007,27.786743091000002,25.055171035000001
136,H,hoy,0.40000000596046448,7.303875165,26.741644461,24.578559776999999
137,H,hoy,0.40000000596046448,24.447040708999999,30.282088761000001,24.902270345000002
138,H,hoy,0.40000000596046448,24.905900635999998,25.486626331,24.678737747
139,H,hoy,0.40000000596046448,28.166532536999998,19.397073192000001,25.194306874999999
140,H,hoy,0.40000000596046448,24.678916570999998,15.204467008,24.876006867000001
141,H,hoy,0.40000000596046448,26.409518878,8.2026313080000008,24.847670369999999
142,H,hoy,0.40000000596046448,24.370987508999999,0.60808774899999996,24.981614552
143,H,hoy,0.40000000596046448,15.331918191,21.39309536,25.032343050000001
144,H,hoy,0.40000000596046448,32.782440342999998,15.330804488,24.772225267
145,H,hoy,0.40000000596046448,32.059224258,6.6047842660000002,24.990532625
146,H,hoy,0.40000000596046448,2.1124670339999998,24.588928968000001,25.253619634
147,H,hoy,0.40000000596046448,3.0453543550000002,14.275117830999999,25.303015388999999
148,H,hoy,0.40000000596046448,18.032286298999999,9.0778014030000005,25.252040203
149,H,hoy,0.40000000596046448,19.280265736,13.865025058000001,25.435145082999998
150,H,hoy,0.40000000596046448,9.9081974030000008,19.091770194999999,25.334542221
151,H,hoy,0.40000000596046448,10.204367968,9.6447046069999995,25.076332542999999
152,H,hoy,0.40000000596046448,7.1682094349999996,1.8088787049999999,24.710764982000001
153,H,hoy,0.40000000596046448,15.754129696,4.9830768909999996,25.152165129
154,H,hoy,0.40000000596046448,18.569746436999999,22.634196663000001,25.207524988999999
155,H,hoy,0.40000000596046448,7.420947698,10.185426997,25.157270034
156,H,hoy,0.40000000596046448,2.9709609210000001,3.4167691119999999,25.368915988000001
157,H,hoy,0.40000000596046448,2.4819473759999999,34.437610646000003,25.426701406999999
158,H,hoy,0.40000000596046448,9.8208734960000008,24.11136217,24.991296395999999
159,H,hoy,0.40000000596046448,18.229035098000001,29.358036167000002,25.114975757
160,H,hoy,0.40000000596046448,23.834420618999999,21.681862797000001,24.905333304999999
161,H,hoy,0.40000000596046448,19.038427762000001,19.311064508000001,25.426751332999999
162,H,hoy,0.40000000596046448,8.0709568330000003,15.131451069000001,24.925472293999999
163,H,hoy,0.40000000596046448,9.6816087920000005,2.5859508340000001,24.545213578999999
164,H,hoy,0.40000000596046448,2.0907116459999999,7.8228561250000004,25.168314811999998
165,H,hoy,0.40000000596046448,24.897467511999999,6.7655755790000001,24.771146965
166,H,hoy,0.40000000596046448,18.601585303,4.0740006800000002,25.268527034000002
167,H,hoy,0.40000000596046448,28.042034772000001,14.716853379,25.424016278
168,H,hoy,0.40000000596046448,2.3407062609999998,17.780602071000001,25.443026960000001
169,H,hoy,0.40000000596046448,11.325447307999999,14.413921176000001,25.509570971999999
170,H,hoy,0.40000000596046448,16.652918327999998,15.908941378,24.789852249999999
171,H,hoy,0.40000000596046448,32.199212817999999,21.743601239,24.912606450999998
172,H,hoy,0.40000000596046448,2.47103933,29.606053042999999,25.286211793
173,H,hoy,0.40000000596046448,16.688813048,0.35420586700000001,24.684882730000002
174,H,hoy,0.40000000596046448,32.612129287999998,0.29265836499999998,24.910400528
175,O,oc23,-0.55000001192092896,2.9886747759999999,5.3504767930000003,11.104767528
176,O,oc23,-0.55000001192092896,8.9050861769999994,5.4638919540000002,3.193281421
177,O,oc23,-0.55000001192092896,5.918985234,5.2835843200000001,7.1891627790000001
178,O,oc23,-0.55000001192092896,1.955124412,9.1811689909999998,6.9337747690000002
179,O,oc23,-0.55000001192092896,7.2852128240000003,9.2232971760000009,10.994497758
180,O,oc23,-0.55000001192092896,4.8759840499999996,9.1080693349999997,2.982859173
181,O,oc23,-0.55000001192092896,4.850777882,8.5160504709999998,11.568080374999999
182,O,oc23,-0.55000001192092896,2.4175439449999998,8.4899287520000009,3.4342485809999999
183,O,oc23,-0.55000001192092896,7.693677707,8.4970090139999996,7.6570276929999999
184,O,oc23,-0.55000001192092896,2.8917506350000002,6.0743598280000004,8.5857354109999999
185,O,oc24,-0.67500001192092896,8.6002897659999995,6.3386473560000001,0.61884484200000001
186,O,oc23,-0.55000001192092896,5.7613621119999996,6.0611763209999996,4.7202004840000003
187,O,oc23,-0.55000001192092896,2.5814447280000001,7.928881359,10.441004882
188,O,oc23,-0.55000001192092896,5.4369317160000001,7.8078974270000003,6.6488034149999997
189,O,oc23,-0.55000001192092896,1.239289963,6.7650408799999999,6.650623854
190,O,oc23,-0.55000001192092896,6.4591645790000003,6.6459049669999999,10.825062271
191,O,oc23,-0.55000001192092896,4.076548947,6.6783731470000003,2.8098414209999998
192,O,oc23,-0.55000001192092896,6.5047072229999996,5.8654172520000003,2.2292105379999998
193,O,oc23,-0.55000001192092896,0.694268789,6.0334144580000002,10.084840221
194,O,oc23,-0.55000001192092896,3.6299534179999999,6.0330319660000002,6.1414929130000004
195,O,oc23,-0.55000001192092896,0.32693656599999998,8.4486008899999998,4.8731410889999998
196,O,oc23,-0.55000001192092896,5.573621341,8.3377654729999993,9.1381228490000002
197,O,oc24,-0.89999997615814209,3.395171484,8.5061119119999997,0.91106852299999996
198,Si,sc4,1.1000000238418579,8.0269201120000009,6.3816839600000002,2.2140095340000001
199,Si,sc4,1.1000000238418579,2.2767816509999999,6.3737680350000003,10.028665293
200,Si,sc4,1.1000000238418579,5.2227171070000002,6.2949497059999997,6.1875057419999999
201,Si,sc4,1.1000000238418579,0.72528594700000004,8.2777453859999994,6.4462226659999997
202,Si,sc4,1.1000000238418579,6.1092275159999998,8.2271753499999996,10.614275983000001
203,Si,sc4,0.72500002384185791,3.6866792350000002,8.1946697529999994,2.50782295
204,Si,sc4,1.1000000238418579,3.3138723419999998,8.7879441889999992,11.556442742
205,Si,sc4,1.1000000238418579,0.82060808500000004,8.7460218009999995,3.4003485979999999
206,Si,sc4,1.1000000238418579,6.074504857,8.7511833669999994,7.7234751670000001
207,Si,sc4,1.1000000238418579,2.4115011119999998,5.7098364889999997,7.0891011280000003
208,Si,sc4,1.1000000238418579,7.6868657139999996,5.690235844,11.099760593999999
209,Si,sc4,1.1000000238418579,5.268691596,5.6909696470000002,3.240945628
210,H,hoy,0.40000000596046448,8.4027341349999993,7.1680849489999998,0.20987315100000001
211,O,oc23,-0.55000001192092896,2.4505979349999998,5.2401631450000004,23.126214701999999
212,O,oc23,-0.55000001192092896,8.3664073420000005,5.2134489789999998,15.116532434
213,O,oc23,-0.55000001192092896,5.5305523479999996,5.3490112659999998,18.904181833999999
214,O,oc23,-0.55000001192092896,1.317217935,9.2327139660000004,18.968159750000002
215,O,oc23,-0.55000001192092896,6.753244488,9.0425010330000006,22.906975337999999
216,O,oc23,-0.55000001192092896,4.5322579809999999,9.1289941510000006,14.914783428
217,O,oc23,-0.55000001192092896,4.324152872,8.4030178029999991,23.426919433999998
218,O,oc23,-0.55000001192092896,2.0099128990000001,8.6022296960000002,15.509887722
219,O,oc23,-0.55000001192092896,7.225815345,8.3595280289999998,19.418403996999999
220,O,oc23,-0.55000001192092896,2.286864317,5.9272520980000003,20.700287524
221,O,oc23,-0.55000001192092896,8.2168300530000007,5.8626275530000003,12.590673913
222,O,oc23,-0.55000001192092896,5.2603114309999999,6.126150097,16.530658883000001
223,O,oc23,-0.55000001192092896,1.8698849399999999,7.7249278109999997,22.760036174
224,O,oc23,-0.55000001192092896,4.8266045589999997,7.8357632280000002,18.460374519999998
225,O,oc23,-0.55000001192092896,0.67373529499999996,6.7124482089999997,18.669859664000001
226,O,oc23,-0.55000001192092896,5.9822553799999998,6.5693171499999998,22.649246139999999
227,O,oc23,-0.55000001192092896,3.6328589139999998,6.5928923859999999,14.64216616
228,O,oc23,-0.55000001192092896,6.0866581860000002,5.7466659099999999,14.07625477
229,O,oc23,-0.55000001192092896,0.12173595700000001,5.8249978090000001,22.201472420000002
230,O,oc23,-0.55000001192092896,3.1002905730000001,5.8709280489999998,18.165130135999998
231,O,oc23,-0.55000001192092896,-0.19377894600000001,8.5708071340000007,17.044166046000001
232,O,oc23,-0.55000001192092896,5.0896991519999997,8.4729099300000001,20.939810394999999
233,O,oc23,-0.55000001192092896,2.7462470109999999,8.4211549990000005,13.019982627999999
234,Si,sc4,1.1000000238418579,7.6218602310000003,6.1666402180000004,14.050832568000001
235,Si,sc4,1.1000000238418579,1.6993741550000001,6.2368108979999999,22.191654257
236,Si,sc4,1.1000000238418579,4.6795646040000003,6.3253599109999996,17.975345261000001
237,Si,sc4,1.1000000238418579,0.20293460199999999,8.2739079919999998,18.517783741999999
238,Si,sc4,1.1000000238418579,5.5369623480000003,8.1170363180000003,22.453935036000001
239,Si,sc4,1.1000000238418579,3.260819191,8.1822200489999997,14.519673581999999
240,Si,sc4,1.1000000238418579,2.7218070189999999,8.7882227430000004,23.498047344
241,Si,sc4,1.1000000238418579,0.37668421800000002,8.8771209879999997,15.547857292
242,Si,sc4,1.1000000238418579,5.6394626519999997,8.7199707590000006,19.507608411
243,Si,sc4,1.1000000238418579,1.8253791189999999,5.6822159819999998,19.172378312999999
244,Si,sc4,0.72500002384185791,7.1903563620000002,5.6388987449999997,23.022446775999999
245,Si,sc4,1.1000000238418579,4.8431638929999998,5.637050726,15.069524612
246,O,oc23,-0.55000001192092896,3.027905928,10.290498101000001,11.190135358999999
247,O,oc23,-0.55000001192092896,8.9718608280000005,10.459087755000001,3.1000984909999998
248,O,oc23,-0.55000001192092896,5.760526284,10.255554117000001,7.4298569700000003
249,O,oc23,-0.55000001192092896,1.930751087,14.170540102,6.9565956519999999
250,O,oc23,-0.55000001192092896,7.2348303410000003,14.174899265000001,10.830589467999999
251,O,oc23,-0.55000001192092896,4.9210251969999996,14.160634802000001,3.0455228660000002
252,O,oc23,-0.55000001192092896,4.8038004010000002,13.432706498,11.460932188999999
253,O,oc23,-0.55000001192092896,2.4222524399999998,13.751507473,3.5248502949999998
254,O,oc23,-0.55000001192092896,7.9216158070000002,13.635371213000001,7.4744586919999998
255,O,oc23,-0.55000001192092896,2.8192326560000001,10.859567436000001,8.6773444709999996
256,O,oc24,-0.67500001192092896,8.678849584,11.227576858000001,0.62031813499999999
257,O,oc23,-0.55000001192092896,5.7395251250000001,10.709846702,4.8166212570000004
258,O,oc23,-0.55000001192092896,2.4766070930000001,12.800546745,10.396728203
259,O,oc23,-0.55000001192092896,5.5909508299999997,12.788446273,6.4334791090000003
260,O,oc23,-0.55000001192092896,1.1548196509999999,11.718663526,6.6894392160000002
261,O,oc23,-0.55000001192092896,6.4866772319999999,11.698017264000001,10.590999748
262,O,oc23,-0.55000001192092896,4.032576465,11.685671499,3.1489655050000001
263,O,oc23,-0.55000001192092896,6.6036333689999998,11.155383542999999,2.2920888279999998
264,O,oc23,-0.55000001192092896,0.66512129799999997,11.000465905,10.161950681
265,O,oc23,-0.55000001192092896,3.6120249200000001,11.087933960999999,6.242003134
266,O,oc23,-0.55000001192092896,0.23632192699999999,13.572314056,4.9044077819999998
267,O,oc23,-0.55000001192092896,5.6731166460000004,13.445505433999999,8.9063361170000004
268,O,oc24,-0.67500001192092896,3.1829917170000002,13.339378412,1.1740702359999999
269,Si,sc4,1.1000000238418579,8.1684853969999995,11.492284295999999,2.1899790619999999
270,Si,sc4,1.1000000238418579,2.2462988259999999,11.276577429,10.093551975
271,Si,sc4,1.1000000238418579,5.1414508000000003,11.245190206,6.2196826539999996
272,Si,sc4,1.1000000238418579,0.69807478899999997,13.251353247000001,6.5112270619999997
273,Si,sc4,1.1000000238418579,6.0343393689999996,13.226485021,10.454984186000001
274,Si,sc4,1.1000000238418579,3.6621735700000002,13.187495766,2.7581592189999999
275,Si,sc4,1.1000000238418579,3.19587938,13.788754725,11.463597451
276,Si,sc4,1.1000000238418579,0.87109007100000002,13.851146678999999,3.4661135280000002
277,Si,sc4,1.1000000238418579,6.3317904489999997,13.775328003,7.4426654389999998
278,Si,sc4,1.1000000238418579,2.37701129,10.716717009,7.1083460450000002
279,Si,sc4,1.1000000238418579,7.7331088609999998,10.741233925,10.978113808
280,Si,sc4,1.1000000238418579,5.3454842349999998,10.65822897,3.2975042139999999
281,H,hoy,0.40000000596046448,3.392065616,12.502396235999999,0.77952955000000002
282,O,oc23,-0.55000001192092896,2.6298232160000001,10.270340349,22.902098228
283,O,oc23,-0.55000001192092896,8.5476704489999999,10.232116078000001,15.008018191
284,O,oc23,-0.55000001192092896,5.367954063,10.284326258,19.114903210000001
285,O,oc23,-0.55000001192092896,1.3133114370000001,14.360821634000001,19.017638097999999
286,O,oc23,-0.55000001192092896,6.7996866420000002,14.034977813999999,22.991628169999998
287,O,oc23,-0.55000001192092896,4.281382389,14.045789453999999,14.826945070000001
288,O,oc23,-0.55000001192092896,4.3009148799999997,13.279426923999999,23.360666694999999
289,O,oc23,-0.55000001192092896,1.8486171119999999,13.379242825,15.413856903999999
290,O,oc23,-0.55000001192092896,7.2410393449999999,13.358386609,19.481730856999999
291,O,oc23,-0.55000001192092896,2.3202526379999999,11.286412050999999,20.422662353
292,O,oc23,-0.55000001192092896,8.2479148729999991,11.034085718,12.45569791
293,O,oc23,-0.55000001192092896,5.2812130860000002,11.069798843999999,16.560958195000001
294,O,oc23,-0.55000001192092896,1.8778312699999999,12.82597208,22.521487950000001
295,O,oc23,-0.55000001192092896,4.8905752079999996,12.717787083999999,18.515443040000001
296,O,oc23,-0.55000001192092896,0.72555261500000001,11.829708898,18.375006688999999
297,O,oc23,-0.55000001192092896,6.0518340329999996,11.538565846999999,22.574281646999999
298,O,oc23,-0.55000001192092896,3.6887827340000001,11.624046608,14.526694721
299,O,oc23,-0.55000001192092896,6.2204423159999997,10.950035145999999,14.063706433
300,O,oc23,-0.55000001192092896,0.28426757499999999,10.844118078999999,22.035092634000002
301,O,oc23,-0.55000001192092896,3.175713053,10.869158841999999,18.051545985000001
302,O,oc23,-0.55000001192092896,-0.20452927900000001,13.852019758999999,16.952816635000001
303,O,oc23,-0.55000001192092896,5.1551404600000001,13.516268561,20.957235840999999
304,O,oc23,-0.55000001192092896,2.6318600480000001,13.564013559999999,12.965108844
305,Si,sc4,1.1000000238418579,7.796345176,11.206373489000001,13.977298074
306,Si,sc4,1.1000000238418579,1.786615632,11.255756551999999,21.973780948999998
307,Si,sc4,1.1000000238418579,4.7133539229999997,11.224230051999999,18.075080899
308,Si,sc4,1.1000000238418579,0.182201106,13.352457980000001,18.446589951
309,Si,sc4,1.1000000238418579,5.5730541730000001,13.067104281000001,22.453349861
310,Si,sc4,1.1000000238418579,3.0985880720000001,13.131554209000001,14.443278121000001
311,Si,sc4,1.1000000238418579,2.7828731680000001,13.853657824000001,23.318535984
312,Si,sc4,1.1000000238418579,0.30646973900000002,13.894044006,15.422829275
313,Si,sc4,1.1000000238418579,5.6561891510000004,13.727512326999999,19.511704641000001
314,Si,sc4,1.1000000238418579,1.8548271110000001,10.79637308,18.955545532999999
315,Si,sc4,1.1000000238418579,7.254128004,10.570760913000001,23.0284923
316,Si,sc4,1.1000000238418579,4.940858188,10.666460866,15.044168291
317,O,oc23,-0.55000001192092896,3.0014629350000002,15.332463962,10.986501003000001
318,O,oc23,-0.55000001192092896,9.140168611,15.389623672999999,3.1133359110000001
319,O,oc23,-0.55000001192092896,6.0333383659999997,15.230207595,6.9675836809999998
320,O,oc23,-0.55000001192092896,1.8739586029999999,19.130721241,7.0058787789999997
321,O,oc23,-0.55000001192092896,7.1797075220000002,19.125279042999999,11.004185129
322,O,oc23,-0.55000001192092896,4.8504773830000003,19.079941250000001,2.976857973
323,O,oc23,-0.55000001192092896,4.7409640890000002,18.142933170999999,11.375044093
324,O,oc23,-0.55000001192092896,2.3981129480000001,18.281634388000001,3.345096726
325,O,oc23,-0.55000001192092896,7.8108029999999999,18.381134318000001,7.4734835610000001
326,O,oc23,-0.55000001192092896,2.8513513150000001,16.189641354999999,8.4165605400000008
327,O,oc24,-0.89999997615814209,8.8293283710000008,15.962705017999999,0.50272840200000002
328,O,oc23,-0.55000001192092896,5.7302116190000003,16.128120402,4.4992390169999998
329,O,oc23,-0.55000001192092896,2.4308992730000001,17.786988880999999,10.354207050999999
330,O,oc23,-0.55000001192092896,5.3394404069999997,17.713018223999999,6.4669174429999998
331,O,oc23,-0.55000001192092896,1.2219952999999999,16.700956453,6.4149753499999997
332,O,oc23,-0.55000001192092896,6.6113468620000004,16.634099319000001,10.562067461
333,O,oc23,-0.55000001192092896,4.2368765679999996,16.611605038,2.4522656540000001
334,O,oc23,-0.55000001192092896,6.7199566659999999,15.781769598,2.1488232389999999
335,O,oc23,-0.55000001192092896,0.62612397799999997,15.95674105,9.9029862200000007
336,O,oc23,-0.55000001192092896,3.6275165829999998,15.832165018,6.0006263999999998
337,O,oc23,-0.55000001192092896,0.32092656800000002,18.740250798000002,4.9425207389999999
338,O,oc23,-0.55000001192092896,5.6836023000000004,18.491551904000001,8.9740837659999997
339,O,oc24,-0.67500001192092896,3.2877298490000002,18.597015801000001,0.91389025199999996
340,Si,sc4,0.72500002384185791,8.2973281950000004,16.230445369000002,2.0337231060000001
341,Si,sc4,1.1000000238418579,2.2385863279999998,16.254091284000001,9.9089028890000002
342,Si,sc4,1.1000000238418579,5.1840202870000001,16.221169933999999,5.980138953
343,Si,sc4,1.1000000238418579,0.70017828800000004,18.203373166999999,6.4310865740000001
344,Si,sc4,1.1000000238418579,6.1070583450000004,18.108126383999998,10.467986906
345,Si,sc4,1.1000000238418579,3.6803687379999999,18.139723562,2.4394702650000002
346,Si,sc4,1.1000000238418579,3.271335691,18.682775114999998,11.399946032000001
347,Si,sc4,1.1000000238418579,0.87833589899999998,18.781404043999999,3.4283580709999999
348,Si,sc4,1.1000000238418579,6.2110949790000003,18.715000078999999,7.476214219
349,Si,sc4,1.1000000238418579,2.360684794,15.716760483,6.9656329340000003
350,Si,sc4,1.1000000238418579,7.8223533390000002,15.690185593000001,10.952691606
351,Si,sc4,1.1000000238418579,5.4123265490000003,15.692312166000001,3.0487282530000002
352,H,hoy,0.40000000596046448,2.4609010470000001,18.189522792000002,0.71039611800000002
353,O,oc23,-0.55000001192092896,2.7321235179999999,15.309585111000001,22.683575801
354,O,oc23,-0.55000001192092896,8.3783596740000004,15.289427358999999,15.139028757
355,O,oc23,-0.55000001192092896,5.3498245679999998,15.270943009,19.047871528999998
356,O,oc23,-0.55000001192092896,1.2809579499999999,19.233813270999999,18.924013863999999
357,O,oc23,-0.55000001192092896,6.6941813400000001,19.121200512000001,22.858407694
358,O,oc23,-0.55000001192092896,4.5517566409999999,19.087684636999999,14.671683623
359,O,oc23,-0.55000001192092896,4.2832848910000001,18.403803214,23.415735215000002
360,O,oc23,-0.55000001192092896,2.0502455529999999,18.616127936000002,15.422503747
361,O,oc23,-0.55000001192092896,7.4074446250000001,18.600957133000001,19.443566552
362,O,oc23,-0.55000001192092896,2.1619608540000002,16.423344062000002,20.474285698999999
363,O,oc23,-0.55000001192092896,8.1422085749999997,15.944010713999999,12.522925295
364,O,oc23,-0.55000001192092896,5.2357381040000002,15.808309148999999,16.554521262000002
365,O,oc23,-0.55000001192092896,1.746851143,17.802159683999999,22.739555025000001
366,O,oc23,-0.55000001192092896,5.1483622970000003,17.777678107,18.311613948000002
367,O,oc23,-0.55000001192092896,0.55217016600000002,16.766558015000001,18.500294353000001
368,O,oc23,-0.55000001192092896,5.9371147290000001,16.550256622999999,22.714913703000001
369,O,oc23,-0.55000001192092896,3.592927258,16.672498205,14.683646784
370,O,oc23,-0.55000001192092896,5.9518053909999997,15.950498529000001,13.986725797
371,O,oc23,-0.55000001192092896,0.25805741999999998,15.850194118999999,21.888998293
372,O,oc23,-0.55000001192092896,3.0441995880000001,16.180330582,17.978986138
373,O,oc23,-0.55000001192092896,-0.222291606,18.587773626000001,16.808347996999998
374,O,oc23,-0.55000001192092896,5.1745376260000002,18.291155116999999,20.888576520000001
375,O,oc23,-0.55000001192092896,2.71880202,18.483145391000001,12.891704173999999
376,Si,sc4,1.1000000238418579,7.5668050740000004,16.202579568000001,14.016698612000001
377,Si,sc4,1.1000000238418579,1.74067398,16.361719171000001,22.016628598
378,Si,sc4,1.1000000238418579,4.680298938,16.297269242999999,17.966178154000001
379,Si,sc4,1.1000000238418579,0.13051612500000001,18.266742139000002,18.362198704000001
380,Si,sc4,1.1000000238418579,5.5051770250000001,18.112730842000001,22.443727402
381,Si,sc4,1.1000000238418579,3.1931420450000001,18.196814673999999,14.394449861
382,Si,sc4,1.1000000238418579,2.6939948610000002,18.798144312000002,23.614884838999998
383,Si,sc4,1.1000000238418579,0.44596436099999998,18.8616879,15.386679174999999
384,Si,sc4,1.1000000238418579,5.8268014289999996,18.727381183999999,19.445973134999999
385,Si,sc4,1.1000000238418579,1.731125647,15.884304520000001,18.977001329
386,Si,sc4,1.1000000238418579,7.1718606950000003,15.547611642,23.095004685999999
387,Si,sc4,1.1000000238418579,4.784602241,15.587858548,15.022842319
388,O,oc23,-0.55000001192092896,3.2538071959999999,20.232830812,11.057369266
389,O,oc23,-0.55000001192092896,8.7894295519999996,20.305512636,3.3030241450000002
390,O,oc23,-0.55000001192092896,5.9701020509999996,20.238969395000002,7.066800025
391,O,oc23,-0.55000001192092896,2.0505132170000002,24.147096766000001,7.0483350189999996
392,O,oc23,-0.55000001192092896,7.3319216469999997,24.140560878999999,10.804387354999999
393,O,oc23,-0.55000001192092896,4.7963217360000003,23.880777768000002,2.9753432009999998
394,O,oc23,-0.55000001192092896,4.9181535329999999,23.569702769999999,11.610341879
395,O,oc23,-0.55000001192092896,2.3553762950000001,23.287236471,3.5434126689999998
396,O,oc23,-0.55000001192092896,7.7442611870000002,23.277635190000002,7.5756906949999996
397,O,oc23,-0.55000001192092896,2.9045377999999999,21.019421772000001,8.5376870619999998
398,O,oc24,-0.67500001192092896,8.8629843560000001,21.107482275999999,0.83209196799999996
399,O,oc23,-0.55000001192092896,5.7004621330000003,20.981197502000001,4.6530699819999999
400,O,oc23,-0.55000001192092896,2.5977712240000002,22.862009392000001,10.510444115
401,O,oc23,-0.55000001192092896,5.5240070230000002,22.801817156999999,6.489264081
402,O,oc23,-0.55000001192092896,1.1139198290000001,21.721712578999998,6.7855349450000002
403,O,oc23,-0.55000001192092896,6.5223690530000002,21.644874139999999,10.752958744000001
404,O,oc23,-0.55000001192092896,4.0131792979999998,21.414090273999999,2.5355267559999999
405,O,oc23,-0.55000001192092896,6.6012632010000001,20.859446507000001,2.162528848
406,O,oc23,-0.55000001192092896,0.826517583,20.938056960000001,10.081654694999999
407,O,oc23,-0.55000001192092896,3.632657917,21.024024149999999,6.1679028410000001
408,O,oc23,-0.55000001192092896,0.244836422,23.622843195000002,5.1087963749999998
409,O,oc23,-0.55000001192092896,5.5796990009999998,23.400021377000002,9.0582163340000008
410,O,oc24,-0.67500001192092896,3.0081067680000002,23.482980469000001,0.99294485899999996
411,Si,sc4,1.1000000238418579,8.0951992520000005,21.327100186999999,2.2169874869999999
412,Si,sc4,1.1000000238418579,2.4313002720000001,21.254091286000001,10.055582405999999
413,Si,sc4,1.1000000238418579,5.1680937949999999,21.24746704,6.1319871990000001
414,Si,sc4,1.1000000238418579,0.79560092400000004,23.256060892000001,6.6404162199999996
415,Si,sc4,1.1000000238418579,6.0772431869999997,23.144238582,10.567138337999999
416,Si,sc4,1.1000000238418579,3.576766933,22.969353658999999,2.5071857
417,Si,sc4,1.1000000238418579,3.3100325110000002,23.787638329,11.611902670999999
418,Si,sc4,1.1000000238418579,0.78204559399999996,23.805738887,3.607266332
419,Si,sc4,1.1000000238418579,6.1655204929999998,23.694070146000001,7.5777712660000001
420,Si,sc4,1.1000000238418579,2.3586817940000002,20.688065076000001,7.128501666
421,Si,sc4,1.1000000238418579,7.6918408769999997,20.630310839,11.056654267000001
422,Si,sc4,1.1000000238418579,5.3406085750000001,20.604328397,3.1113398710000002
423,H,hoy,0.40000000596046448,8.1842007100000007,21.177818845000001,0.194063244
424,H,hoy,0.40000000596046448,2.2341359540000001,22.956453725999999,0.75340193099999997
425,O,oc23,-0.55000001192092896,2.5076580819999998,20.267359043999999,23.136292512000001
426,O,oc23,-0.55000001192092896,8.4070404950000004,20.277856790000001,14.994429327000001
427,O,oc23,-0.55000001192092896,5.3853810639999997,20.221393464999998,19.155799627
428,O,oc23,-0.55000001192092896,1.378550752,24.250050038000001,18.918551578999999
429,O,oc23,-0.55000001192092896,6.612515031,24.066177847999999,22.705876419999999
430,O,oc23,-0.55000001192092896,4.3771721919999997,23.974621645999999,14.967057831
431,O,oc23,-0.55000001192092896,4.2953048860000003,23.580071373999999,23.418726973999998
432,O,oc23,-0.55000001192092896,1.90998376,23.482722443,15.523475617000001
433,O,oc23,-0.55000001192092896,7.1089905519999999,23.537759997999999,19.527893854999999
434,O,oc23,-0.55000001192092896,2.197051675,20.953192424000001,20.588522844
435,O,oc23,-0.55000001192092896,8.2066468889999999,20.872488658000002,12.551988375000001
436,O,oc23,-0.55000001192092896,5.3382384079999996,20.850412208000002,16.55738126
437,O,oc23,-0.55000001192092896,1.988612236,22.811418438,22.456665210000001
438,O,oc23,-0.55000001192092896,4.9111763640000001,22.743068882999999,18.393862133999999
439,O,oc23,-0.55000001192092896,0.63270213900000005,21.756804641999999,18.656596327999999
440,O,oc23,-0.55000001192092896,5.8423259280000002,21.592159308999999,22.686501679999999
441,O,oc23,-0.55000001192092896,3.633793249,21.47579052,14.824019192
442,O,oc23,-0.55000001192092896,6.1446526690000001,21.110970437999999,14.043485901
443,O,oc23,-0.55000001192092896,0.13031612400000001,20.924000372999998,22.191134962
444,O,oc23,-0.55000001192092896,3.1286370630000002,20.893136997999999,18.106744329000001
445,O,oc23,-0.55000001192092896,-0.257850093,23.571673176000001,16.995664283
446,O,oc23,-0.55000001192092896,4.8810607060000004,23.359377168000002,20.838449053000001
447,O,oc23,-0.55000001192092896,2.7019750230000001,23.375078185,13.058733077999999
448,Si,sc4,1.1000000238418579,7.7133773640000003,21.238497359,14.017933875000001
449,Si,sc4,1.1000000238418579,1.697170157,21.246518732999998,22.117600467999999
450,Si,sc4,1.1000000238418579,4.663872939,21.152194360999999,18.041142647000001
451,Si,sc4,1.1000000238418579,0.16113327999999999,23.313375860000001,18.553609283
452,Si,sc4,1.1000000238418579,5.3702565680000003,23.108138546999999,22.354588869000001
453,Si,sc4,1.1000000238418579,3.1587188899999998,23.009928229,14.583715441000001
454,Si,sc4,1.1000000238418579,2.7391016810000002,23.805498271000001,23.45585269
455,Si,sc4,1.1000000238418579,0.38566538299999997,23.784858764999999,15.504556229
456,Si,sc4,1.1000000238418579,5.5064128559999999,23.738027641999999,19.416258999
457,Si,sc4,1.1000000238418579,1.8211392850000001,20.772710174,19.045856355000002
458,Si,sc4,0.72500002384185791,7.1418107089999996,20.661140954,23.056189324000002
459,Si,sc4,1.1000000238418579,4.9504403530000003,20.599133570999999,14.969073005
460,O,oc23,-0.55000001192092896,2.9057736310000002,25.315008239000001,11.235517477
461,O,oc23,-0.55000001192092896,8.9414785010000006,25.310788092999999,2.9586206430000002
462,O,oc23,-0.55000001192092896,5.9758115480000003,25.222622092000002,7.2045715980000002
463,O,oc23,-0.55000001192092896,1.9927515710000001,28.945826458999999,7.025514136
464,O,oc23,-0.55000001192092896,7.2966298289999996,29.075250683,10.904318698000001
465,O,oc23,-0.55000001192092896,4.9011265350000004,28.971286093,2.9202475539999999
466,O,oc23,-0.55000001192092896,4.7753544080000001,28.404693083000002,11.564829937000001
467,O,oc23,-0.55000001192092896,2.412736942,28.509948584,3.5382308600000001
468,O,oc23,-0.55000001192092896,7.8147413400000003,28.413237833,7.6000723690000003
469,O,oc23,-0.55000001192092896,2.869313644,26.075894271999999,8.7106985160000008
470,O,oc24,-0.67500001192092896,8.5355509519999995,26.101388204999999,0.47556414600000002
471,O,oc23,-0.55000001192092896,5.6664061459999999,25.633703718,4.668680803
472,O,oc23,-0.55000001192092896,2.4978420849999998,27.799457971999999,10.577411851999999
473,O,oc23,-0.55000001192092896,5.7627631179999996,27.629159056999999,6.3699182759999999
474,O,oc23,-0.55000001192092896,1.222262964,26.566527249,6.6627173229999999
475,O,oc23,-0.55000001192092896,6.4077154209999998,26.558959517000002,10.914721068
476,O,oc23,-0.55000001192092896,3.9571868210000001,26.403796585999999,2.7761950309999999
477,O,oc23,-0.55000001192092896,6.4890473990000004,25.713604042,2.1158659320000002
478,O,oc23,-0.55000001192092896,0.680546294,26.044959178999999,10.151937781999999
479,O,oc23,-0.55000001192092896,3.6836742359999999,26.130858290999999,6.2067375800000004
480,O,oc23,-0.55000001192092896,0.30994240299999998,28.424816536000002,5.0834395700000004
481,O,oc23,-0.55000001192092896,5.6020016620000002,28.212736588999999,9.0294138709999991
482,O,oc24,-0.67500001192092896,3.3178783429999998,28.170885398999999,1.078429616
483,Si,sc4,1.1000000238418579,8.0572029359999995,26.236880854999999,2.033879089
484,Si,sc4,1.1000000238418579,2.2283026659999998,26.298785858999999,10.191468144
485,Si,sc4,1.1000000238418579,5.2802439249999997,26.175011188999999,6.1430919729999998
486,Si,sc4,1.1000000238418579,0.757204604,28.079824722000001,6.5550483880000003
487,Si,sc4,1.1000000238418579,6.0221203680000004,28.053598024999999,10.600688087
488,Si,sc4,1.1000000238418579,3.6763627360000002,27.990647404000001,2.631850161
489,Si,sc4,1.1000000238418579,3.2470300280000002,28.742953867000001,11.618339603000001
490,Si,sc4,1.1000000238418579,0.82438124800000001,28.729456986999999,3.5684834259999998
491,Si,sc4,1.1000000238418579,6.2560346329999996,28.644045864999999,7.5535848110000003
492,Si,sc4,1.1000000238418579,2.4672587610000001,25.738191636,7.1762244869999998
493,Si,sc4,1.1000000238418579,7.6822587120000003,25.652850151999999,11.142932802000001
494,Si,sc4,1.1000000238418579,5.21183145,25.411614273000001,3.1388097030000002
495,H,hoy,0.40000000596046448,3.4860878080000002,29.072152117000002,0.84465072900000004
496,H,hoy,0.40000000596046448,9.2882331069999999,25.523701925000001,0.48710962499999999
497,O,oc23,-0.55000001192092896,2.3738729570000001,25.361358129999999,23.095200389999999
498,O,oc23,-0.55000001192092896,8.3233383480000001,25.280829759,15.154372179999999
499,O,oc23,-0.55000001192092896,5.243083435,25.314938341000001,19.029731083000001
500,O,oc23,-0.55000001192092896,1.262995621,29.218102148,19.053461701
501,O,oc23,-0.55000001192092896,6.7872328140000002,29.040653851999998,22.873816028
502,O,oc23,-0.55000001192092896,4.2445900610000002,29.03800343,15.124334452999999
503,O,oc23,-0.55000001192092896,4.3176075469999997,28.412226516,23.384267489999999
504,O,oc23,-0.55000001192092896,1.8094536219999999,28.323885899,15.587128005
505,O,oc23,-0.55000001192092896,7.2750296600000004,28.479362204000001,19.320423886
506,O,oc23,-0.55000001192092896,2.2249305000000001,26.136438726000002,20.594698190999999
507,O,oc23,-0.55000001192092896,8.1013764150000007,25.830856597,12.680917886
508,O,oc23,-0.55000001192092896,5.1470926349999999,26.036170693999999,16.542232573
509,O,oc23,-0.55000001192092896,1.9503492499999999,27.830497522000002,22.482606706999999
510,O,oc23,-0.55000001192092896,4.8638327109999997,27.869976845,18.394902662
511,O,oc23,-0.55000001192092896,0.52516000500000004,26.777526241,18.675907124999998
512,O,oc23,-0.55000001192092896,6.0110018729999997,26.559552484000001,22.385471419000002
513,O,oc23,-0.55000001192092896,3.5121286170000001,26.498031530999999,14.666807481999999
514,O,oc23,-0.55000001192092896,5.9981798819999996,25.764941142000001,14.088673283
515,O,oc23,-0.55000001192092896,0.117628462,25.965303109000001,21.992832099000001
516,O,oc23,-0.55000001192092896,3.0221297640000002,26.082136793,18.007072634
517,O,oc23,-0.55000001192092896,-0.31621174299999999,28.631281227999999,17.085451934999998
518,O,oc23,-0.55000001192092896,5.2329997739999996,28.552218125,20.851582565000001
519,O,oc23,-0.55000001192092896,2.6269525470000001,28.369643082,13.131163101
520,Si,sc4,1.1000000238418579,7.5434337469999999,26.117396230000001,14.061560466
521,Si,sc4,1.1000000238418579,1.6467548380000001,26.321385116999998,22.029632286999998
522,Si,sc4,1.1000000238418579,4.6274806149999996,26.316049455000002,17.951223234
523,Si,sc4,1.1000000238418579,0.087345639000000003,28.323327751000001,18.590603237
524,Si,sc4,1.1000000238418579,5.6079439969999996,28.118676259000001,22.369867379999999
525,Si,sc4,1.1000000238418579,3.055016588,28.026673902999999,14.614143607999999
526,Si,sc4,1.1000000238418579,2.822504323,28.838548323000001,23.377441086000001
527,Si,sc4,1.1000000238418579,0.29020991000000002,28.718889601000001,15.593044674
528,Si,sc4,1.1000000238418579,5.7463371189999997,28.834711968000001,19.399810136999999
529,Si,sc4,1.1000000238418579,1.817499456,25.825311500000002,18.984804316999998
530,Si,sc4,1.1000000238418579,7.160274534,25.577274431999999,22.784937143000001
531,Si,sc4,1.1000000238418579,4.777925572,25.579715676999999,15.092085847
532,O,oc23,-0.55000001192092896,3.0170550970000001,30.293986580999999,11.181748164
533,O,oc23,-0.55000001192092896,9.034796644,30.176839004000001,3.134245527
534,O,oc23,-0.55000001192092896,5.8892039069999997,30.116992494000002,7.2327244579999999
535,O,oc23,-0.55000001192092896,1.9859405729999999,34.010390538000003,6.8259106139999997
536,O,oc23,-0.55000001192092896,7.3147274830000004,34.050602105000003,10.800615685
537,O,oc23,-0.55000001192092896,4.8618287149999997,33.998847175000002,2.823885153
538,O,oc23,-0.55000001192092896,4.9524761890000004,33.421755898999997,11.407942787
539,O,oc23,-0.55000001192092896,2.4038224449999999,33.378893910999999,3.5523850399999999
540,O,oc23,-0.55000001192092896,7.6424275550000003,33.252329543000002,7.4863569419999996
541,O,oc23,-0.55000001192092896,2.8960581319999998,30.86602023,8.6621957839999997
542,O,oc24,-0.67500001192092896,8.6424234290000008,30.919135709999999,0.59389379600000003
543,O,oc23,-0.55000001192092896,5.7423967889999998,30.734155019999999,4.6784011129999996
544,O,oc23,-0.55000001192092896,2.5742665630000001,32.745758180000003,10.465256732
545,O,oc23,-0.55000001192092896,5.4065493890000003,32.643641088999999,6.5504323790000001
546,O,oc23,-0.55000001192092896,1.2039324730000001,31.446040481000001,6.6569958739999997
547,O,oc23,-0.55000001192092896,6.6459023559999997,31.556736620999999,10.284768787000001
548,O,oc23,-0.55000001192092896,4.1138427709999998,31.489949124999999,2.8806910339999998
549,O,oc23,-0.55000001192092896,6.6008970290000004,30.774819756999999,2.1553248420000002
550,O,oc23,-0.55000001192092896,0.75653693700000002,30.947769612999998,10.113968213
551,O,oc23,-0.55000001192092896,3.6186020860000001,30.842374315000001,6.2354295960000004
552,O,oc23,-0.55000001192092896,0.239794591,33.269977191000002,4.9197647680000003
553,O,oc23,-0.55000001192092896,5.5900831609999999,33.562898621999999,8.9560741119999996
554,O,oc24,-0.67500001192092896,3.1703050510000002,33.028741050999997,1.0588009199999999
555,Si,sc4,1.1000000238418579,8.1605728969999998,31.128077247,2.1512419330000001
556,Si,sc4,1.1000000238418579,2.3178148080000001,31.209896268000001,10.093942416000001
557,Si,sc4,1.1000000238418579,5.149229966,31.106803199000002,6.1547954870000003
558,Si,sc4,1.1000000238418579,0.74451694300000004,33.012767846000003,6.4347143720000002
559,Si,sc4,1.1000000238418579,6.1165410060000003,33.116278747000003,10.434243390000001
560,Si,sc4,1.1000000238418579,3.6552620739999999,33.002792908000004,2.6392036110000001
561,Si,sc4,1.1000000238418579,3.3434865029999998,33.734452589999997,11.483948776
562,Si,sc4,1.1000000238418579,0.846750577,33.692532282000002,3.5114825669999998
563,Si,sc4,1.1000000238418579,6.1495283289999998,33.663760140999997,7.4838864149999997
564,Si,sc4,1.1000000238418579,2.3785137889999999,30.467214991999999,7.18344133
565,Si,sc4,1.1000000238418579,7.8083990009999997,30.609857542,10.861212371000001
566,Si,sc4,1.1000000238418579,5.3705908989999998,30.508473214999999,3.1458315689999998
567,H,hoy,0.40000000596046448,3.1990412350000001,33.914050318000001,0.75211251199999996
568,H,hoy,0.40000000596046448,8.5282795119999992,31.750490181,0.174416245
569,O,oc23,-0.55000001192092896,2.662276206,30.319271599,22.742742488000001
570,O,oc23,-0.55000001192092896,8.4602269799999998,30.176630089,14.947617210000001
571,O,oc23,-0.55000001192092896,5.5973269989999999,30.348358673,19.054632052999999
572,O,oc23,-0.55000001192092896,1.3590520930000001,34.131060577,18.607377627000002
573,O,oc23,-0.55000001192092896,6.6241011910000003,34.197848073000003,23.087918635000001
574,O,oc23,-0.55000001192092896,4.3694268579999997,34.106403344999997,15.041762675999999
575,O,oc23,-0.55000001192092896,4.1499007639999999,33.267605324000002,23.365152395999999
576,O,oc23,-0.55000001192092896,1.792258463,33.424336681,15.358526799
577,O,oc23,-0.55000001192092896,7.2000400190000002,33.500191735999998,19.423085403000002
578,O,oc23,-0.55000001192092896,2.1554841859999998,31.297190747999998,20.413820775000001
579,O,oc23,-0.55000001192092896,8.1474504069999991,31.089818677,12.401993509
580,O,oc23,-0.55000001192092896,5.2781065939999996,31.036807135,16.549318624000001
581,O,oc23,-0.55000001192092896,1.764012471,32.810487701,22.563814365999999
582,O,oc23,-0.55000001192092896,4.9605220230000002,32.745932795999998,18.408685293000001
583,O,oc23,-0.55000001192092896,0.83506491400000005,31.624605073000001,18.276309640000001
584,O,oc23,-0.55000001192092896,6.0412170349999998,31.539961013999999,22.809644344999999
585,O,oc23,-0.55000001192092896,3.5742295999999998,31.583277210999999,14.598149128999999
586,O,oc23,-0.55000001192092896,6.0496986929999998,30.688711210000001,13.962864387
587,O,oc23,-0.55000001192092896,0.18113244100000001,30.515064968000001,22.100890021000001
588,O,oc23,-0.55000001192092896,3.184294215,30.760869187000001,18.079113186000001
589,O,oc23,-0.55000001192092896,-0.29384141899999999,33.333137247000003,16.801717297
590,O,oc23,-0.55000001192092896,5.1030544799999999,33.315384622000003,20.966662594999999
591,O,oc23,-0.55000001192092896,2.7646431749999998,33.540333664000002,12.95711112
592,Si,sc4,1.1000000238418579,7.6087735609999996,31.110500277,13.886468925999999
593,Si,sc4,1.1000000238418579,1.6726634979999999,31.226253005,21.951739977999999
594,Si,sc4,1.1000000238418579,4.7222335940000004,31.202607090000001,18.038150888000001
595,Si,sc4,1.1000000238418579,0.24183142299999999,33.100654773999999,18.257975427000002
596,Si,sc4,1.1000000238418579,5.4989998629999999,33.088831816000003,22.530980584000002
597,Si,sc4,1.1000000238418579,3.1209912329999998,33.178636400999999,14.522468668
598,Si,sc4,1.1000000238418579,2.6495557079999998,33.769677207999997,23.404682758
599,Si,sc4,1.1000000238418579,0.25097975300000003,33.722909225999999,15.388825142
600,Si,sc4,1.1000000238418579,5.6136196639999998,33.698774802999999,19.514696399999998
601,Si,sc4,1.1000000238418579,1.9088155920000001,30.738305268000001,18.981552910000001
602,Si,sc4,0.72500002384185791,7.2691868279999996,30.568460042000002,23.120818297
603,Si,sc4,1.1000000238418579,4.7929824060000001,30.610589266000002,15.078822511
604,O,oc23,-0.55000001192092896,11.412305766999999,0.38405313299999999,11.055744532
605,O,oc23,-0.55000001192092896,17.128390230000001,0.45673391800000002,3.1021010709999999
606,O,oc23,-0.55000001192092896,14.367455225,0.32152086200000002,6.98019693
607,O,oc23,-0.55000001192092896,10.260428109999999,4.3179433769999997,6.9676485929999998
608,O,oc23,-0.55000001192092896,15.616758518999999,4.1428659080000001,10.874085267
609,O,oc23,-0.55000001192092896,13.059490777000001,4.1573049869999998,2.427552639
610,O,oc23,-0.55000001192092896,13.188568402,3.549976043,11.480567546
611,O,oc23,-0.55000001192092896,10.683183652,3.5830034089999998,3.4354189320000001
612,O,oc23,-0.55000001192092896,16.073504375999999,3.5686350080000002,7.3710812069999996
613,O,oc23,-0.55000001192092896,11.198224493,1.0307559019999999,8.5674002300000005
614,O,oc24,-0.67500001192092896,17.119174237999999,1.0931135569999999,0.552565521
615,O,oc23,-0.55000001192092896,14.047367152,1.1238740330000001,4.476756258
616,O,oc23,-0.55000001192092896,10.780575458,2.8357893930000002,10.482616298
617,O,oc23,-0.55000001192092896,8.1235457419999992,2.9395445470000001,2.6004921560000001
618,O,oc23,-0.55000001192092896,13.807108559,2.813119457,6.3476433310000004
619,O,oc23,-0.55000001192092896,9.5054311669999993,1.7701932709999999,6.6139544590000003
620,O,oc23,-0.55000001192092896,14.776755936000001,1.65098772,10.714858381999999
621,O,oc23,-0.55000001192092896,12.287900668000001,1.5938955690000001,2.6957166620000002
622,O,oc23,-0.55000001192092896,14.774351937,1.0027851240000001,1.971312884
623,O,oc23,-0.55000001192092896,8.9967346549999991,0.94447274000000003,10.045895034999999
624,O,oc23,-0.55000001192092896,11.998328257000001,0.89337989500000003,6.0580496699999999
625,O,oc23,-0.55000001192092896,8.6558802499999992,3.6467569520000001,5.0233243940000003
626,O,oc23,-0.55000001192092896,13.924868683,3.3899664779999998,8.9536035859999998
627,O,oc24,-0.89999997615814209,11.263629978999999,3.104507801,0.77440208600000005
628,Si,sc4,1.1000000238418579,16.372191287,1.3443589339999999,2.0082557329999999
629,Si,sc4,1.1000000238418579,10.588363011,1.2387547210000001,10.019692922000001
630,Si,sc4,1.1000000238418579,13.549188135,1.2903017750000001,6.0036753200000001
631,Si,sc4,1.1000000238418579,9.0533938040000006,3.3094726670000001,6.576504184
632,Si,sc4,1.1000000238418579,14.381678222,3.1501594869999998,10.489768229999999
633,Si,sc4,0.72500002384185791,11.856663468000001,3.0890927439999998,2.3447204880000001
634,Si,sc4,1.1000000238418579,11.572133881999999,3.799059508,11.478097019
635,Si,sc4,1.1000000238418579,9.0534933070000001,3.9016651069999999,3.575225783
636,Si,sc4,1.1000000238418579,14.459607189,3.7700431129999998,7.4349932430000001
637,Si,sc4,1.1000000238418579,10.68218265,0.73692605200000005,7.0727166930000003
638,Si,sc4,1.1000000238418579,16.026526895,0.77267451700000001,11.072583834
639,Si,sc4,1.1000000238418579,13.611924944,0.65744459799999999,3.0118830139999999
640,H,hoy,0.40000000596046448,17.758528087999998,1.7636337150000001,0.41962924899999998
641,O,oc23,-0.55000001192092896,10.822344939000001,0.307431016,23.047217922000002
642,O,oc23,-0.55000001192092896,16.692313191,0.34450365199999999,15.139288404
643,O,oc23,-0.55000001192092896,13.61606428,0.43190207000000003,19.060613632999999
644,O,oc23,-0.55000001192092896,9.6667597900000004,4.1341475809999997,18.892284554
645,O,oc23,-0.55000001192092896,15.03684752,4.1154532770000003,22.946441755999999
646,O,oc23,-0.55000001192092896,12.651425896999999,4.1709749240000003,14.988903098
647,O,oc23,-0.55000001192092896,12.483484285999999,3.4473371830000001,23.326273092000001
648,O,oc23,-0.55000001192092896,10.150681979,3.332246541,15.4635949
649,O,oc23,-0.55000001192092896,15.662599673000001,3.583178025,19.426206985
650,O,oc23,-0.55000001192092896,10.665555654,0.96030666799999997,20.432414635000001
651,O,oc23,-0.55000001192092896,16.555255404,1.1276407500000001,12.588007682000001
652,O,oc23,-0.55000001192092896,13.512361976999999,1.036928785,16.487747291000002
653,O,oc23,-0.55000001192092896,10.259926613999999,2.7874509070000002,22.278517967999999
654,O,oc23,-0.55000001192092896,7.8593486529999996,2.7449371120000001,14.52441893
655,O,oc23,-0.55000001192092896,13.321819195,2.8462518000000001,18.307779303
656,O,oc23,-0.55000001192092896,8.9271221700000005,1.6466971560000001,18.624283778999999
657,O,oc23,-0.55000001192092896,14.251100086999999,1.7099278899999999,22.701716247
658,O,oc23,-0.55000001192092896,11.934256114,1.6783296729999999,14.481442426999999
659,O,oc23,-0.55000001192092896,14.349226227000001,0.88051028099999995,14.030482212000001
660,O,oc23,-0.55000001192092896,8.5607252779999996,0.81647818400000005,21.954665855999998
661,O,oc23,-0.55000001192092896,11.406029101,1.1668056600000001,17.951678586
662,O,oc23,-0.55000001192092896,8.0471212649999995,3.4874437729999999,17.028562007000001
663,O,oc23,-0.55000001192092896,13.436005161000001,3.5016385969999999,20.826094482999999
664,O,oc23,-0.55000001192092896,11.046708881000001,3.5559753490000001,12.995341306
665,Si,sc4,1.1000000238418579,15.919952928000001,1.300206035,14.079180649
666,Si,sc4,1.1000000238418579,10.130315651,1.2396621000000001,21.929569182000002
667,Si,sc4,1.1000000238418579,12.967675134,1.36252939,17.960520163999998
668,Si,sc4,1.1000000238418579,8.4383581519999993,3.2113665469999999,18.516874976
669,Si,sc4,1.1000000238418579,13.777126235000001,3.2050543870000001,22.434754063
670,Si,sc4,1.1000000238418579,11.427730763,3.187302802,14.498022082
671,Si,sc4,1.1000000238418579,10.961002739,3.7295519530000001,23.358975110999999
672,Si,sc4,1.1000000238418579,8.6184849329999995,3.7425608430000001,15.57503502
673,Si,sc4,1.1000000238418579,14.070571314,3.7573834540000002,19.360149952
674,Si,sc4,1.1000000238418579,10.209177959,0.735880435,18.948719129000001
675,Si,sc4,1.1000000238418579,15.545542041999999,0.69273885400000001,22.937664121000001
676,Si,sc4,1.1000000238418579,13.085098937,0.721371718,14.941115365
677,O,oc23,-0.55000001192092896,11.307602462,5.3590205040000001,11.066472429999999
678,O,oc23,-0.55000001192092896,17.147721725,5.4726456189999997,3.05701154
679,O,oc23,-0.55000001192092896,14.182120444000001,5.2791544789999998,7.0177121170000003
680,O,oc23,-0.55000001192092896,10.03579551,9.2963989100000006,7.1725182119999999
681,O,oc23,-0.55000001192092896,15.682866497999999,9.1883885299999992,10.703089955999999
682,O,oc23,-0.55000001192092896,13.034716454,9.1278425169999995,3.1444078680000001
683,O,oc23,-0.55000001192092896,13.16472941,8.5446500749999998,11.328946975999999
684,O,oc23,-0.55000001192092896,10.613871668,8.3992510869999997,3.6306660929999999
685,O,oc23,-0.55000001192092896,16.250492823999998,8.4657943279999994,7.2829827180000004
686,O,oc23,-0.55000001192092896,11.168608341000001,5.9936560620000003,8.5703910200000006
687,O,oc24,-0.67500001192092896,16.992735439,6.0473650279999998,0.56772946700000004
688,O,oc23,-0.55000001192092896,13.901463525,5.7782984270000002,4.5052467570000001
689,O,oc23,-0.55000001192092896,10.790024288,7.8748938380000002,10.420784349
690,O,oc23,-0.55000001192092896,8.2182987220000001,7.9194292290000003,2.665938583
691,O,oc23,-0.55000001192092896,13.866372703,7.7389823189999998,6.361478763
692,O,oc23,-0.55000001192092896,9.4776180140000008,6.7600185919999998,6.6579710060000004
693,O,oc23,-0.55000001192092896,14.898388727,6.7055425619999998,10.471758576999999
694,O,oc23,-0.55000001192092896,12.301622169,6.6395917679999998,2.578321361
695,O,oc23,-0.55000001192092896,14.807273586999999,6.1943314029999996,2.0814587640000002
696,O,oc23,-0.55000001192092896,8.8974065150000001,6.0177551459999998,10.067350831000001
697,O,oc23,-0.55000001192092896,11.902405119000001,6.0356470480000004,6.1396269390000002
698,O,oc23,-0.55000001192092896,8.4378904870000007,8.8319224720000005,5.140323199
699,O,oc23,-0.55000001192092896,14.035448650999999,8.558459289,8.9096514659999997
700,O,oc24,-0.67500001192092896,11.343059455000001,8.6358141699999997,1.22047302
701,Si,sc4,1.1000000238418579,16.405411446999999,6.419978908,2.04837793
702,Si,sc4,1.1000000238418579,10.534575525999999,6.2839634499999999,10.044009685000001
703,Si,sc4,1.1000000238418579,13.506586807,6.2172455930000003,6.004098216
704,Si,sc4,1.1000000238418579,8.920744011,8.2862890969999992,6.5718232629999997
705,Si,sc4,1.1000000238418579,14.446484699000001,8.2189434529999996,10.432552775
706,Si,sc4,1.1000000238418579,11.875927300000001,8.1668392910000005,2.694442161
707,Si,sc4,1.1000000238418579,11.5324679,8.8909322799999995,11.404692348999999
708,Si,sc4,1.1000000238418579,9.0282533090000001,8.9122063279999999,3.6342093609999999
709,Si,sc4,1.1000000238418579,14.604376479000001,8.7361518409999999,7.3636691440000002
710,Si,sc4,1.1000000238418579,10.702180816,5.8007241079999998,7.0729119130000004
711,Si,sc4,1.1000000238418579,16.078177050000001,5.7382947360000003,11.006590743
712,Si,sc4,1.1000000238418579,13.575198288999999,5.6905164770000001,2.9118928149999999
713,H,hoy,0.40000000596046448,11.100382931,7.8799604600000004,0.72972422800000003
714,H,hoy,0.40000000596046448,17.945618571000001,5.9774551760000003,0.68811858100000001
715,O,oc23,-0.55000001192092896,10.763681794,5.2812477920000003,23.024006599
716,O,oc23,-0.55000001192092896,16.889033135999998,5.3044051980000004,14.977395289
717,O,oc23,-0.55000001192092896,13.699901751000001,5.3161938549999999,19.078168904000002
718,O,oc23,-0.55000001192092896,9.7034207729999995,9.2388172110000006,19.074528025999999
719,O,oc23,-0.55000001192092896,15.124257158000001,9.0441765150000002,23.071274068000001
720,O,oc23,-0.55000001192092896,12.681708721,9.175099007,14.871677101
721,O,oc23,-0.55000001192092896,12.545719598,8.1668039520000004,23.490246293999999
722,O,oc23,-0.55000001192092896,10.283266100000001,8.2500542009999993,15.422699451
723,O,oc23,-0.55000001192092896,15.596091691,8.4536938559999992,19.497336833999999
724,O,oc23,-0.55000001192092896,10.623487664000001,6.0249746860000002,20.463103417999999
725,O,oc23,-0.55000001192092896,16.537627405999999,6.1639211969999996,12.544186356000001
726,O,oc23,-0.55000001192092896,13.625779779,6.0462487329999997,16.518501955000001
727,O,oc23,-0.55000001192092896,10.212182957,7.8550146400000003,22.399060284000001
728,O,oc23,-0.55000001192092896,7.8164110039999999,7.68087885,14.490675414
729,O,oc23,-0.55000001192092896,13.296977209,7.8377505239999996,18.405825295
730,O,oc23,-0.55000001192092896,8.9232495029999992,6.6702826059999998,18.558224807999999
731,O,oc23,-0.55000001192092896,14.346756556000001,6.5281639040000004,22.807629170999999
732,O,oc23,-0.55000001192092896,12.18189387,6.7302340940000001,14.353878972
733,O,oc23,-0.55000001192092896,14.567148328,5.7853080109999997,14.075084419
734,O,oc23,-0.55000001192092896,8.4547523099999999,6.0544806290000004,22.086781860999999
735,O,oc23,-0.55000001192092896,11.43310593,6.0067688910000001,18.036527121999999
736,O,oc23,-0.55000001192092896,8.1322602380000006,8.5304542110000003,16.972908312000001
737,O,oc23,-0.55000001192092896,13.496202647,8.3189339709999999,21.099753247999999
738,O,oc23,-0.55000001192092896,10.979900399,8.6424766010000003,12.866802236
739,Si,sc4,1.1000000238418579,16.032704057,6.2605960899999999,14.042900725000001
740,Si,sc4,1.1000000238418579,10.053556842000001,6.3113054030000004,21.98385876
741,Si,sc4,1.1000000238418579,13.041494616,6.2840673880000004,17.986333774999999
742,Si,sc4,1.1000000238418579,8.5014611329999994,8.2050988999999994,18.531308664000001
743,Si,sc4,1.1000000238418579,13.90406653,8.0064794549999991,22.661990182
744,Si,sc4,1.1000000238418579,11.509229908,8.1680241850000002,14.354658883000001
745,Si,sc4,1.1000000238418579,11.081065368000001,8.7807932480000002,23.472495319
746,Si,sc4,1.1000000238418579,8.6643937490000003,8.6464179340000005,15.442983927
747,Si,sc4,1.1000000238418579,13.994146836000001,8.763495872,19.597853352000001
748,Si,sc4,1.1000000238418579,10.166307972,5.7229493170000003,18.974922210999999
749,Si,sc4,1.1000000238418579,15.564240696000001,5.5763321750000001,23.154756548999998
750,Si,sc4,1.1000000238418579,13.288897543999999,5.7054066470000002,14.995145295
751,O,oc23,-0.55000001192092896,11.297051135,10.411970542000001,11.002234866
752,O,oc23,-0.55000001192092896,17.395626149000002,10.392964424000001,2.9333224520000001
753,O,oc23,-0.55000001192092896,14.392629551000001,10.286313553999999,6.8808502789999997
754,O,oc23,-0.55000001192092896,10.403694902,14.312031018000001,7.0708962550000001
755,O,oc23,-0.55000001192092896,15.564708360999999,14.143512041999999,11.002755130000001
756,O,oc23,-0.55000001192092896,13.345256193999999,14.146405678000001,2.9189602159999999
757,O,oc23,-0.55000001192092896,13.153477581000001,13.398458897999999,11.575687659
758,O,oc23,-0.55000001192092896,10.90130675,13.465943819,3.4910283030000002
759,O,oc23,-0.55000001192092896,16.137373532000002,13.375544708,7.5615820510000002
760,O,oc23,-0.55000001192092896,11.126840850000001,11.233262271999999,8.6189586640000009
761,O,oc24,-0.89999997615814209,17.155467058999999,11.251362049999999,0.50773342799999999
762,O,oc23,-0.55000001192092896,13.954148513,11.271625819,4.4681544659999997
763,O,oc23,-0.55000001192092896,10.746487630000001,12.935238032000001,10.660633717
764,O,oc23,-0.55000001192092896,8.4247361559999998,12.961499028,2.672446967
765,O,oc23,-0.55000001192092896,13.768011736,12.853453310000001,6.5893126530000004
766,O,oc23,-0.55000001192092896,9.6424869639999997,11.860189781000001,6.5387942619999997
767,O,oc23,-0.55000001192092896,14.962560373000001,11.683892079,10.673767228999999
768,O,oc23,-0.55000001192092896,12.520378107000001,11.73331256,2.423618931
769,O,oc23,-0.55000001192092896,14.932076552,10.797314759000001,2.034230049
770,O,oc23,-0.55000001192092896,8.9576378319999996,11.029412662,10.023528536000001
771,O,oc23,-0.55000001192092896,11.938630278,10.917949458000001,6.1282940039999998
772,O,oc23,-0.55000001192092896,8.7943390430000008,13.809330309,5.1649257679999998
773,O,oc23,-0.55000001192092896,13.976518837,13.499495033000001,9.0975519600000005
774,O,oc24,-0.67500001192092896,11.646854864,13.576290727,0.94708813300000005
775,Si,sc4,0.72500002384185791,16.459700429000002,11.333321388,2.013223065
776,Si,sc4,1.1000000238418579,10.461156046999999,11.465185559,10.082629342000001
777,Si,sc4,1.1000000238418579,13.508956975,11.374264678999999,6.0727497870000002
778,Si,sc4,1.1000000238418579,9.221936414,13.408817367999999,6.570977955
779,Si,sc4,1.1000000238418579,14.394834544,13.204200695000001,10.598607032
780,Si,sc4,1.1000000238418579,12.099726064,13.244900770999999,2.4520120620000001
781,Si,sc4,1.1000000238418579,11.634066704,13.807168397,11.6587797
782,Si,sc4,1.1000000238418579,9.3590260430000001,13.841347397,3.6866850389999999
783,Si,sc4,1.1000000238418579,14.558133332000001,13.739893431,7.6355718970000002
784,Si,sc4,1.1000000238418579,10.661081986999999,10.782946358,7.1443658369999996
785,Si,sc4,1.1000000238418579,16.163783688999999,10.722017852,11.003014777000001
786,Si,sc4,1.1000000238418579,13.610521948000001,10.703254949,3.0365114989999999
787,H,hoy,0.40000000596046448,11.304276953,12.793536043,0.569430043
788,O,oc23,-0.55000001192092896,11.017930547000001,10.280767418,23.014579845
789,O,oc23,-0.55000001192092896,16.725666686,10.360286289999999,15.056261276000001
790,O,oc23,-0.55000001192092896,13.753354905,10.307205109,19.2098935
791,O,oc23,-0.55000001192092896,9.6662602839999998,14.162518159999999,18.970045101
792,O,oc23,-0.55000001192092896,14.952675718,14.087466547,23.003135979
793,O,oc23,-0.55000001192092896,12.643680563,14.083279921000001,15.00762872
794,O,oc23,-0.55000001192092896,12.588189582,13.144770976,23.331084320999999
795,O,oc23,-0.55000001192092896,10.170047305000001,13.474034358999999,15.552278081000001
796,O,oc23,-0.55000001192092896,15.684468501,13.595542139000001,19.39915908
797,O,oc23,-0.55000001192092896,10.617310501,11.216904496,20.591772313
798,O,oc23,-0.55000001192092896,16.453588937999999,10.954847479,12.513173012999999
799,O,oc23,-0.55000001192092896,13.564147456000001,10.703323548,16.617718298
800,O,oc23,-0.55000001192092896,10.156090977,12.716566851,22.760687229999998
801,O,oc23,-0.55000001192092896,7.9770391250000001,12.73100593,14.516422175000001
802,O,oc23,-0.55000001192092896,13.492996651,12.747326288,18.340806852
803,O,oc23,-0.55000001192092896,9.0189378130000009,11.704712956,18.642877639999998
804,O,oc23,-0.55000001192092896,14.443780200000001,11.57762578,22.545348391000001
805,O,oc23,-0.55000001192092896,11.849085299,11.650132987999999,14.758871893
806,O,oc23,-0.55000001192092896,14.334635068000001,10.943025561000001,14.096930655
807,O,oc23,-0.55000001192092896,8.5815254400000001,10.743221221000001,22.103556252000001
808,O,oc23,-0.55000001192092896,11.456678253,10.969879004999999,18.130932236
809,O,oc23,-0.55000001192092896,8.0643154290000005,13.4577826,16.972257255999999
810,O,oc23,-0.55000001192092896,13.512262474,13.458863556000001,20.802623513
811,O,oc23,-0.55000001192092896,10.973390895,13.622395582999999,13.144556261
812,Si,sc4,1.1000000238418579,15.926731090000001,11.286831961000001,13.993032906
813,Si,sc4,1.1000000238418579,10.063206668999999,11.230715789,22.139511616
814,Si,sc4,1.1000000238418579,13.089606435,11.170136514999999,18.044783525
815,Si,sc4,1.1000000238418579,8.4848998099999999,13.185820284,18.512842688999999
816,Si,sc4,1.1000000238418579,13.84310088,13.049073101999999,22.346915705000001
817,Si,sc4,1.1000000238418579,11.399485767,13.167475211999999,14.613558432
818,Si,sc4,1.1000000238418579,11.180895004,13.645380450999999,23.592258692000001
819,Si,sc4,1.1000000238418579,8.6382840929999993,13.771804502,15.549547906999999
820,Si,sc4,1.1000000238418579,14.134943956000001,13.784150267999999,19.391032501000002
821,Si,sc4,1.1000000238418579,10.29424927,10.753301136999999,19.11308374
822,Si,sc4,0.72500002384185791,15.645005506,10.661927087,23.039676519
823,Si,sc4,1.1000000238418579,13.133978921000001,10.657811139,15.070109788
824,O,oc23,-0.55000001192092896,11.532034066,15.354887565,11.236102653
825,O,oc23,-0.55000001192092896,17.299000519,15.377523201000001,3.1151045169999998
826,O,oc23,-0.55000001192092896,14.327023069000001,15.290123744000001,7.2148446279999998
827,O,oc23,-0.55000001192092896,10.207275456,19.156668345,6.8053655219999998
828,O,oc23,-0.55000001192092896,15.600097692,19.207516935000001,11.004055305
829,O,oc23,-0.55000001192092896,13.241253391000001,19.139857399,2.9456692719999999
830,O,oc23,-0.55000001192092896,13.125933087,18.425879664,11.369973217
831,O,oc23,-0.55000001192092896,10.792561621999999,18.470067902,3.5843410570000001
832,O,oc23,-0.55000001192092896,16.206954175,18.692819692,7.4649660579999999
833,O,oc23,-0.55000001192092896,11.322058296,16.113820601,8.7061469339999995
834,O,oc24,-0.67500001192092896,17.105787069000002,15.987047317,0.53907572000000004
835,O,oc23,-0.55000001192092896,14.172070614000001,15.823376014000001,4.7072883499999998
836,O,oc23,-0.55000001192092896,10.847919268,17.785733309000001,10.602508525999999
837,O,oc23,-0.55000001192092896,8.5594217849999996,17.792185785000001,2.381825858
838,O,oc23,-0.55000001192092896,14.118484126,17.716959555999999,6.4329331710000002
839,O,oc23,-0.55000001192092896,9.5756128090000008,16.622520615999999,6.68625369
840,O,oc23,-0.55000001192092896,14.91007439,16.663359968999998,10.850158944
841,O,oc23,-0.55000001192092896,12.51560394,16.632006006000001,2.9245191429999999
842,O,oc23,-0.55000001192092896,14.93534822,16.086304032000001,2.1360016910000001
843,O,oc23,-0.55000001192092896,9.1851082660000003,15.853403727,10.07027671
844,O,oc23,-0.55000001192092896,12.086305062999999,16.044872231999999,6.2361969119999996
845,O,oc23,-0.55000001192092896,8.5236981230000008,18.354734044000001,4.9982994139999999
846,O,oc23,-0.55000001192092896,14.081490801999999,18.258476983000001,8.9599746380000003
847,O,oc24,-0.67500001192092896,11.542016234,18.273541769000001,1.068794078
848,Si,sc4,1.1000000238418579,16.541633406999999,16.310799902999999,2.0808411329999998
849,Si,sc4,1.1000000238418579,10.728091466,16.304172811000001,10.170987964
850,Si,sc4,1.1000000238418579,13.668315434,16.211647126999999,6.1557638370000003
851,Si,sc4,1.1000000238418579,9.0421758059999995,18.128562690999999,6.4937371869999998
852,Si,sc4,1.1000000238418579,14.437971199,18.187921732,10.522407275999999
853,Si,sc4,1.1000000238418579,12.024135423000001,18.110288297,2.6326821480000002
854,Si,sc4,1.1000000238418579,11.591330052,18.805607066,11.400010943
855,Si,sc4,1.1000000238418579,9.1705509379999999,18.742098816999999,3.5814868729999998
856,Si,sc4,1.1000000238418579,14.616796476999999,18.723265236,7.4919485669999997
857,Si,sc4,1.1000000238418579,10.853694437,15.82222438,7.2002806330000002
858,Si,sc4,1.1000000238418579,16.088527378999999,15.669397976000001,11.090203047999999
859,Si,sc4,1.1000000238418579,13.759565898,15.699007858,3.158237003
860,H,hoy,0.40000000596046448,16.348658399000001,15.798948009,0.0048814669999999996
861,H,hoy,0.40000000596046448,12.263742729000001,18.016755283999998,0.53135050399999995
862,O,oc23,-0.55000001192092896,10.939836403999999,15.172418019,23.046566865999999
863,O,oc23,-0.55000001192092896,16.769704840999999,15.194319853,15.124854717
864,O,oc23,-0.55000001192092896,13.795357223,15.323918172999999,18.988900547
865,O,oc23,-0.55000001192092896,9.8193082460000003,19.264678725,18.676556244
866,O,oc23,-0.55000001192092896,15.063357180000001,19.030244292999999,22.842607950000001
867,O,oc23,-0.55000001192092896,12.786012023,19.047298454,14.823498927999999
868,O,oc23,-0.55000001192092896,12.582913918999999,18.378170004000001,23.510142266999999
869,O,oc23,-0.55000001192092896,10.236622948999999,18.442376716999998,15.352935659
870,O,oc23,-0.55000001192092896,15.590784187000001,18.447642219999999,19.361320302999999
871,O,oc23,-0.55000001192092896,10.594072508,16.156090141,20.519018699
872,O,oc23,-0.55000001192092896,16.523269084999999,16.021504872000001,12.524810646000001
873,O,oc23,-0.55000001192092896,13.622607614,15.979827778000001,16.489828347
874,O,oc23,-0.55000001192092896,10.246171283000001,17.686721888000001,22.648467197999999
875,O,oc23,-0.55000001192092896,7.879145823,17.754032193,14.303685625
876,O,oc23,-0.55000001192092896,13.301518538,17.707436748999999,18.340221675999999
877,O,oc23,-0.55000001192092896,9.0502893019999995,16.711975969000001,18.558875864000001
878,O,oc23,-0.55000001192092896,14.237677097000001,16.527762341999999,22.648597022000001
879,O,oc23,-0.55000001192092896,11.977426600999999,16.579413334000002,14.505759189000001
880,O,oc23,-0.55000001192092896,14.450691697,15.801717396000001,14.117410834999999
881,O,oc23,-0.55000001192092896,8.5221617920000003,15.790556523999999,22.124426872000001
882,O,oc23,-0.55000001192092896,11.394076769,15.969226093,18.028919838
883,O,oc23,-0.55000001192092896,8.1674824039999994,18.452175999000001,16.863352573
884,O,oc23,-0.55000001192092896,13.469925824000001,18.347025995999999,20.964192068999999
885,O,oc23,-0.55000001192092896,11.123300523999999,18.629799951999999,12.950740068
886,Si,sc4,1.1000000238418579,16.024457226999999,16.167810200000002,14.05499371
887,Si,sc4,1.1000000238418579,10.087379992000001,16.188211166999999,22.086066861999999
888,Si,sc4,1.1000000238418579,13.043830953000001,16.226331500000001,17.936464017999999
889,Si,sc4,1.1000000238418579,8.5976171079999997,18.245293476000001,18.41603293
890,Si,sc4,1.1000000238418579,13.817427047000001,18.111961699999998,22.50653303
891,Si,sc4,1.1000000238418579,11.555906888999999,18.171426756999999,14.420456270000001
892,Si,sc4,1.1000000238418579,11.075290198999999,18.625405448999999,23.677171171000001
893,Si,sc4,1.1000000238418579,8.6392532549999999,18.707815879000002,15.354235834000001
894,Si,sc4,1.1000000238418579,13.990741834,18.642528209999998,19.454229538
895,Si,sc4,1.1000000238418579,10.183436464,15.743963159,18.998327301
896,Si,sc4,1.1000000238418579,15.437833738,15.57875565,23.098711443999999
897,Si,sc4,1.1000000238418579,13.184996235,15.581337472,15.048589079999999
898,O,oc23,-0.55000001192092896,11.396614101999999,20.251246561999999,10.815569635999999
899,O,oc23,-0.55000001192092896,17.300905011000001,20.242386879000001,3.3270543749999999
900,O,oc23,-0.55000001192092896,14.207796266000001,20.255605724999999,7.22609279
901,O,oc23,-0.55000001192092896,10.207743122,24.112102370999999,7.0734316929999999
902,O,oc23,-0.55000001192092896,15.507213384,24.15652369,11.030777682
903,O,oc23,-0.55000001192092896,13.247163885000001,24.056091695999999,3.1360986639999999
904,O,oc23,-0.55000001192092896,13.060726606999999,23.416141004,11.400205679000001
905,O,oc23,-0.55000001192092896,10.611867672000001,23.423443954,3.5231533829999999
906,O,oc23,-0.55000001192092896,16.266918823000001,23.603752106999998,7.518475724
907,O,oc23,-0.55000001192092896,10.89065592,21.125199561999999,8.4387962470000009
908,O,oc24,-0.67500001192092896,17.381602159,21.108843865000001,0.88385876200000002
909,O,oc23,-0.55000001192092896,14.121021459,20.768804181,4.590224632
910,O,oc23,-0.55000001192092896,10.699311142000001,22.730897212999999,10.473058752
911,O,oc23,-0.55000001192092896,8.2369973749999996,22.855780511999999,2.6678697109999998
912,O,oc23,-0.55000001192092896,13.953048007,22.753615221,6.4488685510000003
913,O,oc23,-0.55000001192092896,9.5548783190000002,21.688151555000001,6.2903368049999999
914,O,oc23,-0.55000001192092896,14.899724061000001,21.677713216000001,10.431577159
915,O,oc23,-0.55000001192092896,12.522748275,21.536248804,2.6227281059999998
916,O,oc23,-0.55000001192092896,15.023526023000001,20.838172458999999,2.1767285630000002
917,O,oc23,-0.55000001192092896,8.9966013199999999,20.703410495,10.111042334
918,O,oc23,-0.55000001192092896,11.997126257,21.046624447999999,6.0564762840000004
919,O,oc23,-0.55000001192092896,8.5452326190000001,23.778957940000002,5.1276968710000004
920,O,oc23,-0.55000001192092896,14.025733152000001,23.675997391999999,8.9953448260000002
921,O,oc24,-0.67500001192092896,11.667255022999999,23.581696705999999,1.022514699
922,Si,sc4,1.1000000238418579,16.59595423,21.191672125,2.3301305760000002
923,Si,sc4,1.1000000238418579,10.469235712,21.220654221,9.9364700890000002
924,Si,sc4,1.1000000238418579,13.603443285999999,21.228036283000002,6.0436741129999998
925,Si,sc4,1.1000000238418579,8.9871863209999994,23.206338469999999,6.5354784280000002
926,Si,sc4,1.1000000238418579,14.356537726999999,23.236258478,10.494319812000001
927,Si,sc4,1.1000000238418579,11.986909261999999,23.115633391999999,2.6213952329999999
928,Si,sc4,1.1000000238418579,11.471536081,23.598074230000002,11.508264569
929,Si,sc4,1.1000000238418579,9.0582694640000003,23.840060282,3.5677095699999999
930,Si,sc4,1.1000000238418579,14.678595965,23.764135589999999,7.511778659
931,Si,sc4,1.1000000238418579,10.642717664999999,20.733230332000002,6.9467779729999997
932,Si,sc4,1.1000000238418579,16.091500537000002,20.760015176,11.002494514
933,Si,sc4,1.1000000238418579,13.675728427999999,20.593658113,3.0996499210000001
934,H,hoy,0.40000000596046448,12.046465184000001,22.935781054,0.46050786500000002
935,H,hoy,0.40000000596046448,17.761038007,20.229964586000001,0.86080344600000003
936,O,oc23,-0.55000001192092896,10.704519143000001,20.156592226000001,23.234791917999999
937,O,oc23,-0.55000001192092896,16.835946153999998,20.264359390999999,14.976289849
938,O,oc23,-0.55000001192092896,13.596967613,20.201304312000001,19.173095249999999
939,O,oc23,-0.55000001192092896,9.6780116199999995,24.278037965999999,19.070301971999999
940,O,oc23,-0.55000001192092896,15.111701836,23.982297994,22.746902661
941,O,oc23,-0.55000001192092896,12.741171872000001,24.042580783999998,14.832796826999999
942,O,oc23,-0.55000001192092896,12.689153555000001,23.374244731000001,23.474250846
943,O,oc23,-0.55000001192092896,10.303097101000001,23.527269267000001,15.475298413000001
944,O,oc23,-0.55000001192092896,15.608879849999999,23.513165648000001,19.417625054999998
945,O,oc23,-0.55000001192092896,10.659812326000001,20.783137242999999,20.596194070999999
946,O,oc23,-0.55000001192092896,16.484974258000001,21.268982742999999,12.497504062000001
947,O,oc23,-0.55000001192092896,13.558203131000001,20.775570550000001,16.660304362000002
948,O,oc23,-0.55000001192092896,10.40426207,22.651889456999999,22.345355882
949,O,oc23,-0.55000001192092896,7.9626171220000002,22.729697378000001,14.443017505
950,O,oc23,-0.55000001192092896,13.481812485000001,22.719761287000001,18.339636500000001
951,O,oc23,-0.55000001192092896,8.8485603630000007,21.736552240999998,18.818684179000002
952,O,oc23,-0.55000001192092896,14.314770236999999,21.542052868999999,22.656008601
953,O,oc23,-0.55000001192092896,11.868950131,21.563307947999999,14.839623230999999
954,O,oc23,-0.55000001192092896,14.358408388000001,21.025418999999999,14.167409447000001
955,O,oc23,-0.55000001192092896,8.4125151640000002,20.910016543000001,22.066430535999999
956,O,oc23,-0.55000001192092896,11.461352916999999,21.206460436,18.160578554000001
957,O,oc23,-0.55000001192092896,8.0908250890000009,23.411701289,17.066792194000001
958,O,oc23,-0.55000001192092896,13.485852317000001,23.38611641,20.896249684000001
959,O,oc23,-0.55000001192092896,10.960803732,23.356349841,13.019072893000001
960,Si,sc4,1.1000000238418579,15.93768242,21.291817347999999,14.030027829
961,Si,sc4,1.1000000238418579,10.029218344,21.115119646,22.090618444
962,Si,sc4,1.1000000238418579,13.037086622,21.214831609000001,18.096862222999999
963,Si,sc4,1.1000000238418579,8.4374904839999996,23.291738938999998,18.623177371000001
964,Si,sc4,1.1000000238418579,13.874452368,23.061649119999998,22.463817142
965,Si,sc4,1.1000000238418579,11.491168074999999,23.128251475999999,14.534237093
966,Si,sc4,1.1000000238418579,11.106040688,23.619784556999999,23.439272066000001
967,Si,sc4,1.1000000238418579,8.6495020910000004,23.742568436999999,15.548637203
968,Si,sc4,1.1000000238418579,14.085062969000001,23.734906121000002,19.477440860000002
969,Si,sc4,1.1000000238418579,10.213552121999999,20.763571937999998,19.021344856999999
970,Si,sc4,1.1000000238418579,15.540634540999999,20.567361776999999,23.095330214000001
971,Si,sc4,1.1000000238418579,13.158184085,20.599341447,15.110550852999999
972,O,oc23,-0.55000001192092896,11.320822464999999,25.191338547000001,11.068682340000001
973,O,oc23,-0.55000001192092896,17.327514174000001,25.345803535000002,2.9184920270000001
974,O,oc23,-0.55000001192092896,14.43983987,25.324110616999999,7.1595799199999997
975,O,oc23,-0.55000001192092896,10.213217791,29.156058387000002,6.9783115789999997
976,O,oc23,-0.55000001192092896,15.590784187000001,29.068868365,10.985915828
977,O,oc23,-0.55000001192092896,13.180755405999999,29.115148875999999,2.8290410449999999
978,O,oc23,-0.55000001192092896,13.166932412,28.352518762999999,11.485638421999999
979,O,oc23,-0.55000001192092896,10.653201329,28.197112096000001,3.5838014170000001
980,O,oc23,-0.55000001192092896,16.098945370999999,28.454844769000001,7.4082059539999996
981,O,oc23,-0.55000001192092896,11.072619531000001,26.058002889000001,8.5774780400000008
982,O,oc24,-0.67500001192092896,17.099743239999999,26.120395883,0.44400474400000001
983,O,oc23,-0.55000001192092896,14.109369627,25.950341221999999,4.5522153400000001
984,O,oc23,-0.55000001192092896,10.919436245,27.754224117,10.442305057
985,O,oc23,-0.55000001192092896,8.2941898619999996,27.772952200999999,2.5667157
986,O,oc23,-0.55000001192092896,13.846740709000001,27.796039967999999,6.5434756670000001
987,O,oc23,-0.55000001192092896,9.5557798189999996,26.637883343999999,6.6155147660000004
988,O,oc23,-0.55000001192092896,14.896585728,26.637220738,10.503031566000001
989,O,oc23,-0.55000001192092896,12.541713596999999,26.547520091999999,2.5250461529999999
990,O,oc23,-0.55000001192092896,15.027798692999999,25.874312070999999,2.1482249850000001
991,O,oc23,-0.55000001192092896,8.9171380130000006,26.151225998000001,10.16676191
992,O,oc23,-0.55000001192092896,12.023068748,25.928474207000001,6.0840822369999996
993,O,oc23,-0.55000001192092896,8.6078341040000002,28.521736722,5.0853898319999997
994,O,oc23,-0.55000001192092896,13.969139674999999,28.526793309999999,8.9871523660000001
995,O,oc24,-0.89999997615814209,11.311674135000001,28.39360289,1.138044026
996,Si,sc4,1.1000000238418579,16.521099913,26.405086977,2.051537782
997,Si,sc4,1.1000000238418579,10.543423356,26.242565748000001,10.037897311
998,Si,sc4,1.1000000238418579,13.60785128,26.252052176999999,6.1277480659999997
999,Si,sc4,1.1000000238418579,9.0907214589999992,28.173780074,6.592888619
1000,Si,sc4,1.1000000238418579,14.381745884000001,28.170467047999999,10.442956112999999
1001,Si,sc4,0.72500002384185791,11.943004440999999,28.111038888,2.5950826720000002
1002,Si,sc4,1.1000000238418579,11.621714368999999,28.688582295,11.526209311000001
1003,Si,sc4,1.1000000238418579,9.1491159450000001,28.676131552000001,3.5724234309999998
1004,Si,sc4,1.1000000238418579,14.553259662,28.823412339000001,7.5174351960000001
1005,Si,sc4,1.1000000238418579,10.751194134,25.672590073999999,7.072261342
1006,Si,sc4,1.1000000238418579,16.030934889000001,25.711860480999999,11.035783647000001
1007,Si,sc4,1.1000000238418579,13.727480076000001,25.613475287,3.087485
1008,H,hoy,0.40000000596046448,16.329886953999999,25.870503200000002,-0.043980805999999997
1009,O,oc23,-0.55000001192092896,10.815467272999999,25.169122560999998,23.049298976999999
1010,O,oc23,-0.55000001192092896,16.738622011,25.252650065000001,15.029864427
1011,O,oc23,-0.55000001192092896,13.696060924999999,25.273540840999999,19.196304636000001
1012,O,oc23,-0.55000001192092896,9.7229194329999995,29.185702568,18.789882683999998
1013,O,oc23,-0.55000001192092896,14.886334901,29.010102809999999,23.063407136999999
1014,O,oc23,-0.55000001192092896,12.677501722000001,29.087457172000001,14.961270986000001
1015,O,oc23,-0.55000001192092896,12.448494957999999,28.089101715999998,23.517943318
1016,O,oc23,-0.55000001192092896,10.185573794,28.288765738999999,15.414181464
1017,O,oc23,-0.55000001192092896,15.434595902,28.286882381000002,19.513526047999999
1018,O,oc23,-0.55000001192092896,10.541686028999999,26.216723102,20.566871343999999
1019,O,oc23,-0.55000001192092896,16.485008089000001,26.145611261999999,12.538919774
1020,O,oc23,-0.55000001192092896,13.573661958000001,25.945563188000001,16.629030403000002
1021,O,oc23,-0.55000001192092896,10.069417662999999,27.768662676000002,22.675123694
1022,O,oc23,-0.55000001192092896,7.8475276650000003,27.609000784999999,14.383851786999999
1023,O,oc23,-0.55000001192092896,13.188634073999999,27.776195589,18.457967936999999
1024,O,oc23,-0.55000001192092896,8.9019140130000007,26.679978788,18.731560820999999
1025,O,oc23,-0.55000001192092896,14.302282577,26.430442153000001,22.515700136
1026,O,oc23,-0.55000001192092896,11.926978445,26.548496589999999,14.683256344
1027,O,oc23,-0.55000001192092896,14.429523372,25.866464745999998,14.096540214999999
1028,O,oc23,-0.55000001192092896,8.4546189760000008,25.833716453000001,21.937176466
1029,O,oc23,-0.55000001192092896,11.361523281,25.996133224000001,18.170071189000002
1030,O,oc23,-0.55000001192092896,8.1208074129999996,28.359494047999998,16.892611357
1031,O,oc23,-0.55000001192092896,13.334706857,28.543184866000001,20.987922687000001
1032,O,oc23,-0.55000001192092896,11.080532031000001,28.396218490999999,13.034352372000001
1033,Si,sc4,1.1000000238418579,15.920520096000001,26.237822533999999,14.058700469
1034,Si,sc4,1.1000000238418579,9.9706885330000006,26.203539594999999,22.071371589000002
1035,Si,sc4,1.1000000238418579,12.970879138999999,26.225197693999998,18.133858114999999
1036,Si,sc4,1.1000000238418579,8.5571511200000003,28.230000185000002,18.439633724
1037,Si,sc4,1.1000000238418579,13.761868403999999,28.009166572000002,22.527209883000001
1038,Si,sc4,1.1000000238418579,11.505725403,28.088822642,14.506214541
1039,Si,sc4,1.1000000238418579,10.973757066999999,28.650219267000001,23.683152752000002
1040,Si,sc4,1.1000000238418579,8.6395537539999996,28.656880138999998,15.377317333000001
1041,Si,sc4,1.1000000238418579,13.896655527,28.745534649,19.492523667
1042,Si,sc4,1.1000000238418579,10.172250307000001,25.794934555000001,19.08402066
1043,Si,sc4,0.72500002384185791,15.469987223,25.468357191999999,22.900734109999998
1044,Si,sc4,1.1000000238418579,13.136950088000001,25.603500869000001,15.075116721000001
1045,O,oc23,-0.55000001192092896,11.428731766,30.231837842000001,11.199041849
1046,O,oc23,-0.55000001192092896,17.410481987000001,30.367191214000002,2.8928295550000001
1047,O,oc23,-0.55000001192092896,14.276875413000001,30.333500723,7.0844197229999999
1048,O,oc23,-0.55000001192092896,10.111851825,34.099672314999999,7.0247986530000004
1049,O,oc23,-0.55000001192092896,15.635857176,34.141872217,10.999569604
1050,O,oc23,-0.55000001192092896,13.228331897,34.011925703999999,2.954895235
1051,O,oc23,-0.55000001192092896,13.171973248,33.354934102999998,11.473220877999999
1052,O,oc23,-0.55000001192092896,10.754232964,33.433405278999999,3.5404608739999999
1053,O,oc23,-0.55000001192092896,16.153501021,33.493740299000002,7.4160079740000002
1054,O,oc23,-0.55000001192092896,11.283562473,30.935632763000001,8.594187518
1055,O,oc24,-0.67500001192092896,16.764063006000001,30.915334693999998,0.42586553900000002
1056,O,oc23,-0.55000001192092896,14.055814979000001,30.961370950999999,4.4808001700000002
1057,O,oc23,-0.55000001192092896,10.970885403,32.813870885999997,10.307004493999999
1058,O,oc23,-0.55000001192092896,8.3891119970000005,32.740630914,2.5241683899999998
1059,O,oc23,-0.55000001192092896,13.829045047999999,32.715172318999997,6.3513815759999996
1060,O,oc23,-0.55000001192092896,9.4503740199999999,31.644937441,6.7862504289999999
1061,O,oc23,-0.55000001192092896,15.038149023000001,31.650830730999999,10.526828065
1062,O,oc23,-0.55000001192092896,12.403354307000001,31.573580827000001,2.6404454140000002
1063,O,oc23,-0.55000001192092896,14.905566892,30.919798835000002,1.9715859739999999
1064,O,oc23,-0.55000001192092896,9.1609687740000005,30.873344747000001,10.02632459
1065,O,oc23,-0.55000001192092896,11.937728778,30.978111218999999,6.0344740659999996
1066,O,oc23,-0.55000001192092896,8.5431967830000008,33.380777268999999,5.012388681
1067,O,oc23,-0.55000001192092896,14.01347833,33.508178338,8.9933935950000006
1068,O,oc24,-0.67500001192092896,11.442755756,33.380324098999999,1.0326054680000001
1069,Si,sc4,1.1000000238418579,16.461336262,31.309501175000001,1.9207553770000001
1070,Si,sc4,1.1000000238418579,10.696473309,31.224544262999999,10.067610479000001
1071,Si,sc4,1.1000000238418579,13.489625480999999,31.235948350000001,5.9921544320000004
1072,Si,sc4,1.1000000238418579,8.9041508470000004,33.135635135999998,6.5519926860000002
1073,Si,sc4,1.1000000238418579,14.454164361,33.162036448999999,10.506347885
1074,Si,sc4,1.1000000238418579,11.978895269000001,33.082867849000003,2.5878137539999999
1075,Si,sc4,1.1000000238418579,11.604552046,33.728733917,11.442076742999999
1076,Si,sc4,1.1000000238418579,9.1653091060000005,33.720537358999998,3.5465269849999999
1077,Si,sc4,1.1000000238418579,14.542575002,33.669130621999997,7.4518325450000003
1078,Si,sc4,1.1000000238418579,10.741478635,30.631898652,7.1119869229999999
1079,Si,sc4,1.1000000238418579,16.159710024999999,30.588757071,11.030842593999999
1080,Si,sc4,1.1000000238418579,13.621739946,30.616205041000001,2.9240509540000001
1081,H,hoy,0.40000000596046448,11.569808897,34.300647394000002,0.87098771100000005
1082,H,hoy,0.40000000596046448,16.276738788999999,30.113919206999999,0.32145815100000003
1083,O,oc23,-0.55000001192092896,10.836165941999999,30.194556290000001,23.250591662000001
1084,O,oc23,-0.55000001192092896,16.776883005999998,30.131849404,15.09741734
1085,O,oc23,-0.55000001192092896,13.673457763,30.252135911,18.944429133
1086,O,oc23,-0.55000001192092896,9.7288617679999998,34.080247325999999,18.790793388000001
1087,O,oc23,-0.55000001192092896,15.080051837999999,34.009762752,22.754705649000002
1088,O,oc23,-0.55000001192092896,12.639037739999999,34.069435685999998,14.816411907999999
1089,O,oc23,-0.55000001192092896,12.671424063,33.301190837,23.415475568000002
1090,O,oc23,-0.55000001192092896,10.179896138,33.299899926000002,15.470421303
1091,O,oc23,-0.55000001192092896,15.630949675,33.609701942000001,19.327835465
1092,O,oc23,-0.55000001192092896,10.631899669999999,30.872716960999998,20.631043027
1093,O,oc23,-0.55000001192092896,16.600495558999999,30.915857503000002,12.583066628999999
1094,O,oc23,-0.55000001192092896,13.512863472999999,30.955720877000001,16.519151074
1095,O,oc23,-0.55000001192092896,10.386100733999999,32.707150378000001,22.485923995
1096,O,oc23,-0.55000001192092896,7.815041839,32.654104535999998,14.378910734
1097,O,oc23,-0.55000001192092896,13.336509856999999,32.790433886999999,18.308883774000002
1098,O,oc23,-0.55000001192092896,8.8420170280000008,31.638938135,18.744955917999999
1099,O,oc23,-0.55000001192092896,14.260447424000001,31.497586496,22.499317155
1100,O,oc23,-0.55000001192092896,11.947645273999999,31.514083548999999,14.670383448000001
1101,O,oc23,-0.55000001192092896,14.424482536999999,30.831353759999999,14.043681605
1102,O,oc23,-0.55000001192092896,8.5123129590000008,30.904209161000001,22.184568206000002
1103,O,oc23,-0.55000001192092896,11.331606628999999,31.129716349999999,18.094781168000001
1104,O,oc23,-0.55000001192092896,8.0668189310000002,33.242912752999999,16.931231015000002
1105,O,oc23,-0.55000001192092896,13.427356337999999,33.381893564000002,20.830775888000002
1106,O,oc23,-0.55000001192092896,10.976863559,33.229730285000002,12.863291180999999
1107,Si,sc4,1.1000000238418579,16.032369726999999,31.171567020000001,14.07287354
1108,Si,sc4,1.1000000238418579,10.110048826,31.154792452999999,22.154919951
1109,Si,sc4,1.1000000238418579,12.923169314000001,31.286134854,18.005512810999999
1110,Si,sc4,1.1000000238418579,8.4585234840000005,33.125870153000001,18.471297153999998
1111,Si,sc4,1.1000000238418579,13.835755549,33.022916361,22.362911152999999
1112,Si,sc4,1.1000000238418579,11.404226102000001,33.027066609000002,14.453225139000001
1113,Si,sc4,1.1000000238418579,11.119662685,33.670036961999998,23.525161130000001
1114,Si,sc4,1.1000000238418579,8.6323417580000008,33.556865016000003,15.49486789
1115,Si,sc4,1.1000000238418579,14.021526154,33.781291248999999,19.400329431999999
1116,Si,sc4,1.1000000238418579,10.086311327000001,30.732829808999998,19.095788117000001
1117,Si,sc4,1.1000000238418579,15.385148749000001,30.546871062000001,23.062302666000001
1118,Si,sc4,1.1000000238418579,13.17327674,30.593186912,15.040787061
1119,O,oc23,-0.55000001192092896,19.649599980000001,0.35273450899999997,11.066081990000001
1120,O,oc23,-0.55000001192092896,25.662634026999999,0.56045477300000002,3.0584158650000002
1121,O,oc23,-0.55000001192092896,22.582205978000001,0.50897839700000003,7.2010610279999998
1122,O,oc23,-0.55000001192092896,18.572709972999998,4.2235343350000001,7.048985107
1123,O,oc23,-0.55000001192092896,23.909175799,4.3197913960000003,10.956137749
1124,O,oc23,-0.55000001192092896,21.616445198000001,4.2402746029999996,2.626148089
1125,O,oc23,-0.55000001192092896,21.502339206999999,3.2790957220000001,11.43824113
1126,O,oc23,-0.55000001192092896,19.124443636999999,3.6461291660000001,3.367215689
1127,O,oc23,-0.55000001192092896,24.396670404000002,3.453858259,7.407361131
1128,O,oc23,-0.55000001192092896,19.453345710000001,1.178071509,8.5579075949999996
1129,O,oc24,-0.67500001192092896,25.401040938000001,1.362145859,0.57055125699999998
1130,O,oc23,-0.55000001192092896,22.445292968,1.1832673739999999,4.5738271179999996
1131,O,oc23,-0.55000001192092896,18.980309177999999,2.8385094519999998,10.579297202999999
1132,O,oc23,-0.55000001192092896,16.711877522999998,2.9221764929999998,2.3732499819999999
1133,O,oc23,-0.55000001192092896,22.141871690999999,3.0054257029999998,6.3658026689999998
1134,O,oc23,-0.55000001192092896,17.810702029000002,1.80761514,6.5385990420000004
1135,O,oc23,-0.55000001192092896,23.351403281,1.758893123,10.459080416000001
1136,O,oc23,-0.55000001192092896,20.756440064,1.7804467639999999,2.589517206
1137,O,oc23,-0.55000001192092896,23.307338011999999,1.1735366899999999,2.217182465
1138,O,oc23,-0.55000001192092896,17.271022191,1.0473911929999999,10.048560297
1139,O,oc23,-0.55000001192092896,20.276888462999999,1.2967189130000001,6.0547008959999999
1140,O,oc23,-0.55000001192092896,16.975473612999998,3.8683571090000002,4.8827441709999997
1141,O,oc23,-0.55000001192092896,22.277966785,3.5914088820000001,8.9196643649999992
1142,O,oc24,-0.67500001192092896,19.860375756,3.3839328719999999,0.81274278
1143,Si,sc4,1.1000000238418579,24.866669598000001,1.5554977219999999,2.1211128939999999
1144,Si,sc4,1.1000000238418579,18.837342886999998,1.3569489539999999,10.049730649000001
1145,Si,sc4,1.1000000238418579,21.906194228,1.4979867,6.0204303340000003
1146,Si,sc4,1.1000000238418579,17.362837833,3.3985112279999998,6.4258330719999996
1147,Si,sc4,1.1000000238418579,22.788706098999999,3.2743873269999999,10.429822601
1148,Si,sc4,1.1000000238418579,20.329473948,3.2884428739999998,2.383763283
1149,Si,sc4,1.1000000238418579,19.977600551999998,3.7734605970000001,11.463078156
1150,Si,sc4,1.1000000238418579,17.521664945000001,3.9621051039999999,3.3791788500000002
1151,Si,sc4,1.1000000238418579,22.858750178000001,3.9168712490000002,7.4591796969999997
1152,Si,sc4,1.1000000238418579,19.040639998,0.95409844600000004,7.0001573309999996
1153,Si,sc4,1.1000000238418579,24.526315197999999,0.74972602700000002,10.981558981999999
1154,Si,sc4,1.1000000238418579,22.001068849999999,0.84720436099999996,3.0470117210000001
1155,H,hoy,0.40000000596046448,24.518460629,1.447000506,0.162230977
1156,H,hoy,0.40000000596046448,20.518140477999999,2.9521389099999999,0.29452975399999998
1157,O,oc23,-0.55000001192092896,19.036500662000002,0.34091155200000001,23.135251984
1158,O,oc23,-0.55000001192092896,25.180347671,0.44825880699999998,14.864004905
1159,O,oc23,-0.55000001192092896,22.153951387999999,0.48746009499999998,19.106710751000001
1160,O,oc23,-0.55000001192092896,18.170087922,4.2824381269999998,19.106191456000001
1161,O,oc23,-0.55000001192092896,23.623323068000001,4.2919255959999996,22.817641099999999
1162,O,oc23,-0.55000001192092896,20.994241021000001,4.2813925099999999,15.105674712000001
1163,O,oc23,-0.55000001192092896,21.153196802,3.5168094000000001,23.379781788999999
1164,O,oc23,-0.55000001192092896,18.561491974999999,3.404579134,15.477704028
1165,O,oc23,-0.55000001192092896,23.877724558000001,3.5726459789999998,19.492523667
1166,O,oc23,-0.55000001192092896,18.996335173999999,0.81878041300000004,20.471815173
1167,O,oc23,-0.55000001192092896,24.884131426,1.224595235,12.415062109000001
1168,O,oc23,-0.55000001192092896,22.102467403999999,1.1699445900000001,16.585403811999999
1169,O,oc23,-0.55000001192092896,18.797577402000002,2.851936174,22.394964053999999
1170,O,oc23,-0.55000001192092896,16.111532533999998,2.8583533120000002,14.62727712
1171,O,oc23,-0.55000001192092896,21.542424595,2.9329184939999999,18.466811452999998
1172,O,oc23,-0.55000001192092896,17.379799160000001,1.6927687520000001,18.648859219999999
1173,O,oc23,-0.55000001192092896,22.769407938000001,1.8199609059999999,22.270714980000001
1174,O,oc23,-0.55000001192092896,20.358450084000001,1.829830866,14.656794583
1175,O,oc23,-0.55000001192092896,22.738470880000001,0.922570907,14.070143366
1176,O,oc23,-0.55000001192092896,16.780055170000001,1.083766405,21.933795236000002
1177,O,oc23,-0.55000001192092896,19.913329402999999,0.92731360100000004,18.001676229000001
1178,O,oc23,-0.55000001192092896,16.611313553999999,3.7222627749999999,17.052098859000001
1179,O,oc23,-0.55000001192092896,21.842997838999999,3.8342155259999999,20.910228020000002
1180,O,oc23,-0.55000001192092896,19.400827885999998,3.6645085380000002,12.980257530999999
1181,Si,sc4,1.1000000238418579,24.306723681000001,1.3624940510000001,13.9339321
1182,Si,sc4,1.1000000238418579,18.389645856000001,1.3126224790000001,21.964743666
1183,Si,sc4,1.1000000238418579,21.452801754999999,1.416725826,18.065264674000002
1184,Si,sc4,1.1000000238418579,16.977911443,3.2881632810000001,18.573179727999999
1185,Si,sc4,1.1000000238418579,22.410369312,3.3407912909999999,22.317658858000001
1186,Si,sc4,1.1000000238418579,19.827555599,3.3165175910000002,14.509270243
1187,Si,sc4,1.1000000238418579,19.536046852999998,3.780366243,23.447919878
1188,Si,sc4,1.1000000238418579,17.061848417,3.8084056209999999,15.526336583999999
1189,Si,sc4,1.1000000238418579,22.31572504,3.9210557970000002,19.417754878
1190,Si,sc4,1.1000000238418579,18.611072461999999,0.59857406599999996,18.910295176000002
1191,Si,sc4,1.1000000238418579,23.737061767,0.78062578100000002,23.017699489999998
1192,Si,sc4,1.1000000238418579,21.534307988999998,0.79949366200000005,15.074141106000001
1193,O,oc23,-0.55000001192092896,19.878505251,5.3638681760000004,11.047422249
1194,O,oc23,-0.55000001192092896,25.851341471000001,5.4385372969999999,3.0958593579999998
1195,O,oc23,-0.55000001192092896,22.683801796000001,5.4401421010000002,7.0980085869999998
1196,O,oc23,-0.55000001192092896,18.766994078,9.2891440319999994,6.8990551519999999
1197,O,oc23,-0.55000001192092896,24.078852249000001,9.1499896439999997,10.759459619999999
1198,O,oc23,-0.55000001192092896,21.503083740000001,9.3173590649999998,2.923569928
1199,O,oc23,-0.55000001192092896,21.548501134999999,8.5064258049999992,11.362236108999999
1200,O,oc23,-0.55000001192092896,19.134493466999999,8.4264891019999997,3.255541837
1201,O,oc23,-0.55000001192092896,24.480206379999998,8.5623320219999997,7.2400711260000001
1202,O,oc23,-0.55000001192092896,19.609533995,6.0937858560000002,8.5080397760000004
1203,O,oc24,-0.89999997615814209,25.665672358999998,6.1574333819999998,0.61415059900000002
1204,O,oc23,-0.55000001192092896,22.521103262,5.9737768630000003,4.5119694949999998
1205,O,oc23,-0.55000001192092896,19.222637439,7.9255678129999998,10.439314267
1206,O,oc23,-0.55000001192092896,16.720625850000001,7.972163256,2.4394378090000002
1207,O,oc23,-0.55000001192092896,22.093365964,7.8517717720000002,6.3651002649999997
1208,O,oc23,-0.55000001192092896,18.036970463999999,6.7134231480000004,6.5065456560000001
1209,O,oc23,-0.55000001192092896,23.229361034,6.7737238680000003,10.614991951
1210,O,oc23,-0.55000001192092896,20.930283430999999,6.7645877099999998,2.385700951
1211,O,oc23,-0.55000001192092896,23.444197788,5.9670458330000002,2.0658544829999999
1212,O,oc23,-0.55000001192092896,17.396059984000001,5.9782067049999998,10.035947049000001
1213,O,oc23,-0.55000001192092896,20.417839151999999,5.8829266609999999,6.0339412069999998
1214,O,oc23,-0.55000001192092896,17.114334399000001,8.6288045859999993,4.9068783079999996
1215,O,oc23,-0.55000001192092896,22.333130026999999,8.4656903900000007,8.8569226810000004
1216,O,oc24,-0.67500001192092896,20.072120693999999,8.6580298970000005,0.78951861999999995
1217,Si,sc4,0.72500002384185791,25.026330049999999,6.3305214760000004,2.1024853669999999
1218,Si,sc4,1.1000000238418579,18.996936173999998,6.3475070379999998,10.006559409999999
1219,Si,sc4,1.1000000238418579,21.956038771999999,6.3366247209999997,5.9824341209999998
1220,Si,sc4,1.1000000238418579,17.544500943999999,8.2675261930000001,6.4023553189999998
1221,Si,sc4,1.1000000238418579,22.79701288,8.2387873129999996,10.412917417999999
1222,Si,sc4,1.1000000238418579,20.418186052999999,8.3251411530000006,2.3447464039999999
1223,Si,sc4,1.1000000238418579,19.961875056,8.9596374339999993,11.429918846
1224,Si,sc4,1.1000000238418579,17.622895586999999,8.8673549650000005,3.3602134420000001
1225,Si,sc4,1.1000000238418579,22.899827116000001,8.8392812880000005,7.3624338800000002
1226,Si,sc4,1.1000000238418579,19.167980296,5.6849350019999996,7.0364367699999999
1227,Si,sc4,1.1000000238418579,24.466116966000001,5.8678597970000004,10.994757406
1228,Si,sc4,1.1000000238418579,22.107665952000001,5.7588017210000002,2.937463975
1229,H,hoy,0.40000000596046448,20.826726641,8.3332990329999994,0.304409561
1230,O,oc23,-0.55000001192092896,19.217528942000001,5.3022079460000002,23.160023129999999
1231,O,oc23,-0.55000001192092896,25.148729513999999,5.3546260019999998,15.082008037
1232,O,oc23,-0.55000001192092896,22.157687487,5.4229840019999997,18.968289574
1233,O,oc23,-0.55000001192092896,18.034532634000001,9.1075454869999994,18.855158838000001
1234,O,oc23,-0.55000001192092896,23.237360598999999,9.2404573540000001,23.137656629999999
1235,O,oc23,-0.55000001192092896,20.996731774000001,9.1761799629999992,14.900934916000001
1236,O,oc23,-0.55000001192092896,20.764242799000002,8.2466346379999997,23.491676293000001
1237,O,oc23,-0.55000001192092896,18.620923285,8.5273152809999999,15.509367458
1238,O,oc23,-0.55000001192092896,23.828844823000001,8.3677245869999997,19.473929806000001
1239,O,oc23,-0.55000001192092896,18.941278026999999,6.1339620840000002,20.693525062999999
1240,O,oc23,-0.55000001192092896,24.840360438000001,6.1711386580000003,12.506930816000001
1241,O,oc23,-0.55000001192092896,21.819803379,6.3474363599999997,16.545158450999999
1242,O,oc23,-0.55000001192092896,18.442531842000001,7.8037461400000003,22.676943164000001
1243,O,oc23,-0.55000001192092896,16.299472310999999,7.7753232309999998,14.506994453000001
1244,O,oc23,-0.55000001192092896,21.473452165000001,7.8914594899999999,18.615765791000001
1245,O,oc23,-0.55000001192092896,17.296930850999999,6.6779199770000002,18.596846403000001
1246,O,oc23,-0.55000001192092896,22.744056495999999,6.7544371170000002,22.627011402000001
1247,O,oc23,-0.55000001192092896,20.321794285999999,6.7272697800000003,14.372018449
1248,O,oc23,-0.55000001192092896,22.716444838000001,5.8760542750000004,14.04121011
1249,O,oc23,-0.55000001192092896,16.806298162000001,5.8138015980000004,22.171760222
1250,O,oc23,-0.55000001192092896,19.804952437000001,5.929798581,18.133402762999999
1251,O,oc23,-0.55000001192092896,16.398567613000001,8.5556342520000008,16.990853053999999
1252,O,oc23,-0.55000001192092896,21.820898537000001,8.6875358400000007,21.087270791000002
1253,O,oc23,-0.55000001192092896,19.461793536999998,8.7977434710000004,12.900091369
1254,Si,sc4,1.1000000238418579,24.315304345000001,6.3014001029999998,14.011172383
1255,Si,sc4,1.1000000238418579,18.354654537999998,6.2794982700000004,22.157520301000002
1256,Si,sc4,1.1000000238418579,21.326682922,6.4204674170000002,18.045432643000002
1257,Si,sc4,1.1000000238418579,16.828700327,8.1952975390000002,18.465445397
1258,Si,sc4,1.1000000238418579,22.120753865000001,8.1977733439999998,22.593462621
1259,Si,sc4,1.1000000238418579,19.803784269000001,8.2869875610000001,14.396855476000001
1260,Si,sc4,1.1000000238418579,19.311448083999998,8.6867687769999993,23.614169838999999
1261,Si,sc4,1.1000000238418579,17.028526763999999,8.8277711839999995,15.503450789
1262,Si,sc4,1.1000000238418579,22.385976210999999,8.8415117989999992,19.555397112000001
1263,Si,sc4,1.1000000238418579,18.552944645,5.8133130890000002,19.13987006
1264,Si,sc4,1.1000000238418579,23.965033449,5.8261473639999997,23.028232653
1265,Si,sc4,1.1000000238418579,21.427173321000001,5.7790654899999998,15.030449602999999
1266,O,oc23,-0.55000001192092896,19.772265614999998,10.497661257000001,10.944109675
1267,O,oc23,-0.55000001192092896,25.724067342000001,10.44848607,2.6993120039999998
1268,O,oc23,-0.55000001192092896,22.679554748000001,10.398718435999999,7.008999878
1269,O,oc23,-0.55000001192092896,18.608501298,14.258600606,7.0708962550000001
1270,O,oc23,-0.55000001192092896,23.961828199999999,14.093149882000001,10.978698983999999
1271,O,oc23,-0.55000001192092896,21.46837725,14.319354496000001,3.0564588210000001
1272,O,oc23,-0.55000001192092896,21.520672435000002,13.442786413,11.387462607
1273,O,oc23,-0.55000001192092896,19.031290671000001,13.442855012000001,3.5110601560000001
1274,O,oc23,-0.55000001192092896,24.513193701999999,13.630556800999999,7.3498206320000001
1275,O,oc23,-0.55000001192092896,19.548500682,11.218893871000001,8.4639578330000003
1276,O,oc24,-0.67500001192092896,25.140316015,11.174637034,0.22505492599999999
1277,O,oc23,-0.55000001192092896,22.465522479000001,11.256908186,4.4840380130000002
1278,O,oc23,-0.55000001192092896,19.132756140000001,12.985215621,10.382684955
1279,O,oc23,-0.55000001192092896,16.591281555999998,12.860847465000001,2.6130925679999999
1280,O,oc23,-0.55000001192092896,22.136399385000001,12.925368070999999,6.4182911840000001
1281,O,oc23,-0.55000001192092896,17.873570182000002,11.826848522000001,6.5198089919999997
1282,O,oc23,-0.55000001192092896,23.218837070999999,11.587915649999999,10.729162246
1283,O,oc23,-0.55000001192092896,20.801022751000001,11.837834776999999,2.4573045590000002
1284,O,oc23,-0.55000001192092896,23.173953885,10.948850251,1.956163834
1285,O,oc23,-0.55000001192092896,17.443670306000001,11.130274180000001,9.9936855449999999
1286,O,oc23,-0.55000001192092896,20.376241350000001,11.128076929000001,6.0284668110000004
1287,O,oc23,-0.55000001192092896,16.967025786000001,13.648901873,5.070059004
1288,O,oc23,-0.55000001192092896,22.400897223000001,13.477975691999999,8.9262960329999999
1289,O,oc24,-0.67500001192092896,19.980673212999999,13.900775037000001,1.0144070730000001
1290,Si,sc4,1.1000000238418579,24.753618964000001,11.401538031999999,1.8044848920000001
1291,Si,sc4,1.1000000238418579,18.986518182000001,11.448272752999999,9.9213863139999994
1292,Si,sc4,1.1000000238418579,21.949374541000001,11.433937611999999,5.9828308579999998
1293,Si,sc4,1.1000000238418579,17.390183320999999,13.318592873,6.5817058529999999
1294,Si,sc4,1.1000000238418579,22.737853214000001,13.132878379999999,10.489507614000001
1295,Si,sc4,1.1000000238418579,20.289407963999999,13.366408549999999,2.4871083129999998
1296,Si,sc4,1.1000000238418579,19.922744401999999,13.887244377,11.472765526
1297,Si,sc4,1.1000000238418579,17.453085304999998,13.807866861000001,3.5216383690000002
1298,Si,sc4,1.1000000238418579,22.962092031000001,13.889300272,7.4401944279999999
1299,Si,sc4,1.1000000238418579,19.086081149000002,10.857580139,6.9528898620000001
1300,Si,sc4,1.1000000238418579,24.533092863,10.652510296000001,11.004380833000001
1301,Si,sc4,1.1000000238418579,21.996791826999999,10.846593884000001,2.9993671339999999
1302,H,hoy,0.40000000596046448,19.218428553999999,13.421801996999999,0.72198642300000004
1303,O,oc23,-0.55000001192092896,19.114326145,10.19602046,23.240254203999999
1304,O,oc23,-0.55000001192092896,25.165690343000001,10.267272096999999,15.043583115000001
1305,O,oc23,-0.55000001192092896,22.257106174,10.379117792000001,19.006845289000001
1306,O,oc23,-0.55000001192092896,18.152426091999999,14.11934228,18.864717354
1307,O,oc23,-0.55000001192092896,23.348194549999999,14.216786314,22.943579821
1308,O,oc23,-0.55000001192092896,20.935138008999999,14.291627972000001,14.933833610000001
1309,O,oc23,-0.55000001192092896,20.874455756,13.578348700999999,23.297210012000001
1310,O,oc23,-0.55000001192092896,18.542094809000002,13.427754887000001,15.446820509
1311,O,oc23,-0.55000001192092896,23.924767712000001,13.596587756,19.452799539000001
1312,O,oc23,-0.55000001192092896,19.041274827999999,10.667367206,20.656399348000001
1313,O,oc23,-0.55000001192092896,24.968869899000001,10.887015405,12.589763208999999
1314,O,oc23,-0.55000001192092896,21.964328886000001,11.021636014,16.531699411000002
1315,O,oc23,-0.55000001192092896,18.696645270000001,12.681864002999999,22.289570425000001
1316,O,oc23,-0.55000001192092896,16.231828001,12.740561997,14.392238982
1317,O,oc23,-0.55000001192092896,21.629045794,12.895375697,18.35121019
1318,O,oc23,-0.55000001192092896,17.344642665999999,11.578881352,18.876291043999998
1319,O,oc23,-0.55000001192092896,22.502309085,11.752913204,22.461216791999998
1320,O,oc23,-0.55000001192092896,20.382429437999999,11.730836754,14.375529503999999
1321,O,oc23,-0.55000001192092896,22.800024346000001,10.901419145,14.054539327000001
1322,O,oc23,-0.55000001192092896,16.843359148000001,10.865392126,22.078785106000002
1323,O,oc23,-0.55000001192092896,19.831561600000001,10.930155946999999,18.109344678999999
1324,O,oc23,-0.55000001192092896,16.461202927999999,13.355736188,16.985195063999999
1325,O,oc23,-0.55000001192092896,21.772486218000001,13.693297986999999,20.854702210999999
1326,O,oc23,-0.55000001192092896,19.382897398000001,13.663829461000001,12.949309100000001
1327,Si,sc4,1.1000000238418579,24.382447158000002,11.226915812,14.030092741000001
1328,Si,sc4,1.1000000238418579,18.44643834,11.099408726,22.045366148999999
1329,Si,sc4,1.1000000238418579,21.421751140000001,11.300015468,17.992964474000001
1330,Si,sc4,1.1000000238418579,16.921785630999999,13.165034745,18.509331634999999
1331,Si,sc4,1.1000000238418579,22.146145357000002,13.356085419999999,22.372597553999999
1332,Si,sc4,1.1000000238418579,19.761580953999999,13.241830438999999,14.431444784
1333,Si,sc4,1.1000000238418579,19.324536742999999,13.768490956000001,23.316910280999998
1334,Si,sc4,1.1000000238418579,16.981350276000001,13.63648543,15.486676399
1335,Si,sc4,1.1000000238418579,22.357913801999999,13.953438386,19.388496094000001
1336,Si,sc4,1.1000000238418579,18.554381471999999,10.592766685000001,19.131092424999999
1337,Si,sc4,0.72500002384185791,23.697731112,10.778481177,23.060806786000001
1338,Si,sc4,1.1000000238418579,21.473258507000001,10.696767133,14.963676601
1339,O,oc23,-0.55000001192092896,19.69654164,15.42348878,11.083311732
1340,O,oc23,-0.55000001192092896,25.914944952999999,15.469803591,2.7022897160000001
1341,O,oc23,-0.55000001192092896,22.629526497000001,15.428824962,7.1599049639999999
1342,O,oc23,-0.55000001192092896,18.711536929000001,19.305168845000001,6.8806555429999996
1343,O,oc23,-0.55000001192092896,24.016817932999999,19.193391749,10.903473875
1344,O,oc23,-0.55000001192092896,21.63796365,19.375443464,3.1406563009999999
1345,O,oc23,-0.55000001192092896,21.445286274000001,18.409000119000002,11.541098351
1346,O,oc23,-0.55000001192092896,19.161904626999998,18.679008399000001,3.56246939
1347,O,oc23,-0.55000001192092896,24.508920036999999,18.517220454,7.605078818
1348,O,oc23,-0.55000001192092896,19.533475688999999,16.013239715000001,8.6770848229999995
1349,O,oc24,-0.67500001192092896,25.239877987,16.476389904000001,0.46809885699999998
1350,O,oc23,-0.55000001192092896,22.410856753000001,16.148209556000001,4.5720977500000002
1351,O,oc23,-0.55000001192092896,19.105846477,17.784930907,10.550299035
1352,O,oc23,-0.55000001192092896,16.902921802000002,17.831455673000001,2.496470881
1353,O,oc23,-0.55000001192092896,22.340318516,17.903335094999999,6.4770470859999998
1354,O,oc23,-0.55000001192092896,17.859046685999999,16.797980577000001,6.9728497779999996
1355,O,oc23,-0.55000001192092896,23.170725253000001,16.612476039000001,10.629035199
1356,O,oc23,-0.55000001192092896,20.810895496000001,16.879973176,2.6314730430000002
1357,O,oc23,-0.55000001192092896,23.337764368999999,15.874887728999999,2.1469441859999998
1358,O,oc23,-0.55000001192092896,17.301004514999999,15.921865665,10.086140395999999
1359,O,oc23,-0.55000001192092896,20.296420953999998,16.159474365000001,6.2048066940000002
1360,O,oc23,-0.55000001192092896,17.069860420000001,18.283760961999999,5.0382265129999997
1361,O,oc23,-0.55000001192092896,22.303942485,18.424380877000001,9.021286323
1362,O,oc24,-0.89999997615814209,19.960874053000001,18.955051324999999,1.126074325
1363,Si,sc4,1.1000000238418579,24.852246102999999,16.465474325999999,2.0518172909999999
1364,Si,sc4,1.1000000238418579,18.897472709999999,16.285619863000001,10.068715918000001
1365,Si,sc4,1.1000000238418579,21.913706476000002,16.393769518999999,6.1038866560000002
1366,Si,sc4,1.1000000238418579,17.509744454,18.291259055000001,6.5542035649999999
1367,Si,sc4,1.1000000238418579,22.720314519999999,18.175018858000001,10.546528334
1368,Si,sc4,0.72500002384185791,20.408280572999999,18.492876075000002,2.6246265360000001
1369,Si,sc4,1.1000000238418579,19.935431069,18.840659146,11.486354391000001
1370,Si,sc4,1.1000000238418579,17.591410763999999,18.730730069,3.603709743
1371,Si,sc4,1.1000000238418579,22.926700958000001,18.834589162,7.5865489009999996
1372,Si,sc4,1.1000000238418579,19.08307615,15.791743497000001,7.2076926969999997
1373,Si,sc4,1.1000000238418579,24.440040891999999,15.665876554,11.042220579
1374,Si,sc4,1.1000000238418579,21.995045669,15.767469796,3.0881287899999998
1375,H,hoy,0.40000000596046448,26.128657728,16.175692157,0.43103056499999998
1376,O,oc23,-0.55000001192092896,19.056198328000001,15.282939542999999,22.897938055000001
1377,O,oc23,-0.55000001192092896,24.989269561,15.330021416999999,15.062242855999999
1378,O,oc23,-0.55000001192092896,22.184678120000001,15.424012628,18.964063521
1379,O,oc23,-0.55000001192092896,18.025652962999999,19.219548807999999,18.868488055
1380,O,oc23,-0.55000001192092896,23.414696313,19.281836823999999,23.106514433000001
1381,O,oc23,-0.55000001192092896,21.03936457,19.241172086999999,14.878049122
1382,O,oc23,-0.55000001192092896,20.945818752000001,18.250872872999999,23.459231981999999
1383,O,oc23,-0.55000001192092896,18.543362479999999,18.460580433000001,15.443634983000001
1384,O,oc23,-0.55000001192092896,23.969273780999998,18.516661267,19.479000682999999
1385,O,oc23,-0.55000001192092896,18.677013276,16.194000518999999,20.450750786
1386,O,oc23,-0.55000001192092896,24.812681613999999,15.899404645000001,12.543471356
1387,O,oc23,-0.55000001192092896,21.823132136000002,16.202232415000001,16.542298454000001
1388,O,oc23,-0.55000001192092896,18.502629824,17.796754903,22.448017399000001
1389,O,oc23,-0.55000001192092896,16.081215878999998,17.719609977000001,14.533066742000001
1390,O,oc23,-0.55000001192092896,21.463262159999999,17.830060824,18.617455438
1391,O,oc23,-0.55000001192092896,17.269151528999998,16.695235701000001,18.318831760999998
1392,O,oc23,-0.55000001192092896,22.798689013000001,16.720207864999999,22.579418404999998
1393,O,oc23,-0.55000001192092896,20.326435118999999,16.786925723,14.461808038999999
1394,O,oc23,-0.55000001192092896,22.681604763999999,16.061751777000001,14.033018619
1395,O,oc23,-0.55000001192092896,16.688271368999999,15.832129678999999,22.12806775
1396,O,oc23,-0.55000001192092896,19.743085287,15.938256701,17.995371058
1397,O,oc23,-0.55000001192092896,16.335331298,18.680717140999999,16.861597046
1398,O,oc23,-0.55000001192092896,21.813870372,18.636356366000001,21.077971924
1399,O,oc23,-0.55000001192092896,19.350178735,18.645631801,12.933510326
1400,Si,sc4,1.1000000238418579,24.261416611000001,16.305255846000001,13.995503432
1401,Si,sc4,1.1000000238418579,18.246345234,16.251790094,21.981128586000001
1402,Si,sc4,1.1000000238418579,21.315324374999999,16.356069096999999,18.039516943999999
1403,Si,sc4,1.1000000238418579,16.807032496000001,18.260325001999998,18.330924746000001
1404,Si,sc4,1.1000000238418579,22.309017399999998,18.225414277999999,22.559522432000001
1405,Si,sc4,1.1000000238418579,19.785989104999999,18.325751948000001,14.459467335999999
1406,Si,sc4,1.1000000238418579,19.377556063,18.661954238,23.429000489
1407,Si,sc4,1.1000000238418579,16.974705448000002,18.753852135999999,15.388695319
1408,Si,sc4,1.1000000238418579,22.326305595000001,18.811816326999999,19.572171503
1409,Si,sc4,1.1000000238418579,18.450277176,15.717352930000001,18.909124824999999
1410,Si,sc4,1.1000000238418579,23.962095366,15.628558623,22.974398427000001
1411,Si,sc4,1.1000000238418579,21.443406533000001,15.817761278000001,15.013414596000001
1412,O,oc23,-0.55000001192092896,19.682887802,20.380287773999999,11.030581978000001
1413,O,oc23,-0.55000001192092896,25.865798301000002,20.431030347,3.2252437359999999
1414,O,oc23,-0.55000001192092896,22.620074432999999,20.362046639999999,7.2545702099999998
1415,O,oc23,-0.55000001192092896,18.598552960999999,24.349917129000001,7.080453801
1416,O,oc23,-0.55000001192092896,23.847508400999999,24.251856742000001,11.069528132
1417,O,oc23,-0.55000001192092896,21.504552782000001,24.355092725999999,3.1798422409999998
1418,O,oc23,-0.55000001192092896,21.359980508,23.419994768999999,11.463467627
1419,O,oc23,-0.55000001192092896,19.014363175,23.413542811999999,3.487354727
1420,O,oc23,-0.55000001192092896,24.529720696999998,23.633399926999999,7.481610624
1421,O,oc23,-0.55000001192092896,19.536582181,21.121224969,8.5691557570000008
1422,O,oc24,-0.67500001192092896,25.46845042,21.104310085000002,0.68717482100000005
1423,O,oc23,-0.55000001192092896,22.546093755000001,21.159239285000002,4.669714548
1424,O,oc23,-0.55000001192092896,19.007286503,22.853398511000002,10.514084993000001
1425,O,oc23,-0.55000001192092896,16.579595893,22.754731255999999,2.739141735
1426,O,oc23,-0.55000001192092896,22.238599313000002,22.924290652,6.5289765830000004
1427,O,oc23,-0.55000001192092896,17.858312351999999,21.834138313,6.7005575540000004
1428,O,oc23,-0.55000001192092896,23.208503657000001,21.731425495,10.480145772
1429,O,oc23,-0.55000001192092896,20.891717272000001,21.859165239999999,2.6030992880000001
1430,O,oc23,-0.55000001192092896,23.397525035000001,21.029081777999998,2.2328971929999999
1431,O,oc23,-0.55000001192092896,17.373990159000002,20.852854752999999,10.036141784
1432,O,oc23,-0.55000001192092896,20.372731294000001,21.087673755000001,6.1176508790000002
1433,O,oc23,-0.55000001192092896,17.022116763,23.716819595,5.0028374319999998
1434,O,oc23,-0.55000001192092896,22.392062825,23.801916563999999,9.0004157029999998
1435,O,oc24,-0.67500001192092896,20.068783354000001,23.743879616000001,0.95367438699999996
1436,Si,sc4,1.1000000238418579,25.007532888,21.401556608,2.241030796
1437,Si,sc4,1.1000000238418579,18.922346535999999,21.354016999999999,9.9775612420000002
1438,Si,sc4,1.1000000238418579,21.976091415999999,21.400187726999999,6.1270069080000003
1439,Si,sc4,1.1000000238418579,17.455322138,23.356322037999998,6.5157132469999999
1440,Si,sc4,1.1000000238418579,22.691965044,23.263018636999998,10.499975864
1441,Si,sc4,1.1000000238418579,20.334697904999999,23.36034665,2.5757791409999999
1442,Si,sc4,1.1000000238418579,19.825284933999999,23.828589675,11.463143068000001
1443,Si,sc4,1.1000000238418579,17.459897298000001,23.848918665999999,3.5082512640000001
1444,Si,sc4,1.1000000238418579,22.984842456999999,23.972421016999998,7.5016359369999996
1445,Si,sc4,1.1000000238418579,19.111088308999999,20.875105819000002,7.0552922159999998
1446,Si,sc4,1.1000000238418579,24.381044908,20.767409332,11.003405216999999
1447,Si,sc4,1.1000000238418579,22.096534396999999,20.855958345000001,3.1741207930000002
1448,H,hoy,0.40000000596046448,25.884892214000001,21.946882364,0.40906782899999999
1449,O,oc23,-0.55000001192092896,19.206310943999998,20.208209958000001,22.978298952999999
1450,O,oc23,-0.55000001192092896,25.009836389,20.442191219000001,15.108469798
1451,O,oc23,-0.55000001192092896,22.047708145000001,20.357234306999999,19.083824956000001
1452,O,oc23,-0.55000001192092896,18.098670449,24.200871733,18.930840268000001
1453,O,oc23,-0.55000001192092896,23.437036039999999,24.230404701000001,22.795014952999999
1454,O,oc23,-0.55000001192092896,20.935435151,24.220179011999999,14.909712552
1455,O,oc23,-0.55000001192092896,21.00725555,23.296119278999999,23.310992642999999
1456,O,oc23,-0.55000001192092896,18.540158474999998,23.510040750000002,15.574644579999999
1457,O,oc23,-0.55000001192092896,23.889810722,23.617960444000001,19.375624167000002
1458,O,oc23,-0.55000001192092896,19.014430837999999,20.944124864999999,20.519214402999999
1459,O,oc23,-0.55000001192092896,24.767675293,21.121607462,12.516228715
1460,O,oc23,-0.55000001192092896,21.935004528,21.106158104999999,16.503806682
1461,O,oc23,-0.55000001192092896,18.650537447000001,22.681795432000001,22.462972318999999
1462,O,oc23,-0.55000001192092896,16.191328181999999,22.818916790999999,14.515316736000001
1463,O,oc23,-0.55000001192092896,21.460641244000001,22.922431718999999,18.412066523
1464,O,oc23,-0.55000001192092896,17.266849023999999,21.679111734999999,18.656662208
1465,O,oc23,-0.55000001192092896,22.847692131999999,21.699702422000001,22.347826409
1466,O,oc23,-0.55000001192092896,20.240995645000002,21.729925830999999,14.606145884
1467,O,oc23,-0.55000001192092896,22.725452868000001,21.025768231000001,14.078790208999999
1468,O,oc23,-0.55000001192092896,16.804427499999999,20.825338184,22.088211860000001
1469,O,oc23,-0.55000001192092896,19.707660135000001,21.002820781,17.991534475000002
1470,O,oc23,-0.55000001192092896,16.367850955000002,23.531126668999999,17.025961657
1471,O,oc23,-0.55000001192092896,21.776299058999999,23.694289716,20.89195775
1472,O,oc23,-0.55000001192092896,19.357856406,23.658315444999999,13.039813689000001
1473,Si,sc4,1.1000000238418579,24.257309862,21.375937169,14.007205977
1474,Si,sc4,1.1000000238418579,18.400529522999999,21.172212837,21.998358327999998
1475,Si,sc4,1.1000000238418579,21.299044521999999,21.358093288999999,17.973523853
1476,Si,sc4,1.1000000238418579,16.872471813000001,23.203904111,18.520515853999999
1477,Si,sc4,1.1000000238418579,22.275773234999999,23.249131080000002,22.353807989
1478,Si,sc4,1.1000000238418579,19.772900445000001,23.301964498,14.531441039000001
1479,Si,sc4,1.1000000238418579,19.444330713999999,23.741026775000002,23.414175392000001
1480,Si,sc4,1.1000000238418579,16.950165951999999,23.757160304999999,15.565802033000001
1481,Si,sc4,1.1000000238418579,22.316225914,23.903332072000001,19.415609880000002
1482,Si,sc4,1.1000000238418579,18.492146160000001,20.703237957999999,19.028365027
1483,Si,sc4,1.1000000238418579,24.013078352000001,20.737728772000001,22.993773168000001
1484,Si,sc4,1.1000000238418579,21.467545900000001,20.760711562000001,15.017705561
1485,O,oc23,-0.55000001192092896,19.788424944999999,25.316682161999999,10.95431731
1486,O,oc23,-0.55000001192092896,25.853511637,25.454720774999998,3.0520637060000002
1487,O,oc23,-0.55000001192092896,22.754814043,25.491235783,7.0704409029999997
1488,O,oc23,-0.55000001192092896,18.519089653999998,29.36430198,7.0637443229999999
1489,O,oc23,-0.55000001192092896,23.958389366999999,29.119892091000001,11.009192062
1490,O,oc23,-0.55000001192092896,21.587858656000002,29.238539494000001,2.9882362009999999
1491,O,oc23,-0.55000001192092896,21.436134585000001,28.276245358000001,11.397149977
1492,O,oc23,-0.55000001192092896,19.141404963999999,28.432244991000001,3.4926600620000001
1493,O,oc23,-0.55000001192092896,24.527450033000001,28.472561535000001,7.429401618
1494,O,oc23,-0.55000001192092896,19.460123872,26.438602851999999,8.5016677549999997
1495,O,oc24,-0.67500001192092896,25.563605890000002,26.213932883999998,0.50044367999999995
1496,O,oc23,-0.55000001192092896,22.479294974999998,26.22941758,4.5672734410000002
1497,O,oc23,-0.55000001192092896,18.974965853,27.752689471,10.687680652999999
1498,O,oc23,-0.55000001192092896,16.612382219000001,27.927138634999999,2.5702136750000002
1499,O,oc23,-0.55000001192092896,22.157012979000001,27.980777443000001,6.473276384
1500,O,oc23,-0.55000001192092896,17.937707997,26.82073746,6.5352832080000001
1501,O,oc23,-0.55000001192092896,23.286126900999999,26.678234707000001,10.444580847999999
1502,O,oc23,-0.55000001192092896,20.982178052999998,26.794301328,2.5245973410000002
1503,O,oc23,-0.55000001192092896,23.460891699000001,25.895969650000001,2.0861464669999998
1504,O,oc23,-0.55000001192092896,17.366511494000001,25.856839039,10.033541434
1505,O,oc23,-0.55000001192092896,20.397634556,26.026719085,6.1032234890000003
1506,O,oc23,-0.55000001192092896,16.985256774,28.856021353999999,4.9971484390000001
1507,O,oc23,-0.55000001192092896,22.353072595,28.665878060000001,8.9023697110000004
1508,O,oc24,-0.67500001192092896,20.137261501000001,28.721017214,0.97092350599999999
1509,Si,sc4,1.1000000238418579,25.007966721999999,26.357481775,2.0555426990000001
1510,Si,sc4,1.1000000238418579,18.910629030999999,26.329092644999999,10.032176347
1511,Si,sc4,1.1000000238418579,21.977363565000001,26.450809340999999,6.0246370110000003
1512,Si,sc4,1.1000000238418579,17.412786482000001,28.372084067999999,6.4987499340000001
1513,Si,sc4,1.1000000238418579,22.74075448,28.212283418999998,10.405765486
1514,Si,sc4,1.1000000238418579,20.427632784,28.310249221999999,2.4864906809999998
1515,Si,sc4,1.1000000238418579,19.873997753000001,28.696987768,11.5805638
1516,Si,sc4,1.1000000238418579,17.588640593000001,28.900488146000001,3.47626933
1517,Si,sc4,1.1000000238418579,22.953441217000002,28.853091858999999,7.4455913169999999
1518,Si,sc4,1.1000000238418579,19.134660632999999,25.885472423,7.0524961609999997
1519,Si,sc4,1.1000000238418579,24.489054209999999,25.701432372999999,11.007956799
1520,Si,sc4,1.1000000238418579,22.100020121,25.799851866000001,3.0632011779999999
1521,H,hoy,0.40000000596046448,26.389963283,25.770907594000001,0.56700045300000002
1522,H,hoy,0.40000000596046448,20.463391360999999,28.042526077000002,0.411721899
1523,O,oc23,-0.55000001192092896,19.187847118000001,25.301650636000002,23.007166328
1524,O,oc23,-0.55000001192092896,25.224252492000002,25.413985879999998,14.923690886999999
1525,O,oc23,-0.55000001192092896,22.002090500000001,25.413079020000001,19.000538179999999
1526,O,oc23,-0.55000001192092896,17.878412011000002,29.039712173000002,19.070953028999998
1527,O,oc23,-0.55000001192092896,23.262070991000002,29.081737978,22.877392962999998
1528,O,oc23,-0.55000001192092896,20.988588489000001,29.154418763999999,15.031944512999999
1529,O,oc23,-0.55000001192092896,20.846029445999999,28.20276217,23.442587415999999
1530,O,oc23,-0.55000001192092896,18.554047141000002,28.309447339999998,15.657996268
1531,O,oc23,-0.55000001192092896,23.832517488000001,28.336022749000001,19.537582193999999
1532,O,oc23,-0.55000001192092896,18.905319537,26.125836522,20.546649842000001
1533,O,oc23,-0.55000001192092896,24.807339782,26.355947129,12.431836499999999
1534,O,oc23,-0.55000001192092896,21.902538229000001,26.139786571999998,16.519672306
1535,O,oc23,-0.55000001192092896,18.388644853999999,27.748818297,22.562384367
1536,O,oc23,-0.55000001192092896,16.174635514999999,27.741459481,14.550685956000001
1537,O,oc23,-0.55000001192092896,21.533343056,27.932439476999999,18.395681604
1538,O,oc23,-0.55000001192092896,17.215865540999999,26.637081461000001,18.603151574000002
1539,O,oc23,-0.55000001192092896,22.609407184999998,26.652356722,22.508094790000001
1540,O,oc23,-0.55000001192092896,20.338722660999998,26.739616383000001,14.536902355
1541,O,oc23,-0.55000001192092896,22.791664082,25.916023463999998,14.054798974000001
1542,O,oc23,-0.55000001192092896,16.782992506999999,25.760093469000001,22.010647017
1543,O,oc23,-0.55000001192092896,19.693337634999999,26.069895485,18.002001756999999
1544,O,oc23,-0.55000001192092896,16.291058315000001,28.496311906999999,17.099040799000001
1545,O,oc23,-0.55000001192092896,21.613483731999999,28.478978673,20.965166715999999
1546,O,oc23,-0.55000001192092896,19.366570901999999,28.679863448999999,13.097938879999999
1547,Si,sc4,1.1000000238418579,24.341213253999999,26.428977146000001,13.98497027
1548,Si,sc4,1.1000000238418579,18.285609223000002,26.257841529,22.028006583
1549,Si,sc4,1.1000000238418579,21.270808479999999,26.392880487999999,17.998556582999999
1550,Si,sc4,1.1000000238418579,16.693980866,28.118536981999998,18.590603237
1551,Si,sc4,1.1000000238418579,22.091406122999999,28.127465263000001,22.480527590000001
1552,Si,sc4,1.1000000238418579,19.780044780000001,28.206075197000001,14.595678602
1553,Si,sc4,1.1000000238418579,19.322765584999999,28.668110129999999,23.501624279000001
1554,Si,sc4,1.1000000238418579,16.923855299,28.621341629,15.599741254
1555,Si,sc4,1.1000000238418579,22.301845703000001,28.767227566999999,19.534590434999998
1556,Si,sc4,1.1000000238418579,18.501628821000001,25.743213403999999,19.053138110999999
1557,Si,sc4,1.1000000238418579,23.803369997000001,25.714894434000001,22.972902548
1558,Si,sc4,1.1000000238418579,21.469502382999998,25.758663801000001,15.018290736999999
1559,O,oc23,-0.55000001192092896,19.835101926,30.183395419,10.939363358
1560,O,oc23,-0.55000001192092896,25.744267003000001,30.350450945999999,2.9256115029999998
1561,O,oc23,-0.55000001192092896,22.629980729,30.316446561999999,7.0099750089999997
1562,O,oc23,-0.55000001192092896,18.630037783999999,34.317856026000001,6.7648595450000002
1563,O,oc23,-0.55000001192092896,23.980725611,34.116866792000003,10.983510213000001
1564,O,oc23,-0.55000001192092896,21.532261331000001,34.177376428000002,2.974458898
1565,O,oc23,-0.55000001192092896,21.469205242000001,33.326126623999997,11.54890037
1566,O,oc23,-0.55000001192092896,19.070254159000001,33.528476406999999,3.471503636
1567,O,oc23,-0.55000001192092896,24.433463725999999,33.486799312999999,7.5507892410000004
1568,O,oc23,-0.55000001192092896,19.559786341999999,31.211151839999999,8.5407427640000009
1569,O,oc24,-0.89999997615814209,25.332796126000002,31.489844148,0.50229863299999999
1570,O,oc23,-0.55000001192092896,22.405835196999998,31.208710334999999,4.541207934
1571,O,oc23,-0.55000001192092896,18.995700342999999,32.728807957000001,10.694247409000001
1572,O,oc23,-0.55000001192092896,16.799687165000002,32.817985794999998,2.3766050540000001
1573,O,oc23,-0.55000001192092896,22.078411494000001,32.799187553000003,6.532552549
1574,O,oc23,-0.55000001192092896,17.890933501999999,31.751831526,6.554463213
1575,O,oc23,-0.55000001192092896,23.271342705999999,31.638903835000001,10.595746065
1576,O,oc23,-0.55000001192092896,20.787751099000001,31.715456314000001,2.6315444939999999
1577,O,oc23,-0.55000001192092896,23.260939142000002,31.006640144999999,2.0420323100000002
1578,O,oc23,-0.55000001192092896,17.462567966000002,30.688118762999999,10.098038645000001
1579,O,oc23,-0.55000001192092896,20.204804318000001,30.978355474000001,6.0353779879999996
1580,O,oc23,-0.55000001192092896,16.957610787,33.518606446,4.973326267
1581,O,oc23,-0.55000001192092896,22.223080659000001,33.514386559999998,9.0445625580000009
1582,O,oc24,-0.67500001192092896,19.879239585000001,33.624419574999997,1.020057131
1583,Si,sc4,0.72500002384185791,24.820461277,31.361292484,2.0312198819999998
1584,Si,sc4,1.1000000238418579,18.976068348999998,31.211744287999998,10.069430918
1585,Si,sc4,1.1000000238418579,21.795750827999999,31.333669898,5.9832275959999999
1586,Si,sc4,1.1000000238418579,17.383705658,33.299097523999997,6.4390901100000004
1587,Si,sc4,1.1000000238418579,22.784622732999999,33.156072481999999,10.511939025
1588,Si,sc4,1.1000000238418579,20.26947547,33.260908593000003,2.5679899590000002
1589,Si,sc4,1.1000000238418579,19.922443902000001,33.745892015999999,11.582124592
1590,Si,sc4,1.1000000238418579,17.458360968000001,33.780244592999999,3.4635388520000001
1591,Si,sc4,1.1000000238418579,22.811072443,33.791823295,7.5747155629999998
1592,Si,sc4,1.1000000238418579,19.062709821999999,30.840037787,7.0422885270000002
1593,Si,sc4,1.1000000238418579,24.478603880000001,30.697291299,11.136755516999999
1594,Si,sc4,1.1000000238418579,22.025037943000001,30.790061237,3.0530974510000002
1595,H,hoy,0.40000000596046448,19.829268528,32.801776310999998,0.56530455199999996
1596,O,oc23,-0.55000001192092896,19.170250961000001,30.203344255000001,23.038440287
1597,O,oc23,-0.55000001192092896,25.103556026,30.426409938999999,15.234019047
1598,O,oc23,-0.55000001192092896,22.047988620000002,30.297125511000001,19.142470410000001
1599,O,oc23,-0.55000001192092896,18.114463607000001,33.993231399999999,18.655425976
1600,O,oc23,-0.55000001192092896,23.224553037,34.103404730999998,23.064773192000001
1601,O,oc23,-0.55000001192092896,21.007729683000001,34.203184254,15.052944956999999
1602,O,oc23,-0.55000001192092896,20.82384995,33.139087959999998,23.512936384
1603,O,oc23,-0.55000001192092896,18.499023824999998,33.497994485,15.573214582
1604,O,oc23,-0.55000001192092896,23.778062087999999,33.377359785000003,19.401110312
1605,O,oc23,-0.55000001192092896,18.751169079,31.101675932999999,20.700740937999999
1606,O,oc23,-0.55000001192092896,24.899122588000001,31.1895639,12.670710251999999
1607,O,oc23,-0.55000001192092896,21.876148595,30.950384695,16.661474713
1608,O,oc23,-0.55000001192092896,18.328779708999999,32.562067362000001,22.90261946
1609,O,oc23,-0.55000001192092896,16.303344977999998,32.690549386999997,14.493536381
1610,O,oc23,-0.55000001192092896,21.392610364999999,32.744886139000002,18.567523675
1611,O,oc23,-0.55000001192092896,17.179839389000001,31.536891722,18.709390025000001
1612,O,oc23,-0.55000001192092896,22.67559825,31.574069336000001,22.378059839999999
1613,O,oc23,-0.55000001192092896,20.231747811999998,31.714548935,14.705232404
1614,O,oc23,-0.55000001192092896,22.758556857999999,30.899849998000001,14.187369363
1615,O,oc23,-0.55000001192092896,16.755181344,30.659799792000001,22.179431448999999
1616,O,oc23,-0.55000001192092896,19.660415984,30.811858093000001,18.263305951
1617,O,oc23,-0.55000001192092896,16.293062311,33.198272383999999,16.877592494000002
1618,O,oc23,-0.55000001192092896,21.641255715,33.599972297999997,21.024918579000001
1619,O,oc23,-0.55000001192092896,19.401160226999998,33.587835448,13.073036942
1620,Si,sc4,1.1000000238418579,24.316539678000002,31.355817026,14.184833923999999
1621,Si,sc4,1.1000000238418579,18.226378909000001,31.138366078000001,22.208624352000001
1622,Si,sc4,1.1000000238418579,21.258488420999999,31.222834481,18.161814786000001
1623,Si,sc4,1.1000000238418579,16.842324313999999,33.127229663000001,18.399582129999999
1624,Si,sc4,1.1000000238418579,22.053150351999999,33.055629834000001,22.507509614
1625,Si,sc4,1.1000000238418579,19.774201948000002,33.227428056999997,14.618109045000001
1626,Si,sc4,0.72500002384185791,19.281332424999999,33.611968832000002,23.640111336
1627,Si,sc4,1.1000000238418579,16.943087290000001,33.691451325000003,15.524516145
1628,Si,sc4,1.1000000238418579,22.245710935999998,33.763678941000002,19.467363049999999
1629,Si,sc4,1.1000000238418579,18.431180509000001,30.599185178999999,19.209633853
1630,Si,sc4,1.1000000238418579,23.824003490999999,30.570900508000001,22.899497877999998
1631,Si,sc4,1.1000000238418579,21.426595705,30.740048308999999,15.154892443
1632,O,oc23,-0.55000001192092896,28.076768810000001,0.37313651599999997,10.998138636
1633,O,oc23,-0.55000001192092896,31.18169705,0.44560838600000002,7.0669303330000002
1634,O,oc23,-0.55000001192092896,26.833542179999998,4.4160131189999996,7.0748621759999999
1635,O,oc23,-0.55000001192092896,32.314108883000003,4.3111063300000003,10.861342194000001
1636,O,oc23,-0.55000001192092896,30.046245391999999,4.237763459,3.1098379359999999
1637,O,oc23,-0.55000001192092896,29.825785958000001,3.4695872090000002,11.450399025999999
1638,O,oc23,-0.55000001192092896,27.560961296999999,3.5888634380000002,3.7215797720000001
1639,O,oc23,-0.55000001192092896,32.893653710000002,3.5906064799999999,7.4751087800000002
1640,O,oc23,-0.55000001192092896,27.865691538,1.168166209,8.5232533749999995
1641,O,oc23,-0.55000001192092896,30.942507120999998,0.96009671299999999,4.6310420890000001
1642,O,oc23,-0.55000001192092896,27.501898646000001,2.8481704969999999,10.443930760000001
1643,O,oc23,-0.55000001192092896,25.162518676000001,3.031825977,2.6187556449999998
1644,O,oc23,-0.55000001192092896,30.628895715999999,2.919839965,6.3439244620000004
1645,O,oc23,-0.55000001192092896,26.169326543,1.7844920339999999,6.5619401880000003
1646,O,oc23,-0.55000001192092896,31.694532897999999,1.792269721,10.547893420999999
1647,O,oc23,-0.55000001192092896,29.275222452000001,1.79139768,2.8221427060000002
1648,O,oc23,-0.55000001192092896,31.705918060999998,1.0447750710000001,2.100983432
1649,O,oc23,-0.55000001192092896,25.741929671000001,0.98158071499999999,10.004218707
1650,O,oc23,-0.55000001192092896,28.736343614999999,1.126176262,6.1083728410000004
1651,O,oc23,-0.55000001192092896,25.347353454,3.7582201550000001,5.0749874620000002
1652,O,oc23,-0.55000001192092896,30.722013856,3.6303648769999999,8.9196643649999992
1653,O,oc24,-0.67500001192092896,28.3337544,3.5402463989999999,1.167737453
1654,Si,sc4,1.1000000238418579,33.217448279000003,1.373515646,2.0950863819999999
1655,Si,sc4,1.1000000238418579,27.302740373999999,1.359773992,9.9641031699999996
1656,Si,sc4,1.1000000238418579,30.327738139000001,1.352031644,6.0358590139999997
1657,Si,sc4,1.1000000238418579,25.713116013,3.3367460210000002,6.5522528180000004
1658,Si,sc4,1.1000000238418579,31.135755397,3.350975145,10.423450580000001
1659,Si,sc4,1.1000000238418579,28.816575088,3.3245395320000002,2.7174129709999999
1660,Si,sc4,1.1000000238418579,28.280234081,3.896886034,11.408333227
1661,Si,sc4,1.1000000238418579,25.982321598999999,3.9344118410000002,3.66098357
1662,Si,sc4,1.1000000238418579,31.315214511000001,3.8920737010000002,7.4606750919999998
1663,Si,sc4,1.1000000238418579,27.447476331000001,0.85592268800000004,7.0320808929999998
1664,Si,sc4,1.1000000238418579,32.858963885999998,0.84741327700000002,11.009321886
1665,Si,sc4,1.1000000238418579,30.462824766000001,0.77515032299999997,3.0897021759999999
1666,H,hoy,0.40000000596046448,27.934164370000001,2.7084569620000001,0.94526790400000005
1667,O,oc23,-0.55000001192092896,27.645232105000002,0.361452836,23.038570109999998
1668,O,oc23,-0.55000001192092896,30.619680718000001,0.32193869400000003,18.820180058999998
1669,O,oc23,-0.55000001192092896,26.366380819,4.2751499879999999,18.902492188
1670,O,oc23,-0.55000001192092896,31.793693870999999,4.1046416380000004,22.990457817999999
1671,O,oc23,-0.55000001192092896,29.344335430000001,4.3533405319999998,14.913677989
1672,O,oc23,-0.55000001192092896,29.333416936999999,3.4090079360000001,23.514757792000001
1673,O,oc23,-0.55000001192092896,26.874141999999999,3.4635889419999999,15.420292868000001
1674,O,oc23,-0.55000001192092896,32.217719074999998,3.4757611320000001,19.464047699999998
1675,O,oc23,-0.55000001192092896,27.391652014000002,1.2380926350000001,20.632928376999999
1676,O,oc23,-0.55000001192092896,30.201899345000001,1.2050995689999999,16.446591226999999
1677,O,oc23,-0.55000001192092896,26.923756317999999,2.8563306769999999,22.587155511999999
1678,O,oc23,-0.55000001192092896,24.498536374,2.9022629950000001,14.446463647
1679,O,oc23,-0.55000001192092896,29.938035590999998,2.8116903080000002,18.379947741999999
1680,O,oc23,-0.55000001192092896,25.698258682999999,1.7359103330000001,18.706789675
1681,O,oc23,-0.55000001192092896,31.078294251999999,1.6555557990000001,22.454650036
1682,O,oc23,-0.55000001192092896,28.694743290000002,1.764682474,14.439702155000001
1683,O,oc23,-0.55000001192092896,31.245534365000001,0.97272207200000005,14.094654864000001
1684,O,oc23,-0.55000001192092896,25.166491841999999,0.85023831400000005,22.215320932000001
1685,O,oc23,-0.55000001192092896,28.148919622000001,0.93048787099999997,18.166236544
1686,O,oc23,-0.55000001192092896,24.743168633,3.5270982310000001,16.971476375999998
1687,O,oc23,-0.55000001192092896,30.137561527999999,3.4721679920000001,20.989354623000001
1688,O,oc23,-0.55000001192092896,27.688903092,3.6648577699999998,12.89378426
1689,Si,sc4,1.1000000238418579,32.734461420999999,1.382478227,14.031848267999999
1690,Si,sc4,1.1000000238418579,26.707102884000001,1.3041473669999999,22.153164423
1691,Si,sc4,1.1000000238418579,29.705423824,1.339894793,17.946867356999999
1692,Si,sc4,1.1000000238418579,25.175306337999999,3.266227148,18.550683404000001
1693,Si,sc4,1.1000000238418579,30.569164901000001,3.1753052290000001,22.526429003000001
1694,Si,sc4,1.1000000238418579,28.170488447,3.335838641,14.402837055999999
1695,Si,sc4,0.72500002384185791,27.797480060000002,3.7721010869999998,23.580944648999999
1696,Si,sc4,1.1000000238418579,25.311194465,3.803524688,15.504621140999999
1697,Si,sc4,1.1000000238418579,30.644421210000001,3.7765298889999999,19.486607967000001
1698,Si,sc4,1.1000000238418579,26.922086653000001,0.79300688600000002,19.199100690000002
1699,Si,sc4,1.1000000238418579,32.260722395999998,0.67261540099999995,22.794170130000001
1700,Si,sc4,1.1000000238418579,29.854733448000001,0.78292801000000001,14.951322999
1701,O,oc23,-0.55000001192092896,28.102009803000001,5.5227978240000004,10.948530464999999
1702,O,oc23,-0.55000001192092896,31.052252256999999,5.4782270950000003,7.0795435820000003
1703,O,oc23,-0.55000001192092896,26.948329644000001,9.4337738780000002,6.9720049550000001
1704,O,oc23,-0.55000001192092896,32.254845733000003,9.3437239999999999,10.997553461000001
1705,O,oc23,-0.55000001192092896,29.960573081,9.2163229300000005,2.7923389520000002
1706,O,oc23,-0.55000001192092896,29.806488295000001,8.4950549780000006,11.478812018999999
1707,O,oc23,-0.55000001192092896,27.526438638999998,8.5109949230000002,3.3406301599999999
1708,O,oc23,-0.55000001192092896,32.831518895999999,8.5401495559999994,7.4242653450000002
1709,O,oc23,-0.55000001192092896,27.754743905000002,6.3310099849999997,8.4872989790000002
1710,O,oc23,-0.55000001192092896,30.921538798,6.1852285050000004,4.6424137779999999
1711,O,oc23,-0.55000001192092896,27.454955493,7.9887642469999998,10.441719880999999
1712,O,oc23,-0.55000001192092896,25.057146709000001,7.9201983709999997,2.4278062309999999
1713,O,oc23,-0.55000001192092896,30.431940943000001,7.9672802450000004,6.5255304409999999
1714,O,oc23,-0.55000001192092896,26.253931183999999,6.9718194650000003,6.387817482
1715,O,oc23,-0.55000001192092896,31.542852109999998,6.7765135660000002,10.602118086000001
1716,O,oc23,-0.55000001192092896,29.268845288000001,6.7157950150000003,2.627305362
1717,O,oc23,-0.55000001192092896,31.678072072999999,5.9764272849999998,2.0971148780000002
1718,O,oc23,-0.55000001192092896,25.783664325,6.0959124290000002,10.107726016000001
1719,O,oc23,-0.55000001192092896,28.742754609999999,5.8749733190000004,6.1352836560000004
1720,O,oc23,-0.55000001192092896,25.466146919,8.9856552149999995,4.9008448949999996
1721,O,oc23,-0.55000001192092896,30.644054043000001,8.7227957969999999,9.025512376
1722,O,oc24,-0.67500001192092896,28.442431368000001,8.4276407360000007,0.85657748899999997
1723,Si,sc4,1.1000000238418579,33.223892110999998,6.2041660240000001,1.8901191530000001
1724,Si,sc4,1.1000000238418579,27.287282044000001,6.4969138790000001,10.015401957
1725,Si,sc4,1.1000000238418579,30.256388327,6.426919893,6.0642652239999997
1726,Si,sc4,1.1000000238418579,25.793513655999998,8.4790485130000004,6.4178881490000004
1727,Si,sc4,1.1000000238418579,31.082167913999999,8.3153751309999997,10.518050430000001
1728,Si,sc4,1.1000000238418579,28.787360928999998,8.2321976380000006,2.3963961509999998
1729,Si,sc4,1.1000000238418579,28.253590589000002,8.9024049660000006,11.483493424000001
1730,Si,sc4,1.1000000238418579,25.937815779000001,8.9549643769999996,3.3883074459999998
1731,Si,sc4,1.1000000238418579,31.197956877999999,8.9241675229999995,7.5215314260000001
1732,Si,sc4,1.1000000238418579,27.345376527999999,5.8956902580000001,7.0013925940000004
1733,Si,sc4,1.1000000238418579,32.787480741000003,5.8447709899999998,11.025640924999999
1734,Si,sc4,1.1000000238418579,30.514976418,5.7809488480000004,3.1018668549999999
1735,H,hoy,0.40000000596046448,27.589459664,8.9424342719999999,0.93129877100000003
1736,O,oc23,-0.55000001192092896,27.490479652000001,5.3267248619999998,23.199423667000001
1737,O,oc23,-0.55000001192092896,30.440922107999999,5.2790152020000001,19.018353097999999
1738,O,oc23,-0.55000001192092896,26.219274693999999,9.3139395020000002,19.200792274000001
1739,O,oc23,-0.55000001192092896,31.920934667000001,9.0304005610000004,22.762832228000001
1740,O,oc23,-0.55000001192092896,29.292984780000001,9.1993041079999998,14.942611245
1741,O,oc23,-0.55000001192092896,29.487802222999999,8.5920811809999993,23.436476011
1742,O,oc23,-0.55000001192092896,26.819820183000001,8.3605050470000002,15.387004703000001
1743,O,oc23,-0.55000001192092896,32.270871729,8.5166449970000002,19.405402246000001
1744,O,oc23,-0.55000001192092896,27.361002023000001,6.1199761749999997,20.517067467
1745,O,oc23,-0.55000001192092896,30.296753816999999,6.2025632990000004,16.462131323000001
1746,O,oc23,-0.55000001192092896,27.239437391999999,7.8500276910000002,22.33891895
1747,O,oc23,-0.55000001192092896,24.458571136,7.8210809340000003,14.567005963
1748,O,oc23,-0.55000001192092896,29.797974794999998,7.7942960890000004,18.464860220999999
1749,O,oc23,-0.55000001192092896,25.663836025999998,6.7124814690000001,18.576754725000001
1750,O,oc23,-0.55000001192092896,31.041801429,6.5864752490000003,22.656789481000001
1751,O,oc23,-0.55000001192092896,28.644294138999999,6.8233168859999997,14.406737582
1752,O,oc23,-0.55000001192092896,31.222897371999998,6.1064455149999999,14.039520464000001
1753,O,oc23,-0.55000001192092896,25.223885325000001,6.1899722390000003,22.135479328999999
1754,O,oc23,-0.55000001192092896,28.103145134999998,5.9659295380000001,17.992053769999998
1755,O,oc23,-0.55000001192092896,24.771047458000002,8.7022181340000007,17.068677544
1756,O,oc23,-0.55000001192092896,30.225671670000001,8.3583077960000001,20.94709215
1757,O,oc23,-0.55000001192092896,27.623296610000001,8.7262818800000002,12.944042519
1758,Si,sc4,1.1000000238418579,32.847812554999997,6.3568884900000002,14.060390115000001
1759,Si,sc4,1.1000000238418579,26.842390010999999,6.3274532240000001,22.070396941999999
1760,Si,sc4,1.1000000238418579,29.670533003999999,6.2877301660000002,17.914033575000001
1761,Si,sc4,1.1000000238418579,25.163620675000001,8.2275931809999996,18.528446727999999
1762,Si,sc4,1.1000000238418579,30.682983700000001,8.1586094730000003,22.433324064000001
1763,Si,sc4,1.1000000238418579,28.100974968999999,8.2490771830000007,14.367857308
1764,Si,sc4,1.1000000238418579,27.887527032000001,8.7956501580000008,23.411185571000001
1765,Si,sc4,1.1000000238418579,25.278874809000001,8.7692498850000007,15.521460443
1766,Si,sc4,1.1000000238418579,30.650230211,8.7371641980000003,19.469314281999999
1767,Si,sc4,1.1000000238418579,26.921852821000002,5.7646970890000002,19.015946513999999
1768,Si,sc4,1.1000000238418579,32.221190743999998,5.637050726,23.099100916000001
1769,Si,sc4,1.1000000238418579,29.880242105000001,5.8801702230000004,14.945081771
1770,O,oc23,-0.55000001192092896,28.132860293,10.446149542000001,11.005225656
1771,O,oc23,-0.55000001192092896,30.902241135000001,10.488697637,7.0451494930000003
1772,O,oc23,-0.55000001192092896,26.861754839,14.313565144,6.8584842630000002
1773,O,oc23,-0.55000001192092896,32.336312040999999,14.247406474,10.855751054000001
1774,O,oc23,-0.55000001192092896,29.887854104999999,14.050847081000001,2.9190641240000001
1775,O,oc23,-0.55000001192092896,29.869123609999999,13.568582678,11.45130973
1776,O,oc23,-0.55000001192092896,27.410816839999999,13.3578981,3.2725439029999999
1777,O,oc23,-0.55000001192092896,32.837228392999997,13.547726462,7.3926019150000002
1778,O,oc23,-0.55000001192092896,27.93904435,11.302385256000001,8.4473132660000001
1779,O,oc23,-0.55000001192092896,30.855965152,11.140318756999999,4.53559015
1780,O,oc23,-0.55000001192092896,27.540795467999999,12.937609899,10.369616355
1781,O,oc23,-0.55000001192092896,25.074742367999999,12.962162153,2.234997141
1782,O,oc23,-0.55000001192092896,30.485796090000001,12.945421885,6.2906361740000003
1783,O,oc23,-0.55000001192092896,26.198106867,11.876930049,6.5712380870000002
1784,O,oc23,-0.55000001192092896,31.655101744,11.820117491,10.564928427
1785,O,oc23,-0.55000001192092896,29.165009650999998,11.616756390000001,2.4933175689999998
1786,O,oc23,-0.55000001192092896,31.618375089000001,11.143946196,2.082453514
1787,O,oc23,-0.55000001192092896,25.723399675,11.016021279,10.025804325999999
1788,O,oc23,-0.55000001192092896,28.653609138,11.034644905,5.9823692089999998
1789,O,oc23,-0.55000001192092896,25.358805283999999,13.781953016999999,4.7600108380000004
1790,O,oc23,-0.55000001192092896,30.663218371999999,13.533114846,8.8888457580000004
1791,O,oc24,-0.67500001192092896,28.397758880000001,13.543612593000001,0.84199411599999996
1792,Si,sc4,1.1000000238418579,33.202723786,11.287877578,2.0358034350000001
1793,Si,sc4,1.1000000238418579,27.355159190999998,11.394457770000001,9.9365359699999996
1794,Si,sc4,1.1000000238418579,30.215922339999999,11.435018569,5.9621879140000003
1795,Si,sc4,1.1000000238418579,25.752947668000001,13.391763207,6.3287103780000002
1796,Si,sc4,1.1000000238418579,31.114720407,13.297144210000001,10.452838219
1797,Si,sc4,1.1000000238418579,28.704859787,13.082308343999999,2.3829637529999999
1798,Si,sc4,1.1000000238418579,28.268080751999999,13.892788434,11.42003674
1799,Si,sc4,1.1000000238418579,25.936012779999999,13.983779992000001,3.2782718919999998
1800,Si,sc4,1.1000000238418579,31.250976198,13.828477783,7.3952027500000002
1801,Si,sc4,1.1000000238418579,27.440799164000001,10.935423528999999,7.0160864140000001
1802,Si,sc4,1.1000000238418579,32.820000397999998,10.846558545000001,11.104377088
1803,Si,sc4,1.1000000238418579,30.399354619,10.760136105000001,2.9925533249999998
1804,H,hoy,0.40000000596046448,27.479535401,13.462762501,0.68883887099999996
1805,O,oc23,-0.55000001192092896,27.449613162999999,10.344591639000001,23.2944779
1806,O,oc23,-0.55000001192092896,30.288674151999999,10.249415533000001,19.205018328000001
1807,O,oc23,-0.55000001192092896,26.450518292000002,14.253578317000001,18.834939274
1808,O,oc23,-0.55000001192092896,31.871120347000002,14.101242501,22.758150823000001
1809,O,oc23,-0.55000001192092896,29.444030735999998,14.261774875,14.649252211
1810,O,oc23,-0.55000001192092896,29.374851091,13.250272291,23.392459948999999
1811,O,oc23,-0.55000001192092896,26.971567637,13.678127183999999,15.456572790999999
1812,O,oc23,-0.55000001192092896,32.255914398000002,13.546645506000001,19.38394645
1813,O,oc23,-0.55000001192092896,27.309284702999999,11.141888222,20.779542013
1814,O,oc23,-0.55000001192092896,30.135758529,11.063801616999999,16.554455382
1815,O,oc23,-0.55000001192092896,26.928063316999999,12.879331814,22.740661433
1816,O,oc23,-0.55000001192092896,24.712218143000001,12.84128216,14.385932842000001
1817,O,oc23,-0.55000001192092896,29.858373276999998,12.811533001000001,18.475782854999999
1818,O,oc23,-0.55000001192092896,25.617226707,11.809794361,18.781754167999999
1819,O,oc23,-0.55000001192092896,31.168107889000002,11.624011269,22.329815786000001
1820,O,oc23,-0.55000001192092896,28.541326171000001,11.753819544000001,14.526955338
1821,O,oc23,-0.55000001192092896,31.128275736999999,10.922379299999999,14.107723464999999
1822,O,oc23,-0.55000001192092896,25.107495858,10.901872315,22.215710402999999
1823,O,oc23,-0.55000001192092896,28.031361489999998,11.124239534999999,18.179108470999999
1824,O,oc23,-0.55000001192092896,24.696592647999999,13.52436118,16.968550496999999
1825,O,oc23,-0.55000001192092896,30.189178847000001,13.68642768,20.960746895
1826,O,oc23,-0.55000001192092896,27.691474256999999,13.623268662999999,12.902886455000001
1827,Si,sc4,1.1000000238418579,32.673762439000001,11.334716237,14.120792065
1828,Si,sc4,1.1000000238418579,26.723095546,11.309361579999999,22.259728403
1829,Si,sc4,1.1000000238418579,29.634140680000002,11.291889588,18.103299154999998
1830,Si,sc4,1.1000000238418579,25.165256508999999,13.287762758,18.532542958000001
1831,Si,sc4,1.1000000238418579,30.665321871,13.15178264,22.364730623
1832,Si,sc4,1.1000000238418579,28.165847615000001,13.272382,14.404072319000001
1833,Si,sc4,1.1000000238418579,27.886826031999998,13.879116418000001,23.544925341999999
1834,Si,sc4,1.1000000238418579,25.321711462,13.810517281999999,15.508977018
1835,Si,sc4,1.1000000238418579,30.641582381999999,13.83444175,19.421915050999999
1836,Si,sc4,1.1000000238418579,26.793110024000001,10.831352403,19.246174392
1837,Si,sc4,0.72500002384185791,32.364390868000001,10.612438007,22.88096796
1838,Si,sc4,1.1000000238418579,29.772699971000002,10.774261291,15.003597402
1839,O,oc23,-0.55000001192092896,28.002748330999999,15.372012403999999,11.039685141
1840,O,oc23,-0.55000001192092896,30.951254453000001,15.339997394999999,7.0562673470000004
1841,O,oc23,-0.55000001192092896,27.068992776000002,19.310854257999999,7.1720633449999998
1842,O,oc23,-0.55000001192092896,32.421316685999997,19.220525825999999,10.77363366
1843,O,oc23,-0.55000001192092896,29.898504934000002,19.109411855000001,3.235470989
1844,O,oc23,-0.55000001192092896,29.912427431000001,18.471672706,11.333433646
1845,O,oc23,-0.55000001192092896,27.397027678000001,18.340852073000001,3.6056474110000001
1846,O,oc23,-0.55000001192092896,32.798164405999998,18.265555166999999,7.3600282659999996
1847,O,oc23,-0.55000001192092896,27.860115873000002,16.031235554999999,8.531120306
1848,O,oc23,-0.55000001192092896,30.872593141999999,15.939722228000001,4.5292379909999996
1849,O,oc23,-0.55000001192092896,27.555719464999999,17.865006887,10.338732836
1850,O,oc23,-0.55000001192092896,25.017816053000001,17.937896588000001,2.6804049679999999
1851,O,oc23,-0.55000001192092896,30.417617448000001,17.819459138999999,6.4275106080000004
1852,O,oc23,-0.55000001192092896,26.327250662000001,16.804397715,6.6383356490000001
1853,O,oc23,-0.55000001192092896,31.613166093,16.720590357999999,10.298876947
1854,O,oc23,-0.55000001192092896,29.209848807,16.655826535999999,2.6680646889999999
1855,O,oc23,-0.55000001192092896,31.587758929,15.925491026,2.1234795129999999
1856,O,oc23,-0.55000001192092896,25.680529689,16.015366287999999,10.054021614
1857,O,oc23,-0.55000001192092896,28.694909460000002,15.909867051999999,6.0013346170000004
1858,O,oc23,-0.55000001192092896,25.390390107999998,18.792843469000001,5.221224222
1859,O,oc23,-0.55000001192092896,30.754299680999999,18.677089702,8.8738268950000005
1860,O,oc24,-0.67500001192092896,28.404469878,18.483983131999999,1.0947424779999999
1861,Si,sc4,1.1000000238418579,33.159320461999997,16.259498142999998,2.0454455120000001
1862,Si,sc4,1.1000000238418579,27.266949049000001,16.322517883,10.002918532000001
1863,Si,sc4,1.1000000238418579,30.231180169999998,16.262252501999999,5.9585601160000001
1864,Si,sc4,1.1000000238418579,25.813546647999999,18.361045165,6.6426920110000003
1865,Si,sc4,1.1000000238418579,31.177456221,18.264370272000001,10.353556963999999
1866,Si,sc4,1.1000000238418579,28.704491624999999,18.172019204000001,2.6875244440000001
1867,Si,sc4,1.1000000238418579,28.306877074999999,18.813421130999998,11.409373754000001
1868,Si,sc4,1.1000000238418579,25.858519637000001,18.885404491999999,3.6842077299999998
1869,Si,sc4,1.1000000238418579,31.308103013,18.810735371,7.323488695
1870,Si,sc4,1.1000000238418579,27.434889167000001,15.758470837000001,7.0210928629999998
1871,Si,sc4,1.1000000238418579,32.793490738000003,15.774932550999999,10.814465165
1872,Si,sc4,1.1000000238418579,30.391474955,15.617364492,3.0756778210000002
1873,H,hoy,0.40000000596046448,29.163230727999998,18.841806842,0.69473121900000001
1874,O,oc23,-0.55000001192092896,27.768733567000002,15.278021193000001,22.811010401000001
1875,O,oc23,-0.55000001192092896,30.438150942,15.348401828,18.906977889
1876,O,oc23,-0.55000001192092896,26.389251644000002,19.324526274,18.630329303
1877,O,oc23,-0.55000001192092896,31.735900385000001,19.074047960000001,22.954893862999999
1878,O,oc23,-0.55000001192092896,29.341496601999999,19.241764534000001,14.837802792
1879,O,oc23,-0.55000001192092896,29.356421096999998,18.220495927999998,23.221919991
1880,O,oc23,-0.55000001192092896,26.870736501,18.499118596999999,15.383884089
1881,O,oc23,-0.55000001192092896,32.197718919000003,18.499677782999999,19.252285796999999
1882,O,oc23,-0.55000001192092896,27.377562351000002,16.131922457999998,20.411154543999999
1883,O,oc23,-0.55000001192092896,30.273449157000002,15.984222279999999,16.408426921
1884,O,oc23,-0.55000001192092896,26.864960335999999,17.815692423000002,22.486638994
1885,O,oc23,-0.55000001192092896,24.552624358999999,17.856043266,14.315648786000001
1886,O,oc23,-0.55000001192092896,29.873597276999998,17.908532000000001,18.329428866000001
1887,O,oc23,-0.55000001192092896,25.719760344000001,16.698200015000001,18.443925658000001
1888,O,oc23,-0.55000001192092896,31.194550882000001,16.672288250000001,22.153164423
1889,O,oc23,-0.55000001192092896,28.565365164999999,16.780961755,14.52292402
1890,O,oc23,-0.55000001192092896,31.120764234999999,16.199058145999999,13.927624991
1891,O,oc23,-0.55000001192092896,25.224185824999999,15.688127618999999,22.023974296999999
1892,O,oc23,-0.55000001192092896,28.192090108999999,15.968249074999999,17.880225147000001
1893,O,oc23,-0.55000001192092896,24.666743658000001,18.478297719,16.873821793000001
1894,O,oc23,-0.55000001192092896,30.132253029000001,18.602805151999998,20.800218867000002
1895,O,oc23,-0.55000001192092896,27.694078257000001,18.580450149000001,12.873889256
1896,Si,sc4,1.1000000238418579,32.809817234,16.410441188,13.818656365000001
1897,Si,sc4,1.1000000238418579,26.794211525000001,16.231179172000001,21.944132694
1898,Si,sc4,1.1000000238418579,29.671101167,16.340270508,17.866766106
1899,Si,sc4,1.1000000238418579,25.182351169,18.261684511999999,18.424225389
1900,Si,sc4,1.1000000238418579,30.589397895000001,18.081551494999999,22.295617886999999
1901,Si,sc4,1.1000000238418579,28.089155971,18.305138947,14.368247748
1902,Si,sc4,1.1000000238418579,27.863454704999999,18.795458551999999,23.261839822999999
1903,Si,sc4,1.1000000238418579,25.292062972,18.824440646999999,15.384078825
1904,Si,sc4,1.1000000238418579,30.698075361000001,18.865978464000001,19.331280638999999
1905,Si,sc4,1.1000000238418579,26.933171316999999,15.740684952000001,18.902166659999999
1906,Si,sc4,1.1000000238418579,32.326028379,15.667759911999999,22.725317041
1907,Si,sc4,1.1000000238418579,29.853932446999998,15.799798698,14.87011631
1908,O,oc23,-0.55000001192092896,28.129388125999998,20.336552705999999,10.939883622
1909,O,oc23,-0.55000001192092896,31.213315207000001,20.331077248,6.9119285330000002
1910,O,oc23,-0.55000001192092896,27.043451283,24.365304383000002,6.9523695979999998
1911,O,oc23,-0.55000001192092896,32.356210703999999,24.251734615,11.062961376000001
1912,O,oc23,-0.55000001192092896,30.065076385000001,24.212593609999999,2.8505033809999998
1913,O,oc23,-0.55000001192092896,29.922376761999999,23.346155723999999,11.475951051999999
1914,O,oc23,-0.55000001192092896,27.630040941000001,23.543444892,3.4723876969999998
1915,O,oc23,-0.55000001192092896,32.913852872,23.605618056000001,7.6347265889999996
1916,O,oc23,-0.55000001192092896,27.988692002000001,21.273367335,8.6253955960000006
1917,O,oc23,-0.55000001192092896,30.809790661000001,21.308590186,4.4981665179999997
1918,O,oc23,-0.55000001192092896,27.509176813,22.950325453000001,10.590414572
1919,O,oc23,-0.55000001192092896,25.267690145,22.940406771999999,2.5156055930000001
1920,O,oc23,-0.55000001192092896,30.522656080000001,22.889655492999999,6.5596648819999999
1921,O,oc23,-0.55000001192092896,26.371689815,21.795893450000001,6.7491251979999998
1922,O,oc23,-0.55000001192092896,31.777635039,21.687747008999999,10.534500261
1923,O,oc23,-0.55000001192092896,29.275121953999999,21.668324650999999,2.5393173189999998
1924,O,oc23,-0.55000001192092896,31.715734057999999,20.758096478999999,2.1554483680000001
1925,O,oc23,-0.55000001192092896,25.796284822000001,20.958597204,10.044074596
1926,O,oc23,-0.55000001192092896,28.821783088,21.009306516999999,6.1952166909999997
1927,O,oc23,-0.55000001192092896,25.487748581000002,23.640308951000002,5.0227392179999999
1928,O,oc23,-0.55000001192092896,30.780276003000001,23.674707001000002,9.0318194849999998
1929,O,oc24,-0.89999997615814209,28.366641223999999,23.614807742,0.97849803099999999
1930,Si,sc4,1.1000000238418579,33.229868277000001,21.286345327999999,2.1252868729999999
1931,Si,sc4,1.1000000238418579,27.332088364000001,21.408852623000001,10.075412498
1932,Si,sc4,1.1000000238418579,30.346801969000001,21.401349446000001,6.0319972420000001
1933,Si,sc4,1.1000000238418579,25.8660988,23.319064132000001,6.5794300630000002
1934,Si,sc4,1.1000000238418579,31.261760362,23.230284246,10.524032010000001
1935,Si,sc4,0.72500002384185791,28.869761573000002,23.270168278,2.5062885600000002
1936,Si,sc4,1.1000000238418579,28.402800212999999,23.922712627999999,11.530435365000001
1937,Si,sc4,1.1000000238418579,26.052001744999998,23.92145004,3.4640460370000001
1938,Si,sc4,1.1000000238418579,31.341290337,23.891348790999999,7.5792666610000001
1939,Si,sc4,1.1000000238418579,27.580893791000001,20.829418793999999,7.2072373450000002
1940,Si,sc4,1.1000000238418579,32.917593199999999,20.705503808,10.985720123
1941,Si,sc4,1.1000000238418579,30.406766616999999,20.666616413,3.1181018470000001
1942,O,oc23,-0.55000001192092896,27.804859222000001,20.282355231,22.752624594
1943,O,oc23,-0.55000001192092896,30.531703911000001,20.403723734,18.9655594
1944,O,oc23,-0.55000001192092896,26.383308314000001,24.332095644999999,18.882336566999999
1945,O,oc23,-0.55000001192092896,31.863341181999999,24.120709743999999,22.713939056000001
1946,O,oc23,-0.55000001192092896,29.290580780999999,24.192337636000001,15.208856492000001
1947,O,oc23,-0.55000001192092896,29.382129755000001,23.615358873999998,23.370353096999999
1948,O,oc23,-0.55000001192092896,26.804027521999998,23.336003310999999,15.410216026000001
1949,O,oc23,-0.55000001192092896,32.283158391999997,23.589899499000001,19.47484051
1950,O,oc23,-0.55000001192092896,27.355726857000001,21.200357191999998,20.346008214000001
1951,O,oc23,-0.55000001192092896,30.312178812999999,21.177617616999999,16.448152987
1952,O,oc23,-0.55000001192092896,27.064451944999998,22.789425788999999,22.494310220999999
1953,O,oc23,-0.55000001192092896,24.533393362999998,22.944284962000001,14.365256958
1954,O,oc23,-0.55000001192092896,29.963610915,22.86864272,18.347633255000002
1955,O,oc23,-0.55000001192092896,25.680329189999998,21.862576098000002,18.352120893999999
1956,O,oc23,-0.55000001192092896,31.005041938000002,21.599926147000001,22.749177483
1957,O,oc23,-0.55000001192092896,28.711971285000001,21.777437163999998,14.438336100000001
1958,O,oc23,-0.55000001192092896,31.177990553000001,20.993613945,14.044981780000001
1959,O,oc23,-0.55000001192092896,25.320208962999999,20.747704749,22.094129498000001
1960,O,oc23,-0.55000001192092896,28.149387287,21.003866398,17.903110942000001
1961,O,oc23,-0.55000001192092896,24.708612145,23.729918911999999,16.894756355999998
1962,O,oc23,-0.55000001192092896,30.15041536,23.262492061,20.874468360000002
1963,O,oc23,-0.55000001192092896,27.853338208,23.812027141000002,13.012896576999999
1964,Si,sc4,1.1000000238418579,32.739969922,21.347710752000001,13.977493779
1965,Si,sc4,1.1000000238418579,26.871804667999999,21.269600046000001,21.920467957
1966,Si,sc4,1.1000000238418579,29.740581312,21.358521920000001,17.920081035999999
1967,Si,sc4,1.1000000238418579,25.151734512000001,23.365368809,18.410962052999999
1968,Si,sc4,1.1000000238418579,30.609062725000001,23.109823123000002,22.419409671
1969,Si,sc4,1.1000000238418579,28.186447776000001,23.256877065000001,14.529815335
1970,Si,sc4,0.72500002384185791,27.765094234999999,23.808399961999999,23.420156973000001
1971,Si,sc4,1.1000000238418579,25.316001965000002,23.871500774000001,15.402999183
1972,Si,sc4,1.1000000238418579,30.653902876,23.775323745000001,19.442526023999999
1973,Si,sc4,1.1000000238418579,26.894074494000002,20.882882466000002,18.799049791000002
1974,Si,sc4,1.1000000238418579,32.203929913000003,20.613570571,23.142663563999999
1975,Si,sc4,1.1000000238418579,29.859841946,20.784288877000002,14.934418785
1976,O,oc23,-0.55000001192092896,28.269616585000001,25.401918668,10.940013446
1977,O,oc23,-0.55000001192092896,31.150478894999999,25.391490820000001,7.1127673189999996
1978,O,oc23,-0.55000001192092896,26.988695134,29.168892662000001,7.0151761940000004
1979,O,oc23,-0.55000001192092896,32.290103719999998,29.200245585000001,10.797430158999999
1980,O,oc23,-0.55000001192092896,29.934463424,29.215103015,2.9868316340000001
1981,O,oc23,-0.55000001192092896,29.817439623999999,28.514377906,11.460347013
1982,O,oc23,-0.55000001192092896,27.477224822,28.496556162000001,3.448845033
1983,O,oc23,-0.55000001192092896,32.916691700999998,28.424816536000002,7.5302436650000004
1984,O,oc23,-0.55000001192092896,27.860149206999999,26.350820382999999,8.4944509109999995
1985,O,oc23,-0.55000001192092896,30.885414138000002,26.090646723999999,4.486398093
1986,O,oc23,-0.55000001192092896,27.442802165,27.878172883000001,10.596526945999999
1987,O,oc23,-0.55000001192092896,25.238308821,27.907922041999999,2.4212653909999999
1988,O,oc23,-0.55000001192092896,30.744249850999999,27.875382665,6.3808733650000002
1989,O,oc23,-0.55000001192092896,26.263980516,26.790325696,6.4055282499999997
1990,O,oc23,-0.55000001192092896,31.561382603999999,26.736581910999998,10.775064628000001
1991,O,oc23,-0.55000001192092896,29.265206454000001,26.722561702,2.5728857180000002
1992,O,oc23,-0.55000001192092896,31.674699907000001,25.921498923000001,1.9746547560000001
1993,O,oc23,-0.55000001192092896,25.765601497999999,25.872080001,10.038157928
1994,O,oc23,-0.55000001192092896,28.855805244999999,26.122000166999999,6.0528673780000002
1995,O,oc23,-0.55000001192092896,25.409053935999999,28.698696510000001,4.9554009020000001
1996,O,oc23,-0.55000001192092896,30.712865526000002,28.414109874000001,8.9563337599999997
1997,O,oc24,-0.67500001192092896,28.349847560000001,28.522189892,0.98336781399999995
1998,Si,sc4,0.72500002384185791,33.250969933999997,26.25686503,1.988984536
1999,Si,sc4,1.1000000238418579,27.292056708,26.359051239999999,10.020863274
2000,Si,sc4,1.1000000238418579,30.405497950000001,26.337846831,5.9734229970000001
2001,Si,sc4,1.1000000238418579,25.764900496999999,28.293508954,6.4593949320000004
2002,Si,sc4,1.1000000238418579,31.069113086000002,28.252843698,10.490223582
2003,Si,sc4,1.1000000238418579,28.767862268999998,28.228291443,2.55347174
2004,Si,sc4,1.1000000238418579,28.250518923000001,28.802626280999998,11.601564244
2005,Si,sc4,1.1000000238418579,25.961354271000001,28.864949635999999,3.4704047359999999
2006,Si,sc4,1.1000000238418579,31.399151485000001,28.823935667000001,7.5002708499999997
2007,Si,sc4,1.1000000238418579,27.521697308,25.896772051999999,7.0220030820000003
2008,Si,sc4,1.1000000238418579,32.778065742000003,25.820463828000001,11.086432346
2009,Si,sc4,1.1000000238418579,30.440955938999998,25.728740026000001,3.0082743500000002
2010,H,hoy,0.40000000596046448,28.317362381999999,27.690128459,0.55124845200000006
2011,O,oc23,-0.55000001192092896,27.473218323000001,25.278353694,22.977194482000002
2012,O,oc23,-0.55000001192092896,30.311945975,25.361811559,19.245197808
2013,O,oc23,-0.55000001192092896,26.296667338999999,29.221938503000001,19.053787229000001
2014,O,oc23,-0.55000001192092896,31.597474428000002,29.116090555,23.171920409999998
2015,O,oc23,-0.55000001192092896,29.352548429999999,29.083970049000001,14.957304580000001
2016,O,oc23,-0.55000001192092896,29.153757821999999,28.385441670999999,23.460923566000002
2017,O,oc23,-0.55000001192092896,26.787801027,28.244124850999999,15.503515701
2018,O,oc23,-0.55000001192092896,32.216283242999999,28.543743013,19.50240771
2019,O,oc23,-0.55000001192092896,27.181008577,26.228441082,20.554908181999998
2020,O,oc23,-0.55000001192092896,30.297489146,26.067105266999999,16.692552967000001
2021,O,oc23,-0.55000001192092896,26.829602846,27.863769142999999,22.493920750000001
2022,O,oc23,-0.55000001192092896,24.360478081,27.939763473999999,14.742617767
2023,O,oc23,-0.55000001192092896,29.961240748000002,27.925638807999999,18.571358320000002
2024,O,oc23,-0.55000001192092896,25.684135687000001,26.756635724999999,18.542035593000001
2025,O,oc23,-0.55000001192092896,31.013455934,26.594218953999999,22.631756750000001
2026,O,oc23,-0.55000001192092896,28.611273483000002,26.594009519,14.525199811
2027,O,oc23,-0.55000001192092896,31.133651898,25.774392751000001,14.184769013
2028,O,oc23,-0.55000001192092896,25.121418354999999,25.993761877000001,22.02306553
2029,O,oc23,-0.55000001192092896,28.128586627000001,26.161723744,18.121114073000001
2030,O,oc23,-0.55000001192092896,24.756757297,28.73423502,17.11510019
2031,O,oc23,-0.55000001192092896,30.153220356999999,28.555217257999999,21.053851834
2032,O,oc23,-0.55000001192092896,27.721456581000002,28.603136873,13.120174586999999
2033,Si,sc4,1.1000000238418579,32.681608271999998,26.242496110000001,14.139386893999999
2034,Si,sc4,1.1000000238418579,26.663832397,26.298123253,22.044000093000001
2035,Si,sc4,1.1000000238418579,29.684055496999999,26.348902205000002,18.181189527000001
2036,Si,sc4,1.1000000238418579,25.148462346999999,28.254761875,18.612059033000001
2037,Si,sc4,1.1000000238418579,30.495745421999999,28.122826506999999,22.608481484999999
2038,Si,sc4,1.1000000238418579,28.130790127000001,28.153935695000001,14.564404644
2039,Si,sc4,1.1000000238418579,27.673144263000001,28.875726455999999,23.407738460000001
2040,Si,sc4,1.1000000238418579,25.275535977000001,28.877783911000002,15.621782226000001
2041,Si,sc4,1.1000000238418579,30.685954868,28.929679156999999,19.535696844
2042,Si,sc4,1.1000000238418579,26.826965014999999,25.845957761000001,19.038249070999999
2043,Si,sc4,1.1000000238418579,32.318749715000003,25.670846512000001,22.922124024999999
2044,Si,sc4,1.1000000238418579,29.771163641000001,25.690516275,15.160288848
2045,O,oc23,-0.55000001192092896,27.945622014000001,30.362518158,11.161787279
2046,O,oc23,-0.55000001192092896,31.144369394999998,30.350067415000002,7.0359169909999997
2047,O,oc23,-0.55000001192092896,26.990130965999999,34.203289232000003,7.0340965520000003
2048,O,oc23,-0.55000001192092896,32.312473048999998,34.230561545999997,10.915957300000001
2049,O,oc23,-0.55000001192092896,29.946215755000001,34.106647600000002,2.7847253709999999
2050,O,oc23,-0.55000001192092896,29.867221107999999,33.399295918,11.395719978000001
2051,O,oc23,-0.55000001192092896,27.39886401,33.553098300000002,3.3825467589999998
2052,O,oc23,-0.55000001192092896,32.895156209,33.377045891999998,7.4460461850000002
2053,O,oc23,-0.55000001192092896,27.889029531999999,30.978774344000001,8.589961465
2054,O,oc23,-0.55000001192092896,30.774232175000002,31.084168601999998,4.4592663830000001
2055,O,oc23,-0.55000001192092896,27.567271794,32.799397507999998,10.437558739
2056,O,oc23,-0.55000001192092896,24.995212393999999,32.932866482000001,2.4532214090000002
2057,O,oc23,-0.55000001192092896,30.651466040999999,32.800931634000001,6.3335085280000003
2058,O,oc23,-0.55000001192092896,26.152365216,31.651702771,6.8467812339999998
2059,O,oc23,-0.55000001192092896,31.62358309,31.652819065999999,10.515644815
2060,O,oc23,-0.55000001192092896,29.117999333,31.683021395000001,2.4996697289999998
2061,O,oc23,-0.55000001192092896,31.604552094999999,31.008313548,1.968094539
2062,O,oc23,-0.55000001192092896,25.692716351000001,30.986097822000001,10.145500849999999
2063,O,oc23,-0.55000001192092896,28.679183964,30.999106712,6.1652889269999998
2064,O,oc23,-0.55000001192092896,25.348655453999999,33.484044953999998,4.9961733080000004
2065,O,oc23,-0.55000001192092896,30.766953511000001,33.445018281999999,8.9041901499999998
2066,O,oc24,-0.67500001192092896,28.24334026,33.391344654000001,0.84975066099999996
2067,Si,sc4,1.1000000238418579,33.236846440999997,31.200270562,2.0105378209999998
2068,Si,sc4,1.1000000238418579,27.293325374999998,31.279334185,10.07177162
2069,Si,sc4,1.1000000238418579,30.307071311000001,31.285018559000001,5.9840205869999998
2070,Si,sc4,1.1000000238418579,25.720461344,33.240576224999998,6.5676621209999997
2071,Si,sc4,1.1000000238418579,31.145504726999999,33.216302524,10.442045409
2072,Si,sc4,1.1000000238418579,28.60249232,33.243226645999997,2.4361154350000001
2073,Si,sc4,1.1000000238418579,28.328612568,33.748438499000002,11.426668407999999
2074,Si,sc4,1.1000000238418579,25.800124653000001,33.876048484000002,3.502945929
2075,Si,sc4,1.1000000238418579,31.361622833999999,33.755866953999998,7.4505972820000004
2076,Si,sc4,1.1000000238418579,27.440765333000002,30.700848059999998,7.1288916210000002
2077,Si,sc4,1.1000000238418579,32.782839908,30.662519851999999,10.956072837000001
2078,Si,sc4,1.1000000238418579,30.354447799999999,30.737572503999999,2.9717216999999998
2079,H,hoy,0.40000000596046448,28.786307781000001,32.679013539000003,0.50578841399999996
2080,O,oc23,-0.55000001192092896,27.615650778999999,30.39439389,22.914516741
2081,O,oc23,-0.55000001192092896,30.487030925999999,30.411832621999999,19.063669335
2082,O,oc23,-0.55000001192092896,26.267419846999999,34.213054215,19.217307017
2083,O,oc23,-0.55000001192092896,31.824544859,34.078747499000002,22.692678964999999
2084,O,oc23,-0.55000001192092896,29.365936594000001,34.138663647999998,14.923625975
2085,O,oc23,-0.55000001192092896,29.402296081999999,33.237995441999999,23.251762013
2086,O,oc23,-0.55000001192092896,26.874375832999998,33.417710628000002,15.360022679
2087,O,oc23,-0.55000001192092896,32.345627536999999,33.283996360000003,19.229463944999999
2088,O,oc23,-0.55000001192092896,27.191459405,31.325509718999999,20.465963416000001
2089,O,oc23,-0.55000001192092896,30.252080831000001,30.859289198999999,16.531244058999999
2090,O,oc23,-0.55000001192092896,26.897146159999998,32.789666824000001,22.664720355
2091,O,oc23,-0.55000001192092896,24.462277135000001,32.866358580000004,14.639629752999999
2092,O,oc23,-0.55000001192092896,30.036362728,32.764346467000003,18.182295934999999
2093,O,oc23,-0.55000001192092896,25.609280376000001,31.783777936,18.502115759999999
2094,O,oc23,-0.55000001192092896,31.178357720000001,31.523673916,22.271951212000001
2095,O,oc23,-0.55000001192092896,28.608335151999999,31.622058590000002,14.738326800999999
2096,O,oc23,-0.55000001192092896,31.096891412000002,30.825773324,14.083601438000001
2097,O,oc23,-0.55000001192092896,25.169496840000001,30.792048533999999,22.068966943
2098,O,oc23,-0.55000001192092896,28.159470451000001,30.974797673000001,18.056812567000001
2099,O,oc23,-0.55000001192092896,24.851077437000001,33.789347489999997,17.061591493000002
2100,O,oc23,-0.55000001192092896,30.256053995999999,33.525930963,20.662316985
2101,O,oc23,-0.55000001192092896,27.804458224000001,33.425244061000001,12.956590856
2102,Si,sc4,1.1000000238418579,32.626484458,31.215161771999998,14.043941253
2103,Si,sc4,1.1000000238418579,26.708672050000001,31.328474032999999,22.004403850999999
2104,Si,sc4,1.1000000238418579,29.748860979,31.222206695000001,17.916308397000002
2105,Si,sc4,1.1000000238418579,25.129197520000002,33.305131129999999,18.548993758000002
2106,Si,sc4,1.1000000238418579,30.602185059,33.079589642000002,22.186062148000001
2107,Si,sc4,1.1000000238418579,28.173092447999998,33.144667355999999,14.472990319999999
2108,Si,sc4,1.1000000238418579,27.877443869,33.693613237999998,23.449220053000001
2109,Si,sc4,1.1000000238418579,25.387151277000001,33.828094569000001,15.493958154
2110,Si,sc4,1.1000000238418579,30.853127317999999,33.673873315999998,19.197021573000001
2111,Si,sc4,1.1000000238418579,26.836580513000001,30.857196926,18.998393182000001
2112,Si,sc4,1.1000000238418579,32.223060410000002,30.607555312999999,22.999039749000001
2113,Si,sc4,1.1000000238418579,29.800111131000001,30.578852811000001,15.036105655
2114,O,oc23,-0.55000001192092896,33.959437332,0.38673785399999999,3.213020685
2115,O,oc24,-0.67500001192092896,33.895199019000003,1.0433802219999999,0.58527571499999997
2116,H,hoy,0.40000000596046448,34.198348594000002,1.8530729290000001,0.221947386
2117,O,oc23,-0.55000001192092896,33.499721301999998,0.38942361399999997,14.964391600000001
2118,O,oc23,-0.55000001192092896,33.334151849000001,1.1947421380000001,12.583066628999999
2119,O,oc23,-0.55000001192092896,0.64879480199999995,5.4109167899999999,3.0082874300000002
2120,O,oc24,-0.67500001192092896,33.747625726000003,5.8530714860000002,0.32271942399999998
2121,H,hoy,0.40000000596046448,33.023406112000004,6.1420250469999997,-0.21281359399999999
2122,O,oc23,-0.55000001192092896,0.14994811799999999,5.3847950710000001,15.104374537
2123,O,oc23,-0.55000001192092896,33.295221196999996,6.1253476950000003,12.543210739999999
2124,O,oc23,-0.55000001192092896,0.41634920399999997,10.241603547,3.0823228110000001
2125,O,oc24,-0.67500001192092896,33.614374933999997,10.816495493,0.50221670600000001
2126,H,hoy,0.40000000596046448,32.86448669,10.344885701999999,0.18404969299999999
2127,O,oc23,-0.55000001192092896,0.067446976000000006,10.427700531999999,15.132656735999999
2128,O,oc23,-0.55000001192092896,33.306273023999999,11.185238718000001,12.650099279000001
2129,O,oc23,-0.55000001192092896,0.52532716999999995,15.340205271,3.1245775330000001
2130,O,oc24,-0.67500001192092896,33.793132550000003,15.998661359,0.575707148
2131,H,hoy,0.40000000596046448,33.085105050999999,15.816853632000001,-0.011523982
2132,O,oc23,-0.55000001192092896,0.26627141500000001,15.341286226999999,14.797492519
2133,O,oc23,-0.55000001192092896,33.288944530999999,16.177678082,12.243741270999999
2134,O,oc23,-0.55000001192092896,0.83783607999999998,20.278519915,2.842967791
2135,O,oc24,-0.67500001192092896,33.637980094,21.211761278000001,0.58841413200000003
2136,H,hoy,0.40000000596046448,33.063451071000003,21.833725150999999,0.17294689299999999
2137,O,oc23,-0.55000001192092896,0.16256911199999999,20.346212712,14.936304136
2138,O,oc23,-0.55000001192092896,33.292851028999998,21.079861769000001,12.482550111
2139,O,oc23,-0.55000001192092896,0.69133045800000004,25.328330763,3.0167267
2140,O,oc24,-0.89999997615814209,33.887687517000003,25.968650955000001,0.48621983499999999
2141,O,oc23,-0.55000001192092896,0.14684262100000001,25.358846985,15.172122185999999
2142,O,oc23,-0.55000001192092896,33.211184719000002,26.096540532999999,12.565446446999999
2143,O,oc23,-0.55000001192092896,0.45023802600000001,30.292661371000001,3.1801152099999999
2144,O,oc24,-0.67500001192092896,33.837105033,30.987318054999999,0.50132792199999998
2145,H,hoy,0.40000000596046448,33.437554079999998,30.204535866000001,0.163284917
2146,O,oc23,-0.55000001192092896,0.081736639999999999,30.283315257999998,15.088315145999999
2147,O,oc23,-0.55000001192092896,33.200733890999999,30.945014214,12.502965379000001
2148,O,oc23,-0.55000001192092896,33.423450883999998,2.9338601729999998,2.4335991309999998
2149,O,oc23,-0.55000001192092896,32.955655188999998,2.9078777310000001,14.503808927
2150,O,oc23,-0.55000001192092896,33.499141027999997,7.7952024289999997,2.2363820890000001
2151,O,oc23,-0.55000001192092896,33.084531818000002,7.855817042,14.516162528000001
2152,O,oc23,-0.55000001192092896,33.708915801000003,12.844560367,2.3556692799999999
2153,O,oc23,-0.55000001192092896,32.877160048,12.925578026,14.4875548
2154,O,oc23,-0.55000001192092896,33.385689395,17.791767954000001,2.4545477419999999
2155,O,oc23,-0.55000001192092896,33.013849673999999,17.924052034999999,14.228590339
2156,O,oc23,-0.55000001192092896,33.307861920999997,22.769002475000001,2.6874464530000002
2157,O,oc23,-0.55000001192092896,33.042095666000002,22.84418427,14.401666705
2158,O,oc23,-0.55000001192092896,0.15976411500000001,27.797051285999999,2.408073264
2159,O,oc23,-0.55000001192092896,-0.55196283899999998,27.693714482000001,14.600489831999999
2160,O,oc23,-0.55000001192092896,33.567752509000002,32.691456766000002,2.407169584
2161,O,oc23,-0.55000001192092896,32.834190558000003,32.765707016999997,14.353878972
2162,Na,na+,1,17.580687634,26.431005581000001,24.819261513000001
2163,Na,na+,1,1.16033904,10.919792089,25.390693698
2164,Na,na+,1,8.9388729839999996,31.996458539999999,25.683894823999999
2165,Na,na+,1,25.193864376000001,3.4927375089999999,24.580951322000001
2166,Na,na+,1,15.031175763,12.72382971,25.129155312000002
2167,Na,na+,1,25.939718596999999,33.245110994999997,0.27677200099999999
2168,Na,na+,1,16.630466668,9.3037205309999997,0.021757474999999998
2169,Na,na+,1,7.7671927209999998,16.495529586,-1.3493070300000001
2170,Na,na+,1,27.926869675999999,22.305193941999999,-0.60311581599999997
2171,Na,na+,1,25.386109254000001,10.638752590999999,26.762309259999999
2172,Na,na+,1,20.877170129,18.471208833999999,-0.79739496600000004
2173,Na,na+,1,2.6748367750000002,7.0069396619999997,0.096937056999999993
2174,Na,na+,1,5.513251876,21.358666158999998,24.899273520000001
2175,Na,na+,1,27.600074198000002,21.584670599999999,25.542902442999999
2176,Na,na+,1,20.744182395999999,32.814373891000002,25.829482354
2177,Na,na+,1,9.0866815630000008,5.7657744380000002,26.035870197000001
2178,Na,na+,1,11.001027001000001,29.838760561000001,-0.45634318299999999
2179,Na,na+,1,27.631772071,5.517160434,0.18850882599999999
2180,Na,na+,1,2.4841567279999999,25.848636752000001,0.81787533899999998
2181,Na,na+,1,9.8080700850000007,4.6176879150000003,0.95487845000000005
2182,H,hoy,0.40000000596046448,9.6063346920000008,11.316905307000001,0.604592676
2183,H,hoy,0.40000000596046448,19.144469010000002,23.832758214999998,0.73198816
2184,H,hoy,0.40000000596046448,26.048107962,10.952968803999999,0.120291067
