id,element,ff_type,charge,x,y,z
1,Al,ay1,1.4490000009536743,0.79804855600000002,0.75277757599999995,4.9879369740000001
2,Si,sy1,1.1000000238418579,1.639848113,8.376114845,7.6895365719999997
3,Si,sy2,1.1000000238418579,1.572234511,2.3268489840000002,7.6907334330000001
4,K,k+,1,-1.001559138,0.88349938400000005,9.9726829529999996
5,H,hoy,0.20000000298023224,1.314217567,5.8590435980000004,6.1810688970000003
6,O,oy1,-0.55000001192092896,1.325518727,0.83571833399999995,8.3431463239999992
7,O,oy2,-0.55000001192092896,0.48361423599999998,7.3087038990000002,8.1343183519999993
8,O,oy3,-0.55000001192092896,0.46030280000000001,3.3383655550000002,8.3509254459999998
9,O,oy7,-0.75800001621246338,1.785613656,8.503231049,6.0520224569999996
10,O,oy8,-0.75800001621246338,1.3956093789999999,2.2673480509999999,6.0530195239999998
11,O,oy9,-0.68300002813339233,1.7692798380000001,5.0729093550000002,5.9871997830000003
12,Al,ay1,1.4490000009536743,2.3906331060000001,0.75277757599999995,14.957428931999999
13,Si,sy1,1.1000000238418579,1.548833728,8.376114845,12.255828856999999
14,Si,sy2,1.1000000238418579,1.61644733,2.3268489840000002,12.254631996000001
15,H,hoy,0.20000000298023224,1.874464393,5.8590435980000004,13.764296531999999
16,O,oy1,-0.78299999237060547,1.863163114,0.83571833399999995,11.602218627999999
17,O,oy2,-0.78299999237060547,2.705067396,7.3087038990000002,11.811046599999999
18,O,oy3,-0.55000001192092896,2.7283790109999999,3.3383655550000002,11.59444046
19,O,oy7,-0.75800001621246338,1.403068185,8.503231049,13.893342971999999
20,O,oy8,-0.75800001621246338,1.7930725810000001,2.2673480509999999,13.892346381999999
21,O,oy9,-0.68300002813339233,1.4194020030000001,5.0729093550000002,13.958166122
22,Al,ay2,1.4479999542236328,3.392192364,8.2625226969999996,4.9847459790000004
23,Al,ay2,1.4479999542236328,-0.20351053799999999,8.2625226969999996,14.960619926
24,Si,sy1,1.1000000238418579,0.63828903400000003,0.63918477299999998,17.662220001000001
25,Si,sy2,1.1000000238418579,0.57067543300000001,6.6884512899999997,17.663415909000001
26,H,hoy,0.20000000298023224,0.312658459,3.1562564370000001,16.153751372999999
27,O,oy1,-0.78299999237060547,0.32395961899999998,8.1795816420000005,18.315828323000002
28,O,oy2,-0.55000001192092896,-0.51794493200000002,1.706596255,18.107000351
29,O,oy3,-0.55000001192092896,-0.54125630899999999,5.6769342419999997,18.323608398000001
30,O,oy4,-0.75800001621246338,0.78405457700000003,0.51206904600000003,16.024703979000002
31,O,oy5,-0.75800001621246338,0.39405021099999998,6.7479519840000002,16.025701522999999
32,O,oy6,-0.68300002813339233,0.76772075900000003,3.9423906799999999,15.959882736000001
33,Al,ay1,1.4490000009536743,3.3939485550000001,5.2604274750000002,4.9879369740000001
34,Si,sy1,1.1000000238418579,4.2357478139999998,3.8684651849999998,7.6895365719999997
35,Si,sy2,1.1000000238418579,4.1681346890000004,6.8344988820000001,7.6907334330000001
36,K,k+,1,1.5943409200000001,5.391149521,9.9726829529999996
37,H,hoy,0.20000000298023224,3.9101176259999999,1.351393461,6.1810688970000003
38,O,oy1,-0.55000001192092896,3.9214186670000002,5.3433685300000002,8.3431463239999992
39,O,oy2,-0.55000001192092896,3.0795140270000001,2.801053762,8.1343183519999993
40,O,oy3,-0.55000001192092896,3.0562026499999999,7.8460154529999997,8.3509254459999998
41,O,oy7,-0.75800001621246338,4.3815135959999996,3.9955809119999999,6.0520224569999996
42,O,oy8,-0.75800001621246338,3.991509438,6.7749981879999996,6.0530195239999998
43,O,oy9,-0.68300002813339233,4.3651800160000001,0.56525933699999997,5.9871997830000003
44,Al,ay1,1.4490000009536743,-0.20526675899999999,5.2604274750000002,14.957428931999999
45,Si,sy1,1.1000000238418579,-1.0470663309999999,3.8684651849999998,12.255828856999999
46,Al,ayt2,0.80000001192092896,-0.97945272900000002,6.8344988820000001,12.254631996000001
47,H,hoy,0.20000000298023224,-0.72143572600000005,1.351393461,13.764296531999999
48,O,oy1,-0.78299999237060547,-0.73273694499999997,5.3433685300000002,11.602218627999999
49,O,oy2,-0.55000001192092896,0.10916759099999999,2.801053762,11.811046599999999
50,O,oy3,-0.78299999237060547,0.132478967,7.8460154529999997,11.59444046
51,O,oy7,-0.75800001621246338,-1.1928318739999999,3.9955809119999999,13.893342971999999
52,O,oy8,-0.75800001621246338,-0.80282753699999998,6.7749981879999996,13.892346381999999
53,O,oy9,-0.68300002813339233,-1.1764980549999999,0.56525933699999997,13.958166122
54,Al,ay2,1.4479999542236328,0.796292365,3.754872561,4.9847459790000004
55,Al,ay2,1.4479999542236328,2.3923892969999998,3.754872561,14.960619926
56,Si,sy1,1.1000000238418579,3.2341890339999999,5.1468348500000003,17.662220001000001
57,Si,sy2,1.1000000238418579,3.1665754320000001,2.180801153,17.663415909000001
58,H,hoy,0.20000000298023224,2.9085583690000001,7.6639065740000003,16.153751372999999
59,O,oy1,-0.55000001192092896,2.9198596480000001,3.6719317440000001,18.315828323000002
60,O,oy2,-0.55000001192092896,2.077955008,6.2142462729999997,18.107000351
61,O,oy3,-0.55000001192092896,2.0546436309999998,1.1692844630000001,18.323608398000001
62,O,oy4,-0.75800001621246338,3.3799545759999998,5.0197191239999999,16.024703979000002
63,O,oy5,-0.75800001621246338,2.9899501800000001,2.2403020859999998,16.025701522999999
64,O,oy6,-0.68300002813339233,3.3636207580000002,8.4500408169999996,15.959882736000001
65,Al,ay1,1.4490000009536743,0.79804855600000002,9.7680778499999992,4.9879369740000001
66,Si,sy1,1.1000000238418579,1.639848113,17.391414642000001,7.6895365719999997
67,Al,ayt2,0.80000001192092896,1.572234511,11.342148781000001,7.6907334330000001
68,K,k+,1,-1.001559138,9.8987989429999992,9.9726829529999996
69,H,hoy,0.20000000298023224,1.314217567,14.874343872000001,6.1810688970000003
70,O,oy1,-0.78299999237060547,1.325518727,9.8510179519999994,8.3431463239999992
71,O,oy2,-0.78299999237060547,0.48361423599999998,16.324003220000002,8.1343183519999993
72,O,oy3,-0.78299999237060547,0.46030280000000001,12.353665352,8.3509254459999998
73,O,oy7,-0.75800001621246338,1.785613656,17.518531799000002,6.0520224569999996
74,O,oy8,-0.75800001621246338,1.3956093789999999,11.282648087,6.0530195239999998
75,O,oy9,-0.68300002813339233,1.7692798380000001,14.088209151999999,5.9871997830000003
76,Al,ay1,1.4490000009536743,2.3906331060000001,9.7680778499999992,14.957428931999999
77,Si,sy1,1.1000000238418579,1.548833728,17.391414642000001,12.255828856999999
78,Si,sy2,1.1000000238418579,1.61644733,11.342148781000001,12.254631996000001
79,H,hoy,0.20000000298023224,1.874464393,14.874343872000001,13.764296531999999
80,O,oy1,-0.55000001192092896,1.863163114,9.8510179519999994,11.602218627999999
81,O,oy2,-0.55000001192092896,2.705067396,16.324003220000002,11.811046599999999
82,O,oy3,-0.55000001192092896,2.7283790109999999,12.353665352,11.59444046
83,O,oy7,-0.75800001621246338,1.403068185,17.518531799000002,13.893342971999999
84,O,oy8,-0.75800001621246338,1.7930725810000001,11.282648087,13.892346381999999
85,O,oy9,-0.68300002813339233,1.4194020030000001,14.088209151999999,13.958166122
86,Al,ay2,1.4479999542236328,3.392192364,17.277822494999999,4.9847459790000004
87,Al,ay2,1.4479999542236328,-0.20351053799999999,17.277822494999999,14.960619926
88,Al,ayt1,0.80000001192092896,0.63828903400000003,9.6544847489999999,17.662220001000001
89,Si,sy2,1.1000000238418579,0.57067543300000001,15.703751563999999,17.663415909000001
90,H,hoy,0.20000000298023224,0.312658459,12.171556473000001,16.153751372999999
91,O,oy1,-0.55000001192092896,0.32395961899999998,17.194881439,18.315828323000002
92,O,oy2,-0.78299999237060547,-0.51794493200000002,10.721896171999999,18.107000351
93,O,oy3,-0.78299999237060547,-0.54125630899999999,14.692234039000001,18.323608398000001
94,O,oy4,-0.75800001621246338,0.78405457700000003,9.5273694990000006,16.024703979000002
95,O,oy5,-0.75800001621246338,0.39405021099999998,15.763252258,16.025701522999999
96,O,oy6,-0.68300002813339233,0.76772075900000003,12.957690239,15.959882736000001
97,Al,ay1,1.4490000009536743,3.3939485550000001,14.275727271999999,4.9879369740000001
98,Si,sy1,1.1000000238418579,4.2357478139999998,12.883765221000001,7.6895365719999997
99,Al,ayt2,0.80000001192092896,4.1681346890000004,15.849799156,7.6907334330000001
100,K,k+,1,1.5943409200000001,14.406449318,9.9726829529999996
101,H,hoy,0.20000000298023224,3.9101176259999999,10.366693497,6.1810688970000003
102,O,oy1,-0.78299999237060547,3.9214186670000002,14.358668327,8.3431463239999992
103,O,oy2,-0.78299999237060547,3.0795140270000001,11.816353798,8.1343183519999993
104,O,oy3,-0.78299999237060547,3.0562026499999999,16.861314774,8.3509254459999998
105,O,oy7,-0.75800001621246338,4.3815135959999996,13.01088047,6.0520224569999996
106,O,oy8,-0.75800001621246338,3.991509438,15.790298462000001,6.0530195239999998
107,O,oy9,-0.68300002813339233,4.3651800160000001,9.5805597309999992,5.9871997830000003
108,Al,ay1,1.4490000009536743,-0.20526675899999999,14.275727271999999,14.957428931999999
109,Al,ayt1,0.80000001192092896,-1.0470663309999999,12.883765221000001,12.255828856999999
110,Si,sy2,1.1000000238418579,-0.97945272900000002,15.849799156,12.254631996000001
111,H,hoy,0.20000000298023224,-0.72143572600000005,10.366693497,13.764296531999999
112,O,oy1,-0.78299999237060547,-0.73273694499999997,14.358668327,11.602218627999999
113,O,oy2,-0.78299999237060547,0.10916759099999999,11.816353798,11.811046599999999
114,O,oy3,-0.55000001192092896,0.132478967,16.861314774,11.59444046
115,O,oy7,-0.75800001621246338,-1.1928318739999999,13.01088047,13.893342971999999
116,O,oy8,-0.75800001621246338,-0.80282753699999998,15.790298462000001,13.892346381999999
117,O,oy9,-0.68300002813339233,-1.1764980549999999,9.5805597309999992,13.958166122
118,Al,ay2,1.4479999542236328,0.796292365,12.770172119,4.9847459790000004
119,Al,ay2,1.4479999542236328,2.3923892969999998,12.770172119,14.960619926
120,Al,ayt1,0.80000001192092896,3.2341890339999999,14.162135124000001,17.662220001000001
121,Si,sy2,1.1000000238418579,3.1665754320000001,11.196101189,17.663415909000001
122,H,hoy,0.20000000298023224,2.9085583690000001,16.679206848,16.153751372999999
123,O,oy1,-0.78299999237060547,2.9198596480000001,12.687232018,18.315828323000002
124,O,oy2,-0.78299999237060547,2.077955008,15.229546547,18.107000351
125,O,oy3,-0.78299999237060547,2.0546436309999998,10.184584618000001,18.323608398000001
126,O,oy4,-0.75800001621246338,3.3799545759999998,14.035018921000001,16.024703979000002
127,O,oy5,-0.75800001621246338,2.9899501800000001,11.255601883000001,16.025701522999999
128,O,oy6,-0.68300002813339233,3.3636207580000002,17.465341567999999,15.959882736000001
129,Al,ay1,1.4490000009536743,0.79804855600000002,18.783376694000001,4.9879369740000001
130,Si,sy1,1.1000000238418579,1.639848113,26.406715392999999,7.6895365719999997
131,Si,sy2,1.1000000238418579,1.572234511,20.357448578,7.6907334330000001
132,K,k+,1,-1.001559138,18.91409874,9.9726829529999996
133,H,hoy,0.20000000298023224,1.314217567,23.889642715000001,6.1810688970000003
134,O,oy1,-0.55000001192092896,1.325518727,18.866317749,8.3431463239999992
135,O,oy2,-0.55000001192092896,0.48361423599999998,25.33930397,8.1343183519999993
136,O,oy3,-0.78299999237060547,0.46030280000000001,21.368965149000001,8.3509254459999998
137,O,oy7,-0.75800001621246338,1.785613656,26.533830643000002,6.0520224569999996
138,O,oy8,-0.75800001621246338,1.3956093789999999,20.297948837,6.0530195239999998
139,O,oy9,-0.68300002813339233,1.7692798380000001,23.103509902999999,5.9871997830000003
140,Al,ay1,1.4490000009536743,2.3906331060000001,18.783376694000001,14.957428931999999
141,Al,ayt1,0.80000001192092896,1.548833728,26.406715392999999,12.255828856999999
142,Si,sy2,1.1000000238418579,1.61644733,20.357448578,12.254631996000001
143,H,hoy,0.20000000298023224,1.874464393,23.889642715000001,13.764296531999999
144,O,oy1,-0.55000001192092896,1.863163114,18.866317749,11.602218627999999
145,O,oy2,-0.78299999237060547,2.705067396,25.33930397,11.811046599999999
146,O,oy3,-0.55000001192092896,2.7283790109999999,21.368965149000001,11.59444046
147,O,oy7,-0.75800001621246338,1.403068185,26.533830643000002,13.893342971999999
148,O,oy8,-0.75800001621246338,1.7930725810000001,20.297948837,13.892346381999999
149,O,oy9,-0.68300002813339233,1.4194020030000001,23.103509902999999,13.958166122
150,Al,ay2,1.4479999542236328,3.392192364,26.293123245,4.9847459790000004
151,Al,ay2,1.4479999542236328,-0.20351053799999999,26.293123245,14.960619926
152,Si,sy1,1.1000000238418579,0.63828903400000003,18.669784545999999,17.662220001000001
153,Si,sy2,1.1000000238418579,0.57067543300000001,24.719051361000002,17.663415909000001
154,H,hoy,0.20000000298023224,0.312658459,21.186857224000001,16.153751372999999
155,O,oy1,-0.55000001192092896,0.32395961899999998,26.210182190000001,18.315828323000002
156,O,oy2,-0.78299999237060547,-0.51794493200000002,19.737195968999998,18.107000351
157,O,oy3,-0.55000001192092896,-0.54125630899999999,23.70753479,18.323608398000001
158,O,oy4,-0.75800001621246338,0.78405457700000003,18.542669296,16.024703979000002
159,O,oy5,-0.75800001621246338,0.39405021099999998,24.778551102000002,16.025701522999999
160,O,oy6,-0.68300002813339233,0.76772075900000003,21.972990035999999,15.959882736000001
161,Al,ay1,1.4490000009536743,3.3939485550000001,23.291027068999998,4.9879369740000001
162,Si,sy1,1.1000000238418579,4.2357478139999998,21.899065018000002,7.6895365719999997
163,Al,ayt2,0.80000001192092896,4.1681346890000004,24.865098953,7.6907334330000001
164,K,k+,1,1.5943409200000001,23.421749115000001,9.9726829529999996
165,H,hoy,0.20000000298023224,3.9101176259999999,19.381994247000002,6.1810688970000003
166,O,oy1,-0.78299999237060547,3.9214186670000002,23.373968124000001,8.3431463239999992
167,O,oy2,-0.55000001192092896,3.0795140270000001,20.831653594999999,8.1343183519999993
168,O,oy3,-0.78299999237060547,3.0562026499999999,25.876615524000002,8.3509254459999998
169,O,oy7,-0.75800001621246338,4.3815135959999996,22.026180267000001,6.0520224569999996
170,O,oy8,-0.75800001621246338,3.991509438,24.805597304999999,6.0530195239999998
171,O,oy9,-0.68300002813339233,4.3651800160000001,18.595859527999998,5.9871997830000003
172,Al,ay1,1.4490000009536743,-0.20526675899999999,23.291027068999998,14.957428931999999
173,Si,sy1,1.1000000238418579,-1.0470663309999999,21.899065018000002,12.255828856999999
174,Si,sy2,1.1000000238418579,-0.97945272900000002,24.865098953,12.254631996000001
175,H,hoy,0.20000000298023224,-0.72143572600000005,19.381994247000002,13.764296531999999
176,O,oy1,-0.55000001192092896,-0.73273694499999997,23.373968124000001,11.602218627999999
177,O,oy2,-0.55000001192092896,0.10916759099999999,20.831653594999999,11.811046599999999
178,O,oy3,-0.78299999237060547,0.132478967,25.876615524000002,11.59444046
179,O,oy7,-0.75800001621246338,-1.1928318739999999,22.026180267000001,13.893342971999999
180,O,oy8,-0.75800001621246338,-0.80282753699999998,24.805597304999999,13.892346381999999
181,O,oy9,-0.68300002813339233,-1.1764980549999999,18.595859527999998,13.958166122
182,Al,ay2,1.4479999542236328,0.796292365,21.78547287,4.9847459790000004
183,Al,ay2,1.4479999542236328,2.3923892969999998,21.78547287,14.960619926
184,Al,ayt1,0.80000001192092896,3.2341890339999999,23.177434921,17.662220001000001
185,Si,sy2,1.1000000238418579,3.1665754320000001,20.211400986000001,17.663415909000001
186,H,hoy,0.20000000298023224,2.9085583690000001,25.694505692,16.153751372999999
187,O,oy1,-0.78299999237060547,2.9198596480000001,21.702531815,18.315828323000002
188,O,oy2,-0.78299999237060547,2.077955008,24.244846343999999,18.107000351
189,O,oy3,-0.55000001192092896,2.0546436309999998,19.199884415,18.323608398000001
190,O,oy4,-0.75800001621246338,3.3799545759999998,23.050319672000001,16.024703979000002
191,O,oy5,-0.75800001621246338,2.9899501800000001,20.270902633999999,16.025701522999999
192,O,oy6,-0.68300002813339233,3.3636207580000002,26.480640411,15.959882736000001
193,Al,ay1,1.4490000009536743,5.9898486139999996,0.75277757599999995,4.9879369740000001
194,Al,ayt1,0.80000001192092896,6.8316478729999996,8.376114845,7.6895365719999997
195,Si,sy2,1.1000000238418579,6.7640342709999999,2.3268489840000002,7.6907334330000001
196,K,k+,1,4.1902408600000003,0.88349938400000005,9.9726829529999996
197,H,hoy,0.20000000298023224,6.5060176849999998,5.8590435980000004,6.1810688970000003
198,O,oy1,-0.55000001192092896,6.5173187260000001,0.83571833399999995,8.3431463239999992
199,O,oy2,-0.78299999237060547,5.6754140849999999,7.3087038990000002,8.1343183519999993
200,O,oy3,-0.55000001192092896,5.6521029470000004,3.3383655550000002,8.3509254459999998
201,O,oy7,-0.75800001621246338,6.9774136540000002,8.503231049,6.0520224569999996
202,O,oy8,-0.75800001621246338,6.5874094960000003,2.2673480509999999,6.0530195239999998
203,O,oy9,-0.68300002813339233,6.9610795970000003,5.0729093550000002,5.9871997830000003
204,Al,ay1,1.4490000009536743,7.5824332239999999,0.75277757599999995,14.957428931999999
205,Si,sy1,1.1000000238418579,6.7406334880000003,8.376114845,12.255828856999999
206,Si,sy2,1.1000000238418579,6.808247089,2.3268489840000002,12.254631996000001
207,H,hoy,0.20000000298023224,7.0662641529999997,5.8590435980000004,13.764296531999999
208,O,oy1,-0.55000001192092896,7.0549631120000003,0.83571833399999995,11.602218627999999
209,O,oy2,-0.55000001192092896,7.896867275,7.3087038990000002,11.811046599999999
210,O,oy3,-0.78299999237060547,7.9201788899999999,3.3383655550000002,11.59444046
211,O,oy7,-0.75800001621246338,6.594868183,8.503231049,13.893342971999999
212,O,oy8,-0.75800001621246338,6.984872341,2.2673480509999999,13.892346381999999
213,O,oy9,-0.68300002813339233,6.6112017630000004,5.0729093550000002,13.958166122
214,Al,ay2,1.4479999542236328,8.5839920040000006,8.2625226969999996,4.9847459790000004
215,Al,ay2,1.4479999542236328,4.9882893560000001,8.2625226969999996,14.960619926
216,Si,sy1,1.1000000238418579,5.8300890919999997,0.63918477299999998,17.662220001000001
217,Al,ayt2,0.80000001192092896,5.762475491,6.6884512899999997,17.663415909000001
218,H,hoy,0.20000000298023224,5.5044584270000003,3.1562564370000001,16.153751372999999
219,O,oy1,-0.78299999237060547,5.5157594679999997,8.1795816420000005,18.315828323000002
220,O,oy2,-0.55000001192092896,4.673855305,1.706596255,18.107000351
221,O,oy3,-0.78299999237060547,4.6505436900000001,5.6769342419999997,18.323608398000001
222,O,oy4,-0.75800001621246338,5.975854397,0.51206904600000003,16.024703979000002
223,O,oy5,-0.75800001621246338,5.585850239,6.7479519840000002,16.025701522999999
224,O,oy6,-0.68300002813339233,5.9595208169999996,3.9423906799999999,15.959882736000001
225,Al,ay1,1.4490000009536743,8.5857486719999994,5.2604274750000002,4.9879369740000001
226,Al,ayt1,0.80000001192092896,9.4275474549999991,3.8684651849999998,7.6895365719999997
227,Si,sy2,1.1000000238418579,9.3599348070000001,6.8344988820000001,7.6907334330000001
228,K,k+,1,6.7861409190000002,5.391149521,9.9726829529999996
229,H,hoy,0.20000000298023224,9.1019172669999993,1.351393461,6.1810688970000003
230,O,oy1,-0.78299999237060547,9.1132183070000004,5.3433685300000002,8.3431463239999992
231,O,oy2,-0.78299999237060547,8.2713136669999994,2.801053762,8.1343183519999993
232,O,oy3,-0.78299999237060547,8.2480030059999994,7.8460154529999997,8.3509254459999998
233,O,oy7,-0.75800001621246338,9.5733137129999992,3.9955809119999999,6.0520224569999996
234,O,oy8,-0.75800001621246338,9.1833095549999992,6.7749981879999996,6.0530195239999998
235,O,oy9,-0.68300002813339233,9.5569801329999997,0.56525933699999997,5.9871997830000003
236,Al,ay1,1.4490000009536743,4.986533165,5.2604274750000002,14.957428931999999
237,Si,sy1,1.1000000238418579,4.1447339059999999,3.8684651849999998,12.255828856999999
238,Al,ayt2,0.80000001192092896,4.2123470310000002,6.8344988820000001,12.254631996000001
239,H,hoy,0.20000000298023224,4.4703640939999998,1.351393461,13.764296531999999
240,O,oy1,-0.78299999237060547,4.4590630530000004,5.3433685300000002,11.602218627999999
241,O,oy2,-0.55000001192092896,5.3009676929999996,2.801053762,11.811046599999999
242,O,oy3,-0.78299999237060547,5.324278831,7.8460154529999997,11.59444046
243,O,oy7,-0.75800001621246338,3.9989681240000001,3.9955809119999999,13.893342971999999
244,O,oy8,-0.75800001621246338,4.3889722820000001,6.7749981879999996,13.892346381999999
245,O,oy9,-0.68300002813339233,4.015302181,0.56525933699999997,13.958166122
246,Al,ay2,1.4479999542236328,5.9880924220000002,3.754872561,4.9847459790000004
247,Al,ay2,1.4479999542236328,7.584189415,3.754872561,14.960619926
248,Si,sy1,1.1000000238418579,8.4259891509999996,5.1468348500000003,17.662220001000001
249,Al,ayt2,0.80000001192092896,8.3583755489999998,2.180801153,17.663415909000001
250,H,hoy,0.20000000298023224,8.1003580090000007,7.6639065740000003,16.153751372999999
251,O,oy1,-0.78299999237060547,8.1116600040000009,3.6719317440000001,18.315828323000002
252,O,oy2,-0.78299999237060547,7.2697548870000004,6.2142462729999997,18.107000351
253,O,oy3,-0.78299999237060547,7.2464437479999999,1.1692844630000001,18.323608398000001
254,O,oy4,-0.75800001621246338,8.5717544560000007,5.0197191239999999,16.024703979000002
255,O,oy5,-0.75800001621246338,8.1817502980000008,2.2403020859999998,16.025701522999999
256,O,oy6,-0.68300002813339233,8.5554208759999995,8.4500408169999996,15.959882736000001
257,Al,ay1,1.4490000009536743,5.9898486139999996,9.7680778499999992,4.9879369740000001
258,Si,sy1,1.1000000238418579,6.8316478729999996,17.391414642000001,7.6895365719999997
259,Si,sy2,1.1000000238418579,6.7640342709999999,11.342148781000001,7.6907334330000001
260,K,k+,1,4.1902408600000003,9.8987989429999992,9.9726829529999996
261,H,hoy,0.20000000298023224,6.5060176849999998,14.874343872000001,6.1810688970000003
262,O,oy1,-0.78299999237060547,6.5173187260000001,9.8510179519999994,8.3431463239999992
263,O,oy2,-0.78299999237060547,5.6754140849999999,16.324003220000002,8.1343183519999993
264,O,oy3,-0.55000001192092896,5.6521029470000004,12.353665352,8.3509254459999998
265,O,oy7,-0.75800001621246338,6.9774136540000002,17.518531799000002,6.0520224569999996
266,O,oy8,-0.75800001621246338,6.5874094960000003,11.282648087,6.0530195239999998
267,O,oy9,-0.68300002813339233,6.9610795970000003,14.088209151999999,5.9871997830000003
268,Al,ay1,1.4490000009536743,7.5824332239999999,9.7680778499999992,14.957428931999999
269,Al,ayt1,0.80000001192092896,6.7406334880000003,17.391414642000001,12.255828856999999
270,Al,ayt2,0.80000001192092896,6.808247089,11.342148781000001,12.254631996000001
271,H,hoy,0.20000000298023224,7.0662641529999997,14.874343872000001,13.764296531999999
272,O,oy1,-0.78299999237060547,7.0549631120000003,9.8510179519999994,11.602218627999999
273,O,oy2,-0.78299999237060547,7.896867275,16.324003220000002,11.811046599999999
274,O,oy3,-0.78299999237060547,7.9201788899999999,12.353665352,11.59444046
275,O,oy7,-0.75800001621246338,6.594868183,17.518531799000002,13.893342971999999
276,O,oy8,-0.75800001621246338,6.984872341,11.282648087,13.892346381999999
277,O,oy9,-0.68300002813339233,6.6112017630000004,14.088209151999999,13.958166122
278,Al,ay2,1.4479999542236328,8.5839920040000006,17.277822494999999,4.9847459790000004
279,Al,ay2,1.4479999542236328,4.9882893560000001,17.277822494999999,14.960619926
280,Si,sy1,1.1000000238418579,5.8300890919999997,9.6544847489999999,17.662220001000001
281,Si,sy2,1.1000000238418579,5.762475491,15.703751563999999,17.663415909000001
282,H,hoy,0.20000000298023224,5.5044584270000003,12.171556473000001,16.153751372999999
283,O,oy1,-0.55000001192092896,5.5157594679999997,17.194881439,18.315828323000002
284,O,oy2,-0.55000001192092896,4.673855305,10.721896171999999,18.107000351
285,O,oy3,-0.78299999237060547,4.6505436900000001,14.692234039000001,18.323608398000001
286,O,oy4,-0.75800001621246338,5.975854397,9.5273694990000006,16.024703979000002
287,O,oy5,-0.75800001621246338,5.585850239,15.763252258,16.025701522999999
288,O,oy6,-0.68300002813339233,5.9595208169999996,12.957690239,15.959882736000001
289,Al,ay1,1.4490000009536743,8.5857486719999994,14.275727271999999,4.9879369740000001
290,Al,ayt1,0.80000001192092896,9.4275474549999991,12.883765221000001,7.6895365719999997
291,Si,sy2,1.1000000238418579,9.3599348070000001,15.849799156,7.6907334330000001
292,K,k+,1,6.7861409190000002,14.406449318,9.9726829529999996
293,H,hoy,0.20000000298023224,9.1019172669999993,10.366693497,6.1810688970000003
294,O,oy1,-0.78299999237060547,9.1132183070000004,14.358668327,8.3431463239999992
295,O,oy2,-0.78299999237060547,8.2713136669999994,11.816353798,8.1343183519999993
296,O,oy3,-0.55000001192092896,8.2480030059999994,16.861314774,8.3509254459999998
297,O,oy7,-0.75800001621246338,9.5733137129999992,13.01088047,6.0520224569999996
298,O,oy8,-0.75800001621246338,9.1833095549999992,15.790298462000001,6.0530195239999998
299,O,oy9,-0.68300002813339233,9.5569801329999997,9.5805597309999992,5.9871997830000003
300,Al,ay1,1.4490000009536743,4.986533165,14.275727271999999,14.957428931999999
301,Si,sy1,1.1000000238418579,4.1447339059999999,12.883765221000001,12.255828856999999
302,Si,sy2,1.1000000238418579,4.2123470310000002,15.849799156,12.254631996000001
303,H,hoy,0.20000000298023224,4.4703640939999998,10.366693497,13.764296531999999
304,O,oy1,-0.55000001192092896,4.4590630530000004,14.358668327,11.602218627999999
305,O,oy2,-0.78299999237060547,5.3009676929999996,11.816353798,11.811046599999999
306,O,oy3,-0.78299999237060547,5.324278831,16.861314774,11.59444046
307,O,oy7,-0.75800001621246338,3.9989681240000001,13.01088047,13.893342971999999
308,O,oy8,-0.75800001621246338,4.3889722820000001,15.790298462000001,13.892346381999999
309,O,oy9,-0.68300002813339233,4.015302181,9.5805597309999992,13.958166122
310,Al,ay2,1.4479999542236328,5.9880924220000002,12.770172119,4.9847459790000004
311,Al,ay2,1.4479999542236328,7.584189415,12.770172119,14.960619926
312,Si,sy1,1.1000000238418579,8.4259891509999996,14.162135124000001,17.662220001000001
313,Al,ayt2,0.80000001192092896,8.3583755489999998,11.196101189,17.663415909000001
314,H,hoy,0.20000000298023224,8.1003580090000007,16.679206848,16.153751372999999
315,O,oy1,-0.78299999237060547,8.1116600040000009,12.687232018,18.315828323000002
316,O,oy2,-0.55000001192092896,7.2697548870000004,15.229546547,18.107000351
317,O,oy3,-0.78299999237060547,7.2464437479999999,10.184584618000001,18.323608398000001
318,O,oy4,-0.75800001621246338,8.5717544560000007,14.035018921000001,16.024703979000002
319,O,oy5,-0.75800001621246338,8.1817502980000008,11.255601883000001,16.025701522999999
320,O,oy6,-0.68300002813339233,8.5554208759999995,17.465341567999999,15.959882736000001
321,Al,ay1,1.4490000009536743,5.9898486139999996,18.783376694000001,4.9879369740000001
322,Si,sy1,1.1000000238418579,6.8316478729999996,26.406715392999999,7.6895365719999997
323,Si,sy2,1.1000000238418579,6.7640342709999999,20.357448578,7.6907334330000001
324,K,k+,1,4.1902408600000003,18.91409874,9.9726829529999996
325,H,hoy,0.20000000298023224,6.5060176849999998,23.889642715000001,6.1810688970000003
326,O,oy1,-0.55000001192092896,6.5173187260000001,18.866317749,8.3431463239999992
327,O,oy2,-0.78299999237060547,5.6754140849999999,25.33930397,8.1343183519999993
328,O,oy3,-0.55000001192092896,5.6521029470000004,21.368965149000001,8.3509254459999998
329,O,oy7,-0.75800001621246338,6.9774136540000002,26.533830643000002,6.0520224569999996
330,O,oy8,-0.75800001621246338,6.5874094960000003,20.297948837,6.0530195239999998
331,O,oy9,-0.68300002813339233,6.9610795970000003,23.103509902999999,5.9871997830000003
332,Al,ay1,1.4490000009536743,7.5824332239999999,18.783376694000001,14.957428931999999
333,Si,sy1,1.1000000238418579,6.7406334880000003,26.406715392999999,12.255828856999999
334,Si,sy2,1.1000000238418579,6.808247089,20.357448578,12.254631996000001
335,H,hoy,0.20000000298023224,7.0662641529999997,23.889642715000001,13.764296531999999
336,O,oy1,-0.78299999237060547,7.0549631120000003,18.866317749,11.602218627999999
337,O,oy2,-0.78299999237060547,7.896867275,25.33930397,11.811046599999999
338,O,oy3,-0.55000001192092896,7.9201788899999999,21.368965149000001,11.59444046
339,O,oy7,-0.75800001621246338,6.594868183,26.533830643000002,13.893342971999999
340,O,oy8,-0.75800001621246338,6.984872341,20.297948837,13.892346381999999
341,O,oy9,-0.68300002813339233,6.6112017630000004,23.103509902999999,13.958166122
342,Al,ay2,1.4479999542236328,8.5839920040000006,26.293123245,4.9847459790000004
343,Al,ay2,1.4479999542236328,4.9882893560000001,26.293123245,14.960619926
344,Si,sy1,1.1000000238418579,5.8300890919999997,18.669784545999999,17.662220001000001
345,Si,sy2,1.1000000238418579,5.762475491,24.719051361000002,17.663415909000001
346,H,hoy,0.20000000298023224,5.5044584270000003,21.186857224000001,16.153751372999999
347,O,oy1,-0.55000001192092896,5.5157594679999997,26.210182190000001,18.315828323000002
348,O,oy2,-0.55000001192092896,4.673855305,19.737195968999998,18.107000351
349,O,oy3,-0.78299999237060547,4.6505436900000001,23.70753479,18.323608398000001
350,O,oy4,-0.75800001621246338,5.975854397,18.542669296,16.024703979000002
351,O,oy5,-0.75800001621246338,5.585850239,24.778551102000002,16.025701522999999
352,O,oy6,-0.68300002813339233,5.9595208169999996,21.972990035999999,15.959882736000001
353,Al,ay1,1.4490000009536743,8.5857486719999994,23.291027068999998,4.9879369740000001
354,Si,sy1,1.1000000238418579,9.4275474549999991,21.899065018000002,7.6895365719999997
355,Si,sy2,1.1000000238418579,9.3599348070000001,24.865098953,7.6907334330000001
356,K,k+,1,6.7861409190000002,23.421749115000001,9.9726829529999996
357,H,hoy,0.20000000298023224,9.1019172669999993,19.381994247000002,6.1810688970000003
358,O,oy1,-0.55000001192092896,9.1132183070000004,23.373968124000001,8.3431463239999992
359,O,oy2,-0.55000001192092896,8.2713136669999994,20.831653594999999,8.1343183519999993
360,O,oy3,-0.55000001192092896,8.2480030059999994,25.876615524000002,8.3509254459999998
361,O,oy7,-0.75800001621246338,9.5733137129999992,22.026180267000001,6.0520224569999996
362,O,oy8,-0.75800001621246338,9.1833095549999992,24.805597304999999,6.0530195239999998
363,O,oy9,-0.68300002813339233,9.5569801329999997,18.595859527999998,5.9871997830000003
364,Al,ay1,1.4490000009536743,4.986533165,23.291027068999998,14.957428931999999
365,Si,sy1,1.1000000238418579,4.1447339059999999,21.899065018000002,12.255828856999999
366,Si,sy2,1.1000000238418579,4.2123470310000002,24.865098953,12.254631996000001
367,H,hoy,0.20000000298023224,4.4703640939999998,19.381994247000002,13.764296531999999
368,O,oy1,-0.55000001192092896,4.4590630530000004,23.373968124000001,11.602218627999999
369,O,oy2,-0.55000001192092896,5.3009676929999996,20.831653594999999,11.811046599999999
370,O,oy3,-0.55000001192092896,5.324278831,25.876615524000002,11.59444046
371,O,oy7,-0.75800001621246338,3.9989681240000001,22.026180267000001,13.893342971999999
372,O,oy8,-0.75800001621246338,4.3889722820000001,24.805597304999999,13.892346381999999
373,O,oy9,-0.68300002813339233,4.015302181,18.595859527999998,13.958166122
374,Al,ay2,1.4479999542236328,5.9880924220000002,21.78547287,4.9847459790000004
375,Al,ay2,1.4479999542236328,7.584189415,21.78547287,14.960619926
376,Si,sy1,1.1000000238418579,8.4259891509999996,23.177434921,17.662220001000001
377,Si,sy2,1.1000000238418579,8.3583755489999998,20.211400986000001,17.663415909000001
378,H,hoy,0.20000000298023224,8.1003580090000007,25.694505692,16.153751372999999
379,O,oy1,-0.55000001192092896,8.1116600040000009,21.702531815,18.315828323000002
380,O,oy2,-0.55000001192092896,7.2697548870000004,24.244846343999999,18.107000351
381,O,oy3,-0.55000001192092896,7.2464437479999999,19.199884415,18.323608398000001
382,O,oy4,-0.75800001621246338,8.5717544560000007,23.050319672000001,16.024703979000002
383,O,oy5,-0.75800001621246338,8.1817502980000008,20.270902633999999,16.025701522999999
384,O,oy6,-0.68300002813339233,8.5554208759999995,26.480640411,15.959882736000001
385,Al,ay1,1.4490000009536743,11.181648254000001,0.75277757599999995,4.9879369740000001
386,Si,sy1,1.1000000238418579,12.023447989999999,8.376114845,7.6895365719999997
387,Si,sy2,1.1000000238418579,11.955834389,2.3268489840000002,7.6907334330000001
388,K,k+,1,9.3820409770000008,0.88349938400000005,9.9726829529999996
389,H,hoy,0.20000000298023224,11.697817801999999,5.8590435980000004,6.1810688970000003
390,O,oy1,-0.55000001192092896,11.709118843000001,0.83571833399999995,8.3431463239999992
391,O,oy2,-0.55000001192092896,10.867214203,7.3087038990000002,8.1343183519999993
392,O,oy3,-0.78299999237060547,10.843902588000001,3.3383655550000002,8.3509254459999998
393,O,oy7,-0.75800001621246338,12.169213295,8.503231049,6.0520224569999996
394,O,oy8,-0.75800001621246338,11.779209137,2.2673480509999999,6.0530195239999998
395,O,oy9,-0.68300002813339233,12.152879714999999,5.0729093550000002,5.9871997830000003
396,Al,ay1,1.4490000009536743,12.774232864,0.75277757599999995,14.957428931999999
397,Al,ayt1,0.80000001192092896,11.932434082,8.376114845,12.255828856999999
398,Si,sy2,1.1000000238418579,12.000047684,2.3268489840000002,12.254631996000001
399,H,hoy,0.20000000298023224,12.25806427,5.8590435980000004,13.764296531999999
400,O,oy1,-0.55000001192092896,12.246763229000001,0.83571833399999995,11.602218627999999
401,O,oy2,-0.78299999237060547,13.08866787,7.3087038990000002,11.811046599999999
402,O,oy3,-0.55000001192092896,13.111979485000001,3.3383655550000002,11.59444046
403,O,oy7,-0.75800001621246338,11.786667824,8.503231049,13.893342971999999
404,O,oy8,-0.75800001621246338,12.176672934999999,2.2673480509999999,13.892346381999999
405,O,oy9,-0.68300002813339233,11.803002357,5.0729093550000002,13.958166122
406,Al,ay2,1.4479999542236328,13.775792122,8.2625226969999996,4.9847459790000004
407,Al,ay2,1.4479999542236328,10.180088997,8.2625226969999996,14.960619926
408,Si,sy1,1.1000000238418579,11.021888733000001,0.63918477299999998,17.662220001000001
409,Si,sy2,1.1000000238418579,10.954275130999999,6.6884512899999997,17.663415909000001
410,H,hoy,0.20000000298023224,10.696258544999999,3.1562564370000001,16.153751372999999
411,O,oy1,-0.55000001192092896,10.707559586,8.1795816420000005,18.315828323000002
412,O,oy2,-0.78299999237060547,9.8656549449999993,1.706596255,18.107000351
413,O,oy3,-0.55000001192092896,9.8423433300000003,5.6769342419999997,18.323608398000001
414,O,oy4,-0.75800001621246338,11.167654990999999,0.51206904600000003,16.024703979000002
415,O,oy5,-0.75800001621246338,10.777649879,6.7479519840000002,16.025701522999999
416,O,oy6,-0.68300002813339233,11.151320457000001,3.9423906799999999,15.959882736000001
417,Al,ay1,1.4490000009536743,13.777548790000001,5.2604274750000002,4.9879369740000001
418,Al,ayt1,0.80000001192092896,14.619347572000001,3.8684651849999998,7.6895365719999997
419,Si,sy2,1.1000000238418579,14.551734924,6.8344988820000001,7.6907334330000001
420,K,k+,1,11.977940559,5.391149521,9.9726829529999996
421,H,hoy,0.20000000298023224,14.293717384000001,1.351393461,6.1810688970000003
422,O,oy1,-0.78299999237060547,14.305018425,5.3433685300000002,8.3431463239999992
423,O,oy2,-0.78299999237060547,13.463113784999999,2.801053762,8.1343183519999993
424,O,oy3,-0.55000001192092896,13.439803123000001,7.8460154529999997,8.3509254459999998
425,O,oy7,-0.75800001621246338,14.765113831000001,3.9955809119999999,6.0520224569999996
426,O,oy8,-0.75800001621246338,14.375109673000001,6.7749981879999996,6.0530195239999998
427,O,oy9,-0.68300002813339233,14.748780250999999,0.56525933699999997,5.9871997830000003
428,Al,ay1,1.4490000009536743,10.178333282000001,5.2604274750000002,14.957428931999999
429,Al,ayt1,0.80000001192092896,9.3365335460000001,3.8684651849999998,12.255828856999999
430,Si,sy2,1.1000000238418579,9.4041471479999998,6.8344988820000001,12.254631996000001
431,H,hoy,0.20000000298023224,9.6621646880000007,1.351393461,13.764296531999999
432,O,oy1,-0.78299999237060547,9.6508626940000006,5.3433685300000002,11.602218627999999
433,O,oy2,-0.78299999237060547,10.492767334,2.801053762,11.811046599999999
434,O,oy3,-0.78299999237060547,10.516078949000001,7.8460154529999997,11.59444046
435,O,oy7,-0.75800001621246338,9.1907682420000008,3.9955809119999999,13.893342971999999
436,O,oy8,-0.75800001621246338,9.5807724000000007,6.7749981879999996,13.892346381999999
437,O,oy9,-0.68300002813339233,9.2071018220000003,0.56525933699999997,13.958166122
438,Al,ay2,1.4479999542236328,11.179892540000001,3.754872561,4.9847459790000004
439,Al,ay2,1.4479999542236328,12.775989532000001,3.754872561,14.960619926
440,Si,sy1,1.1000000238418579,13.617789267999999,5.1468348500000003,17.662220001000001
441,Al,ayt2,0.80000001192092896,13.550175667,2.180801153,17.663415909000001
442,H,hoy,0.20000000298023224,13.292158127,7.6639065740000003,16.153751372999999
443,O,oy1,-0.78299999237060547,13.303460121000001,3.6719317440000001,18.315828323000002
444,O,oy2,-0.55000001192092896,12.461555481,6.2142462729999997,18.107000351
445,O,oy3,-0.78299999237060547,12.438243866000001,1.1692844630000001,18.323608398000001
446,O,oy4,-0.75800001621246338,13.763554573,5.0197191239999999,16.024703979000002
447,O,oy5,-0.75800001621246338,13.373550415,2.2403020859999998,16.025701522999999
448,O,oy6,-0.68300002813339233,13.747220993000001,8.4500408169999996,15.959882736000001
449,Al,ay1,1.4490000009536743,11.181648254000001,9.7680778499999992,4.9879369740000001
450,Si,sy1,1.1000000238418579,12.023447989999999,17.391414642000001,7.6895365719999997
451,Si,sy2,1.1000000238418579,11.955834389,11.342148781000001,7.6907334330000001
452,K,k+,1,9.3820409770000008,9.8987989429999992,9.9726829529999996
453,H,hoy,0.20000000298023224,11.697817801999999,14.874343872000001,6.1810688970000003
454,O,oy1,-0.55000001192092896,11.709118843000001,9.8510179519999994,8.3431463239999992
455,O,oy2,-0.55000001192092896,10.867214203,16.324003220000002,8.1343183519999993
456,O,oy3,-0.78299999237060547,10.843902588000001,12.353665352,8.3509254459999998
457,O,oy7,-0.75800001621246338,12.169213295,17.518531799000002,6.0520224569999996
458,O,oy8,-0.75800001621246338,11.779209137,11.282648087,6.0530195239999998
459,O,oy9,-0.68300002813339233,12.152879714999999,14.088209151999999,5.9871997830000003
460,Al,ay1,1.4490000009536743,12.774232864,9.7680778499999992,14.957428931999999
461,Si,sy1,1.1000000238418579,11.932434082,17.391414642000001,12.255828856999999
462,Si,sy2,1.1000000238418579,12.000047684,11.342148781000001,12.254631996000001
463,H,hoy,0.20000000298023224,12.25806427,14.874343872000001,13.764296531999999
464,O,oy1,-0.78299999237060547,12.246763229000001,9.8510179519999994,11.602218627999999
465,O,oy2,-0.78299999237060547,13.08866787,16.324003220000002,11.811046599999999
466,O,oy3,-0.55000001192092896,13.111979485000001,12.353665352,11.59444046
467,O,oy7,-0.75800001621246338,11.786667824,17.518531799000002,13.893342971999999
468,O,oy8,-0.75800001621246338,12.176672934999999,11.282648087,13.892346381999999
469,O,oy9,-0.68300002813339233,11.803002357,14.088209151999999,13.958166122
470,Al,ay2,1.4479999542236328,13.775792122,17.277822494999999,4.9847459790000004
471,Al,ay2,1.4479999542236328,10.180088997,17.277822494999999,14.960619926
472,Si,sy1,1.1000000238418579,11.021888733000001,9.6544847489999999,17.662220001000001
473,Si,sy2,1.1000000238418579,10.954275130999999,15.703751563999999,17.663415909000001
474,H,hoy,0.20000000298023224,10.696258544999999,12.171556473000001,16.153751372999999
475,O,oy1,-0.78299999237060547,10.707559586,17.194881439,18.315828323000002
476,O,oy2,-0.78299999237060547,9.8656549449999993,10.721896171999999,18.107000351
477,O,oy3,-0.55000001192092896,9.8423433300000003,14.692234039000001,18.323608398000001
478,O,oy4,-0.75800001621246338,11.167654990999999,9.5273694990000006,16.024703979000002
479,O,oy5,-0.75800001621246338,10.777649879,15.763252258,16.025701522999999
480,O,oy6,-0.68300002813339233,11.151320457000001,12.957690239,15.959882736000001
481,Al,ay1,1.4490000009536743,13.777548790000001,14.275727271999999,4.9879369740000001
482,Si,sy1,1.1000000238418579,14.619347572000001,12.883765221000001,7.6895365719999997
483,Si,sy2,1.1000000238418579,14.551734924,15.849799156,7.6907334330000001
484,K,k+,1,11.977940559,14.406449318,9.9726829529999996
485,H,hoy,0.20000000298023224,14.293717384000001,10.366693497,6.1810688970000003
486,O,oy1,-0.55000001192092896,14.305018425,14.358668327,8.3431463239999992
487,O,oy2,-0.55000001192092896,13.463113784999999,11.816353798,8.1343183519999993
488,O,oy3,-0.55000001192092896,13.439803123000001,16.861314774,8.3509254459999998
489,O,oy7,-0.75800001621246338,14.765113831000001,13.01088047,6.0520224569999996
490,O,oy8,-0.75800001621246338,14.375109673000001,15.790298462000001,6.0530195239999998
491,O,oy9,-0.68300002813339233,14.748780250999999,9.5805597309999992,5.9871997830000003
492,Al,ay1,1.4490000009536743,10.178333282000001,14.275727271999999,14.957428931999999
493,Si,sy1,1.1000000238418579,9.3365335460000001,12.883765221000001,12.255828856999999
494,Si,sy2,1.1000000238418579,9.4041471479999998,15.849799156,12.254631996000001
495,H,hoy,0.20000000298023224,9.6621646880000007,10.366693497,13.764296531999999
496,O,oy1,-0.55000001192092896,9.6508626940000006,14.358668327,11.602218627999999
497,O,oy2,-0.55000001192092896,10.492767334,11.816353798,11.811046599999999
498,O,oy3,-0.55000001192092896,10.516078949000001,16.861314774,11.59444046
499,O,oy7,-0.75800001621246338,9.1907682420000008,13.01088047,13.893342971999999
500,O,oy8,-0.75800001621246338,9.5807724000000007,15.790298462000001,13.892346381999999
501,O,oy9,-0.68300002813339233,9.2071018220000003,9.5805597309999992,13.958166122
502,Al,ay2,1.4479999542236328,11.179892540000001,12.770172119,4.9847459790000004
503,Al,ay2,1.4479999542236328,12.775989532000001,12.770172119,14.960619926
504,Si,sy1,1.1000000238418579,13.617789267999999,14.162135124000001,17.662220001000001
505,Si,sy2,1.1000000238418579,13.550175667,11.196101189,17.663415909000001
506,H,hoy,0.20000000298023224,13.292158127,16.679206848,16.153751372999999
507,O,oy1,-0.55000001192092896,13.303460121000001,12.687232018,18.315828323000002
508,O,oy2,-0.55000001192092896,12.461555481,15.229546547,18.107000351
509,O,oy3,-0.55000001192092896,12.438243866000001,10.184584618000001,18.323608398000001
510,O,oy4,-0.75800001621246338,13.763554573,14.035018921000001,16.024703979000002
511,O,oy5,-0.75800001621246338,13.373550415,11.255601883000001,16.025701522999999
512,O,oy6,-0.68300002813339233,13.747220993000001,17.465341567999999,15.959882736000001
513,Al,ay1,1.4490000009536743,11.181648254000001,18.783376694000001,4.9879369740000001
514,Si,sy1,1.1000000238418579,12.023447989999999,26.406715392999999,7.6895365719999997
515,Al,ayt2,0.80000001192092896,11.955834389,20.357448578,7.6907334330000001
516,K,k+,1,9.3820409770000008,18.91409874,9.9726829529999996
517,H,hoy,0.20000000298023224,11.697817801999999,23.889642715000001,6.1810688970000003
518,O,oy1,-0.78299999237060547,11.709118843000001,18.866317749,8.3431463239999992
519,O,oy2,-0.55000001192092896,10.867214203,25.33930397,8.1343183519999993
520,O,oy3,-0.78299999237060547,10.843902588000001,21.368965149000001,8.3509254459999998
521,O,oy7,-0.75800001621246338,12.169213295,26.533830643000002,6.0520224569999996
522,O,oy8,-0.75800001621246338,11.779209137,20.297948837,6.0530195239999998
523,O,oy9,-0.68300002813339233,12.152879714999999,23.103509902999999,5.9871997830000003
524,Al,ay1,1.4490000009536743,12.774232864,18.783376694000001,14.957428931999999
525,Si,sy1,1.1000000238418579,11.932434082,26.406715392999999,12.255828856999999
526,Si,sy2,1.1000000238418579,12.000047684,20.357448578,12.254631996000001
527,H,hoy,0.20000000298023224,12.25806427,23.889642715000001,13.764296531999999
528,O,oy1,-0.55000001192092896,12.246763229000001,18.866317749,11.602218627999999
529,O,oy2,-0.78299999237060547,13.08866787,25.33930397,11.811046599999999
530,O,oy3,-0.55000001192092896,13.111979485000001,21.368965149000001,11.59444046
531,O,oy7,-0.75800001621246338,11.786667824,26.533830643000002,13.893342971999999
532,O,oy8,-0.75800001621246338,12.176672934999999,20.297948837,13.892346381999999
533,O,oy9,-0.68300002813339233,11.803002357,23.103509902999999,13.958166122
534,Al,ay2,1.4479999542236328,13.775792122,26.293123245,4.9847459790000004
535,Al,ay2,1.4479999542236328,10.180088997,26.293123245,14.960619926
536,Al,ayt1,0.80000001192092896,11.021888733000001,18.669784545999999,17.662220001000001
537,Si,sy2,1.1000000238418579,10.954275130999999,24.719051361000002,17.663415909000001
538,H,hoy,0.20000000298023224,10.696258544999999,21.186857224000001,16.153751372999999
539,O,oy1,-0.55000001192092896,10.707559586,26.210182190000001,18.315828323000002
540,O,oy2,-0.78299999237060547,9.8656549449999993,19.737195968999998,18.107000351
541,O,oy3,-0.55000001192092896,9.8423433300000003,23.70753479,18.323608398000001
542,O,oy4,-0.75800001621246338,11.167654990999999,18.542669296,16.024703979000002
543,O,oy5,-0.75800001621246338,10.777649879,24.778551102000002,16.025701522999999
544,O,oy6,-0.68300002813339233,11.151320457000001,21.972990035999999,15.959882736000001
545,Al,ay1,1.4490000009536743,13.777548790000001,23.291027068999998,4.9879369740000001
546,Si,sy1,1.1000000238418579,14.619347572000001,21.899065018000002,7.6895365719999997
547,Al,ayt2,0.80000001192092896,14.551734924,24.865098953,7.6907334330000001
548,K,k+,1,11.977940559,23.421749115000001,9.9726829529999996
549,H,hoy,0.20000000298023224,14.293717384000001,19.381994247000002,6.1810688970000003
550,O,oy1,-0.78299999237060547,14.305018425,23.373968124000001,8.3431463239999992
551,O,oy2,-0.78299999237060547,13.463113784999999,20.831653594999999,8.1343183519999993
552,O,oy3,-0.78299999237060547,13.439803123000001,25.876615524000002,8.3509254459999998
553,O,oy7,-0.75800001621246338,14.765113831000001,22.026180267000001,6.0520224569999996
554,O,oy8,-0.75800001621246338,14.375109673000001,24.805597304999999,6.0530195239999998
555,O,oy9,-0.68300002813339233,14.748780250999999,18.595859527999998,5.9871997830000003
556,Al,ay1,1.4490000009536743,10.178333282000001,23.291027068999998,14.957428931999999
557,Si,sy1,1.1000000238418579,9.3365335460000001,21.899065018000002,12.255828856999999
558,Al,ayt2,0.80000001192092896,9.4041471479999998,24.865098953,12.254631996000001
559,H,hoy,0.20000000298023224,9.6621646880000007,19.381994247000002,13.764296531999999
560,O,oy1,-0.78299999237060547,9.6508626940000006,23.373968124000001,11.602218627999999
561,O,oy2,-0.55000001192092896,10.492767334,20.831653594999999,11.811046599999999
562,O,oy3,-0.78299999237060547,10.516078949000001,25.876615524000002,11.59444046
563,O,oy7,-0.75800001621246338,9.1907682420000008,22.026180267000001,13.893342971999999
564,O,oy8,-0.75800001621246338,9.5807724000000007,24.805597304999999,13.892346381999999
565,O,oy9,-0.68300002813339233,9.2071018220000003,18.595859527999998,13.958166122
566,Al,ay2,1.4479999542236328,11.179892540000001,21.78547287,4.9847459790000004
567,Al,ay2,1.4479999542236328,12.775989532000001,21.78547287,14.960619926
568,Al,ayt1,0.80000001192092896,13.617789267999999,23.177434921,17.662220001000001
569,Si,sy2,1.1000000238418579,13.550175667,20.211400986000001,17.663415909000001
570,H,hoy,0.20000000298023224,13.292158127,25.694505692,16.153751372999999
571,O,oy1,-0.78299999237060547,13.303460121000001,21.702531815,18.315828323000002
572,O,oy2,-0.78299999237060547,12.461555481,24.244846343999999,18.107000351
573,O,oy3,-0.78299999237060547,12.438243866000001,19.199884415,18.323608398000001
574,O,oy4,-0.75800001621246338,13.763554573,23.050319672000001,16.024703979000002
575,O,oy5,-0.75800001621246338,13.373550415,20.270902633999999,16.025701522999999
576,O,oy6,-0.68300002813339233,13.747220993000001,26.480640411,15.959882736000001
577,Al,ay1,1.4490000009536743,16.373449325999999,0.75277757599999995,4.9879369740000001
578,Si,sy1,1.1000000238418579,17.215248108000001,8.376114845,7.6895365719999997
579,Si,sy2,1.1000000238418579,17.147634505999999,2.3268489840000002,7.6907334330000001
580,K,k+,1,14.573841095000001,0.88349938400000005,9.9726829529999996
581,H,hoy,0.20000000298023224,16.889617919999999,5.8590435980000004,6.1810688970000003
582,O,oy1,-0.55000001192092896,16.900918960999999,0.83571833399999995,8.3431463239999992
583,O,oy2,-0.55000001192092896,16.059013366999999,7.3087038990000002,8.1343183519999993
584,O,oy3,-0.78299999237060547,16.035703658999999,3.3383655550000002,8.3509254459999998
585,O,oy7,-0.75800001621246338,17.361013411999998,8.503231049,6.0520224569999996
586,O,oy8,-0.75800001621246338,16.971010207999999,2.2673480509999999,6.0530195239999998
587,O,oy9,-0.68300002813339233,17.344678879,5.0729093550000002,5.9871997830000003
588,Al,ay1,1.4490000009536743,17.966033935999999,0.75277757599999995,14.957428931999999
589,Si,sy1,1.1000000238418579,17.124233245999999,8.376114845,12.255828856999999
590,Si,sy2,1.1000000238418579,17.191846848000001,2.3268489840000002,12.254631996000001
591,H,hoy,0.20000000298023224,17.449863434000001,5.8590435980000004,13.764296531999999
592,O,oy1,-0.55000001192092896,17.438562393000002,0.83571833399999995,11.602218627999999
593,O,oy2,-0.55000001192092896,18.280467987000002,7.3087038990000002,11.811046599999999
594,O,oy3,-0.78299999237060547,18.303779601999999,3.3383655550000002,11.59444046
595,O,oy7,-0.75800001621246338,16.978467941000002,8.503231049,13.893342971999999
596,O,oy8,-0.75800001621246338,17.368473052999999,2.2673480509999999,13.892346381999999
597,O,oy9,-0.68300002813339233,16.994802475,5.0729093550000002,13.958166122
598,Al,ay2,1.4479999542236328,18.967592238999998,8.2625226969999996,4.9847459790000004
599,Al,ay2,1.4479999542236328,15.371889114,8.2625226969999996,14.960619926
600,Si,sy1,1.1000000238418579,16.213689804000001,0.63918477299999998,17.662220001000001
601,Si,sy2,1.1000000238418579,16.146076202,6.6884512899999997,17.663415909000001
602,H,hoy,0.20000000298023224,15.888058662000001,3.1562564370000001,16.153751372999999
603,O,oy1,-0.78299999237060547,15.899359703,8.1795816420000005,18.315828323000002
604,O,oy2,-0.78299999237060547,15.057455063000001,1.706596255,18.107000351
605,O,oy3,-0.55000001192092896,15.034143448,5.6769342419999997,18.323608398000001
606,O,oy4,-0.75800001621246338,16.359455108999999,0.51206904600000003,16.024703979000002
607,O,oy5,-0.75800001621246338,15.969449997,6.7479519840000002,16.025701522999999
608,O,oy6,-0.68300002813339233,16.343120575,3.9423906799999999,15.959882736000001
609,Al,ay1,1.4490000009536743,18.969348907000001,5.2604274750000002,4.9879369740000001
610,Si,sy1,1.1000000238418579,19.811147689999999,3.8684651849999998,7.6895365719999997
611,Si,sy2,1.1000000238418579,19.743534088000001,6.8344988820000001,7.6907334330000001
612,K,k+,1,17.169740677,5.391149521,9.9726829529999996
613,H,hoy,0.20000000298023224,19.485517502,1.351393461,6.1810688970000003
614,O,oy1,-0.55000001192092896,19.496818542,5.3433685300000002,8.3431463239999992
615,O,oy2,-0.55000001192092896,18.654914856000001,2.801053762,8.1343183519999993
616,O,oy3,-0.55000001192092896,18.631603241000001,7.8460154529999997,8.3509254459999998
617,O,oy7,-0.75800001621246338,19.956912994,3.9955809119999999,6.0520224569999996
618,O,oy8,-0.75800001621246338,19.56690979,6.7749981879999996,6.0530195239999998
619,O,oy9,-0.68300002813339233,19.940580367999999,0.56525933699999997,5.9871997830000003
620,Al,ay1,1.4490000009536743,15.3701334,5.2604274750000002,14.957428931999999
621,Si,sy1,1.1000000238418579,14.528333664,3.8684651849999998,12.255828856999999
622,Si,sy2,1.1000000238418579,14.595947266,6.8344988820000001,12.254631996000001
623,H,hoy,0.20000000298023224,14.853963852,1.351393461,13.764296531999999
624,O,oy1,-0.55000001192092896,14.842662811,5.3433685300000002,11.602218627999999
625,O,oy2,-0.55000001192092896,15.684567450999999,2.801053762,11.811046599999999
626,O,oy3,-0.55000001192092896,15.707879066,7.8460154529999997,11.59444046
627,O,oy7,-0.75800001621246338,14.382568359,3.9955809119999999,13.893342971999999
628,O,oy8,-0.75800001621246338,14.772572517,6.7749981879999996,13.892346381999999
629,O,oy9,-0.68300002813339233,14.398901939,0.56525933699999997,13.958166122
630,Al,ay2,1.4479999542236328,16.371692657000001,3.754872561,4.9847459790000004
631,Al,ay2,1.4479999542236328,17.967788696,3.754872561,14.960619926
632,Si,sy1,1.1000000238418579,18.809589385999999,5.1468348500000003,17.662220001000001
633,Si,sy2,1.1000000238418579,18.741975784000001,2.180801153,17.663415909000001
634,H,hoy,0.20000000298023224,18.483959198000001,7.6639065740000003,16.153751372999999
635,O,oy1,-0.55000001192092896,18.495260239,3.6719317440000001,18.315828323000002
636,O,oy2,-0.55000001192092896,17.653354645,6.2142462729999997,18.107000351
637,O,oy3,-0.55000001192092896,17.63004303,1.1692844630000001,18.323608398000001
638,O,oy4,-0.75800001621246338,18.955354691,5.0197191239999999,16.024703979000002
639,O,oy5,-0.75800001621246338,18.565349578999999,2.2403020859999998,16.025701522999999
640,O,oy6,-0.68300002813339233,18.939020157000002,8.4500408169999996,15.959882736000001
641,Al,ay1,1.4490000009536743,16.373449325999999,9.7680778499999992,4.9879369740000001
642,Al,ayt1,0.80000001192092896,17.215248108000001,17.391414642000001,7.6895365719999997
643,Al,ayt2,0.80000001192092896,17.147634505999999,11.342148781000001,7.6907334330000001
644,K,k+,1,14.573841095000001,9.8987989429999992,9.9726829529999996
645,H,hoy,0.20000000298023224,16.889617919999999,14.874343872000001,6.1810688970000003
646,O,oy1,-0.78299999237060547,16.900918960999999,9.8510179519999994,8.3431463239999992
647,O,oy2,-0.78299999237060547,16.059013366999999,16.324003220000002,8.1343183519999993
648,O,oy3,-0.78299999237060547,16.035703658999999,12.353665352,8.3509254459999998
649,O,oy7,-0.75800001621246338,17.361013411999998,17.518531799000002,6.0520224569999996
650,O,oy8,-0.75800001621246338,16.971010207999999,11.282648087,6.0530195239999998
651,O,oy9,-0.68300002813339233,17.344678879,14.088209151999999,5.9871997830000003
652,Al,ay1,1.4490000009536743,17.966033935999999,9.7680778499999992,14.957428931999999
653,Si,sy1,1.1000000238418579,17.124233245999999,17.391414642000001,12.255828856999999
654,Si,sy2,1.1000000238418579,17.191846848000001,11.342148781000001,12.254631996000001
655,H,hoy,0.20000000298023224,17.449863434000001,14.874343872000001,13.764296531999999
656,O,oy1,-0.55000001192092896,17.438562393000002,9.8510179519999994,11.602218627999999
657,O,oy2,-0.55000001192092896,18.280467987000002,16.324003220000002,11.811046599999999
658,O,oy3,-0.78299999237060547,18.303779601999999,12.353665352,11.59444046
659,O,oy7,-0.75800001621246338,16.978467941000002,17.518531799000002,13.893342971999999
660,O,oy8,-0.75800001621246338,17.368473052999999,11.282648087,13.892346381999999
661,O,oy9,-0.68300002813339233,16.994802475,14.088209151999999,13.958166122
662,Al,ay2,1.4479999542236328,18.967592238999998,17.277822494999999,4.9847459790000004
663,Al,ay2,1.4479999542236328,15.371889114,17.277822494999999,14.960619926
664,Al,ayt1,0.80000001192092896,16.213689804000001,9.6544847489999999,17.662220001000001
665,Al,ayt2,0.80000001192092896,16.146076202,15.703751563999999,17.663415909000001
666,H,hoy,0.20000000298023224,15.888058662000001,12.171556473000001,16.153751372999999
667,O,oy1,-0.78299999237060547,15.899359703,17.194881439,18.315828323000002
668,O,oy2,-0.78299999237060547,15.057455063000001,10.721896171999999,18.107000351
669,O,oy3,-0.78299999237060547,15.034143448,14.692234039000001,18.323608398000001
670,O,oy4,-0.75800001621246338,16.359455108999999,9.5273694990000006,16.024703979000002
671,O,oy5,-0.75800001621246338,15.969449997,15.763252258,16.025701522999999
672,O,oy6,-0.68300002813339233,16.343120575,12.957690239,15.959882736000001
673,Al,ay1,1.4490000009536743,18.969348907000001,14.275727271999999,4.9879369740000001
674,Si,sy1,1.1000000238418579,19.811147689999999,12.883765221000001,7.6895365719999997
675,Si,sy2,1.1000000238418579,19.743534088000001,15.849799156,7.6907334330000001
676,K,k+,1,17.169740677,14.406449318,9.9726829529999996
677,H,hoy,0.20000000298023224,19.485517502,10.366693497,6.1810688970000003
678,O,oy1,-0.55000001192092896,19.496818542,14.358668327,8.3431463239999992
679,O,oy2,-0.78299999237060547,18.654914856000001,11.816353798,8.1343183519999993
680,O,oy3,-0.78299999237060547,18.631603241000001,16.861314774,8.3509254459999998
681,O,oy7,-0.75800001621246338,19.956912994,13.01088047,6.0520224569999996
682,O,oy8,-0.75800001621246338,19.56690979,15.790298462000001,6.0530195239999998
683,O,oy9,-0.68300002813339233,19.940580367999999,9.5805597309999992,5.9871997830000003
684,Al,ay1,1.4490000009536743,15.3701334,14.275727271999999,14.957428931999999
685,Si,sy1,1.1000000238418579,14.528333664,12.883765221000001,12.255828856999999
686,Al,ayt2,0.80000001192092896,14.595947266,15.849799156,12.254631996000001
687,H,hoy,0.20000000298023224,14.853963852,10.366693497,13.764296531999999
688,O,oy1,-0.78299999237060547,14.842662811,14.358668327,11.602218627999999
689,O,oy2,-0.55000001192092896,15.684567450999999,11.816353798,11.811046599999999
690,O,oy3,-0.78299999237060547,15.707879066,16.861314774,11.59444046
691,O,oy7,-0.75800001621246338,14.382568359,13.01088047,13.893342971999999
692,O,oy8,-0.75800001621246338,14.772572517,15.790298462000001,13.892346381999999
693,O,oy9,-0.68300002813339233,14.398901939,9.5805597309999992,13.958166122
694,Al,ay2,1.4479999542236328,16.371692657000001,12.770172119,4.9847459790000004
695,Al,ay2,1.4479999542236328,17.967788696,12.770172119,14.960619926
696,Si,sy1,1.1000000238418579,18.809589385999999,14.162135124000001,17.662220001000001
697,Si,sy2,1.1000000238418579,18.741975784000001,11.196101189,17.663415909000001
698,H,hoy,0.20000000298023224,18.483959198000001,16.679206848,16.153751372999999
699,O,oy1,-0.55000001192092896,18.495260239,12.687232018,18.315828323000002
700,O,oy2,-0.78299999237060547,17.653354645,15.229546547,18.107000351
701,O,oy3,-0.78299999237060547,17.63004303,10.184584618000001,18.323608398000001
702,O,oy4,-0.75800001621246338,18.955354691,14.035018921000001,16.024703979000002
703,O,oy5,-0.75800001621246338,18.565349578999999,11.255601883000001,16.025701522999999
704,O,oy6,-0.68300002813339233,18.939020157000002,17.465341567999999,15.959882736000001
705,Al,ay1,1.4490000009536743,16.373449325999999,18.783376694000001,4.9879369740000001
706,Si,sy1,1.1000000238418579,17.215248108000001,26.406715392999999,7.6895365719999997
707,Si,sy2,1.1000000238418579,17.147634505999999,20.357448578,7.6907334330000001
708,K,k+,1,14.573841095000001,18.91409874,9.9726829529999996
709,H,hoy,0.20000000298023224,16.889617919999999,23.889642715000001,6.1810688970000003
710,O,oy1,-0.78299999237060547,16.900918960999999,18.866317749,8.3431463239999992
711,O,oy2,-0.78299999237060547,16.059013366999999,25.33930397,8.1343183519999993
712,O,oy3,-0.55000001192092896,16.035703658999999,21.368965149000001,8.3509254459999998
713,O,oy7,-0.75800001621246338,17.361013411999998,26.533830643000002,6.0520224569999996
714,O,oy8,-0.75800001621246338,16.971010207999999,20.297948837,6.0530195239999998
715,O,oy9,-0.68300002813339233,17.344678879,23.103509902999999,5.9871997830000003
716,Al,ay1,1.4490000009536743,17.966033935999999,18.783376694000001,14.957428931999999
717,Si,sy1,1.1000000238418579,17.124233245999999,26.406715392999999,12.255828856999999
718,Al,ayt2,0.80000001192092896,17.191846848000001,20.357448578,12.254631996000001
719,H,hoy,0.20000000298023224,17.449863434000001,23.889642715000001,13.764296531999999
720,O,oy1,-0.78299999237060547,17.438562393000002,18.866317749,11.602218627999999
721,O,oy2,-0.55000001192092896,18.280467987000002,25.33930397,11.811046599999999
722,O,oy3,-0.78299999237060547,18.303779601999999,21.368965149000001,11.59444046
723,O,oy7,-0.75800001621246338,16.978467941000002,26.533830643000002,13.893342971999999
724,O,oy8,-0.75800001621246338,17.368473052999999,20.297948837,13.892346381999999
725,O,oy9,-0.68300002813339233,16.994802475,23.103509902999999,13.958166122
726,Al,ay2,1.4479999542236328,18.967592238999998,26.293123245,4.9847459790000004
727,Al,ay2,1.4479999542236328,15.371889114,26.293123245,14.960619926
728,Si,sy1,1.1000000238418579,16.213689804000001,18.669784545999999,17.662220001000001
729,Si,sy2,1.1000000238418579,16.146076202,24.719051361000002,17.663415909000001
730,H,hoy,0.20000000298023224,15.888058662000001,21.186857224000001,16.153751372999999
731,O,oy1,-0.55000001192092896,15.899359703,26.210182190000001,18.315828323000002
732,O,oy2,-0.55000001192092896,15.057455063000001,19.737195968999998,18.107000351
733,O,oy3,-0.78299999237060547,15.034143448,23.70753479,18.323608398000001
734,O,oy4,-0.75800001621246338,16.359455108999999,18.542669296,16.024703979000002
735,O,oy5,-0.75800001621246338,15.969449997,24.778551102000002,16.025701522999999
736,O,oy6,-0.68300002813339233,16.343120575,21.972990035999999,15.959882736000001
737,Al,ay1,1.4490000009536743,18.969348907000001,23.291027068999998,4.9879369740000001
738,Al,ayt1,0.80000001192092896,19.811147689999999,21.899065018000002,7.6895365719999997
739,Si,sy2,1.1000000238418579,19.743534088000001,24.865098953,7.6907334330000001
740,K,k+,1,17.169740677,23.421749115000001,9.9726829529999996
741,H,hoy,0.20000000298023224,19.485517502,19.381994247000002,6.1810688970000003
742,O,oy1,-0.78299999237060547,19.496818542,23.373968124000001,8.3431463239999992
743,O,oy2,-0.78299999237060547,18.654914856000001,20.831653594999999,8.1343183519999993
744,O,oy3,-0.55000001192092896,18.631603241000001,25.876615524000002,8.3509254459999998
745,O,oy7,-0.75800001621246338,19.956912994,22.026180267000001,6.0520224569999996
746,O,oy8,-0.75800001621246338,19.56690979,24.805597304999999,6.0530195239999998
747,O,oy9,-0.68300002813339233,19.940580367999999,18.595859527999998,5.9871997830000003
748,Al,ay1,1.4490000009536743,15.3701334,23.291027068999998,14.957428931999999
749,Si,sy1,1.1000000238418579,14.528333664,21.899065018000002,12.255828856999999
750,Al,ayt2,0.80000001192092896,14.595947266,24.865098953,12.254631996000001
751,H,hoy,0.20000000298023224,14.853963852,19.381994247000002,13.764296531999999
752,O,oy1,-0.78299999237060547,14.842662811,23.373968124000001,11.602218627999999
753,O,oy2,-0.78299999237060547,15.684567450999999,20.831653594999999,11.811046599999999
754,O,oy3,-0.78299999237060547,15.707879066,25.876615524000002,11.59444046
755,O,oy7,-0.75800001621246338,14.382568359,22.026180267000001,13.893342971999999
756,O,oy8,-0.75800001621246338,14.772572517,24.805597304999999,13.892346381999999
757,O,oy9,-0.68300002813339233,14.398901939,18.595859527999998,13.958166122
758,Al,ay2,1.4479999542236328,16.371692657000001,21.78547287,4.9847459790000004
759,Al,ay2,1.4479999542236328,17.967788696,21.78547287,14.960619926
760,Si,sy1,1.1000000238418579,18.809589385999999,23.177434921,17.662220001000001
761,Al,ayt2,0.80000001192092896,18.741975784000001,20.211400986000001,17.663415909000001
762,H,hoy,0.20000000298023224,18.483959198000001,25.694505692,16.153751372999999
763,O,oy1,-0.78299999237060547,18.495260239,21.702531815,18.315828323000002
764,O,oy2,-0.55000001192092896,17.653354645,24.244846343999999,18.107000351
765,O,oy3,-0.78299999237060547,17.63004303,19.199884415,18.323608398000001
766,O,oy4,-0.75800001621246338,18.955354691,23.050319672000001,16.024703979000002
767,O,oy5,-0.75800001621246338,18.565349578999999,20.270902633999999,16.025701522999999
768,O,oy6,-0.68300002813339233,18.939020157000002,26.480640411,15.959882736000001
769,Al,ay1,1.4490000009536743,21.565248488999998,0.75277757599999995,4.9879369740000001
770,Si,sy1,1.1000000238418579,22.407047272,8.376114845,7.6895365719999997
771,Al,ayt2,0.80000001192092896,22.339433669999998,2.3268489840000002,7.6907334330000001
772,K,k+,1,19.765640259000001,0.88349938400000005,9.9726829529999996
773,H,hoy,0.20000000298023224,22.081417084000002,5.8590435980000004,6.1810688970000003
774,O,oy1,-0.78299999237060547,22.092718124000001,0.83571833399999995,8.3431463239999992
775,O,oy2,-0.55000001192092896,21.250814437999999,7.3087038990000002,8.1343183519999993
776,O,oy3,-0.78299999237060547,21.227502822999998,3.3383655550000002,8.3509254459999998
777,O,oy7,-0.75800001621246338,22.552814483999999,8.503231049,6.0520224569999996
778,O,oy8,-0.75800001621246338,22.162809372000002,2.2673480509999999,6.0530195239999998
779,O,oy9,-0.68300002813339233,22.53647995,5.0729093550000002,5.9871997830000003
780,Al,ay1,1.4490000009536743,23.157833099000001,0.75277757599999995,14.957428931999999
781,Si,sy1,1.1000000238418579,22.316034317,8.376114845,12.255828856999999
782,Si,sy2,1.1000000238418579,22.383647919000001,2.3268489840000002,12.254631996000001
783,H,hoy,0.20000000298023224,22.641664505000001,5.8590435980000004,13.764296531999999
784,O,oy1,-0.55000001192092896,22.630363463999998,0.83571833399999995,11.602218627999999
785,O,oy2,-0.78299999237060547,23.472267151,7.3087038990000002,11.811046599999999
786,O,oy3,-0.55000001192092896,23.495578766000001,3.3383655550000002,11.59444046
787,O,oy7,-0.75800001621246338,22.170269011999999,8.503231049,13.893342971999999
788,O,oy8,-0.75800001621246338,22.560272217000001,2.2673480509999999,13.892346381999999
789,O,oy9,-0.68300002813339233,22.186601638999999,5.0729093550000002,13.958166122
790,Al,ay2,1.4479999542236328,24.159393310999999,8.2625226969999996,4.9847459790000004
791,Al,ay2,1.4479999542236328,20.563690185999999,8.2625226969999996,14.960619926
792,Al,ayt1,0.80000001192092896,21.405488968,0.63918477299999998,17.662220001000001
793,Si,sy2,1.1000000238418579,21.337875365999999,6.6884512899999997,17.663415909000001
794,H,hoy,0.20000000298023224,21.079858779999999,3.1562564370000001,16.153751372999999
795,O,oy1,-0.55000001192092896,21.091159821000002,8.1795816420000005,18.315828323000002
796,O,oy2,-0.78299999237060547,20.249254227000002,1.706596255,18.107000351
797,O,oy3,-0.55000001192092896,20.225944518999999,5.6769342419999997,18.323608398000001
798,O,oy4,-0.75800001621246338,21.551254272000001,0.51206904600000003,16.024703979000002
799,O,oy5,-0.75800001621246338,21.161251067999999,6.7479519840000002,16.025701522999999
800,O,oy6,-0.68300002813339233,21.534921646000001,3.9423906799999999,15.959882736000001
801,Al,ay1,1.4490000009536743,24.161148071,5.2604274750000002,4.9879369740000001
802,Si,sy1,1.1000000238418579,25.002948760999999,3.8684651849999998,7.6895365719999997
803,Si,sy2,1.1000000238418579,24.935335159000001,6.8344988820000001,7.6907334330000001
804,K,k+,1,22.361541748,5.391149521,9.9726829529999996
805,H,hoy,0.20000000298023224,24.677318573000001,1.351393461,6.1810688970000003
806,O,oy1,-0.55000001192092896,24.688619614,5.3433685300000002,8.3431463239999992
807,O,oy2,-0.78299999237060547,23.84671402,2.801053762,8.1343183519999993
808,O,oy3,-0.55000001192092896,23.823402405,7.8460154529999997,8.3509254459999998
809,O,oy7,-0.75800001621246338,25.148714066,3.9955809119999999,6.0520224569999996
810,O,oy8,-0.75800001621246338,24.758708953999999,6.7749981879999996,6.0530195239999998
811,O,oy9,-0.68300002813339233,25.132379532000002,0.56525933699999997,5.9871997830000003
812,Al,ay1,1.4490000009536743,20.561933517,5.2604274750000002,14.957428931999999
813,Al,ayt1,0.80000001192092896,19.720132828000001,3.8684651849999998,12.255828856999999
814,Si,sy2,1.1000000238418579,19.787746428999998,6.8344988820000001,12.254631996000001
815,H,hoy,0.20000000298023224,20.045764923,1.351393461,13.764296531999999
816,O,oy1,-0.78299999237060547,20.034463882000001,5.3433685300000002,11.602218627999999
817,O,oy2,-0.78299999237060547,20.876367568999999,2.801053762,11.811046599999999
818,O,oy3,-0.55000001192092896,20.899679184,7.8460154529999997,11.59444046
819,O,oy7,-0.75800001621246338,19.574367522999999,3.9955809119999999,13.893342971999999
820,O,oy8,-0.75800001621246338,19.964372635,6.7749981879999996,13.892346381999999
821,O,oy9,-0.68300002813339233,19.590702057000001,0.56525933699999997,13.958166122
822,Al,ay2,1.4479999542236328,21.563491821,3.754872561,4.9847459790000004
823,Al,ay2,1.4479999542236328,23.159589767,3.754872561,14.960619926
824,Si,sy1,1.1000000238418579,24.001388550000001,5.1468348500000003,17.662220001000001
825,Si,sy2,1.1000000238418579,23.933774948,2.180801153,17.663415909000001
826,H,hoy,0.20000000298023224,23.675758362,7.6639065740000003,16.153751372999999
827,O,oy1,-0.55000001192092896,23.687059401999999,3.6719317440000001,18.315828323000002
828,O,oy2,-0.55000001192092896,22.845155716000001,6.2142462729999997,18.107000351
829,O,oy3,-0.78299999237060547,22.821844101,1.1692844630000001,18.323608398000001
830,O,oy4,-0.75800001621246338,24.147153853999999,5.0197191239999999,16.024703979000002
831,O,oy5,-0.75800001621246338,23.75715065,2.2403020859999998,16.025701522999999
832,O,oy6,-0.68300002813339233,24.130821227999999,8.4500408169999996,15.959882736000001
833,Al,ay1,1.4490000009536743,21.565248488999998,9.7680778499999992,4.9879369740000001
834,Si,sy1,1.1000000238418579,22.407047272,17.391414642000001,7.6895365719999997
835,Si,sy2,1.1000000238418579,22.339433669999998,11.342148781000001,7.6907334330000001
836,K,k+,1,19.765640259000001,9.8987989429999992,9.9726829529999996
837,H,hoy,0.20000000298023224,22.081417084000002,14.874343872000001,6.1810688970000003
838,O,oy1,-0.55000001192092896,22.092718124000001,9.8510179519999994,8.3431463239999992
839,O,oy2,-0.55000001192092896,21.250814437999999,16.324003220000002,8.1343183519999993
840,O,oy3,-0.55000001192092896,21.227502822999998,12.353665352,8.3509254459999998
841,O,oy7,-0.75800001621246338,22.552814483999999,17.518531799000002,6.0520224569999996
842,O,oy8,-0.75800001621246338,22.162809372000002,11.282648087,6.0530195239999998
843,O,oy9,-0.68300002813339233,22.53647995,14.088209151999999,5.9871997830000003
844,Al,ay1,1.4490000009536743,23.157833099000001,9.7680778499999992,14.957428931999999
845,Al,ayt1,0.80000001192092896,22.316034317,17.391414642000001,12.255828856999999
846,Si,sy2,1.1000000238418579,22.383647919000001,11.342148781000001,12.254631996000001
847,H,hoy,0.20000000298023224,22.641664505000001,14.874343872000001,13.764296531999999
848,O,oy1,-0.55000001192092896,22.630363463999998,9.8510179519999994,11.602218627999999
849,O,oy2,-0.78299999237060547,23.472267151,16.324003220000002,11.811046599999999
850,O,oy3,-0.78299999237060547,23.495578766000001,12.353665352,11.59444046
851,O,oy7,-0.75800001621246338,22.170269011999999,17.518531799000002,13.893342971999999
852,O,oy8,-0.75800001621246338,22.560272217000001,11.282648087,13.892346381999999
853,O,oy9,-0.68300002813339233,22.186601638999999,14.088209151999999,13.958166122
854,Al,ay2,1.4479999542236328,24.159393310999999,17.277822494999999,4.9847459790000004
855,Al,ay2,1.4479999542236328,20.563690185999999,17.277822494999999,14.960619926
856,Si,sy1,1.1000000238418579,21.405488968,9.6544847489999999,17.662220001000001
857,Si,sy2,1.1000000238418579,21.337875365999999,15.703751563999999,17.663415909000001
858,H,hoy,0.20000000298023224,21.079858779999999,12.171556473000001,16.153751372999999
859,O,oy1,-0.55000001192092896,21.091159821000002,17.194881439,18.315828323000002
860,O,oy2,-0.55000001192092896,20.249254227000002,10.721896171999999,18.107000351
861,O,oy3,-0.55000001192092896,20.225944518999999,14.692234039000001,18.323608398000001
862,O,oy4,-0.75800001621246338,21.551254272000001,9.5273694990000006,16.024703979000002
863,O,oy5,-0.75800001621246338,21.161251067999999,15.763252258,16.025701522999999
864,O,oy6,-0.68300002813339233,21.534921646000001,12.957690239,15.959882736000001
865,Al,ay1,1.4490000009536743,24.161148071,14.275727271999999,4.9879369740000001
866,Si,sy1,1.1000000238418579,25.002948760999999,12.883765221000001,7.6895365719999997
867,Al,ayt2,0.80000001192092896,24.935335159000001,15.849799156,7.6907334330000001
868,K,k+,1,22.361541748,14.406449318,9.9726829529999996
869,H,hoy,0.20000000298023224,24.677318573000001,10.366693497,6.1810688970000003
870,O,oy1,-0.78299999237060547,24.688619614,14.358668327,8.3431463239999992
871,O,oy2,-0.55000001192092896,23.84671402,11.816353798,8.1343183519999993
872,O,oy3,-0.78299999237060547,23.823402405,16.861314774,8.3509254459999998
873,O,oy7,-0.75800001621246338,25.148714066,13.01088047,6.0520224569999996
874,O,oy8,-0.75800001621246338,24.758708953999999,15.790298462000001,6.0530195239999998
875,O,oy9,-0.68300002813339233,25.132379532000002,9.5805597309999992,5.9871997830000003
876,Al,ay1,1.4490000009536743,20.561933517,14.275727271999999,14.957428931999999
877,Al,ayt1,0.80000001192092896,19.720132828000001,12.883765221000001,12.255828856999999
878,Si,sy2,1.1000000238418579,19.787746428999998,15.849799156,12.254631996000001
879,H,hoy,0.20000000298023224,20.045764923,10.366693497,13.764296531999999
880,O,oy1,-0.78299999237060547,20.034463882000001,14.358668327,11.602218627999999
881,O,oy2,-0.78299999237060547,20.876367568999999,11.816353798,11.811046599999999
882,O,oy3,-0.78299999237060547,20.899679184,16.861314774,11.59444046
883,O,oy7,-0.75800001621246338,19.574367522999999,13.01088047,13.893342971999999
884,O,oy8,-0.75800001621246338,19.964372635,15.790298462000001,13.892346381999999
885,O,oy9,-0.68300002813339233,19.590702057000001,9.5805597309999992,13.958166122
886,Al,ay2,1.4479999542236328,21.563491821,12.770172119,4.9847459790000004
887,Al,ay2,1.4479999542236328,23.159589767,12.770172119,14.960619926
888,Al,ayt1,0.80000001192092896,24.001388550000001,14.162135124000001,17.662220001000001
889,Si,sy2,1.1000000238418579,23.933774948,11.196101189,17.663415909000001
890,H,hoy,0.20000000298023224,23.675758362,16.679206848,16.153751372999999
891,O,oy1,-0.78299999237060547,23.687059401999999,12.687232018,18.315828323000002
892,O,oy2,-0.78299999237060547,22.845155716000001,15.229546547,18.107000351
893,O,oy3,-0.55000001192092896,22.821844101,10.184584618000001,18.323608398000001
894,O,oy4,-0.75800001621246338,24.147153853999999,14.035018921000001,16.024703979000002
895,O,oy5,-0.75800001621246338,23.75715065,11.255601883000001,16.025701522999999
896,O,oy6,-0.68300002813339233,24.130821227999999,17.465341567999999,15.959882736000001
897,Al,ay1,1.4490000009536743,21.565248488999998,18.783376694000001,4.9879369740000001
898,Si,sy1,1.1000000238418579,22.407047272,26.406715392999999,7.6895365719999997
899,Si,sy2,1.1000000238418579,22.339433669999998,20.357448578,7.6907334330000001
900,K,k+,1,19.765640259000001,18.91409874,9.9726829529999996
901,H,hoy,0.20000000298023224,22.081417084000002,23.889642715000001,6.1810688970000003
902,O,oy1,-0.55000001192092896,22.092718124000001,18.866317749,8.3431463239999992
903,O,oy2,-0.55000001192092896,21.250814437999999,25.33930397,8.1343183519999993
904,O,oy3,-0.78299999237060547,21.227502822999998,21.368965149000001,8.3509254459999998
905,O,oy7,-0.75800001621246338,22.552814483999999,26.533830643000002,6.0520224569999996
906,O,oy8,-0.75800001621246338,22.162809372000002,20.297948837,6.0530195239999998
907,O,oy9,-0.68300002813339233,22.53647995,23.103509902999999,5.9871997830000003
908,Al,ay1,1.4490000009536743,23.157833099000001,18.783376694000001,14.957428931999999
909,Si,sy1,1.1000000238418579,22.316034317,26.406715392999999,12.255828856999999
910,Si,sy2,1.1000000238418579,22.383647919000001,20.357448578,12.254631996000001
911,H,hoy,0.20000000298023224,22.641664505000001,23.889642715000001,13.764296531999999
912,O,oy1,-0.78299999237060547,22.630363463999998,18.866317749,11.602218627999999
913,O,oy2,-0.55000001192092896,23.472267151,25.33930397,11.811046599999999
914,O,oy3,-0.55000001192092896,23.495578766000001,21.368965149000001,11.59444046
915,O,oy7,-0.75800001621246338,22.170269011999999,26.533830643000002,13.893342971999999
916,O,oy8,-0.75800001621246338,22.560272217000001,20.297948837,13.892346381999999
917,O,oy9,-0.68300002813339233,22.186601638999999,23.103509902999999,13.958166122
918,Al,ay2,1.4479999542236328,24.159393310999999,26.293123245,4.9847459790000004
919,Al,ay2,1.4479999542236328,20.563690185999999,26.293123245,14.960619926
920,Si,sy1,1.1000000238418579,21.405488968,18.669784545999999,17.662220001000001
921,Si,sy2,1.1000000238418579,21.337875365999999,24.719051361000002,17.663415909000001
922,H,hoy,0.20000000298023224,21.079858779999999,21.186857224000001,16.153751372999999
923,O,oy1,-0.78299999237060547,21.091159821000002,26.210182190000001,18.315828323000002
924,O,oy2,-0.78299999237060547,20.249254227000002,19.737195968999998,18.107000351
925,O,oy3,-0.55000001192092896,20.225944518999999,23.70753479,18.323608398000001
926,O,oy4,-0.75800001621246338,21.551254272000001,18.542669296,16.024703979000002
927,O,oy5,-0.75800001621246338,21.161251067999999,24.778551102000002,16.025701522999999
928,O,oy6,-0.68300002813339233,21.534921646000001,21.972990035999999,15.959882736000001
929,Al,ay1,1.4490000009536743,24.161148071,23.291027068999998,4.9879369740000001
930,Al,ayt1,0.80000001192092896,25.002948760999999,21.899065018000002,7.6895365719999997
931,Si,sy2,1.1000000238418579,24.935335159000001,24.865098953,7.6907334330000001
932,K,k+,1,22.361541748,23.421749115000001,9.9726829529999996
933,H,hoy,0.20000000298023224,24.677318573000001,19.381994247000002,6.1810688970000003
934,O,oy1,-0.78299999237060547,24.688619614,23.373968124000001,8.3431463239999992
935,O,oy2,-0.78299999237060547,23.84671402,20.831653594999999,8.1343183519999993
936,O,oy3,-0.55000001192092896,23.823402405,25.876615524000002,8.3509254459999998
937,O,oy7,-0.75800001621246338,25.148714066,22.026180267000001,6.0520224569999996
938,O,oy8,-0.75800001621246338,24.758708953999999,24.805597304999999,6.0530195239999998
939,O,oy9,-0.68300002813339233,25.132379532000002,18.595859527999998,5.9871997830000003
940,Al,ay1,1.4490000009536743,20.561933517,23.291027068999998,14.957428931999999
941,Si,sy1,1.1000000238418579,19.720132828000001,21.899065018000002,12.255828856999999
942,Si,sy2,1.1000000238418579,19.787746428999998,24.865098953,12.254631996000001
943,H,hoy,0.20000000298023224,20.045764923,19.381994247000002,13.764296531999999
944,O,oy1,-0.55000001192092896,20.034463882000001,23.373968124000001,11.602218627999999
945,O,oy2,-0.55000001192092896,20.876367568999999,20.831653594999999,11.811046599999999
946,O,oy3,-0.55000001192092896,20.899679184,25.876615524000002,11.59444046
947,O,oy7,-0.75800001621246338,19.574367522999999,22.026180267000001,13.893342971999999
948,O,oy8,-0.75800001621246338,19.964372635,24.805597304999999,13.892346381999999
949,O,oy9,-0.68300002813339233,19.590702057000001,18.595859527999998,13.958166122
950,Al,ay2,1.4479999542236328,21.563491821,21.78547287,4.9847459790000004
951,Al,ay2,1.4479999542236328,23.159589767,21.78547287,14.960619926
952,Si,sy1,1.1000000238418579,24.001388550000001,23.177434921,17.662220001000001
953,Al,ayt2,0.80000001192092896,23.933774948,20.211400986000001,17.663415909000001
954,H,hoy,0.20000000298023224,23.675758362,25.694505692,16.153751372999999
955,O,oy1,-0.78299999237060547,23.687059401999999,21.702531815,18.315828323000002
956,O,oy2,-0.55000001192092896,22.845155716000001,24.244846343999999,18.107000351
957,O,oy3,-0.78299999237060547,22.821844101,19.199884415,18.323608398000001
958,O,oy4,-0.75800001621246338,24.147153853999999,23.050319672000001,16.024703979000002
959,O,oy5,-0.75800001621246338,23.75715065,20.270902633999999,16.025701522999999
960,O,oy6,-0.68300002813339233,24.130821227999999,26.480640411,15.959882736000001
961,Al,ayt1,0.80000001192092896,2.550392741,0.63918477299999998,2.2831462849999999
962,Si,sy2,1.1000000238418579,2.6180063429999998,6.6884512899999997,2.2819484700000001
963,K,k+,1,5.7293370389999998,12.633971448,19.226659860000002
964,H,hoy,0.20000000298023224,2.8760234059999998,3.1562564370000001,3.7916149130000001
965,O,oy1,-0.55000001192092896,2.8647221269999998,8.1795816420000005,1.6295360560000001
966,O,oy2,-0.78299999237060547,3.7066267069999999,1.706596255,1.838364028
967,O,oy3,-0.55000001192092896,3.729938084,5.6769342419999997,1.6217578880000001
968,O,oy4,-0.75800001621246338,2.4046272869999998,0.51206904600000003,3.9206604
969,O,oy5,-0.75800001621246338,2.7946315940000002,6.7479519840000002,3.919662856
970,O,oy6,-0.68300002813339233,2.4209610459999999,3.9423906799999999,3.9854835500000001
971,Si,sy1,1.1000000238418579,-0.045507258000000002,5.1468348500000003,2.2831462849999999
972,Si,sy2,1.1000000238418579,0.022106463,2.180801153,2.2819484700000001
973,K,k+,1,21.358560612000002,0.90962894400000005,20.424055883000001
974,H,hoy,0.20000000298023224,0.28012340699999999,7.6639065740000003,3.7916149130000001
975,O,oy1,-0.55000001192092896,0.26882224700000001,3.6719317440000001,1.6295360560000001
976,O,oy2,-0.55000001192092896,1.1107267080000001,6.2142462729999997,1.838364028
977,O,oy3,-0.78299999237060547,1.134038085,1.1692844630000001,1.6217578880000001
978,O,oy4,-0.75800001621246338,-0.19127280099999999,5.0197191239999999,3.9206604
979,O,oy5,-0.75800001621246338,0.19873159500000001,2.2403020859999998,3.919662856
980,O,oy6,-0.68300002813339233,-0.17493898299999999,8.4500408169999996,3.9854835500000001
981,Si,sy1,1.1000000238418579,2.550392741,9.6544847489999999,2.2831462849999999
982,Si,sy2,1.1000000238418579,2.6180063429999998,15.703751563999999,2.2819484700000001
983,K,k+,1,15.756326339999999,8.1627602249999995,0.612641871
984,H,hoy,0.20000000298023224,2.8760234059999998,12.171556473000001,3.7916149130000001
985,O,oy1,-0.55000001192092896,2.8647221269999998,17.194881439,1.6295360560000001
986,O,oy2,-0.55000001192092896,3.7066267069999999,10.721896171999999,1.838364028
987,O,oy3,-0.55000001192092896,3.729938084,14.692234039000001,1.6217578880000001
988,O,oy4,-0.75800001621246338,2.4046272869999998,9.5273694990000006,3.9206604
989,O,oy5,-0.75800001621246338,2.7946315940000002,15.763252258,3.919662856
990,O,oy6,-0.68300002813339233,2.4209610459999999,12.957690239,3.9854835500000001
991,Al,ayt1,0.80000001192092896,-0.045507258000000002,14.162135124000001,2.2831462849999999
992,Si,sy2,1.1000000238418579,0.022106463,11.196101189,2.2819484700000001
993,K,k+,1,10.383265423999999,-0.84849965000000005,0.65789013600000001
994,H,hoy,0.20000000298023224,0.28012340699999999,16.679206848,3.7916149130000001
995,O,oy1,-0.78299999237060547,0.26882224700000001,12.687232018,1.6295360560000001
996,O,oy2,-0.78299999237060547,1.1107267080000001,15.229546547,1.838364028
997,O,oy3,-0.55000001192092896,1.134038085,10.184584618000001,1.6217578880000001
998,O,oy4,-0.75800001621246338,-0.19127280099999999,14.035018921000001,3.9206604
999,O,oy5,-0.75800001621246338,0.19873159500000001,11.255601883000001,3.919662856
1000,O,oy6,-0.68300002813339233,-0.17493898299999999,17.465341567999999,3.9854835500000001
1001,Si,sy1,1.1000000238418579,2.550392741,18.669784545999999,2.2831462849999999
1002,Si,sy2,1.1000000238418579,2.6180063429999998,24.719051361000002,2.2819484700000001
1003,K,k+,1,12.845417325,21.520782724,0.65086926499999997
1004,H,hoy,0.20000000298023224,2.8760234059999998,21.186857224000001,3.7916149130000001
1005,O,oy1,-0.78299999237060547,2.8647221269999998,26.210182190000001,1.6295360560000001
1006,O,oy2,-0.78299999237060547,3.7066267069999999,19.737195968999998,1.838364028
1007,O,oy3,-0.55000001192092896,3.729938084,23.70753479,1.6217578880000001
1008,O,oy4,-0.75800001621246338,2.4046272869999998,18.542669296,3.9206604
1009,O,oy5,-0.75800001621246338,2.7946315940000002,24.778551102000002,3.919662856
1010,O,oy6,-0.68300002813339233,2.4209610459999999,21.972990035999999,3.9854835500000001
1011,Si,sy1,1.1000000238418579,-0.045507258000000002,23.177434921,2.2831462849999999
1012,Al,ayt2,0.80000001192092896,0.022106463,20.211400986000001,2.2819484700000001
1013,K,k+,1,21.715591968999998,12.896453637,19.614044522
1014,H,hoy,0.20000000298023224,0.28012340699999999,25.694505692,3.7916149130000001
1015,O,oy1,-0.78299999237060547,0.26882224700000001,21.702531815,1.6295360560000001
1016,O,oy2,-0.55000001192092896,1.1107267080000001,24.244846343999999,1.838364028
1017,O,oy3,-0.78299999237060547,1.134038085,19.199884415,1.6217578880000001
1018,O,oy4,-0.75800001621246338,-0.19127280099999999,23.050319672000001,3.9206604
1019,O,oy5,-0.75800001621246338,0.19873159500000001,20.270902633999999,3.919662856
1020,O,oy6,-0.68300002813339233,-0.17493898299999999,26.480640411,3.9854835500000001
1021,Si,sy1,1.1000000238418579,7.7421929179999998,0.63918477299999998,2.2831462849999999
1022,Si,sy2,1.1000000238418579,7.8098065200000004,6.6884512899999997,2.2819484700000001
1023,K,k+,1,2.567020265,21.526269983999999,0.64881708900000001
1024,H,hoy,0.20000000298023224,8.0678235829999991,3.1562564370000001,3.7916149130000001
1025,O,oy1,-0.78299999237060547,8.0565220649999993,8.1795816420000005,1.6295360560000001
1026,O,oy2,-0.78299999237060547,8.8984267060000004,1.706596255,1.838364028
1027,O,oy3,-0.55000001192092896,8.9217378440000008,5.6769342419999997,1.6217578880000001
1028,O,oy4,-0.75800001621246338,7.5964271370000001,0.51206904600000003,3.9206604
1029,O,oy5,-0.75800001621246338,7.9864317710000003,6.7479519840000002,3.919662856
1030,O,oy6,-0.68300002813339233,7.6127611929999999,3.9423906799999999,3.9854835500000001
1031,Si,sy1,1.1000000238418579,5.1462928589999999,5.1468348500000003,2.2831462849999999
1032,Si,sy2,1.1000000238418579,5.2139064609999997,2.180801153,2.2819484700000001
1033,K,k+,1,10.428193192,17.245449135000001,0.66983460100000003
1034,H,hoy,0.20000000298023224,5.471923286,7.6639065740000003,3.7916149130000001
1035,O,oy1,-0.55000001192092896,5.4606222449999997,3.6719317440000001,1.6295360560000001
1036,O,oy2,-0.55000001192092896,6.3025266469999996,6.2142462729999997,1.838364028
1037,O,oy3,-0.55000001192092896,6.3258382620000004,1.1692844630000001,1.6217578880000001
1038,O,oy4,-0.75800001621246338,5.0005273160000003,5.0197191239999999,3.9206604
1039,O,oy5,-0.75800001621246338,5.3905314740000003,2.2403020859999998,3.919662856
1040,O,oy6,-0.68300002813339233,5.0168611350000001,8.4500408169999996,3.9854835500000001
1041,Al,ayt1,0.80000001192092896,7.7421929179999998,9.6544847489999999,2.2831462849999999
1042,Al,ayt2,0.80000001192092896,7.8098065200000004,15.703751563999999,2.2819484700000001
1043,K,k+,1,5.8472392360000001,3.7201313389999999,19.298550254999999
1044,H,hoy,0.20000000298023224,8.0678235829999991,12.171556473000001,3.7916149130000001
1045,O,oy1,-0.78299999237060547,8.0565220649999993,17.194881439,1.6295360560000001
1046,O,oy2,-0.78299999237060547,8.8984267060000004,10.721896171999999,1.838364028
1047,O,oy3,-0.78299999237060547,8.9217378440000008,14.692234039000001,1.6217578880000001
1048,O,oy4,-0.75800001621246338,7.5964271370000001,9.5273694990000006,3.9206604
1049,O,oy5,-0.75800001621246338,7.9864317710000003,15.763252258,3.919662856
1050,O,oy6,-0.68300002813339233,7.6127611929999999,12.957690239,3.9854835500000001
1051,Si,sy1,1.1000000238418579,5.1462928589999999,14.162135124000001,2.2831462849999999
1052,Si,sy2,1.1000000238418579,5.2139064609999997,11.196101189,2.2819484700000001
1053,K,k+,1,10.813605799999999,12.602160244,19.474494013000001
1054,H,hoy,0.20000000298023224,5.471923286,16.679206848,3.7916149130000001
1055,O,oy1,-0.55000001192092896,5.4606222449999997,12.687232018,1.6295360560000001
1056,O,oy2,-0.78299999237060547,6.3025266469999996,15.229546547,1.838364028
1057,O,oy3,-0.78299999237060547,6.3258382620000004,10.184584618000001,1.6217578880000001
1058,O,oy4,-0.75800001621246338,5.0005273160000003,14.035018921000001,3.9206604
1059,O,oy5,-0.75800001621246338,5.3905314740000003,11.255601883000001,3.919662856
1060,O,oy6,-0.68300002813339233,5.0168611350000001,17.465341567999999,3.9854835500000001
1061,Si,sy1,1.1000000238418579,7.7421929179999998,18.669784545999999,2.2831462849999999
1062,Si,sy2,1.1000000238418579,7.8098065200000004,24.719051361000002,2.2819484700000001
1063,K,k+,1,16.1332369,12.603357169000001,19.284145736999999
1064,H,hoy,0.20000000298023224,8.0678235829999991,21.186857224000001,3.7916149130000001
1065,O,oy1,-0.55000001192092896,8.0565220649999993,26.210182190000001,1.6295360560000001
1066,O,oy2,-0.55000001192092896,8.8984267060000004,19.737195968999998,1.838364028
1067,O,oy3,-0.78299999237060547,8.9217378440000008,23.70753479,1.6217578880000001
1068,O,oy4,-0.75800001621246338,7.5964271370000001,18.542669296,3.9206604
1069,O,oy5,-0.75800001621246338,7.9864317710000003,24.778551102000002,3.919662856
1070,O,oy6,-0.68300002813339233,7.6127611929999999,21.972990035999999,3.9854835500000001
1071,Si,sy1,1.1000000238418579,5.1462928589999999,23.177434921,2.2831462849999999
1072,Al,ayt2,0.80000001192092896,5.2139064609999997,20.211400986000001,2.2819484700000001
1073,K,k+,1,18.114575445,12.80282942,0.65108927299999997
1074,H,hoy,0.20000000298023224,5.471923286,25.694505692,3.7916149130000001
1075,O,oy1,-0.78299999237060547,5.4606222449999997,21.702531815,1.6295360560000001
1076,O,oy2,-0.55000001192092896,6.3025266469999996,24.244846343999999,1.838364028
1077,O,oy3,-0.78299999237060547,6.3258382620000004,19.199884415,1.6217578880000001
1078,O,oy4,-0.75800001621246338,5.0005273160000003,23.050319672000001,3.9206604
1079,O,oy5,-0.75800001621246338,5.3905314740000003,20.270902633999999,3.919662856
1080,O,oy6,-0.68300002813339233,5.0168611350000001,26.480640411,3.9854835500000001
1081,Si,sy1,1.1000000238418579,12.933993036,0.63918477299999998,2.2831462849999999
1082,Si,sy2,1.1000000238418579,13.001606637,6.6884512899999997,2.2819484700000001
1083,K,k+,1,0.57840607700000002,12.591369018,19.051990492000002
1084,H,hoy,0.20000000298023224,13.259623224,3.1562564370000001,3.7916149130000001
1085,O,oy1,-0.55000001192092896,13.248322183000001,8.1795816420000005,1.6295360560000001
1086,O,oy2,-0.78299999237060547,14.090226823,1.706596255,1.838364028
1087,O,oy3,-0.55000001192092896,14.113538438000001,5.6769342419999997,1.6217578880000001
1088,O,oy4,-0.75800001621246338,12.788227730999999,0.51206904600000003,3.9206604
1089,O,oy5,-0.75800001621246338,13.178231888999999,6.7479519840000002,3.919662856
1090,O,oy6,-0.68300002813339233,12.804561311000001,3.9423906799999999,3.9854835500000001
1091,Si,sy1,1.1000000238418579,10.3380925,5.1468348500000003,2.2831462849999999
1092,Al,ayt2,0.80000001192092896,10.405706102,2.180801153,2.2819484700000001
1093,K,k+,1,5.7215876120000004,8.1941149959999997,0.24697852200000001
1094,H,hoy,0.20000000298023224,10.663723642000001,7.6639065740000003,3.7916149130000001
1095,O,oy1,-0.78299999237060547,10.652422601,3.6719317440000001,1.6295360560000001
1096,O,oy2,-0.55000001192092896,11.494326287,6.2142462729999997,1.838364028
1097,O,oy3,-0.78299999237060547,11.517637902000001,1.1692844630000001,1.6217578880000001
1098,O,oy4,-0.75800001621246338,10.192327195000001,5.0197191239999999,3.9206604
1099,O,oy5,-0.75800001621246338,10.582331353000001,2.2403020859999998,3.919662856
1100,O,oy6,-0.68300002813339233,10.208660775,8.4500408169999996,3.9854835500000001
1101,Si,sy1,1.1000000238418579,12.933993036,9.6544847489999999,2.2831462849999999
1102,Si,sy2,1.1000000238418579,13.001606637,15.703751563999999,2.2819484700000001
1103,K,k+,1,0.50444892900000005,21.683420385000002,19.375018392000001
1104,H,hoy,0.20000000298023224,13.259623224,12.171556473000001,3.7916149130000001
1105,O,oy1,-0.78299999237060547,13.248322183000001,17.194881439,1.6295360560000001
1106,O,oy2,-0.78299999237060547,14.090226823,10.721896171999999,1.838364028
1107,O,oy3,-0.55000001192092896,14.113538438000001,14.692234039000001,1.6217578880000001
1108,O,oy4,-0.75800001621246338,12.788227730999999,9.5273694990000006,3.9206604
1109,O,oy5,-0.75800001621246338,13.178231888999999,15.763252258,3.919662856
1110,O,oy6,-0.68300002813339233,12.804561311000001,12.957690239,3.9854835500000001
1111,Si,sy1,1.1000000238418579,10.3380925,14.162135124000001,2.2831462849999999
1112,Si,sy2,1.1000000238418579,10.405706102,11.196101189,2.2819484700000001
1113,K,k+,1,11.148062605,21.308554244,19.443276053000002
1114,H,hoy,0.20000000298023224,10.663723642000001,16.679206848,3.7916149130000001
1115,O,oy1,-0.55000001192092896,10.652422601,12.687232018,1.6295360560000001
1116,O,oy2,-0.55000001192092896,11.494326287,15.229546547,1.838364028
1117,O,oy3,-0.55000001192092896,11.517637902000001,10.184584618000001,1.6217578880000001
1118,O,oy4,-0.75800001621246338,10.192327195000001,14.035018921000001,3.9206604
1119,O,oy5,-0.75800001621246338,10.582331353000001,11.255601883000001,3.919662856
1120,O,oy6,-0.68300002813339233,10.208660775,17.465341567999999,3.9854835500000001
1121,Al,ayt1,0.80000001192092896,12.933993036,18.669784545999999,2.2831462849999999
1122,Si,sy2,1.1000000238418579,13.001606637,24.719051361000002,2.2819484700000001
1123,K,k+,1,25.912045598999999,17.146291386000001,0.73408349299999998
1124,H,hoy,0.20000000298023224,13.259623224,21.186857224000001,3.7916149130000001
1125,O,oy1,-0.55000001192092896,13.248322183000001,26.210182190000001,1.6295360560000001
1126,O,oy2,-0.78299999237060547,14.090226823,19.737195968999998,1.838364028
1127,O,oy3,-0.55000001192092896,14.113538438000001,23.70753479,1.6217578880000001
1128,O,oy4,-0.75800001621246338,12.788227730999999,18.542669296,3.9206604
1129,O,oy5,-0.75800001621246338,13.178231888999999,24.778551102000002,3.919662856
1130,O,oy6,-0.68300002813339233,12.804561311000001,21.972990035999999,3.9854835500000001
1131,Al,ayt1,0.80000001192092896,10.3380925,23.177434921,2.2831462849999999
1132,Si,sy2,1.1000000238418579,10.405706102,20.211400986000001,2.2819484700000001
1133,K,k+,1,0.58575355200000001,26.415362200000001,0.11551279
1134,H,hoy,0.20000000298023224,10.663723642000001,25.694505692,3.7916149130000001
1135,O,oy1,-0.78299999237060547,10.652422601,21.702531815,1.6295360560000001
1136,O,oy2,-0.78299999237060547,11.494326287,24.244846343999999,1.838364028
1137,O,oy3,-0.78299999237060547,11.517637902000001,19.199884415,1.6217578880000001
1138,O,oy4,-0.75800001621246338,10.192327195000001,23.050319672000001,3.9206604
1139,O,oy5,-0.75800001621246338,10.582331353000001,20.270902633999999,3.919662856
1140,O,oy6,-0.68300002813339233,10.208660775,26.480640411,3.9854835500000001
1141,Si,sy1,1.1000000238418579,18.125793153,0.63918477299999998,2.2831462849999999
1142,Al,ayt2,0.80000001192092896,18.193406755000002,6.6884512899999997,2.2819484700000001
1143,K,k+,1,16.252972564,21.652388397999999,19.230499784999999
1144,H,hoy,0.20000000298023224,18.451423341000002,3.1562564370000001,3.7916149130000001
1145,O,oy1,-0.78299999237060547,18.440122299999999,8.1795816420000005,1.6295360560000001
1146,O,oy2,-0.55000001192092896,19.282025987000001,1.706596255,1.838364028
1147,O,oy3,-0.78299999237060547,19.305337602000002,5.6769342419999997,1.6217578880000001
1148,O,oy4,-0.75800001621246338,17.980026895000002,0.51206904600000003,3.9206604
1149,O,oy5,-0.75800001621246338,18.370031053000002,6.7479519840000002,3.919662856
1150,O,oy6,-0.68300002813339233,17.996361428,3.9423906799999999,3.9854835500000001
1151,Si,sy1,1.1000000238418579,15.529892617,5.1468348500000003,2.2831462849999999
1152,Al,ayt2,0.80000001192092896,15.597506219,2.180801153,2.2819484700000001
1153,K,k+,1,12.972522118000001,3.4085536859999999,0.603915757
1154,H,hoy,0.20000000298023224,15.855523759,7.6639065740000003,3.7916149130000001
1155,O,oy1,-0.78299999237060547,15.844221765,3.6719317440000001,1.6295360560000001
1156,O,oy2,-0.78299999237060547,16.686126405,6.2142462729999997,1.838364028
1157,O,oy3,-0.78299999237060547,16.70943802,1.1692844630000001,1.6217578880000001
1158,O,oy4,-0.75800001621246338,15.384127313,5.0197191239999999,3.9206604
1159,O,oy5,-0.75800001621246338,15.774131471,2.2403020859999998,3.919662856
1160,O,oy6,-0.68300002813339233,15.400460893,8.4500408169999996,3.9854835500000001
1161,Si,sy1,1.1000000238418579,18.125793153,9.6544847489999999,2.2831462849999999
1162,Si,sy2,1.1000000238418579,18.193406755000002,15.703751563999999,2.2819484700000001
1163,K,k+,1,13.552543032999999,26.223735389000002,19.258650454000001
1164,H,hoy,0.20000000298023224,18.451423341000002,12.171556473000001,3.7916149130000001
1165,O,oy1,-0.55000001192092896,18.440122299999999,17.194881439,1.6295360560000001
1166,O,oy2,-0.55000001192092896,19.282025987000001,10.721896171999999,1.838364028
1167,O,oy3,-0.78299999237060547,19.305337602000002,14.692234039000001,1.6217578880000001
1168,O,oy4,-0.75800001621246338,17.980026895000002,9.5273694990000006,3.9206604
1169,O,oy5,-0.75800001621246338,18.370031053000002,15.763252258,3.919662856
1170,O,oy6,-0.68300002813339233,17.996361428,12.957690239,3.9854835500000001
1171,Si,sy1,1.1000000238418579,15.529892617,14.162135124000001,2.2831462849999999
1172,Al,ayt2,0.80000001192092896,15.597506219,11.196101189,2.2819484700000001
1173,K,k+,1,5.3566719699999998,17.238672769000001,0.66849363100000003
1174,H,hoy,0.20000000298023224,15.855523759,16.679206848,3.7916149130000001
1175,O,oy1,-0.78299999237060547,15.844221765,12.687232018,1.6295360560000001
1176,O,oy2,-0.55000001192092896,16.686126405,15.229546547,1.838364028
1177,O,oy3,-0.78299999237060547,16.70943802,10.184584618000001,1.6217578880000001
1178,O,oy4,-0.75800001621246338,15.384127313,14.035018921000001,3.9206604
1179,O,oy5,-0.75800001621246338,15.774131471,11.255601883000001,3.919662856
1180,O,oy6,-0.68300002813339233,15.400460893,17.465341567999999,3.9854835500000001
1181,Si,sy1,1.1000000238418579,18.125793153,18.669784545999999,2.2831462849999999
1182,Si,sy2,1.1000000238418579,18.193406755000002,24.719051361000002,2.2819484700000001
1183,K,k+,1,11.08187831,3.3900623670000001,19.344075463999999
1184,H,hoy,0.20000000298023224,18.451423341000002,21.186857224000001,3.7916149130000001
1185,O,oy1,-0.55000001192092896,18.440122299999999,26.210182190000001,1.6295360560000001
1186,O,oy2,-0.55000001192092896,19.282025987000001,19.737195968999998,1.838364028
1187,O,oy3,-0.78299999237060547,19.305337602000002,23.70753479,1.6217578880000001
1188,O,oy4,-0.75800001621246338,17.980026895000002,18.542669296,3.9206604
1189,O,oy5,-0.75800001621246338,18.370031053000002,24.778551102000002,3.919662856
1190,O,oy6,-0.68300002813339233,17.996361428,21.972990035999999,3.9854835500000001
1191,Si,sy1,1.1000000238418579,15.529892617,23.177434921,2.2831462849999999
1192,Si,sy2,1.1000000238418579,15.597506219,20.211400986000001,2.2819484700000001
1193,K,k+,1,18.686046203,17.299558306000002,19.210050889000001
1194,H,hoy,0.20000000298023224,15.855523759,25.694505692,3.7916149130000001
1195,O,oy1,-0.55000001192092896,15.844221765,21.702531815,1.6295360560000001
1196,O,oy2,-0.55000001192092896,16.686126405,24.244846343999999,1.838364028
1197,O,oy3,-0.55000001192092896,16.70943802,19.199884415,1.6217578880000001
1198,O,oy4,-0.75800001621246338,15.384127313,23.050319672000001,3.9206604
1199,O,oy5,-0.75800001621246338,15.774131471,20.270902633999999,3.919662856
1200,O,oy6,-0.68300002813339233,15.400460893,26.480640411,3.9854835500000001
1201,Si,sy1,1.1000000238418579,23.317592316999999,0.63918477299999998,2.2831462849999999
1202,Si,sy2,1.1000000238418579,23.385205919000001,6.6884512899999997,2.2819484700000001
1203,K,k+,1,23.402831247000002,12.677293286999999,0.85224957300000004
1204,H,hoy,0.20000000298023224,23.643222505000001,3.1562564370000001,3.7916149130000001
1205,O,oy1,-0.78299999237060547,23.631921464000001,8.1795816420000005,1.6295360560000001
1206,O,oy2,-0.55000001192092896,24.473827058000001,1.706596255,1.838364028
1207,O,oy3,-0.55000001192092896,24.497138672999998,5.6769342419999997,1.6217578880000001
1208,O,oy4,-0.75800001621246338,23.171827012000001,0.51206904600000003,3.9206604
1209,O,oy5,-0.75800001621246338,23.561832123999999,6.7479519840000002,3.919662856
1210,O,oy6,-0.68300002813339233,23.188161546,3.9423906799999999,3.9854835500000001
1211,Si,sy1,1.1000000238418579,20.721692735000001,5.1468348500000003,2.2831462849999999
1212,Si,sy2,1.1000000238418579,20.789306336999999,2.180801153,2.2819484700000001
1213,K,k+,1,3.0605273949999998,16.940528597,19.563864636999998
1214,H,hoy,0.20000000298023224,21.047322922999999,7.6639065740000003,3.7916149130000001
1215,O,oy1,-0.55000001192092896,21.036021882,3.6719317440000001,1.6295360560000001
1216,O,oy2,-0.55000001192092896,21.877927476,6.2142462729999997,1.838364028
1217,O,oy3,-0.55000001192092896,21.901237183999999,1.1692844630000001,1.6217578880000001
1218,O,oy4,-0.75800001621246338,20.57592743,5.0197191239999999,3.9206604
1219,O,oy5,-0.75800001621246338,20.965930634999999,2.2403020859999998,3.919662856
1220,O,oy6,-0.68300002813339233,20.592261963999999,8.4500408169999996,3.9854835500000001
1221,Al,ayt1,0.80000001192092896,23.317592316999999,9.6544847489999999,2.2831462849999999
1222,Si,sy2,1.1000000238418579,23.385205919000001,15.703751563999999,2.2819484700000001
1223,K,k+,1,7.9748795350000004,8.1424838089999998,19.388634490000001
1224,H,hoy,0.20000000298023224,23.643222505000001,12.171556473000001,3.7916149130000001
1225,O,oy1,-0.55000001192092896,23.631921464000001,17.194881439,1.6295360560000001
1226,O,oy2,-0.78299999237060547,24.473827058000001,10.721896171999999,1.838364028
1227,O,oy3,-0.78299999237060547,24.497138672999998,14.692234039000001,1.6217578880000001
1228,O,oy4,-0.75800001621246338,23.171827012000001,9.5273694990000006,3.9206604
1229,O,oy5,-0.75800001621246338,23.561832123999999,15.763252258,3.919662856
1230,O,oy6,-0.68300002813339233,23.188161546,12.957690239,3.9854835500000001
1231,Al,ayt1,0.80000001192092896,20.721692735000001,14.162135124000001,2.2831462849999999
1232,Si,sy2,1.1000000238418579,20.789306336999999,11.196101189,2.2819484700000001
1233,K,k+,1,7.8690117109999997,12.613000865,0.68704443699999995
1234,H,hoy,0.20000000298023224,21.047322922999999,16.679206848,3.7916149130000001
1235,O,oy1,-0.78299999237060547,21.036021882,12.687232018,1.6295360560000001
1236,O,oy2,-0.78299999237060547,21.877927476,15.229546547,1.838364028
1237,O,oy3,-0.78299999237060547,21.901237183999999,10.184584618000001,1.6217578880000001
1238,O,oy4,-0.75800001621246338,20.57592743,14.035018921000001,3.9206604
1239,O,oy5,-0.75800001621246338,20.965930634999999,11.255601883000001,3.919662856
1240,O,oy6,-0.68300002813339233,20.592261963999999,17.465341567999999,3.9854835500000001
1241,Si,sy1,1.1000000238418579,23.317592316999999,18.669784545999999,2.2831462849999999
1242,Si,sy2,1.1000000238418579,23.385205919000001,24.719051361000002,2.2819484700000001
1243,K,k+,1,20.799088567999998,8.1240329379999991,0.58567386899999996
1244,H,hoy,0.20000000298023224,23.643222505000001,21.186857224000001,3.7916149130000001
1245,O,oy1,-0.55000001192092896,23.631921464000001,26.210182190000001,1.6295360560000001
1246,O,oy2,-0.78299999237060547,24.473827058000001,19.737195968999998,1.838364028
1247,O,oy3,-0.55000001192092896,24.497138672999998,23.70753479,1.6217578880000001
1248,O,oy4,-0.75800001621246338,23.171827012000001,18.542669296,3.9206604
1249,O,oy5,-0.75800001621246338,23.561832123999999,24.778551102000002,3.919662856
1250,O,oy6,-0.68300002813339233,23.188161546,21.972990035999999,3.9854835500000001
1251,Al,ayt1,0.80000001192092896,20.721692735000001,23.177434921,2.2831462849999999
1252,Si,sy2,1.1000000238418579,20.789306336999999,20.211400986000001,2.2819484700000001
1253,K,k+,1,19.239023312,21.956574856,-0.065244110999999994
1254,H,hoy,0.20000000298023224,21.047322922999999,25.694505692,3.7916149130000001
1255,O,oy1,-0.78299999237060547,21.036021882,21.702531815,1.6295360560000001
1256,O,oy2,-0.78299999237060547,21.877927476,24.244846343999999,1.838364028
1257,O,oy3,-0.55000001192092896,21.901237183999999,19.199884415,1.6217578880000001
1258,O,oy4,-0.75800001621246338,20.57592743,23.050319672000001,3.9206604
1259,O,oy5,-0.75800001621246338,20.965930634999999,20.270902633999999,3.919662856
1260,O,oy6,-0.68300002813339233,20.592261963999999,26.480640411,3.9854835500000001
