id,element,ff_type,charge,x,y,z
1,O,oap1,-0.64999997615814209,1.981797773,30.966939870000001,1.7714407210000001
2,O,oap1,-0.80000001192092896,1.9687774360000001,31.062406411000001,8.8688984499999997
3,O,oap1,-0.80000001192092896,1.9886948440000001,30.898973155,15.766536057
4,O,oap1,-0.80000001192092896,1.812127174,31.065013738000001,22.805622446000001
5,O,oap1,-0.64999997615814209,11.738565318999999,31.766673748999999,2.09180316
6,O,oap1,-0.80000001192092896,11.501693997,30.906671856999999,8.6464236149999998
7,O,oap1,-0.80000001192092896,11.712156872,30.899172482000001,15.595054682000001
8,O,oap1,-0.80000001192092896,11.649600523,30.505061872999999,22.398389737999999
9,O,oap1,-0.64999997615814209,20.649452120999999,30.649383141000001,1.6125972
10,O,oap1,-0.80000001192092896,20.986729816,30.660100374999999,8.6106908309999994
11,O,oap1,-0.80000001192092896,20.904590065000001,30.953862341000001,15.662079007999999
12,O,oap1,-0.80000001192092896,21.269911653000001,30.822811482999999,22.7344987
13,O,oap1,-0.64999997615814209,29.380526434,31.103607832000002,1.886998175
14,O,oap1,-0.80000001192092896,30.326890525,30.956266954,8.748482954
15,O,oap1,-0.80000001192092896,30.537930925000001,30.781335313,15.739626808000001
16,O,oap1,-0.80000001192092896,30.679792860999999,30.786735709999999,22.618771337999998
17,O,oap1,-0.64999997615814209,6.312321099,22.579218546,1.66360804
18,O,oap1,-0.80000001192092896,6.7110957640000004,22.679916591000001,8.5076289949999993
19,O,oap1,-0.80000001192092896,6.769370307,22.716193268000001,15.616258415000001
20,O,oap1,-0.80000001192092896,6.9428117980000001,22.773102696999999,22.632607724
21,O,oap1,-0.64999997615814209,17.16840857,21.392841626999999,2.2343341099999998
22,O,oap1,-0.80000001192092896,16.290278318999999,22.445628325000001,8.6267475600000001
23,O,oap1,-0.80000001192092896,16.193460991999999,22.867694643,15.816482017
24,O,oap1,-0.80000001192092896,16.354281101000002,22.817870750000001,22.705756125000001
25,O,oap1,-0.64999997615814209,25.425248450000002,23.588466701000002,2.293957867
26,O,oap1,-0.80000001192092896,25.596557615999998,22.754065469,8.7973555720000007
27,O,oap1,-0.80000001192092896,25.856603091,22.687888861000001,15.65539439
28,O,oap1,-0.80000001192092896,25.665202766,22.837506762,22.750882137000001
29,O,oap1,-0.64999997615814209,36.125005278000003,22.048362061999999,2.254316926
30,O,oap1,-0.80000001192092896,34.970588870999997,22.708333612000001,8.683793648
31,O,oap1,-0.80000001192092896,34.953966596999997,22.860105909000001,15.777279866000001
32,O,oap1,-0.80000001192092896,35.165409318999998,22.515774145999998,22.439655154
33,O,oap1,-0.64999997615814209,1.493246039,15.155287011,1.885771694
34,O,oap1,-0.80000001192092896,1.893088237,14.571630907999999,8.7024703619999997
35,O,oap1,-0.80000001192092896,1.7635816740000001,14.900230169,15.843297341
36,O,oap1,-0.80000001192092896,1.3911214890000001,14.797440108,22.810420229999998
37,O,oap1,-0.64999997615814209,11.14727575,14.282570032000001,1.4432026010000001
38,O,oap1,-0.80000001192092896,11.059132863,14.660110897999999,8.7716059850000008
39,O,oap1,-0.80000001192092896,11.544927474,14.576390483000001,15.723721126999999
40,O,oap1,-0.80000001192092896,11.357560262,14.867412142999999,22.772344452999999
41,O,oap1,-0.64999997615814209,20.956333902000001,14.483571743000001,1.660859519
42,O,oap1,-0.80000001192092896,20.879165293,14.418193042,8.5541039679999997
43,O,oap1,-0.80000001192092896,20.922624338999999,14.572491597000001,15.526542779
44,O,oap1,-0.80000001192092896,20.990511965,14.670712801000001,22.575341762000001
45,O,oap1,-0.64999997615814209,30.526425832000001,14.456599813,1.601091829
46,O,oap1,-0.80000001192092896,30.016147223000001,14.703634933,8.8331486310000003
47,O,oap1,-0.80000001192092896,30.244008100999999,14.777466605000001,15.749391113
48,O,oap1,-0.80000001192092896,30.352002302999999,14.518272939999999,22.565003379
49,O,oap1,-0.64999997615814209,7.3397752069999997,6.3173624269999999,1.9583197969999999
50,O,oap1,-0.80000001192092896,6.9240090529999998,6.3587116410000002,8.8268284710000007
51,O,oap1,-0.80000001192092896,6.7413330709999997,6.5276566459999996,15.780944129
52,O,oap1,-0.80000001192092896,6.8282253820000003,6.3953642510000002,22.726294977999999
53,O,oap1,-0.64999997615814209,14.505459997000001,6.8165328819999997,3.4657499249999999
54,O,oap1,-0.80000001192092896,16.175416904999999,6.2731590910000001,8.7435489929999992
55,O,oap1,-0.80000001192092896,16.376115843000001,6.3877374050000002,15.768194014000001
56,O,oap1,-0.80000001192092896,16.150785713000001,6.1875321159999999,22.666056031
57,O,oap1,-0.64999997615814209,26.467504204000001,4.9711214459999997,2.1305466009999998
58,O,oap1,-0.80000001192092896,25.533862198000001,6.4543838149999999,8.7522275670000003
59,O,oap1,-0.80000001192092896,25.549726404000001,6.5710289250000002,15.779670188000001
60,O,oap1,-0.80000001192092896,25.453951184000001,6.5672917350000004,22.902052712
61,O,oap1,-0.64999997615814209,34.611303499999998,6.3923272400000002,1.579362935
62,O,oap1,-0.80000001192092896,35.057004704999997,6.1318745760000004,8.5277850980000007
63,O,oap1,-0.80000001192092896,35.148653070999998,6.3564398710000001,15.613195048
64,O,oap1,-0.80000001192092896,35.089539868000003,6.3913080720000002,22.568269942000001
65,O,oap1,-0.64999997615814209,5.8544433590000002,27.368512630000001,1.6974635849999999
66,O,oap1,-0.80000001192092896,5.4807342549999998,27.479083167999999,8.8500335230000005
67,O,oap1,-0.80000001192092896,5.4259654810000004,27.499041936000001,15.747788329
68,O,oap1,-0.80000001192092896,5.4306115269999999,27.715872992000001,22.571783341
69,O,oap1,-0.64999997615814209,14.825327639999999,28.174793941000001,1.9433407199999999
70,O,oap1,-0.80000001192092896,14.884379437,27.667833732999998,8.8843935559999991
71,O,oap1,-0.80000001192092896,15.008949226,27.279691415999999,15.961543776999999
72,O,oap1,-0.80000001192092896,15.023652632999999,27.991956471000002,22.631170640000001
73,O,oap1,-0.64999997615814209,24.624830299999999,27.253920578999999,1.6824711619999999
74,O,oap1,-0.80000001192092896,24.226208084,27.809152645000001,8.6784741899999993
75,O,oap1,-0.80000001192092896,24.218457198999999,27.592071462,15.718958944000001
76,O,oap1,-0.80000001192092896,24.477079959000001,27.857592447999998,22.589858165999999
77,O,oap1,-0.64999997615814209,34.053076412000003,29.455322408000001,2.162095152
78,O,oap1,-0.80000001192092896,33.757221538000003,27.707781033,8.7780316930000009
79,O,oap1,-0.80000001192092896,33.723141638000001,27.769623318000001,15.776281731999999
80,O,oap1,-0.80000001192092896,33.767749371000001,27.510469452999999,22.843865151999999
81,O,oap1,-0.64999997615814209,0.82995630300000001,19.471789942000001,1.5012765859999999
82,O,oap1,-0.80000001192092896,0.67070317999999995,19.677791435,8.5438392870000008
83,O,oap1,-0.80000001192092896,0.839660093,19.744697421000001,15.667607952999999
84,O,oap1,-0.80000001192092896,0.73154758600000003,19.728777229999999,22.537850492
85,O,oap1,-0.64999997615814209,10.292608308,19.506988453000002,1.650715747
86,O,oap1,-0.80000001192092896,10.162704343,19.562048417,8.6745398779999991
87,O,oap1,-0.80000001192092896,10.360413848,19.810065294000001,15.528593098
88,O,oap1,-0.80000001192092896,10.397163795000001,19.703446853999999,22.488090315000001
89,O,oap1,-0.64999997615814209,19.991991242000001,20.880820784000001,1.8225750140000001
90,O,oap1,-0.80000001192092896,19.619504561999999,19.555787942999999,8.5563952719999996
91,O,oap1,-0.80000001192092896,19.810776736000001,19.579822168,15.580015444000001
92,O,oap1,-0.80000001192092896,20.056312493,20.087604422999998,22.509022178999999
93,O,oap1,-0.64999997615814209,29.352037231000001,20.996617351000001,1.8178702200000001
94,O,oap1,-0.80000001192092896,29.192337875,19.332952321,8.8032778270000005
95,O,oap1,-0.80000001192092896,29.085668156000001,19.601888277,15.611447281
96,O,oap1,-0.80000001192092896,28.964771594999998,19.658861075000001,22.718991041999999
97,O,oap1,-0.64999997615814209,5.9111076210000002,9.4672426460000008,3.637002549
98,O,oap1,-0.80000001192092896,5.3627786640000004,11.396561152,8.7090004630000006
99,O,oap1,-0.80000001192092896,5.3489307589999999,11.514946422,15.705628519999999
100,O,oap1,-0.80000001192092896,5.3295882069999996,11.298070674,22.665771530000001
101,O,oap1,-0.64999997615814209,15.135301692000001,11.34579669,1.5854093490000001
102,O,oap1,-0.80000001192092896,15.059420582,11.548205768000001,8.6553758320000007
103,O,oap1,-0.80000001192092896,14.950792701999999,11.784371238,15.623205406
104,O,oap1,-0.80000001192092896,15.319776401,11.62151759,22.516289866000001
105,O,oap1,-0.64999997615814209,24.338480491999999,11.591559050000001,1.9154963599999999
106,O,oap1,-0.80000001192092896,24.253480929999998,11.281574937,8.8329789810000001
107,O,oap1,-0.80000001192092896,24.69140372,11.450617547,15.705657506
108,O,oap1,-0.80000001192092896,24.315776184000001,11.196559595,22.923322120000002
109,O,oap1,-0.64999997615814209,34.213938947000003,12.489286219,2.0827164909999998
110,O,oap1,-0.80000001192092896,33.731239803000001,11.238840581,8.6133344100000002
111,O,oap1,-0.80000001192092896,33.634677318000001,11.514538483999999,15.659509569000001
112,O,oap1,-0.80000001192092896,33.763144939,11.578530345000001,22.552357593
113,O,oap1,-0.64999997615814209,1.244384916,4.1835113599999998,1.8649366890000001
114,O,oap1,-0.80000001192092896,0.77020094800000005,3.1689741589999998,8.7795172580000003
115,O,oap1,-0.80000001192092896,0.86976287500000005,3.2031921429999999,15.781743047999999
116,O,oap1,-0.80000001192092896,0.96661886799999996,2.9714965040000001,22.847100096999998
117,O,oap1,-0.64999997615814209,10.145422133,3.0604430599999999,1.8728534880000001
118,O,oap1,-0.80000001192092896,10.265253721000001,3.0719857670000001,8.7603907929999991
119,O,oap1,-0.80000001192092896,10.195879422000001,3.333292095,15.663456435000001
120,O,oap1,-0.80000001192092896,10.240460815,3.4263467090000002,22.778716219
121,O,oap1,-0.64999997615814209,20.105072243999999,1.3402253019999999,3.6760023839999998
122,O,oap1,-0.80000001192092896,19.643811031999999,3.2871820509999998,8.6725374019999997
123,O,oap1,-0.80000001192092896,19.648356501999999,3.4501181459999999,15.694247624000001
124,O,oap1,-0.80000001192092896,19.650483076,3.6049599209999998,22.732226786999998
125,O,oap1,-0.64999997615814209,28.876136517999999,3.1746630859999998,1.771648514
126,O,oap1,-0.80000001192092896,29.064233582,3.0373091130000001,8.9156395209999992
127,O,oap1,-0.80000001192092896,28.964069936000001,3.2476283509999999,15.873191345
128,O,oap1,-0.80000001192092896,29.139159286000002,3.454544609,22.705207826999999
129,O,oap1,-0.64999997615814209,4.9112217640000004,32.688699653999997,0.87028734100000005
130,O,oap1,-0.80000001192092896,6.3271429430000001,32.241312843999999,8.761256242
131,O,oap1,-0.80000001192092896,6.4863706900000002,32.165338224000003,15.670772957000001
132,O,oap1,-0.80000001192092896,6.6087848649999996,32.307638447999999,22.520468467000001
133,O,oap1,-0.64999997615814209,14.459595173,32.2594894,1.863185417
134,O,oap1,-0.80000001192092896,16.052430343000001,32.224510702000003,8.7797729439999994
135,O,oap1,-0.80000001192092896,16.109123093000001,32.198590592999999,15.677361596000001
136,O,oap1,-0.80000001192092896,16.00906724,32.383015636000003,22.647974441999999
137,O,oap1,-0.64999997615814209,27.651310991999999,33.593231817000003,4.0741053379999999
138,O,oap1,-0.80000001192092896,25.721464394000002,32.581520441000002,8.9608580890000002
139,O,oap1,-0.80000001192092896,25.547384942000001,32.240409749000001,15.775023822
140,O,oap1,-0.80000001192092896,25.441633108000001,32.112422778000003,22.694599939
141,O,oap1,-0.64999997615814209,34.403034857000002,32.406247544999999,1.624284759
142,O,oap1,-0.80000001192092896,34.726779561999997,32.340363490999998,8.6955180250000002
143,O,oap1,-0.80000001192092896,34.978321295000001,32.375595840999999,15.736676851
144,O,oap1,-0.80000001192092896,35.062789205000001,32.335297683999997,22.802973342000001
145,O,oap1,-0.64999997615814209,1.836838397,24.008858370999999,2.050234063
146,O,oap1,-0.80000001192092896,1.6095964110000001,24.126238978,8.7313037080000004
147,O,oap1,-0.80000001192092896,1.8511408899999999,23.998897752000001,15.672578492
148,O,oap1,-0.80000001192092896,2.1877819660000002,24.498353474999998,22.636193023000001
149,O,oap1,-0.64999997615814209,11.994275529999999,24.689305507,1.7910562409999999
150,O,oap1,-0.80000001192092896,11.110369845999999,24.115290244000001,8.6387608829999998
151,O,oap1,-0.80000001192092896,11.529574632999999,24.340610783999999,15.925581395
152,O,oap1,-0.80000001192092896,11.409684903,24.099994492,22.726589576999999
153,O,oap1,-0.64999997615814209,21.321717885000002,24.545944510999998,2.141007766
154,O,oap1,-0.80000001192092896,20.977143350999999,24.283915846999999,9.0195270839999999
155,O,oap1,-0.80000001192092896,20.649722893,24.219757082000001,15.7319678
156,O,oap1,-0.80000001192092896,20.520665244,24.091659474,22.591113789000001
157,O,oap1,-0.64999997615814209,28.384567135000001,24.625735536000001,2.0798321199999998
158,O,oap1,-0.80000001192092896,30.068125420000001,24.141601965,8.6649637409999993
159,O,oap1,-0.80000001192092896,30.028732823999999,23.873755113000001,15.64283389
160,O,oap1,-0.80000001192092896,30.168871624000001,24.356487925,22.457599743999999
161,O,oap1,-0.64999997615814209,6.0807492810000001,16.025923286000001,1.103061214
162,O,oap1,-0.80000001192092896,6.5384351980000002,15.948042266,8.6343133250000008
163,O,oap1,-0.80000001192092896,6.3438501650000001,15.945197542000001,15.782620046
164,O,oap1,-0.80000001192092896,6.5470116269999998,15.95136435,22.616326883999999
165,O,oap1,-0.64999997615814209,16.506473521,15.603074980000001,2.2025080500000001
166,O,oap1,-0.80000001192092896,16.047779246000001,15.905803637,8.6599043649999992
167,O,oap1,-0.80000001192092896,15.838766819,15.939647462,15.597206438000001
168,O,oap1,-0.80000001192092896,15.923741658000001,15.918438353999999,22.589049523
169,O,oap1,-0.64999997615814209,25.921346319000001,16.910624406,1.861517659
170,O,oap1,-0.80000001192092896,25.717872963000001,16.204641184,8.9114322910000006
171,O,oap1,-0.80000001192092896,25.195035944000001,15.890898826000001,15.65460129
172,O,oap1,-0.80000001192092896,25.377514287,15.964690466,22.728109904
173,O,oap1,-0.64999997615814209,35.282336690999998,16.313155236,2.0505422329999998
174,O,oap1,-0.80000001192092896,34.828203080000002,15.973342818000001,8.7095614379999997
175,O,oap1,-0.80000001192092896,34.91740532,16.026585372,15.748695737
176,O,oap1,-0.80000001192092896,34.681431940000003,16.151985687,22.476787903000002
177,O,oap1,-0.64999997615814209,2.1945215060000001,8.1154138929999995,2.0402591729999999
178,O,oap1,-0.80000001192092896,1.663275837,7.8249139769999996,8.687646075
179,O,oap1,-0.80000001192092896,1.9601413219999999,7.8083051189999999,15.689281955
180,O,oap1,-0.80000001192092896,1.6833662760000001,7.7896698019999997,22.759616697999999
181,O,oap1,-0.64999997615814209,11.382757173,7.5308361000000001,2.1544828549999999
182,O,oap1,-0.80000001192092896,11.019322894,7.6463648370000001,8.7931031849999997
183,O,oap1,-0.80000001192092896,11.184293238,7.7911200569999997,15.644835553
184,O,oap1,-0.80000001192092896,10.868784194,7.9835126110000001,22.590196861999999
185,O,oap1,-0.64999997615814209,22.089611764000001,8.7496081510000003,3.5409938990000001
186,O,oap1,-0.80000001192092896,20.760212714000001,7.892937646,8.9952740290000008
187,O,oap1,-0.80000001192092896,20.805173480000001,8.188647628,15.848265706999999
188,O,oap1,-0.80000001192092896,21.011862064999999,8.0981148160000007,22.966950429000001
189,O,oap1,-0.64999997615814209,29.860785092,7.6974988350000002,1.7051949559999999
190,O,oap1,-0.80000001192092896,30.031983747000002,7.8567245669999997,8.6423555210000007
191,O,oap1,-0.80000001192092896,29.874748246999999,7.9099218049999998,15.622698571000001
192,O,oap1,-0.80000001192092896,29.936424747,7.5876349210000003,22.456785465999999
193,O,oap1,-0.80000001192092896,2.7688363169999999,26.931225553000001,5.1806594019999999
194,O,oap1,-0.80000001192092896,2.6357853489999998,27.121822497,12.150469334
195,O,oap1,-0.80000001192092896,2.8083228610000002,26.874927687,19.219080748
196,O,oap1,-0.75,2.8365197019999999,27.213689939999998,26.104716399000001
197,O,oap1,-0.80000001192092896,12.249388636999999,26.997170799999999,5.4686703300000001
198,O,oap1,-0.80000001192092896,12.129975964,26.924631087000002,12.344620728000001
199,O,oap1,-0.80000001192092896,12.30936719,26.748248061999998,19.369513334000001
200,O,oap1,-0.75,12.536736673,26.132368670999998,28.235088287
201,O,oap1,-0.80000001192092896,21.726953562999999,26.596428313000001,5.417939037
202,O,oap1,-0.80000001192092896,21.686440876999999,26.768290711999999,12.418346434
203,O,oap1,-0.80000001192092896,21.469839001,26.961096574999999,19.318573556
204,O,oap1,-0.75,21.011754581999998,27.039547387999999,26.278114373000001
205,O,oap1,-0.80000001192092896,31.517925379000001,27.061669085999998,5.3963903780000004
206,O,oap1,-0.80000001192092896,31.234284965000001,26.916973026000001,12.245416957
207,O,oap1,-0.80000001192092896,31.072089005999999,27.005661428,19.245532025999999
208,O,oap1,-0.75,32.031016585000003,26.709710797,28.412306965999999
209,O,oap1,-0.80000001192092896,7.5696113919999997,18.718455661,5.3502411690000002
210,O,oap1,-0.80000001192092896,7.3648204460000004,18.686630569999998,12.326017468
211,O,oap1,-0.80000001192092896,7.3380509409999997,18.814212123000001,19.210140157000001
212,O,oap1,-0.75,7.0110096410000002,19.261484760999998,26.025548697000001
213,O,oap1,-0.80000001192092896,16.714446981999998,18.730056464,5.2003105249999999
214,O,oap1,-0.80000001192092896,16.859352765000001,18.844309834000001,12.131023584999999
215,O,oap1,-0.80000001192092896,16.824516193000001,18.740398974000001,19.245972483999999
216,O,oap1,-0.75,16.650479132000001,18.651025722,26.331290572
217,O,oap1,-0.80000001192092896,26.949072580999999,18.657129063999999,5.690086838
218,O,oap1,-0.80000001192092896,26.548968972000001,18.685904385000001,12.330981572000001
219,O,oap1,-0.80000001192092896,26.043427874999999,18.97661574,19.186168756000001
220,O,oap1,-0.75,27.084448863999999,18.127115723999999,27.893879153
221,O,oap1,-0.80000001192092896,35.509209638999998,18.630068093999999,5.2914457639999997
222,O,oap1,-0.80000001192092896,35.509251952,18.754904957000001,12.228451722000001
223,O,oap1,-0.80000001192092896,35.782376493999998,18.686632989,19.169433137999999
224,O,oap1,-0.75,35.272857985999998,19.25100965,26.076072956000001
225,O,oap1,-0.80000001192092896,2.8364980919999998,10.812354928,5.2039489659999996
226,O,oap1,-0.80000001192092896,2.4892793690000001,11.052469439999999,12.004078510999999
227,O,oap1,-0.80000001192092896,2.3163461519999999,10.975745805000001,18.984530119999999
228,O,oap1,-0.75,3.2996385620000002,10.221891405999999,27.976501056
229,O,oap1,-0.80000001192092896,12.019762883,10.703999696,5.2241545829999998
230,O,oap1,-0.80000001192092896,12.135572138000001,10.627968425000001,12.209929300000001
231,O,oap1,-0.80000001192092896,12.249100855,10.610467517,19.218779217000002
232,O,oap1,-0.75,11.900608128,10.680649198999999,26.216941970000001
233,O,oap1,-0.80000001192092896,21.669240465000001,10.420749894,5.4130224609999997
234,O,oap1,-0.80000001192092896,21.716433804000001,10.695759365000001,12.313611758
235,O,oap1,-0.80000001192092896,22.096898611,10.554488502,19.447612505999999
236,O,oap1,-0.75,22.863575147999999,9.4376645979999996,27.299487167999999
237,O,oap1,-0.80000001192092896,30.739752642999999,10.922072231,5.2307027479999997
238,O,oap1,-0.80000001192092896,30.808953238000001,10.886453850000001,12.180303191
239,O,oap1,-0.80000001192092896,30.889230778999998,10.712527259,19.126492907999999
240,O,oap1,-0.75,30.91217529,10.779423107,25.927623077
241,O,oap1,-0.80000001192092896,7.247328274,2.4601138859999998,5.450109866
242,O,oap1,-0.80000001192092896,7.2137076349999996,2.5899193700000001,12.189332767
243,O,oap1,-0.80000001192092896,7.3532977920000002,2.7563951590000002,19.045059773999998
244,O,oap1,-0.75,7.4406865849999999,2.544525594,26.1303895
245,O,oap1,-0.80000001192092896,16.929017127000002,2.4859811939999998,5.229535083
246,O,oap1,-0.80000001192092896,16.976827,2.4462722330000002,12.319900804
247,O,oap1,-0.80000001192092896,17.120463781000002,2.4033971090000001,19.314355431999999
248,O,oap1,-0.75,17.296818304999999,2.382723704,26.554892072000001
249,O,oap1,-0.80000001192092896,26.501733742999999,2.491029792,5.4188394339999997
250,O,oap1,-0.80000001192092896,26.095197293999998,2.6514531200000002,12.16948253
251,O,oap1,-0.80000001192092896,26.069866514000001,2.8167428750000001,19.159464721999999
252,O,oap1,-0.75,27.205017425000001,1.673424115,27.717566186999999
253,O,oap1,-0.80000001192092896,35.992607091000004,2.3122829459999998,5.4020652250000003
254,O,oap1,-0.80000001192092896,35.876293658000002,2.6065926359999998,12.315602026000001
255,O,oap1,-0.80000001192092896,36.113256816000003,2.4459878079999999,19.283857059999999
256,O,oap1,-0.75,35.881672680000001,2.6004739699999999,26.158067636999998
257,O,oap1,-0.80000001192092896,8.8120339629999993,29.891977322999999,5.23493092
258,O,oap1,-0.80000001192092896,8.4559324979999992,30.006805960000001,12.071031632
259,O,oap1,-0.80000001192092896,8.5413527390000006,30.133967373000001,19.150904422
260,O,oap1,-0.75,8.45471094,29.784702935999999,25.677022143999999
261,O,oap1,-0.80000001192092896,18.081828961999999,30.061227664,5.229386732
262,O,oap1,-0.80000001192092896,18.033705251000001,30.168484342999999,12.238650555
263,O,oap1,-0.80000001192092896,18.237254558,30.192966391999999,19.231834129999999
264,O,oap1,-0.75,18.304054684,31.713248743000001,27.610256772
265,O,oap1,-0.80000001192092896,27.482375611999998,30.015329685000001,5.5287285969999997
266,O,oap1,-0.80000001192092896,27.426915640000001,30.010760971,12.162777625
267,O,oap1,-0.80000001192092896,27.602723244,30.099440636000001,19.151894411000001
268,O,oap1,-0.75,28.087247078000001,29.926011357,26.412512280000001
269,O,oap1,-0.80000001192092896,37.026312163999997,30.197458723,5.2786961620000001
270,O,oap1,-0.80000001192092896,36.904334593999998,30.027907382999999,12.231080003000001
271,O,oap1,-0.80000001192092896,36.831975730000003,30.411743934,19.212013969000001
272,O,oap1,-0.75,36.987417424999997,31.053014136000002,28.082872378000001
273,O,oap1,-0.80000001192092896,3.6588642089999999,22.450189259999998,5.3395704750000004
274,O,oap1,-0.80000001192092896,3.7677539929999999,22.351238521999999,12.249486373
275,O,oap1,-0.80000001192092896,4.0671894240000004,22.049866950999998,19.222230754999998
276,O,oap1,-0.75,4.3145735629999997,23.576044484000001,27.341683257
277,O,oap1,-0.80000001192092896,13.334864830000001,22.303540435999999,5.5131032539999998
278,O,oap1,-0.80000001192092896,13.419044164000001,22.375902987,12.332687221
279,O,oap1,-0.80000001192092896,13.32040366,22.200467066000002,19.223079716000001
280,O,oap1,-0.75,13.279955710999999,23.640888132000001,27.168641324999999
281,O,oap1,-0.80000001192092896,22.805008512000001,22.142952381000001,5.3480906109999999
282,O,oap1,-0.80000001192092896,22.704860293999999,22.258536028999998,12.308178227000001
283,O,oap1,-0.80000001192092896,22.840399204000001,22.605321019000002,19.428416966
284,O,oap1,-0.75,22.674729282000001,23.659612009,27.857776317999999
285,O,oap1,-0.80000001192092896,32.258841732999997,22.082488518000002,5.1489823850000001
286,O,oap1,-0.80000001192092896,32.274357848000001,22.013748444000001,12.138539958000001
287,O,oap1,-0.80000001192092896,32.101730283999999,22.325356984999999,19.248406168999999
288,O,oap1,-0.75,32.270511337000002,21.712583466000002,26.096314139
289,O,oap1,-0.80000001192092896,8.4056581640000001,14.344951213,5.214045016
290,O,oap1,-0.80000001192092896,8.6181695410000003,14.069471909000001,12.368572699
291,O,oap1,-0.80000001192092896,8.4709911200000008,13.738696407999999,19.194981055
292,O,oap1,-0.75,8.6342476809999997,13.741084690999999,26.319584816999999
293,O,oap1,-0.80000001192092896,18.044361051999999,14.358271659,6.0168751650000001
294,O,oap1,-0.80000001192092896,18.050371349999999,13.808396406,12.243448847
295,O,oap1,-0.80000001192092896,18.064215469000001,14.105145161999999,19.194896824000001
296,O,oap1,-0.75,17.774470084000001,13.888684485000001,26.286577581
297,O,oap1,-0.80000001192092896,27.354753449,13.628915885,5.3436526110000004
298,O,oap1,-0.80000001192092896,27.417305359,14.081057696,12.297647470999999
299,O,oap1,-0.80000001192092896,27.634044478,13.803552249000001,19.139288830999998
300,O,oap1,-0.75,27.551856517000001,15.051361793,27.964319032999999
301,O,oap1,-0.80000001192092896,36.816440597000003,13.914295342000001,5.3517257459999996
302,O,oap1,-0.80000001192092896,36.821388411000001,13.754643189999999,12.141068977
303,O,oap1,-0.80000001192092896,36.776945937000001,14.171973486000001,19.179760603999998
304,O,oap1,-0.75,37.138334788999998,15.295088563,28.181302299999999
305,O,oap1,-0.80000001192092896,3.9439623770000001,5.8968761970000001,5.2954476179999999
306,O,oap1,-0.80000001192092896,3.830586088,5.8678596540000001,12.187821363999999
307,O,oap1,-0.80000001192092896,3.99176807,5.778517635,19.289934654
308,O,oap1,-0.75,3.6712093270000001,6.6541558910000003,28.097671675000001
309,O,oap1,-0.80000001192092896,13.367874767,5.6821004390000001,5.1536995619999999
310,O,oap1,-0.80000001192092896,13.202895523,5.5686118750000002,12.052236096
311,O,oap1,-0.80000001192092896,13.429876043,5.6011641900000004,19.210139595000001
312,O,oap1,-0.75,13.532951746,5.7036870940000002,26.215345032999998
313,O,oap1,-0.80000001192092896,22.653416796999998,5.8535258319999999,5.3322514700000001
314,O,oap1,-0.80000001192092896,22.840720319999999,5.8306795669999998,12.303851015999999
315,O,oap1,-0.80000001192092896,22.722963824000001,5.9425402649999999,19.375067278
316,O,oap1,-0.75,23.028533273000001,5.8415667149999999,26.075942934
317,O,oap1,-0.80000001192092896,32.136238784,5.7133884459999997,5.2055107459999999
318,O,oap1,-0.80000001192092896,32.256758339000001,5.627137963,12.336138142999999
319,O,oap1,-0.80000001192092896,32.295330958999998,5.6043231990000004,19.183232163
320,O,oap1,-0.75,32.345389898000001,6.4167004529999998,26.419123944999999
321,O,oap1,-0.80000001192092896,7.2941586230000004,25.345668415999999,5.2462203049999996
322,O,oap1,-0.80000001192092896,7.443509358,25.616744302000001,12.192189472000001
323,O,oap1,-0.80000001192092896,7.6965572900000003,25.784750087999999,19.186611631000002
324,O,oap1,-0.75,6.6045053830000002,24.986002373000002,27.977424303999999
325,O,oap1,-0.80000001192092896,17.334220319,25.529246623999999,5.2205666060000002
326,O,oap1,-0.80000001192092896,17.021089589999999,25.516018827,12.253602657
327,O,oap1,-0.80000001192092896,17.067297429,25.514445946999999,19.222311089000002
328,O,oap1,-0.75,16.924969231999999,25.559012788,26.145449505999999
329,O,oap1,-0.80000001192092896,26.010421217000001,25.004644784,5.710336925
330,O,oap1,-0.80000001192092896,26.224071466000002,25.585280526999998,12.23783296
331,O,oap1,-0.80000001192092896,26.215826148000001,25.355462933999998,19.227922955
332,O,oap1,-0.75,26.962693262999998,25.536574680000001,26.094794494999999
333,O,oap1,-0.80000001192092896,35.965655532,25.591133758000002,5.1778664169999997
334,O,oap1,-0.80000001192092896,35.537819521999999,25.729653813999999,12.426572116999999
335,O,oap1,-0.80000001192092896,35.681828557000003,25.501691278999999,19.370370204
336,O,oap1,-0.75,35.596968967000002,24.89730101,28.313097417000002
337,O,oap1,-0.80000001192092896,2.9271756149999999,17.630851679999999,5.2055513040000001
338,O,oap1,-0.80000001192092896,3.0357188490000002,17.455242012999999,12.137488691
339,O,oap1,-0.80000001192092896,2.6747928120000002,17.254065768,19.280230055000001
340,O,oap1,-0.75,2.7525439450000002,17.495266911000002,25.942095204000001
341,O,oap1,-0.80000001192092896,12.536365468,17.208041744999999,5.1191767400000003
342,O,oap1,-0.80000001192092896,12.548970097,17.425028405999999,12.227490132
343,O,oap1,-0.80000001192092896,12.153968946999999,17.442076982,19.225329951999999
344,O,oap1,-0.75,12.840026805999999,17.476169538000001,26.082621629999998
345,O,oap1,-0.80000001192092896,21.708297792,17.368026143000002,5.3027453800000002
346,O,oap1,-0.80000001192092896,21.778049730999999,17.311182090999999,12.08407309
347,O,oap1,-0.80000001192092896,21.467554421999999,17.325344263000002,19.414230947
348,O,oap1,-0.75,22.20683958,17.663578787999999,25.891930772999999
349,O,oap1,-0.80000001192092896,31.300805630999999,17.715015073,5.1603061979999998
350,O,oap1,-0.80000001192092896,30.89948381,17.252167007000001,12.384281436
351,O,oap1,-0.80000001192092896,30.870148190999998,17.262465106000001,19.336839870999999
352,O,oap1,-0.75,31.208457137,17.428080381000001,26.097724939999999
353,O,oap1,-0.80000001192092896,7.6371587539999997,9.4342696680000007,5.4448030259999998
354,O,oap1,-0.80000001192092896,7.6956772009999996,9.3263600639999993,12.219295195999999
355,O,oap1,-0.80000001192092896,7.7380112719999996,9.2978329859999995,19.25635497
356,O,oap1,-0.75,6.3826844229999997,8.8388346850000001,27.770845616999999
357,O,oap1,-0.80000001192092896,17.328637930999999,9.2285733479999994,5.0402424799999999
358,O,oap1,-0.80000001192092896,16.753270412999999,8.9393618099999994,12.241767204
359,O,oap1,-0.80000001192092896,16.999546442,9.5010131599999994,19.222037411999999
360,O,oap1,-0.75,16.126213629999999,8.7850945490000001,27.781370743
361,O,oap1,-0.80000001192092896,25.875274731000001,8.8509732000000003,5.4529276769999999
362,O,oap1,-0.80000001192092896,26.363180740000001,9.1555904600000009,12.382907857999999
363,O,oap1,-0.80000001192092896,26.341732089000001,9.2004546390000002,19.431626823999999
364,O,oap1,-0.75,26.908362431,9.2753118239999992,26.122330813000001
365,O,oap1,-0.80000001192092896,35.711898677999997,8.9820969559999995,5.2458679659999996
366,O,oap1,-0.80000001192092896,36.031718152000003,9.4288351170000002,12.233472812
367,O,oap1,-0.80000001192092896,36.010333336999999,9.2667976329999995,19.148640756999999
368,O,oap1,-0.75,35.898435878999997,9.4068278949999993,26.071608914999999
369,O,oap1,-0.80000001192092896,2.5104999280000002,0.82585233000000002,5.4484190850000003
370,O,oap1,-0.80000001192092896,2.914016846,1.146253432,12.330356334999999
371,O,oap1,-0.80000001192092896,2.7193929080000001,0.911069817,19.297442672999999
372,O,oap1,-0.75,1.5807909170000001,0.50018142300000001,27.822894739999999
373,O,oap1,-0.80000001192092896,11.652733683999999,0.78174706599999999,6.0806511780000001
374,O,oap1,-0.80000001192092896,12.25417457,1.2125608939999999,12.190222724
375,O,oap1,-0.80000001192092896,12.496975697,1.21330794,19.011433357000001
376,O,oap1,-0.75,12.17399116,1.206273256,26.261595453999998
377,O,oap1,-0.80000001192092896,22.060567782,0.856405046,4.8455090749999998
378,O,oap1,-0.80000001192092896,21.811920577999999,1.0827101299999999,12.122828999999999
379,O,oap1,-0.80000001192092896,21.543737852,1.1015852770000001,19.190455413999999
380,O,oap1,-0.75,22.226586987000001,1.174274043,26.027929137000001
381,O,oap1,-0.80000001192092896,30.716021069,1.0117171620000001,5.4069607910000004
382,O,oap1,-0.80000001192092896,31.199010218000002,1.1061455339999999,12.368553164
383,O,oap1,-0.80000001192092896,31.451029692999999,1.3517627299999999,19.265670115999999
384,O,oap1,-0.75,29.986881670999999,0.40054592999999999,27.702701619999999
385,O,oap1,-0.80000001192092896,2.516812974,27.033909193,7.6772042789999997
386,O,oap1,-0.80000001192092896,2.5816099700000001,26.927172895000002,14.698916767
387,O,oap1,-0.80000001192092896,2.645132544,27.007013116,21.723454635
388,O,oap1,-0.64999997615814209,3.703810356,27.262219246000001,28.394405958
389,O,oap1,-0.80000001192092896,12.017192054000001,26.879784696000002,7.832646134
390,O,oap1,-0.80000001192092896,12.018389614,27.003059818000001,14.880011616999999
391,O,oap1,-0.80000001192092896,11.988158968,27.037498763999999,21.790998313999999
392,O,oap1,-0.64999997615814209,11.365317654,28.359792502000001,28.399724319000001
393,O,oap1,-0.80000001192092896,21.655036387999999,27.255310938000001,7.8151337420000004
394,O,oap1,-0.80000001192092896,21.468932792,27.256080791999999,14.857113431
395,O,oap1,-0.80000001192092896,21.701492028000001,27.046068472000002,21.760111868999999
396,O,oap1,-0.64999997615814209,21.489597351,26.698365387999999,28.712481446999998
397,O,oap1,-0.80000001192092896,30.932504245000001,26.911521,7.7063705430000002
398,O,oap1,-0.80000001192092896,30.992622656000002,26.934292007,14.72319231
399,O,oap1,-0.80000001192092896,30.865900101000001,27.057809030000001,21.686545305999999
400,O,oap1,-0.64999997615814209,29.772678233000001,28.067328418999999,28.543641939
401,O,oap1,-0.80000001192092896,7.2307229319999999,18.996650259999999,7.7635803660000002
402,O,oap1,-0.80000001192092896,7.2579595619999999,19.135472352000001,14.776636870999999
403,O,oap1,-0.80000001192092896,7.4488577549999997,18.803987627000001,21.759154992999999
404,O,oap1,-0.64999997615814209,6.8795053429999999,18.466566488000002,28.371723132
405,O,oap1,-0.80000001192092896,16.784632169999998,18.879915514,7.6770870640000002
406,O,oap1,-0.80000001192092896,17.063186063,18.747854433000001,14.622172188
407,O,oap1,-0.80000001192092896,16.809169886999999,18.915416781000001,21.768506622
408,O,oap1,-0.64999997615814209,17.01836484,18.227824561999999,28.745230230000001
409,O,oap1,-0.80000001192092896,26.158445070999999,19.004553689000002,7.9978212600000003
410,O,oap1,-0.80000001192092896,26.252163027000002,19.070971539999999,14.771241835
411,O,oap1,-0.80000001192092896,26.095063999000001,18.814061046999999,21.638122415000002
412,O,oap1,-0.64999997615814209,25.366135224000001,20.008237654999999,28.369909483000001
413,O,oap1,-0.80000001192092896,35.370042406000003,18.925494911000001,7.7505238869999999
414,O,oap1,-0.80000001192092896,35.781474797000001,18.748310549999999,14.643455984999999
415,O,oap1,-0.80000001192092896,35.871725402999999,18.791426704999999,21.702594920999999
416,O,oap1,-0.64999997615814209,36.082460611000002,18.861616732000002,28.468890293000001
417,O,oap1,-0.80000001192092896,2.6890099250000001,10.691468995999999,7.7097200890000002
418,O,oap1,-0.80000001192092896,2.9498622210000001,10.639747191,14.399472898999999
419,O,oap1,-0.80000001192092896,2.8156940810000002,10.497615784000001,21.356863011000002
420,O,oap1,-0.64999997615814209,1.4661420599999999,11.946770374,28.293089804000001
421,O,oap1,-0.80000001192092896,11.956397574,10.707247152000001,7.7440848410000003
422,O,oap1,-0.80000001192092896,12.199584055000001,10.722361112,14.73755397
423,O,oap1,-0.80000001192092896,12.026381647999999,10.725981515999999,21.821609947999999
424,O,oap1,-0.64999997615814209,12.372189858,10.695067313999999,28.719329678000001
425,O,oap1,-0.80000001192092896,21.525497522999999,10.737221144999999,7.750119883
426,O,oap1,-0.80000001192092896,21.418580670000001,10.888303346000001,14.757162312
427,O,oap1,-0.80000001192092896,21.229901645000002,10.946796329,21.768173147999999
428,O,oap1,-0.64999997615814209,23.035301116999999,11.954795685000001,27.447530988
429,O,oap1,-0.80000001192092896,30.887361307999999,10.623291042,7.6365255019999996
430,O,oap1,-0.80000001192092896,31.128295043000001,10.487895225000001,14.582286617999999
431,O,oap1,-0.80000001192092896,31.285378167000001,10.548614898,21.596588213
432,O,oap1,-0.64999997615814209,31.655912706999999,10.592447387,28.328920100000001
433,O,oap1,-0.80000001192092896,7.539188051,2.4880921620000001,7.7580276069999998
434,O,oap1,-0.80000001192092896,7.5052589789999997,2.2457053130000002,14.655517067
435,O,oap1,-0.80000001192092896,7.6250042430000002,2.3997664049999998,21.471591954000001
436,O,oap1,-0.64999997615814209,8.1611739730000004,2.3042266360000001,28.479383706
437,O,oap1,-0.80000001192092896,16.748100973,2.383279173,7.6860432699999999
438,O,oap1,-0.80000001192092896,16.804136242999999,2.539019782,14.713938968000001
439,O,oap1,-0.80000001192092896,16.784022491999998,2.4854152969999999,21.802766547000001
440,O,oap1,-0.64999997615814209,17.272064181000001,2.8318589310000002,28.964956416
441,O,oap1,-0.80000001192092896,26.073025830999999,2.4745391649999999,7.7582033570000002
442,O,oap1,-0.80000001192092896,26.127189749999999,2.5170762089999998,14.662904462
443,O,oap1,-0.80000001192092896,26.054393863000001,2.4387669970000001,21.689673516999999
444,O,oap1,-0.64999997615814209,25.601088447999999,3.3297832459999999,28.582540362
445,O,oap1,-0.80000001192092896,35.365724919999998,2.6618222820000002,7.88845493
446,O,oap1,-0.80000001192092896,35.629683692999997,2.576993104,14.77080226
447,O,oap1,-0.80000001192092896,35.732355556000002,2.5067236049999999,21.753704369000001
448,O,oap1,-0.64999997615814209,36.085899161999997,2.2191965570000001,28.511589141999998
449,O,oap1,-0.80000001192092896,8.6159770850000008,30.690142583,7.5189365260000001
450,O,oap1,-0.80000001192092896,8.5165060229999998,30.725143151000001,14.427564914
451,O,oap1,-0.80000001192092896,8.7857730350000001,30.314723398999998,21.527483381
452,O,oap1,-0.64999997615814209,9.6129264760000002,30.864217391,27.575400814000002
453,O,oap1,-0.80000001192092896,18.330817173,30.021861703999999,7.7501117309999996
454,O,oap1,-0.80000001192092896,18.096556896999999,30.103724195000002,14.667000927
455,O,oap1,-0.80000001192092896,18.181444352,30.177987335000001,21.760898781000002
456,O,oap1,-0.64999997615814209,17.953919285000001,29.357465991000002,28.45617373
457,O,oap1,-0.80000001192092896,27.455554750000001,30.049962587,7.9056673809999998
458,O,oap1,-0.80000001192092896,27.548642335,30.038448161000002,14.672128517000001
459,O,oap1,-0.80000001192092896,27.648681723999999,30.186742503000001,21.639648553000001
460,O,oap1,-0.64999997615814209,27.463337863,30.143807893999998,28.835524246999999
461,O,oap1,-0.80000001192092896,36.853721594,30.100749185000002,7.8059999070000003
462,O,oap1,-0.80000001192092896,36.990087590000002,30.184655196000001,14.770175740000001
463,O,oap1,-0.80000001192092896,36.789424429999997,29.984596642,21.722582462999998
464,O,oap1,-0.64999997615814209,36.907054000999999,28.456349693,28.419869549000001
465,O,oap1,-0.80000001192092896,3.8602135359999998,21.897403185999998,7.7217275340000002
466,O,oap1,-0.80000001192092896,3.7972236829999999,21.839734611000001,14.669888011999999
467,O,oap1,-0.80000001192092896,4.0166064769999998,22.11149915,21.721589557000001
468,O,oap1,-0.64999997615814209,3.3866969010000001,21.633099238,28.542371287999998
469,O,oap1,-0.80000001192092896,13.256571266,21.690838715000002,7.8785668539999998
470,O,oap1,-0.80000001192092896,13.314766211,21.962466904999999,14.697898861000001
471,O,oap1,-0.80000001192092896,13.447100111999999,22.004045859000001,21.631645531
472,O,oap1,-0.64999997615814209,13.632388432000001,21.636454487000002,28.584929680999998
473,O,oap1,-0.80000001192092896,22.824103704999999,21.86009172,7.7980092030000003
474,O,oap1,-0.80000001192092896,22.710346931,21.764400794,14.811997186999999
475,O,oap1,-0.80000001192092896,22.757837405,22.131697225,21.877951853999999
476,O,oap1,-0.64999997615814209,22.124787794,21.370785102999999,28.731913411000001
477,O,oap1,-0.80000001192092896,32.180856818999999,22.200957904999999,7.6363907700000002
478,O,oap1,-0.80000001192092896,32.128538958,21.747274826999998,14.742386412
479,O,oap1,-0.80000001192092896,32.196803049000003,21.929037056999999,21.691718048999999
480,O,oap1,-0.64999997615814209,32.064703633000001,21.971163774000001,28.579202519999999
481,O,oap1,-0.80000001192092896,8.6263843189999996,14.0391745,7.6606802219999999
482,O,oap1,-0.80000001192092896,8.606339127,13.796664416,14.813543794999999
483,O,oap1,-0.80000001192092896,8.4489991599999996,13.624397223000001,21.775839685000001
484,O,oap1,-0.64999997615814209,8.0448724850000009,14.055404095,28.722898619999999
485,O,oap1,-0.80000001192092896,17.413661597000001,13.378112570000001,8.0795235250000008
486,O,oap1,-0.80000001192092896,17.986062133000001,13.679974971,14.771019402
487,O,oap1,-0.80000001192092896,17.888365224000001,14.091535078,21.680003599999999
488,O,oap1,-0.64999997615814209,17.665770602999999,14.123127101,28.713018961
489,O,oap1,-0.80000001192092896,27.424119606000001,14.409104280999999,7.7150204740000001
490,O,oap1,-0.80000001192092896,27.410907968,13.762454371,14.716219257000001
491,O,oap1,-0.80000001192092896,27.448472933000001,13.859860388,21.668809276000001
492,O,oap1,-0.64999997615814209,26.820391125,12.641202634000001,28.317023435999999
493,O,oap1,-0.80000001192092896,36.891561383999999,13.827453626,7.7554387120000001
494,O,oap1,-0.80000001192092896,36.791310410000001,14.212277621,14.514020574
495,O,oap1,-0.80000001192092896,36.797666284000002,13.775374911,21.598664507999999
496,O,oap1,-0.64999997615814209,36.033386245000003,13.205977154999999,29.000808559999999
497,O,oap1,-0.80000001192092896,3.747567798,5.7485950920000004,7.7791167290000001
498,O,oap1,-0.80000001192092896,4.061171485,5.802608931,14.672432922
499,O,oap1,-0.80000001192092896,4.0514615899999997,5.6602690009999996,21.780866117999999
500,O,oap1,-0.64999997615814209,2.806042535,4.2377246829999997,27.984119231000001
501,O,oap1,-0.80000001192092896,13.346618261,5.9606371840000003,7.7166105780000001
502,O,oap1,-0.80000001192092896,13.469291168,5.8519776050000001,14.619944765
503,O,oap1,-0.80000001192092896,13.271941688,5.8609042269999998,21.760901394000001
504,O,oap1,-0.64999997615814209,13.400855075999999,6.0979018610000004,28.644948359000001
505,O,oap1,-0.80000001192092896,22.830128087999999,5.6284561120000003,7.8654158909999996
506,O,oap1,-0.80000001192092896,22.870530102,5.7767338380000002,14.749466147
507,O,oap1,-0.80000001192092896,22.703244185999999,5.5325244639999998,21.844129993999999
508,O,oap1,-0.64999997615814209,23.26200248,6.1360804089999998,28.402971355999998
509,O,oap1,-0.80000001192092896,32.198210830999997,5.8733737780000004,7.6842711789999996
510,O,oap1,-0.80000001192092896,32.261028846000002,5.8394919989999998,14.777170489
511,O,oap1,-0.80000001192092896,32.195471349999998,6.0401014660000003,21.637045214
512,O,oap1,-0.64999997615814209,32.325421335000001,5.7087908609999998,28.90851636
513,O,oap1,-0.80000001192092896,7.8581733539999998,25.653423633999999,7.7768722339999998
514,O,oap1,-0.80000001192092896,7.7163946269999997,25.755515634999998,14.624288592999999
515,O,oap1,-0.80000001192092896,7.4911974399999997,25.461802061,21.598781982999999
516,O,oap1,-0.64999997615814209,8.976915108,26.084507286000001,28.337394281000002
517,O,oap1,-0.80000001192092896,16.625817974,25.124634407999999,7.5839512610000002
518,O,oap1,-0.80000001192092896,17.094880948,25.561614417000001,14.720234789999999
519,O,oap1,-0.80000001192092896,17.011817333,25.696285484000001,21.689895194000002
520,O,oap1,-0.64999997615814209,16.605472450000001,25.493738926999999,28.608237525
521,O,oap1,-0.80000001192092896,26.572455260000002,25.621444182000001,8.0022757200000001
522,O,oap1,-0.80000001192092896,26.468263609000001,25.624367235000001,14.680258728
523,O,oap1,-0.80000001192092896,26.567400983999999,25.595855575000002,21.701948501
524,O,oap1,-0.64999997615814209,26.358737439999999,25.756533617999999,28.452999232
525,O,oap1,-0.80000001192092896,35.429547235000001,25.439478940000001,7.593801139
526,O,oap1,-0.80000001192092896,35.977894962999997,25.511403077000001,14.804247276
527,O,oap1,-0.80000001192092896,35.978028713999997,25.460673119999999,21.830059996999999
528,O,oap1,-0.64999997615814209,38.009246359000002,25.168778166999999,27.770663243000001
529,O,oap1,-0.80000001192092896,3.1284593859999998,17.542235616999999,7.7037444229999998
530,O,oap1,-0.80000001192092896,2.604277776,17.398396502000001,14.603956837
531,O,oap1,-0.80000001192092896,2.8185776709999999,17.505780804,21.681096988
532,O,oap1,-0.64999997615814209,2.031756927,17.347139423000002,28.285176821
533,O,oap1,-0.80000001192092896,12.418708014,17.435038205000001,7.643790772
534,O,oap1,-0.80000001192092896,12.027178678,17.414771210000001,14.694409452
535,O,oap1,-0.80000001192092896,12.28802202,17.537367683999999,21.738279271
536,O,oap1,-0.64999997615814209,13.082210378999999,18.130286492,28.479260113999999
537,O,oap1,-0.80000001192092896,21.482947422999999,17.279896876999999,7.6858557779999996
538,O,oap1,-0.80000001192092896,21.722651288000002,17.444314733999999,14.623744004000001
539,O,oap1,-0.80000001192092896,21.675124574000002,17.329244442,21.87865905
540,O,oap1,-0.64999997615814209,21.210531666000001,17.009092912,28.153195780000001
541,O,oap1,-0.80000001192092896,30.58225049,17.213695787999999,7.4817968260000001
542,O,oap1,-0.80000001192092896,31.291564957999999,17.539868943999998,14.845583768999999
543,O,oap1,-0.80000001192092896,31.096559371000001,17.468567478000001,21.706005677
544,O,oap1,-0.64999997615814209,31.174705445000001,17.273875308000001,28.613752015999999
545,O,oap1,-0.80000001192092896,7.2274724670000001,9.1871297260000002,7.8513392580000003
546,O,oap1,-0.80000001192092896,7.3671325730000001,9.0981155279999992,14.657300237999999
547,O,oap1,-0.80000001192092896,7.6123854350000002,9.3186993010000005,21.792551419999999
548,O,oap1,-0.64999997615814209,8.7311755889999993,9.568984811,28.486783128999999
549,O,oap1,-0.80000001192092896,16.755604836,9.3307964400000003,7.5323741650000002
550,O,oap1,-0.80000001192092896,16.992286120999999,9.2966779679999991,14.745782116999999
551,O,oap1,-0.80000001192092896,17.049443574000001,9.4587949820000006,21.692373726
552,O,oap1,-0.64999997615814209,18.445098297000001,9.6896480169999997,28.228326786
553,O,oap1,-0.80000001192092896,26.485282106,9.2960139309999992,7.865575947
554,O,oap1,-0.80000001192092896,26.736795264000001,9.2798325879999997,14.939212588
555,O,oap1,-0.80000001192092896,26.443836971,9.3697398449999998,21.893104832999999
556,O,oap1,-0.64999997615814209,26.927989881999999,9.7551411189999993,28.477596916
557,O,oap1,-0.80000001192092896,35.423233691999997,9.0736889939999994,7.6650408409999997
558,O,oap1,-0.80000001192092896,35.770126232999999,9.3086000210000002,14.662761703999999
559,O,oap1,-0.80000001192092896,35.386262606000003,8.9352597510000003,21.486439735000001
560,O,oap1,-0.64999997615814209,35.562603209999999,8.8591360760000004,28.608252719999999
561,O,oap1,-0.80000001192092896,3.301155096,1.067060608,7.775590717
562,O,oap1,-0.80000001192092896,2.939120612,1.1116869,14.798340338999999
563,O,oap1,-0.80000001192092896,3.0928781070000002,1.186305811,21.699774847
564,O,oap1,-0.64999997615814209,3.6969305509999999,1.7416953120000001,28.544652905
565,O,oap1,-0.80000001192092896,13.046307706,0.98363582199999999,8.1148719479999993
566,O,oap1,-0.80000001192092896,12.231898479,1.010021957,14.637081195
567,O,oap1,-0.80000001192092896,11.979823192,0.80929522499999995,21.390474163
568,O,oap1,-0.64999997615814209,12.203628942,0.80138140400000002,28.717351146999999
569,O,oap1,-0.80000001192092896,21.522395378999999,1.068943451,7.3849433739999997
570,O,oap1,-0.80000001192092896,21.582740977,1.0221333480000001,14.50187867
571,O,oap1,-0.80000001192092896,21.562670827000002,1.0860951219999999,21.651303489
572,O,oap1,-0.64999997615814209,21.320887665000001,1.050753032,28.329373240999999
573,O,oap1,-0.80000001192092896,31.259420165000002,1.24188327,7.7908792800000004
574,O,oap1,-0.80000001192092896,31.272856643000001,1.345040711,14.851159437
575,O,oap1,-0.80000001192092896,31.368504054999999,1.1232243749999999,21.736029171999999
576,O,oap1,-0.64999997615814209,32.008615628000001,1.4666220139999999,28.655146708
577,O,oap1,-0.75,2.366179163,30.806146520999999,4.2213921259999996
578,O,oap1,-0.80000001192092896,2.2274585029999998,30.743476020999999,11.389233365999999
579,O,oap1,-0.80000001192092896,1.934247037,30.925868990000001,18.222389328999999
580,O,oap1,-0.80000001192092896,1.781635584,30.783568414000001,25.235155106000001
581,O,oap1,-0.75,11.667694342000001,30.619829806999999,4.405255038
582,O,oap1,-0.80000001192092896,11.398464787,30.919687895999999,11.218079967
583,O,oap1,-0.80000001192092896,11.295371906,31.095370728999999,18.053766333999999
584,O,oap1,-0.80000001192092896,10.848466649000001,31.102232904000001,24.787176364
585,O,oap1,-0.75,20.574268043,30.676964835,4.1111200930000003
586,O,oap1,-0.80000001192092896,20.632701182999998,31.068585346999999,11.047883970000001
587,O,oap1,-0.80000001192092896,20.688990229000002,31.044869470999998,18.088917098
588,O,oap1,-0.80000001192092896,21.161872012,30.960779036000002,25.133767125999999
589,O,oap1,-0.75,30.439443539999999,30.984116104000002,4.196724476
590,O,oap1,-0.80000001192092896,30.523409580999999,30.873552541999999,11.356891619000001
591,O,oap1,-0.80000001192092896,30.13590636,31.012234400000001,18.128190051000001
592,O,oap1,-0.80000001192092896,30.184840073,31.177599262000001,25.041195901999998
593,O,oap1,-0.75,7.0462402199999996,22.952122281000001,4.0519489670000004
594,O,oap1,-0.80000001192092896,6.4704285529999996,22.935995151,10.994687513000001
595,O,oap1,-0.80000001192092896,6.8983020970000002,22.948764252,18.086292989
596,O,oap1,-0.80000001192092896,6.6449588290000001,22.860471829000002,25.11505906
597,O,oap1,-0.75,15.546206401999999,23.319022028999999,2.3352756320000001
598,O,oap1,-0.80000001192092896,16.018420390999999,22.771998362000001,11.086166932999999
599,O,oap1,-0.80000001192092896,16.276956256999998,22.690769113999998,18.255970625
600,O,oap1,-0.80000001192092896,16.259904987999999,22.838856825000001,25.213782220999999
601,O,oap1,-0.75,25.835507821,22.419776298999999,4.3859675339999997
602,O,oap1,-0.80000001192092896,25.449522428000002,22.895256695,11.215823206
603,O,oap1,-0.80000001192092896,25.676366527999999,22.817422188999998,18.198478567999999
604,O,oap1,-0.80000001192092896,25.865343201999998,22.698185042999999,25.249423491999998
605,O,oap1,-0.75,33.763599405999997,22.752149651,2.5592098540000001
606,O,oap1,-0.80000001192092896,34.950734181000001,22.918420036000001,11.191845798999999
607,O,oap1,-0.80000001192092896,35.181350322999997,22.812174801000001,18.241905284000001
608,O,oap1,-0.80000001192092896,34.567380768,23.118742320999999,24.697639627000001
609,O,oap1,-0.75,2.0248417949999999,14.662227698000001,4.3559755490000001
610,O,oap1,-0.80000001192092896,2.1369993100000002,14.621805926,11.199533048999999
611,O,oap1,-0.80000001192092896,2.1317523610000002,14.481690506,18.293956779999998
612,O,oap1,-0.80000001192092896,2.2267596059999999,14.355928776000001,25.175484953000002
613,O,oap1,-0.75,11.53271187,14.560558541000001,3.867211492
614,O,oap1,-0.80000001192092896,11.479603212000001,14.606737838000001,11.230348486
615,O,oap1,-0.80000001192092896,11.37037773,14.60177824,18.285260019999999
616,O,oap1,-0.80000001192092896,11.459740483999999,14.659205457000001,25.241743347
617,O,oap1,-0.75,21.499369502,14.704572364000001,4.0603993620000001
618,O,oap1,-0.80000001192092896,20.814560144000001,14.637816076,11.163844066999999
619,O,oap1,-0.80000001192092896,20.676014934000001,14.813620298,17.988356121999999
620,O,oap1,-0.80000001192092896,21.032615058000001,14.536153422,25.069677359
621,O,oap1,-0.75,30.708789300999999,14.671742141999999,4.0403462040000004
622,O,oap1,-0.80000001192092896,30.324358547999999,14.517343001,11.311302336000001
623,O,oap1,-0.80000001192092896,30.386717083000001,14.561679857,18.268011511000001
624,O,oap1,-0.80000001192092896,30.009739525000001,14.535932788,24.970388223
625,O,oap1,-0.75,6.8467975919999997,6.3843306880000004,4.4528819359999998
626,O,oap1,-0.80000001192092896,6.7260606760000003,6.4245781820000003,11.249718097000001
627,O,oap1,-0.80000001192092896,6.8419997050000001,6.1910270870000002,18.293313803
628,O,oap1,-0.80000001192092896,6.4394675440000002,6.5561357149999999,25.14940558
629,O,oap1,-0.75,16.666221881999999,6.1725752920000003,4.4418784999999996
630,O,oap1,-0.80000001192092896,15.892754481000001,6.3421976029999998,11.271947887
631,O,oap1,-0.80000001192092896,16.197600446999999,6.5295766740000003,18.249818114
632,O,oap1,-0.80000001192092896,15.983181778000001,6.7707147179999998,25.061889341000001
633,O,oap1,-0.75,24.586086289000001,6.6730285760000001,2.28512147
634,O,oap1,-0.80000001192092896,25.609361385,6.4889094419999997,11.30314018
635,O,oap1,-0.80000001192092896,25.447640487000001,6.5530256309999997,18.247556766999999
636,O,oap1,-0.80000001192092896,25.746028289000002,6.3940380059999997,25.285396332000001
637,O,oap1,-0.75,35.286145667,6.3089117379999999,4.0492783279999998
638,O,oap1,-0.80000001192092896,34.824923390000002,6.564606994,11.048795403
639,O,oap1,-0.80000001192092896,34.764195657999998,6.5616966899999998,18.009817131999998
640,O,oap1,-0.80000001192092896,34.973041932999998,6.3868284690000001,24.95693326
641,O,oap1,-0.75,5.3568853010000002,27.599165318000001,4.1087833070000004
642,O,oap1,-0.80000001192092896,5.5045924509999997,27.895923213,11.281213683000001
643,O,oap1,-0.80000001192092896,5.7132515320000001,27.803480774000001,18.264949512000001
644,O,oap1,-0.80000001192092896,5.6111597050000004,27.364900541000001,24.936395072
645,O,oap1,-0.75,15.376103880000001,27.997493477999999,4.403260993
646,O,oap1,-0.80000001192092896,14.952912685999999,27.672902972999999,11.351541543
647,O,oap1,-0.80000001192092896,15.05373795,27.900321284,18.345454424
648,O,oap1,-0.80000001192092896,15.011859551000001,27.378346552,25.019009787000002
649,O,oap1,-0.75,24.197601401,26.803395789,4.1113883199999997
650,O,oap1,-0.80000001192092896,24.353741247999999,27.669257289000001,11.178849275999999
651,O,oap1,-0.80000001192092896,24.362429028000001,27.662820034999999,18.196437157999998
652,O,oap1,-0.80000001192092896,24.554010309999999,27.488799237999999,24.988082648999999
653,O,oap1,-0.75,33.554600397000002,26.988504434999999,2.3524103429999998
654,O,oap1,-0.80000001192092896,33.847910913,27.578432123999999,11.275018888
655,O,oap1,-0.80000001192092896,33.761918328,27.559073364,18.291046546
656,O,oap1,-0.80000001192092896,33.900868809999999,27.662254464,25.272501961
657,O,oap1,-0.75,0.38693517599999999,19.737730655,3.9443302359999999
658,O,oap1,-0.80000001192092896,0.845979284,19.466728287999999,11.070251936
659,O,oap1,-0.80000001192092896,0.85267704099999997,19.533323392,18.077542956999999
660,O,oap1,-0.80000001192092896,0.81220932899999998,19.652423092999999,24.98142416
661,O,oap1,-0.75,10.004782884000001,19.860269493000001,4.203015841
662,O,oap1,-0.80000001192092896,10.31279245,19.447936776999999,11.174132004000001
663,O,oap1,-0.80000001192092896,10.074482128,19.514794477999999,18.038114713999999
664,O,oap1,-0.80000001192092896,10.259518149,19.372901434999999,24.894723862999999
665,O,oap1,-0.75,19.937345077,18.405011641000002,2.138429307
666,O,oap1,-0.80000001192092896,19.708634554,19.288974046,11.033629698
667,O,oap1,-0.80000001192092896,19.774282901999999,19.166492130999998,18.055734860000001
668,O,oap1,-0.80000001192092896,19.831172177999999,19.034390492,24.714769406999999
669,O,oap1,-0.75,29.122025600000001,20.102134845999998,4.1950218049999997
670,O,oap1,-0.80000001192092896,29.274711387,19.571736511000001,11.258653376
671,O,oap1,-0.80000001192092896,29.020548207000001,19.255356514999999,18.089777446999999
672,O,oap1,-0.80000001192092896,29.032983646000002,19.500477995000001,25.149789297000002
673,O,oap1,-0.75,5.3103482319999999,11.780191705,4.399910706
674,O,oap1,-0.80000001192092896,5.6120300060000003,11.305301704,11.291174044
675,O,oap1,-0.80000001192092896,5.3327686160000001,11.385694126000001,18.187541245999999
676,O,oap1,-0.80000001192092896,5.2031845670000001,11.284480997999999,25.141961508000001
677,O,oap1,-0.75,14.796234549999999,11.240558552,4.055038862
678,O,oap1,-0.80000001192092896,14.913976162000001,11.000208538000001,11.141565099999999
679,O,oap1,-0.80000001192092896,14.991807132,11.277755256000001,18.048859234999998
680,O,oap1,-0.80000001192092896,15.17094337,10.960754064,24.831844363999998
681,O,oap1,-0.75,24.436573209999999,11.581161818,4.4519149169999999
682,O,oap1,-0.80000001192092896,24.394653699999999,11.601649748,11.266027934
683,O,oap1,-0.80000001192092896,24.538712625999999,11.204156672,18.166897279000001
684,O,oap1,-0.80000001192092896,24.415293034000001,11.648689395,25.431508260000001
685,O,oap1,-0.75,33.698501942999997,10.013598017,2.121602373
686,O,oap1,-0.80000001192092896,33.856267752000001,11.298901582999999,11.175902993999999
687,O,oap1,-0.80000001192092896,33.659192969000003,11.338284676000001,18.099538548999998
688,O,oap1,-0.80000001192092896,33.725098144,11.452770508,25.074372847999999
689,O,oap1,-0.75,0.73416373199999996,1.7886092570000001,2.5554630010000001
690,O,oap1,-0.80000001192092896,0.73994740800000003,3.230531059,11.245088794999999
691,O,oap1,-0.80000001192092896,0.87153352299999998,3.1607898809999999,18.298345260000001
692,O,oap1,-0.80000001192092896,0.94549411000000005,3.1340163890000001,25.285747688000001
693,O,oap1,-0.75,9.9881552060000001,3.307312789,4.2870923750000003
694,O,oap1,-0.80000001192092896,10.34268894,3.2917837410000002,11.280364929999999
695,O,oap1,-0.80000001192092896,10.290297857000001,3.0242026759999998,18.159067797999999
696,O,oap1,-0.80000001192092896,10.367068607,2.8904912199999999,25.219753416
697,O,oap1,-0.75,19.411463577999999,3.686871826,4.1238109410000003
698,O,oap1,-0.80000001192092896,19.578339604,3.064807284,11.127690663999999
699,O,oap1,-0.80000001192092896,19.603355392000001,3.2968994949999999,18.204532932999999
700,O,oap1,-0.80000001192092896,19.759616379000001,3.3940556179999999,25.128958259000001
701,O,oap1,-0.75,28.985130047999998,3.5941849079999999,4.2080698669999999
702,O,oap1,-0.80000001192092896,29.182831937,3.4774215690000001,11.449212958
703,O,oap1,-0.80000001192092896,29.098508325000001,3.097994914,18.282972857000001
704,O,oap1,-0.80000001192092896,29.235249510999999,2.5497726979999999,25.061067616999999
705,O,oap1,-0.75,7.2044590980000001,32.923526277999997,2.0683904019999999
706,O,oap1,-0.80000001192092896,6.6786756409999999,32.373565003000003,11.167519038
707,O,oap1,-0.80000001192092896,6.7088341189999996,32.366933656999997,18.125966585
708,O,oap1,-0.80000001192092896,6.7879290489999997,32.50962243,25.000722466999999
709,O,oap1,-0.75,16.777973832000001,32.851654713000002,2.2821354500000002
710,O,oap1,-0.80000001192092896,16.322240942000001,32.496884096999999,11.193907861
711,O,oap1,-0.80000001192092896,16.061861010000001,32.272554747000001,18.122456533000001
712,O,oap1,-0.80000001192092896,16.089309733,32.373221282999999,25.109295042999999
713,O,oap1,-0.75,25.393220878000001,32.389186113999997,4.3446792150000002
714,O,oap1,-0.80000001192092896,25.289961672,32.427406025000003,11.276523555000001
715,O,oap1,-0.80000001192092896,25.611466649,32.490899433999999,18.206961951
716,O,oap1,-0.80000001192092896,26.008771532000001,32.625170377000003,25.015414688
717,O,oap1,-0.75,34.598202141999998,31.913531806999998,4.0601581339999999
718,O,oap1,-0.80000001192092896,34.812388488000003,32.271173939000001,11.261194437
719,O,oap1,-0.80000001192092896,34.940219450999997,32.278924648999997,18.309051209
720,O,oap1,-0.80000001192092896,34.997069946000003,32.298247142999998,25.294738201000001
721,O,oap1,-0.75,1.222884383,24.380878677999998,4.5108318629999999
722,O,oap1,-0.80000001192092896,1.7604182799999999,24.304087107000001,11.209047248999999
723,O,oap1,-0.80000001192092896,2.0705947660000001,24.375263461999999,18.115421537
724,O,oap1,-0.80000001192092896,2.3469019819999999,24.607155513999999,25.039294643000002
725,O,oap1,-0.75,11.232747851999999,24.306214546,4.1872075930000001
726,O,oap1,-0.80000001192092896,11.292602491,24.047953502999999,11.171740065
727,O,oap1,-0.80000001192092896,11.101313288,24.064984795000001,18.351548086000001
728,O,oap1,-0.80000001192092896,11.315696922000001,24.228234642,25.226679677
729,O,oap1,-0.75,20.527517315000001,24.193455015000001,4.4672080879999996
730,O,oap1,-0.80000001192092896,20.250304058000001,24.049132823000001,11.358704020999999
731,O,oap1,-0.80000001192092896,20.696116222000001,24.131077185999999,18.283073079000001
732,O,oap1,-0.80000001192092896,21.101150479000001,24.499236969999998,24.91042603
733,O,oap1,-0.75,30.966764991000002,24.968449637999999,2.2529999429999998
734,O,oap1,-0.80000001192092896,30.345121964000001,24.369244897000002,11.122300971
735,O,oap1,-0.80000001192092896,30.186335328999998,24.146234879000001,18.047370397000002
736,O,oap1,-0.80000001192092896,30.770449431999999,24.570278924,24.767698335999999
737,O,oap1,-0.75,8.0741924909999998,16.664524285999999,2.4969651009999998
738,O,oap1,-0.80000001192092896,6.5122226980000004,15.918529927,11.120622507
739,O,oap1,-0.80000001192092896,6.4805858020000002,15.982302763,18.164493389
740,O,oap1,-0.80000001192092896,6.3723769939999997,15.962066028000001,25.095152449
741,O,oap1,-0.75,15.471943445000001,15.794891535,4.4518932629999997
742,O,oap1,-0.80000001192092896,15.903331789999999,15.905198757000001,11.215575698
743,O,oap1,-0.80000001192092896,16.139412981,16.049359825,18.070501725
744,O,oap1,-0.80000001192092896,15.860979741,16.166165992,25.061452043999999
745,O,oap1,-0.75,25.791500770999999,16.243204507000002,4.3308310380000004
746,O,oap1,-0.80000001192092896,25.234087974000001,15.816352520000001,11.283312454000001
747,O,oap1,-0.80000001192092896,25.427676068,16.140940658000002,18.165421698999999
748,O,oap1,-0.80000001192092896,25.474523279,16.350936297000001,25.214912288000001
749,O,oap1,-0.75,34.579406624000001,15.780825745,4.3753014139999999
750,O,oap1,-0.80000001192092896,34.753849471999999,15.904755923,11.183807282
751,O,oap1,-0.80000001192092896,34.765278809999998,16.008812742,18.230281945000002
752,O,oap1,-0.80000001192092896,34.974788209000003,16.042762177,24.859340530000001
753,O,oap1,-0.75,1.850024785,7.7623130759999999,4.3998769129999999
754,O,oap1,-0.80000001192092896,1.928985712,8.1060951229999993,11.086261435999999
755,O,oap1,-0.80000001192092896,1.7547918259999999,7.7403937689999998,18.154412530999998
756,O,oap1,-0.80000001192092896,2.115001575,8.3153525140000006,25.169675164000001
757,O,oap1,-0.75,10.918441067,8.1255109359999995,4.5564395659999999
758,O,oap1,-0.80000001192092896,11.330049269,8.0091751779999996,11.253952261
759,O,oap1,-0.80000001192092896,11.294253886,7.858990049,18.204978309000001
760,O,oap1,-0.80000001192092896,11.351813076999999,7.9066569519999996,24.932057985
761,O,oap1,-0.75,20.101376076000001,7.7826227279999998,4.6984887510000002
762,O,oap1,-0.80000001192092896,20.442838213000002,7.8917034729999997,11.392945191000001
763,O,oap1,-0.80000001192092896,20.639268912999999,7.7760252569999997,18.367569579000001
764,O,oap1,-0.80000001192092896,20.505522488,8.1663630680000008,25.401677799000002
765,O,oap1,-0.75,30.317841016999999,8.1472142759999997,4.0870734530000004
766,O,oap1,-0.80000001192092896,30.264394247999999,7.9827644839999996,11.122539513
767,O,oap1,-0.80000001192092896,30.342725831999999,7.8876228490000004,18.019355069
768,O,oap1,-0.80000001192092896,30.24655636,7.890388787,24.93536757
769,Ca,ca+h,1.5,0.088233613000000002,27.687463556000001,8.2942622040000007
770,Ca,ca+h,1.5,-0.138262361,27.522535943000001,15.144785039
771,Ca,ca+h,1.5,0.073558448999999998,27.590300081999999,22.094501114
772,Ca,ca+h,1.5,9.430760866,27.557257998000001,8.2142419180000008
773,Ca,ca+h,1.5,9.4403312970000002,27.555272347999999,15.220991631
774,Ca,ca+h,1.5,9.5034718419999997,27.507060038999999,21.957263535999999
775,Ca,ca+h,1.5,18.980218764,27.652776229000001,8.2955169899999994
776,Ca,ca+h,1.5,18.931732782000001,27.504252703999999,15.168752034000001
777,Ca,ca+h,1.5,18.956929303999999,27.664605082000001,22.273686554000001
778,Ca,ca+h,1.5,28.263009471,27.632897317000001,8.2226239220000004
779,Ca,ca+h,1.5,28.270397637999999,27.498181913,15.160850695000001
780,Ca,ca+h,1.5,28.413985867000001,27.529999058000001,22.015695417
781,Ca,ca+h,1.5,4.7616657910000004,19.547779854000002,8.0397030029999996
782,Ca,ca+h,1.5,4.7469887230000003,19.629331218000001,15.224588622000001
783,Ca,ca+h,1.5,4.830222837,19.507702449,22.142666711
784,Ca,ca+h,1.5,14.253217855000001,19.221270673999999,8.0312889349999992
785,Ca,ca+h,1.5,13.976337492000001,19.57962852,15.286611679
786,Ca,ca+h,1.5,14.056372773,19.375230831,22.036556741999998
787,Ca,ca+h,1.5,23.70816262,19.562564019,8.1241713030000007
788,Ca,ca+h,1.5,23.713782945999998,19.524236708,15.168146053999999
789,Ca,ca+h,1.5,23.624665949000001,19.620614066000002,22.160731265999999
790,Ca,ca+h,1.5,33.004837322999997,19.533335037000001,8.2632975450000004
791,Ca,ca+h,1.5,32.915025763000003,19.463601336,15.143889210999999
792,Ca,ca+h,1.5,32.900079605000002,19.580098386,22.157610678000001
793,Ca,ca+h,1.5,-0.087888279999999999,11.460635572999999,8.2129536139999999
794,Ca,ca+h,1.5,0.073334279000000002,11.16170881,15.187950668999999
795,Ca,ca+h,1.5,-0.107982535,11.565512332000001,22.213421609000001
796,Ca,ca+h,1.5,9.4815758379999995,11.485306118,8.2531248880000003
797,Ca,ca+h,1.5,9.2864183649999994,11.364475349999999,15.187888235999999
798,Ca,ca+h,1.5,9.3092102160000003,11.259811168000001,22.171906970999999
799,Ca,ca+h,1.5,18.832205637000001,11.385330642,8.0334549820000003
800,Ca,ca+h,1.5,18.872071192,11.174503334000001,15.225210772000001
801,Ca,ca+h,1.5,18.728486246999999,11.278395675000001,22.225267782
802,Ca,ca+h,1.5,28.143574441999998,11.298646449,8.1391515729999995
803,Ca,ca+h,1.5,28.232182064,11.301817678999999,15.279302926
804,Ca,ca+h,1.5,28.110488626999999,11.289197011000001,22.065321216000001
805,Ca,ca+h,1.5,4.5835018459999999,3.124363228,8.2342787879999992
806,Ca,ca+h,1.5,4.6467203169999998,3.0626720669999998,15.341789050999999
807,Ca,ca+h,1.5,4.763415588,3.0601500189999999,22.182223611000001
808,Ca,ca+h,1.5,14.262433005,2.9852049269999998,8.2407811679999998
809,Ca,ca+h,1.5,14.283621595,3.246149086,15.177701058
810,Ca,ca+h,1.5,14.303357803000001,3.0942793019999999,22.265475510000002
811,Ca,ca+h,1.5,23.558229116,3.162909526,8.0094063359999996
812,Ca,ca+h,1.5,23.505626502999998,3.239349679,15.211885802999999
813,Ca,ca+h,1.5,23.555092738999999,3.1341278209999999,22.206983653000002
814,Ca,ca+h,1.5,32.880560463000002,3.1631133650000001,8.1965632260000003
815,Ca,ca+h,1.5,32.975133792000001,3.1243675299999998,15.164283401
816,Ca,ca+h,1.5,33.221910287,3.0713429840000002,22.166949534
817,Ca,ca+h,1.5,4.6996672080000002,30.064050054999999,4.7064182170000004
818,Ca,ca+h,1.5,4.5559140789999999,30.114142920999999,11.80931103
819,Ca,ca+h,1.5,4.7330261739999999,30.318352923999999,18.788104346000001
820,Ca,ca+h,1.5,5.5488321789999997,30.822611477999999,26.482531859000002
821,Ca,ca+h,1.5,13.984965260999999,30.092643944999999,4.8329222600000001
822,Ca,ca+h,1.5,14.105475720999999,30.081150687000001,11.774897316000001
823,Ca,ca+h,1.5,14.282485498,30.314412977,18.652266151999999
824,Ca,ca+h,1.5,14.369814662,29.980646239999999,26.003579745
825,Ca,ca+h,1.5,24.104253587999999,30.286092954000001,4.4693678669999999
826,Ca,ca+h,1.5,23.568961519999998,30.374799199000002,11.749003554
827,Ca,ca+h,1.5,23.575378709999999,30.350141359999999,18.779236568000002
828,Ca,ca+h,1.5,23.668070141000001,29.853519629000001,25.925347209000002
829,Ca,ca+h,1.5,32.696902737000002,30.459765350000001,4.7993683110000003
830,Ca,ca+h,1.5,32.985544232000002,30.419358588000001,11.792123487
831,Ca,ca+h,1.5,33.240543617999997,30.250421293999999,18.724325902
832,Ca,ca+h,1.5,33.340037914,30.368373338000001,25.96324598
833,Ca,ca+h,1.5,0.084231494000000004,22.113923721999999,4.7586667619999998
834,Ca,ca+h,1.5,-0.040522638999999999,22.383338363,11.595023132
835,Ca,ca+h,1.5,0.051297308999999999,22.233840002000001,18.602060011999999
836,Ca,ca+h,1.5,0.38791070799999999,21.877441788999999,25.763899049999999
837,Ca,ca+h,1.5,9.5653356439999992,22.281254643,4.4543820790000002
838,Ca,ca+h,1.5,9.5531332360000007,22.171578454999999,11.760334803999999
839,Ca,ca+h,1.5,9.4588682120000005,22.222895294000001,18.686958348000001
840,Ca,ca+h,1.5,11.060067911000001,24.575326237999999,27.56811699
841,Ca,ca+h,1.5,18.976997346000001,22.154620591,4.7228145149999996
842,Ca,ca+h,1.5,18.900429479,22.074813989999999,11.730138146
843,Ca,ca+h,1.5,18.839218468999999,22.330222497000001,18.834331217999999
844,Ca,ca+h,1.5,18.522591225999999,22.004240060000001,26.154455995999999
845,Ca,ca+h,1.5,28.159216205,22.234141732000001,4.8305147499999999
846,Ca,ca+h,1.5,28.417098348,22.215982579999999,11.830163539999999
847,Ca,ca+h,1.5,28.076747577999999,22.362609082999999,18.661433919
848,Ca,ca+h,1.5,28.162612550999999,22.043685777,25.870604607000001
849,Ca,ca+h,1.5,4.4354253740000003,14.083529179999999,4.8138248140000002
850,Ca,ca+h,1.5,4.7043931560000001,14.069762142,11.697689988
851,Ca,ca+h,1.5,4.5618797779999998,14.061607081,18.594715583999999
852,Ca,ca+h,1.5,4.5838884870000003,14.386871543,25.706428838000001
853,Ca,ca+h,1.5,14.053541302999999,13.932957288000001,4.5834198720000003
854,Ca,ca+h,1.5,14.045568441,14.057538871,11.72911058
855,Ca,ca+h,1.5,14.055786489999999,14.091056728,18.716723636000001
856,Ca,ca+h,1.5,13.905009552999999,14.48792686,25.958120685000001
857,Ca,ca+h,1.5,23.710969322,13.910923156999999,4.5576809569999996
858,Ca,ca+h,1.5,23.484997059000001,14.066671353,11.735325637000001
859,Ca,ca+h,1.5,23.586810309000001,14.071271425999999,18.806843101999998
860,Ca,ca+h,1.5,23.258593227999999,13.988839565999999,25.716929674999999
861,Ca,ca+h,1.5,33.088039670000001,13.739176111000001,4.5770667270000001
862,Ca,ca+h,1.5,32.855796886,13.973983011,11.621734307000001
863,Ca,ca+h,1.5,32.946843270000002,14.047215534999999,18.580178219
864,Ca,ca+h,1.5,33.217563702,13.950463101,25.641061615999998
865,Ca,ca+h,1.5,-0.040599179999999999,5.8597102129999996,4.6901854219999999
866,Ca,ca+h,1.5,-0.013988220000000001,5.713021339,11.768960312000001
867,Ca,ca+h,1.5,0.25744931300000001,5.8502502390000002,18.782086948
868,Ca,ca+h,1.5,-0.48091985599999998,5.7120567370000002,25.896140006
869,Ca,ca+h,1.5,9.2428032879999993,6.1312275989999998,4.6654863049999999
870,Ca,ca+h,1.5,9.5561368770000001,5.7881768940000002,11.70113845
871,Ca,ca+h,1.5,9.3360283339999999,5.8862455369999998,18.572730419999999
872,Ca,ca+h,1.5,9.4861418789999998,6.1500155760000004,25.907840358000001
873,Ca,ca+h,1.5,18.947056829000001,5.7593222620000004,4.9025487720000003
874,Ca,ca+h,1.5,18.857111049,5.9378185969999997,11.821079028
875,Ca,ca+h,1.5,18.945825243000002,5.9819251280000003,18.747244938000001
876,Ca,ca+h,1.5,19.286294707,5.7763315530000003,25.777336454
877,Ca,ca+h,1.5,28.313166750000001,5.7761224169999998,4.7338933939999999
878,Ca,ca+h,1.5,28.062840379000001,5.8127095710000001,11.755240923000001
879,Ca,ca+h,1.5,28.212548793,5.8755867070000001,18.826442588999999
880,Ca,ca+h,1.5,28.292898139999998,6.0562707930000004,25.956862464
881,Ca,ca+h,1.5,4.7706662350000002,30.325940713000001,8.1984439140000003
882,Ca,ca+h,1.5,4.6786063599999999,30.418205138000001,15.310379428999999
883,Ca,ca+h,1.5,4.8209343609999999,30.130248167000001,22.308570634999999
884,Ca,ca+h,1.5,14.292917419,30.306351508999999,8.3564714660000003
885,Ca,ca+h,1.5,14.030345970000001,30.494269056,15.186017839
886,Ca,ca+h,1.5,14.040198229,30.229898134999999,22.278678244000002
887,Ca,ca+h,1.5,23.381766385999999,30.156841313000001,8.1050712409999992
888,Ca,ca+h,1.5,23.634675637000001,30.236842704000001,15.156748158999999
889,Ca,ca+h,1.5,23.623542536999999,30.202992532,22.362180588000001
890,Ca,ca+h,1.5,33.116520227999999,30.424236054000001,8.3199658260000007
891,Ca,ca+h,1.5,32.970992856999999,30.278723766999999,15.316771127000001
892,Ca,ca+h,1.5,33.100143043999999,30.540746772999999,22.267365412
893,Ca,ca+h,1.5,-0.129060125,22.248044819,8.2248381140000006
894,Ca,ca+h,1.5,-0.036759304,22.141026960000001,15.227323609000001
895,Ca,ca+h,1.5,0.035089295,22.141032419999998,22.089088117999999
896,Ca,ca+h,1.5,9.3343020150000005,22.221041222,8.2648203040000006
897,Ca,ca+h,1.5,9.4108277299999994,22.092608152,15.196144094999999
898,Ca,ca+h,1.5,9.4673572230000005,22.047312246000001,22.210170226999999
899,Ca,ca+h,1.5,18.707458319000001,21.904045696000001,8.2230144959999993
900,Ca,ca+h,1.5,18.860006976000001,22.084696059999999,15.185116433999999
901,Ca,ca+h,1.5,18.902660453999999,22.220641786000002,22.462390777
902,Ca,ca+h,1.5,28.278343315000001,22.255846061,8.443313066
903,Ca,ca+h,1.5,28.323977161999998,22.088976213999999,15.298691946
904,Ca,ca+h,1.5,28.413140593000001,22.261875677999999,22.325030072000001
905,Ca,ca+h,1.5,4.5849518099999997,14.016303655,8.2236139539999993
906,Ca,ca+h,1.5,4.7619047730000004,14.022853011,15.10797054
907,Ca,ca+h,1.5,4.7305602579999997,13.934608791,22.095335816999999
908,Ca,ca+h,1.5,14.328344852000001,13.939276490999999,8.1577750679999994
909,Ca,ca+h,1.5,14.167023478999999,14.076990021,15.244561059
910,Ca,ca+h,1.5,14.127919629999999,14.182285608999999,22.163397782000001
911,Ca,ca+h,1.5,23.509286825,13.893652504,8.2081252080000002
912,Ca,ca+h,1.5,23.51104329,13.987989924000001,15.259745126
913,Ca,ca+h,1.5,23.590242113999999,14.18669899,22.267945084000001
914,Ca,ca+h,1.5,32.807334253000001,14.120477378,8.1252708479999995
915,Ca,ca+h,1.5,33.120239886999997,13.990502782,15.163260106999999
916,Ca,ca+h,1.5,33.152575003000003,14.063839238,22.131895077999999
917,Ca,ca+h,1.5,-0.016434845,5.7778434860000001,8.3036400960000005
918,Ca,ca+h,1.5,-0.078617136000000004,5.83816413,15.269307637000001
919,Ca,ca+h,1.5,0.14173105499999999,5.8690953810000002,22.334762335000001
920,Ca,ca+h,1.5,9.330637201,5.8702567669999999,8.1706493229999992
921,Ca,ca+h,1.5,9.4527431069999999,5.7682931919999998,15.139733254999999
922,Ca,ca+h,1.5,9.4061243650000002,6.0224294140000003,22.304111265
923,Ca,ca+h,1.5,18.851213406999999,5.8612762729999996,8.4066490349999992
924,Ca,ca+h,1.5,18.803405092999999,5.9175220350000002,15.33172922
925,Ca,ca+h,1.5,18.785735687999999,5.85843165,22.321027017999999
926,Ca,ca+h,1.5,28.344082422,5.9459485289999998,8.2999501589999998
927,Ca,ca+h,1.5,28.312898833999999,5.9795087880000004,15.357157599000001
928,Ca,ca+h,1.5,28.400869591999999,5.7900227089999996,22.248836854
929,Ca,ca+h,1.5,0.067757690999999995,27.554502039999999,4.6768836760000001
930,Ca,ca+h,1.5,0.024347015,27.590040864999999,11.677158708
931,Ca,ca+h,1.5,0.076284400000000002,27.502241613999999,18.623264760000001
932,Ca,ca+h,1.5,0.396450682,27.512217631999999,25.691249781
933,Ca,ca+h,1.5,10.090045054999999,27.980101202,4.293043806
934,Ca,ca+h,1.5,9.4019170830000007,27.606653101999999,11.727608399999999
935,Ca,ca+h,1.5,9.2139002259999998,27.622885321999998,18.603600788000001
936,Ca,ca+h,1.5,9.2084002090000006,27.596748007999999,25.316765811
937,Ca,ca+h,1.5,18.766668523,27.866971432,4.4670072440000004
938,Ca,ca+h,1.5,18.695271459000001,27.583316494999998,11.865080840999999
939,Ca,ca+h,1.5,18.943140305,27.485725555999998,18.865959878999998
940,Ca,ca+h,1.5,18.853531706999998,27.728616373000001,25.642560963000001
941,Ca,ca+h,1.5,27.963622855000001,27.833719504000001,4.5378128760000003
942,Ca,ca+h,1.5,28.162887086000001,27.692534333000001,11.591956077000001
943,Ca,ca+h,1.5,28.371529126999999,27.661482909,18.590432027999999
944,Ca,ca+h,1.5,28.274554769000002,27.533791934,25.566985368000001
945,Ca,ca+h,1.5,4.5811130020000004,19.181330335999998,4.4151169870000002
946,Ca,ca+h,1.5,4.5491724180000004,19.489333401,11.612879503
947,Ca,ca+h,1.5,4.8549005239999996,19.560943424000001,18.841372513
948,Ca,ca+h,1.5,4.456557578,19.409074046000001,25.697982358000001
949,Ca,ca+h,1.5,14.379970815,19.200747062000001,4.5251434770000003
950,Ca,ca+h,1.5,14.080968566999999,19.222357544000001,11.572075878
951,Ca,ca+h,1.5,14.20837266,19.358863213999999,18.660823083
952,Ca,ca+h,1.5,14.237711456,19.439664054000001,25.602214382
953,Ca,ca+h,1.5,23.918660385999999,20.117194681000001,4.2763640809999997
954,Ca,ca+h,1.5,23.442170758,19.418537426,11.592707964000001
955,Ca,ca+h,1.5,23.568888738999998,19.336458476000001,18.642281033
956,Ca,ca+h,1.5,23.637121955000001,19.529469615,25.707313832000001
957,Ca,ca+h,1.5,32.84135491,19.602087179000002,4.6192054520000001
958,Ca,ca+h,1.5,33.070682806999997,19.342147299000001,11.679827974
959,Ca,ca+h,1.5,32.840346173,19.462544918999999,18.719993392999999
960,Ca,ca+h,1.5,32.871999483000003,19.404765824999998,25.818909237
961,Ca,ca+h,1.5,-0.104668662,11.581800981000001,4.6216027090000003
962,Ca,ca+h,1.5,-0.056815891,11.384482646,11.742147851
963,Ca,ca+h,1.5,-0.058963199000000001,11.311276868,18.621034507000001
964,Ca,ca+h,1.5,-0.31616040400000001,11.221608928,25.612177264
965,Ca,ca+h,1.5,9.4029930359999998,10.947561835,4.6015208420000002
966,Ca,ca+h,1.5,9.4534497599999998,11.125588370999999,11.780374398999999
967,Ca,ca+h,1.5,9.2463039049999995,11.255386794,18.723103254000002
968,Ca,ca+h,1.5,9.4859472119999992,11.404338512000001,25.869463454000002
969,Ca,ca+h,1.5,19.071439244,11.104385481,4.6118306330000003
970,Ca,ca+h,1.5,18.763379393000001,11.146640418,11.6603683
971,Ca,ca+h,1.5,18.782752643999999,11.437444749000001,18.643102638999999
972,Ca,ca+h,1.5,19.005093894000002,11.636924823999999,25.563260081999999
973,Ca,ca+h,1.5,28.236919199999999,11.507352985000001,4.500927688
974,Ca,ca+h,1.5,28.234997008000001,11.056108088,11.643049713
975,Ca,ca+h,1.5,28.428625383,11.239719152999999,18.754025691999999
976,Ca,ca+h,1.5,28.492920832999999,11.123480036,25.588710212999999
977,Ca,ca+h,1.5,4.935300582,3.4930125790000002,4.3843576720000002
978,Ca,ca+h,1.5,4.7204883400000002,3.0460345680000001,11.851056976000001
979,Ca,ca+h,1.5,4.9503654829999997,3.2118529809999998,18.751911611000001
980,Ca,ca+h,1.5,5.0126878100000001,3.0011048470000001,25.660046019999999
981,Ca,ca+h,1.5,14.036440876,3.376305667,4.6488854259999997
982,Ca,ca+h,1.5,14.199388763,3.0937858559999998,11.75835283
983,Ca,ca+h,1.5,14.191759639000001,3.1196903520000001,18.704558170999999
984,Ca,ca+h,1.5,13.954432519999999,3.2817952109999999,25.806314385
985,Ca,ca+h,1.5,23.911943686000001,2.2109646469999999,4.0062499730000001
986,Ca,ca+h,1.5,23.653779314000001,3.1617599329999999,11.737781740000001
987,Ca,ca+h,1.5,23.590119829999999,3.1491673590000002,18.725570768000001
988,Ca,ca+h,1.5,23.427463802999998,3.171391184,25.732557345
989,Ca,ca+h,1.5,32.708087585000001,3.385226286,4.4959626269999999
990,Ca,ca+h,1.5,33.080011503999998,3.1925145979999998,11.735871810000001
991,Ca,ca+h,1.5,32.944615134999999,3.1570654619999998,18.688023839
992,Ca,ca+h,1.5,33.118169272999999,3.3686578740000002,25.585778554000001
993,Ca,ca+h,1.5,2.9353944410000001,33.120742921000002,3.1857627339999999
994,Ca,ca+h,1.5,2.3617310759999999,33.178237019000001,10.09290109
995,Ca,ca+h,1.5,2.3764112540000002,33.160746758999998,16.993150693
996,Ca,ca+h,1.5,2.4606659720000001,33.083094064000001,23.891203119
997,Ca,ca+h,1.5,11.958597893,33.110665748000002,10.078131119
998,Ca,ca+h,1.5,11.796017686000001,33.205069358999999,16.858241901
999,Ca,ca+h,1.5,11.732618089000001,33.085644946000002,23.906736947999999
1000,Ca,ca+h,1.5,21.225976019000001,33.141958692000003,9.8048295660000004
1001,Ca,ca+h,1.5,21.183393355,33.112153268,16.891746694999998
1002,Ca,ca+h,1.5,21.480408995000001,33.090852877000003,23.975733674000001
1003,Ca,ca+h,1.5,29.974974938999999,33.201262923000002,3.0931322300000001
1004,Ca,ca+h,1.5,30.717895558999999,33.234865665000001,10.085010528
1005,Ca,ca+h,1.5,30.902481265999999,33.162568729999997,17.036641989
1006,Ca,ca+h,1.5,30.704521996,33.263231261999998,23.990278997000001
1007,Ca,ca+h,1.5,7.7502514910000002,25.211894021999999,3.035620668
1008,Ca,ca+h,1.5,6.9994533900000002,25.050802638,9.950266568
1009,Ca,ca+h,1.5,7.0981464399999998,24.959879794999999,16.942014551
1010,Ca,ca+h,1.5,7.3173031289999999,24.878867013000001,23.908852564
1011,Ca,ca+h,1.5,17.074303111999999,25.087396694999999,2.8481990779999999
1012,Ca,ca+h,1.5,16.393764506,24.815157332999998,9.9088953110000002
1013,Ca,ca+h,1.5,16.424272362,25.011513413999999,16.995372001
1014,Ca,ca+h,1.5,16.516297565999999,24.926222741,23.803991501999999
1015,Ca,ca+h,1.5,25.719287759,25.015025378000001,9.9995775449999993
1016,Ca,ca+h,1.5,25.858888361999998,25.063846423000001,16.872150145999999
1017,Ca,ca+h,1.5,26.101457823000001,25.013089194999999,23.906524262000001
1018,Ca,ca+h,1.5,34.751052942999998,24.922145086,3.2661336950000002
1019,Ca,ca+h,1.5,35.158213025999999,25.242105406,10.115731644
1020,Ca,ca+h,1.5,35.284669145999999,24.956260948000001,16.977863594999999
1021,Ca,ca+h,1.5,35.896168350000003,25.064152579999998,24.103446242
1022,Ca,ca+h,1.5,2.316392665,16.90446906,9.8839511049999995
1023,Ca,ca+h,1.5,2.2113804379999999,16.920957858000001,16.954946878000001
1024,Ca,ca+h,1.5,2.0413672539999999,16.918930110000002,23.834662028
1025,Ca,ca+h,1.5,12.042368663,16.752167751999998,2.9158488039999999
1026,Ca,ca+h,1.5,11.623467074000001,16.741698676999999,9.7848208880000005
1027,Ca,ca+h,1.5,11.701162001,16.855503250999998,17.010591252000001
1028,Ca,ca+h,1.5,11.673935883,17.118382272000002,23.950795104000001
1029,Ca,ca+h,1.5,22.023434171000002,16.941675556,3.0947164520000001
1030,Ca,ca+h,1.5,21.222896036000002,16.818741316000001,9.8562602350000006
1031,Ca,ca+h,1.5,21.203371551,16.952835311000001,16.931253987000002
1032,Ca,ca+h,1.5,21.038376694,16.775846899000001,24.085155584999999
1033,Ca,ca+h,1.5,30.833739641000001,16.909414303999998,3.0883317899999998
1034,Ca,ca+h,1.5,30.523728622,16.796634757,10.088023626
1035,Ca,ca+h,1.5,30.538806558000001,16.853263031000001,16.962407873
1036,Ca,ca+h,1.5,30.477306011,16.703970694999999,23.876702165000001
1037,Ca,ca+h,1.5,7.0370542919999997,8.6144989340000002,10.080810788999999
1038,Ca,ca+h,1.5,7.1464868570000002,8.6849761900000004,16.961034994999999
1039,Ca,ca+h,1.5,6.9493572940000004,8.7640540760000007,24.059836046000001
1040,Ca,ca+h,1.5,17.591444101,8.5747429789999998,2.9481427309999999
1041,Ca,ca+h,1.5,16.345141479999999,8.4820896290000007,9.9664410270000001
1042,Ca,ca+h,1.5,16.350158660000002,8.6352723919999992,17.054063081999999
1043,Ca,ca+h,1.5,16.533498737999999,8.7584813920000002,23.853139084999999
1044,Ca,ca+h,1.5,25.800924637000001,8.670394044,3.0584923929999999
1045,Ca,ca+h,1.5,25.841206686,8.6336716990000006,9.9243526269999993
1046,Ca,ca+h,1.5,25.854123376,8.8364598910000005,16.997763347999999
1047,Ca,ca+h,1.5,26.033648680999999,8.7617945909999992,24.017944704000001
1048,Ca,ca+h,1.5,35.436044084000002,8.5128884469999999,2.9208784429999999
1049,Ca,ca+h,1.5,35.294678373000004,8.9709965960000009,10.115792989999999
1050,Ca,ca+h,1.5,35.207537328999997,8.5969587339999993,16.93175948
1051,Ca,ca+h,1.5,35.268929165999999,8.5998222690000006,23.901197469
1052,P,pap,1,2.0031593339999998,29.989748595999998,2.9987475720000001
1053,P,pap,1,2.0835330339999998,30.035602151999999,10.034475275
1054,P,pap,1,1.9781295379999999,30.018386863,16.988487159000002
1055,P,pap,1,1.936733517,29.998149261999998,23.89650786
1056,P,pap,1,11.64935176,30.436932274,2.8724931630000001
1057,P,pap,1,11.5111144,30.043654904,9.9115481929999998
1058,P,pap,1,11.428247096,30.104878546999998,16.908726938000001
1059,P,pap,1,11.327332232,29.931112475999999,23.833668930999998
1060,P,pap,1,21.031197963,29.900524827000002,2.8455661000000001
1061,P,pap,1,20.875778702000002,29.982161069,10.025215218
1062,P,pap,1,20.832506961,30.070416663,16.927136976
1063,P,pap,1,21.076030080999999,29.974320501000001,23.985356676999999
1064,P,pap,1,30.168209348000001,30.188327707999999,2.8639143279999999
1065,P,pap,1,30.438771216999999,30.073000345000001,10.027372660999999
1066,P,pap,1,30.329587119999999,29.998617372999998,16.984329598999999
1067,P,pap,1,30.445574993000001,30.103998843999999,23.997298117
1068,P,pap,1,6.8661870870000001,21.939102730999998,2.8937880279999999
1069,P,pap,1,6.6605229680000004,21.929492387,9.8912173869999993
1070,P,pap,1,6.8133680600000002,21.931325952000002,16.938091739000001
1071,P,pap,1,6.6894282250000003,21.890922639999999,23.892144196
1072,P,pap,1,16.077563689000002,22.066802612,3.063749971
1073,P,pap,1,16.110910102999998,21.715658082000001,9.938567806
1074,P,pap,1,16.194295885999999,21.832365258999999,16.973777501000001
1075,P,pap,1,16.280369298,21.914434201999999,24.000149118
1076,P,pap,1,25.893157451,22.2792551,2.862257456
1077,P,pap,1,25.627914154999999,21.84777218,10.066923596000001
1078,P,pap,1,25.666649830000001,21.853896907999999,16.949905373
1079,P,pap,1,25.701025865999998,21.868994240999999,23.951304091000001
1080,P,pap,1,34.931931878999997,21.913469392,3.1203185059999998
1081,P,pap,1,35.001518505999996,21.935006051999999,9.9642858489999995
1082,P,pap,1,35.009426683000001,21.917376078,16.994179879000001
1083,P,pap,1,34.941535942000002,21.921056588999999,23.821236076000002
1084,P,pap,1,1.875124791,14.093553591999999,2.9228012510000001
1085,P,pap,1,1.914421283,13.734558821,9.9797707169999992
1086,P,pap,1,1.897535763,13.822080621,16.920626185
1087,P,pap,1,1.7703262909999999,13.736695127000001,23.824309031999999
1088,P,pap,1,11.303703369000001,13.492733195,2.772548987
1089,P,pap,1,11.348128371,13.741774621999999,9.9840251359999996
1090,P,pap,1,11.430884970999999,13.718874597999999,17.025501990999999
1091,P,pap,1,11.456277791,13.847347686000001,23.912606301
1092,P,pap,1,21.162274246999999,13.729077181999999,2.9421416530000002
1093,P,pap,1,20.842584488,13.713155912,9.9383628880000003
1094,P,pap,1,20.840747684,13.767272924,16.876714611000001
1095,P,pap,1,20.925471766000001,13.728375448,23.780078868
1096,P,pap,1,30.449829249,13.708154298,2.911263757
1097,P,pap,1,30.115179563000002,13.707898779000001,10.032834048
1098,P,pap,1,30.292323681999999,13.805259499,16.885374248000002
1099,P,pap,1,30.411405990999999,13.61776306,23.794822535000002
1100,P,pap,1,6.567991932,5.6682178480000003,3.0697646930000002
1101,P,pap,1,6.7656780169999999,5.4935766859999999,10.032472668
1102,P,pap,1,6.7696106330000001,5.4825939259999998,16.95537384
1103,P,pap,1,6.7272966219999999,5.5372751149999999,24.005618733999999
1104,P,pap,1,15.781671273000001,6.0210166110000003,3.1857399449999999
1105,P,pap,1,16.132836332,5.4018848479999999,10.04651279
1106,P,pap,1,16.237365965999999,5.5305692239999997,17.036423263
1107,P,pap,1,16.149028220999998,5.6016121999999999,24.046571025999999
1108,P,pap,1,25.399626739999999,5.5031167400000003,2.9935532139999999
1109,P,pap,1,25.564504055,5.5894229559999999,10.057346241999999
1110,P,pap,1,25.538794865,5.6255710819999996,17.017508423999999
1111,P,pap,1,25.657488196999999,5.5358379419999997,24.026892408999998
1112,P,pap,1,35.181745313999997,5.5368627420000003,2.6954164760000001
1113,P,pap,1,34.940342774000001,5.5241085249999999,9.9499985740000003
1114,P,pap,1,34.942408188000002,5.5056172859999997,16.866189846000001
1115,P,pap,1,35.070592079999997,5.4750819609999999,23.774372891999999
1116,O,oap1,-0.75,3.1543534549999999,28.97619959,2.725820143
1117,O,oap1,-0.80000001192092896,3.3445966199999999,29.211215240000001,9.8327658400000004
1118,O,oap1,-0.80000001192092896,3.2364925339999999,29.192336872999999,17.052116559000002
1119,O,oap1,-0.80000001192092896,3.1800470220000001,29.155751368000001,23.734379648000001
1120,O,oap1,-0.75,12.907718083000001,29.556543915999999,2.6975257190000002
1121,O,oap1,-0.80000001192092896,12.821395182,29.259306833,10.028488373
1122,O,oap1,-0.80000001192092896,12.667756435999999,29.237593103999998,17.117507097000001
1123,O,oap1,-0.80000001192092896,12.698680446999999,29.428872903999999,24.340232674999999
1124,O,oap1,-0.75,22.567533410999999,29.714399017000002,2.8454605119999998
1125,O,oap1,-0.80000001192092896,22.175975421,29.212889602000001,10.308781676000001
1126,O,oap1,-0.80000001192092896,22.208256971000001,29.360795784,17.015085517999999
1127,O,oap1,-0.80000001192092896,22.264022098000002,29.117000535999999,24.124638269999998
1128,O,oap1,-0.75,31.637767372999999,29.772507920999999,2.3846319500000002
1129,O,oap1,-0.80000001192092896,31.750265389999999,29.261638881,9.9882461589999991
1130,O,oap1,-0.80000001192092896,31.644207260999998,29.202184388999999,17.249901197
1131,O,oap1,-0.80000001192092896,31.700708977000001,29.283938815999999,24.4407763
1132,O,oap1,-0.75,8.3012090230000002,21.382832310000001,2.5889782069999998
1133,O,oap1,-0.80000001192092896,7.9910351689999999,21.18879475,10.112072475
1134,O,oap1,-0.80000001192092896,8.0995033250000006,21.064534739999999,16.959534997999999
1135,O,oap1,-0.80000001192092896,7.8997693939999998,20.938958841000002,24.168097292999999
1136,O,oap1,-0.75,16.668970534,22.557387845000001,4.3848898350000001
1137,O,oap1,-0.80000001192092896,17.422569607,20.946677051000002,10.125568940000001
1138,O,oap1,-0.80000001192092896,17.492931278,21.018447213000002,16.911638107999998
1139,O,oap1,-0.80000001192092896,17.50289364,21.005322897999999,24.027744744
1140,O,oap1,-0.75,27.416780368000001,22.002004504999999,2.5832011129999999
1141,O,oap1,-0.80000001192092896,26.949254461999999,21.133084942,10.258310243
1142,O,oap1,-0.80000001192092896,26.881901865,20.972394438999999,16.956977262999999
1143,O,oap1,-0.80000001192092896,26.913497843999998,20.991791575000001,23.759652545000002
1144,O,oap1,-0.75,35.295876769000003,22.441319714999999,4.5210148700000001
1145,O,oap1,-0.80000001192092896,36.302618299000002,21.199140779,9.943837942
1146,O,oap1,-0.80000001192092896,36.328714083999998,21.055597274,16.919435246999999
1147,O,oap1,-0.80000001192092896,36.367772707,21.375969297000001,24.163442705000001
1148,O,oap1,-0.75,3.3734445310000001,13.574624055999999,2.786816419
1149,O,oap1,-0.80000001192092896,3.1893693170000001,12.877165232999999,9.9151224019999997
1150,O,oap1,-0.80000001192092896,3.2279123439999999,13.095058141999999,16.642463844000002
1151,O,oap1,-0.80000001192092896,2.889283861,12.793893925000001,23.268872538
1152,O,oap1,-0.75,12.493567111000001,12.524287541,2.778033604
1153,O,oap1,-0.80000001192092896,12.728001414,13.056320525,9.9123247820000007
1154,O,oap1,-0.80000001192092896,12.679027272000001,12.957344560999999,17.115557500000001
1155,O,oap1,-0.80000001192092896,12.708198846,13.040624061000001,23.877243924999998
1156,O,oap1,-0.75,22.437827137999999,12.888423597999999,2.7418599100000001
1157,O,oap1,-0.80000001192092896,22.105267598000001,12.845845968000001,9.9882525470000001
1158,O,oap1,-0.80000001192092896,22.184675872,12.964431491999999,17.133122205999999
1159,O,oap1,-0.80000001192092896,22.178982556000001,12.833610704,23.799376213999999
1160,O,oap1,-0.75,31.451797455000001,12.539631225000001,2.89673683
1161,O,oap1,-0.80000001192092896,31.386974505000001,12.866952094,9.7525119490000005
1162,O,oap1,-0.80000001192092896,31.585892090000002,12.962346856,16.770958492999998
1163,O,oap1,-0.80000001192092896,31.877144913999999,13.163702321000001,23.923507115
1164,O,oap1,-0.75,6.9342693889999998,4.1209149519999997,3.2045498440000002
1165,O,oap1,-0.80000001192092896,8.0380504080000001,4.6545453569999999,10.212956604
1166,O,oap1,-0.80000001192092896,7.9950709990000002,4.5997461599999996,16.725662262
1167,O,oap1,-0.80000001192092896,8.1265664659999999,4.8617055840000001,24.149902010000002
1168,O,oap1,-0.75,16.549803748999999,6.655617608,2.06188218
1169,O,oap1,-0.80000001192092896,17.490153554999999,4.7462864729999996,10.166152772
1170,O,oap1,-0.80000001192092896,17.489660195999999,4.6343551329999997,17.210694998000001
1171,O,oap1,-0.80000001192092896,17.513994099000001,4.9151425690000003,24.285463131
1172,O,oap1,-0.75,25.913720831999999,5.9619292479999997,4.3743318139999996
1173,O,oap1,-0.80000001192092896,26.859546469000001,4.8028483089999998,9.9547904759999994
1174,O,oap1,-0.80000001192092896,26.865453618,4.8775766650000003,17.040524496
1175,O,oap1,-0.80000001192092896,26.914794702999998,4.7761754420000004,23.864991901
1176,O,oap1,-0.75,36.617965556999998,5.009339378,2.4359878880000001
1177,O,oap1,-0.80000001192092896,36.225639782000002,4.725251063,10.146939499
1178,O,oap1,-0.80000001192092896,36.285423733999998,4.8201104539999999,17.127773106999999
1179,O,oap1,-0.80000001192092896,36.288547504999997,4.6494704540000003,23.931723568999999
1180,O,oap1,-0.75,0.61950246600000003,29.314237382999998,3.0981050539999999
1181,O,oap1,-0.80000001192092896,0.78693992599999996,29.154289768000002,10.053150257
1182,O,oap1,-0.80000001192092896,0.76339300499999996,29.083869219,16.945713317999999
1183,O,oap1,-0.80000001192092896,0.69154432200000004,29.083651404000001,23.829448188000001
1184,O,oap1,-0.75,10.316409454,29.658471182,2.7115394620000002
1185,O,oap1,-0.80000001192092896,10.315712068,29.053480050000001,9.9659448229999992
1186,O,oap1,-0.80000001192092896,10.142692261000001,29.274025389999998,16.72364683
1187,O,oap1,-0.80000001192092896,10.372251672000001,28.749097129999999,23.663937381
1188,O,oap1,-0.75,20.363587326000001,28.502107108000001,2.8429738609999999
1189,O,oap1,-0.80000001192092896,19.755245815999999,28.934632211,10.104492784
1190,O,oap1,-0.80000001192092896,19.657544599000001,29.046466303999999,16.889675501999999
1191,O,oap1,-0.80000001192092896,19.755329398000001,29.175658489,23.909042617000001
1192,O,oap1,-0.75,29.437917245000001,28.837724572999999,3.0591153819999999
1193,O,oap1,-0.80000001192092896,29.211017400999999,29.041685329,10.009428491
1194,O,oap1,-0.80000001192092896,29.168790358999999,29.031494780999999,16.872273015000001
1195,O,oap1,-0.80000001192092896,29.194834941,29.162354741000001,23.800996301000001
1196,O,oap1,-0.75,6.0926838669999999,20.69782249,3.2452768600000002
1197,O,oap1,-0.80000001192092896,5.565693714,20.831592849,9.8980196649999996
1198,O,oap1,-0.80000001192092896,5.6097317240000004,20.998108706,17.064545875
1199,O,oap1,-0.80000001192092896,5.4034440349999997,21.050966837000001,23.840069232000001
1200,O,oap1,-0.75,14.869548835,21.131470996000001,3.2692291980000001
1201,O,oap1,-0.80000001192092896,14.909461841000001,20.798121801000001,9.8913561889999997
1202,O,oap1,-0.80000001192092896,14.89687799,20.937708792999999,16.988518222
1203,O,oap1,-0.80000001192092896,14.990478352,20.980341814999999,24.013626154000001
1204,O,oap1,-0.75,25.016156945999999,21.137363592,2.454300178
1205,O,oap1,-0.80000001192092896,24.409822041999998,20.831253190000002,10.026161417999999
1206,O,oap1,-0.80000001192092896,24.346157387000002,21.029791618000001,16.903615757000001
1207,O,oap1,-0.80000001192092896,24.416142101999998,21.037973057999999,24.018967015000001
1208,O,oap1,-0.75,34.471754971999999,20.495706616,3.2363773359999999
1209,O,oap1,-0.80000001192092896,33.843973664000004,20.990605179999999,10.072436271000001
1210,O,oap1,-0.80000001192092896,33.711794984000001,21.013367575,17.042960655000002
1211,O,oap1,-0.80000001192092896,33.804102081000003,20.854391424999999,23.974862715
1212,O,oap1,-0.75,0.95988641100000005,12.827806876,2.9156507070000002
1213,O,oap1,-0.80000001192092896,0.62858551399999996,12.833625598999999,10.077022578999999
1214,O,oap1,-0.80000001192092896,0.69355080599999996,12.769556434,16.859129679999999
1215,O,oap1,-0.80000001192092896,0.45157420500000001,12.905468095,24.049829221
1216,O,oap1,-0.75,10.021118868,12.780930058999999,3.0820008090000002
1217,O,oap1,-0.80000001192092896,10.163989486,12.713384189999999,10.161363752
1218,O,oap1,-0.80000001192092896,10.169482390000001,12.800698505,16.854481160999999
1219,O,oap1,-0.80000001192092896,10.188609723000001,12.91565512,23.848967734999999
1220,O,oap1,-0.75,19.902038825999998,12.935195312999999,3.357034906
1221,O,oap1,-0.80000001192092896,19.581812289999998,12.808204621,9.9288654330000004
1222,O,oap1,-0.80000001192092896,19.602903786999999,12.863320235,16.917178067999998
1223,O,oap1,-0.80000001192092896,19.646090273999999,12.87854856,23.671449751000001
1224,O,oap1,-0.75,29.034551545999999,13.193286498000001,3.183121501
1225,O,oap1,-0.80000001192092896,28.797373012000001,12.839138134000001,10.107169774000001
1226,O,oap1,-0.80000001192092896,29.090975838999999,12.912404656,16.880020980000001
1227,O,oap1,-0.80000001192092896,29.381723010999998,12.48943549,23.732455938000001
1228,O,oap1,-0.75,5.061528719,5.7023546400000003,2.8164720920000001
1229,O,oap1,-0.80000001192092896,5.5442229750000003,4.5513374579999999,9.9641882870000007
1230,O,oap1,-0.80000001192092896,5.5159887190000001,4.6624338559999998,16.969653253000001
1231,O,oap1,-0.80000001192092896,5.5902833039999997,4.5124022339999996,23.860719641999999
1232,O,oap1,-0.75,15.52839475,4.4749477469999999,2.9502704839999998
1233,O,oap1,-0.80000001192092896,14.943539059000001,4.4238646949999998,9.882768488
1234,O,oap1,-0.80000001192092896,14.891672601,4.751561648,17.056254307
1235,O,oap1,-0.80000001192092896,14.928327317000001,4.639165341,24.162892681999999
1236,O,oap1,-0.75,24.454202526,4.3010695219999997,3.1519334470000002
1237,O,oap1,-0.80000001192092896,24.373503844999998,4.6295973349999997,10.015064019
1238,O,oap1,-0.80000001192092896,24.343910895,4.6448625520000002,16.992371519999999
1239,O,oap1,-0.80000001192092896,24.445512153999999,4.5088282059999996,23.997201991000001
1240,O,oap1,-0.75,34.255996660999998,4.2705682149999999,2.803319917
1241,O,oap1,-0.80000001192092896,33.762013816,4.6034976280000004,9.9199365769999996
1242,O,oap1,-0.80000001192092896,33.717124527000003,4.5712087779999999,16.798557563999999
1243,O,oap1,-0.80000001192092896,33.686409157999996,4.6951908749999998,23.772622315
1244,Ca,ca+h,1.5,3.3072995010000001,26.649747127000001,2.8836174950000002
1245,Ca,ca+h,1.5,3.4111672670000002,26.898870193,9.9527239810000001
1246,Ca,ca+h,1.5,3.3965162270000002,26.731971171000001,16.856328277999999
1247,Ca,ca+h,1.5,3.586197979,26.789470848000001,23.735497614
1248,Ca,ca+h,1.5,12.822983218999999,26.997431895999998,10.041689228999999
1249,Ca,ca+h,1.5,12.872869304,26.847509913,17.147600165
1250,Ca,ca+h,1.5,12.752341391,27.117312740999999,24.039664245000001
1251,Ca,ca+h,1.5,22.079495991000002,26.857919059,3.1125765479999998
1252,Ca,ca+h,1.5,22.173524186000002,26.703447675,9.9685612540000008
1253,Ca,ca+h,1.5,22.231632904000001,26.973256738,17.031042204999999
1254,Ca,ca+h,1.5,22.488925493,26.692154886000001,24.082088902999999
1255,Ca,ca+h,1.5,31.279063786999998,27.260864015999999,3.0190691699999999
1256,Ca,ca+h,1.5,31.609026338,26.806269598,9.9459440140000002
1257,Ca,ca+h,1.5,31.720998887,26.783844245000001,16.962688596
1258,Ca,ca+h,1.5,31.702105475,26.992274762000001,24.102276238000002
1259,Ca,ca+h,1.5,7.938807969,19.015331057000001,3.0832682760000001
1260,Ca,ca+h,1.5,7.9293355769999998,18.772558301,10.130450493
1261,Ca,ca+h,1.5,8.0391805759999997,18.799169644999999,16.939140557999998
1262,Ca,ca+h,1.5,8.0264416930000007,18.51980262,24.069765454999999
1263,Ca,ca+h,1.5,17.807385957000001,17.970313963999999,3.3292405039999999
1264,Ca,ca+h,1.5,17.625795352000001,18.609729456,9.8731502720000002
1265,Ca,ca+h,1.5,17.596357660999999,18.643838559999999,16.980270097999998
1266,Ca,ca+h,1.5,17.532213995999999,18.695958794999999,24.016648890999999
1267,Ca,ca+h,1.5,27.080801983000001,18.75198112,10.155531853999999
1268,Ca,ca+h,1.5,26.994459962000001,18.631515169,16.926395661000001
1269,Ca,ca+h,1.5,26.899093365999999,18.672375955,23.933153454999999
1270,Ca,ca+h,1.5,36.080775379000002,18.776550150999999,2.9142919319999998
1271,Ca,ca+h,1.5,36.498617826,18.806088062000001,9.8676123019999995
1272,Ca,ca+h,1.5,36.491890153999996,18.784894753,16.916485597000001
1273,Ca,ca+h,1.5,36.209976801000003,18.995708355000001,24.088178658
1274,Ca,ca+h,1.5,2.8598915159999998,11.281300358999999,2.8437619729999999
1275,Ca,ca+h,1.5,3.2296323490000001,10.422677001,9.9683505140000008
1276,Ca,ca+h,1.5,3.286305182,10.666445761,16.777264418000001
1277,Ca,ca+h,1.5,3.1632590290000002,10.549481432,23.780016293999999
1278,Ca,ca+h,1.5,12.884055216,10.165460482,3.1307830559999998
1279,Ca,ca+h,1.5,12.77339969,10.587366839,9.9609942109999992
1280,Ca,ca+h,1.5,12.920360501999999,10.553342846,16.964055949999999
1281,Ca,ca+h,1.5,12.811773051999999,10.525807841000001,24.003494549999999
1282,Ca,ca+h,1.5,22.287706855,10.472235464000001,9.9701279510000003
1283,Ca,ca+h,1.5,22.292543684000002,10.580448759999999,16.892738173000001
1284,Ca,ca+h,1.5,22.301260635999999,10.469278599000001,23.817904835
1285,Ca,ca+h,1.5,31.613422133,10.013576608999999,3.290119507
1286,Ca,ca+h,1.5,31.654490826,10.49883077,9.9538270069999992
1287,Ca,ca+h,1.5,31.768542778,10.499785302999999,16.876707377999999
1288,Ca,ca+h,1.5,31.847225133999999,10.740725765000001,23.743266008999999
1289,Ca,ca+h,1.5,8.1541703999999999,2.0408869250000001,3.415341019
1290,Ca,ca+h,1.5,8.1672160340000008,2.336072304,10.133024963
1291,Ca,ca+h,1.5,8.3321817219999996,2.3404552519999999,16.823132931
1292,Ca,ca+h,1.5,8.1859594990000009,2.468137692,23.800669211999999
1293,Ca,ca+h,1.5,17.181986520999999,2.881389542,2.7424336330000001
1294,Ca,ca+h,1.5,17.647593483000001,2.4209237450000001,9.9762829370000006
1295,Ca,ca+h,1.5,17.76272238,2.3950640650000001,16.869193523
1296,Ca,ca+h,1.5,17.837530204,2.4917169380000002,24.123507789000001
1297,Ca,ca+h,1.5,27.071564622,2.423403805,9.8223385400000005
1298,Ca,ca+h,1.5,27.005665203,2.4813119850000001,17.017858513
1299,Ca,ca+h,1.5,26.978683989,2.300723316,23.885414431000001
1300,Ca,ca+h,1.5,36.217870556999998,2.6804278240000001,3.0730679919999999
1301,Ca,ca+h,1.5,36.479255655999999,2.2518467960000002,10.021652423999999
1302,Ca,ca+h,1.5,36.346616980999997,2.3990177629999998,17.003474809
1303,Ca,ca+h,1.5,36.645046268000002,2.2063393740000001,23.866796271999998
1304,P,pap,1,6.3666783630000001,28.016855219,2.9738626290000001
1305,P,pap,1,6.2780213820000004,28.133307024,9.9453817850000004
1306,P,pap,1,6.3140328410000004,28.147622739999999,16.892517738999999
1307,P,pap,1,6.3319520809999998,28.049423861000001,23.794852881000001
1308,P,pap,1,15.921225058999999,28.346625167999999,2.954420125
1309,P,pap,1,15.730930499999999,28.063698504000001,10.082666937000001
1310,P,pap,1,15.764757433,28.086547237000001,16.981370265999999
1311,P,pap,1,15.870225577999999,28.031411587000001,23.888299416999999
1312,P,pap,1,25.264122634,27.292803621000001,3.0637164690000001
1313,P,pap,1,25.034393509000001,28.172525293,9.9529137720000005
1314,P,pap,1,25.130406063999999,28.056633316999999,16.929148098999999
1315,P,pap,1,25.317965535999999,28.076511070999999,23.844187268999999
1316,P,pap,1,34.261706822000001,28.20248363,2.9648554090000001
1317,P,pap,1,34.562448867000001,28.054923643999999,9.9742219680000002
1318,P,pap,1,34.553672278999997,28.042594385000001,17.049406968
1319,P,pap,1,34.592553952999999,28.124680701999999,23.996962606
1320,P,pap,1,1.321676823,20.153667623,2.7379218399999998
1321,P,pap,1,1.491041259,20.049282739999999,9.7904332289999996
1322,P,pap,1,1.672720387,20.068909408,16.875341633000001
1323,P,pap,1,1.6818713999999999,20.040853786,23.751725686
1324,P,pap,1,10.990436978,19.941841406999998,2.948636413
1325,P,pap,1,11.025591390000001,19.967768711000002,9.9067968069999992
1326,P,pap,1,11.025167238,20.047001976000001,16.894728262000001
1327,P,pap,1,11.089773833000001,20.040272861999998,23.818646915999999
1328,P,pap,1,20.376214710999999,19.739924739999999,2.7684221120000001
1329,P,pap,1,20.465550027999999,19.837903313000002,9.8147944290000009
1330,P,pap,1,20.537373629000001,19.883379758,16.885438655000002
1331,P,pap,1,20.576935583000001,20.119562251000001,23.952623159000002
1332,P,pap,1,29.68317343,19.860269795000001,2.769323591
1333,P,pap,1,29.985717674,19.991293194000001,9.9492831099999997
1334,P,pap,1,29.804909862999999,19.929285590999999,16.921271665999999
1335,P,pap,1,29.800949668000001,19.980840963999999,23.936961081
1336,P,pap,1,5.9462341460000001,10.932491071999999,3.2561647109999998
1337,P,pap,1,6.2504492760000003,11.751114508000001,9.9307052650000003
1338,P,pap,1,6.1601352690000004,11.878622081,16.959422675999999
1339,P,pap,1,6.0442471629999996,11.844600297,23.985438038000002
1340,P,pap,1,15.805123499,11.724707118,2.9261113330000001
1341,P,pap,1,15.756133988,11.687771723999999,10.049639702
1342,P,pap,1,15.784510632,11.908300296,16.883441532999999
1343,P,pap,1,15.767763316,12.038741174,23.933420425000001
1344,P,pap,1,25.247414298999999,11.790662447000001,3.1116507549999999
1345,P,pap,1,25.115722715,11.816192868,9.9635617490000001
1346,P,pap,1,25.26085028,11.951383744999999,17.018496888000001
1347,P,pap,1,25.168726422999999,11.861338622,24.068813233
1348,P,pap,1,34.394791548999997,11.187193599,2.8049152180000001
1349,P,pap,1,34.443256310999999,11.786749559,9.8317243300000001
1350,P,pap,1,34.492878236000003,11.770119992,16.920872794000001
1351,P,pap,1,34.577967329000003,11.856316507000001,23.819841421
1352,P,pap,1,1.389499944,3.1808174820000001,2.982701322
1353,P,pap,1,1.534161858,3.6327139919999998,10.000712932000001
1354,P,pap,1,1.6153396579999999,3.6056900989999998,17.046559827999999
1355,P,pap,1,1.6802721700000001,3.6265637420000001,24.021728154000002
1356,P,pap,1,10.793718458000001,3.7688429440000002,3.0629694870000002
1357,P,pap,1,11.073527958,3.5799501650000001,9.9581741800000003
1358,P,pap,1,11.015363767,3.6938046249999998,16.970970877999999
1359,P,pap,1,11.070519324999999,3.6966820820000001,24.060076766000002
1360,P,pap,1,20.245037178,2.7825671459999999,3.1726529619999999
1361,P,pap,1,20.413167268999999,3.646246181,9.981900499
1362,P,pap,1,20.432030209000001,3.7699379460000002,16.966546017999999
1363,P,pap,1,20.523779022999999,3.8661017420000001,23.934090597000001
1364,P,pap,1,29.746366049999999,3.8274363220000001,2.8733925610000002
1365,P,pap,1,29.846551162000001,3.7309940259999999,10.107036838000001
1366,P,pap,1,29.869563893999999,3.6151927700000002,17.071464472999999
1367,P,pap,1,29.925032872999999,3.5233726989999998,24.054458309000001
1368,O,oap1,-0.75,6.3225589260000001,29.549819040999999,2.757624356
1369,O,oap1,-0.80000001192092896,6.4395045209999999,29.605677720999999,9.6629475169999992
1370,O,oap1,-0.80000001192092896,6.328360022,29.654656372000002,16.814864701000001
1371,O,oap1,-0.80000001192092896,6.3629157999999997,29.634256142000002,24.012258187
1372,O,oap1,-0.75,16.451848227999999,29.809712758,2.9518933039999999
1373,O,oap1,-0.80000001192092896,15.815916264,29.583757162000001,10.046142898999999
1374,O,oap1,-0.80000001192092896,15.749913637000001,29.590439746000001,16.704100994000001
1375,O,oap1,-0.80000001192092896,15.985169231,29.521164075000002,24.215070893
1376,O,oap1,-0.75,25.465641555000001,28.709310787,3.5013706020000002
1377,O,oap1,-0.80000001192092896,24.980608429,29.717159579,9.9943719590000004
1378,O,oap1,-0.80000001192092896,25.191769898,29.652802676,16.950613306000001
1379,O,oap1,-0.80000001192092896,25.402010506,29.589024836,24.094923482999999
1380,O,oap1,-0.75,33.709178369999997,28.358175117999998,4.3877017970000001
1381,O,oap1,-0.80000001192092896,34.619240173000001,29.593215294,10.133361445
1382,O,oap1,-0.80000001192092896,34.755553460000002,29.542216135,17.032031035999999
1383,O,oap1,-0.80000001192092896,34.572984808000001,29.653252609999999,23.933535182
1384,O,oap1,-0.75,1.2169022009999999,21.688186421000001,2.666713289
1385,O,oap1,-0.80000001192092896,1.416039587,21.583818762,9.8915203619999996
1386,O,oap1,-0.80000001192092896,1.7053248489999999,21.596649555999999,17.001568633000002
1387,O,oap1,-0.80000001192092896,1.864619378,21.587524266999999,23.822731169000001
1388,O,oap1,-0.75,11.307676774000001,21.399146211000001,2.7794566700000001
1389,O,oap1,-0.80000001192092896,11.030985113,21.51427361,10.013321232999999
1390,O,oap1,-0.80000001192092896,11.152168681999999,21.627850200000001,17.014963656999999
1391,O,oap1,-0.80000001192092896,10.915563992999999,21.541467770000001,23.978978088000002
1392,O,oap1,-0.75,19.572043585999999,19.871198068999998,4.0874069349999997
1393,O,oap1,-0.80000001192092896,20.556576532000001,21.336152741999999,9.9580627310000001
1394,O,oap1,-0.80000001192092896,20.519814347000001,21.449646510000001,17.012925435
1395,O,oap1,-0.80000001192092896,20.326201735000001,21.553105510999998,24.458394002999999
1396,O,oap1,-0.75,31.183590212999999,19.891164569000001,2.9596657620000002
1397,O,oap1,-0.80000001192092896,29.903960310999999,21.506357507000001,9.9846685060000002
1398,O,oap1,-0.80000001192092896,29.728794883999999,21.487787017999999,17.110134026000001
1399,O,oap1,-0.80000001192092896,29.955551419999999,21.555597798000001,24.112285031999999
1400,O,oap1,-0.75,5.0543238779999999,11.213368916,2.04195927
1401,O,oap1,-0.80000001192092896,6.279610742,13.285991694,9.96805655
1402,O,oap1,-0.80000001192092896,6.281730188,13.368252139000001,16.989395642000002
1403,O,oap1,-0.80000001192092896,5.9687908050000003,13.370958339,23.990242884000001
1404,O,oap1,-0.75,15.853504704000001,13.269058663999999,2.9526974720000001
1405,O,oap1,-0.80000001192092896,15.661464725,13.209349877999999,10.297837391
1406,O,oap1,-0.80000001192092896,15.874917606,13.415126262999999,17.107579008999998
1407,O,oap1,-0.80000001192092896,15.310895598,13.416161343000001,24.287278099000002
1408,O,oap1,-0.75,25.646398115,13.254615429999999,3.1906789450000002
1409,O,oap1,-0.80000001192092896,25.356204247000001,13.336949172000001,9.7548920760000009
1410,O,oap1,-0.80000001192092896,25.013793913000001,13.480142755999999,17.060306998000001
1411,O,oap1,-0.80000001192092896,25.172088892000001,13.349336613,23.790694961
1412,O,oap1,-0.75,33.686476042000002,11.386469709,4.2170928239999999
1413,O,oap1,-0.80000001192092896,34.289861911000003,13.387786575,9.7766693490000005
1414,O,oap1,-0.80000001192092896,34.652403952999997,13.307617913,16.996272446999999
1415,O,oap1,-0.80000001192092896,34.747382795999997,13.410472586999999,23.874638813000001
1416,O,oap1,-0.75,0.58887890300000001,3.6778805860000001,4.1625743020000003
1417,O,oap1,-0.80000001192092896,1.6587336829999999,5.1599046140000002,9.9794021340000008
1418,O,oap1,-0.80000001192092896,1.6300780260000001,5.126352002,16.993829083000001
1419,O,oap1,-0.80000001192092896,1.725095367,5.1222836589999998,23.965784900999999
1420,O,oap1,-0.75,10.695802030999999,5.2902504239999999,2.8617283310000001
1421,O,oap1,-0.80000001192092896,11.032366871000001,5.0917730399999996,9.8209532619999997
1422,O,oap1,-0.80000001192092896,10.96072418,5.212022363,17.136478484000001
1423,O,oap1,-0.80000001192092896,11.002238572,5.2013145979999997,24.296236589999999
1424,O,oap1,-0.75,19.581773299999998,2.9276624230000001,1.825374362
1425,O,oap1,-0.80000001192092896,20.349348874,5.166526352,10.199433729000001
1426,O,oap1,-0.80000001192092896,20.475915008000001,5.3267834379999996,17.039294004999999
1427,O,oap1,-0.80000001192092896,20.732936187,5.3633856460000002,23.993993401000001
1428,O,oap1,-0.75,30.003501799999999,5.3115895699999998,2.62164463
1429,O,oap1,-0.80000001192092896,29.907976210000001,5.2330550730000001,9.8952756100000006
1430,O,oap1,-0.80000001192092896,30.020226507,5.1653340139999999,17.237783651000001
1431,O,oap1,-0.80000001192092896,29.864023495000001,4.9664847700000001,24.430340549
1432,O,oap1,-0.75,7.8260534799999997,27.552605839000002,3.3656721429999998
1433,O,oap1,-0.80000001192092896,7.6907554620000003,27.513678985999999,10.027165654999999
1434,O,oap1,-0.80000001192092896,7.7648456750000001,27.557894378,16.804423936999999
1435,O,oap1,-0.80000001192092896,7.7241105069999998,27.495359916999998,23.532952719000001
1436,O,oap1,-0.75,17.091878787999999,27.357269115000001,2.7292947760000001
1437,O,oap1,-0.80000001192092896,17.121707097000002,27.394170549999998,10.059559094000001
1438,O,oap1,-0.80000001192092896,17.211567185,27.524395992999999,17.093397003
1439,O,oap1,-0.80000001192092896,17.235896993000001,27.342287377000002,23.826934881
1440,O,oap1,-0.75,26.546206372,26.486553995000001,3.139885805
1441,O,oap1,-0.80000001192092896,26.512949894999998,27.680757185000001,9.8258425149999997
1442,O,oap1,-0.80000001192092896,26.585449175000001,27.387854338,16.853201996999999
1443,O,oap1,-0.80000001192092896,26.720427461,27.43569179,23.829814772999999
1444,O,oap1,-0.75,35.768817628999997,27.952104015,3.057018936
1445,O,oap1,-0.80000001192092896,35.971586117000001,27.404791048,9.8875502449999999
1446,O,oap1,-0.80000001192092896,35.963988125999997,27.462962555000001,16.940644153000001
1447,O,oap1,-0.80000001192092896,36.036370226000003,27.590961651000001,23.873177835
1448,O,oap1,-0.75,2.7703752420000001,19.642715021000001,2.981046976
1449,O,oap1,-0.80000001192092896,2.9922553719999998,19.605460629,9.7122332619999998
1450,O,oap1,-0.80000001192092896,3.0438023400000001,19.399046572,16.864239479999998
1451,O,oap1,-0.80000001192092896,3.0300196530000001,19.217164691000001,23.734734701000001
1452,O,oap1,-0.75,12.293839095999999,19.101677823999999,3.1306318640000002
1453,O,oap1,-0.80000001192092896,12.469585472,19.302619128,9.8783676719999995
1454,O,oap1,-0.80000001192092896,12.38360872,19.362561724999999,16.983227544999998
1455,O,oap1,-0.80000001192092896,12.561099860000001,19.478326040999999,23.900070526
1456,O,oap1,-0.75,21.860321761000002,19.688233673999999,3.1113391379999999
1457,O,oap1,-0.80000001192092896,21.866577298999999,19.274562382999999,9.7803914580000004
1458,O,oap1,-0.80000001192092896,22.010096597,19.392210363,16.865593601
1459,O,oap1,-0.80000001192092896,22.090686011999999,19.758890145999999,23.86016678
1460,O,oap1,-0.75,29.289874794999999,18.475995986000001,2.2276061679999999
1461,O,oap1,-0.80000001192092896,31.372828945999998,19.536997229000001,9.9298169230000006
1462,O,oap1,-0.80000001192092896,31.298363547000001,19.472041051000001,16.846367233999999
1463,O,oap1,-0.80000001192092896,31.170755138000001,19.290411639999999,23.862229298999999
1464,O,oap1,-0.75,7.3452935740000003,11.483033792000001,3.1448727029999999
1465,O,oap1,-0.80000001192092896,7.7044843739999997,11.249945372999999,9.7993458659999995
1466,O,oap1,-0.80000001192092896,7.5795114610000001,11.225816117999999,16.865462603000001
1467,O,oap1,-0.80000001192092896,7.5087219249999997,11.375986697,24.040271634
1468,O,oap1,-0.75,17.205516945999999,11.060100502999999,3.0460398899999999
1469,O,oap1,-0.80000001192092896,17.144434971999999,11.180132260000001,10.026757343
1470,O,oap1,-0.80000001192092896,17.166441349999999,11.276814180000001,16.744915758000001
1471,O,oap1,-0.80000001192092896,17.297454806000001,12.062138849,23.983298742999999
1472,O,oap1,-0.75,26.504184786,10.906524907,3.0840841399999999
1473,O,oap1,-0.80000001192092896,26.491462629000001,11.114461041,10.132276809
1474,O,oap1,-0.80000001192092896,26.7271629,11.604313632,17.12212603
1475,O,oap1,-0.80000001192092896,26.666507103000001,11.352460196999999,24.056379552999999
1476,O,oap1,-0.75,35.878933465000003,10.825652960999999,3.067069059
1477,O,oap1,-0.80000001192092896,35.918023044000002,11.317293811000001,9.8509862980000005
1478,O,oap1,-0.80000001192092896,35.872372972999997,11.055417127,16.952060288999999
1479,O,oap1,-0.80000001192092896,35.845229551999999,11.082044590000001,23.780488416000001
1480,O,oap1,-0.75,2.8951747210000001,2.8955982269999998,3.3675550240000001
1481,O,oap1,-0.80000001192092896,2.9983793140000001,3.1253211919999999,10.025984416
1482,O,oap1,-0.80000001192092896,3.048077573,3.0645357409999998,17.083916712000001
1483,O,oap1,-0.80000001192092896,3.13120909,3.0389941170000001,23.910796317999999
1484,O,oap1,-0.75,12.202759446,3.2654545740000001,3.2971649090000001
1485,O,oap1,-0.80000001192092896,12.495555401000001,3.0355368199999999,10.003233673
1486,O,oap1,-0.80000001192092896,12.475830197000001,3.175027015,16.860616141000001
1487,O,oap1,-0.80000001192092896,12.55151362,3.294582584,23.852996035
1488,O,oap1,-0.75,21.725460014999999,3.1184101480000002,3.1321755370000002
1489,O,oap1,-0.80000001192092896,21.842866316999999,3.142175586,9.9927219760000003
1490,O,oap1,-0.80000001192092896,21.841969893000002,3.0717882599999999,16.932922015999999
1491,O,oap1,-0.80000001192092896,21.948642604,3.149438424,23.915242025000001
1492,O,oap1,-0.75,31.031140967999999,2.9526163200000002,3.0051386340000001
1493,O,oap1,-0.80000001192092896,31.285354639000001,3.179538145,10.200648537999999
1494,O,oap1,-0.80000001192092896,31.294066206,3.051097339,16.979514419000001
1495,O,oap1,-0.80000001192092896,31.384706323,3.0527984039999998,23.848215501999999
1496,Ca,ca+h,1.5,8.2250867640000003,30.824060896999999,3.0872128160000001
1497,Ca,ca+h,1.5,8.3111075149999998,31.138817537000001,10.030211292000001
1498,Ca,ca+h,1.5,8.3994393279999997,30.998859062000001,16.885180857000002
1499,Ca,ca+h,1.5,8.447463247,31.126102324000001,23.745833711
1500,Ca,ca+h,1.5,18.297598900000001,31.336170804000002,3.3610377150000001
1501,Ca,ca+h,1.5,17.785107987,31.001189986,10.058378644999999
1502,Ca,ca+h,1.5,17.728583889999999,30.850891367999999,16.864865109
1503,Ca,ca+h,1.5,17.840097074999999,31.066564966000001,23.899024276999999
1504,Ca,ca+h,1.5,27.104749119000001,30.988637216000001,10.042752487
1505,Ca,ca+h,1.5,27.316648727,31.036171438,16.856519441
1506,Ca,ca+h,1.5,27.448751699999999,30.844628912000001,23.87348763
1507,Ca,ca+h,1.5,36.184189609000001,30.377080640999999,3.1486761990000001
1508,Ca,ca+h,1.5,36.611541119000002,30.849238369999998,10.087366354
1509,Ca,ca+h,1.5,36.783582535999997,30.865256180999999,16.954391242
1510,Ca,ca+h,1.5,36.633193663,30.781995259999999,23.953315599
1511,Ca,ca+h,1.5,3.4454100689999998,22.773628536,9.8566759029999993
1512,Ca,ca+h,1.5,3.6742649169999999,22.757749396000001,16.937829532999999
1513,Ca,ca+h,1.5,3.7682545940000001,22.856318341000001,24.127600596000001
1514,Ca,ca+h,1.5,13.172967292999999,22.821450186,3.2284782569999999
1515,Ca,ca+h,1.5,13.081966437,22.770274439000001,10.073665397999999
1516,Ca,ca+h,1.5,13.149551022000001,22.916617486,17.001409869
1517,Ca,ca+h,1.5,13.028207481000001,22.695404362000001,24.029489083000001
1518,Ca,ca+h,1.5,22.551890694000001,22.721735977000002,9.9938061460000007
1519,Ca,ca+h,1.5,22.427001755999999,22.883851447000001,17.045303499999999
1520,Ca,ca+h,1.5,22.503849144,22.705398335000002,24.295103442999999
1521,Ca,ca+h,1.5,31.53372285,22.475455902,2.8474101080000001
1522,Ca,ca+h,1.5,31.901181716,22.685526919000001,9.8704003139999994
1523,Ca,ca+h,1.5,31.865421309999999,22.702738155999999,16.814041240000002
1524,Ca,ca+h,1.5,32.066282350999998,22.725233186000001,23.993494616
1525,Ca,ca+h,1.5,7.850202414,13.781717370000001,3.0197754319999999
1526,Ca,ca+h,1.5,8.2246791609999992,14.57597447,10.0223494
1527,Ca,ca+h,1.5,8.2678495729999995,14.671342756,16.988716298
1528,Ca,ca+h,1.5,8.1368222180000007,14.452319856000001,23.999065993999999
1529,Ca,ca+h,1.5,17.719552802999999,14.453633743999999,10.103466088999999
1530,Ca,ca+h,1.5,17.887014773000001,14.703454879000001,16.924508080999999
1531,Ca,ca+h,1.5,17.514372563999999,14.628751985999999,23.948426398999999
1532,Ca,ca+h,1.5,27.302452464999998,14.793617141,3.2804561099999998
1533,Ca,ca+h,1.5,27.155318668,14.716587602000001,10.149638763
1534,Ca,ca+h,1.5,27.113415869000001,14.660174423000001,17.051088120999999
1535,Ca,ca+h,1.5,27.132098577000001,14.650351562999999,23.906987882999999
1536,Ca,ca+h,1.5,36.431006246999999,14.540190574,9.8619224429999992
1537,Ca,ca+h,1.5,36.637627866000003,14.682854857000001,16.849657095000001
1538,Ca,ca+h,1.5,36.583893916999997,14.979511607999999,23.545916778999999
1539,Ca,ca+h,1.5,4.3251480859999996,7.6600303810000003,3.855563858
1540,Ca,ca+h,1.5,3.5443802089999998,6.6569724700000004,9.9992325070000003
1541,Ca,ca+h,1.5,3.7542804479999998,6.4711137550000002,17.052639202999998
1542,Ca,ca+h,1.5,3.67107976,6.5219141369999996,23.991628267999999
1543,Ca,ca+h,1.5,12.955834878999999,6.4533351000000003,10.003224298999999
1544,Ca,ca+h,1.5,13.016610555,6.4000416639999997,17.009994627000001
1545,Ca,ca+h,1.5,13.119005644,6.5058525210000004,24.131848659999999
1546,Ca,ca+h,1.5,22.421035564,5.4341718459999999,2.8970442379999999
1547,Ca,ca+h,1.5,22.452638391000001,6.3829655519999999,10.001455843
1548,Ca,ca+h,1.5,22.582623013999999,6.4794811599999997,17.104133544
1549,Ca,ca+h,1.5,22.718665218999998,6.6801181569999999,23.847738153000002
1550,Ca,ca+h,1.5,31.989765996999999,6.4097617529999997,10.061240483000001
1551,Ca,ca+h,1.5,31.960172620000002,6.4880450080000003,17.136889642
1552,Ca,ca+h,1.5,31.908324667999999,6.3070417030000003,24.058289068000001
1553,P,pap,1,5.6459031250000002,32.882448865000001,2.1740968280000001
1554,P,pap,1,5.7141982440000003,32.777404709999999,10.058117151999999
1555,P,pap,1,5.7994768050000003,32.759719711999999,16.937160829
1556,P,pap,1,5.9148083969999998,32.876716481000003,23.777092020000001
1557,P,pap,1,15.379318907,32.892159092999997,2.932665079
1558,P,pap,1,15.390614812000001,32.744968176999997,10.067103973
1559,P,pap,1,15.331903584999999,32.742218307999998,16.84802153
1560,P,pap,1,15.262592074000001,32.791924156,23.902468473999999
1561,P,pap,1,26.432893269000001,32.984612110999997,3.3271324849999999
1562,P,pap,1,24.618963179000001,32.933991867000003,9.9826967339999992
1563,P,pap,1,24.735037390999999,32.806707519,16.95835756
1564,P,pap,1,24.866432043,32.620562176,24.008953093999999
1565,P,pap,1,33.907696072,32.807203268999999,2.9818314340000001
1566,P,pap,1,34.042078111999999,32.776596364,9.9904395279999996
1567,P,pap,1,34.176941505000002,32.797821016,17.032298438000002
1568,P,pap,1,34.226500037999998,32.78830112,24.038570488000001
1569,P,pap,1,0.88703698399999997,24.661870875999998,3.0594459789999999
1570,P,pap,1,0.981691961,24.793553254999999,9.9693597549999993
1571,P,pap,1,1.1304218429999999,24.606301846000001,16.936016945999999
1572,P,pap,1,1.366693983,24.701287156999999,23.868923367000001
1573,P,pap,1,10.825494897,24.755045892999998,2.8146129709999999
1574,P,pap,1,10.493050059,24.600781705999999,9.9763632639999997
1575,P,pap,1,10.516026221000001,24.629114717,17.040485345
1576,P,pap,1,10.563447075999999,24.524804187000001,23.948469649
1577,P,pap,1,20.105702979,24.602185222999999,3.0749333970000001
1578,P,pap,1,19.789402536000001,24.579430886000001,9.9969145830000006
1579,P,pap,1,19.956092859000002,24.631965518000001,17.032855151
1580,P,pap,1,19.999655123,24.677986005000001,23.900449387999998
1581,P,pap,1,29.597292508999999,24.822992934999998,2.957939165
1582,P,pap,1,29.425110918000001,24.751821902,9.9883797489999999
1583,P,pap,1,29.340814224999999,24.575278092000001,16.836973312000001
1584,P,pap,1,29.617127919000001,24.78569757,23.828105974
1585,P,pap,1,6.5412698200000001,16.405925108000002,2.5277124550000001
1586,P,pap,1,5.7934426029999999,16.461147491999998,9.8752553229999993
1587,P,pap,1,5.6537630050000001,16.525003133999999,16.987857643000002
1588,P,pap,1,5.6875468720000004,16.500623306000001,23.779602964999999
1589,P,pap,1,15.377358318000001,16.197752113,3.0297966129999998
1590,P,pap,1,15.217862773,16.31335919,9.9080275879999995
1591,P,pap,1,15.240841829000001,16.528881367,16.897445857000001
1592,P,pap,1,15.104714994,16.537752979,23.767497277
1593,P,pap,1,25.018700872,16.693086013999999,3.0614843239999998
1594,P,pap,1,24.672495498,16.46356793,10.030216470999999
1595,P,pap,1,24.605242024999999,16.560578034999999,16.915956988000001
1596,P,pap,1,24.608158423999999,16.608021896,23.944467855999999
1597,P,pap,1,34.113797245999997,16.394159403,3.0322748439999998
1598,P,pap,1,34.024140500999998,16.475061965999998,9.9343271850000008
1599,P,pap,1,34.123320900000003,16.520803607000001,16.938094620000001
1600,P,pap,1,34.089770909999999,16.627100351999999,23.795801133000001
1601,P,pap,1,1.2555576669999999,8.4157534520000006,3.1441358699999999
1602,P,pap,1,0.97882131699999997,8.3634805520000004,9.9089182640000004
1603,P,pap,1,1.0843594110000001,8.2755662470000004,16.866443063999998
1604,P,pap,1,1.0687740509999999,8.4255553590000005,23.997597885000001
1605,P,pap,1,10.472399594000001,8.2786328289999993,3.0831934900000002
1606,P,pap,1,10.456297499,8.2914280510000005,10.047746349000001
1607,P,pap,1,10.439590313,8.2674495120000007,16.950896967999999
1608,P,pap,1,10.330322862999999,8.4211953279999996,23.957226339000002
1609,P,pap,1,20.711821077,8.2096688810000007,3.3042851780000002
1610,P,pap,1,19.871256424999999,8.3548252079999994,10.084098846
1611,P,pap,1,19.969872545000001,8.4401233090000005,17.136708470999999
1612,P,pap,1,19.986874512,8.4556422999999992,24.039294244000001
1613,P,pap,1,29.272654860999999,8.2558348989999999,2.9647532660000002
1614,P,pap,1,29.319293511000001,8.3082150769999998,9.9353365759999992
1615,P,pap,1,29.371888056,8.3452720060000001,16.993248403999999
1616,P,pap,1,29.353221909999998,8.2306835639999996,23.771781051000001
1617,O,oap1,-0.75,5.1135946270000003,31.899632104999998,3.1982879550000001
1618,O,oap1,-0.80000001192092896,4.4304651699999997,31.993031718000001,10.304636843000001
1619,O,oap1,-0.80000001192092896,4.4260543160000001,32.047739855000003,17.065306988
1620,O,oap1,-0.80000001192092896,4.5536123020000003,32.212103298000002,23.884434546000001
1621,O,oap1,-0.75,15.465800629,32.031813800999998,4.2503903899999997
1622,O,oap1,-0.80000001192092896,14.088555617000001,31.938645560000001,10.257628421
1623,O,oap1,-0.80000001192092896,13.956652822000001,32.134514514000003,16.907078384999998
1624,O,oap1,-0.80000001192092896,13.933847022,32.075764560000003,23.815601714
1625,O,oap1,-0.75,27.038060734999998,31.931350197,2.401900269
1626,O,oap1,-0.80000001192092896,23.325519912000001,32.035472915,9.7127293800000007
1627,O,oap1,-0.80000001192092896,23.364370385000001,32.136359097000003,17.143370939
1628,O,oap1,-0.80000001192092896,23.723462784999999,31.691146270000001,24.43596118
1629,O,oap1,-0.75,32.374231872999999,32.499241409,2.9806799019999999
1630,O,oap1,-0.80000001192092896,32.745707779,32.058356576000001,10.068350211
1631,O,oap1,-0.80000001192092896,32.862751242999998,31.989125219000002,17.064533785999998
1632,O,oap1,-0.80000001192092896,32.857971304000003,32.036350452000001,24.056782865999999
1633,O,oap1,-0.75,-0.53397286600000005,24.170585557999999,2.7612440629999999
1634,O,oap1,-0.80000001192092896,-0.45874842700000001,24.232077048000001,10.046471168
1635,O,oap1,-0.80000001192092896,-0.20391455999999999,23.934874066999999,17.081532108000001
1636,O,oap1,-0.80000001192092896,0.21222633399999999,23.739425217000001,23.895380110000001
1637,O,oap1,-0.75,9.6116534589999993,23.827706076999998,2.437981535
1638,O,oap1,-0.80000001192092896,9.0719308749999996,24.051212156999998,10.048177620000001
1639,O,oap1,-0.80000001192092896,9.2473822259999992,23.896467553000001,16.751597924999999
1640,O,oap1,-0.80000001192092896,9.3276473939999995,23.653583628,23.928518419
1641,O,oap1,-0.75,18.950164301000001,23.675216046999999,2.6444579259999998
1642,O,oap1,-0.80000001192092896,18.518517287000002,23.78723604,9.6246886880000009
1643,O,oap1,-0.80000001192092896,18.585840310999998,23.971541648999999,17.022920490000001
1644,O,oap1,-0.80000001192092896,18.728299305,23.899140616,24.250930211
1645,O,oap1,-0.75,29.789119914,23.703528444,4.0295891560000001
1646,O,oap1,-0.80000001192092896,28.094549706999999,24.097302319000001,10.305110662000001
1647,O,oap1,-0.80000001192092896,27.961302727,23.994497868,16.988344265999999
1648,O,oap1,-0.80000001192092896,28.383607436999998,23.907164206000001,24.213431211
1649,O,oap1,-0.75,6.2290680209999998,15.294336714,3.6019107359999998
1650,O,oap1,-0.80000001192092896,4.3854654660000003,15.790920012999999,9.8598727480000008
1651,O,oap1,-0.80000001192092896,4.294098473,15.826933127,17.044755737999999
1652,O,oap1,-0.80000001192092896,4.2812337569999999,15.88148423,23.660406867999999
1653,O,oap1,-0.75,14.025137002999999,15.710636752999999,2.4646398409999999
1654,O,oap1,-0.80000001192092896,13.808844451000001,15.768302789,9.8839616479999997
1655,O,oap1,-0.80000001192092896,13.847573195000001,15.878143051,17.084511001999999
1656,O,oap1,-0.80000001192092896,13.725940766000001,15.880567431999999,23.879788477999998
1657,O,oap1,-0.75,23.947533349,15.541349233,2.7833736670000002
1658,O,oap1,-0.80000001192092896,23.354530151999999,15.771626532000001,9.7228411910000005
1659,O,oap1,-0.80000001192092896,23.225695176999999,15.879098992999999,17.118442644999998
1660,O,oap1,-0.80000001192092896,23.299840812999999,15.756764154000001,24.119938699999999
1661,O,oap1,-0.75,32.896023341000003,15.638091656,2.4513805030000002
1662,O,oap1,-0.80000001192092896,32.613707767000001,15.809437249,9.8921846109999994
1663,O,oap1,-0.80000001192092896,32.750948903000001,15.94155715,16.867215911999999
1664,O,oap1,-0.80000001192092896,32.694469636999997,15.995876040000001,23.922014374
1665,O,oap1,-0.75,-0.050826652999999999,7.661040625,2.944232285
1666,O,oap1,-0.80000001192092896,-0.35449561000000002,7.5758960960000001,10.162217789
1667,O,oap1,-0.80000001192092896,-0.28626422200000001,7.6072360630000002,16.757804608000001
1668,O,oap1,-0.80000001192092896,-0.183850765,7.5760381729999997,24.231906299999999
1669,O,oap1,-0.75,9.0186962079999997,7.7744113050000001,2.9457280469999998
1670,O,oap1,-0.80000001192092896,9.1135628820000001,7.5982765959999998,10.138141947999999
1671,O,oap1,-0.80000001192092896,9.1267529399999994,7.50979638,16.862722636000001
1672,O,oap1,-0.80000001192092896,9.0007572230000008,7.6052355599999997,24.134020530000001
1673,O,oap1,-0.75,20.648582007000002,6.8889222219999997,2.4671395199999999
1674,O,oap1,-0.80000001192092896,18.501899995999999,7.6873558600000003,9.9307413810000007
1675,O,oap1,-0.80000001192092896,18.582738153000001,7.7878596360000003,16.987934534000001
1676,O,oap1,-0.80000001192092896,18.753716343000001,7.5640322940000004,23.890387495999999
1677,O,oap1,-0.75,27.890111362999999,7.6966513179999998,3.3968508540000002
1678,O,oap1,-0.80000001192092896,27.986195198000001,7.5694589639999998,10.084595030999999
1679,O,oap1,-0.80000001192092896,28.044084971,7.6314933839999997,17.311800166000001
1680,O,oap1,-0.80000001192092896,28.027103702000002,7.5012808739999999,24.02202613
1681,O,oap1,-0.75,5.1967253600000003,34.259133959000003,2.7963032299999999
1682,O,oap1,-0.80000001192092896,5.5257141189999999,34.325535066,10.047496653
1683,O,oap1,-0.80000001192092896,5.6743190869999998,34.268509619,16.899949060000001
1684,O,oap1,-0.80000001192092896,5.7496148949999997,34.381096259000003,23.746959623999999
1685,O,oap1,-0.75,14.984555712000001,34.375224594000002,3.2419554530000001
1686,O,oap1,-0.80000001192092896,15.104055978,34.194806034000003,10.025785028
1687,O,oap1,-0.80000001192092896,15.237085322,34.263399386000003,16.892399621999999
1688,O,oap1,-0.80000001192092896,15.035805269000001,34.357549755000001,24.072770856000002
1689,O,oap1,-0.75,25.763529477999999,34.125381412000003,2.5943761279999999
1690,O,oap1,-0.80000001192092896,24.294447112,34.425093941,9.9901714810000009
1691,O,oap1,-0.80000001192092896,24.602320613,34.383282477999998,16.880837478
1692,O,oap1,-0.80000001192092896,24.305192731999998,34.056691479999998,23.84970006
1693,O,oap1,-0.75,34.235514680000001,34.276209125000001,3.3614644459999998
1694,O,oap1,-0.80000001192092896,33.908835005999997,34.317802526999998,10.092081675999999
1695,O,oap1,-0.80000001192092896,33.900637742000001,34.332528543999999,17.156538839
1696,O,oap1,-0.80000001192092896,33.991783022,34.332034139999998,24.010500227000001
1697,O,oap1,-0.75,0.93048633000000003,26.195409213000001,2.9053029330000002
1698,O,oap1,-0.80000001192092896,0.91828162300000005,26.330062208000001,9.9214224269999995
1699,O,oap1,-0.80000001192092896,0.98739419399999995,26.164971807000001,16.876262259000001
1700,O,oap1,-0.80000001192092896,0.75375856900000004,26.114713052999999,23.780073603999998
1701,O,oap1,-0.75,10.281201886,26.169121378,2.8791673690000001
1702,O,oap1,-0.80000001192092896,10.471029842,26.168848519000001,10.014173982999999
1703,O,oap1,-0.80000001192092896,10.256794393,26.177663418000002,17.047417283000001
1704,O,oap1,-0.80000001192092896,10.245454858,26.052387460999999,23.812947142999999
1705,O,oap1,-0.75,19.555210517999999,26.064487921000001,3.1491584819999998
1706,O,oap1,-0.80000001192092896,19.590631568999999,26.074012309,10.059603453999999
1707,O,oap1,-0.80000001192092896,19.824180080000001,26.168628668,17.049579091999998
1708,O,oap1,-0.80000001192092896,19.764679678,26.142683187999999,23.757413715999999
1709,O,oap1,-0.75,29.411085660000001,26.183751552,3.6792246469999998
1710,O,oap1,-0.80000001192092896,29.261466184,26.250849516999999,9.9020599980000004
1711,O,oap1,-0.80000001192092896,29.280826309999998,26.117862456000001,16.828765657000002
1712,O,oap1,-0.80000001192092896,29.299331036000002,26.270223973,23.870463367999999
1713,O,oap1,-0.75,5.8671562819999998,17.731618724,2.912974685
1714,O,oap1,-0.80000001192092896,5.7036949720000001,18.026421794000001,9.9258581509999999
1715,O,oap1,-0.80000001192092896,5.4951659660000001,18.051230281999999,17.022074196999998
1716,O,oap1,-0.80000001192092896,5.6152001870000001,18.000238402000001,23.809941251000001
1717,O,oap1,-0.75,15.474713124000001,17.772168442000002,2.963754046
1718,O,oap1,-0.80000001192092896,15.103123290999999,17.870858052999999,9.8618696610000001
1719,O,oap1,-0.80000001192092896,15.080500246,18.038199838000001,16.844534113999998
1720,O,oap1,-0.80000001192092896,15.029517029000001,18.049123101999999,23.723040924999999
1721,O,oap1,-0.75,24.22072481,17.923715445999999,3.484970353
1722,O,oap1,-0.80000001192092896,24.463960822000001,18.009595495999999,10.176194614
1723,O,oap1,-0.80000001192092896,24.438519920000001,18.025390611999999,16.859146990999999
1724,O,oap1,-0.80000001192092896,24.472837008999999,18.136899941999999,23.804300532999999
1725,O,oap1,-0.75,33.737141715,17.885070791,3.2866660030000001
1726,O,oap1,-0.80000001192092896,33.903064604000001,18.021117266000001,10.007383647999999
1727,O,oap1,-0.80000001192092896,34.013902031999997,18.066078170000001,17.016757792
1728,O,oap1,-0.80000001192092896,34.018503242999998,18.157451306999999,23.926462048000001
1729,O,oap1,-0.75,0.99238903999999994,9.8862527539999991,3.3100935539999998
1730,O,oap1,-0.80000001192092896,0.65914597699999999,9.8961445829999999,9.8918713569999994
1731,O,oap1,-0.80000001192092896,0.94716082400000001,9.8582844630000004,16.870421943
1732,O,oap1,-0.80000001192092896,0.72628569700000001,9.9294246939999997,23.763317341
1733,O,oap1,-0.75,10.604121907,9.8128571969999996,2.8587687740000001
1734,O,oap1,-0.80000001192092896,10.432417514000001,9.8244877699999993,9.8743214429999995
1735,O,oap1,-0.80000001192092896,10.087818055,9.793496288,16.927745368
1736,O,oap1,-0.80000001192092896,10.099775889,9.9592371740000001,24.050689592000001
1737,O,oap1,-0.75,19.772607463,9.2685128950000006,2.7940129470000001
1738,O,oap1,-0.80000001192092896,19.725458754999998,9.9433589700000002,10.040475424
1739,O,oap1,-0.80000001192092896,19.885118088999999,10.00832198,17.286226266
1740,O,oap1,-0.80000001192092896,19.535477006000001,9.9473260299999993,23.998419339000002
1741,O,oap1,-0.75,29.175947717,9.7982952149999996,2.797556116
1742,O,oap1,-0.80000001192092896,29.124682346,9.8320702729999994,9.8098491120000002
1743,O,oap1,-0.80000001192092896,29.155029776999999,9.8619280430000007,16.951260796
1744,O,oap1,-0.80000001192092896,29.086778788,9.7415399919999999,23.615818361999999
1745,Ca,ca+h,1.5,2.2148685179999998,24.839347694000001,6.5581422790000001
1746,Ca,ca+h,1.5,2.443436835,24.857308314000001,13.457698445
1747,Ca,ca+h,1.5,2.4146285710000002,24.790843718000001,20.343465040000002
1748,Ca,ca+h,1.5,4.8031277819999998,25.752091930999999,26.724124490000001
1749,Ca,ca+h,1.5,11.888886016000001,24.845956423000001,6.5296171120000004
1750,Ca,ca+h,1.5,11.796364902000001,24.717440793000002,13.443106310999999
1751,Ca,ca+h,1.5,11.870101883,24.663930181000001,20.479447049000001
1752,Ca,ca+h,1.5,21.190424301,24.667323171,6.7731185170000003
1753,Ca,ca+h,1.5,21.199374127999999,24.660456224000001,13.460433383
1754,Ca,ca+h,1.5,21.287789754999999,24.787076417000002,20.583438395999998
1755,Ca,ca+h,1.5,20.606503444000001,24.793707177000002,27.17889237
1756,Ca,ca+h,1.5,30.408122347999999,24.801640629000001,6.3322020119999998
1757,Ca,ca+h,1.5,30.628510449,24.720073722999999,13.425458409000001
1758,Ca,ca+h,1.5,30.724413369000001,24.888333922000001,20.223206365999999
1759,Ca,ca+h,1.5,30.799355556999998,24.773262322000001,27.134615923999998
1760,Ca,ca+h,1.5,7.3575975390000004,16.567866192,6.4053241390000002
1761,Ca,ca+h,1.5,6.9967666680000002,16.562775299999998,13.525140778000001
1762,Ca,ca+h,1.5,7.0904999139999996,16.488199911999999,20.427374870000001
1763,Ca,ca+h,1.5,16.709865003000001,16.363565872999999,6.4168044179999999
1764,Ca,ca+h,1.5,16.578862267000002,16.669063156,13.371002753000001
1765,Ca,ca+h,1.5,16.495931593000002,16.706602007000001,20.433278418
1766,Ca,ca+h,1.5,17.058572179999999,16.405223778,26.949617580000002
1767,Ca,ca+h,1.5,25.868330914000001,16.664183529999999,6.651764268
1768,Ca,ca+h,1.5,25.904076844999999,16.624574752000001,13.494661448
1769,Ca,ca+h,1.5,25.84482195,16.696336404,20.439779863999998
1770,Ca,ca+h,1.5,25.532439084,16.463077919,27.559643899000001
1771,Ca,ca+h,1.5,35.169848874000003,16.578792823000001,6.5154922849999997
1772,Ca,ca+h,1.5,35.319740418999999,16.56175421,13.404598077999999
1773,Ca,ca+h,1.5,35.295625969,16.656570227,20.381381715
1774,Ca,ca+h,1.5,35.885003333999997,16.818084614,26.838861411
1775,Ca,ca+h,1.5,2.1634053880000002,8.6008215450000005,6.5959510359999998
1776,Ca,ca+h,1.5,2.4686039389999999,8.3987510909999994,13.509881198
1777,Ca,ca+h,1.5,2.123706012,8.3214142869999996,20.468810126000001
1778,Ca,ca+h,1.5,1.955664807,8.2613253100000001,27.511894775999998
1779,Ca,ca+h,1.5,11.800836942,8.4197036149999995,6.6546799229999998
1780,Ca,ca+h,1.5,11.802415117000001,8.6220773360000003,13.503032279999999
1781,Ca,ca+h,1.5,11.968703319999999,8.5153584359999996,20.483751319
1782,Ca,ca+h,1.5,21.270860966000001,8.3831081039999997,6.6547302200000003
1783,Ca,ca+h,1.5,21.274040897999999,8.4997404000000003,13.378248824
1784,Ca,ca+h,1.5,21.244143837999999,8.543494033,20.568778079000001
1785,Ca,ca+h,1.5,20.484030265000001,8.4855352889999995,27.806338132
1786,Ca,ca+h,1.5,30.468438841000001,8.574460255,6.3987880260000001
1787,Ca,ca+h,1.5,30.548155388000001,8.5261855919999991,13.391209311000001
1788,Ca,ca+h,1.5,30.603993622000001,8.4038673599999996,20.365231149
1789,Ca,ca+h,1.5,31.226017980000002,8.5086976310000004,26.968970158000001
1790,Ca,ca+h,1.5,7.0887440230000003,0.28749499899999997,6.5715908689999996
1791,Ca,ca+h,1.5,7.2154858820000003,0.14911534100000001,13.511424726
1792,Ca,ca+h,1.5,7.1824133379999999,0.289085235,20.315082493999999
1793,Ca,ca+h,1.5,16.239398241,0.20331950600000001,6.2976879160000001
1794,Ca,ca+h,1.5,16.506461297000001,0.35326542100000002,13.531202556
1795,Ca,ca+h,1.5,16.523520744999999,0.164735666,20.448531763999998
1796,Ca,ca+h,1.5,16.419677554,0.43524462200000003,27.364943227000001
1797,Ca,ca+h,1.5,26.001811453999998,0.29696627399999997,6.6163532519999997
1798,Ca,ca+h,1.5,25.893423742,0.30640953399999998,13.512785265
1799,Ca,ca+h,1.5,25.959408482000001,0.31131589399999998,20.432379289
1800,Ca,ca+h,1.5,25.590302076,0.118017514,27.335838045999999
1801,Ca,ca+h,1.5,35.111794373000002,0.35060564799999999,6.3337827899999999
1802,Ca,ca+h,1.5,35.400348178999998,0.34158137399999999,13.566388509999999
1803,Ca,ca+h,1.5,35.566906568999997,0.32247901499999998,20.512430622
1804,Ca,ca+h,1.5,36.897410016999999,0.49900689799999998,26.933738458000001
1805,P,pap,1,2.7520150839999999,27.872784888000002,6.4401359539999996
1806,P,pap,1,2.6331453210000002,27.919609213000001,13.536380544
1807,P,pap,1,2.756957645,27.831972231000002,20.451484520000001
1808,P,pap,1,2.9210021579999998,28.114735450000001,27.342420719
1809,P,pap,1,12.141866779000001,27.876367775999999,6.6865029759999999
1810,P,pap,1,12.055784649,27.865986554999999,13.547230035
1811,P,pap,1,12.202343218999999,27.814393829,20.446486194999999
1812,P,pap,1,12.239548658,27.487201233,27.499933529
1813,P,pap,1,21.608838135999999,27.840292946000002,6.3736351410000003
1814,P,pap,1,21.616314303999999,27.879683436000001,13.480493318000001
1815,P,pap,1,21.609132132999999,27.903516104000001,20.511206913999999
1816,P,pap,1,21.574811870000001,27.723617798999999,27.550415742999999
1817,P,pap,1,31.046451006000002,27.919217241999998,6.558362164
1818,P,pap,1,31.058953419000002,27.802094696000001,13.481519129
1819,P,pap,1,31.133566256999998,27.943579889999999,20.49714041
1820,P,pap,1,31.025129063000001,27.690129441,27.733198804000001
1821,P,pap,1,7.3931618659999998,19.804301158000001,6.4372165690000003
1822,P,pap,1,7.4056983049999996,19.790225678999999,13.408880899
1823,P,pap,1,7.4618291609999998,19.712768502999999,20.475109024999998
1824,P,pap,1,6.9534600749999997,19.703250052000001,27.479333266000001
1825,P,pap,1,16.802737222000001,19.700632424999998,6.3843814920000002
1826,P,pap,1,16.888720436,19.684857542,13.417564723
1827,P,pap,1,16.901874456000002,19.745948457000001,20.443978873999999
1828,P,pap,1,16.585573185000001,19.248500718999999,27.73531277
1829,P,pap,1,26.409314271,19.714969649,6.695968733
1830,P,pap,1,26.327945669999998,19.754646392000001,13.438035727000001
1831,P,pap,1,26.209273536000001,19.802529575000001,20.495765201000001
1832,P,pap,1,26.522761916,19.471991157000001,27.462402405999999
1833,P,pap,1,35.554365001000001,19.688446707000001,6.4136301930000004
1834,P,pap,1,35.661695805999997,19.675425727,13.419045984
1835,P,pap,1,35.785358592000001,19.632950332,20.387013284999998
1836,P,pap,1,35.480862655000003,19.924989097000001,27.491340075
1837,P,pap,1,2.632497866,11.643602449999999,6.4815331360000004
1838,P,pap,1,2.7385503070000001,11.708647000999999,13.347528547
1839,P,pap,1,2.6504114310000002,11.637351500999999,20.361119647999999
1840,P,pap,1,2.6190886440000001,11.530066207999999,27.401296731999999
1841,P,pap,1,12.07370001,11.543868013999999,6.4484701160000002
1842,P,pap,1,12.098468605000001,11.600610305,13.46338813
1843,P,pap,1,12.012644667,11.550584607999999,20.46342258
1844,P,pap,1,12.117578780000001,11.546656005999999,27.472383153999999
1845,P,pap,1,21.617063189,11.534685289,6.485653063
1846,P,pap,1,21.503218302000001,11.657401965,13.436698443999999
1847,P,pap,1,21.711011221,11.622931855999999,20.470359193
1848,P,pap,1,22.04904672,10.807808143999999,27.287799897999999
1849,P,pap,1,30.8081076,11.684482193999999,6.515945715
1850,P,pap,1,31.016895638000001,11.565916595999999,13.484503647
1851,P,pap,1,31.031229980999999,11.510282091000001,20.414506552999999
1852,P,pap,1,31.039160307,11.471568488999999,27.299156002
1853,P,pap,1,7.3987630009999998,3.4134125979999999,6.6015437239999999
1854,P,pap,1,7.4681419040000003,3.2529880879999999,13.535113833
1855,P,pap,1,7.5150412680000001,3.4757328040000002,20.343044807999998
1856,P,pap,1,7.7400072419999999,3.2894632750000001,27.436516504
1857,P,pap,1,16.807018445000001,3.326182164,6.4721620169999996
1858,P,pap,1,16.943531240999999,3.4246537570000002,13.514711823000001
1859,P,pap,1,16.867810119000001,3.3336870479999998,20.511912759000001
1860,P,pap,1,17.050186365999998,3.501926294,27.609240249999999
1861,P,pap,1,26.242534706000001,3.411445799,6.6288772979999999
1862,P,pap,1,26.154396304999999,3.4620595079999998,13.478257121
1863,P,pap,1,26.175211417,3.467064116,20.556276231999998
1864,P,pap,1,26.532406111,3.0413700279999998,27.353960701999998
1865,P,pap,1,35.601929810000001,3.3457149780000002,6.5115753930000002
1866,P,pap,1,35.778902954000003,3.48475343,13.552831349
1867,P,pap,1,35.829173515000001,3.4119090330000001,20.455451211
1868,P,pap,1,35.421982608999997,3.107405827,27.566561425
1869,O,oap1,-0.80000001192092896,1.4830836080000001,28.741962514000001,6.3147114699999998
1870,O,oap1,-0.80000001192092896,1.271864135,28.661809426000001,13.541771566
1871,O,oap1,-0.80000001192092896,1.4558481619999999,28.633638508000001,20.283633318
1872,O,oap1,-0.75,1.5340055210000001,28.475871335000001,27.881248429999999
1873,O,oap1,-0.80000001192092896,10.959407274,28.795458575000001,6.4349691179999997
1874,O,oap1,-0.80000001192092896,10.771174402,28.665532063000001,13.459753597000001
1875,O,oap1,-0.80000001192092896,10.866190619999999,28.617130035999999,20.197581079999999
1876,O,oap1,-0.75,11.540697987,27.124751914000001,26.168096047999999
1877,O,oap1,-0.80000001192092896,20.251433992999999,28.479914357999998,6.1924897349999997
1878,O,oap1,-0.80000001192092896,20.284035549999999,28.716236463000001,13.297515336
1879,O,oap1,-0.80000001192092896,20.33334245,28.768676288000002,20.593224933999998
1880,O,oap1,-0.75,20.611012036000002,28.956125812,27.785689041000001
1881,O,oap1,-0.80000001192092896,29.618059036999998,28.542735784000001,6.2743144429999997
1882,O,oap1,-0.80000001192092896,29.766050856,28.569618644999998,13.344063709
1883,O,oap1,-0.80000001192092896,29.852177510000001,28.811188394999999,20.462457580999999
1884,O,oap1,-0.75,30.572628680000001,27.075296248000001,26.353668142
1885,O,oap1,-0.80000001192092896,6.0570549829999996,20.545341118,6.1753497179999997
1886,O,oap1,-0.80000001192092896,6.1432870690000003,20.662477649,13.317554918000001
1887,O,oap1,-0.80000001192092896,6.2290944540000002,20.669554889,20.455717322999998
1888,O,oap1,-0.75,5.6396233730000001,20.501123181000001,27.654607886000001
1889,O,oap1,-0.80000001192092896,15.496751071,20.486630074000001,6.3272069369999997
1890,O,oap1,-0.80000001192092896,15.542479961,20.379554956,13.533272606000001
1891,O,oap1,-0.80000001192092896,15.563259263000001,20.420135172999998,20.308738132999999
1892,O,oap1,-0.75,15.107022938,19.592725151,27.98886414
1893,O,oap1,-0.80000001192092896,25.102701883999998,20.384789745999999,6.3471093380000001
1894,O,oap1,-0.80000001192092896,24.986704726999999,20.507986413000001,13.189189085000001
1895,O,oap1,-0.80000001192092896,25.040386916999999,20.779938624,20.617360061999999
1896,O,oap1,-0.75,26.018038895,19.312504950000001,25.985196159000001
1897,O,oap1,-0.80000001192092896,34.275853621000003,20.580552749999999,6.3871707899999999
1898,O,oap1,-0.80000001192092896,34.354646004000003,20.434102768999999,13.612369583
1899,O,oap1,-0.80000001192092896,34.444710331000003,20.296783640000001,20.366291450999999
1900,O,oap1,-0.75,34.145323560999998,20.612247,27.926963643000001
1901,O,oap1,-0.80000001192092896,1.2957144330000001,12.378086481,6.3853971549999997
1902,O,oap1,-0.80000001192092896,1.4592346199999999,12.493635625,13.722268458
1903,O,oap1,-0.80000001192092896,1.3330968139999999,12.445164047,20.577055448999999
1904,O,oap1,-0.75,2.076044606,11.195752914,25.952349510000001
1905,O,oap1,-0.80000001192092896,10.73553124,12.342371486999999,6.4299672220000001
1906,O,oap1,-0.80000001192092896,10.713637331999999,12.249180243,13.394101224
1907,O,oap1,-0.80000001192092896,10.639322203000001,12.272379904999999,20.327761652
1908,O,oap1,-0.75,10.863196019,12.356110721,27.635207751999999
1909,O,oap1,-0.80000001192092896,20.294712635,12.260782223,6.3064973789999996
1910,O,oap1,-0.80000001192092896,20.133312609000001,12.318748116,13.236866152999999
1911,O,oap1,-0.80000001192092896,20.488376848000001,12.417672408,20.024608983
1912,O,oap1,-0.75,20.942621239000001,10.802333970999999,28.381653904
1913,O,oap1,-0.80000001192092896,29.598519569,12.529127724,6.7117259740000001
1914,O,oap1,-0.80000001192092896,29.768942035999999,12.318507171,13.800652052
1915,O,oap1,-0.80000001192092896,29.654685261000001,12.150376058000001,20.566521067
1916,O,oap1,-0.75,29.652577037,11.941008556,27.694575076
1917,O,oap1,-0.80000001192092896,6.0875512570000003,4.2816010640000002,6.738371667
1918,O,oap1,-0.80000001192092896,6.2134231130000002,4.0844513559999998,13.771153566000001
1919,O,oap1,-0.80000001192092896,6.2098590790000001,4.2269601530000003,20.570282989999999
1920,O,oap1,-0.75,6.3762427949999996,4.0449130350000004,27.694839093999999
1921,O,oap1,-0.80000001192092896,15.562824751999999,4.2216082620000002,6.428932841
1922,O,oap1,-0.80000001192092896,15.611924043,4.2515008090000004,13.415122970000001
1923,O,oap1,-0.80000001192092896,15.553267032999999,4.0306285300000004,20.304291229
1924,O,oap1,-0.75,15.610249720000001,3.92145242,27.499940079000002
1925,O,oap1,-0.80000001192092896,24.987407435000001,4.1815250519999996,6.3978410070000002
1926,O,oap1,-0.80000001192092896,24.805980389999998,4.2093360290000001,13.586292397999999
1927,O,oap1,-0.80000001192092896,24.883665444999998,4.3632630539999999,20.513343102
1928,O,oap1,-0.75,25.726325845000002,2.7840526159999999,26.032845949999999
1929,O,oap1,-0.80000001192092896,34.345949851,4.1588043189999997,6.064008104
1930,O,oap1,-0.80000001192092896,34.511857587000002,4.2789358799999997,13.502162244999999
1931,O,oap1,-0.80000001192092896,34.479105464,4.1228210320000001,20.220225256999999
1932,O,oap1,-0.75,33.958548784999998,2.979743413,27.746417135000002
1933,O,oap1,-0.80000001192092896,4.1184090119999999,28.590120798000001,6.5941173050000002
1934,O,oap1,-0.80000001192092896,3.9063370690000001,28.843883835,13.620785619999999
1935,O,oap1,-0.80000001192092896,3.9120106589999999,28.773873951999999,20.489821150000001
1936,O,oap1,-0.75,3.6490117999999998,29.453334811000001,27.036086806
1937,O,oap1,-0.80000001192092896,13.40877867,28.760417367999999,6.67164673
1938,O,oap1,-0.80000001192092896,13.306514077999999,28.840076631999999,13.507670612
1939,O,oap1,-0.80000001192092896,13.457565478999999,28.766449096999999,20.479049413999999
1940,O,oap1,-0.75,13.561346581,28.135360751,27.064051240000001
1941,O,oap1,-0.80000001192092896,22.808432558,28.785004812,6.1067607529999997
1942,O,oap1,-0.80000001192092896,22.866936730999999,28.789595766000001,13.425322525
1943,O,oap1,-0.80000001192092896,22.846341412000001,28.810518274,20.444692635999999
1944,O,oap1,-0.75,22.998938560999999,28.303099102000001,27.362025587000002
1945,O,oap1,-0.80000001192092896,32.078813335,29.044455163999999,6.7900303920000002
1946,O,oap1,-0.80000001192092896,32.297543257999997,28.762997983999998,13.543270378000001
1947,O,oap1,-0.80000001192092896,32.393226118999998,28.817903091000002,20.633638092999998
1948,O,oap1,-0.75,31.808250324999999,29.066980959999999,27.437456192999999
1949,O,oap1,-0.80000001192092896,8.6450151589999997,20.680673216999999,6.4393940839999999
1950,O,oap1,-0.80000001192092896,8.7053412259999998,20.544874712999999,13.404531412000001
1951,O,oap1,-0.80000001192092896,8.758534848,20.576368523999999,20.342421797
1952,O,oap1,-0.75,8.0751945959999993,20.820017473,27.640244239000001
1953,O,oap1,-0.80000001192092896,18.098580673000001,20.569632919,6.3404455420000003
1954,O,oap1,-0.80000001192092896,18.003046253000001,20.732103829,13.429033304000001
1955,O,oap1,-0.80000001192092896,18.132369464,20.722001942999999,20.383873027
1956,O,oap1,-0.75,17.505426262,20.526946677000002,27.621267419999999
1957,O,oap1,-0.80000001192092896,27.458901955999998,20.762023190000001,6.88879602
1958,O,oap1,-0.80000001192092896,27.557627265000001,20.679359908999999,13.414948978
1959,O,oap1,-0.80000001192092896,27.504912684000001,20.699849522000001,20.523816454999999
1960,O,oap1,-0.75,27.750743499999999,20.427899017000001,27.41277328
1961,O,oap1,-0.80000001192092896,36.862523551999999,20.499984286,6.473754542
1962,O,oap1,-0.80000001192092896,36.940469135999997,20.575017477999999,13.280736542
1963,O,oap1,-0.80000001192092896,36.940180929,20.620431756999999,20.307748347
1964,O,oap1,-0.75,36.508822469999998,21.094859278000001,27.370606592000001
1965,O,oap1,-0.80000001192092896,3.834524848,12.615043687,6.5819678010000002
1966,O,oap1,-0.80000001192092896,4.0148812310000004,12.636613127,13.329041115000001
1967,O,oap1,-0.80000001192092896,3.9588249700000002,12.539315676999999,20.285770292999999
1968,O,oap1,-0.75,3.5503780730000001,12.697605428999999,27.233460046000001
1969,O,oap1,-0.80000001192092896,13.268172647,12.507764362,6.4687394889999998
1970,O,oap1,-0.80000001192092896,13.298030717,12.624416759000001,13.340620159
1971,O,oap1,-0.80000001192092896,13.271212959,12.531204368999999,20.533235614999999
1972,O,oap1,-0.75,13.281035593,12.537734551,27.175616608999999
1973,O,oap1,-0.80000001192092896,22.844512699999999,12.460470133999999,6.495555038
1974,O,oap1,-0.80000001192092896,22.661403529000001,12.641418159000001,13.522215685000001
1975,O,oap1,-0.80000001192092896,22.96367133,12.506531508,20.657815195000001
1976,O,oap1,-0.75,21.243230197999999,11.032435552000001,26.000218964999998
1977,O,oap1,-0.80000001192092896,32.119863885999997,12.522946099,6.5315769530000001
1978,O,oap1,-0.80000001192092896,32.233221774999997,12.514860101,13.416563912000001
1979,O,oap1,-0.80000001192092896,32.184671315000003,12.549613111999999,20.340424842000001
1980,O,oap1,-0.75,31.909038715000001,12.757473821,27.272473792
1981,O,oap1,-0.80000001192092896,8.6560199820000001,4.3375514969999998,6.4845635279999998
1982,O,oap1,-0.80000001192092896,8.7017462349999999,4.183846248,13.481859160999999
1983,O,oap1,-0.80000001192092896,8.6574559349999998,4.5010333779999998,20.422983972000001
1984,O,oap1,-0.75,8.9349234640000006,4.2667712299999998,27.184479033999999
1985,O,oap1,-0.80000001192092896,18.057469166000001,4.2627442889999996,6.6274634519999998
1986,O,oap1,-0.80000001192092896,18.136194550999999,4.3746110370000002,13.584723371999999
1987,O,oap1,-0.80000001192092896,17.943838032999999,4.4044094459999998,20.561568428000001
1988,O,oap1,-0.75,17.876454681999999,4.8165515919999997,27.328030077000001
1989,O,oap1,-0.80000001192092896,27.477964049000001,4.2763720330000004,6.861435621
1990,O,oap1,-0.80000001192092896,27.377009181999998,4.4777962369999997,13.604340909999999
1991,O,oap1,-0.80000001192092896,27.463787239999998,4.3039870809999998,20.643797373999998
1992,O,oap1,-0.75,27.639126783999998,4.0327610969999999,27.064996073
1993,O,oap1,-0.80000001192092896,36.806397611000001,4.2544817430000004,6.584968334
1994,O,oap1,-0.80000001192092896,37.055713603999997,4.3650339249999996,13.625224819
1995,O,oap1,-0.80000001192092896,37.057539421000001,4.4003464069999998,20.523368423000001
1996,O,oap1,-0.75,35.827270958,4.6389230159999997,27.733961793999999
1997,Ca,ca+h,1.5,1.210031817,31.165348463000001,6.5806032239999999
1998,Ca,ca+h,1.5,1.338794185,31.068629680000001,13.52143676
1999,Ca,ca+h,1.5,1.348317253,31.031147798999999,20.429396007000001
2000,Ca,ca+h,1.5,1.7272697050000001,30.827336494000001,27.539849823000001
2001,Ca,ca+h,1.5,10.763350269,31.214534322999999,6.4391619819999999
2002,Ca,ca+h,1.5,10.707570056,31.110395,13.504791162
2003,Ca,ca+h,1.5,10.824193136,31.174734079,20.325801952999999
2004,Ca,ca+h,1.5,20.202597081,31.072107008,6.4053224909999997
2005,Ca,ca+h,1.5,20.143177388000002,30.937059350999998,13.457231227999999
2006,Ca,ca+h,1.5,20.199358201999999,31.100066096999999,20.460581584
2007,Ca,ca+h,1.5,20.510903452000001,31.162080789000001,27.402195902999999
2008,Ca,ca+h,1.5,29.461808210000001,31.022810917000001,6.500711323
2009,Ca,ca+h,1.5,29.583884357999999,30.959139339,13.51015033
2010,Ca,ca+h,1.5,29.618089337000001,31.167629131000002,20.485433711999999
2011,Ca,ca+h,1.5,30.119520000000001,30.641865030000002,27.458866487000002
2012,Ca,ca+h,1.5,5.8795749600000002,22.866592875999999,6.2846474600000004
2013,Ca,ca+h,1.5,5.837984134,23.006202435999999,13.294287443
2014,Ca,ca+h,1.5,6.1209391689999997,23.040242848999998,20.430529704000001
2015,Ca,ca+h,1.5,6.4883803269999998,22.627532956,27.533160915
2016,Ca,ca+h,1.5,15.500583861000001,22.953562767000001,6.4378305659999997
2017,Ca,ca+h,1.5,15.533931815000001,22.889913621000002,13.506967639999999
2018,Ca,ca+h,1.5,15.517637026999999,22.950596751999999,20.537898873
2019,Ca,ca+h,1.5,24.802570418999998,22.989597206999999,6.4347309240000001
2020,Ca,ca+h,1.5,24.810762775000001,22.859849623999999,13.491365216
2021,Ca,ca+h,1.5,24.896907692999999,23.109185688,20.512000442000001
2022,Ca,ca+h,1.5,24.905869012,23.728443792,27.095826298999999
2023,Ca,ca+h,1.5,34.190894126000003,23.008453202999998,6.4761085300000003
2024,Ca,ca+h,1.5,34.419479019000001,22.844664795,13.484238019999999
2025,Ca,ca+h,1.5,34.169008335999997,22.902296432,20.306292117000002
2026,Ca,ca+h,1.5,34.489411103000002,22.927109713,27.243971702
2027,Ca,ca+h,1.5,1.2637813120000001,14.775757368000001,6.4765062240000004
2028,Ca,ca+h,1.5,1.2499447589999999,14.852536221999999,13.503536429
2029,Ca,ca+h,1.5,1.339760845,14.762678000999999,20.446988127000001
2030,Ca,ca+h,1.5,1.5989276130000001,14.366707536,27.433503074000001
2031,Ca,ca+h,1.5,10.723743078,14.735920301,6.4566418199999998
2032,Ca,ca+h,1.5,10.728030930999999,14.660366530999999,13.498766872999999
2033,Ca,ca+h,1.5,10.627430006999999,14.705636519,20.577122827
2034,Ca,ca+h,1.5,10.487924486000001,14.650880398,27.420536304999999
2035,Ca,ca+h,1.5,20.253741050999999,14.642785303,6.0521292610000001
2036,Ca,ca+h,1.5,20.055782079,14.704548102,13.459059903
2037,Ca,ca+h,1.5,20.14054651,14.748201891000001,20.354904667
2038,Ca,ca+h,1.5,29.562186926999999,14.907152850999999,6.4247717729999998
2039,Ca,ca+h,1.5,29.549148035000002,14.73181115,13.54859203
2040,Ca,ca+h,1.5,29.515370096000002,14.774285933,20.394221043000002
2041,Ca,ca+h,1.5,29.910518938999999,14.153866324999999,27.251864099999999
2042,Ca,ca+h,1.5,5.843550918,6.5976925959999999,6.7880324600000002
2043,Ca,ca+h,1.5,6.0022220649999998,6.4449746389999998,13.525963455999999
2044,Ca,ca+h,1.5,5.9992092259999996,6.6361140120000002,20.504155643000001
2045,Ca,ca+h,1.5,6.1000898069999998,6.3198975439999998,27.534885989999999
2046,Ca,ca+h,1.5,15.45978581,6.7134023679999997,6.4701817879999997
2047,Ca,ca+h,1.5,15.446003599999999,6.5763308130000002,13.486187888
2048,Ca,ca+h,1.5,15.379979226,6.5330677660000003,20.450164066999999
2049,Ca,ca+h,1.5,15.779335634000001,6.3819304790000002,27.349842450000001
2050,Ca,ca+h,1.5,24.735745463000001,6.5498455819999997,6.5715201710000004
2051,Ca,ca+h,1.5,24.714984756,6.6739325559999996,13.541151211000001
2052,Ca,ca+h,1.5,24.738891874,6.6566717630000003,20.459370967000002
2053,Ca,ca+h,1.5,24.65562186,7.6934055859999999,26.979355955999999
2054,Ca,ca+h,1.5,34.153117895999998,6.652354206,6.2515482569999996
2055,Ca,ca+h,1.5,34.214819251999998,6.5783340499999996,13.470368649999999
2056,Ca,ca+h,1.5,34.467678028999998,6.7387499819999999,20.344694254
2057,P,pap,1,7.786840486,29.948153819000002,6.3680530590000002
2058,P,pap,1,7.8057984090000003,29.770090840000002,13.403278702
2059,P,pap,1,7.865984504,29.790175598000001,20.436347588
2060,P,pap,1,8.5835853560000004,29.825201008000001,27.238832754000001
2061,P,pap,1,17.330307486999999,29.707811120999999,6.5334359519999996
2062,P,pap,1,17.227419278999999,29.752290896000002,13.459685749
2063,P,pap,1,17.439735755000001,29.802283809999999,20.455473964999999
2064,P,pap,1,17.629661272,30.361218555000001,27.350682939999999
2065,P,pap,1,26.551120604000001,29.643723726000001,6.6815462129999998
2066,P,pap,1,26.650643597999998,29.768613073000001,13.442463398999999
2067,P,pap,1,26.817981142000001,29.780358450000001,20.377837929999998
2068,P,pap,1,27.013936020999999,29.660271429000002,27.487409619000001
2069,P,pap,1,36.134371094000002,29.790368769000001,6.4900050470000004
2070,P,pap,1,36.126413779000004,29.838955786,13.548835993000001
2071,P,pap,1,36.082809089999998,29.700985578000001,20.420419979999998
2072,P,pap,1,36.353553259000002,29.722410457999999,27.602759987999999
2073,P,pap,1,3.0309042079999999,21.586658417999999,6.4605125069999998
2074,P,pap,1,2.9778584179999998,21.692540555000001,13.402444834000001
2075,P,pap,1,3.2535109869999999,21.666557231999999,20.414435353999998
2076,P,pap,1,3.1533050010000001,22.496526435,27.334951618000002
2077,P,pap,1,12.603400990000001,21.418864159000002,6.5178253310000001
2078,P,pap,1,12.599105912000001,21.674763091999999,13.405375336000001
2079,P,pap,1,12.571620614,21.616372125000002,20.425352493999998
2080,P,pap,1,12.864492651999999,22.161054740000001,27.425272013000001
2081,P,pap,1,22.045846279999999,21.580276887,6.5179195549999998
2082,P,pap,1,21.993683146999999,21.577616626000001,13.480654158
2083,P,pap,1,22.094091844000001,21.851700882999999,20.540044434999999
2084,P,pap,1,22.154087383,22.218258715000001,27.537589064999999
2085,P,pap,1,31.443769925000002,21.750595587999999,6.3703803199999998
2086,P,pap,1,31.467725195,21.502113212000001,13.359472158999999
2087,P,pap,1,31.334232753999999,21.701514542000002,20.412984978000001
2088,P,pap,1,31.391298935999998,21.577853452999999,27.311947357000001
2089,P,pap,1,7.7726335860000004,13.640657137,6.4313642690000004
2090,P,pap,1,7.8173177129999996,13.460503387999999,13.498607324
2091,P,pap,1,7.7048080790000002,13.35684457,20.508646421000002
2092,P,pap,1,7.6995938820000003,13.282908165,27.467240244999999
2093,P,pap,1,17.121064599,13.302467065,6.5953971600000001
2094,P,pap,1,17.244542514999999,13.379671281,13.427855836000001
2095,P,pap,1,17.273382787999999,13.609250844,20.387900756000001
2096,P,pap,1,17.145123008999999,13.349127197,27.561374261000001
2097,P,pap,1,26.584524969,13.678520357,6.6500161889999996
2098,P,pap,1,26.655232314999999,13.386767719,13.447296571000001
2099,P,pap,1,26.688659716,13.484450804,20.356082505
2100,P,pap,1,26.892693926,13.804525768,27.338696248000002
2101,P,pap,1,35.990369893999997,13.489990171000001,6.5796805010000003
2102,P,pap,1,35.994419342999997,13.519557484,13.428985794999999
2103,P,pap,1,36.057123492999999,13.486806667,20.294305654999999
2104,P,pap,1,36.257611906999998,14.067944188,27.736161970000001
2105,P,pap,1,3.098703548,5.2199475260000003,6.4908498750000003
2106,P,pap,1,3.1902899919999999,5.3360278699999997,13.470597504000001
2107,P,pap,1,3.280908637,5.2701459469999996,20.545172764
2108,P,pap,1,3.081348642,5.4678116899999996,27.208668604
2109,P,pap,1,12.615800103,5.4001215910000004,6.4606550870000001
2110,P,pap,1,12.585030765999999,5.2412565000000004,13.458055997000001
2111,P,pap,1,12.603763101,5.2383459869999998,20.452771734999999
2112,P,pap,1,12.693152462,5.4572520579999999,27.449637508999999
2113,P,pap,1,21.983454808000001,5.2605047210000002,6.5786911320000003
2114,P,pap,1,21.960366825000001,5.399988059,13.545190981999999
2115,P,pap,1,21.850234771,5.4243666189999997,20.551222722999999
2116,P,pap,1,22.364814314,5.5491545039999997,27.44771849
2117,P,pap,1,31.342310399999999,5.394132033,6.4911579250000004
2118,P,pap,1,31.394953128000001,5.4106344350000004,13.593708104999999
2119,P,pap,1,31.476471225000001,5.3310297599999998,20.466879559999999
2120,P,pap,1,31.605547839,5.6684378530000004,27.566992974000001
2121,O,oap1,-0.80000001192092896,7.5212828600000003,28.484564932000001,6.8774661579999998
2122,O,oap1,-0.80000001192092896,7.9171340289999996,28.305222229000002,13.723618913999999
2123,O,oap1,-0.80000001192092896,7.8034242699999998,28.278543498000001,20.541587451000002
2124,O,oap1,-0.75,9.070748773,28.353391296000002,27.600798056999999
2125,O,oap1,-0.80000001192092896,17.290832129000002,28.114291831999999,6.4897420520000004
2126,O,oap1,-0.80000001192092896,17.120535603,28.235558939000001,13.509836017
2127,O,oap1,-0.80000001192092896,17.321757471000002,28.257200044000001,20.420726910999999
2128,O,oap1,-0.75,18.317201123,29.856577532999999,26.021535417999999
2129,O,oap1,-0.80000001192092896,26.411085728,28.135644864,6.5704575089999997
2130,O,oap1,-0.80000001192092896,26.352793477999999,28.271890675000002,13.340278635000001
2131,O,oap1,-0.80000001192092896,26.678366397000001,28.252764235000001,20.362684112
2132,O,oap1,-0.75,26.827383739999998,28.144085386,27.418930044
2133,O,oap1,-0.80000001192092896,35.925783029999998,28.267284298,6.3159464139999999
2134,O,oap1,-0.80000001192092896,35.844642045000001,28.376901262000001,13.612944408000001
2135,O,oap1,-0.80000001192092896,36.095894244,28.188976461999999,20.234761592000002
2136,O,oap1,-0.75,36.829954620000002,29.625939609,26.143057467999999
2137,O,oap1,-0.80000001192092896,3.217625237,20.114013318000001,6.1940262190000004
2138,O,oap1,-0.80000001192092896,2.9276986229999999,20.174329158999999,13.184468213000001
2139,O,oap1,-0.80000001192092896,3.1255338689999999,20.106120985,20.387874359000001
2140,O,oap1,-0.75,3.521317373,21.626544125999999,26.107585681
2141,O,oap1,-0.80000001192092896,12.753526709000001,19.935863867999998,6.0854118780000004
2142,O,oap1,-0.80000001192092896,12.542003210000001,20.118835623999999,13.129094461999999
2143,O,oap1,-0.80000001192092896,12.541241253999999,20.092307021,20.197395966999999
2144,O,oap1,-0.75,13.121300986,21.358340171999998,26.136301234000001
2145,O,oap1,-0.80000001192092896,22.000657473,20.052580068000001,6.3133491150000003
2146,O,oap1,-0.80000001192092896,21.832837252000001,20.119807511000001,13.079030012
2147,O,oap1,-0.80000001192092896,22.166872120000001,20.337570834000001,20.263224606000001
2148,O,oap1,-0.75,23.028560455000001,21.650313304000001,26.417403251
2149,O,oap1,-0.80000001192092896,31.308221327999998,20.242586798000001,6.4610576249999996
2150,O,oap1,-0.80000001192092896,31.280493168,19.956272838,13.337867793999999
2151,O,oap1,-0.80000001192092896,31.249121729999999,20.143955255000002,20.254752558
2152,O,oap1,-0.75,31.131048439000001,20.062208844000001,27.36384713
2153,O,oap1,-0.80000001192092896,7.7799636540000003,12.088734780999999,6.3267426889999996
2154,O,oap1,-0.80000001192092896,7.7353048380000002,11.931669655,13.303033489000001
2155,O,oap1,-0.80000001192092896,7.538715238,11.845456061,20.420185490000001
2156,O,oap1,-0.75,7.8839337199999999,11.784882208999999,27.768447631000001
2157,O,oap1,-0.80000001192092896,17.406545145999999,11.81880014,6.1861914540000003
2158,O,oap1,-0.80000001192092896,17.187709647999998,11.845889181,13.385056933
2159,O,oap1,-0.80000001192092896,17.451929281000002,12.074401886,20.369290236000001
2160,O,oap1,-0.75,17.364505618999999,11.843949319,27.726984899000001
2161,O,oap1,-0.80000001192092896,26.364065738000001,12.203583048,7.0380806839999996
2162,O,oap1,-0.80000001192092896,26.756253601000001,11.8468699,13.325693356
2163,O,oap1,-0.80000001192092896,26.454418569000001,11.957465381,20.324898469000001
2164,O,oap1,-0.75,27.665164104999999,13.488062107999999,26.033168615000001
2165,O,oap1,-0.80000001192092896,35.848172980000001,11.950896149,6.4906249340000004
2166,O,oap1,-0.80000001192092896,36.073426159,11.979587315,13.57627426
2167,O,oap1,-0.80000001192092896,35.937268531999997,11.955336953,20.125964896999999
2168,O,oap1,-0.75,37.107878624000001,13.279391423,26.741286536
2169,O,oap1,-0.80000001192092896,3.1971120229999999,3.7250812820000001,6.3548695789999998
2170,O,oap1,-0.80000001192092896,3.2656869930000001,3.8022947490000001,13.411600727
2171,O,oap1,-0.80000001192092896,3.1467056200000001,3.7565973829999999,20.390607457000002
2172,O,oap1,-0.75,4.1123475149999997,5.2283480879999997,26.035877802000002
2173,O,oap1,-0.80000001192092896,12.743903612,3.88716412,6.6384091950000004
2174,O,oap1,-0.80000001192092896,12.543471754,3.6926915199999999,13.568551276999999
2175,O,oap1,-0.80000001192092896,12.603182677,3.6965730969999999,20.530025418000001
2176,O,oap1,-0.75,12.481700525999999,3.9629676539999998,27.547946951
2177,O,oap1,-0.80000001192092896,21.708306635,3.7445979839999999,6.5368588750000001
2178,O,oap1,-0.80000001192092896,21.795587219000002,3.891353225,13.458694704999999
2179,O,oap1,-0.80000001192092896,21.680973364,3.9310301029999999,20.193464968000001
2180,O,oap1,-0.75,22.223020105,4.0509642560000003,27.759224637999999
2181,O,oap1,-0.80000001192092896,31.174300535,3.8762886590000001,6.4957674770000002
2182,O,oap1,-0.80000001192092896,31.273165241000001,3.9321782330000001,13.659671203
2183,O,oap1,-0.80000001192092896,31.497884489,3.8195086429999998,20.720332076999998
2184,O,oap1,-0.75,31.430907481999999,4.1444356549999997,27.14429853
2185,O,oap1,-0.80000001192092896,6.4396101870000004,30.648864866,6.0816121660000002
2186,O,oap1,-0.80000001192092896,6.3365381620000001,30.189616468000001,13.382809975000001
2187,O,oap1,-0.80000001192092896,6.414570501,30.350135457,20.561703079000001
2188,O,oap1,-0.75,7.1829157620000004,30.046175374000001,27.877231627
2189,O,oap1,-0.80000001192092896,15.925465169000001,30.338795051999998,6.5427949229999998
2190,O,oap1,-0.80000001192092896,15.829204204,30.416587569000001,13.513677664999999
2191,O,oap1,-0.80000001192092896,16.14264399,30.499487661,20.373867794999999
2192,O,oap1,-0.75,16.180075454000001,30.689053492999999,27.272871716000001
2193,O,oap1,-0.80000001192092896,25.212867800000001,30.489057363000001,6.6685562129999996
2194,O,oap1,-0.80000001192092896,25.321049073000001,30.538553146999998,13.45215745
2195,O,oap1,-0.80000001192092896,25.451706891000001,30.480691329999999,20.317813248
2196,O,oap1,-0.75,25.703095354999999,30.466707002,27.095905493
2197,O,oap1,-0.80000001192092896,34.729559692000002,30.550301995000002,6.4511766599999998
2198,O,oap1,-0.80000001192092896,34.742545057999997,30.619956717000001,13.549636339999999
2199,O,oap1,-0.80000001192092896,34.654907117999997,30.247433652000002,20.553435969999999
2200,O,oap1,-0.75,34.796965110999999,29.744647252,27.644966982
2201,O,oap1,-0.80000001192092896,1.538983481,21.901244203000001,6.6103868400000003
2202,O,oap1,-0.80000001192092896,1.6025376579999999,22.413769959,13.488994615999999
2203,O,oap1,-0.80000001192092896,1.82284913,22.371932747999999,20.382310317000002
2204,O,oap1,-0.75,1.677383415,23.056274058,27.191991131999998
2205,O,oap1,-0.80000001192092896,11.080085539000001,21.814414261,6.5100692430000002
2206,O,oap1,-0.80000001192092896,11.194036369999999,22.340521436,13.460697152
2207,O,oap1,-0.80000001192092896,11.159823189999999,22.199583518000001,20.528795476999999
2208,O,oap1,-0.75,11.302488029999999,22.263638925999999,27.724160558000001
2209,O,oap1,-0.80000001192092896,20.579496824,22.196381214999999,6.5272979720000004
2210,O,oap1,-0.80000001192092896,20.500669963,22.026926539000002,13.543888511
2211,O,oap1,-0.80000001192092896,20.599724898000002,22.303106207999999,20.593468834999999
2212,O,oap1,-0.75,20.704508309000001,22.442699502,27.068916380000001
2213,O,oap1,-0.80000001192092896,30.03231268,22.360631376000001,6.3223091809999996
2214,O,oap1,-0.80000001192092896,30.074470028,22.144582602,13.371001960999999
2215,O,oap1,-0.80000001192092896,29.954088099,22.372628328000001,20.493672926999999
2216,O,oap1,-0.75,30.179160479,22.489014584,27.063738718
2217,O,oap1,-0.80000001192092896,6.3006139599999997,14.095125785,6.5144158189999999
2218,O,oap1,-0.80000001192092896,6.4213349070000003,14.172548752000001,13.521363374
2219,O,oap1,-0.80000001192092896,6.3003155389999996,14.032838587000001,20.457063116
2220,O,oap1,-0.75,6.2155208919999998,13.373663018,27.019367466999999
2221,O,oap1,-0.80000001192092896,15.68342966,13.651728015,6.3024749900000003
2222,O,oap1,-0.80000001192092896,15.765700718,13.962687924000001,13.462445240999999
2223,O,oap1,-0.80000001192092896,15.812499146,14.140914736999999,20.350840653999999
2224,O,oap1,-0.75,15.656524376,13.469796893,27.415193070000001
2225,O,oap1,-0.80000001192092896,25.195696949999999,14.327412802,6.4360955390000001
2226,O,oap1,-0.80000001192092896,25.226563144,13.914727063000001,13.551202118999999
2227,O,oap1,-0.80000001192092896,25.351575358000002,14.237109381,20.326104239999999
2228,O,oap1,-0.75,25.443031166000001,14.11903949,27.045850141999999
2229,O,oap1,-0.80000001192092896,34.608267269000002,14.203245826,6.564096052
2230,O,oap1,-0.80000001192092896,34.581163603,14.14572066,13.354643819
2231,O,oap1,-0.80000001192092896,34.693300766,14.065292361999999,20.299673550000001
2232,O,oap1,-0.75,35.016446547999998,14.591889019,27.053985487999999
2233,O,oap1,-0.80000001192092896,1.625093898,5.6489365960000004,6.471145409
2234,O,oap1,-0.80000001192092896,1.7183857,5.8840625519999996,13.589081500000001
2235,O,oap1,-0.80000001192092896,1.8184982700000001,5.8164783629999999,20.636232736
2236,O,oap1,-0.75,1.69482976,5.965419947,26.680436884999999
2237,O,oap1,-0.80000001192092896,11.105165903,5.8051791660000003,6.5372130320000004
2238,O,oap1,-0.80000001192092896,11.176120601999999,5.9012472650000003,13.542103554000001
2239,O,oap1,-0.80000001192092896,11.122918670000001,5.7377203879999996,20.360253828000001
2240,O,oap1,-0.75,11.284306169000001,6.0473744890000001,27.299899839999998
2241,O,oap1,-0.80000001192092896,20.676991283,5.9955450859999999,6.732798668
2242,O,oap1,-0.80000001192092896,20.599220578000001,6.0966881370000001,13.537261083000001
2243,O,oap1,-0.80000001192092896,20.52552601,6.2761645890000004,20.628957801999999
2244,O,oap1,-0.75,20.953544056999998,6.2304751090000003,27.462973826999999
2245,O,oap1,-0.80000001192092896,29.961771774999999,6.1740322030000003,6.4588016059999998
2246,O,oap1,-0.80000001192092896,29.979815287000001,6.1381803379999997,13.454766355
2247,O,oap1,-0.80000001192092896,30.027188396,5.8830655170000004,20.380113374
2248,O,oap1,-0.75,30.151776846000001,6.3325573310000003,27.621132848999999
2249,Ca,ca+h,1.5,5.8079431289999999,26.905931244000001,6.595894404
2250,Ca,ca+h,1.5,5.9858538970000001,27.160147340000002,13.457374489999999
2251,Ca,ca+h,1.5,5.8721785979999996,26.927078552000001,20.381417032000002
2252,Ca,ca+h,1.5,15.327678799999999,26.911094476999999,6.4595804609999998
2253,Ca,ca+h,1.5,15.205359723999999,26.873152967999999,13.635178303
2254,Ca,ca+h,1.5,15.317686761999999,26.904653088,20.386138840000001
2255,Ca,ca+h,1.5,14.541671041000001,25.59382489,26.537675989
2256,Ca,ca+h,1.5,24.507913571,26.738640478000001,6.4770418440000004
2257,Ca,ca+h,1.5,24.545737923000001,26.832426558000002,13.571569948
2258,Ca,ca+h,1.5,24.661958082000002,26.880027895000001,20.464343267
2259,Ca,ca+h,1.5,33.982963366,26.951990706,6.4402547309999996
2260,Ca,ca+h,1.5,33.932201886999998,26.890137878000001,13.543568173000001
2261,Ca,ca+h,1.5,34.165866950000002,26.935196102999999,20.672241197000002
2262,Ca,ca+h,1.5,34.309631275999998,27.049846508000002,27.526336475000001
2263,Ca,ca+h,1.5,1.1582746100000001,18.857746705,6.1963312520000002
2264,Ca,ca+h,1.5,1.1295536850000001,18.783110872999998,13.392696404
2265,Ca,ca+h,1.5,1.072762623,18.76189231,20.378972099999999
2266,Ca,ca+h,1.5,10.627873846,18.961987745999998,6.3437706289999998
2267,Ca,ca+h,1.5,10.506011449000001,18.701351142,13.348269887000001
2268,Ca,ca+h,1.5,10.496798452,18.874997616000002,20.317758297000001
2269,Ca,ca+h,1.5,9.5552486040000009,21.517143977,25.988781448000001
2270,Ca,ca+h,1.5,19.907228737000001,18.757334317000002,6.389342203
2271,Ca,ca+h,1.5,19.972677417,18.676335833,13.408067373
2272,Ca,ca+h,1.5,20.072704064,18.983624855999999,20.406733937999999
2273,Ca,ca+h,1.5,29.248470321999999,18.871044779999998,6.202964981
2274,Ca,ca+h,1.5,29.323188202000001,18.757609532,13.498492350999999
2275,Ca,ca+h,1.5,29.258608442,18.846888901,20.475194711
2276,Ca,ca+h,1.5,29.358799609999998,18.594184514999998,27.261993523000001
2277,Ca,ca+h,1.5,5.833152632,10.726402005000001,6.4811314739999997
2278,Ca,ca+h,1.5,5.6454202970000003,10.573101536999999,13.488408514
2279,Ca,ca+h,1.5,5.6422736000000002,10.498026998,20.363065006999999
2280,Ca,ca+h,1.5,5.5527526119999999,11.075007542,27.371215136
2281,Ca,ca+h,1.5,15.198426166999999,10.797393137,6.3225415509999996
2282,Ca,ca+h,1.5,15.175301604,10.730177946,13.393990057
2283,Ca,ca+h,1.5,15.260338252,10.750203653,20.318499807999999
2284,Ca,ca+h,1.5,15.260736423000001,10.963162355,27.158197087000001
2285,Ca,ca+h,1.5,24.462923279000002,10.677007279,6.5300367179999999
2286,Ca,ca+h,1.5,24.702701939000001,10.709185137,13.394279973
2287,Ca,ca+h,1.5,24.559579660000001,10.575543953,20.594355491000002
2288,Ca,ca+h,1.5,33.981875012000003,10.482924768,6.4011472999999999
2289,Ca,ca+h,1.5,34.084845069000004,10.604538242,13.441213663999999
2290,Ca,ca+h,1.5,33.888617410000002,10.55468497,20.417514423
2291,Ca,ca+h,1.5,1.045938944,2.6359618610000002,6.3855979549999997
2292,Ca,ca+h,1.5,1.0814255989999999,2.574686872,13.408926235999999
2293,Ca,ca+h,1.5,1.2044291739999999,2.4704805009999999,20.529679534
2294,Ca,ca+h,1.5,10.562245351,2.9529662189999999,6.504815249
2295,Ca,ca+h,1.5,10.554281270000001,2.4267843949999999,13.460238751
2296,Ca,ca+h,1.5,10.542182334,2.524211378,20.534387532
2297,Ca,ca+h,1.5,10.586131697000001,2.4762843870000002,27.376660600000001
2298,Ca,ca+h,1.5,19.693963152999999,2.358520655,6.518960345
2299,Ca,ca+h,1.5,19.890215652999998,2.4724224010000002,13.41169676
2300,Ca,ca+h,1.5,19.743961200000001,2.508001095,20.468358525999999
2301,Ca,ca+h,1.5,29.140289324000001,2.4912457680000002,6.5421091450000004
2302,Ca,ca+h,1.5,29.447880338000001,2.4412404489999999,13.594085253999999
2303,Ca,ca+h,1.5,29.518679120000002,2.4120560069999999,20.561606674
2304,Ca,ca+h,1.5,29.529167358999999,2.7330514680000002,27.430620776000001
2305,P,pap,1,8.4135425290000008,25.243357416999999,6.3343239259999997
2306,P,pap,1,8.3170918650000001,25.132994347,13.389473707000001
2307,P,pap,1,8.3605160099999996,25.0919414,20.401171657999999
2308,P,pap,1,8.0554306199999992,25.202525746999999,27.419344921
2309,P,pap,1,17.788373118999999,24.937001410000001,6.5389195280000001
2310,P,pap,1,17.850383699000002,25.070276356000001,13.466470378
2311,P,pap,1,17.775115503999999,25.148249319000001,20.537649179999999
2312,P,pap,1,17.671437138000002,25.315891077,27.504870493999999
2313,P,pap,1,27.196917955,25.120304424,6.6806085570000002
2314,P,pap,1,27.212919838000001,25.213401693000002,13.372912635
2315,P,pap,1,27.181212695999999,25.088504417999999,20.405551848000002
2316,P,pap,1,27.383828111,25.196426155000001,27.505150317999998
2317,P,pap,1,36.523002957000003,25.086125872,6.5192039800000003
2318,P,pap,1,36.494740585999999,25.135062430000001,13.466908202999999
2319,P,pap,1,36.605747084000001,25.043208625999998,20.463800373000002
2320,P,pap,1,36.660989927999999,25.014327396999999,27.194024152000001
2321,P,pap,1,3.6901752810000001,17.017793231999999,6.3809828919999996
2322,P,pap,1,3.5659064850000002,17.047938861999999,13.490627965
2323,P,pap,1,3.6306367769999999,16.956581661000001,20.440609759000001
2324,P,pap,1,3.2116877349999999,17.148849614,27.400559497
2325,P,pap,1,13.149394819999999,16.794974822,6.4396786989999999
2326,P,pap,1,13.032980121,16.948266242999999,13.598612175
2327,P,pap,1,12.927235944,16.977296964000001,20.459957535000001
2328,P,pap,1,13.202139583999999,17.017285855000001,27.458095316000001
2329,P,pap,1,22.373175275000001,16.857537211,6.5393461459999997
2330,P,pap,1,22.528440517,17.00140768,13.412815238
2331,P,pap,1,22.395378784999998,16.979248926,20.563012757999999
2332,P,pap,1,22.436548168000002,17.111201014999999,27.338978529999999
2333,P,pap,1,31.716357883000001,17.011200000999999,6.4159231349999999
2334,P,pap,1,31.925574826999998,16.927831371,13.517393259
2335,P,pap,1,31.855626552,16.929883578999998,20.454067202000001
2336,P,pap,1,31.981995254000001,16.930860146000001,27.335726649000001
2337,P,pap,1,8.2387313449999997,8.7848387310000007,6.7085612860000001
2338,P,pap,1,8.2896725809999996,8.7896156039999997,13.509774095999999
2339,P,pap,1,8.4530341310000008,8.8521431160000006,20.538258088999999
2340,P,pap,1,7.861765975,8.7312949260000003,27.500957224
2341,P,pap,1,17.845187343999999,8.8121752929999992,6.4770172190000004
2342,P,pap,1,17.687477872999999,8.7795803130000003,13.440554718
2343,P,pap,1,17.807742355999999,8.9884229629999997,20.443238740000002
2344,P,pap,1,17.601666793,8.9103742589999992,27.241270348
2345,P,pap,1,26.992252972999999,8.7864809959999999,6.48953063
2346,P,pap,1,27.275664580000001,8.7830784669999993,13.559050544
2347,P,pap,1,27.146874777000001,8.7795339400000003,20.653881889000001
2348,P,pap,1,27.429968206000002,8.7525112190000005,27.470533123999999
2349,P,pap,1,36.442344720000001,8.7567163350000001,6.5647207610000002
2350,P,pap,1,36.595350523999997,8.7940761280000004,13.493484419
2351,P,pap,1,36.563102610000001,8.8220543970000005,20.491064858000001
2352,P,pap,1,36.565291852999998,8.9524998619999998,27.427875907000001
2353,P,pap,1,3.6715826960000002,0.53438787600000004,6.4011156590000002
2354,P,pap,1,3.627760023,0.51350444799999995,13.559627369999999
2355,P,pap,1,3.7055204370000001,0.57036087099999999,20.414145504
2356,P,pap,1,3.1196404449999999,0.76225584300000004,27.566269692999999
2357,P,pap,1,13.040328653,0.53557853700000002,6.6435199950000001
2358,P,pap,1,13.056363873,0.67463136800000001,13.385438947999999
2359,P,pap,1,13.053125201,0.58344797100000001,20.301732609999998
2360,P,pap,1,12.992638027,0.61836453999999996,27.416943139000001
2361,P,pap,1,22.540396144999999,0.50672407900000005,6.2673467499999997
2362,P,pap,1,22.514321407000001,0.58910604099999997,13.380943139999999
2363,P,pap,1,22.363530213000001,0.71277716199999996,20.402017081
2364,P,pap,1,22.557757565999999,0.75426612299999996,27.475137034999999
2365,P,pap,1,31.749420616999998,0.72208402100000002,6.4961558049999999
2366,P,pap,1,31.939902692,0.69738931400000004,13.606946639
2367,P,pap,1,32.138436225,0.75662323600000003,20.439679382000001
2368,P,pap,1,31.467157329999999,0.66822875100000001,27.462118593
2369,O,oap1,-0.80000001192092896,9.5707129420000001,26.14203698,6.0036392950000002
2370,O,oap1,-0.80000001192092896,9.7038677539999991,25.802274082,13.289298364
2371,O,oap1,-0.80000001192092896,9.6917087209999995,25.778719694999999,20.474068222
2372,O,oap1,-0.75,7.942811914,25.853659353000001,26.025695048999999
2373,O,oap1,-0.80000001192092896,19.011846469999998,25.829083729000001,6.9104247169999997
2374,O,oap1,-0.80000001192092896,19.189889446999999,25.829099442,13.508716481
2375,O,oap1,-0.80000001192092896,19.162526003,25.805018799999999,20.470874398999999
2376,O,oap1,-0.75,18.755965834000001,26.441567085999999,27.506377521000001
2377,O,oap1,-0.80000001192092896,28.321129233000001,26.121567662,6.2073805780000004
2378,O,oap1,-0.80000001192092896,28.522313496999999,25.930350236999999,13.238297982000001
2379,O,oap1,-0.80000001192092896,28.523559637000002,25.792677987000001,20.153340127
2380,O,oap1,-0.75,28.767987726000001,25.778142971000001,27.735471234999999
2381,O,oap1,-0.80000001192092896,37.797325158,25.904057648999999,6.857036151
2382,O,oap1,-0.80000001192092896,37.870114493999999,25.837186916,13.281267857
2383,O,oap1,-0.80000001192092896,37.929392626000002,25.825361772000001,20.369307442
2384,O,oap1,-0.75,36.218280552000003,26.225269721,26.33561869
2385,O,oap1,-0.80000001192092896,5.1416881160000001,17.568369813,6.2377570569999996
2386,O,oap1,-0.80000001192092896,4.834294216,17.879539171000001,13.637415473000001
2387,O,oap1,-0.80000001192092896,4.9960773559999998,17.65643588,20.379177664
2388,O,oap1,-0.75,4.4177187739999999,17.947927456999999,27.880904579999999
2389,O,oap1,-0.80000001192092896,14.585596987000001,17.332204457,6.3893051420000004
2390,O,oap1,-0.80000001192092896,14.458538681,17.555727530999999,13.71405255
2391,O,oap1,-0.80000001192092896,14.284660914,17.601244173000001,20.306351631999998
2392,O,oap1,-0.75,14.663000729,16.554154002000001,27.344035471000002
2393,O,oap1,-0.80000001192092896,23.755974448,17.538964959000001,6.7972465499999997
2394,O,oap1,-0.80000001192092896,23.838721218,17.807826764000001,13.455868755999999
2395,O,oap1,-0.80000001192092896,23.703544361999999,17.798733034000001,20.505520995000001
2396,O,oap1,-0.75,23.497125953000001,18.072962927999999,27.932830018000001
2397,O,oap1,-0.80000001192092896,33.000686092000002,17.683981932999998,6.9328775419999999
2398,O,oap1,-0.80000001192092896,33.238817234999999,17.677129947000001,13.219414139
2399,O,oap1,-0.80000001192092896,33.137998265,17.789734515999999,20.297880927000001
2400,O,oap1,-0.75,33.392403999999999,17.588825514,27.474954744000001
2401,O,oap1,-0.80000001192092896,9.6090109049999999,9.4747617309999992,6.9302139479999996
2402,O,oap1,-0.80000001192092896,9.589268852,9.5192583660000007,13.676237127
2403,O,oap1,-0.80000001192092896,9.8068308099999992,9.5839791109999997,20.437209183
2404,O,oap1,-0.75,8.0831569049999992,9.3016630290000002,26.113664652000001
2405,O,oap1,-0.80000001192092896,19.177912337999999,9.4284640040000003,6.9118954629999996
2406,O,oap1,-0.80000001192092896,19.063331388999998,9.452889613,13.222230029
2407,O,oap1,-0.80000001192092896,19.126218026,9.7295614609999994,20.461454422999999
2408,O,oap1,-0.75,17.540805892000002,9.7975315290000005,25.987064178000001
2409,O,oap1,-0.80000001192092896,28.208548748999998,9.7177265070000001,6.1079272509999996
2410,O,oap1,-0.80000001192092896,28.508364042,9.6083900589999995,13.340746126000001
2411,O,oap1,-0.80000001192092896,28.548079120000001,9.4899879990000002,20.488938484999998
2412,O,oap1,-0.75,28.949830213999999,8.8916340340000009,27.318800460999999
2413,O,oap1,-0.80000001192092896,37.665559146,9.7004580370000006,6.5537338189999996
2414,O,oap1,-0.80000001192092896,38.007918695000001,9.3621914309999994,13.693814467999999
2415,O,oap1,-0.80000001192092896,37.754415538000003,9.7730819980000003,20.772435595000001
2416,O,oap1,-0.75,37.662088845,9.9778063750000001,27.798781584
2417,O,oap1,-0.80000001192092896,4.9453780060000003,1.299637554,5.9544047539999996
2418,O,oap1,-0.80000001192092896,5.039602694,1.098384692,13.621011136
2419,O,oap1,-0.80000001192092896,5.0406241600000001,1.3387428729999999,20.239964422
2420,O,oap1,-0.75,3.3855944600000001,1.291335294,26.093222291
2421,O,oap1,-0.80000001192092896,14.122317539000001,1.4284424229999999,5.9650838080000002
2422,O,oap1,-0.80000001192092896,14.431326553,1.425593645,13.512592754
2423,O,oap1,-0.80000001192092896,14.353171184000001,1.303321685,20.681906223999999
2424,O,oap1,-0.75,14.272922342999999,1.4402662820000001,27.445038777000001
2425,O,oap1,-0.80000001192092896,23.881941770000001,1.1885816629999999,6.3823724000000004
2426,O,oap1,-0.80000001192092896,23.802233834999999,1.4115578150000001,13.626686453
2427,O,oap1,-0.80000001192092896,23.668365100999999,1.552208341,20.440279181000001
2428,O,oap1,-0.75,23.844981852,1.5428491929999999,27.934453202
2429,O,oap1,-0.80000001192092896,33.051890178000001,1.500760852,6.2085397499999999
2430,O,oap1,-0.80000001192092896,33.300665043999999,1.4194297650000001,13.487055466999999
2431,O,oap1,-0.80000001192092896,33.468897464999998,1.4109978400000001,20.449259571999999
2432,O,oap1,-0.75,31.556796322,1.5475972200000001,26.186836921000001
2433,O,oap1,-0.80000001192092896,8.8698573060000001,23.731960646000001,6.381732242
2434,O,oap1,-0.80000001192092896,8.3803837140000006,23.582474864000002,13.372253495000001
2435,O,oap1,-0.80000001192092896,8.4527074070000001,23.558682505,20.312177757000001
2436,O,oap1,-0.75,8.7629404540000007,23.804839198,27.278804721
2437,O,oap1,-0.80000001192092896,18.072850438,23.449777215000001,6.4161050790000003
2438,O,oap1,-0.80000001192092896,18.036508613999999,23.541989979,13.460446543
2439,O,oap1,-0.80000001192092896,17.974515877999998,23.609772175,20.674125991
2440,O,oap1,-0.75,18.436579084000002,23.988692257,27.554689519
2441,O,oap1,-0.80000001192092896,27.864220221,23.754032939999998,6.75558382
2442,O,oap1,-0.80000001192092896,27.462068347999999,23.673906564999999,13.488278191999999
2443,O,oap1,-0.80000001192092896,27.447794498,23.590458763000001,20.589659132000001
2444,O,oap1,-0.75,27.365778550000002,23.672424088,27.536546550000001
2445,O,oap1,-0.80000001192092896,36.775403713999999,23.578950645999999,6.4048561619999997
2446,O,oap1,-0.80000001192092896,36.597976914,23.632061159999999,13.406651994000001
2447,O,oap1,-0.80000001192092896,36.869034997999997,23.529577531000001,20.399657757
2448,O,oap1,-0.75,36.647440054,23.826163351000002,26.188148995999999
2449,O,oap1,-0.80000001192092896,3.6136558179999998,15.487424019000001,6.4600446470000001
2450,O,oap1,-0.80000001192092896,3.8018570930000002,15.448179554999999,13.493292173
2451,O,oap1,-0.80000001192092896,3.7319452210000001,15.409719498999999,20.513480480999998
2452,O,oap1,-0.75,3.5717068460000001,15.640783645999999,27.428362746000001
2453,O,oap1,-0.80000001192092896,13.150702951,15.21195556,6.471977818
2454,O,oap1,-0.80000001192092896,13.144504869,15.413280178999999,13.530632146
2455,O,oap1,-0.80000001192092896,13.087368607,15.422828978,20.448211070999999
2456,O,oap1,-0.75,12.347418112,15.794974617999999,27.716136772999999
2457,O,oap1,-0.80000001192092896,22.51888658,15.330267428999999,6.4995940860000001
2458,O,oap1,-0.80000001192092896,22.832758213999998,15.516066443,13.471332994000001
2459,O,oap1,-0.80000001192092896,22.809220178,15.5663272,20.553357599000002
2460,O,oap1,-0.75,23.053912649000001,15.713498715,27.299881549999998
2461,O,oap1,-0.80000001192092896,31.865467992999999,15.465515399999999,6.2402594440000003
2462,O,oap1,-0.80000001192092896,32.145196198999997,15.398751023000001,13.485139192
2463,O,oap1,-0.80000001192092896,32.079011268000002,15.412113057999999,20.599567219000001
2464,O,oap1,-0.75,32.033002169,15.431543485000001,27.207545575000001
2465,O,oap1,-0.80000001192092896,8.3529678490000006,7.2272797779999998,6.6100127190000002
2466,O,oap1,-0.80000001192092896,8.4340653220000004,7.2532142759999996,13.377508137
2467,O,oap1,-0.80000001192092896,8.5868772270000004,7.2737323610000004,20.520011772
2468,O,oap1,-0.75,8.2602775360000003,7.2624787719999997,27.565341834000002
2469,O,oap1,-0.80000001192092896,17.852421400000001,7.2361065890000003,6.5639908619999998
2470,O,oap1,-0.80000001192092896,17.917703662000001,7.2529688200000004,13.528186924
2471,O,oap1,-0.80000001192092896,17.969055368999999,7.4526658010000002,20.541120934999999
2472,O,oap1,-0.75,18.194293797,7.4906883630000003,27.047141615000001
2473,O,oap1,-0.80000001192092896,27.415043641,7.3263438919999997,6.4913091930000002
2474,O,oap1,-0.80000001192092896,27.532999191999998,7.2772028459999998,13.542065171999999
2475,O,oap1,-0.80000001192092896,27.344228045000001,7.2421710160000003,20.609036946
2476,O,oap1,-0.75,26.922773721999999,7.3568432379999997,27.659158741999999
2477,O,oap1,-0.80000001192092896,36.966219191999997,7.2742312980000001,6.5643773769999996
2478,O,oap1,-0.80000001192092896,36.55709916,7.2226776109999999,13.408791486
2479,O,oap1,-0.80000001192092896,36.990400876000002,7.3597696130000001,20.344392439
2480,O,oap1,-0.75,37.212154337000001,7.5581405879999997,27.323063003000001
2481,O,oap1,-0.80000001192092896,3.859486558,-1.016879404,6.4333925909999996
2482,O,oap1,-0.80000001192092896,3.6360881909999998,-1.0481807670000001,13.571212354
2483,O,oap1,-0.80000001192092896,3.9330715120000002,-0.94690347100000005,20.554710696000001
2484,O,oap1,-0.75,3.8160746620000001,-0.57527646099999996,27.641325449
2485,O,oap1,-0.80000001192092896,13.452829519,-1.0048680050000001,6.5893923650000001
2486,O,oap1,-0.80000001192092896,13.349920555000001,-0.87102701000000005,13.346250587
2487,O,oap1,-0.80000001192092896,13.270220157000001,-0.95301756000000004,20.127620144000002
2488,O,oap1,-0.75,13.287315581,-0.88605247600000003,27.159111842000002
2489,O,oap1,-0.80000001192092896,22.676448184000002,-1.0256706229999999,6.4339106419999998
2490,O,oap1,-0.80000001192092896,22.713532425,-0.95967146599999997,13.354230138
2491,O,oap1,-0.80000001192092896,22.677526193999999,-0.80116229500000002,20.440702243
2492,O,oap1,-0.75,22.872985002,-0.78469840899999999,27.439268642999998
2493,O,oap1,-0.80000001192092896,32.037895450000001,-0.80381449000000005,6.6685510990000001
2494,O,oap1,-0.80000001192092896,32.085185537000001,-0.87839688500000002,13.699977852
2495,O,oap1,-0.80000001192092896,32.328379339999998,-0.71105984,20.275421609999999
2496,O,oap1,-0.75,32.162038469000002,-0.67850506300000002,27.272723141
2497,O,oap2,-1.1000000238418579,0.088430564000000003,32.826207443999998,10.106745118999999
2498,O,oap2,-1.1000000238418579,0.061983133000000003,33.024504366000002,16.811736219
2499,O,oap2,-1.1000000238418579,0.077546306999999995,32.812436034000001,24.716006166
2500,O,oap2,-1.1000000238418579,9.6407781769999996,33.052060318999999,9.4052970640000009
2501,O,oap2,-1.1000000238418579,9.4967229530000008,33.012466562999997,16.081838921999999
2502,O,oap2,-1.1000000238418579,9.4323769619999993,33.196566253,22.890019886000001
2503,O,oap2,-1.1000000238418579,18.886683855000001,33.061453489000002,9.2048330739999997
2504,O,oap2,-1.1000000238418579,18.850077733999999,32.900614595999997,16.490538031
2505,O,oap2,-1.1000000238418579,18.992721248999999,33.095492905,24.74098309
2506,O,oap2,-1.1000000238418579,28.308879763,32.992218291,10.502705484
2507,O,oap2,-1.1000000238418579,28.476565431000001,33.121663849999997,16.470535423000001
2508,O,oap2,-1.1000000238418579,28.492029471999999,32.951792627000003,23.044861349000001
2509,O,oap2,-1.1000000238418579,4.6606689799999996,24.860671759999999,9.9121359830000006
2510,O,oap2,-1.1000000238418579,4.6258615140000003,24.869814524999999,16.359779591999999
2511,O,oap2,-1.1000000238418579,5.0192951810000004,24.974864645,24.332182842000002
2512,O,oap2,-1.1000000238418579,14.013843337999999,24.969995667999999,9.6022658189999994
2513,O,oap2,-1.1000000238418579,14.252091016,24.962422333999999,17.769828808
2514,O,oap2,-1.1000000238418579,14.069108196,24.95511801,24.154450601000001
2515,O,oap2,-1.1000000238418579,23.443645545999999,24.841445416999999,10.886392421
2516,O,oap2,-1.1000000238418579,23.583329983999999,24.951720978000001,17.628946736
2517,O,oap2,-1.1000000238418579,23.971180193999999,24.677472509000001,24.988507967
2518,O,oap2,-1.1000000238418579,32.931449448000002,24.919131295,9.6069444960000006
2519,O,oap2,-1.1000000238418579,32.954325291000004,24.662088216000001,17.535727989000002
2520,O,oap2,-1.1000000238418579,33.181500249000003,24.827893576000001,26.47997385
2521,O,oap2,-1.1000000238418579,-0.069774891000000006,16.709379796,9.6735847889999995
2522,O,oap2,-1.1000000238418579,-0.12626110900000001,16.748617701000001,17.366480825
2523,O,oap2,-1.1000000238418579,-0.16299291900000001,16.981333470999999,24.878427085999999
2524,O,oap2,-1.1000000238418579,9.2232579559999994,16.773256914000001,10.317374298000001
2525,O,oap2,-1.1000000238418579,9.2855190660000009,16.891025504000002,16.505211800000001
2526,O,oap2,-1.1000000238418579,9.2813327490000006,16.478636749,23.789749200999999
2527,O,oap2,-1.1000000238418579,18.940640382000002,16.548536858999999,9.2848049019999994
2528,O,oap2,-1.1000000238418579,18.884629983,16.775389409999999,16.104355425000001
2529,O,oap2,-1.1000000238418579,18.61473075,16.579831764000001,24.772774161000001
2530,O,oap2,-1.1000000238418579,28.252162713000001,16.710552917000001,10.693111111
2531,O,oap2,-1.1000000238418579,28.269138892000001,16.728983190000001,17.687773406000002
2532,O,oap2,-1.1000000238418579,28.291803902000002,16.737213254,24.735516218000001
2533,O,oap2,-1.1000000238418579,4.6849851720000002,8.6319561730000007,9.2935305439999993
2534,O,oap2,-1.1000000238418579,4.6841671329999999,8.6970293939999994,16.574221808000001
2535,O,oap2,-1.1000000238418579,4.666868569,8.5894908979999993,23.287127163000001
2536,O,oap2,-1.1000000238418579,13.966969987000001,8.5304938729999993,9.5672958650000002
2537,O,oap2,-1.1000000238418579,14.102889854000001,8.5065757879999992,16.527712877999999
2538,O,oap2,-1.1000000238418579,14.225177926000001,8.6405960129999997,23.388353791
2539,O,oap2,-1.1000000238418579,23.496603472,8.5051416720000006,10.66383023
2540,O,oap2,-1.1000000238418579,23.504173680000001,8.6713806909999995,17.614811364000001
2541,O,oap2,-1.1000000238418579,23.776728102,8.6953135679999995,24.841275839000001
2542,O,oap2,-1.1000000238418579,32.968757300999997,8.5260587220000001,9.6186266180000004
2543,O,oap2,-1.1000000238418579,32.891962403999997,8.4980440609999999,16.124540519
2544,O,oap2,-1.1000000238418579,32.868794110000003,8.6260744440000003,23.594414381
2545,O,oap2,-1.1000000238418579,-0.111731232,33.081586199999997,6.7807003349999997
2546,O,oap2,-1.1000000238418579,0.10128424599999999,33.058519531999998,12.996177763
2547,O,oap2,-1.1000000238418579,0.203723126,32.990875090000003,21.143802494999999
2548,O,oap2,-1.1000000238418579,8.6163961629999992,32.703547536999999,4.7290568339999997
2549,O,oap2,-1.1000000238418579,9.4563672319999998,33.010917720000002,12.557939132
2550,O,oap2,-1.1000000238418579,9.5741611720000002,33.117197376,19.641893646
2551,O,oap2,-1.1000000238418579,18.711716184,32.820061434000003,5.5419660119999996
2552,O,oap2,-1.1000000238418579,18.787839191,32.972443925999997,12.959637240999999
2553,O,oap2,-1.1000000238418579,18.855968266000001,33.074826793,21.383858074999999
2554,O,oap2,-1.1000000238418579,28.362550900999999,33.063832163999997,7.2033718020000004
2555,O,oap2,-1.1000000238418579,28.275737439,32.951732694999997,13.302906760999999
2556,O,oap2,-1.1000000238418579,28.322383301999999,33.093683677000001,20.072340992000001
2557,O,oap2,-1.1000000238418579,4.5248973870000002,24.869183449000001,6.959444328
2558,O,oap2,-1.1000000238418579,4.843218985,25.144586311000001,13.205109431
2559,O,oap2,-1.1000000238418579,4.7606145450000001,24.877577371000001,19.931171727999999
2560,O,oap2,-1.1000000238418579,14.174151455000001,24.896118269999999,5.6423988659999997
2561,O,oap2,-1.1000000238418579,14.180307249,24.781165824999999,14.037834793
2562,O,oap2,-1.1000000238418579,14.182695446,24.920383301000001,21.017961836000001
2563,O,oap2,-1.1000000238418579,23.489268588000002,24.762982127000001,7.4988453130000003
2564,O,oap2,-1.1000000238418579,23.514396429000001,24.708779530000001,14.485823083
2565,O,oap2,-1.1000000238418579,23.538545759000002,24.925929901,21.317132677
2566,O,oap2,-1.1000000238418579,33.209753724000002,24.903654173,5.1942806519999998
2567,O,oap2,-1.1000000238418579,32.989208255000001,24.788061961,14.178878188000001
2568,O,oap2,-1.1000000238418579,32.902889760999997,24.825519548999999,21.260159677000001
2569,O,oap2,-1.1000000238418579,-0.024311847000000001,16.85384371,6.6674979959999998
2570,O,oap2,-1.1000000238418579,0.090851366000000003,16.74838699,12.601193813
2571,O,oap2,-1.1000000238418579,-0.066246924999999998,16.746517941,21.031207536
2572,O,oap2,-1.1000000238418579,9.6978320339999993,16.794946175,5.7590528689999996
2573,O,oap2,-1.1000000238418579,9.3635117920000006,16.660821882,13.761790143000001
2574,O,oap2,-1.1000000238418579,9.4731288179999993,16.718748747999999,20.113802901
2575,O,oap2,-1.1000000238418579,18.764784372000001,16.792631278999998,5.2446231839999999
2576,O,oap2,-1.1000000238418579,18.866808713000001,16.69017118,12.645945741
2577,O,oap2,-1.1000000238418579,18.854652476999998,16.839888129999999,20.684005235000001
2578,O,oap2,-1.1000000238418579,28.741599176000001,16.418815712000001,4.5158614889999997
2579,O,oap2,-1.1000000238418579,28.254884582999999,16.633356166999999,14.105731200999999
2580,O,oap2,-1.1000000238418579,28.116045014000001,16.811770420999999,21.135228035000001
2581,O,oap2,-1.1000000238418579,4.6126259999999997,8.6231975599999995,6.2679974170000001
2582,O,oap2,-1.1000000238418579,4.7898064619999996,8.4485328739999996,12.703269468
2583,O,oap2,-1.1000000238418579,4.4782462799999996,8.4434335960000002,19.760998291
2584,O,oap2,-1.1000000238418579,14.172772219000001,8.5526312240000006,6.0184561529999998
2585,O,oap2,-1.1000000238418579,14.20180695,8.5869284589999992,13.711697779
2586,O,oap2,-1.1000000238418579,14.280246731,8.6205332020000007,20.004428019999999
2587,O,oap2,-1.1000000238418579,23.594825512,8.4142927140000001,7.4675019110000003
2588,O,oap2,-1.1000000238418579,23.551499356000001,8.7411396769999996,14.270109489999999
2589,O,oap2,-1.1000000238418579,23.516844691999999,8.5857117560000002,21.615089650000002
2590,O,oap2,-1.1000000238418579,32.947434903000001,8.7178841800000004,5.1370144
2591,O,oap2,-1.1000000238418579,32.956526707999998,8.5417602580000001,12.831035343
2592,O,oap2,-1.1000000238418579,33.000269455000002,8.5626572880000005,19.475884873999998
2593,H,hop,0.20000000298023224,0.050208256,32.848087890999999,11.097605615999999
2594,H,hop,0.20000000298023224,-0.18068099200000001,32.843796660999999,15.924378194000001
2595,H,hop,0.20000000298023224,0.61982327199999998,32.059465404999997,25.013846442999998
2596,H,hop,0.20000000298023224,10.185827081999999,33.231546418000001,8.6169132499999996
2597,H,hop,0.20000000298023224,9.8660878800000003,32.884819913000001,15.201200897
2598,H,hop,0.20000000298023224,9.2925386559999996,33.455030807,21.962389523999999
2599,H,hop,0.20000000298023224,18.433889205,32.533562439000001,8.5637464130000005
2600,H,hop,0.20000000298023224,18.62653392,32.668469037000001,15.601119403
2601,H,hop,0.20000000298023224,18.943855455000001,33.212803043999997,25.661232811000001
2602,H,hop,0.20000000298023224,28.608312856000001,33.074193581999999,11.428501241999999
2603,H,hop,0.20000000298023224,28.394671554999999,33.254134753000002,15.525745866999999
2604,H,hop,0.20000000298023224,28.239228572999998,33.043946210999998,22.176403944
2605,H,hop,0.20000000298023224,4.7100781459999999,24.403230061999999,10.755632529
2606,H,hop,0.20000000298023224,4.8032539329999997,24.857872337,15.41458094
2607,H,hop,0.20000000298023224,5.1102804500000003,24.738239136000001,23.418931922999999
2608,H,hop,0.20000000298023224,14.221279775999999,25.235961522,8.6803524850000002
2609,H,hop,0.20000000298023224,14.004268498,24.914801990000001,18.682030721
2610,H,hop,0.20000000298023224,14.017097167999999,24.966121202,23.210691690000001
2611,H,hop,0.20000000298023224,23.784633192000001,24.414021738999999,11.614920207999999
2612,H,hop,0.20000000298023224,24.013774926,24.967099519000001,18.435572377
2613,H,hop,0.20000000298023224,24.119526862000001,25.624028551999999,25.159545250000001
2614,H,hop,0.20000000298023224,33.047130922000001,25.036925074999999,8.6533974590000007
2615,H,hop,0.20000000298023224,32.786937405000003,24.420594571999999,18.457250163000001
2616,H,hop,0.20000000298023224,33.410480831000001,24.748199393,25.573158584000002
2617,H,hop,0.20000000298023224,-0.299235531,16.481947045999998,8.7743185910000001
2618,H,hop,0.20000000298023224,-0.91019004199999998,16.737581147,17.965952935000001
2619,H,hop,0.20000000298023224,0.41931396900000001,17.574985681000001,25.270883637000001
2620,H,hop,0.20000000298023224,9.2094747320000003,17.009703155,11.243905134
2621,H,hop,0.20000000298023224,9.3987892839999994,16.862060547999999,15.601222186999999
2622,H,hop,0.20000000298023224,9.2435848509999996,16.471636618000002,22.852927786999999
2623,H,hop,0.20000000298023224,19.210096895,15.870939917999999,8.6249525919999996
2624,H,hop,0.20000000298023224,18.543062498000001,16.984652754999999,15.236763418000001
2625,H,hop,0.20000000298023224,18.805829151000001,17.094804527000001,25.600807726999999
2626,H,hop,0.20000000298023224,28.025888595000001,16.725351595999999,11.613311083999999
2627,H,hop,0.20000000298023224,28.521024749999999,17.284666530999999,18.450241637000001
2628,H,hop,0.20000000298023224,28.433527123000001,16.415978667000001,25.602985604000001
2629,H,hop,0.20000000298023224,5.1157730350000001,9.4116972279999995,8.9803016450000008
2630,H,hop,0.20000000298023224,4.5484921979999999,8.1928989730000001,15.741891422
2631,H,hop,0.20000000298023224,4.7796640080000001,9.0922490259999993,22.438286854000001
2632,H,hop,0.20000000298023224,14.106876711,8.8016055140000002,8.7080818390000001
2633,H,hop,0.20000000298023224,13.849362498,8.5891505010000007,15.574737188
2634,H,hop,0.20000000298023224,14.238905699,8.8472760430000008,22.486213785
2635,H,hop,0.20000000298023224,23.921313153,8.3616290020000008,11.561708793999999
2636,H,hop,0.20000000298023224,23.631837704999999,8.8659803069999992,18.570731578
2637,H,hop,0.20000000298023224,23.836303268999998,9.5486189499999998,25.264820305000001
2638,H,hop,0.20000000298023224,33.443415764999997,8.2342199780000005,8.8264305410000006
2639,H,hop,0.20000000298023224,32.874297943000002,8.378228901,15.159445354000001
2640,H,hop,0.20000000298023224,32.867721629999998,8.4410457349999994,22.67666577
2641,H,hop,0.20000000298023224,-0.35291567000000001,32.944563635999998,7.6565520039999999
2642,H,hop,0.20000000298023224,-0.068612009000000002,33.337045021999998,12.108769324000001
2643,H,hop,0.20000000298023224,0.54574720499999996,32.864050378000002,21.999453088999999
2644,H,hop,0.20000000298023224,9.5333302119999992,32.601730265,4.6639618719999998
2645,H,hop,0.20000000298023224,9.8161625430000008,33.180552296999998,11.691224608000001
2646,H,hop,0.20000000298023224,9.3729693090000001,33.802468988000001,19.018709939000001
2647,H,hop,0.20000000298023224,19.062477108,33.338828298000003,4.792759319
2648,H,hop,0.20000000298023224,18.461612212999999,32.771205033000001,12.127788391999999
2649,H,hop,0.20000000298023224,19.007865425999999,33.131358065999997,22.321494583
2650,H,hop,0.20000000298023224,28.502048068000001,32.930773027999997,8.1492341770000003
2651,H,hop,0.20000000298023224,28.289865652,32.746318758999998,12.389138346999999
2652,H,hop,0.20000000298023224,28.314953952,33.118179615000003,19.135072017999999
2653,H,hop,0.20000000298023224,4.6411813369999999,24.766213309000001,7.9110539720000004
2654,H,hop,0.20000000298023224,4.5362458800000001,25.28113304,12.362192369000001
2655,H,hop,0.20000000298023224,4.7268954079999999,24.589916166999998,18.979778534000001
2656,H,hop,0.20000000298023224,13.789898628,25.441724571999998,4.9510293839999999
2657,H,hop,0.20000000298023224,14.283567944,24.731185751000002,14.957585985
2658,H,hop,0.20000000298023224,14.678715677,25.032885320999998,21.808937151999999
2659,H,hop,0.20000000298023224,23.071959795000001,24.156275283999999,8.1182398249999999
2660,H,hop,0.20000000298023224,23.630690190999999,24.715486448,15.40795717
2661,H,hop,0.20000000298023224,23.549534523999998,24.588938099,22.204484388000001
2662,H,hop,0.20000000298023224,32.602252198999999,25.514413686000001,4.8244384760000001
2663,H,hop,0.20000000298023224,33.165430985,24.612742170000001,15.049853656
2664,H,hop,0.20000000298023224,32.551142484000003,25.170559320999999,22.018204345000001
2665,H,hop,0.20000000298023224,0.1014772,16.802913308000001,7.5997302810000003
2666,H,hop,0.20000000298023224,-0.086278850000000004,16.337690284000001,11.758309381
2667,H,hop,0.20000000298023224,-0.35708062499999998,17.171730993000001,21.851533773
2668,H,hop,0.20000000298023224,9.4564497289999991,16.842975365000001,4.840570241
2669,H,hop,0.20000000298023224,9.3627517129999998,16.243230817000001,14.596344658
2670,H,hop,0.20000000298023224,9.6183416249999993,16.95873289,19.197525067000001
2671,H,hop,0.20000000298023224,19.651957465999999,16.887485269999999,4.9751021030000002
2672,H,hop,0.20000000298023224,19.381018613999998,16.731883154999998,11.851436040999999
2673,H,hop,0.20000000298023224,19.593353321999999,16.691819662,21.252733964000001
2674,H,hop,0.20000000298023224,28.071435019999999,17.127637488000001,4.4291076589999996
2675,H,hop,0.20000000298023224,28.384068622000001,16.371892005999999,14.991976537999999
2676,H,hop,0.20000000298023224,28.222047530000001,16.553780063000001,22.072143565000001
2677,H,hop,0.20000000298023224,4.6448099459999996,8.6610014060000005,7.2418880000000003
2678,H,hop,0.20000000298023224,5.5116935270000003,8.0837100419999999,12.182032507000001
2679,H,hop,0.20000000298023224,4.5043911530000003,8.3411353249999998,18.846515985
2680,H,hop,0.20000000298023224,14.441039279,8.4235739009999993,5.1427157499999998
2681,H,hop,0.20000000298023224,14.298410954,8.3313189370000007,14.62228825
2682,H,hop,0.20000000298023224,14.05235749,8.8133650180000007,19.125223446
2683,H,hop,0.20000000298023224,23.821659311000001,8.3474565720000005,8.4049800169999997
2684,H,hop,0.20000000298023224,23.533501794999999,8.7572234180000006,15.234967006
2685,H,hop,0.20000000298023224,23.470771970000001,8.5141726200000001,22.538871578999998
2686,H,hop,0.20000000298023224,32.783529755000004,8.0379750310000002,4.4593441499999997
2687,H,hop,0.20000000298023224,32.939251020999997,8.4565174499999998,11.896127656999999
2688,H,hop,0.20000000298023224,32.555518034000002,8.6012058699999994,18.655840085000001
2689,H,hop,0.40000000596046448,10.196091515000001,30.821112038999999,26.856473168000001
2690,H,hop,0.40000000596046448,18.602852239000001,28.748260857999998,28.201464945000001
2691,H,hop,0.40000000596046448,27.530072899,29.284394228,29.290338831
2692,H,hop,0.40000000596046448,37.875442479999997,28.486281760000001,28.356993934999998
2693,H,hop,0.40000000596046448,3.3660292900000002,27.442255838000001,29.261205840999999
2694,H,hop,0.40000000596046448,10.389969982,28.426600057999998,28.229006048999999
2695,H,hop,0.40000000596046448,22.099990171999998,27.093033226999999,29.425490519
2696,H,hop,0.40000000596046448,29.285062352000001,27.226875411999998,28.468994816999999
2697,H,hop,0.40000000596046448,8.9506318199999999,27.069013994999999,28.138706590000002
2698,H,hop,0.40000000596046448,16.693698814000001,24.701946328999998,29.074247410000002
2699,H,hop,0.40000000596046448,26.385140059000001,26.675995826000001,28.301957276
2700,H,hop,0.40000000596046448,38.569721504,24.438122243999999,27.493809572
2701,H,hop,0.40000000596046448,4.1060741519999997,21.077025626000001,28.287498181
2702,H,hop,0.40000000596046448,14.224241654,21.000580196000001,28.198119793
2703,H,hop,0.40000000596046448,21.301602115000001,20.878535908,28.632759466
2704,H,hop,0.40000000596046448,32.641591231,21.253584248999999,28.673683364999999
2705,H,hop,0.40000000596046448,6.0612850859999998,18.092541902000001,28.263050902
2706,H,hop,0.40000000596046448,16.726676179999998,18.652125186999999,29.532027985999999
2707,H,hop,0.40000000596046448,24.799811003999999,19.323908324000001,28.511341699999999
2708,H,hop,0.40000000596046448,35.720635598999998,19.072041896999998,29.296133577999999
2709,H,hop,0.40000000596046448,2.3503772170000001,18.063916181,28.896212841000001
2710,H,hop,0.40000000596046448,13.798813955,18.688882499000002,28.497157121000001
2711,H,hop,0.40000000596046448,21.221365141,16.068371762000002,28.331228978999999
2712,H,hop,0.40000000596046448,31.878890076000001,17.397944825,29.261443912000001
2713,H,hop,0.40000000596046448,7.1929322139999998,14.280537474999999,29.00474694
2714,H,hop,0.40000000596046448,18.068204974,13.526920841999999,29.352925169999999
2715,H,hop,0.40000000596046448,26.05448925,12.777083992,28.853011413000001
2716,H,hop,0.40000000596046448,35.493745154999999,12.509293098000001,28.793275953999999
2717,H,hop,0.40000000596046448,0.87169451899999995,11.227073707000001,28.425238150999999
2718,H,hop,0.40000000596046448,11.564833218,10.271972759000001,28.818747177999999
2719,H,hop,0.40000000596046448,23.675949114000002,11.712896677,26.720244560000001
2720,H,hop,0.40000000596046448,31.939416742999999,11.129365525000001,29.030493652000001
2721,H,hop,0.40000000596046448,8.5145401409999995,10.45680825,28.296252691999999
2722,H,hop,0.40000000596046448,18.108289620000001,10.617743642000001,28.278153575000001
2723,H,hop,0.40000000596046448,27.628788195999999,10.420811383,28.527960273000001
2724,H,hop,0.40000000596046448,35.452496961000001,7.9152148450000004,28.594307135000001
2725,H,hop,0.40000000596046448,1.8851867250000001,4.1701951910000004,27.690906116000001
2726,H,hop,0.40000000596046448,12.642821237,6.3580689289999999,29.086986205999999
2727,H,hop,0.40000000596046448,23.142864151000001,5.5100687940000004,29.09348542
2728,H,hop,0.40000000596046448,33.193997191999998,5.3065447910000003,28.741567924999998
2729,H,hop,0.40000000596046448,7.3927511350000001,1.9560134360000001,28.823646487000001
2730,H,hop,0.40000000596046448,17.965152057000001,3.3265479299999998,29.362375554
2731,H,hop,0.40000000596046448,24.883925316999999,2.6889861430000002,28.718538464000002
2732,H,hop,0.40000000596046448,36.009044742,2.8388772289999999,29.230396708000001
2733,H,hop,0.40000000596046448,3.22548923,2.5766538959999998,28.497755101999999
2734,H,hop,0.40000000596046448,12.478338245,0.043728702000000001,29.189221151000002
2735,H,hop,0.40000000596046448,21.287790733000001,2.0115562659999999,28.173835574000002
2736,H,hop,0.40000000596046448,32.759531051000003,1.966198186,28.360394255999999
2737,H,hop,0.40000000596046448,5.5246161579999997,32.666625383000003,0.14353025699999999
2738,H,hop,0.40000000596046448,14.888456131,31.592314544000001,1.3607821410000001
2739,H,hop,0.40000000596046448,27.138892146,34.366036332999997,4.4979654470000003
2740,H,hop,0.40000000596046448,33.588578368,32.411176943999997,1.1479411909999999
2741,H,hop,0.40000000596046448,2.3696172569999998,30.379313649,1.115753977
2742,H,hop,0.40000000596046448,12.480189111,32.118653217999999,2.4864774029999999
2743,H,hop,0.40000000596046448,21.403912394999999,31.095249898999999,1.3128430820000001
2744,H,hop,0.40000000596046448,28.386501332999998,31.288308269000002,2.0161564689999998
2745,H,hop,0.40000000596046448,6.203495448,27.901803020999999,0.98966011200000004
2746,H,hop,0.40000000596046448,14.169753187,28.784786299,2.1901847160000001
2747,H,hop,0.40000000596046448,25.364783837000001,27.149880558,1.102226887
2748,H,hop,0.40000000596046448,33.071062196,29.464464543999998,1.9934875759999999
2749,H,hop,0.40000000596046448,1.6601577059999999,23.085588042000001,2.249631001
2750,H,hop,0.40000000596046448,12.177999850999999,25.537729674000001,1.504653668
2751,H,hop,0.40000000596046448,21.659094581000002,23.731474874,2.3465441720000002
2752,H,hop,0.40000000596046448,27.842162513000002,25.379045693999998,2.2175891029999999
2753,H,hop,0.40000000596046448,5.7849343009999998,21.884366958000001,1.2943908639999999
2754,H,hop,0.40000000596046448,17.467828632,22.054807931999999,1.622126411
2755,H,hop,0.40000000596046448,26.0168371,24.169810074000001,2.6509884110000002
2756,H,hop,0.40000000596046448,36.564356660000001,22.92941648,2.3695964869999999
2757,H,hop,0.40000000596046448,1.6129963309999999,19.242013804999999,1.036827554
2758,H,hop,0.40000000596046448,9.9651550479999997,20.340516563000001,1.388885264
2759,H,hop,0.40000000596046448,20.819399657999998,20.995463976,1.335396829
2760,H,hop,0.40000000596046448,28.438907286999999,21.260761487,1.9677772650000001
2761,H,hop,0.40000000596046448,5.1178056070000002,16.035252753999998,1.0254342359999999
2762,H,hop,0.40000000596046448,16.251994826000001,14.694360595999999,2.2745503650000001
2763,H,hop,0.40000000596046448,26.181699546000001,17.816543029999998,1.9348376780000001
2764,H,hop,0.40000000596046448,35.214411544000001,15.457963091,1.6619325389999999
2765,H,hop,0.40000000596046448,1.8830603909999999,15.933677349,2.272475187
2766,H,hop,0.40000000596046448,11.403159234,13.684171406999999,0.80438183100000005
2767,H,hop,0.40000000596046448,20.693642334,13.895788203,1.0319290590000001
2768,H,hop,0.40000000596046448,31.482744071999999,14.440840978000001,1.368367602
2769,H,hop,0.40000000596046448,6.701188406,9.2997262509999992,4.1620419000000002
2770,H,hop,0.40000000596046448,15.438133753000001,12.073644772,1.0538432550000001
2771,H,hop,0.40000000596046448,23.553170262999998,12.068552369000001,2.2008474489999998
2772,H,hop,0.40000000596046448,33.467550713000001,12.261168967,1.570651236
2773,H,hop,0.40000000596046448,1.821373119,7.386638939,1.543023415
2774,H,hop,0.40000000596046448,11.060916436999999,6.6283437989999996,2.3263864949999999
2775,H,hop,0.40000000596046448,21.91844313,9.5880625130000006,3.9865265519999999
2776,H,hop,0.40000000596046448,30.012879522999999,6.7716599850000003,1.9329858769999999
2777,H,hop,0.40000000596046448,8.0406796370000002,6.9079298639999998,2.2716690119999998
2778,H,hop,0.40000000596046448,13.902045305,6.305702256,3.9717182270000002
2779,H,hop,0.40000000596046448,26.045307065999999,4.2665125890000004,1.822826437
2780,H,hop,0.40000000596046448,33.874840995,5.8634887669999998,1.3761827579999999
2781,H,hop,0.40000000596046448,0.398515434,4.5930397300000001,1.8984595070000001
2782,H,hop,0.40000000596046448,10.876183584,2.8867799980000002,1.297766229
2783,H,hop,0.40000000596046448,20.995863427,1.079325622,4.0943388460000003
2784,H,hop,0.40000000596046448,28.118886140000001,3.6674317749999998,1.6823941389999999
