id,element,ff_type,charge,x,y,z
1,O,oc23,-0.55000001192092896,3.8835973840000002,0.26991790500000001,10.917831411
2,O,oc23,-0.55000001192092896,9.7377403260000008,0.31181689699999998,2.9822069569999998
3,O,oc23,-0.55000001192092896,6.7655953159999997,0.30519317499999998,7.0511470210000002
4,O,oc23,-0.55000001192092896,2.8162211109999999,4.114139024,6.7579328800000003
5,O,oc23,-0.55000001192092896,8.234972591,4.1121174180000004,10.754024972
6,O,oc23,-0.55000001192092896,5.7942788079999996,4.2257886400000002,2.8506691640000001
7,O,oc23,-0.55000001192092896,5.782459405,3.4269465160000001,11.178777401
8,O,oc23,-0.55000001192092896,3.3854032790000002,3.5954504420000002,3.4069861559999999
9,O,oc23,-0.55000001192092896,8.7820841779999999,3.4460489330000001,7.2963916969999998
10,O,oc23,-0.55000001192092896,3.7403595140000001,1.068203204,8.4297961899999994
11,O,oc24,-0.67500001192092896,9.5940009419999992,1.0090488740000001,0.39260097700000002
12,O,oc23,-0.55000001192092896,6.6763457879999999,0.99995060599999996,4.3901970720000003
13,O,oc23,-0.55000001192092896,3.3921796839999998,2.7371049350000001,10.324682210000001
14,O,oc23,-0.55000001192092896,6.4378163439999998,2.8108634499999998,6.2834789549999996
15,O,oc23,-0.55000001192092896,2.101932337,1.5879721920000001,6.4934603649999998
16,O,oc23,-0.55000001192092896,7.4877291960000001,1.654097221,10.441049602
17,O,oc23,-0.55000001192092896,4.9969517129999996,1.7576271670000001,2.3966620430000001
18,O,oc23,-0.55000001192092896,7.4775795150000004,0.90356796399999995,1.805880879
19,O,oc23,-0.55000001192092896,1.611149489,1.0156019549999999,9.9208212430000007
20,O,oc23,-0.55000001192092896,4.5195226599999998,1.0198903370000001,5.9496785479999996
21,O,oc23,-0.55000001192092896,1.190216347,3.4528804260000001,4.8799468160000004
22,O,oc23,-0.55000001192092896,6.6450270570000001,3.425271886,8.7839566520000005
23,O,oc24,-0.67500001192092896,4.1618618339999998,3.715153242,0.89847835200000004
24,Si,sc4,1.1000000238418579,9.058010221,1.2428425919999999,1.8568191869999999
25,Si,sc4,1.1000000238418579,3.1147849220000001,1.293106423,9.9155646690000001
26,Si,sc4,1.1000000238418579,6.1203203930000001,1.2954770840000001,5.8947219640000004
27,Si,sc4,1.1000000238418579,1.568345697,3.1526479460000001,6.3959876910000002
28,Si,sc4,1.1000000238418579,7.0187820930000004,3.1626167729999999,10.264136427
29,Si,sc4,1.1000000238418579,4.5623602849999996,3.3103457299999999,2.3729757330000001
30,Si,sc4,1.1000000238418579,4.1733130620000001,3.7594228950000002,11.240054861999999
31,Si,sc4,1.1000000238418579,1.797726497,3.821226298,3.4703530599999999
32,Si,sc4,1.1000000238418579,7.2431895490000002,3.7638837270000001,7.2985867280000001
33,Si,sc4,1.1000000238418579,3.2996603659999999,0.72680308400000004,6.9553389619999999
34,Si,sc4,1.1000000238418579,8.6664574210000005,0.62041629399999998,10.901996253
35,Si,sc4,1.1000000238418579,6.24012046,0.68845904400000002,2.819797447
36,H,hoy,0.40000000596046448,4.5359331369999998,3.0863411090000001,0.31066161199999998
37,H,hoy,0.40000000596046448,10.305140369,1.6044503569999999,0.25495470199999998
38,O,oc23,-0.55000001192092896,3.170478809,0.26440991000000003,22.823007806
39,O,oc23,-0.55000001192092896,9.2910648069999997,0.25506855,14.929560372999999
40,O,oc23,-0.55000001192092896,6.3980494959999996,0.16488993399999999,18.844014949000002
41,O,oc23,-0.55000001192092896,2.161666195,4.0852755509999996,18.836630760999999
42,O,oc23,-0.55000001192092896,7.6686303430000002,4.1804032590000002,22.754545435000001
43,O,oc23,-0.55000001192092896,5.178286709,4.2040018290000001,14.799486429
44,O,oc23,-0.55000001192092896,5.1296378950000001,3.3231381579999999,23.148758774000001
45,O,oc23,-0.55000001192092896,2.733216622,3.3934830050000002,15.30833711
46,O,oc23,-0.55000001192092896,8.1390799969999996,3.297168927,19.225121552000001
47,O,oc23,-0.55000001192092896,3.2011288549999999,0.75998818300000004,20.285805471
48,O,oc23,-0.55000001192092896,9.1058888529999997,0.84692350100000002,12.407192841000001
49,O,oc23,-0.55000001192092896,6.1260639179999998,1.177588122,16.401022482999998
50,O,oc23,-0.55000001192092896,2.7663045820000001,2.7000158289999998,22.193464115000001
51,O,oc23,-0.55000001192092896,5.6932775409999996,2.6904978640000001,18.412408747000001
52,O,oc23,-0.55000001192092896,1.6260078259999999,1.5913526179999999,18.213273607000001
53,O,oc23,-0.55000001192092896,6.9582820339999998,1.718934073,22.038174080000001
54,O,oc23,-0.55000001192092896,4.4968530490000003,1.7666547939999999,14.461293977
55,O,oc23,-0.55000001192092896,6.9582820339999998,1.1244279699999999,13.940133672
56,O,oc23,-0.55000001192092896,0.87018297499999997,1.040629985,21.702976745000001
57,O,oc23,-0.55000001192092896,4.0476381200000002,0.69940439200000004,17.840019149
58,O,oc23,-0.55000001192092896,0.68457416699999996,3.5486002800000001,16.778004726999999
59,O,oc23,-0.55000001192092896,6.0815904039999999,3.7336614350000001,20.755599664999998
60,O,oc23,-0.55000001192092896,3.6877722259999999,3.6168175570000001,12.777321313
61,Si,sc4,1.1000000238418579,8.5677945609999995,1.2759570490000001,13.894225396
62,Si,sc4,1.1000000238418579,2.4920482609999999,1.1610288150000001,21.700381175
63,Si,sc4,1.1000000238418579,5.5671329280000004,1.168105478,17.846140253000002
64,Si,sc4,1.1000000238418579,1.046910813,3.1273061819999999,18.244011977
65,Si,sc4,1.1000000238418579,6.471471492,3.1928743860000002,22.209965515
66,Si,sc4,1.1000000238418579,4.0150835159999998,3.2639485069999998,14.303874345000001
67,Si,sc4,1.1000000238418579,3.5081069519999999,3.6849662699999999,23.138911868000001
68,Si,sc4,1.1000000238418579,1.209815182,3.7611307680000001,15.280592865999999
69,Si,sc4,1.1000000238418579,6.5465970430000002,3.7054960700000001,19.266305652
70,Si,sc4,1.1000000238418579,2.7740521720000002,0.51476085599999999,18.791786292000001
71,Si,sc4,1.1000000238418579,8.1515342529999995,0.74562501000000003,22.552614456000001
72,Si,sc4,1.1000000238418579,5.7327757210000003,0.76566862700000005,14.888774828000001
73,O,oc24,-0.67500001192092896,8.6499970259999994,1.0270708850000001,24.093472866999999
74,O,oc24,-0.67500001192092896,2.8813979839999999,3.3802002390000001,24.627674472999999
75,O,oc24,-0.67500001192092896,8.6485283079999995,5.9492779059999998,24.268058157999999
76,O,oc24,-0.67500001192092896,3.0637678500000001,8.138087831,24.883230046000001
77,O,oc24,-0.67500001192092896,8.3158078339999992,11.099317708999999,24.390946199999998
78,O,oc24,-0.67500001192092896,3.1308452999999998,13.60721944,24.740249635000001
79,O,oc24,-0.67500001192092896,8.3624864159999994,15.652831881999999,24.455817603
80,O,oc24,-0.67500001192092896,2.981529562,18.424977909999999,24.749099161
81,O,oc24,-0.67500001192092896,8.4772773180000005,20.870880154000002,24.454219414000001
82,O,oc24,-0.67500001192092896,3.0616642779999999,23.339007863999999,24.950697018
83,O,oc24,-0.67500001192092896,8.2695650920000006,26.073521206999999,24.394872272000001
84,O,oc24,-0.67500001192092896,2.8724483529999998,28.583618032,24.731267257999999
85,O,oc24,-0.89999997615814209,8.4157742310000003,30.85152098,24.416162290999999
86,O,oc24,-0.67500001192092896,3.0113139000000002,33.146195151999997,24.570520379000001
87,O,oc24,-0.67500001192092896,16.909610378,0.72715006000000004,24.214366147
88,O,oc24,-0.67500001192092896,11.423379441,3.3661528779999998,24.532197553
89,O,oc24,-0.67500001192092896,16.905068892999999,5.9325108289999999,24.125343451999999
90,O,oc24,-0.67500001192092896,11.359806615,8.4787212780000001,24.67285008
91,O,oc24,-0.67500001192092896,16.759894623000001,10.62674586,24.365464405000001
92,O,oc24,-0.67500001192092896,11.231761424,13.398140019,24.897070442
93,O,oc24,-0.89999997615814209,16.614686520999999,16.246918288,24.446168983
94,O,oc24,-0.67500001192092896,11.712995612,18.362540028000002,24.859146170999999
95,O,oc24,-0.67500001192092896,17.007873221000001,20.801652073,24.470653397
96,O,oc24,-0.67500001192092896,11.488287645,23.388750192,24.795472417999999
97,O,oc24,-0.67500001192092896,16.954651080000001,25.805985565,24.118556106
98,O,oc24,-0.67500001192092896,11.612159525999999,28.113173753000002,24.778973001000001
99,O,oc24,-0.67500001192092896,16.746672176000001,31.019222912,24.371851212999999
100,O,oc24,-0.67500001192092896,11.664179626999999,33.551664412000001,24.968128382
101,O,oc24,-0.67500001192092896,25.016000861999999,1.0634972030000001,24.192875859000001
102,O,oc24,-0.67500001192092896,19.943145037000001,3.775142808,24.717095724
103,O,oc24,-0.67500001192092896,24.833663833999999,6.0831319510000004,24.174510565999999
104,O,oc24,-0.67500001192092896,19.939913059999999,8.4208572030000006,24.853290771000001
105,O,oc24,-0.67500001192092896,25.363345334000002,10.886579450999999,24.130266904999999
106,O,oc24,-0.67500001192092896,20.018360142999999,13.419438570000001,24.821287334000001
107,O,oc24,-0.67500001192092896,25.126250776999999,15.743043740999999,24.432130301000001
108,O,oc24,-0.67500001192092896,19.910807855000002,18.465897783999999,24.925679213999999
109,O,oc24,-0.67500001192092896,25.411358797999998,20.623115689999999,24.348830153000002
110,O,oc24,-0.67500001192092896,19.765071993999999,23.367556565000001,24.654288482999998
111,O,oc24,-0.67500001192092896,25.294029979000001,25.902437809999999,24.290412974999999
112,O,oc24,-0.67500001192092896,19.609800283999999,28.003544704999999,24.630601180999999
113,O,oc24,-0.67500001192092896,25.014063964999998,30.837682428000001,24.310840448
114,O,oc24,-0.67500001192092896,19.724661462,33.593807535000003,24.917029958000001
115,O,oc24,-0.89999997615814209,28.143204638,3.6116586169999998,24.862471435
116,O,oc24,-0.67500001192092896,28.049582786999999,8.5007158599999997,24.694473219999999
117,O,oc24,-0.67500001192092896,28.112420258,13.63364161,24.602190695000001
118,O,oc24,-0.67500001192092896,28.100667523999999,18.374820561,24.722019177
119,O,oc24,-0.67500001192092896,28.373120784000001,23.580818404999999,24.966066203
120,O,oc24,-0.67500001192092896,28.25545812,28.330862143000001,24.768725556
121,O,oc24,-0.67500001192092896,28.418262983000002,33.373504353000001,24.901460503999999
122,O,oc24,-0.67500001192092896,33.529969696999999,0.80115582299999999,24.176574727999999
123,O,oc24,-0.67500001192092896,33.600920942000002,5.64911399,24.196667095999999
124,O,oc24,-0.67500001192092896,33.578116997000002,10.757535292,24.286887442000001
125,O,oc24,-0.67500001192092896,33.657148184999997,15.642827734000001,24.182295291999999
126,O,oc24,-0.67500001192092896,33.567766313,20.612376035,24.324944564999999
127,O,oc24,-0.67500001192092896,33.567665810999998,25.786639017999999,24.451891531000001
128,O,oc24,-0.67500001192092896,33.498985308000002,30.833185235999998,24.27145084
129,H,hoy,0.40000000596046448,32.870606133000003,25.509096096,25.012339484000002
130,H,hoy,0.40000000596046448,28.349915071000002,34.211610946,25.33389068
131,H,hoy,0.40000000596046448,11.549291552,34.421209801000003,25.317238729
132,H,hoy,0.40000000596046448,32.733476574000001,31.207056672,24.673303685
133,H,hoy,0.40000000596046448,15.918638122999999,31.083910161999999,24.837089086999999
134,H,hoy,0.40000000596046448,28.135967859000001,29.171177096000001,25.190452244999999
135,H,hoy,0.40000000596046448,11.578395019,28.926795118000001,25.24620693
136,H,hoy,0.40000000596046448,9.1432419710000001,25.851217209000001,24.491810993000001
137,H,hoy,0.40000000596046448,25.068532389000001,30.027368146000001,24.781826627000001
138,H,hoy,0.40000000596046448,25.477239400999999,25.092649712,24.717511844000001
139,H,hoy,0.40000000596046448,27.973468755999999,19.187375791000001,25.15856015
140,H,hoy,0.40000000596046448,24.351904197,15.480026989000001,24.890783302999999
141,H,hoy,0.40000000596046448,28.251046072000001,9.3002893859999993,25.231006323999999
142,H,hoy,0.40000000596046448,25.110701083999999,0.27753839000000002,24.693198590000002
143,H,hoy,0.40000000596046448,16.971804606999999,21.711081219,24.723694388999998
144,H,hoy,0.40000000596046448,33.027164679000002,15.107229309999999,24.645348292000001
145,H,hoy,0.40000000596046448,33.920985362000003,4.7929395369999996,24.427412937
146,H,hoy,0.40000000596046448,3.8075238150000001,23.408940412,25.518845295999999
147,H,hoy,0.40000000596046448,2.4307111250000002,14.182552545,24.793999146000001
148,H,hoy,0.40000000596046448,19.087422632999999,8.789611313,25.039059299000002
149,H,hoy,0.40000000596046448,19.622555539,14.155517504000001,25.244621252000002
150,H,hoy,0.40000000596046448,10.935321355999999,18.827375660000001,25.112435885
151,H,hoy,0.40000000596046448,11.012901603,9.3042335989999998,24.952645072999999
152,H,hoy,0.40000000596046448,8.6491520560000001,0.19286566999999999,24.532556913000001
153,H,hoy,0.40000000596046448,16.949461498000002,5.1127617240000003,24.583648331999999
154,H,hoy,0.40000000596046448,19.538514147000001,24.182383939000001,25.079888121
155,H,hoy,0.40000000596046448,7.7261313239999998,10.611502802,24.940139249000001
156,H,hoy,0.40000000596046448,2.6826318100000002,2.4594750090000002,24.717895435999999
157,H,hoy,0.40000000596046448,3.7059758710000001,33.200395911000001,25.190156131999998
158,H,hoy,0.40000000596046448,12.202721736000001,23.046971717000002,25.31491716
159,H,hoy,0.40000000596046448,20.125022570999999,28.360783246,25.333323892999999
160,H,hoy,0.40000000596046448,25.258195825000001,19.795256027000001,24.75972097
161,H,hoy,0.40000000596046448,20.263277618,19.206203015,25.423043709000002
162,H,hoy,0.40000000596046448,8.1012768610000006,14.827219482,24.831928548
163,H,hoy,0.40000000596046448,11.505446221,4.1192906269999998,25.095930313
164,H,hoy,0.40000000596046448,2.1997900590000001,8.010402139,24.881911887000001
165,H,hoy,0.40000000596046448,24.386811122000001,5.4022809949999999,24.615227960999999
166,H,hoy,0.40000000596046448,20.070248732,2.8944060829999998,25.01921381
167,H,hoy,0.40000000596046448,27.563563105,14.373591971,24.794449333999999
168,H,hoy,0.40000000596046448,3.0382984830000002,19.214901507,25.253126919
169,H,hoy,0.40000000596046448,11.151701660000001,14.22500657,25.329259851
170,H,hoy,0.40000000596046448,33.537085767999997,19.734043376999999,24.656916324000001
171,H,hoy,0.40000000596046448,2.199901262,29.259706269999999,24.801836637000001
172,H,hoy,0.40000000596046448,16.975498781999999,-0.135373084,24.572268862000001
173,H,hoy,0.40000000596046448,32.768789443000003,0.91626344500000001,24.712279999
174,H,hoy,0.40000000596046448,8.5472489100000004,5.1188548120000004,24.752116947000001
175,H,hoy,0.40000000596046448,7.9823554349999997,20.290400532,25.003272757000001
176,H,hoy,0.40000000596046448,17.378122474000001,26.628732675999998,24.194831934
177,H,hoy,0.40000000596046448,24.633141798,10.749715217,24.701009773999999
178,H,hoy,0.40000000596046448,20.492506387999999,33.396952450999997,25.413527432999999
179,H,hoy,0.40000000596046448,16.561471758,11.534924806999999,24.642361655999999
180,H,hoy,0.40000000596046448,28.432287321,24.457818615000001,25.358855998999999
181,H,hoy,0.40000000596046448,32.804195032000003,10.943103732000001,24.793232674999999
182,O,oc23,-0.55000001192092896,3.8547165670000001,5.2957940780000001,10.794876942
183,O,oc23,-0.55000001192092896,9.8514306840000003,5.2836270389999997,2.8555727879999999
184,O,oc23,-0.55000001192092896,7.0020211889999997,5.3694133869999998,6.8334483009999998
185,O,oc23,-0.55000001192092896,2.8182590080000001,9.0827411900000001,6.8377065029999997
186,O,oc23,-0.55000001192092896,8.1467937549999991,9.0205908109999999,10.981105616000001
187,O,oc23,-0.55000001192092896,5.9134440230000003,9.1107673489999996,2.5326840860000002
188,O,oc23,-0.55000001192092896,5.6572839860000004,8.1851104429999992,11.235064982999999
189,O,oc23,-0.55000001192092896,3.366102964,8.3450750029999998,3.3066462599999999
190,O,oc23,-0.55000001192092896,8.8334694260000006,8.2387920979999993,7.2198779039999996
191,O,oc23,-0.55000001192092896,3.6009287689999998,5.993373032,8.2489569429999996
192,O,oc24,-0.67500001192092896,9.6854535479999999,6.0405722490000002,0.35832269900000002
193,O,oc23,-0.55000001192092896,6.6936758709999999,6.1719164270000002,4.298699761
194,O,oc23,-0.55000001192092896,3.291413253,7.714142582,10.215499728999999
195,O,oc23,-0.55000001192092896,6.3405207069999996,7.7574377920000002,6.4223359980000003
196,O,oc23,-0.55000001192092896,2.0604639250000001,6.5955126220000002,6.4494149900000002
197,O,oc23,-0.55000001192092896,7.5341072679999996,6.559747013,10.16054265
198,O,oc23,-0.55000001192092896,5.0173187390000002,6.6431980209999999,2.4131624519999999
199,O,oc23,-0.55000001192092896,7.5195156089999999,6.0347151989999999,1.7951689479999999
200,O,oc23,-0.55000001192092896,1.484805862,5.8928765350000001,9.7061166500000002
201,O,oc23,-0.55000001192092896,4.528804643,5.9358226900000002,5.9143493510000003
202,O,oc23,-0.55000001192092896,1.2673439719999999,8.4636267529999998,4.8294472170000002
203,O,oc23,-0.55000001192092896,6.7181823749999996,8.6110419769999993,8.8493594620000007
204,O,oc24,-0.67500001192092896,4.0336136490000003,8.4085177150000003,0.68121189699999996
205,Si,sc4,1.1000000238418579,9.1465233999999995,6.2750619969999999,1.8125941160000001
206,Si,sc4,1.1000000238418579,3.0440018430000002,6.1639338859999997,9.7385186420000007
207,Si,sc4,1.1000000238418579,6.129435204,6.3085608300000002,5.8441559390000002
208,Si,sc4,1.1000000238418579,1.6325852169999999,8.1521705129999997,6.3582636900000002
209,Si,sc4,1.1000000238418579,6.9987832409999999,8.0567643919999998,10.306717455999999
210,Si,sc4,1.1000000238418579,4.5923117939999996,8.1374603640000007,2.235483892
211,Si,sc4,1.1000000238418579,4.1014951140000004,8.6405329169999998,11.252895894
212,Si,sc4,1.1000000238418579,1.809979749,8.7706928039999994,3.4307185680000001
213,Si,sc4,1.1000000238418579,7.3009193430000003,8.7230074040000005,7.3576691580000002
214,Si,sc4,1.1000000238418579,3.2319142310000002,5.6399118359999996,6.7587309830000004
215,Si,sc4,1.1000000238418579,8.7416168029999994,5.6450354559999996,10.767664107
216,Si,sc4,1.1000000238418579,6.2746433069999998,5.7120684410000004,2.8432244980000001
217,H,hoy,0.40000000596046448,9.6172187650000005,6.853094037,-0.102605923
218,H,hoy,0.40000000596046448,4.2366802860000004,7.6397089989999998,0.180644318
219,O,oc23,-0.55000001192092896,3.2692750080000001,5.2364984640000003,22.737578062000001
220,O,oc23,-0.55000001192092896,9.5041523839999993,5.3138493310000001,14.673471408999999
221,O,oc23,-0.55000001192092896,6.4664643159999997,5.1441943569999999,18.501498860000002
222,O,oc23,-0.55000001192092896,2.1522170410000001,8.9701856949999996,18.884269086
223,O,oc23,-0.55000001192092896,7.5294324440000002,9.1082928019999994,22.816620999000001
224,O,oc23,-0.55000001192092896,5.245196988,9.094245441,14.741334954999999
225,O,oc23,-0.55000001192092896,5.1211241039999997,8.3484554279999994,23.270449165999999
226,O,oc23,-0.55000001192092896,2.7107460240000001,8.2412334010000006,15.18232209
227,O,oc23,-0.55000001192092896,8.1606172220000008,8.2390725880000009,19.232971713000001
228,O,oc23,-0.55000001192092896,3.137924205,6.0265934520000002,20.284340134000001
229,O,oc23,-0.55000001192092896,9.0631845680000005,6.1729282689999998,12.242920429
230,O,oc23,-0.55000001192092896,6.006632025,6.2621282860000003,16.175806724000001
231,O,oc23,-0.55000001192092896,2.7514800770000001,7.7312233920000004,22.278495304
232,O,oc23,-0.55000001192092896,5.6210555959999997,7.6265444750000002,18.347140771999999
233,O,oc23,-0.55000001192092896,1.5847065849999999,6.5765847319999997,18.206353409999998
234,O,oc23,-0.55000001192092896,6.8804180600000002,6.6577689639999997,22.389672546
235,O,oc23,-0.55000001192092896,4.6226951630000004,6.6442431070000003,14.103009156000001
236,O,oc23,-0.55000001192092896,7.056513035,5.7540027550000001,13.870339808000001
237,O,oc23,-0.55000001192092896,0.94554236700000005,5.9569113920000003,21.733715113999999
238,O,oc23,-0.55000001192092896,3.956786535,5.6658457459999996,17.800496688999999
239,O,oc23,-0.55000001192092896,0.604173768,8.4453263310000004,16.736154383999999
240,O,oc23,-0.55000001192092896,5.9817573460000002,8.5865728499999996,20.789599847000002
241,O,oc23,-0.55000001192092896,3.6726810429999999,8.5372128200000006,12.77632294
242,Si,sc4,1.1000000238418579,8.5649227979999996,6.2680559770000004,13.757631793
243,Si,sc4,1.1000000238418579,2.5235679960000001,6.2686128019999998,21.705572315000001
244,Si,sc4,1.1000000238418579,5.515080985,6.1571709569999999,17.714202415999999
245,Si,sc4,1.1000000238418579,1.050916951,8.0301323740000008,18.221123768999998
246,Si,sc4,1.1000000238418579,6.3510385620000003,8.1589666849999993,22.289872980999998
247,Si,sc4,1.1000000238418579,4.015451691,8.1014516640000007,14.206203386
248,Si,sc4,1.1000000238418579,3.5389580010000001,8.6305620130000005,23.318553464000001
249,Si,sc4,1.1000000238418579,1.1872112459999999,8.6791906900000004,15.281790516999999
250,Si,sc4,1.1000000238418579,6.5233920860000003,8.6104498320000005,19.268633534999999
251,Si,sc4,1.1000000238418579,2.6646027879999998,5.6133504590000003,18.752464101000001
252,Si,sc4,1.1000000238418579,8.1257918759999992,5.7095938950000003,22.728928805999999
253,Si,sc4,1.1000000238418579,5.6905391170000001,5.7151351330000004,14.768347521000001
254,O,oc23,-0.55000001192092896,4.0630636449999997,10.135073672000001,10.701862740999999
255,O,oc23,-0.55000001192092896,9.9209798800000009,10.249025384999999,2.9118073280000001
256,O,oc23,-0.55000001192092896,7.0429900769999998,10.205277235000001,6.8341135519999998
257,O,oc23,-0.55000001192092896,2.8147862250000002,14.123780452,6.8264626689999997
258,O,oc23,-0.55000001192092896,8.4031189719999997,14.063616358000001,10.689952663
259,O,oc23,-0.55000001192092896,5.8582854820000003,14.070343965999999,2.9658726130000002
260,O,oc23,-0.55000001192092896,5.8128089410000001,13.474828098,11.339856409999999
261,O,oc23,-0.55000001192092896,3.3282406739999999,13.173548455000001,3.4737725099999999
262,O,oc23,-0.55000001192092896,8.7023853009999996,13.419299363,7.3124925589999998
263,O,oc23,-0.55000001192092896,3.7127145690000001,11.108347414000001,8.2623303739999994
264,O,oc24,-0.67500001192092896,9.7386100140000007,10.932417771000001,0.40724517700000001
265,O,oc23,-0.55000001192092896,6.7569143540000001,10.952286860999999,4.291201558
266,O,oc23,-0.55000001192092896,3.5586901750000002,12.71910458,10.277110310999999
267,O,oc23,-0.55000001192092896,6.3444273390000001,12.610800068,6.3200062969999999
268,O,oc23,-0.55000001192092896,2.1294121009999998,11.547557558999999,6.3263266790000001
269,O,oc23,-0.55000001192092896,7.4993495860000001,11.566695297000001,10.510843466000001
270,O,oc23,-0.55000001192092896,5.1778847020000001,11.58921346,2.3610597069999999
271,O,oc23,-0.55000001192092896,7.6114697280000003,10.851162897,1.821602766
272,O,oc23,-0.55000001192092896,1.603837739,10.934682469,9.8459036560000008
273,O,oc23,-0.55000001192092896,4.5503418680000003,10.750213459999999,5.8162119219999999
274,O,oc23,-0.55000001192092896,1.245140052,13.502540523,4.9489425770000004
275,O,oc23,-0.55000001192092896,6.7018214870000001,13.400475359,8.9167580260000001
276,O,oc24,-0.67500001192092896,4.1263021279999998,13.695933274,1.067687354
277,Si,sc4,1.1000000238418579,9.1734359750000003,11.213269422,1.8876177860000001
278,Si,sc4,1.1000000238418579,3.2283081089999999,11.211073288,9.8126371349999992
279,Si,sc4,1.1000000238418579,6.1533765110000003,11.076589697999999,5.8327123309999998
280,Si,sc4,1.1000000238418579,1.6263421680000001,13.115545173999999,6.3960551089999997
281,Si,sc4,1.1000000238418579,7.0979476149999998,13.103833153,10.354289355000001
282,Si,sc4,1.1000000238418579,4.6708424629999996,13.107597953999999,2.513189551
283,Si,sc4,1.1000000238418579,4.2057343270000001,13.727200651,11.359882352
284,Si,sc4,1.1000000238418579,1.7786948499999999,13.652812591,3.480186582
285,Si,sc4,1.1000000238418579,7.1266612609999997,13.663550169000001,7.3752343649999998
286,Si,sc4,1.1000000238418579,3.3410949460000001,10.629536218,6.8078990890000002
287,Si,sc4,1.1000000238418579,8.6579774619999998,10.563689601,11.001131558000001
288,Si,sc4,1.1000000238418579,6.3246275000000001,10.623087023,2.761134889
289,H,hoy,0.40000000596046448,4.820593283,13.605365507,0.416943913
290,H,hoy,0.40000000596046448,9.8492714180000007,11.772817414,-0.027563481000000001
291,O,oc23,-0.55000001192092896,3.2677406150000001,10.157731042,23.005044702999999
292,O,oc23,-0.55000001192092896,9.3550714819999996,10.280814266,14.929159835
293,O,oc23,-0.55000001192092896,6.3789183429999996,10.147342518,18.807488597999999
294,O,oc23,-0.55000001192092896,2.2819001120000002,13.979712409999999,18.620195125999999
295,O,oc23,-0.55000001192092896,7.6897655609999997,14.082893302,22.580824672999999
296,O,oc23,-0.55000001192092896,5.3082026249999998,13.997456008,14.859698099999999
297,O,oc23,-0.55000001192092896,5.2548471460000004,13.338289658000001,23.224740168
298,O,oc23,-0.55000001192092896,2.8594269099999998,13.238316743,15.339208331
299,O,oc23,-0.55000001192092896,8.0966762219999993,13.220433938999999,19.196377944000002
300,O,oc23,-0.55000001192092896,3.138190883,10.756976389,20.375292157000001
301,O,oc23,-0.55000001192092896,9.1212148719999995,10.971389278,12.483906902999999
302,O,oc23,-0.55000001192092896,5.9876342100000004,10.994570229000001,16.392174941
303,O,oc23,-0.55000001192092896,2.912949561,12.727191006,22.218414502000002
304,O,oc23,-0.55000001192092896,5.6346800500000001,12.649632369000001,18.335763094000001
305,O,oc23,-0.55000001192092896,1.4261088639999999,11.497119201,18.468964015000001
306,O,oc23,-0.55000001192092896,7.0101687950000002,11.547279146999999,22.115353123999999
307,O,oc23,-0.55000001192092896,4.5440649869999996,11.546094855,14.359564092999999
308,O,oc23,-0.55000001192092896,6.9706686250000001,10.949602467,13.913653504999999
309,O,oc23,-0.55000001192092896,0.96988269500000002,10.984634645,21.830322267
310,O,oc23,-0.55000001192092896,3.8813286319999998,10.756070510000001,17.932632813000001
311,O,oc23,-0.55000001192092896,0.75192028600000005,13.132869076,16.65311994
312,O,oc23,-0.55000001192092896,6.003859769,13.435682065,20.775826867999999
313,O,oc23,-0.55000001192092896,3.6286732210000001,13.472528079,12.802936951
314,Si,sc4,1.1000000238418579,8.5248216079999999,11.245581885,13.922635882
315,Si,sc4,1.1000000238418579,2.620929308,11.131771455999999,21.854142420999999
316,Si,sc4,1.1000000238418579,5.4702731289999997,11.098900091000001,17.897238677000001
317,Si,sc4,1.1000000238418579,1.052453334,13.019999846999999,18.241816945
318,Si,sc4,1.1000000238418579,6.4951779629999997,13.07525017,22.184017746999999
319,Si,sc4,1.1000000238418579,4.0766861089999997,13.062596947999999,14.317514471999999
320,Si,sc4,1.1000000238418579,3.6739825910000001,13.732359592,23.196462533999998
321,Si,sc4,1.1000000238418579,1.2822023090000001,13.564900751,15.221644281
322,Si,sc4,1.1000000238418579,6.4943440969999999,13.633990665000001,19.240823856999999
323,Si,sc4,1.1000000238418579,2.607374509,10.506590122,18.9087535
324,Si,sc4,1.1000000238418579,8.0679287429999995,10.578607521,22.838975816000001
325,Si,sc4,1.1000000238418579,5.7105061270000004,10.603253254,14.884916174000001
326,O,oc23,-0.55000001192092896,3.976719712,15.265803289000001,10.888357118
327,O,oc23,-0.55000001192092896,9.7932332090000003,15.243667424,3.1135980189999999
328,O,oc23,-0.55000001192092896,6.8804857239999997,15.206788166000001,6.9759637300000001
329,O,oc23,-0.55000001192092896,2.7811629189999998,19.039721374999999,6.8409673240000002
330,O,oc23,-0.55000001192092896,8.1745401960000006,18.974128887999999,10.990952522000001
331,O,oc23,-0.55000001192092896,5.8577501359999999,19.058346050000001,2.6798503239999998
332,O,oc23,-0.55000001192092896,5.7538114330000001,18.198295720000001,11.329077557
333,O,oc23,-0.55000001192092896,3.516387897,18.439925046999999,3.3590880749999998
334,O,oc23,-0.55000001192092896,8.7417839740000005,18.231097158000001,7.3902040019999999
335,O,oc23,-0.55000001192092896,3.6067379690000001,15.845108905,8.4498895489999999
336,O,oc24,-0.67500001192092896,9.6671900930000003,15.851069839000001,0.64397270600000001
337,O,oc23,-0.55000001192092896,6.6461295910000002,16.002353749000001,4.4988407090000004
338,O,oc23,-0.55000001192092896,3.3294765470000001,17.663990753,10.337788946
339,O,oc23,-0.55000001192092896,6.4173159789999996,17.762945918,6.4404326129999996
340,O,oc23,-0.55000001192092896,2.0052397100000001,16.58483202,6.4953896919999998
341,O,oc23,-0.55000001192092896,7.5458271640000003,16.538960456000002,10.373584612
342,O,oc23,-0.55000001192092896,5.0898730370000003,16.554088224000001,2.4476999899999998
343,O,oc23,-0.55000001192092896,7.5652249960000004,15.801815773,2.059574542
344,O,oc23,-0.55000001192092896,1.5668769789999999,15.627176384,9.995538561
345,O,oc23,-0.55000001192092896,4.5624956140000004,15.855216938,6.0259266370000004
346,O,oc23,-0.55000001192092896,1.304306722,18.397691025,4.85326638
347,O,oc23,-0.55000001192092896,6.6726063269999996,18.582090301000001,8.9702517509999993
348,O,oc24,-0.67500001192092896,4.2173208850000004,18.380349073000001,0.75698732099999999
349,Si,sc4,1.1000000238418579,9.0604461440000001,16.180408883999998,2.0774589909999999
350,Si,sc4,1.1000000238418579,3.0755195880000001,16.139347207,9.9455049350000007
351,Si,sc4,1.1000000238418579,6.107366614,16.189856206999998,5.9941234689999998
352,Si,sc4,1.1000000238418579,1.592452185,18.11446196,6.377891076
353,Si,sc4,1.1000000238418579,7.0340086050000004,18.038718782,10.389685473
354,Si,sc4,1.1000000238418579,4.6820608459999997,18.054349160000001,2.2748918410000001
355,Si,sc4,1.1000000238418579,4.193313904,18.600554731999999,11.305724368
356,Si,sc4,1.1000000238418579,1.9421664080000001,18.707907134999999,3.4286494489999999
357,Si,sc4,1.1000000238418579,7.2809523330000001,18.715711902999999,7.4662528129999997
358,Si,sc4,1.1000000238418579,3.2586914779999998,15.613825053999999,6.8774272500000002
359,Si,sc4,1.1000000238418579,8.7746052559999992,15.556345354999999,10.797537947
360,Si,sc4,1.1000000238418579,6.2729079099999998,15.568439673,2.9921004610000002
361,H,hoy,0.40000000596046448,4.5634380520000004,19.213545100000001,0.48667013199999998
362,H,hoy,0.40000000596046448,9.9315926749999992,16.664478949999999,0.254955339
363,O,oc23,-0.55000001192092896,3.4801595060000001,15.274724953,22.746161882999999
364,O,oc23,-0.55000001192092896,9.3846189940000002,15.215815793000001,14.853910118
365,O,oc23,-0.55000001192092896,6.4355794340000001,15.169593097,18.760514531999998
366,O,oc23,-0.55000001192092896,2.3143193869999998,18.936569312,18.938161366999999
367,O,oc23,-0.55000001192092896,7.7000824139999997,19.008132993,22.676367027000001
368,O,oc23,-0.55000001192092896,5.3385203189999997,19.013835772,14.798619917
369,O,oc23,-0.55000001192092896,5.1974516949999998,18.539064932999999,23.273708995
370,O,oc23,-0.55000001192092896,2.8455377679999998,18.343037002999999,15.30181745
371,O,oc23,-0.55000001192092896,8.3426865780000004,18.361414171,19.289392146000001
372,O,oc23,-0.55000001192092896,3.184166947,15.885264703000001,20.270834841999999
373,O,oc23,-0.55000001192092896,9.1217820599999992,15.904994586000001,12.330612622
374,O,oc23,-0.55000001192092896,6.1779168469999997,16.02319936,16.314795626999999
375,O,oc23,-0.55000001192092896,2.9898443399999999,17.798720779,22.117815841999999
376,O,oc23,-0.55000001192092896,5.9153127579999998,17.665925355999999,18.276215683
377,O,oc23,-0.55000001192092896,1.5678780160000001,16.456693739999999,18.299901001999999
378,O,oc23,-0.55000001192092896,6.7839582780000001,16.580057454999999,22.560664887000001
379,O,oc23,-0.55000001192092896,4.5506742200000003,16.478898170000001,14.421040830999999
380,O,oc23,-0.55000001192092896,7.0435572649999996,15.800282426000001,13.795821768
381,O,oc23,-0.55000001192092896,1.146477193,15.988933855000001,21.738039742000002
382,O,oc23,-0.55000001192092896,4.0505098830000001,15.806764865,17.844276359999999
383,O,oc23,-0.55000001192092896,0.71652775099999999,18.419707421999998,16.778668987
384,O,oc23,-0.55000001192092896,6.1051953780000003,18.356771085999998,20.733312264999999
385,O,oc23,-0.55000001192092896,3.6840665970000002,18.501641316000001,12.890694578
386,Si,sc4,1.1000000238418579,8.5493301020000008,16.136209872999999,13.776393659
387,Si,sc4,1.1000000238418579,2.7175920840000001,16.234821891999999,21.737242630000001
388,Si,sc4,1.1000000238418579,5.616414604,16.168906711000002,17.8353614
389,Si,sc4,1.1000000238418579,1.136126508,17.984402907,18.318064043
390,Si,sc4,1.1000000238418579,6.4265302970000002,18.125313292000001,22.332121879999999
391,Si,sc4,1.1000000238418579,4.1268354839999999,18.059602310999999,14.337407561999999
392,Si,sc4,1.1000000238418579,3.6314454770000002,18.765276586999999,23.202317933
393,Si,sc4,1.1000000238418579,1.2820689700000001,18.645852849000001,15.362562512
394,Si,sc4,1.1000000238418579,6.7098019229999997,18.579005428999999,19.296845735000002
395,Si,sc4,1.1000000238418579,2.7548195209999999,15.491473182,18.743348871999999
396,Si,sc4,1.1000000238418579,8.0120358429999996,15.577434057,22.860002114
397,Si,sc4,1.1000000238418579,5.817682778,15.539158582000001,14.833284359
398,O,oc23,-0.55000001192092896,3.9919780660000002,20.088427484,10.850632125000001
399,O,oc23,-0.55000001192092896,9.7446520599999999,20.221142687,3.1118882939999999
400,O,oc23,-0.55000001192092896,7.1259269019999998,20.254212473999999,6.9496164150000004
401,O,oc23,-0.55000001192092896,2.9553195030000001,23.980466456999999,6.5964543249999998
402,O,oc23,-0.55000001192092896,8.0561093400000008,24.042444387,10.849035919
403,O,oc23,-0.55000001192092896,5.7640944520000001,24.046767051,2.4737746610000002
404,O,oc23,-0.55000001192092896,5.6043285230000004,23.193056902999999,11.26533837
405,O,oc23,-0.55000001192092896,3.355720437,23.485690696999999,3.2592141529999998
406,O,oc23,-0.55000001192092896,8.6797137000000006,23.391190456,7.4103637879999997
407,O,oc23,-0.55000001192092896,3.7462025460000001,20.941433030999999,8.3166222019999996
408,O,oc24,-0.67500001192092896,9.8762038660000009,20.865442281,0.60363999800000001
409,O,oc23,-0.55000001192092896,6.7908700120000001,20.871368153999999,4.4160987379999996
410,O,oc23,-0.55000001192092896,3.3113125980000002,22.644843617999999,10.360476884000001
411,O,oc23,-0.55000001192092896,6.368165651,22.622952922,6.3885360860000002
412,O,oc23,-0.55000001192092896,2.1905808449999999,21.461306683,6.2363066030000001
413,O,oc23,-0.55000001192092896,7.3172125660000003,21.475040831000001,10.458747661
414,O,oc23,-0.55000001192092896,5.0880023110000003,21.622560199999999,2.5966696439999999
415,O,oc23,-0.55000001192092896,7.5838566260000002,21.042869949,1.9765403459999999
416,O,oc23,-0.55000001192092896,1.6074100280000001,20.793111668000002,9.8703216440000006
417,O,oc23,-0.55000001192092896,4.72042465,20.667486630999999,5.9102904269999996
418,O,oc23,-0.55000001192092896,1.1841384800000001,23.302581025999999,4.8076243029999999
419,O,oc23,-0.55000001192092896,6.455544454,23.401822070000001,8.8379817840000001
420,O,oc24,-0.67500001192092896,3.9841986340000002,23.095698258999999,0.80887046399999996
421,Si,sc4,1.1000000238418579,9.1701960380000003,21.244036172000001,2.0423756690000001
422,Si,sc4,1.1000000238418579,3.2222979060000001,21.119348699,9.8702552180000005
423,Si,sc4,1.1000000238418579,6.2436250859999998,21.074486381,5.8781546340000004
424,Si,sc4,1.1000000238418579,1.674588975,22.997398414999999,6.2645168189999998
425,Si,sc4,1.1000000238418579,6.8822887850000001,23.014932165000001,10.351228803
426,Si,sc4,1.1000000238418579,4.5690730049999999,23.067637819000002,2.3201348660000001
427,Si,sc4,1.1000000238418579,4.1324795029999999,23.672390641,11.277380308
428,Si,sc4,1.1000000238418579,1.697360083,23.670194508000002,3.31830947
429,Si,sc4,1.1000000238418579,7.0669293929999997,23.685183589000001,7.389671603
430,Si,sc4,1.1000000238418579,3.3742167379999999,20.514755860000001,6.8731026220000002
431,Si,sc4,1.1000000238418579,8.5917677090000009,20.513131613999999,10.904457979
432,Si,sc4,1.1000000238418579,6.3338099760000004,20.626625971999999,2.9183145939999999
433,H,hoy,0.40000000596046448,9.4534063560000003,21.36208968,-0.057825706999999997
434,H,hoy,0.40000000596046448,3.196375395,22.580141199,0.78659526599999996
435,O,oc23,-0.55000001192092896,3.3877058629999999,20.306105745,22.848025611000001
436,O,oc23,-0.55000001192092896,9.3606458460000006,20.134732767999999,14.927763898
437,O,oc23,-0.55000001192092896,6.3825563069999998,20.183203021000001,18.950669276999999
438,O,oc23,-0.55000001192092896,2.3205644259999998,24.049450925999999,18.611678722000001
439,O,oc23,-0.55000001192092896,7.5366108560000002,24.063045347999999,22.830526829
440,O,oc23,-0.55000001192092896,5.2500051509999999,23.893879153,14.801215487
441,O,oc23,-0.55000001192092896,5.1551135940000004,23.503782310999998,23.378765134999998
442,O,oc23,-0.55000001192092896,2.834552231,23.295400479000001,15.353780404
443,O,oc23,-0.55000001192092896,7.9824863410000004,23.321474114000001,19.280344333999999
444,O,oc23,-0.55000001192092896,3.1878745660000001,21.066329572000001,20.348013887
445,O,oc23,-0.55000001192092896,9.0272586780000008,20.966426259999999,12.445117112
446,O,oc23,-0.55000001192092896,6.0876662819999998,20.924108610000001,16.435554072999999
447,O,oc23,-0.55000001192092896,2.8784247239999998,22.796964323000001,22.302979716999999
448,O,oc23,-0.55000001192092896,5.6025931269999996,22.636268411,18.380540145000001
449,O,oc23,-0.55000001192092896,1.730714721,21.489681117,18.227911115000001
450,O,oc23,-0.55000001192092896,6.8171795770000001,21.499371791000002,22.553546402999999
451,O,oc23,-0.55000001192092896,4.4309099749999996,21.451058405000001,14.481720458
452,O,oc23,-0.55000001192092896,6.9377478359999998,20.783490856,13.980253965999999
453,O,oc23,-0.55000001192092896,1.0505836040000001,20.997833363000002,21.877827740000001
454,O,oc23,-0.55000001192092896,4.0387561539999997,20.693114339000001,17.909346049
455,O,oc23,-0.55000001192092896,0.66637738199999996,23.312097433000002,16.775942548
456,O,oc23,-0.55000001192092896,5.9315403069999997,23.420575952,20.894590552
457,O,oc23,-0.55000001192092896,3.5751844020000001,23.446754511999998,12.840994073999999
458,Si,sc4,1.1000000238418579,8.5025181809999992,21.120708297,13.943194224000001
459,Si,sc4,1.1000000238418579,2.6606304820000002,21.284192748999999,21.867847982000001
460,Si,sc4,1.1000000238418579,5.5547463370000001,21.146015259999999,17.929174696
461,Si,sc4,1.1000000238418579,1.16387295,22.993634134000001,18.197638719
462,Si,sc4,1.1000000238418579,6.3657954019999998,23.02626085,22.418283301999999
463,Si,sc4,1.1000000238418579,4.0373551000000001,23.013990965000001,14.341532912
464,Si,sc4,1.1000000238418579,3.5868047920000001,23.746812984000002,23.385818185000002
465,Si,sc4,1.1000000238418579,1.2435379950000001,23.533341815,15.278397835
466,Si,sc4,1.1000000238418579,6.3968136229999999,23.631048993,19.336566480999998
467,Si,sc4,1.1000000238418579,2.8272404799999999,20.526440351000002,18.851533971999999
468,Si,sc4,1.1000000238418579,8.1021849120000002,20.497982030999999,22.891006186999999
469,Si,sc4,1.1000000238418579,5.708703066,20.580961919,14.951782337999999
470,O,oc23,-0.55000001192092896,3.9897749880000002,25.171916328999998,10.775848380999999
471,O,oc23,-0.55000001192092896,9.6813140700000009,25.274712845,3.0213819200000001
472,O,oc23,-0.55000001192092896,6.7527072109999997,25.178643937,6.9449596570000001
473,O,oc23,-0.55000001192092896,2.923901265,29.026525453000001,6.7766947469999996
474,O,oc23,-0.55000001192092896,8.2093297199999995,29.077801126000001,10.696806434999999
475,O,oc23,-0.55000001192092896,5.9171496509999999,29.076406985999999,2.577634142
476,O,oc23,-0.55000001192092896,5.705729807,28.353101893000002,11.243914508
477,O,oc23,-0.55000001192092896,3.4606601779999999,28.480856837000001,3.1882489110000001
478,O,oc23,-0.55000001192092896,8.6674604479999999,28.223220419,7.1759653820000002
479,O,oc23,-0.55000001192092896,3.6537489029999999,25.827562528000001,8.2242732509999996
480,O,oc24,-0.67500001192092896,9.7478243330000005,25.681158626999999,0.48124420200000001
481,O,oc23,-0.55000001192092896,6.6897015739999999,25.654038867000001,4.362885093
482,O,oc23,-0.55000001192092896,3.3478733410000001,27.642450021999998,10.221554406999999
483,O,oc23,-0.55000001192092896,6.4384173650000003,27.631434032000001,6.1388344249999998
484,O,oc23,-0.55000001192092896,2.0756566040000002,26.521796377000001,6.2988491309999999
485,O,oc23,-0.55000001192092896,7.4664944709999999,26.561953213999999,10.469259817999999
486,O,oc23,-0.55000001192092896,5.0544805019999997,26.626127277999998,2.6138754569999998
487,O,oc23,-0.55000001192092896,7.4254260759999999,25.99456739,1.8486024430000001
488,O,oc23,-0.55000001192092896,1.5645047400000001,25.723511078000001,9.8298692209999992
489,O,oc23,-0.55000001192092896,4.5154508470000003,25.876120044,5.7699705249999997
490,O,oc23,-0.55000001192092896,1.2968258100000001,28.490860985000001,4.7719619849999999
491,O,oc23,-0.55000001192092896,6.6353788890000001,28.342957500000001,8.7266042719999994
492,O,oc24,-0.67500001192092896,4.3424286390000004,28.135203655000002,0.72566301499999997
493,Si,sc4,1.1000000238418579,9.0674593750000003,26.15264955,1.854650181
494,Si,sc4,1.1000000238418579,3.1810623389999999,26.086488160999998,9.7548852079999993
495,Si,sc4,1.1000000238418579,6.0982836440000003,26.097399228,5.8047678180000002
496,Si,sc4,1.1000000238418579,1.6185289039999999,28.0946292,6.3016429870000001
497,Si,sc4,1.1000000238418579,6.9845915989999998,28.084520127000001,10.268327211000001
498,Si,sc4,1.1000000238418579,4.7044976109999999,28.077967047000001,2.25971549
499,Si,sc4,1.1000000238418579,4.1325133349999996,28.613945248,11.288225585999999
500,Si,sc4,1.1000000238418579,1.875823317,28.689900937000001,3.2487748660000002
501,Si,sc4,1.1000000238418579,7.1542086889999998,28.556846806999999,7.2257987379999999
502,Si,sc4,1.1000000238418579,3.243900805,25.521090181999998,6.7039731820000004
503,Si,sc4,1.1000000238418579,8.6406493690000001,25.506484437000001,10.93399969
504,Si,sc4,1.1000000238418579,6.2199524469999998,25.539042069000001,2.8197176370000001
505,H,hoy,0.40000000596046448,4.8609098660000001,27.492313622000001,0.30544428699999998
506,H,hoy,0.40000000596046448,10.523870892,25.127949441999998,0.69241993000000002
507,O,oc23,-0.55000001192092896,3.2837333279999998,25.280255642,22.995598336
508,O,oc23,-0.55000001192092896,9.2701962669999993,25.081773554000002,14.919713466999999
509,O,oc23,-0.55000001192092896,6.2552793070000003,25.181572461999998,18.950135886999998
510,O,oc23,-0.55000001192092896,2.2711474200000001,29.201965796,18.330772223
511,O,oc23,-0.55000001192092896,7.5789151239999999,28.903441188999999,22.751085335999999
512,O,oc23,-0.55000001192092896,5.2393539560000004,29.057339891000002,14.884781339
513,O,oc23,-0.55000001192092896,5.1559832820000002,28.274636338000001,23.337049626999999
514,O,oc23,-0.55000001192092896,2.7433344609999999,28.250967125999999,15.257970362
515,O,oc23,-0.55000001192092896,7.9970780000000001,28.361467771000001,19.477817834
516,O,oc23,-0.55000001192092896,3.177722895,25.758648181000002,20.388266041000001
517,O,oc23,-0.55000001192092896,9.0127685159999995,25.889644863000001,12.4302139
518,O,oc23,-0.55000001192092896,6.0116073590000001,25.791240613999999,16.437883938999999
519,O,oc23,-0.55000001192092896,2.9354539910000002,27.668105519000001,22.218414502000002
520,O,oc23,-0.55000001192092896,5.937216168,27.710876108000001,18.169160816000002
521,O,oc23,-0.55000001192092896,1.477394605,26.588584193999999,18.554592046
522,O,oc23,-0.55000001192092896,6.7123731749999997,26.548601884,22.454010559
523,O,oc23,-0.55000001192092896,4.5266353979999998,26.571399499000002,14.469743955
524,O,oc23,-0.55000001192092896,6.8846590340000002,25.779283943999999,14.048118503
525,O,oc23,-0.55000001192092896,1.0225704849999999,25.881452993,21.893397193999999
526,O,oc23,-0.55000001192092896,3.940893328,26.011404070000001,17.972022420999998
527,O,oc23,-0.55000001192092896,0.66327277299999998,28.224580277000001,16.712003092
528,O,oc23,-0.55000001192092896,5.874144856,28.406051158,20.755000840000001
529,O,oc23,-0.55000001192092896,3.6281060329999999,28.383985933999998,12.780381864000001
530,Si,sc4,1.1000000238418579,8.4117680929999992,26.092101080999999,13.935343071
531,Si,sc4,1.1000000238418579,2.6001284330000001,26.190505329000001,21.884281965
532,Si,sc4,1.1000000238418579,5.536817224,26.184335584999999,17.901829009
533,Si,sc4,1.1000000238418579,1.110917487,28.111918819,18.233300540999998
534,Si,sc4,1.1000000238418579,6.3419894250000004,28.031849274999999,22.274569231000001
535,Si,sc4,1.1000000238418579,4.0558175690000002,28.072528654999999,14.344061065
536,Si,sc4,1.1000000238418579,3.585501254,28.68927347,23.267455040000002
537,Si,sc4,1.1000000238418579,1.1762257089999999,28.558659604999999,15.237677724999999
538,Si,sc4,1.1000000238418579,6.4882662289999997,28.676027063999999,19.299106201000001
539,Si,sc4,1.1000000238418579,2.7667404210000002,25.607538279,18.878346269000001
540,Si,sc4,1.1000000238418579,7.9520691399999999,25.649368187,22.844565511999999
541,Si,sc4,1.1000000238418579,5.6304729069999997,25.467408526,14.938076776999999
542,O,oc23,-0.55000001192092896,3.824299366,30.147317265000002,10.909447858
543,O,oc23,-0.55000001192092896,9.5289593979999996,30.191761445000001,2.8828118969999998
544,O,oc23,-0.55000001192092896,6.8761790749999996,30.052119952999998,6.8543397639999997
545,O,oc23,-0.55000001192092896,2.842465002,33.983799973000004,6.7998486580000002
546,O,oc23,-0.55000001192092896,8.1270934229999998,33.989865832,10.687424511
547,O,oc23,-0.55000001192092896,5.7106732979999997,33.972296761000003,2.6719724020000002
548,O,oc23,-0.55000001192092896,5.7420915360000002,33.406270794999998,11.311779045
549,O,oc23,-0.55000001192092896,3.269943692,33.243867008999999,3.3153753259999998
550,O,oc23,-0.55000001192092896,8.6434196350000008,33.414497466,7.3415682960000002
551,O,oc23,-0.55000001192092896,3.6717118480000002,30.942466268,8.3638609800000001
552,O,oc24,-0.67500001192092896,9.3925337550000005,31.011275692000002,0.288801478
553,O,oc23,-0.55000001192092896,6.6703017530000004,30.991755655999999,4.4092727260000002
554,O,oc23,-0.55000001192092896,3.2708452229999998,32.608090420000003,10.436192574
555,O,oc23,-0.55000001192092896,6.2381163959999997,32.610809095999997,6.4333805540000002
556,O,oc23,-0.55000001192092896,2.0796627430000001,31.433303218999999,6.3715032770000004
557,O,oc23,-0.55000001192092896,7.4065954329999997,31.597206067999998,10.525681242999999
558,O,oc23,-0.55000001192092896,4.9358824749999997,31.462513669,2.4097360619999999
559,O,oc23,-0.55000001192092896,7.3699331929999996,31.170402936999999,1.9378841499999999
560,O,oc23,-0.55000001192092896,1.464739346,30.708672550999999,9.8789709000000006
561,O,oc23,-0.55000001192092896,4.5906420719999996,30.754441268000001,5.9213354789999997
562,O,oc23,-0.55000001192092896,1.1814338879999999,33.400728518000001,4.8184026600000003
563,O,oc23,-0.55000001192092896,6.4831575560000001,33.390445956999997,8.9117681470000001
564,O,oc24,-0.67500001192092896,4.0430628029999998,33.317836411999998,0.78334802000000003
565,Si,sc4,1.1000000238418579,8.9395455330000004,31.237853541,1.8340581309999999
566,Si,sc4,1.1000000238418579,3.0345188570000001,31.082002836000001,9.8831626759999995
567,Si,sc4,1.1000000238418579,6.1071994419999998,31.101488588999999,5.8981151409999999
568,Si,sc4,1.1000000238418579,1.650615827,33.027711965000002,6.297119081
569,Si,sc4,1.1000000238418579,6.9491672219999998,33.011887127999998,10.367662786
570,Si,sc4,1.1000000238418579,4.4868028750000004,32.947329727000003,2.2728489949999999
571,Si,sc4,1.1000000238418579,4.1554177819999998,33.618277700999997,11.374786555
572,Si,sc4,1.1000000238418579,1.709446164,33.560657757000001,3.330804493
573,Si,sc4,1.1000000238418579,7.0373142169999996,33.628282888000001,7.4039105550000004
574,Si,sc4,1.1000000238418579,3.3270386329999999,30.482199625,6.8488174859999997
575,Si,sc4,1.1000000238418579,8.6393458320000001,30.600891620999999,10.881237642
576,Si,sc4,1.1000000238418579,6.239386101,30.599009219999999,2.8354531550000002
577,H,hoy,0.40000000596046448,4.7723491349999998,33.175729240999999,0.21272916
578,H,hoy,0.40000000596046448,9.8146797320000001,31.807944736,-0.0034161439999999999
579,O,oc23,-0.55000001192092896,3.4419967059999999,30.180885700000001,22.755610233999999
580,O,oc23,-0.55000001192092896,9.2682936999999992,30.130237492999999,14.956904078000001
581,O,oc23,-0.55000001192092896,6.232741045,30.209574646,18.921459697
582,O,oc23,-0.55000001192092896,2.308910204,33.880655441000002,18.536694708999999
583,O,oc23,-0.55000001192092896,7.7563773210000004,34.049542703999997,22.550352008000001
584,O,oc23,-0.55000001192092896,5.342526458,34.034553103999997,14.774335773000001
585,O,oc23,-0.55000001192092896,5.2570163909999996,33.496135676999998,23.105710779999999
586,O,oc23,-0.55000001192092896,2.8485090369999999,33.302673323999997,15.290772894
587,O,oc23,-0.55000001192092896,8.3545059810000009,33.339622185000003,19.137962749
588,O,oc23,-0.55000001192092896,3.10416756,30.690407448999999,20.368173672000001
589,O,oc23,-0.55000001192092896,9.0472256869999992,30.768174896000001,12.416374496
590,O,oc23,-0.55000001192092896,6.0529086000000003,30.877385285999999,16.372945119000001
591,O,oc23,-0.55000001192092896,3.0231989779999999,32.631549782999997,22.039106026999999
592,O,oc23,-0.55000001192092896,5.994744957,32.624613365999998,18.187258421999999
593,O,oc23,-0.55000001192092896,1.41799509,31.542025348999999,18.415537707999999
594,O,oc23,-0.55000001192092896,6.9125049829999998,31.510234390000001,22.422475078000002
595,O,oc23,-0.55000001192092896,4.5551500310000002,31.584621411000001,14.335411809
596,O,oc23,-0.55000001192092896,6.9197510590000002,30.803067867999999,13.890433166999999
597,O,oc23,-0.55000001192092896,1.0146238809999999,30.8477915,21.822938079
598,O,oc23,-0.55000001192092896,3.8988577279999999,31.062342556000001,17.915667421999999
599,O,oc23,-0.55000001192092896,0.63342275999999997,33.247911262000002,16.749328537
600,O,oc23,-0.55000001192092896,6.1569826320000001,33.294864271000002,20.680084244
601,O,oc23,-0.55000001192092896,3.6058364389999999,33.486967804999999,12.864480114999999
602,Si,sc4,1.1000000238418579,8.5338030800000002,31.078098829000002,13.903673746999999
603,Si,sc4,1.1000000238418579,2.6186923979999999,31.086115653,21.762325869000001
604,Si,sc4,1.1000000238418579,5.5638949799999997,31.183963076000001,17.845541428000001
605,Si,sc4,1.1000000238418579,1.0633383700000001,33.026806086000001,18.228775643999999
606,Si,sc4,1.1000000238418579,6.5587169559999996,33.030954223999998,22.210098367000001
607,Si,sc4,1.1000000238418579,4.1257687719999998,33.112557113000001,14.329690253000001
608,Si,sc4,1.1000000238418579,3.609609732,33.628910355000002,23.101719274000001
609,Si,sc4,1.1000000238418579,1.230683722,33.546993731999997,15.310266436999999
610,Si,sc4,1.1000000238418579,6.7582815749999998,33.610260877999998,19.219466421
611,Si,sc4,1.1000000238418579,2.6812980190000002,30.641779809999999,18.775883716999999
612,Si,sc4,0.72500002384185791,8.0786456130000008,30.468918937000002,22.849754668999999
613,Si,sc4,1.1000000238418579,5.6866663180000003,30.561640662999999,14.833750331999999
614,O,oc23,-0.55000001192092896,12.279071181000001,0.29107724899999998,10.875050112
615,O,oc23,-0.55000001192092896,18.109931489000001,0.29208701399999998,3.039818597
616,O,oc23,-0.55000001192092896,15.190616626000001,0.24865467499999999,6.9035088609999997
617,O,oc23,-0.55000001192092896,11.195533034,4.0778165910000004,6.7912658280000002
618,O,oc23,-0.55000001192092896,16.65134677,4.0037775849999999,10.644377509
619,O,oc23,-0.55000001192092896,14.268247451000001,4.1486829419999998,2.7680808639999999
620,O,oc23,-0.55000001192092896,14.201335181999999,3.249901146,11.264938823
621,O,oc23,-0.55000001192092896,11.629388112000001,3.4143971799999999,3.1080623570000001
622,O,oc23,-0.55000001192092896,17.089910504999999,3.1737719690000001,7.2015136020000003
623,O,oc23,-0.55000001192092896,11.969788511000001,0.98192859499999996,8.368718007
624,O,oc24,-0.67500001192092896,18.215877118000002,0.728301109,0.63952167000000004
625,O,oc23,-0.55000001192092896,15.005840688999999,1.0309042500000001,4.4441032319999998
626,O,oc23,-0.55000001192092896,11.741709258,2.7392304269999999,10.252958027
627,O,oc23,-0.55000001192092896,9.2284930190000001,2.7946885190000001,2.2701746059999999
628,O,oc23,-0.55000001192092896,14.562068775,2.763038844,6.4468204120000001
629,O,oc23,-0.55000001192092896,10.381144524,1.631055476,6.3500129889999997
630,O,oc23,-0.55000001192092896,15.897826494,1.5779680439999999,10.268061508000001
631,O,oc23,-0.55000001192092896,13.503540635,1.690419654,2.3311328250000001
632,O,oc23,-0.55000001192092896,15.936088802,0.90817007999999999,1.853046787
633,O,oc23,-0.55000001192092896,9.9133656289999994,0.93190785499999995,9.9608076939999997
634,O,oc23,-0.55000001192092896,12.911889859,0.85494136399999998,5.9102240009999996
635,O,oc23,-0.55000001192092896,9.5597786060000001,3.5917542060000001,4.7759539880000004
636,O,oc23,-0.55000001192092896,14.973288073999999,3.60357219,8.8598051939999998
637,O,oc24,-0.89999997615814209,12.765479716,3.6641892239999998,0.65684050699999996
638,Si,sc4,1.1000000238418579,17.511779009000001,1.222240073,1.992481835
639,Si,sc4,1.1000000238418579,11.473964654,1.233324627,9.8419785760000007
640,Si,sc4,1.1000000238418579,14.389950087000001,1.2625724760000001,5.895653415
641,Si,sc4,1.1000000238418579,10.021479633,3.1659286340000001,6.2892015020000001
642,Si,sc4,1.1000000238418579,15.399897077,3.091262162,10.257682202
643,Si,sc4,0.72500002384185791,13.023176136,3.2522718070000001,2.2384110960000001
644,Si,sc4,1.1000000238418579,12.614193746,3.617723437,11.248106284
645,Si,sc4,1.1000000238418579,10.034367738,3.739518484,3.2274174289999999
646,Si,sc4,1.1000000238418579,15.556825076000001,3.621976498,7.3670500910000003
647,Si,sc4,1.1000000238418579,11.619172756999999,0.67085465200000005,6.8367755480000003
648,Si,sc4,1.1000000238418579,17.104267327999999,0.60033735600000004,10.799468266
649,Si,sc4,1.1000000238418579,14.658462882,0.72139897399999997,2.8768504140000002
650,H,hoy,0.40000000596046448,17.809183096000002,-0.085830745999999999,0.383686054
651,O,oc23,-0.55000001192092896,11.776299769,0.35908467799999999,22.726733775
652,O,oc23,-0.55000001192092896,17.744833595999999,0.207975296,14.783451002
653,O,oc23,-0.55000001192092896,14.625341089999999,0.28093181699999997,18.915273159000002
654,O,oc23,-0.55000001192092896,10.460811559,4.2165864859999997,18.827182409999999
655,O,oc23,-0.55000001192092896,16.066707234999999,4.116856662,22.619282335000001
656,O,oc23,-0.55000001192092896,13.646179475,4.0798735190000004,14.713590712
657,O,oc23,-0.55000001192092896,13.593090673000001,3.5311724930000001,23.134720091999998
658,O,oc23,-0.55000001192092896,11.192261254,3.4007321159999999,15.184717389999999
659,O,oc23,-0.55000001192092896,16.671546626000001,3.368976478,19.242086942
660,O,oc23,-0.55000001192092896,11.605182118,1.1157847190000001,20.190994794000002
661,O,oc23,-0.55000001192092896,17.510075454999999,1.019680489,12.295748902
662,O,oc23,-0.55000001192092896,14.634089717,0.89610900400000004,16.359640096
663,O,oc23,-0.55000001192092896,11.341642667,2.8371110929999999,22.055938565000002
664,O,oc23,-0.55000001192092896,8.8828506090000001,2.7765626239999999,14.231286624000001
665,O,oc23,-0.55000001192092896,14.365642596000001,2.7748547509999999,18.195774826000001
666,O,oc23,-0.55000001192092896,10.009727894999999,1.6433970419999999,18.209081830999999
667,O,oc23,-0.55000001192092896,15.228445084000001,1.6500540079999999,22.538510338999998
668,O,oc23,-0.55000001192092896,12.97405964,1.587134877,14.336875163
669,O,oc23,-0.55000001192092896,15.408478533,0.897328617,13.799613997
670,O,oc23,-0.55000001192092896,9.4578758090000008,1.0525518549999999,21.620009718999999
671,O,oc23,-0.55000001192092896,12.514496017000001,0.92981560699999999,17.781802241000001
672,O,oc23,-0.55000001192092896,9.0391775869999993,3.5815755309999999,16.718124195000001
673,O,oc23,-0.55000001192092896,14.593755679999999,3.3987811520000002,20.684541723999999
674,O,oc23,-0.55000001192092896,12.09453008,3.4775947230000002,12.747114351
675,Si,sc4,1.1000000238418579,17.011712188000001,1.210773221,13.807199446
676,Si,sc4,1.1000000238418579,11.00975805,1.331521105,21.687008734999999
677,Si,sc4,1.1000000238418579,14.05345632,1.235801251,17.845408576000001
678,Si,sc4,1.1000000238418579,9.3849533370000007,3.1556107529999999,18.263041528999999
679,Si,sc4,1.1000000238418579,14.856459276000001,3.1700424890000001,22.226597784999999
680,Si,sc4,1.1000000238418579,12.437000217,3.1090390029999999,14.254040989
681,Si,sc4,1.1000000238418579,12.048753029,3.78079001,23.142903373999999
682,Si,sc4,1.1000000238418579,9.6200119869999998,3.779291985,15.187045274000001
683,Si,sc4,1.1000000238418579,15.151016949000001,3.7138276659999998,19.237696880000001
684,Si,sc4,1.1000000238418579,11.215434369,0.74608002799999995,18.658650805000001
685,Si,sc4,1.1000000238418579,16.437224323999999,0.59887257400000005,22.688010409
686,Si,sc4,1.1000000238418579,14.182170196,0.62215948799999998,14.818448565000001
687,O,oc23,-0.55000001192092896,12.414294784000001,5.2169784290000001,10.767731524
688,O,oc23,-0.55000001192092896,18.426414152,5.3992866250000002,2.7678414340000002
689,O,oc23,-0.55000001192092896,15.445138782000001,5.1568496560000003,6.8048385370000002
690,O,oc23,-0.55000001192092896,11.252627973999999,9.0222633630000004,6.8472212800000003
691,O,oc23,-0.55000001192092896,16.448241703000001,8.9892881120000006,10.930340313
692,O,oc23,-0.55000001192092896,14.217196546,9.1407818699999996,2.6845740029999998
693,O,oc23,-0.55000001192092896,14.094691887,8.2965522880000009,11.339390437
694,O,oc23,-0.55000001192092896,11.776968454,8.4895627410000003,3.2748029399999998
695,O,oc23,-0.55000001192092896,17.084133146999999,8.1243874460000001,7.2506826990000004
696,O,oc23,-0.55000001192092896,12.124179089,6.0185755890000001,8.2901420350000006
697,O,oc24,-0.67500001192092896,18.102157218999999,6.1082306229999999,0.353831758
698,O,oc23,-0.55000001192092896,15.103371162,6.0306719859999998,4.4191330170000001
699,O,oc23,-0.55000001192092896,11.715732044999999,7.7047326570000001,10.327343215000001
700,O,oc23,-0.55000001192092896,9.4987432009999999,7.8263864209999996,2.205749843
701,O,oc23,-0.55000001192092896,14.672119178000001,7.6656551879999997,6.2884024079999996
702,O,oc23,-0.55000001192092896,10.561110308,6.6071207579999998,6.2296531000000002
703,O,oc23,-0.55000001192092896,15.787642752,6.4969338460000001,10.524550018999999
704,O,oc23,-0.55000001192092896,13.487514088999999,6.6172994330000003,2.4638479449999999
705,O,oc23,-0.55000001192092896,15.915888946000001,5.9844139690000002,1.8828006639999999
706,O,oc23,-0.55000001192092896,10.072464864000001,5.7317630040000003,9.8445067280000007
707,O,oc23,-0.55000001192092896,12.937232219,5.7112311260000004,5.8979817939999997
708,O,oc23,-0.55000001192092896,9.6636834769999993,8.5578132609999997,4.7990414729999999
709,O,oc23,-0.55000001192092896,14.893320529,8.3121350730000003,8.8219473490000002
710,O,oc24,-0.67500001192092896,12.450322171,8.3507575250000006,0.77709381700000002
711,Si,sc4,1.1000000238418579,17.525534812,6.3187041839999996,1.828768591
712,Si,sc4,1.1000000238418579,11.590658124000001,6.1490138879999998,9.8015261519999992
713,Si,sc4,1.1000000238418579,14.505742025,6.1103914359999996,5.8708358799999996
714,Si,sc4,1.1000000238418579,10.109558961999999,8.0838825940000003,6.2230670149999998
715,Si,sc4,1.1000000238418579,15.324204337999999,7.9996669899999997,10.395074899999999
716,Si,sc4,1.1000000238418579,12.96794993,8.1834378900000004,2.2884714900000001
717,Si,sc4,1.1000000238418579,12.522173951999999,8.6132734319999997,11.362610774
718,Si,sc4,1.1000000238418579,10.234467703,8.7700300159999998,3.295075749
719,Si,sc4,1.1000000238418579,15.45375407,8.5612643290000001,7.2944623699999998
720,Si,sc4,1.1000000238418579,11.671258532,5.6196251269999999,6.8092305829999997
721,Si,sc4,1.1000000238418579,17.082330085999999,5.5587982460000003,10.842115721000001
722,Si,sc4,1.1000000238418579,14.714556784999999,5.6970798800000004,2.9124061530000001
723,H,hoy,0.40000000596046448,12.306049792,7.4756695009999996,0.454177049
724,H,hoy,0.40000000596046448,18.118110005999998,6.920639059,-0.035595024000000003
725,O,oc23,-0.55000001192092896,11.713395629000001,5.358258191,22.801918057000002
726,O,oc23,-0.55000001192092896,17.628906327999999,5.2529518079999997,14.896624989999999
727,O,oc23,-0.55000001192092896,14.891216957999999,5.213423476,18.711878826
728,O,oc23,-0.55000001192092896,10.545652941,9.1361797550000006,18.852265649
729,O,oc23,-0.55000001192092896,16.001231841999999,9.0603975539999997,22.418614439999999
730,O,oc23,-0.55000001192092896,13.548949511,9.0050786679999995,14.801947164
731,O,oc23,-0.55000001192092896,13.525410212000001,8.2379215400000003,23.10145357
732,O,oc23,-0.55000001192092896,11.040008079,8.3493966289999992,15.381657498999999
733,O,oc23,-0.55000001192092896,16.486605507,8.2028540410000002,19.180277083
734,O,oc23,-0.55000001192092896,11.508889507999999,6.1485277050000002,20.208824713999999
735,O,oc23,-0.55000001192092896,17.498556562000001,5.8933315520000003,12.364610820999999
736,O,oc23,-0.55000001192092896,14.569448189999999,5.9068200109999998,16.318388578
737,O,oc23,-0.55000001192092896,11.087019013000001,7.8302904279999996,22.183284087000001
738,O,oc23,-0.55000001192092896,8.6623179429999997,7.756112216,14.308332817
739,O,oc23,-0.55000001192092896,14.143239204,7.6272779049999997,18.213007904000001
740,O,oc23,-0.55000001192092896,9.9543345179999996,6.6694809849999999,18.149932975999999
741,O,oc23,-0.55000001192092896,15.372084961000001,6.6001479810000001,22.094461662000001
742,O,oc23,-0.55000001192092896,12.879836769000001,6.5429820139999997,14.449184622000001
743,O,oc23,-0.55000001192092896,15.369414202,5.9713784499999996,13.872202709
744,O,oc23,-0.55000001192092896,9.4109643819999995,5.9762922219999997,21.685743667000001
745,O,oc23,-0.55000001192092896,12.384846778,5.6580044880000004,17.784994652999998
746,O,oc23,-0.55000001192092896,8.9983778599999997,8.6927144700000003,16.844006362999998
747,O,oc23,-0.55000001192092896,14.367445656999999,8.3652225050000002,20.538434336000002
748,O,oc23,-0.55000001192092896,11.909053616,8.3930055719999999,12.860221913
749,Si,sc4,1.1000000238418579,16.958858222,6.243655414,13.840200264
750,Si,sc4,1.1000000238418579,10.929892001000001,6.3064000169999996,21.717348549
751,Si,sc4,1.1000000238418579,13.993622955999999,6.1111248659999999,17.794974410999998
752,Si,sc4,1.1000000238418579,9.4011132209999992,8.1887713580000003,18.259050023
753,Si,sc4,1.1000000238418579,14.796259727000001,8.0879964490000003,22.061861382
754,Si,sc4,1.1000000238418579,12.314027876999999,8.0756922820000003,14.402944216
755,Si,sc4,1.1000000238418579,11.982477601999999,8.6856045650000002,23.164393661999998
756,Si,sc4,1.1000000238418579,9.5381418740000008,8.7659514820000002,15.317384921
757,Si,sc4,1.1000000238418579,14.911050629,8.6212559740000003,19.132039932000001
758,Si,sc4,1.1000000238418579,11.080007773,5.695546534,18.768366675999999
759,Si,sc4,1.1000000238418579,16.545537340999999,5.5970363220000001,22.576765749
760,Si,sc4,1.1000000238418579,14.128615702999999,5.6233192860000001,14.838340664
761,O,oc23,-0.55000001192092896,12.273594334,10.130053938,10.880373112999999
762,O,oc23,-0.55000001192092896,18.113246336,10.339794069,3.0722736309999998
763,O,oc23,-0.55000001192092896,15.333486321000001,10.128206858,6.905038641
764,O,oc23,-0.55000001192092896,11.245517227000001,14.004497348999999,6.6717050330000003
765,O,oc23,-0.55000001192092896,16.598960485999999,13.899886996999999,10.686094009
766,O,oc23,-0.55000001192092896,14.18387375,14.028235125,2.6815268360000002
767,O,oc23,-0.55000001192092896,14.082004786000001,13.389739859000001,11.205856394
768,O,oc23,-0.55000001192092896,11.764848540999999,13.533423525,3.4293013160000001
769,O,oc23,-0.55000001192092896,17.105970882000001,13.360005828,7.2303900609999996
770,O,oc23,-0.55000001192092896,12.02357784,10.902787625,8.4830232189999997
771,O,oc24,-0.67500001192092896,18.010493659000002,10.804871637,0.57462449000000004
772,O,oc23,-0.55000001192092896,15.012987258000001,10.842099949,4.4089599289999999
773,O,oc23,-0.55000001192092896,11.675398009,12.644961688,10.397070653
774,O,oc23,-0.55000001192092896,9.4507292399999994,12.806214425,2.2485777389999999
775,O,oc23,-0.55000001192092896,14.908312205,12.687313619999999,6.1846767700000003
776,O,oc23,-0.55000001192092896,10.390727017,11.447723849999999,6.5564678750000001
777,O,oc23,-0.55000001192092896,15.736858525000001,11.481781585,10.488022676
778,O,oc23,-0.55000001192092896,13.339567562999999,11.563105023,2.6080800389999999
779,O,oc23,-0.55000001192092896,15.822901948,11.05257351,1.9490419779999999
780,O,oc23,-0.55000001192092896,9.8659546779999996,10.753490000999999,10.028073406000001
781,O,oc23,-0.55000001192092896,12.935094815999999,10.890726549,6.0155473309999996
782,O,oc23,-0.55000001192092896,9.5676237119999996,13.306184966,4.7209974040000002
783,O,oc23,-0.55000001192092896,14.979763969,13.23169302,8.7228120429999993
784,O,oc24,-0.67500001192092896,12.50127357,13.387751496,0.89799255
785,Si,sc4,1.1000000238418579,17.453113853000001,11.275037504,2.0065339020000001
786,Si,sc4,1.1000000238418579,11.479473344000001,11.11688678,9.9575478640000004
787,Si,sc4,1.1000000238418579,14.543805319000001,11.138393101,5.946950621
788,Si,sc4,1.1000000238418579,9.9697938750000006,13.019721434999999,6.3263940959999996
789,Si,sc4,1.1000000238418579,15.318996158999999,13.023066539,10.223084187
790,Si,sc4,1.1000000238418579,12.970254505,13.136600633,2.4812798049999998
791,Si,sc4,1.1000000238418579,12.482675772,13.674599402,11.320161605999999
792,Si,sc4,1.1000000238418579,10.151196536,13.740795072999999,3.3775247519999998
793,Si,sc4,1.1000000238418579,15.564303997,13.637824030000001,7.2882738490000003
794,Si,sc4,1.1000000238418579,11.691993733,10.601649266000001,6.9460234639999996
795,Si,sc4,1.1000000238418579,16.955285932999999,10.488395662,10.938124048000001
796,Si,sc4,1.1000000238418579,14.625173918,10.667356676000001,2.8870700989999998
797,H,hoy,0.40000000596046448,12.765413769,12.635468671,0.40325917900000002
798,H,hoy,0.40000000596046448,18.344884273000002,11.575483719999999,0.14216522100000001
799,O,oc23,-0.55000001192092896,11.841241805999999,10.230097495000001,22.768383847999999
800,O,oc23,-0.55000001192092896,17.791478345000002,10.256274496,14.899553681
801,O,oc23,-0.55000001192092896,14.753654949,10.145287669,18.734499347
802,O,oc23,-0.55000001192092896,10.650427500999999,14.118552947,18.841752499999998
803,O,oc23,-0.55000001192092896,15.928410866,14.148181016000001,22.829860586999999
804,O,oc23,-0.55000001192092896,13.699934970999999,14.02813124,14.806206358000001
805,O,oc23,-0.55000001192092896,13.420269468000001,13.258393603,23.346363142000001
806,O,oc23,-0.55000001192092896,11.159139462000001,13.284327512999999,15.286180579
807,O,oc23,-0.55000001192092896,16.449710421999999,13.254175863,19.267037329000001
808,O,oc23,-0.55000001192092896,11.449824335000001,11.074813260999999,20.338299832000001
809,O,oc23,-0.55000001192092896,17.427972495999999,10.892016804000001,12.451770614000001
810,O,oc23,-0.55000001192092896,14.319332189000001,11.010429348000001,16.334689708999999
811,O,oc23,-0.55000001192092896,11.155266662000001,12.751662211999999,22.440903822999999
812,O,oc23,-0.55000001192092896,8.7892625899999999,12.794259313,14.320175475999999
813,O,oc23,-0.55000001192092896,14.07849817,12.652142236,18.370360118000001
814,O,oc23,-0.55000001192092896,9.8974067489999999,11.62288682,18.338223829
815,O,oc23,-0.55000001192092896,15.314721351999999,11.591688006,22.494996372999999
816,O,oc23,-0.55000001192092896,12.934059947,11.493597490999999,14.299483291
817,O,oc23,-0.55000001192092896,15.407443663,10.60011592,14.004272406
818,O,oc23,-0.55000001192092896,9.4864899489999992,10.705073249,21.966051341
819,O,oc23,-0.55000001192092896,12.323142688000001,10.716646064000001,17.872020602999999
820,O,oc23,-0.55000001192092896,9.009763414,13.603907578999999,16.790447203999999
821,O,oc23,-0.55000001192092896,14.379667067,13.454609954,20.945088168000002
822,O,oc23,-0.55000001192092896,12.024280357,13.488212672,12.846183230999999
823,Si,sc4,1.1000000238418579,16.944234721000001,11.145505084,13.92043986
824,Si,sc4,1.1000000238418579,10.964182001999999,11.232058105,21.852811919000001
825,Si,sc4,1.1000000238418579,13.894257579,11.115353433999999,17.835494252
826,Si,sc4,1.1000000238418579,9.4400780449999999,13.190629265,18.267897564999998
827,Si,sc4,1.1000000238418579,14.766976902,13.139039858,22.401716467
828,Si,sc4,1.1000000238418579,12.48040503,13.082534602000001,14.30347579
829,Si,sc4,1.1000000238418579,11.878170724,13.665536454,23.441840062000001
830,Si,sc4,1.1000000238418579,9.5852881379999992,13.711759150000001,15.296493459000001
831,Si,sc4,1.1000000238418579,14.875391415999999,13.595646625000001,19.369367029999999
832,Si,sc4,1.1000000238418579,11.047487001,10.602590466000001,18.906689338
833,Si,sc4,1.1000000238418579,16.490311135999999,10.531828000000001,22.763858951
834,Si,sc4,1.1000000238418579,14.065842911000001,10.515584505,14.851048843999999
835,O,oc23,-0.55000001192092896,12.282575807000001,15.155684942000001,10.799601118
836,O,oc23,-0.55000001192092896,18.145157754,15.325375236999999,2.896777213
837,O,oc23,-0.55000001192092896,15.275824192,15.205113536000001,6.944893231
838,O,oc23,-0.55000001192092896,11.219673352999999,19.088111507000001,6.7724365449999997
839,O,oc23,-0.55000001192092896,16.672816331,19.058234503000001,10.586293452
840,O,oc23,-0.55000001192092896,14.090184234000001,19.078985579000001,2.414792367
841,O,oc23,-0.55000001192092896,14.146510984000001,18.359625916999999,11.231605875
842,O,oc23,-0.55000001192092896,11.657369389999999,18.406168448999999,3.3406251259999999
843,O,oc23,-0.55000001192092896,17.178959029000001,18.410459559,7.2212748319999998
844,O,oc23,-0.55000001192092896,12.155131636,15.850057997,8.3506878180000008
845,O,oc24,-0.67500001192092896,18.007196163,16.043556711000001,0.46250836099999998
846,O,oc23,-0.55000001192092896,15.103102494,15.831375276999999,4.4310490419999997
847,O,oc23,-0.55000001192092896,11.798637028,17.688245000999999,10.139518335
848,O,oc23,-0.55000001192092896,9.2274243170000005,17.720624697000002,2.4193237089999999
849,O,oc23,-0.55000001192092896,14.833421489999999,17.630899930000002,6.2792881700000001
850,O,oc23,-0.55000001192092896,10.477104782,16.483953225,6.386540332
851,O,oc23,-0.55000001192092896,15.873686175,16.551892089999999,10.390750272
852,O,oc23,-0.55000001192092896,13.37559495,16.468441081999998,2.5139415519999999
853,O,oc23,-0.55000001192092896,15.873853346000001,15.760926545,1.976221105
854,O,oc23,-0.55000001192092896,9.9905290759999996,15.828237943,9.8843603269999996
855,O,oc23,-0.55000001192092896,12.986647235,15.870101613999999,5.8492791659999996
856,O,oc23,-0.55000001192092896,9.5504627909999993,18.417800609,4.9023685549999998
857,O,oc23,-0.55000001192092896,14.985005981,18.294605123,8.7119003389999996
858,O,oc24,-0.67500001192092896,12.20154155,18.085742367999998,0.80269607099999996
859,Si,sc4,1.1000000238418579,17.454417391,16.280626969,1.9106053839999999
860,Si,sc4,1.1000000238418579,11.537035965999999,16.124182040000001,9.8251450449999993
861,Si,sc4,1.1000000238418579,14.567111773000001,16.097552100000001,5.8975163159999999
862,Si,sc4,1.1000000238418579,10.039442577999999,18.029101477000001,6.3605925640000001
863,Si,sc4,1.1000000238418579,15.395289918,18.088280025,10.220290329999999
864,Si,sc4,1.1000000238418579,12.826614628,18.016758223,2.3278928240000001
865,Si,sc4,1.1000000238418579,12.536431268999999,18.585984049,11.259816091999999
866,Si,sc4,1.1000000238418579,10.019009877,18.694023133999998,3.406633206
867,Si,sc4,1.1000000238418579,15.554687672,18.613832173999999,7.2868104950000001
868,Si,sc4,1.1000000238418579,11.742143107,15.574714341,6.8075005329999998
869,Si,sc4,1.1000000238418579,17.041629866000001,15.501897026,10.751962792
870,Si,sc4,1.1000000238418579,14.627745171000001,15.534280130999999,2.9820339520000001
871,H,hoy,0.40000000596046448,18.638227792999999,16.71782215,0.28097895699999997
872,H,hoy,0.40000000596046448,12.610130935000001,17.407584036999999,0.29071698299999998
873,O,oc23,-0.55000001192092896,11.649422787000001,15.202884159,22.993203035000001
874,O,oc23,-0.55000001192092896,17.788172733,15.17904042,14.892566066000001
875,O,oc23,-0.55000001192092896,14.773988143,15.14114932,18.9780804
876,O,oc23,-0.55000001192092896,10.69513386,19.087578056000002,18.550334836000001
877,O,oc23,-0.55000001192092896,16.076357392999999,19.163007566000001,22.641038326
878,O,oc23,-0.55000001192092896,13.619501735,19.015495079000001,14.598552830999999
879,O,oc23,-0.55000001192092896,13.679601777,18.500058755000001,23.150487832
880,O,oc23,-0.55000001192092896,11.149389798,18.339321093999999,15.235948667000001
881,O,oc23,-0.55000001192092896,16.570945376000001,18.461725362999999,19.184002885000002
882,O,oc23,-0.55000001192092896,11.513395170000001,15.847897184000001,20.480217426999999
883,O,oc23,-0.55000001192092896,17.491278644000001,15.752979324,12.288896122000001
884,O,oc23,-0.55000001192092896,14.621267286,15.79006843,16.414196637
885,O,oc23,-0.55000001192092896,11.43246042,17.705147712999999,22.213292761999998
886,O,oc23,-0.55000001192092896,8.9433188260000005,17.604562556000001,14.210860143
887,O,oc23,-0.55000001192092896,14.227646737000001,17.620899158,18.179741382
888,O,oc23,-0.55000001192092896,9.9892255389999995,16.56008448,18.405623383999998
889,O,oc23,-0.55000001192092896,15.222068695999999,16.676683187999998,22.394330296
890,O,oc23,-0.55000001192092896,13.042474459999999,16.422741968,14.418711956999999
891,O,oc23,-0.55000001192092896,15.381701286,15.785744727000001,13.877392858
892,O,oc23,-0.55000001192092896,9.2981417220000004,16.060602200000002,21.986343979000001
893,O,oc23,-0.55000001192092896,12.439069956000001,15.746775297999999,17.906685045
894,O,oc23,-0.55000001192092896,9.067190707,18.347202542000002,16.775343722999999
895,O,oc23,-0.55000001192092896,14.40550895,18.490779595999999,20.729985018000001
896,O,oc23,-0.55000001192092896,12.024212692000001,18.280027492999999,12.752770473
897,Si,sc4,1.1000000238418579,16.992714373999998,16.043556711000001,13.778123709000001
898,Si,sc4,1.1000000238418579,10.930325849999999,16.205368350000001,21.967449260999999
899,Si,sc4,1.1000000238418579,14.033322138999999,16.077543804000001,17.874084764999999
900,Si,sc4,1.1000000238418579,9.4918314670000008,18.112900306,18.264903439000001
901,Si,sc4,1.1000000238418579,14.917860866,18.207860758999999,22.166118427000001
902,Si,sc4,1.1000000238418579,12.452258571,17.99313141,14.263755043
903,Si,sc4,1.1000000238418579,12.098269541000001,18.709040003999998,23.291806602000001
904,Si,sc4,1.1000000238418579,9.608025413,18.596200902,15.303080534999999
905,Si,sc4,1.1000000238418579,14.941433997000001,18.646856639999999,19.169898769
906,Si,sc4,1.1000000238418579,11.146786703,15.592875557999999,18.958985412000001
907,Si,sc4,0.72500002384185791,16.336422071000001,15.709964605,22.902316447
908,Si,sc4,1.1000000238418579,14.20667869,15.518628782,14.845992538999999
909,O,oc23,-0.55000001192092896,12.211356887999999,20.207345689,10.952961824999999
910,O,oc23,-0.55000001192092896,18.018496980999998,20.286198217999999,2.945872944
911,O,oc23,-0.55000001192092896,15.119698218,20.169653789000002,7.0027770179999997
912,O,oc23,-0.55000001192092896,11.200207857000001,24.026165571,6.797187654
913,O,oc23,-0.55000001192092896,16.613816832000001,24.010479419999999,10.633066256999999
914,O,oc23,-0.55000001192092896,14.203004904,24.130147417,2.767255993
915,O,oc23,-0.55000001192092896,14.169182585,23.269918990000001,11.271858029000001
916,O,oc23,-0.55000001192092896,11.696433721,23.731266039000001,3.4515634340000001
917,O,oc23,-0.55000001192092896,17.174783729000001,23.476941483000001,7.2937297010000002
918,O,oc23,-0.55000001192092896,12.029120362,20.968831462000001,8.4778340619999994
919,O,oc24,-0.67500001192092896,17.897910624000001,20.847769325000002,0.51530287799999996
920,O,oc23,-0.55000001192092896,14.867578152,20.621097460000001,4.4954470359999998
921,O,oc23,-0.55000001192092896,11.683179430999999,22.695074206000001,10.386958043
922,O,oc23,-0.55000001192092896,9.5620155160000007,22.798184456000001,2.386941545
923,O,oc23,-0.55000001192092896,14.927411515999999,22.642577881000001,6.1715026169999998
924,O,oc23,-0.55000001192092896,10.367456386000001,21.593453634999999,6.5627218300000001
925,O,oc23,-0.55000001192092896,15.841432081000001,21.509166870000001,10.287489616
926,O,oc23,-0.55000001192092896,13.302240619000001,21.660172108000001,2.6656782940000001
927,O,oc23,-0.55000001192092896,15.751782536,21.088778132000002,2.121717523
928,O,oc23,-0.55000001192092896,9.8193437610000007,20.765992168,9.9426446530000003
929,O,oc23,-0.55000001192092896,12.816799289,21.146398596000001,6.0111562770000004
930,O,oc23,-0.55000001192092896,9.5303962749999993,23.373308171000001,4.8734261649999997
931,O,oc23,-0.55000001192092896,14.932486357,23.330920918,8.6547472370000005
932,O,oc24,-0.67500001192092896,12.445179666,23.429987435000001,0.93842514499999996
933,Si,sc4,1.1000000238418579,17.357521770000002,21.275512878000001,1.972515131
934,Si,sc4,1.1000000238418579,11.451659238,21.154590206999998,9.9310012709999995
935,Si,sc4,1.1000000238418579,14.446645009999999,21.119453364000002,5.9299847349999997
936,Si,sc4,1.1000000238418579,9.9981751689999996,23.104726405000001,6.461590771
937,Si,sc4,1.1000000238418579,15.360231726,23.052230600000001,10.226677137999999
938,Si,sc4,1.1000000238418579,12.932690735,23.213553459,2.489609819
939,Si,sc4,1.1000000238418579,12.533527663999999,23.652870087,11.420162432
940,Si,sc4,1.1000000238418579,10.123081920000001,23.810463985999998,3.4433399979999999
941,Si,sc4,1.1000000238418579,15.540364681,23.682848247999999,7.2538096769999996
942,Si,sc4,1.1000000238418579,11.612995381999999,20.677407152000001,6.9816862769999997
943,Si,sc4,1.1000000238418579,17.069308642999999,20.571037763,10.737391711000001
944,Si,sc4,1.1000000238418579,14.48747857,20.579825414999998,2.91949192
945,H,hoy,0.40000000596046448,13.185999515000001,23.750053224999998,0.45847073999999999
946,H,hoy,0.40000000596046448,18.449159276,21.549641836999999,0.21185232600000001
947,O,oc23,-0.55000001192092896,11.774630047,20.185998571999999,22.988678138000001
948,O,oc23,-0.55000001192092896,17.460626606999998,20.170723807000002,14.786512545000001
949,O,oc23,-0.55000001192092896,14.549415506000001,20.194207843000001,18.855725748000001
950,O,oc23,-0.55000001192092896,10.496036922,24.114565671000001,18.843283272000001
951,O,oc23,-0.55000001192092896,16.034821315999999,24.055795197999998,22.474703734999999
952,O,oc23,-0.55000001192092896,13.500603198,24.021982632,14.875800944
953,O,oc23,-0.55000001192092896,13.624576575000001,23.576078121999998,23.274375238000001
954,O,oc23,-0.55000001192092896,11.006452438,23.225544931999998,15.459635638
955,O,oc23,-0.55000001192092896,16.488975755999999,23.424201026999999,19.335301414
956,O,oc23,-0.55000001192092896,11.547786667,20.846270261000001,20.424992661000001
957,O,oc23,-0.55000001192092896,17.351746402,20.937772893999998,12.302468831000001
958,O,oc23,-0.55000001192092896,14.386845478,20.931602891000001,16.327170685999999
959,O,oc23,-0.55000001192092896,11.391760199,22.690159395999999,22.279758388000001
960,O,oc23,-0.55000001192092896,8.6823506269999999,22.596669958,14.368412627
961,O,oc23,-0.55000001192092896,14.363439518,22.679597384000001,18.195441705
962,O,oc23,-0.55000001192092896,9.7791430639999994,21.566891738999999,18.522523175
963,O,oc23,-0.55000001192092896,15.243337253,21.6506209,22.684484875999999
964,O,oc23,-0.55000001192092896,12.713025767,21.569506271000002,14.460828004
965,O,oc23,-0.55000001192092896,15.159697911,20.913616201,13.867612377
966,O,oc23,-0.55000001192092896,9.3901296740000006,20.872309354999999,21.949684776000002
967,O,oc23,-0.55000001192092896,12.296265934999999,21.076995988,17.944676733000001
968,O,oc23,-0.55000001192092896,8.8124675470000007,23.349988014000001,16.903553773999999
969,O,oc23,-0.55000001192092896,14.298531313,23.114417338999999,20.750811046999999
970,O,oc23,-0.55000001192092896,11.899904972,23.530623137999999,12.964081394000001
971,Si,sc4,1.1000000238418579,16.708041693999999,21.173413691,13.756966542000001
972,Si,sc4,1.1000000238418579,11.016769289999999,21.147200331000001,21.936244918
973,Si,sc4,1.1000000238418579,13.916996845,21.213151871000001,17.818992852000001
974,Si,sc4,1.1000000238418579,9.2400119119999999,23.087890245000001,18.3843988
975,Si,sc4,1.1000000238418579,14.783071112,23.081790104,22.262925849999998
976,Si,sc4,1.1000000238418579,12.262877465000001,23.072935964999999,14.521506639
977,Si,sc4,1.1000000238418579,12.066349789,23.712268547000001,23.247826662000001
978,Si,sc4,1.1000000238418579,9.4522656230000006,23.572975589999999,15.391304136
979,Si,sc4,1.1000000238418579,14.894757406,23.598108024999998,19.332906113
980,Si,sc4,1.1000000238418579,11.047721836999999,20.632726113,18.867634834
981,Si,sc4,1.1000000238418579,16.512015531999999,20.75369761,22.910366878000001
982,Si,sc4,1.1000000238418579,13.940267476000001,20.567025715,14.845726835000001
983,O,oc23,-0.55000001192092896,12.373327885,25.119524928000001,10.895941575
984,O,oc23,-0.55000001192092896,18.194474848999999,25.269937761000001,3.0162254810000002
985,O,oc23,-0.55000001192092896,15.353921012000001,25.260038016999999,6.7711060420000004
986,O,oc23,-0.55000001192092896,11.140207322,28.946316703000001,6.6610590319999998
987,O,oc23,-0.55000001192092896,16.557858258,28.984939154999999,10.787823893000001
988,O,oc23,-0.55000001192092896,14.025777543,29.113007832000001,2.4648790350000001
989,O,oc23,-0.55000001192092896,13.992420915,28.439166654000001,11.477448385000001
990,O,oc23,-0.55000001192092896,11.633629086999999,28.457257228,3.1652417310000001
991,O,oc23,-0.55000001192092896,17.096221218,28.309563592,7.4228726900000002
992,O,oc23,-0.55000001192092896,12.046683290000001,25.907457544,8.4039812739999995
993,O,oc24,-0.67500001192092896,17.965445354,25.849418422999999,0.41348599600000002
994,O,oc23,-0.55000001192092896,15.084439022,25.995194857000001,4.362366078
995,O,oc23,-0.55000001192092896,11.845214113000001,27.614423863999999,10.293743572
996,O,oc23,-0.55000001192092896,9.3739021250000008,27.677830216,2.1008855460000002
997,O,oc23,-0.55000001192092896,14.670517121,27.775258982,6.3967867859999998
998,O,oc23,-0.55000001192092896,10.47990888,26.466720582000001,6.4472189670000004
999,O,oc23,-0.55000001192092896,15.667343161,26.496385010000001,10.631935033
1000,O,oc23,-0.55000001192092896,13.377632846999999,26.580253636999998,2.5028033060000001
1001,O,oc23,-0.55000001192092896,15.885939427,26.006698068999999,1.9365068030000001
1002,O,oc23,-0.55000001192092896,9.9877568199999995,25.645603386000001,10.025878373999999
1003,O,oc23,-0.55000001192092896,12.935562496999999,25.76680473,5.8766243579999999
1004,O,oc23,-0.55000001192092896,9.476805959,28.18536464,4.6911235639999997
1005,O,oc23,-0.55000001192092896,14.893254855,28.277424617000001,8.9952011469999995
1006,O,oc24,-0.89999997615814209,12.460871869,28.286453283,0.73138506700000006
1007,Si,sc4,1.1000000238418579,17.499858110000002,26.216404957000002,1.93137044
1008,Si,sc4,1.1000000238418579,11.548688198000001,26.087603889,9.9227505709999999
1009,Si,sc4,1.1000000238418579,14.503638454000001,26.227698319999998,5.8486803409999997
1010,Si,sc4,1.1000000238418579,9.9469551030000005,27.972660663999999,6.2441577549999998
1011,Si,sc4,1.1000000238418579,15.253186424000001,28.041086750000002,10.505521457
1012,Si,sc4,0.72500002384185791,12.846281126999999,28.082881857,2.3234482330000001
1013,Si,sc4,1.1000000238418579,12.351123965999999,28.590938823999998,11.433136316000001
1014,Si,sc4,1.1000000238418579,10.003550519999999,28.657273701000001,3.1867518480000001
1015,Si,sc4,1.1000000238418579,15.506440865,28.645560640999999,7.5109634390000002
1016,Si,sc4,1.1000000238418579,11.688654289,25.559190091000001,6.8758310429999998
1017,Si,sc4,1.1000000238418579,16.910911925000001,25.557551821000001,10.904258701
1018,Si,sc4,1.1000000238418579,14.663973562000001,25.647729397999999,2.850656275
1019,H,hoy,0.40000000596046448,18.312062943000001,26.626172614000001,0.013797073999999999
1020,O,oc23,-0.55000001192092896,11.689955835999999,25.192029549000001,22.869383046999999
1021,O,oc23,-0.55000001192092896,17.580926199,25.062497130000001,15.065289447
1022,O,oc23,-0.55000001192092896,14.541868919000001,25.140997487,18.976882749000001
1023,O,oc23,-0.55000001192092896,10.515369078999999,29.016938923000001,19.073890441
1024,O,oc23,-0.55000001192092896,15.879662546,29.094149545000001,22.783953302
1025,O,oc23,-0.55000001192092896,13.588849698000001,28.880365162,14.623703487
1026,O,oc23,-0.55000001192092896,13.440503155,28.131508456999999,23.154812459999999
1027,O,oc23,-0.55000001192092896,11.062546340999999,28.30719397,15.392236082
1028,O,oc23,-0.55000001192092896,16.470145113000001,28.339541753999999,19.211015452000002
1029,O,oc23,-0.55000001192092896,11.401977544999999,25.975883630999999,20.374227357999999
1030,O,oc23,-0.55000001192092896,17.420159232,25.710718131,12.461418243000001
1031,O,oc23,-0.55000001192092896,14.385241431000001,25.837148538000001,16.502021681999999
1032,O,oc23,-0.55000001192092896,11.054532074000001,27.615887606000001,22.307504614999999
1033,O,oc23,-0.55000001192092896,8.6701312070000007,27.646527516999999,14.403409198
1034,O,oc23,-0.55000001192092896,14.054791700000001,27.771424578000001,18.347005936999999
1035,O,oc23,-0.55000001192092896,9.7616816320000002,26.650562124,18.532768637
1036,O,oc23,-0.55000001192092896,15.309847515,26.642231567,22.227464297000001
1037,O,oc23,-0.55000001192092896,12.794762541000001,26.429527590999999,14.673338557999999
1038,O,oc23,-0.55000001192092896,15.281165711,25.844503612,14.033680273
1039,O,oc23,-0.55000001192092896,9.2421493150000007,25.917252363999999,21.949551924000001
1040,O,oc23,-0.55000001192092896,12.260640555,25.994219375,18.005288942
1041,O,oc23,-0.55000001192092896,8.9289281700000007,28.430277193999999,17.013999340000002
1042,O,oc23,-0.55000001192092896,14.382437333,28.610458860000001,20.770372006999999
1043,O,oc23,-0.55000001192092896,11.825048089999999,28.12314258,12.83693515
1044,Si,sc4,1.1000000238418579,16.903365339,26.072510402999999,13.960293458000001
1045,Si,sc4,1.1000000238418579,10.836769672999999,26.130757814999999,21.87988992
1046,Si,sc4,1.1000000238418579,13.802404956,26.195455460000002,17.962972625999999
1047,Si,sc4,1.1000000238418579,9.2645860809999991,28.151796205,18.563241302000002
1048,Si,sc4,1.1000000238418579,14.764473314,28.117251247999999,22.230323588000001
1049,Si,sc4,1.1000000238418579,12.294896723000001,27.937941179999999,14.377128309
1050,Si,sc4,1.1000000238418579,11.896499854,28.501840614999999,23.241174150999999
1051,Si,sc4,1.1000000238418579,9.4781751710000002,28.627260219,15.468084623999999
1052,Si,sc4,1.1000000238418579,14.947844217,28.714371103000001,19.221594034999999
1053,Si,sc4,1.1000000238418579,10.955501039,25.644487658999999,18.880009893
1054,Si,sc4,1.1000000238418579,16.460596452000001,25.623049902000002,22.614491733000001
1055,Si,sc4,1.1000000238418579,14.030285195999999,25.527504056000001,14.994963184
1056,O,oc23,-0.55000001192092896,11.956432725000001,30.146097652000002,11.01364046
1057,O,oc23,-0.55000001192092896,18.169149373,30.313765302,3.0465385249999999
1058,O,oc23,-0.55000001192092896,15.237392723999999,30.189531029000001,7.1489518240000001
1059,O,oc23,-0.55000001192092896,11.119273107,33.968148624000001,6.7331153449999999
1060,O,oc23,-0.55000001192092896,16.644970383,33.957656215,10.707917417999999
1061,O,oc23,-0.55000001192092896,14.195559813999999,34.029290277999998,2.809804304
1062,O,oc23,-0.55000001192092896,14.205510481999999,33.281722789,11.200866515
1063,O,oc23,-0.55000001192092896,11.671391870000001,33.590322184999998,3.377684372
1064,O,oc23,-0.55000001192092896,17.192012314999999,33.282699309999998,7.3520804530000001
1065,O,oc23,-0.55000001192092896,11.973862314,30.680193453000001,8.5222115659999993
1066,O,oc24,-0.67500001192092896,17.922332602000001,30.721291489999999,0.49500329999999998
1067,O,oc23,-0.55000001192092896,14.993688933,30.642756331000001,4.5721610989999997
1068,O,oc23,-0.55000001192092896,11.899371616,32.653998342999998,10.20964433
1069,O,oc23,-0.55000001192092896,9.4530338139999994,32.734904163000003,2.1916511789999999
1070,O,oc23,-0.55000001192092896,14.927343852,32.619802440999997,6.2575311869999997
1071,O,oc23,-0.55000001192092896,10.414532994,31.473006078000001,6.5061685450000004
1072,O,oc23,-0.55000001192092896,15.830514208,31.422287228999998,10.366664414000001
1073,O,oc23,-0.55000001192092896,13.304242693000001,31.528117194,2.8003232370000002
1074,O,oc23,-0.55000001192092896,15.814720509000001,30.976940583000001,2.0933471899999998
1075,O,oc23,-0.55000001192092896,9.8053192899999999,31.079842023000001,9.9978010099999999
1076,O,oc23,-0.55000001192092896,12.923643587999999,30.907503692999999,6.0328463389999998
1077,O,oc23,-0.55000001192092896,9.5083256939999998,33.340773233,4.8440182979999999
1078,O,oc23,-0.55000001192092896,14.991016183999999,33.326516023000003,8.7375824029999993
1079,O,oc24,-0.67500001192092896,12.570856598000001,33.180599862999998,0.90156542500000003
1080,Si,sc4,1.1000000238418579,17.420760253000001,31.185601345999999,1.9847107399999999
1081,Si,sc4,1.1000000238418579,11.408654443,31.164651849999998,9.9032560360000002
1082,Si,sc4,1.1000000238418579,14.516795226999999,31.116163416999999,6.019472908
1083,Si,sc4,1.1000000238418579,9.8959041980000002,33.005995796000001,6.3366395579999999
1084,Si,sc4,1.1000000238418579,15.441132644,32.979468701999998,10.213038002999999
1085,Si,sc4,1.1000000238418579,12.907449871000001,33.080382817999997,2.484240717
1086,Si,sc4,1.1000000238418579,12.608718889,33.622252351,11.266269325
1087,Si,sc4,1.1000000238418579,10.064719264000001,33.699149239,3.3874584080000001
1088,Si,sc4,1.1000000238418579,15.582000265,33.601545946000002,7.2514143759999996
1089,Si,sc4,1.1000000238418579,11.633061898999999,30.451524393,6.9164163189999996
1090,Si,sc4,1.1000000238418579,17.024401279999999,30.485301637999999,10.76540265
1091,Si,sc4,1.1000000238418579,14.533122282000001,30.532569419000001,2.9687403319999999
1092,H,hoy,0.40000000596046448,12.67688057,32.320253813000001,0.54356359499999995
1093,H,hoy,0.40000000596046448,17.237968964,30.186787725999999,0.120932439
1094,O,oc23,-0.55000001192092896,11.671559042,30.044730597000001,22.973707509
1095,O,oc23,-0.55000001192092896,17.689941733000001,30.073627312999999,14.862892495000001
1096,O,oc23,-0.55000001192092896,14.822268782,30.222716127999998,18.713475032000002
1097,O,oc23,-0.55000001192092896,10.878572428,34.033194285,18.547673831000001
1098,O,oc23,-0.55000001192092896,16.002300544000001,33.944061793000003,22.392200699
1099,O,oc23,-0.55000001192092896,13.691455012,33.921229897000003,14.662426852999999
1100,O,oc23,-0.55000001192092896,13.568383165,33.359387388999998,23.257074743
1101,O,oc23,-0.55000001192092896,11.140909839000001,33.179902794,15.236014101
1102,O,oc23,-0.55000001192092896,16.472716366,33.224277370999999,19.210283775000001
1103,O,oc23,-0.55000001192092896,11.622745047,30.932810136000001,20.522932299000001
1104,O,oc23,-0.55000001192092896,17.543965439000001,30.884706079000001,12.281710220000001
1105,O,oc23,-0.55000001192092896,14.480534993999999,30.818475086999999,16.214595524
1106,O,oc23,-0.55000001192092896,11.09189484,32.645702069000002,22.456140155
1107,O,oc23,-0.55000001192092896,8.8529687540000008,32.618861240999998,14.236409354999999
1108,O,oc23,-0.55000001192092896,14.107747163000001,32.646329535,18.123652087
1109,O,oc23,-0.55000001192092896,10.042648682999999,31.445676988999999,18.531172431000002
1110,O,oc23,-0.55000001192092896,15.17458809,31.534984007999999,22.522209208
1111,O,oc23,-0.55000001192092896,12.779169845,31.390601193999998,14.305005570000001
1112,O,oc23,-0.55000001192092896,15.392418155,30.674371724,13.816181823000001
1113,O,oc23,-0.55000001192092896,9.3971409139999995,30.704802826000002,22.023603990000002
1114,O,oc23,-0.55000001192092896,12.379471428,30.513397399999999,17.910478264999998
1115,O,oc23,-0.55000001192092896,9.189828705,33.180146923999999,16.744071963
1116,O,oc23,-0.55000001192092896,14.316794767999999,33.250455410999997,20.681615015999999
1117,O,oc23,-0.55000001192092896,12.020073215,33.369252330999998,12.754366679
1118,Si,sc4,1.1000000238418579,16.986505157,31.035885063999999,13.797485391
1119,Si,sc4,1.1000000238418579,10.960675386,31.089846171000001,21.991467701000001
1120,Si,sc4,1.1000000238418579,13.922939382999999,31.087580433999999,17.745273906000001
1121,Si,sc4,1.1000000238418579,9.6549030079999998,32.948340530999999,18.250932174999999
1122,Si,sc4,1.1000000238418579,14.727243887,33.009446863999997,22.210830044000001
1123,Si,sc4,1.1000000238418579,12.428418762,32.934571581999997,14.313455548
1124,Si,sc4,1.1000000238418579,11.992726790000001,33.679802692000003,23.355545789000001
1125,Si,sc4,1.1000000238418579,9.6176735799999999,33.519769568000001,15.270545691000001
1126,Si,sc4,1.1000000238418579,14.874889903,33.558461622999999,19.174288830999998
1127,Si,sc4,1.1000000238418579,11.195133017,30.468116942999998,19.003429342
1128,Si,sc4,1.1000000238418579,16.424869574999999,30.606259371,22.831791896999999
1129,Si,sc4,1.1000000238418579,14.072555632,30.440370236,14.710596585999999
1130,O,oc23,-0.55000001192092896,20.620752665000001,0.225926664,10.849434474000001
1131,O,oc23,-0.55000001192092896,26.564477487000001,0.40847795199999998,3.0354007740000002
1132,O,oc23,-0.55000001192092896,23.604819072000002,0.20919490800000001,6.9034424349999997
1133,O,oc23,-0.55000001192092896,19.486875705999999,3.915238279,6.8889377789999999
1134,O,oc23,-0.55000001192092896,24.957503375000002,4.0287349739999998,10.724084705999999
1135,O,oc23,-0.55000001192092896,22.649996292000001,4.1474965729999997,2.8086264829999998
1136,O,oc23,-0.55000001192092896,22.473903308000001,3.300235619,11.254625943000001
1137,O,oc23,-0.55000001192092896,20.179825646000001,3.4320348150000002,3.3718562369999998
1138,O,oc23,-0.55000001192092896,25.429288408000001,3.3767159279999999,7.3287272640000003
1139,O,oc23,-0.55000001192092896,20.510095270000001,0.99458181700000003,8.3716457070000008
1140,O,oc24,-0.67500001192092896,26.507349709,0.89209903400000001,0.46655340499999998
1141,O,oc23,-0.55000001192092896,23.505153185000001,0.59538826300000003,4.3272163299999997
1142,O,oc23,-0.55000001192092896,20.070894195000001,2.7412520329999999,10.159943824999999
1143,O,oc23,-0.55000001192092896,17.836804398000002,2.8032652840000001,2.3143265589999999
1144,O,oc23,-0.55000001192092896,23.312632643000001,2.6689209009999999,6.1269248440000004
1145,O,oc23,-0.55000001192092896,19.006442796000002,1.5568086999999999,6.2156144180000004
1146,O,oc23,-0.55000001192092896,24.203147740999999,1.510446798,10.406651856
1147,O,oc23,-0.55000001192092896,21.903420587999999,1.6412009080000001,2.4194897740000001
1148,O,oc23,-0.55000001192092896,24.321745270000001,0.94707094400000003,1.8981168070000001
1149,O,oc23,-0.55000001192092896,18.305646537000001,0.80220090799999999,9.76772624
1150,O,oc23,-0.55000001192092896,21.426927643999999,0.88697541400000002,5.7979150380000002
1151,O,oc23,-0.55000001192092896,18.029370744000001,3.6623421440000001,4.8116163060000003
1152,O,oc23,-0.55000001192092896,23.293467159999999,3.3844533000000001,8.8048481150000004
1153,O,oc24,-0.67500001192092896,20.956287683999999,3.5741165709999998,0.915171595
1154,Si,sc4,1.1000000238418579,25.875531073000001,1.2337090020000001,1.8997137559999999
1155,Si,sc4,1.1000000238418579,19.887061706000001,1.216592871,9.7758440879999995
1156,Si,sc4,1.1000000238418579,22.940880675999999,1.1549639949999999,5.7510083889999999
1157,Si,sc4,1.1000000238418579,18.389429262,3.034617699,6.2579307340000003
1158,Si,sc4,1.1000000238418579,23.719175626999998,3.0498846730000002,10.32947182
1159,Si,sc4,1.1000000238418579,21.406226524000001,3.1542851770000002,2.4120446119999999
1160,Si,sc4,1.1000000238418579,20.887546731,3.646377062,11.213707547
1161,Si,sc4,1.1000000238418579,18.653285082,3.845626862,3.29806343
1162,Si,sc4,1.1000000238418579,23.881913322999999,3.6134018110000001,7.2517474980000003
1163,Si,sc4,1.1000000238418579,20.149799008999999,0.61696522600000003,6.8005139090000002
1164,Si,sc4,1.1000000238418579,25.410022920999999,0.51974527000000004,10.874119157000001
1165,Si,sc4,1.1000000238418579,23.081948803,0.56335213500000003,2.758333597
1166,H,hoy,0.40000000596046448,26.887291532999999,1.693520675,0.113063472
1167,H,hoy,0.40000000596046448,21.6154893,3.2489623220000001,0.32051575900000001
1168,O,oc23,-0.55000001192092896,19.951505588,0.40234249,22.901186213999999
1169,O,oc23,-0.55000001192092896,25.927484503999999,0.185315849,14.92530118
1170,O,oc23,-0.55000001192092896,23.100012249999999,0.184794345,18.717666808000001
1171,O,oc23,-0.55000001192092896,19.137440848000001,4.0103659870000001,18.762378425000001
1172,O,oc23,-0.55000001192092896,24.239007459,4.1259902520000002,22.634982656999998
1173,O,oc23,-0.55000001192092896,21.942418995000001,4.125223579,14.610995307
1174,O,oc23,-0.55000001192092896,21.891634519,3.2161592219999999,23.063993288999999
1175,O,oc23,-0.55000001192092896,19.562748675999998,3.4345446819999998,15.188508627999999
1176,O,oc23,-0.55000001192092896,24.793797478999998,3.282494099,19.238761677999999
1177,O,oc23,-0.55000001192092896,19.865525849000001,1.055097043,20.347415062
1178,O,oc23,-0.55000001192092896,25.795364514999999,1.0145901129999999,12.367604946
1179,O,oc23,-0.55000001192092896,22.812300139000001,0.99290926400000001,16.27148193
1180,O,oc23,-0.55000001192092896,19.506658629,2.8576076499999998,22.322873799
1181,O,oc23,-0.55000001192092896,17.123432313999999,2.7046865090000001,14.382717013000001
1182,O,oc23,-0.55000001192092896,22.516374249999998,2.6908469180000001,18.144876670999999
1183,O,oc23,-0.55000001192092896,18.348791668,1.6181238419999999,18.284531818000001
1184,O,oc23,-0.55000001192092896,23.626588645000002,1.665252417,22.095127904000002
1185,O,oc23,-0.55000001192092896,21.150574468999999,1.568973661,14.260294944
1186,O,oc23,-0.55000001192092896,23.653065879,0.74764661700000001,13.793027911999999
1187,O,oc23,-0.55000001192092896,17.688005333,1.0148706030000001,21.759331744000001
1188,O,oc23,-0.55000001192092896,20.740278343,0.79125555999999997,17.874017347999999
1189,O,oc23,-0.55000001192092896,17.509173924999999,3.6347356820000001,16.844206631999999
1190,O,oc23,-0.55000001192092896,22.644988121000001,3.5336470389999999,20.612353551000002
1191,O,oc23,-0.55000001192092896,20.298149284000001,3.4162442589999999,12.675391159
1192,Si,sc4,1.1000000238418579,25.229122271000001,1.210214318,13.864351556000001
1193,Si,sc4,1.1000000238418579,19.257420525000001,1.3491940609999999,21.828460357000001
1194,Si,sc4,1.1000000238418579,22.279813546,1.182152839,17.730237843000001
1195,Si,sc4,1.1000000238418579,17.930878492000002,3.12674728,18.273286991999999
1196,Si,sc4,1.1000000238418579,23.090696435000002,3.1333003599999998,22.081555195
1197,Si,sc4,1.1000000238418579,20.719617274000001,3.1413182220000002,14.126495197000001
1198,Si,sc4,1.1000000238418579,20.435644623999998,3.8314049730000002,23.188677807000001
1199,Si,sc4,1.1000000238418579,17.92852491,3.770229037,15.321977236
1200,Si,sc4,1.1000000238418579,23.230228676999999,3.733732077,19.164574776999999
1201,Si,sc4,1.1000000238418579,19.477616983000001,0.65314637600000003,18.866236914000002
1202,Si,sc4,1.1000000238418579,24.799239997000001,0.66283886800000003,22.664059386000002
1203,Si,sc4,1.1000000238418579,22.384120922000001,0.63672835299999997,14.744329081
1204,O,oc23,-0.55000001192092896,20.746258195999999,5.2243335039999996,10.767464829
1205,O,oc23,-0.55000001192092896,26.475596133,5.2595755300000002,3.0810299620000001
1206,O,oc23,-0.55000001192092896,23.723616610000001,5.167689041,6.7808865230000004
1207,O,oc23,-0.55000001192092896,19.451603699,9.0761881100000004,6.9169487180000004
1208,O,oc23,-0.55000001192092896,24.827586961000002,9.1065163649999992,10.929675061999999
1209,O,oc23,-0.55000001192092896,22.595238764000001,9.1154401069999995,2.603030178
1210,O,oc23,-0.55000001192092896,22.417709897999998,8.3005269370000008,11.272856402
1211,O,oc23,-0.55000001192092896,20.084637061999999,8.4719230280000009,3.2561600450000001
1212,O,oc23,-0.55000001192092896,25.38955589,8.3036289500000002,7.3470905740000001
1213,O,oc23,-0.55000001192092896,20.458068701999998,6.0269071849999998,8.3287979829999994
1214,O,oc24,-0.67500001192092896,26.605913061999999,5.8538364639999996,0.510093397
1215,O,oc23,-0.55000001192092896,23.441179845000001,6.0968676569999998,4.3579750239999999
1216,O,oc23,-0.55000001192092896,20.152116022000001,7.7271801780000002,10.184295387000001
1217,O,oc23,-0.55000001192092896,17.698857531000002,7.8334984040000002,2.211185371
1218,O,oc23,-0.55000001192092896,22.969160971000001,7.6500391600000004,6.4774259289999998
1219,O,oc23,-0.55000001192092896,18.917875386999999,6.5600607469999996,6.3254621499999999
1220,O,oc23,-0.55000001192092896,24.204316446,6.5500565990000004,10.271920162000001
1221,O,oc23,-0.55000001192092896,21.924288878999999,6.6024479999999999,2.3147722079999999
1222,O,oc23,-0.55000001192092896,24.336102591,5.9331029749999997,1.8908248219999999
1223,O,oc23,-0.55000001192092896,18.309492937000002,5.9580271199999997,9.9095099910000002
1224,O,oc23,-0.55000001192092896,21.373538830000001,5.6647653389999997,5.9473501689999999
1225,O,oc23,-0.55000001192092896,17.936612369999999,8.4060078479999998,4.833506141
1226,O,oc23,-0.55000001192092896,23.316038258999999,8.6059183580000003,8.9013224159999993
1227,O,oc24,-0.67500001192092896,21.034023791999999,8.4808467699999994,0.73486474700000004
1228,Si,sc4,1.1000000238418579,25.876098759000001,6.251324222,1.9492680250000001
1229,Si,sc4,1.1000000238418579,19.961816220999999,6.2572830789999996,9.7558835800000008
1230,Si,sc4,1.1000000238418579,22.879077577,6.156649453,5.8923930899999997
1231,Si,sc4,1.1000000238418579,18.340795,8.0623762729999999,6.2937254080000002
1232,Si,sc4,1.1000000238418579,23.722915584999999,8.1462448989999992,10.400996725000001
1233,Si,sc4,1.1000000238418579,21.39490764,8.1246326149999994,2.2792695109999999
1234,Si,sc4,1.1000000238418579,20.852151210999999,8.6438447790000001,11.168132392
1235,Si,sc4,1.1000000238418579,18.481869782,8.7428411730000004,3.3059938980000001
1236,Si,sc4,1.1000000238418579,23.825218896999999,8.6873810020000004,7.3768969970000002
1237,Si,sc4,1.1000000238418579,20.048280059,5.5245327399999997,6.8349126470000003
1238,Si,sc4,1.1000000238418579,25.397569163,5.6093072460000002,10.738921490999999
1239,Si,sc4,1.1000000238418579,23.111097294,5.6742479829999999,2.8260186850000002
1240,H,hoy,0.40000000596046448,21.107264989000001,7.6904377459999997,0.23173892600000001
1241,H,hoy,0.40000000596046448,26.7934521,6.6538731880000004,0.072195703
1242,O,oc23,-0.55000001192092896,20.419895205,5.3047510630000003,22.611231904
1243,O,oc23,-0.55000001192092896,25.992592717000001,5.248245807,14.857104512999999
1244,O,oc23,-0.55000001192092896,23.125755125000001,5.2591225909999997,18.665703855
1245,O,oc23,-0.55000001192092896,19.033835118999999,9.0462463080000006,18.876018385999998
1246,O,oc23,-0.55000001192092896,24.320276054000001,9.0801980800000006,22.558735559999999
1247,O,oc23,-0.55000001192092896,21.925624257999999,9.0660447560000001,14.434946662
1248,O,oc23,-0.55000001192092896,21.910732836000001,8.4892136859999994,23.133455024
1249,O,oc23,-0.55000001192092896,19.508087668999998,8.2450314450000004,15.188974601
1250,O,oc23,-0.55000001192092896,24.835333555999998,8.0915867230000007,19.177217521999999
1251,O,oc23,-0.55000001192092896,19.986193365999998,6.0496684399999996,20.206030856999998
1252,O,oc23,-0.55000001192092896,25.821741744000001,5.9612683390000001,12.273459519999999
1253,O,oc23,-0.55000001192092896,22.821915966999999,6.0513430699999997,16.191707315999999
1254,O,oc23,-0.55000001192092896,19.563646848000001,7.7340469919999997,22.211694572999999
1255,O,oc23,-0.55000001192092896,17.165469903999998,7.7500473960000003,14.277261326
1256,O,oc23,-0.55000001192092896,22.42281857,7.690963708,18.109280283
1257,O,oc23,-0.55000001192092896,18.395072035999998,6.5562273820000003,18.363905892999998
1258,O,oc23,-0.55000001192092896,23.430328641999999,6.6267446779999997,22.211496286999999
1259,O,oc23,-0.55000001192092896,21.265492491,6.6678769969999996,14.153042782
1260,O,oc23,-0.55000001192092896,23.684852291999999,5.7723031770000004,13.739467761
1261,O,oc23,-0.55000001192092896,17.921910569000001,5.717505794,21.69978235
1262,O,oc23,-0.55000001192092896,20.770939335000001,5.7611479809999997,17.712939331000001
1263,O,oc23,-0.55000001192092896,17.479457250999999,8.5243144290000004,16.859774102999999
1264,O,oc23,-0.55000001192092896,22.672467388000001,8.4408654989999992,20.671567840000002
1265,O,oc23,-0.55000001192092896,20.206610106999999,8.5386422809999996,12.605862998999999
1266,Si,sc4,1.1000000238418579,25.257736411,6.2017896649999997,13.78118426
1267,Si,sc4,1.1000000238418579,19.463927476999999,6.2269236579999996,21.720009553000001
1268,Si,sc4,1.1000000238418579,22.268661832999999,6.2094231520000003,17.698767796999999
1269,Si,sc4,1.1000000238418579,17.901725639999999,8.1204148749999998,18.352329929
1270,Si,sc4,1.1000000238418579,23.106255796999999,8.1669492259999998,22.142034551999998
1271,Si,sc4,1.1000000238418579,20.745313379999999,8.1441526510000006,14.080520496
1272,Si,sc4,1.1000000238418579,20.305865279999999,8.7566786860000008,23.284820968999998
1273,Si,sc4,1.1000000238418579,17.950226352000001,8.6834769949999995,15.298888759
1274,Si,sc4,1.1000000238418579,23.277273941000001,8.5619271169999998,19.172760042
1275,Si,sc4,1.1000000238418579,19.606274388999999,5.5869282890000003,18.718333049999998
1276,Si,sc4,1.1000000238418579,24.596435936999999,5.7100821560000004,22.662062640999999
1277,Si,sc4,1.1000000238418579,22.436007185000001,5.6627084109999997,14.681254153999999
1278,O,oc23,-0.55000001192092896,20.693931117999998,10.237138836,10.735395958
1279,O,oc23,-0.55000001192092896,26.528551596,10.269276772,3.0764986200000002
1280,O,oc23,-0.55000001192092896,23.526288402999999,10.184084648000001,6.8737014470000002
1281,O,oc23,-0.55000001192092896,19.532007456999999,14.035101939,6.6687109070000004
1282,O,oc23,-0.55000001192092896,24.717704225999999,14.097358282,10.803326921
1283,O,oc23,-0.55000001192092896,22.438711777000002,14.09010917,2.4453914399999999
1284,O,oc23,-0.55000001192092896,22.300047233000001,13.227789013000001,11.313242399
1285,O,oc23,-0.55000001192092896,20.040954377999999,13.444884219,3.2829401210000002
1286,O,oc23,-0.55000001192092896,25.301709406000001,13.261356409999999,7.2666507090000003
1287,O,oc23,-0.55000001192092896,20.278870362999999,11.237913077,8.2665885760000002
1288,O,oc24,-0.67500001192092896,26.559602654999999,10.84537649,0.51265476200000004
1289,O,oc23,-0.55000001192092896,23.263016623999999,10.738362233,4.3294852229999998
1290,O,oc23,-0.55000001192092896,19.941732787999999,12.739042232999999,10.315766259
1291,O,oc23,-0.55000001192092896,17.778423068999999,12.852541005999999,2.1665481120000001
1292,O,oc23,-0.55000001192092896,23.043050649000001,12.575211065,6.2351753780000001
1293,O,oc23,-0.55000001192092896,18.768440053999999,11.498513340000001,6.2583292899999998
1294,O,oc23,-0.55000001192092896,24.182213028,11.570181685,10.475248069999999
1295,O,oc23,-0.55000001192092896,21.657478144999999,11.521309916,2.4116187920000001
1296,O,oc23,-0.55000001192092896,24.205618989000001,11.015031464,1.922268595
1297,O,oc23,-0.55000001192092896,18.207847084000001,10.778135732999999,9.9319322260000007
1298,O,oc23,-0.55000001192092896,21.108855051999999,10.891146246,5.8947219640000004
1299,O,oc23,-0.55000001192092896,17.927703545,13.429652566,4.686399389
1300,O,oc23,-0.55000001192092896,23.163517908999999,13.433207518,8.8124325720000005
1301,O,oc24,-0.67500001192092896,20.746578856999999,13.450462856,0.83134549199999996
1302,Si,sc4,1.1000000238418579,25.819204324000001,11.169103654000001,1.9116297820000001
1303,Si,sc4,1.1000000238418579,19.805145322000001,11.240144532,9.8381863470000006
1304,Si,sc4,1.1000000238418579,22.722884435000001,11.111937687999999,5.8016408410000002
1305,Si,sc4,1.1000000238418579,18.331436117999999,13.044923991999999,6.2055682330000002
1306,Si,sc4,1.1000000238418579,23.566354766,13.050535872999999,10.346704897
1307,Si,sc4,1.1000000238418579,21.212070093000001,13.068975502000001,2.27337495
1308,Si,sc4,1.1000000238418579,20.798328299000001,13.653093081,11.265937194999999
1309,Si,sc4,1.1000000238418579,18.474414058000001,13.794825783,3.2228935239999998
1310,Si,sc4,1.1000000238418579,23.703850106000001,13.556361385000001,7.310895361
1311,Si,sc4,1.1000000238418579,19.939442145000001,10.677639235999999,6.8160833629999997
1312,Si,sc4,1.1000000238418579,25.338938336999998,10.6426777,10.966002135
1313,Si,sc4,1.1000000238418579,22.890396462000002,10.647313059,2.8167170659999998
1314,H,hoy,0.40000000596046448,21.503566703000001,13.794214058,0.39303791399999999
1315,H,hoy,0.40000000596046448,26.568138868999998,11.645425447999999,0.020437820999999998
1316,O,oc23,-0.55000001192092896,20.024550454,10.25847063,22.926735426
1317,O,oc23,-0.55000001192092896,25.895364246,10.292179311,14.959965621
1318,O,oc23,-0.55000001192092896,23.149127253,10.116841814000001,18.813609701000001
1319,O,oc23,-0.55000001192092896,18.971871938,14.088505182,18.925052648000001
1320,O,oc23,-0.55000001192092896,24.334266195000001,14.089620910000001,22.489140973000001
1321,O,oc23,-0.55000001192092896,21.94909664,14.147484985,14.897291232000001
1322,O,oc23,-0.55000001192092896,21.986024811,13.543708164,23.138378477
1323,O,oc23,-0.55000001192092896,19.466354817999999,13.377886554,15.330027667
1324,O,oc23,-0.55000001192092896,24.830993074999999,13.122517951000001,19.171695243999999
1325,O,oc23,-0.55000001192092896,19.905612610999999,11.127589037,20.346149994000001
1326,O,oc23,-0.55000001192092896,25.830422707,11.026568958,12.439062434
1327,O,oc23,-0.55000001192092896,22.798309998000001,10.746134926,16.294435572000001
1328,O,oc23,-0.55000001192092896,19.603336206000002,12.859129407999999,22.361063774000002
1329,O,oc23,-0.55000001192092896,17.148139822000001,12.675705484,14.307733991999999
1330,O,oc23,-0.55000001192092896,22.543920186000001,12.659636516000001,18.110745619999999
1331,O,oc23,-0.55000001192092896,18.368140555,11.567218878,18.428777296
1332,O,oc23,-0.55000001192092896,23.582147968000001,11.610790422999999,22.260929104999999
1333,O,oc23,-0.55000001192092896,21.231368915000001,11.651156069000001,14.407934095
1334,O,oc23,-0.55000001192092896,23.692531719000002,11.011476512,13.807665418999999
1335,O,oc23,-0.55000001192092896,17.787203538,10.97400303,21.859930403
1336,O,oc23,-0.55000001192092896,20.74138013,10.750248781,17.883332846999998
1337,O,oc23,-0.55000001192092896,17.407370633999999,13.495324654999999,16.832230128999999
1338,O,oc23,-0.55000001192092896,22.702116397000001,13.382523990999999,20.571768275
1339,O,oc23,-0.55000001192092896,20.368022126,13.567061563999999,12.841659325
1340,Si,sc4,1.1000000238418579,25.243880105999999,11.328544632,13.907998375
1341,Si,sc4,1.1000000238418579,19.329146554000001,11.292118314,21.857269399
1342,Si,sc4,1.1000000238418579,22.352868860000001,11.101060904000001,17.812140071000002
1343,Si,sc4,1.1000000238418579,17.795717329999999,13.069706854,18.321125586000001
1344,Si,sc4,1.1000000238418579,23.136940172999999,13.147859714999999,22.094263375000001
1345,Si,sc4,1.1000000238418579,20.802394887999998,13.177138728999999,14.361891976000001
1346,Si,sc4,1.1000000238418579,20.441591143,13.880263077,23.351088309000001
1347,Si,sc4,1.1000000238418579,17.917437121999999,13.681919155999999,15.356972816000001
1348,Si,sc4,1.1000000238418579,23.296806105999998,13.555245658,19.148007942
1349,Si,sc4,1.1000000238418579,19.531783816000001,10.582825261,18.871560905999999
1350,Si,sc4,1.1000000238418579,24.824682361000001,10.605343424999999,22.614957706999999
1351,Si,sc4,1.1000000238418579,22.409296111,10.631279412,14.702413303
1352,O,oc23,-0.55000001192092896,20.782431857999999,15.182387602,10.745176438
1353,O,oc23,-0.55000001192092896,26.341773584999999,15.214560859000001,3.1066986409999999
1354,O,oc23,-0.55000001192092896,23.530695554000001,15.094159951,6.8063693089999999
1355,O,oc23,-0.55000001192092896,19.712434455,19.106917330999998,6.5845452389999997
1356,O,oc23,-0.55000001192092896,24.862979496000001,18.999237170000001,10.704191614999999
1357,O,oc23,-0.55000001192092896,22.441850216999999,19.025237826000001,2.5535819929999999
1358,O,oc23,-0.55000001192092896,22.351566317,18.298578993,11.175517572
1359,O,oc23,-0.55000001192092896,20.009769234,18.492599145,3.2287548720000001
1360,O,oc23,-0.55000001192092896,25.330090203000001,18.262479913,7.2007819250000002
1361,O,oc23,-0.55000001192092896,20.3961957,15.962790096999999,8.2105666989999992
1362,O,oc24,-0.67500001192092896,26.286648876000001,15.862956388000001,0.55565566300000002
1363,O,oc23,-0.55000001192092896,23.422248202999999,15.777448452,4.3298242929999997
1364,O,oc23,-0.55000001192092896,20.020196539000001,17.674807219000002,10.206717620999999
1365,O,oc23,-0.55000001192092896,17.632980131,17.800491567000002,2.2958764989999998
1366,O,oc23,-0.55000001192092896,23.180813164,17.572683424000001,6.230119073
1367,O,oc23,-0.55000001192092896,18.825037586000001,16.578453466999999,6.3299860560000001
1368,O,oc23,-0.55000001192092896,24.075335395,16.567753287999999,10.364469382999999
1369,O,oc23,-0.55000001192092896,21.740783393000001,16.588877311000001,2.5366760880000001
1370,O,oc23,-0.55000001192092896,24.174400261999999,16.076322113,1.832740765
1371,O,oc23,-0.55000001192092896,18.362638021999999,15.734678902000001,9.8404478040000001
1372,O,oc23,-0.55000001192092896,21.238146812,15.903671087999999,5.7745613530000002
1373,O,oc23,-0.55000001192092896,17.907749331000002,18.440158659000002,4.794783271
1374,O,oc23,-0.55000001192092896,23.243183948999999,18.227360405999999,8.7238094240000006
1375,O,oc24,-0.67500001192092896,20.718178159000001,18.264968808999999,0.70920920399999998
1376,Si,sc4,1.1000000238418579,25.736399843000001,16.250298713999999,1.9873853770000001
1377,Si,sc4,1.1000000238418579,19.911933026,16.165002703999999,9.7854907250000007
1378,Si,sc4,1.1000000238418579,22.832199485,16.037699661000001,5.8005096160000003
1379,Si,sc4,1.1000000238418579,18.437389115999999,18.129841389999999,6.2803519769999996
1380,Si,sc4,1.1000000238418579,23.617373332,18.023032631,10.243909223999999
1381,Si,sc4,1.1000000238418579,21.204824763000001,18.087694437,2.2129154209999999
1382,Si,sc4,1.1000000238418579,20.771059488999999,18.704159865000001,11.209382918999999
1383,Si,sc4,1.1000000238418579,18.378347514000001,18.768887896999999,3.2949161280000001
1384,Si,sc4,1.1000000238418579,23.830594744999999,18.603810495000001,7.2468240440000002
1385,Si,sc4,1.1000000238418579,19.920050034999999,15.614487842000001,6.7609934320000002
1386,Si,sc4,1.1000000238418579,25.271125531999999,15.619646783,10.844444595000001
1387,Si,sc4,1.1000000238418579,22.987357757000002,15.605842513000001,2.8012745159999999
1388,H,hoy,0.40000000596046448,26.705655926999999,16.609788914999999,0.235979674
1389,H,hoy,0.40000000596046448,21.130004348,19.031264551,0.36428370799999998
1390,O,oc23,-0.55000001192092896,20.089007893000002,15.369435042999999,23.000254102
1391,O,oc23,-0.55000001192092896,26.045647686999999,15.302857074,14.810996959000001
1392,O,oc23,-0.55000001192092896,23.223517448999999,15.133480512,18.810415305999999
1393,O,oc23,-0.55000001192092896,19.077604622999999,19.02411197,18.488923532000001
1394,O,oc23,-0.55000001192092896,24.348690184999999,18.939159301,22.619680890000001
1395,O,oc23,-0.55000001192092896,21.939146718,18.997944059000002,14.558500946000001
1396,O,oc23,-0.55000001192092896,21.878312316999999,18.369504753000001,23.290541533999999
1397,O,oc23,-0.55000001192092896,19.447002635,18.41426955,15.133553532000001
1398,O,oc23,-0.55000001192092896,24.779106313,18.162670747,19.258588343
1399,O,oc23,-0.55000001192092896,19.873001661,16.006047907999999,20.470102833999999
1400,O,oc23,-0.55000001192092896,25.773227762000001,16.021107111999999,12.366740417000001
1401,O,oc23,-0.55000001192092896,22.832066145999999,16.180234357,16.361369153999998
1402,O,oc23,-0.55000001192092896,19.527476544999999,17.818760695000002,22.399787140000001
1403,O,oc23,-0.55000001192092896,17.245702136999999,17.624398922000001,14.065882988
1404,O,oc23,-0.55000001192092896,22.412000204999998,17.589798062,18.466901836000002
1405,O,oc23,-0.55000001192092896,18.271917070000001,16.555864661000001,18.492782187
1406,O,oc23,-0.55000001192092896,23.501046046999999,16.547778234999999,22.481090542
1407,O,oc23,-0.55000001192092896,21.147258907000001,16.556074509999998,14.357767617
1408,O,oc23,-0.55000001192092896,23.646889002000002,16.004620525,13.971471857999999
1409,O,oc23,-0.55000001192092896,17.678054665000001,15.943373947,21.993662733000001
1410,O,oc23,-0.55000001192092896,20.804157897,15.648649462,18.037157543999999
1411,O,oc23,-0.55000001192092896,17.394584026,18.310629420000001,16.633360693
1412,O,oc23,-0.55000001192092896,22.672767898,18.306899615999999,20.816612413000001
1413,O,oc23,-0.55000001192092896,20.170082699000002,18.497841844,12.715311184000001
1414,Si,sc4,1.1000000238418579,25.216133665000001,16.334308623999998,13.879587889
1415,Si,sc4,1.1000000238418579,19.272422152000001,16.293837015000001,21.952546048999999
1416,Si,sc4,1.1000000238418579,22.324588067000001,16.086606751000001,17.900498506999998
1417,Si,sc4,1.1000000238418579,17.801228008999999,18.061543861000001,18.184464565999999
1418,Si,sc4,1.1000000238418579,23.049661872000001,18.000943060000001,22.300717269
1419,Si,sc4,1.1000000238418579,20.641190091999999,18.121161713999999,14.190567506000001
1420,Si,sc4,1.1000000238418579,20.327374395,18.759253190999999,23.379564229
1421,Si,sc4,1.1000000238418579,17.881540384000001,18.643381290000001,15.13787816
1422,Si,sc4,1.1000000238418579,23.204719643000001,18.635137347000001,19.364177872999999
1423,Si,sc4,1.1000000238418579,19.476137816000001,15.571124068,19.012080580999999
1424,Si,sc4,1.1000000238418579,24.817470116999999,15.625015572000001,22.805709294
1425,Si,sc4,1.1000000238418579,22.404387944,15.724464905,14.921642794
1426,O,oc23,-0.55000001192092896,20.659503797999999,20.232743291999999,10.801929992
1427,O,oc23,-0.55000001192092896,26.625980573,20.236229161000001,2.9819541420000002
1428,O,oc23,-0.55000001192092896,23.564217859999999,20.141324546,6.8677796210000004
1429,O,oc23,-0.55000001192092896,19.571232739999999,24.068901877999998,6.5156823299999997
1430,O,oc23,-0.55000001192092896,24.992227721999999,23.997163929999999,10.544044553000001
1431,O,oc23,-0.55000001192092896,22.593602873999998,24.042479188000001,2.8065107660000002
1432,O,oc23,-0.55000001192092896,22.541783280000001,23.518457657999999,11.100467133
1433,O,oc23,-0.55000001192092896,20.063405073999999,23.439364636000001,3.4631671580000001
1434,O,oc23,-0.55000001192092896,25.444447255,23.313840627000001,7.2603967540000003
1435,O,oc23,-0.55000001192092896,20.465016756000001,20.930243552,8.3379132120000001
1436,O,oc24,-0.67500001192092896,26.467449521999999,20.960465585000001,0.49168324099999999
1437,O,oc23,-0.55000001192092896,23.488725628000001,20.695052317999998,4.3057458710000001
1438,O,oc23,-0.55000001192092896,20.238783601000002,22.756494273000001,10.193143921000001
1439,O,oc23,-0.55000001192092896,17.823102561999999,22.766428817000001,2.3024630799999999
1440,O,oc23,-0.55000001192092896,23.258275629,22.665898038000002,6.1197394369999998
1441,O,oc23,-0.55000001192092896,18.810710428,21.597845902,6.5118901009999997
1442,O,oc23,-0.55000001192092896,24.138406707000001,21.574142409,10.421555067
1443,O,oc23,-0.55000001192092896,21.741985434,21.563580396999999,2.6046268800000001
1444,O,oc23,-0.55000001192092896,24.202012867000001,20.794436464,1.881110767
1445,O,oc23,-0.55000001192092896,18.317219100999999,20.915219669999999,9.7936085730000002
1446,O,oc23,-0.55000001192092896,21.301686054000001,21.041475809000001,5.8406963359999997
1447,O,oc23,-0.55000001192092896,17.846724675000001,23.329073318999999,4.7787488360000001
1448,O,oc23,-0.55000001192092896,23.337140142999999,23.263749246,8.5744412150000002
1449,O,oc24,-0.67500001192092896,20.895072669000001,23.295156348999999,0.89698128899999996
1450,Si,sc4,1.1000000238418579,25.813461296,21.192411184000001,1.9686096310000001
1451,Si,sc4,1.1000000238418579,19.949912983000001,21.229848825000001,9.7944066759999995
1452,Si,sc4,1.1000000238418579,22.900914317000002,21.128063112,5.8078947960000002
1453,Si,sc4,1.1000000238418579,18.326758340000001,23.12051748,6.2805522460000001
1454,Si,sc4,1.1000000238418579,23.710661836,23.108909864000001,10.14457464
1455,Si,sc4,1.1000000238418579,21.298847875,23.082173439999998,2.5600694310000001
1456,Si,sc4,1.1000000238418579,20.910448192,23.702961469000002,11.249702490000001
1457,Si,sc4,1.1000000238418579,18.454300586999999,23.730603770999998,3.4213703519999998
1458,Si,sc4,1.1000000238418579,23.891662987,23.606613628000002,7.2039753290000004
1459,Si,sc4,1.1000000238418579,20.067268171999999,20.680495659999998,6.8138209139999999
1460,Si,sc4,1.1000000238418579,25.312561107000001,20.491920326999999,10.823619558000001
1461,Si,sc4,1.1000000238418579,22.980112676000001,20.538414162999999,2.8294252470000001
1462,H,hoy,0.40000000596046448,27.103294795,21.653332421999998,0.38270078899999999
1463,H,hoy,0.40000000596046448,21.336328816999998,24.083720799000002,0.57738584299999995
1464,O,oc23,-0.55000001192092896,19.966256705999999,20.189393802000001,22.955344198999999
1465,O,oc23,-0.55000001192092896,26.045547682999999,20.231491993999999,14.910796524
1466,O,oc23,-0.55000001192092896,23.006990424000001,20.183624795,18.864906412
1467,O,oc23,-0.55000001192092896,18.960503052,23.955403624999999,18.607619798000002
1468,O,oc23,-0.55000001192092896,24.480375828,23.982523384,22.656207242000001
1469,O,oc23,-0.55000001192092896,21.972535686000001,24.017067821000001,14.601679809
1470,O,oc23,-0.55000001192092896,22.047493815999999,23.416532220000001,23.236914957
1471,O,oc23,-0.55000001192092896,19.472081054,23.288951803,15.261896435000001
1472,O,oc23,-0.55000001192092896,24.915132934999999,23.518701269000001,19.235101310000001
1473,O,oc23,-0.55000001192092896,19.910514061000001,20.736760161999999,20.382212355
1474,O,oc23,-0.55000001192092896,25.888185336999999,20.885137103000002,12.338064227
1475,O,oc23,-0.55000001192092896,22.801682280000001,20.727100913000001,16.34014457
1476,O,oc23,-0.55000001192092896,19.877201963000001,22.752450540000002,22.218815040999999
1477,O,oc23,-0.55000001192092896,17.121929763000001,22.661157236000001,14.244194082
1478,O,oc23,-0.55000001192092896,22.607392509,22.661366564000001,18.196839623999999
1479,O,oc23,-0.55000001192092896,18.150188812,21.52272675,18.639555817000002
1480,O,oc23,-0.55000001192092896,23.663316062,21.566194669000001,22.604710262000001
1481,O,oc23,-0.55000001192092896,21.225726139999999,21.560199191999999,14.504275544
1482,O,oc23,-0.55000001192092896,23.748224112999999,20.840065716000002,13.809461895
1483,O,oc23,-0.55000001192092896,17.727471671,21.116246427,21.948820247
1484,O,oc23,-0.55000001192092896,20.635246807000001,21.064621439,17.858648163000002
1485,O,oc23,-0.55000001192092896,17.262530707,23.157118324999999,16.844670622999999
1486,O,oc23,-0.55000001192092896,22.808627348000002,23.246424824999998,20.723132238000002
1487,O,oc23,-0.55000001192092896,20.375631401,23.270163119999999,12.677320486999999
1488,Si,sc4,1.1000000238418579,25.306016552999999,21.101152680999999,13.812788149999999
1489,Si,sc4,1.1000000238418579,19.380234899000001,21.191539847000001,21.827262706999999
1490,Si,sc4,1.1000000238418579,22.282484802999999,21.092995873,17.800298402999999
1491,Si,sc4,1.1000000238418579,17.699958075000001,23.018836172,18.388590575999999
1492,Si,sc4,1.1000000238418579,23.288525658000001,23.029746718999998,22.279891240000001
1493,Si,sc4,1.1000000238418579,20.766418498,23.043969126,14.256369863
1494,Si,sc4,1.1000000238418579,20.483671271999999,23.734507778000001,23.238711432999999
1495,Si,sc4,1.1000000238418579,17.911488893000001,23.549272095999999,15.406009061000001
1496,Si,sc4,1.1000000238418579,23.310161892,23.620835517,19.270031455000002
1497,Si,sc4,1.1000000238418579,19.418435139,20.574516619000001,18.824719691999999
1498,Si,sc4,1.1000000238418579,24.839807376,20.518653113999999,22.822541832999999
1499,Si,sc4,1.1000000238418579,22.432734908,20.527078206999999,14.742998579
1500,O,oc23,-0.55000001192092896,20.476990144999998,25.268334291999999,10.932468918
1501,O,oc23,-0.55000001192092896,26.559202637999999,25.150897230000002,3.107809541
1502,O,oc23,-0.55000001192092896,23.560645570999998,25.137511618000001,6.908165619
1503,O,oc23,-0.55000001192092896,19.578047454,29.033008930000001,6.8725702220000002
1504,O,oc23,-0.55000001192092896,24.867987667000001,29.01265158,10.658416191000001
1505,O,oc23,-0.55000001192092896,22.548861686999999,29.011849586,2.5509408169999999
1506,O,oc23,-0.55000001192092896,22.429329291999998,28.409780638000001,11.219895076
1507,O,oc23,-0.55000001192092896,20.032413471000002,28.420900512999999,3.278263039
1508,O,oc23,-0.55000001192092896,25.518069757999999,28.308796918999999,7.3267969449999999
1509,O,oc23,-0.55000001192092896,20.288486439,25.799815301999999,8.3912066680000006
1510,O,oc24,-0.67500001192092896,26.381573270000001,25.818638786000001,0.47665337400000002
1511,O,oc23,-0.55000001192092896,23.436839364000001,25.918472496,4.4290795620000001
1512,O,oc23,-0.55000001192092896,20.042680570000002,27.692923701000002,10.185758741000001
1513,O,oc23,-0.55000001192092896,17.719658407000001,27.822421839,2.2703808240000001
1514,O,oc23,-0.55000001192092896,23.146890342999999,27.655242448999999,6.3751626540000004
1515,O,oc23,-0.55000001192092896,18.843461558000001,26.620897696,6.4480844880000001
1516,O,oc23,-0.55000001192092896,24.201812361000002,26.480106194000001,10.321222111000001
1517,O,oc23,-0.55000001192092896,21.786993547000002,26.561743366000002,2.464513196
1518,O,oc23,-0.55000001192092896,24.259976002999998,25.774578462000001,2.0744182680000001
1519,O,oc23,-0.55000001192092896,18.093031025999998,26.013705128000002,9.9536892090000002
1520,O,oc23,-0.55000001192092896,21.264390454000001,25.983831890000001,5.9725662599999998
1521,O,oc23,-0.55000001192092896,17.945350245,28.415846497,4.9249900670000004
1522,O,oc23,-0.55000001192092896,23.333534020999998,28.302975191000002,8.8019868409999997
1523,O,oc24,-0.67500001192092896,20.908351337999999,28.285720892000001,0.69449857800000003
1524,Si,sc4,1.1000000238418579,25.827050424999999,26.142610081000001,2.0493751819999999
1525,Si,sc4,1.1000000238418579,19.730744927,26.187228788999999,9.8927438789999993
1526,Si,sc4,1.1000000238418579,22.845221425999998,26.207028274999999,5.9061655719999999
1527,Si,sc4,1.1000000238418579,18.31536268,28.098672412999999,6.4330474329999996
1528,Si,sc4,1.1000000238418579,23.699710131,28.031361015000002,10.298534173
1529,Si,sc4,1.1000000238418579,21.248096734000001,28.070925706000001,2.2875197150000002
1530,Si,sc4,1.1000000238418579,20.826685462,28.651904911999999,11.285697433999999
1531,Si,sc4,1.1000000238418579,18.454701226000001,28.771259696000001,3.396753087
1532,Si,sc4,1.1000000238418579,23.946387180999999,28.597178172,7.4472242519999998
1533,Si,sc4,1.1000000238418579,20.000263361999998,25.612906548000002,6.7601943379999998
1534,Si,sc4,1.1000000238418579,25.428420212999999,25.504079493999999,10.68230178
1535,Si,sc4,1.1000000238418579,22.975805529999999,25.561455828,2.982858824
1536,H,hoy,0.40000000596046448,26.174684758000001,26.5517225,-0.062365509999999999
1537,H,hoy,0.40000000596046448,21.688779062999998,28.082151285999998,0.19479774699999999
1538,O,oc23,-0.55000001192092896,20.176343161999998,25.290364194999999,22.770114888999998
1539,O,oc23,-0.55000001192092896,25.841741591000002,25.139742553000001,14.908867196999999
1540,O,oc23,-0.55000001192092896,22.869061235,25.150234961999999,18.808485979
1541,O,oc23,-0.55000001192092896,18.933067319999999,28.928434937999999,18.767036174000001
1542,O,oc23,-0.55000001192092896,24.275568699000001,28.955449254000001,22.631324272000001
1543,O,oc23,-0.55000001192092896,22.058746030999998,28.995397280999999,14.58298536
1544,O,oc23,-0.55000001192092896,21.841784908000001,28.281956091000001,23.207639942
1545,O,oc23,-0.55000001192092896,19.560307902000002,28.336160288999999,15.173672834
1546,O,oc23,-0.55000001192092896,24.881977807999998,28.190070640999998,19.21208025
1547,O,oc23,-0.55000001192092896,19.800704587999999,25.829200797999999,20.205364615000001
1548,O,oc23,-0.55000001192092896,25.876365933999999,25.788347411,12.253832133
1549,O,oc23,-0.55000001192092896,22.813268339,25.850185615000001,16.35731023
1550,O,oc23,-0.55000001192092896,19.671659853000001,27.778257109999998,22.051147963999998
1551,O,oc23,-0.55000001192092896,17.320159003000001,27.574824889999999,14.345591837000001
1552,O,oc23,-0.55000001192092896,22.555672918999999,27.680723419,18.164237362000001
1553,O,oc23,-0.55000001192092896,18.216144231000001,26.488855408999999,18.286260876
1554,O,oc23,-0.55000001192092896,23.597506824,26.47602766,22.394596
1555,O,oc23,-0.55000001192092896,21.259782798,26.481186601000001,14.352776747
1556,O,oc23,-0.55000001192092896,23.667589873000001,25.877130848,13.796487019000001
1557,O,oc23,-0.55000001192092896,17.756686831,25.949252132000002,21.770376299999999
1558,O,oc23,-0.55000001192092896,20.603427308000001,25.84725761,17.726444622999999
1559,O,oc23,-0.55000001192092896,17.483298208000001,28.381684876000001,16.755449640999998
1560,O,oc23,-0.55000001192092896,22.698376935999999,28.218409493999999,20.693724370999998
1561,O,oc23,-0.55000001192092896,20.308456434,28.259751660999999,12.726355740000001
1562,Si,sc4,1.1000000238418579,25.271659385,26.081712556999999,13.752508070999999
1563,Si,sc4,1.1000000238418579,19.329116454000001,26.231498441999999,21.688206385000001
1564,Si,sc4,1.1000000238418579,22.167693901,26.160527167000001,17.771687648
1565,Si,sc4,1.1000000238418579,17.774783115000002,28.000476974000001,18.271823637000001
1566,Si,sc4,1.1000000238418579,23.139110414000001,27.955335723000001,22.250483373000002
1567,Si,sc4,1.1000000238418579,20.811353225000001,27.991936569,14.200813959
1568,Si,sc4,1.1000000238418579,20.261554957000001,28.577309081999999,23.227335738000001
1569,Si,sc4,1.1000000238418579,18.01391602,28.597700713999998,15.293168194
1570,Si,sc4,1.1000000238418579,23.289727699,28.604394039999999,19.226717757999999
1571,Si,sc4,1.1000000238418579,19.387189794000001,25.508053103999998,18.704760341
1572,Si,sc4,1.1000000238418579,24.818939332999999,25.559364099,22.802449464999999
1573,Si,sc4,1.1000000238418579,22.415706828000001,25.535138062000001,14.821309839
1574,O,oc23,-0.55000001192092896,20.512278943999998,30.152163511000001,10.951963452999999
1575,O,oc23,-0.55000001192092896,26.325947048,30.203788239000001,3.3419690129999999
1576,O,oc23,-0.55000001192092896,23.684317941,30.108903622,7.0235356290000004
1577,O,oc23,-0.55000001192092896,19.647109067999999,33.937578316,6.7218050849999997
1578,O,oc23,-0.55000001192092896,24.832929474,33.856916626999997,10.836593442
1579,O,oc23,-0.55000001192092896,22.503352309,33.970275153999999,2.3381987639999999
1580,O,oc23,-0.55000001192092896,22.401716687,33.045106509,11.333468611000001
1581,O,oc23,-0.55000001192092896,20.112710631999999,33.478706852000002,3.3369057670000002
1582,O,oc23,-0.55000001192092896,25.490056141,33.318080543000001,7.3571367580000002
1583,O,oc23,-0.55000001192092896,20.472325770000001,30.849394448999998,8.4308609879999992
1584,O,oc24,-0.67500001192092896,26.410087903000001,30.698773327000001,0.81907007200000004
1585,O,oc23,-0.55000001192092896,23.409260094,30.564220133999999,4.5426863099999997
1586,O,oc23,-0.55000001192092896,20.035498676,32.569746379999998,10.305254100999999
1587,O,oc23,-0.55000001192092896,17.852618916000001,32.680281307000001,2.3033484290000001
1588,O,oc23,-0.55000001192092896,23.310362397999999,32.547820363,6.2923949060000002
1589,O,oc23,-0.55000001192092896,18.832987485,31.435394428999999,6.5403005869999999
1590,O,oc23,-0.55000001192092896,24.223815774999998,31.434906168000001,10.336325592
1591,O,oc23,-0.55000001192092896,21.752269200000001,31.570713256000001,2.8161846669999999
1592,O,oc23,-0.55000001192092896,24.170159784999999,31.136032506999999,2.1561618660000001
1593,O,oc23,-0.55000001192092896,18.264771838000001,30.651156490999998,9.7401148479999993
1594,O,oc23,-0.55000001192092896,21.389465371,30.751269652000001,5.9725662599999998
1595,O,oc23,-0.55000001192092896,17.984819257000002,33.265723424000001,4.8962474509999998
1596,O,oc23,-0.55000001192092896,23.259444335000001,33.309087198,8.8690532750000006
1597,O,oc24,-0.67500001192092896,20.694428650999999,32.705170131999999,0.78239649300000003
1598,Si,sc4,1.1000000238418579,25.767451398999999,31.173052009999999,2.2248978730000002
1599,Si,sc4,1.1000000238418579,19.838370602000001,31.027066247,9.8314664179999998
1600,Si,sc4,1.1000000238418579,22.94906112,30.994299806000001,5.9951213460000004
1601,Si,sc4,1.1000000238418579,18.404617898000001,32.956113223999999,6.394524337
1602,Si,sc4,1.1000000238418579,23.658775572,32.959006428000002,10.333265040000001
1603,Si,sc4,1.1000000238418579,21.261919704,32.975111755,2.3212259369999999
1604,Si,sc4,1.1000000238418579,20.863199436999999,33.528274652,11.287693187
1605,Si,sc4,1.1000000238418579,18.507041675,33.642608662000001,3.401709753
1606,Si,sc4,1.1000000238418579,23.903850067,33.551873221000001,7.3957927059999999
1607,Si,sc4,1.1000000238418579,20.055111442000001,30.534835156,6.8921976090000001
1608,Si,sc4,1.1000000238418579,25.429088400000001,30.500291238999999,10.79115114
1609,Si,sc4,1.1000000238418579,22.974570153999998,30.522007408,2.9854003609999999
1610,H,hoy,0.40000000596046448,19.824414998000002,32.354430759000003,0.81628107100000002
1611,H,hoy,0.40000000596046448,26.134833975999999,31.331504458000001,0.150672114
1612,O,oc23,-0.55000001192092896,19.923956418,30.116224414000001,23.028531736000001
1613,O,oc23,-0.55000001192092896,26.184244566,30.007362039,14.808333972
1614,O,oc23,-0.55000001192092896,22.985388021999999,30.147771243000001,18.864174734999999
1615,O,oc23,-0.55000001192092896,18.968265940999999,33.962187688999997,18.77874499
1616,O,oc23,-0.55000001192092896,24.216470191999999,34.010606519,22.704777513
1617,O,oc23,-0.55000001192092896,21.967493931,33.964627952999997,14.681454423
1618,O,oc23,-0.55000001192092896,21.778012074999999,33.323797347000003,23.290608950999999
1619,O,oc23,-0.55000001192092896,19.449750512000001,33.176521329000003,15.316187271
1620,O,oc23,-0.55000001192092896,24.770893032,33.225392059999997,19.253664889
1621,O,oc23,-0.55000001192092896,19.755890014999999,30.847303238999999,20.458792574
1622,O,oc23,-0.55000001192092896,25.886949961999999,30.835660821000001,12.284903624
1623,O,oc23,-0.55000001192092896,22.836273288000001,30.801987461,16.347530741
1624,O,oc23,-0.55000001192092896,19.429046157999998,32.734764957000003,22.360464949000001
1625,O,oc23,-0.55000001192092896,17.140493728999999,32.581598647,14.284712932
1626,O,oc23,-0.55000001192092896,22.482350926999999,32.608962017000003,18.272089341000001
1627,O,oc23,-0.55000001192092896,18.196384692999999,31.416744951999998,18.324518267999998
1628,O,oc23,-0.55000001192092896,23.419343603000002,31.48684463,22.406507068
1629,O,oc23,-0.55000001192092896,21.180250594,31.490923164000002,14.378592654
1630,O,oc23,-0.55000001192092896,23.742481086000002,30.821020274999999,13.889900768
1631,O,oc23,-0.55000001192092896,17.720693275999999,30.764236607000001,21.902179302
1632,O,oc23,-0.55000001192092896,20.645594009,30.768349423,17.875214998000001
1633,O,oc23,-0.55000001192092896,17.366469410000001,33.439525496999998,16.847198774999999
1634,O,oc23,-0.55000001192092896,22.600013094000001,33.359038335000001,20.787137129000001
1635,O,oc23,-0.55000001192092896,20.283785246000001,33.32759643,12.805131982000001
1636,Si,sc4,1.1000000238418579,25.390056409,31.042787198999999,13.840333116
1637,Si,sc4,1.1000000238418579,19.254695907999999,31.158481067,21.937375151000001
1638,Si,sc4,1.1000000238418579,22.211199711999999,31.099780716000001,17.843411831000001
1639,Si,sc4,1.1000000238418579,17.778154400999998,33.007773272999998,18.297172580000002
1640,Si,sc4,1.1000000238418579,23.012900623,33.023041284999998,22.280091509999998
1641,Si,sc4,1.1000000238418579,20.69380773,33.008644869999998,14.258631320999999
1642,Si,sc4,1.1000000238418579,20.224950679999999,33.730382335000002,23.320217088
1643,Si,sc4,1.1000000238418579,17.937403354000001,33.522069586999997,15.346860206000001
1644,Si,sc4,1.1000000238418579,23.239544492,33.574740439000003,19.271096253
1645,Si,sc4,1.1000000238418579,19.374007895999998,30.484848699,18.854194976999999
1646,Si,sc4,1.1000000238418579,24.628455692999999,30.493563631000001,22.773906127
1647,Si,sc4,1.1000000238418579,22.487492934999999,30.518730867999999,14.830157380999999
1648,O,oc23,-0.55000001192092896,28.847910919,0.161891806,10.982369692000001
1649,O,oc23,-0.55000001192092896,31.947202574999999,0.29010072799999997,7.0561378909999997
1650,O,oc23,-0.55000001192092896,27.955826600999998,4.0420863039999997,6.8285912739999999
1651,O,oc23,-0.55000001192092896,33.201389697000003,4.1423043890000004,10.778575811
1652,O,oc23,-0.55000001192092896,30.896887715999998,4.1758364639999996,2.6563370179999999
1653,O,oc23,-0.55000001192092896,30.765201575999999,3.3084633299999999,11.419231477
1654,O,oc23,-0.55000001192092896,28.433855679000001,3.476618202,3.282953505
1655,O,oc23,-0.55000001192092896,33.662624037,3.4170462530000001,7.3871434499999999
1656,O,oc23,-0.55000001192092896,28.820932669000001,0.88596357199999998,8.4841544439999996
1657,O,oc23,-0.55000001192092896,31.816685637999999,1.0836800259999999,4.5378957089999998
1658,O,oc23,-0.55000001192092896,28.433321328000002,2.735430305,10.390750272
1659,O,oc23,-0.55000001192092896,26.11329332,2.7752038049999999,2.2407597990000001
1660,O,oc23,-0.55000001192092896,31.381327013,2.8255050349999999,6.3705723220000001
1661,O,oc23,-0.55000001192092896,27.147848312000001,1.5202431750000001,6.6062348049999997
1662,O,oc23,-0.55000001192092896,32.608035366999999,1.723047928,10.346904175000001
1663,O,oc23,-0.55000001192092896,30.104435453000001,1.620494503,2.5470018560000001
1664,O,oc23,-0.55000001192092896,32.591607809999999,1.19086881,2.0517437140000001
1665,O,oc23,-0.55000001192092896,26.650787587,0.78494557099999995,9.8698556709999998
1666,O,oc23,-0.55000001192092896,29.644636993999999,0.93539424400000004,5.9800183609999999
1667,O,oc23,-0.55000001192092896,26.316665064999999,3.2718271630000002,4.8625813820000001
1668,O,oc23,-0.55000001192092896,31.483630821999999,3.564982981,8.9067782680000001
1669,O,oc24,-0.67500001192092896,29.242334487000001,3.4091322759999998,0.773873645
1670,Si,sc4,1.1000000238418579,34.194275271999999,1.334483912,1.9720360210000001
1671,Si,sc4,1.1000000238418579,28.184440205000001,1.1876608340000001,9.8701223660000004
1672,Si,sc4,1.1000000238418579,31.20793862,1.2988242670000001,6.0238639620000001
1673,Si,sc4,1.1000000238418579,26.726514158000001,3.0681518520000002,6.3627875960000004
1674,Si,sc4,1.1000000238418579,32.008236985000003,3.1814740210000001,10.387955423999999
1675,Si,sc4,1.1000000238418579,29.685705388999999,3.167532622,2.3484115079999999
1676,Si,sc4,1.1000000238418579,29.232985835000001,3.663422551,11.414839431000001
1677,Si,sc4,1.1000000238418579,26.856764417000001,3.7103080340000001,3.3817165280000001
1678,Si,sc4,1.1000000238418579,32.106868001999999,3.7608170350000001,7.4168844390000004
1679,Si,sc4,1.1000000238418579,28.394657014,0.55798542399999995,7.0175473779999997
1680,Si,sc4,1.1000000238418579,33.773508307,0.72631482300000005,10.869660686
1681,Si,sc4,1.1000000238418579,31.374182434000002,0.74865845900000005,3.024682399
1682,H,hoy,0.40000000596046448,29.653471317000001,2.7394925369999998,0.257842713
1683,O,oc23,-0.55000001192092896,28.467477989999999,0.34677843400000002,22.901251648999999
1684,O,oc23,-0.55000001192092896,31.409440634999999,0.19905155399999999,18.798240517
1685,O,oc23,-0.55000001192092896,27.228950232999999,4.0587827389999998,18.756390173
1686,O,oc23,-0.55000001192092896,32.713610955,4.1345296180000002,22.369913299
1687,O,oc23,-0.55000001192092896,30.312849200999999,4.1121859819999997,14.871010343
1688,O,oc23,-0.55000001192092896,30.239560544,3.6551615970000002,23.168785708000001
1689,O,oc23,-0.55000001192092896,27.787480210999998,3.3551722079999999,15.445862658999999
1690,O,oc23,-0.55000001192092896,33.1308723,3.3516525769999999,19.179079432000002
1691,O,oc23,-0.55000001192092896,28.149448681999999,0.99949766600000001,20.318738872000001
1692,O,oc23,-0.55000001192092896,31.179725491999999,0.84518030700000002,16.354117817999999
1693,O,oc23,-0.55000001192092896,27.721670476,2.8389934939999999,22.415289176000002
1694,O,oc23,-0.55000001192092896,25.401308623999999,2.7400677409999998,14.368679322
1695,O,oc23,-0.55000001192092896,30.937756103000002,2.7016530599999999,18.184863120999999
1696,O,oc23,-0.55000001192092896,26.488350899,1.572983631,18.393514028999999
1697,O,oc23,-0.55000001192092896,31.791176106000002,1.6349615609999999,22.575169543000001
1698,O,oc23,-0.55000001192092896,29.601832207000001,1.584834858,14.42623098
1699,O,oc23,-0.55000001192092896,32.044664388999998,0.91524466400000004,13.926693815
1700,O,oc23,-0.55000001192092896,26.149887895999999,0.81467960299999997,21.886677266
1701,O,oc23,-0.55000001192092896,29.014721921,0.94564148299999995,17.909812022000001
1702,O,oc23,-0.55000001192092896,25.617101289000001,3.59722688,16.810141015999999
1703,O,oc23,-0.55000001192092896,31.085334454000002,3.2365165729999998,20.659791606999999
1704,O,oc23,-0.55000001192092896,28.651517577,3.5058639729999999,12.885837551
1705,Si,sc4,1.1000000238418579,33.586997967999999,1.269856908,13.95716648
1706,Si,sc4,1.1000000238418579,27.636060902000001,1.297394806,21.851346582000001
1707,Si,sc4,1.1000000238418579,30.645936853999999,1.220463635,17.815733022
1708,Si,sc4,1.1000000238418579,26.016665870000001,3.118033386,18.303759657000001
1709,Si,sc4,1.1000000238418579,31.449740838,3.1234354180000001,22.187144725
1710,Si,sc4,1.1000000238418579,29.096892543999999,3.140935925,14.409131746
1711,Si,sc4,0.72500002384185791,28.632285922000001,3.8309520340000001,23.272777048999998
1712,Si,sc4,1.1000000238418579,26.233093388,3.7064372699999999,15.352515336
1713,Si,sc4,1.1000000238418579,31.567971686,3.6647128050000002,19.191055935000001
1714,Si,sc4,1.1000000238418579,27.73692883,0.60316095700000005,18.803096552
1715,Si,sc4,1.1000000238418579,33.029737695000001,0.58879986200000001,22.663260292
1716,Si,sc4,1.1000000238418579,30.77839019,0.59374895400000005,14.822838626999999
1717,O,oc23,-0.55000001192092896,29.009546578999998,5.1811795780000001,10.956221655
1718,O,oc23,-0.55000001192092896,31.930040657999999,5.2709052539999997,7.0287257780000001
1719,O,oc23,-0.55000001192092896,27.970251089000001,9.0060551889999996,6.8273271979999999
1720,O,oc23,-0.55000001192092896,33.291273081999996,9.0948375870000007,10.513505461999999
1721,O,oc23,-0.55000001192092896,30.895017984999999,9.1440584109999996,2.9287067879999999
1722,O,oc23,-0.55000001192092896,30.778157345,8.4864939709999998,11.271858029000001
1723,O,oc23,-0.55000001192092896,28.420266051999999,8.4749211560000006,3.4547637770000001
1724,O,oc23,-0.55000001192092896,33.794409684000001,8.4185551059999995,7.3136237829999997
1725,O,oc23,-0.55000001192092896,28.889680836,5.8208258920000002,8.3359174589999991
1726,O,oc23,-0.55000001192092896,31.695951202,5.7879545270000001,4.421255178
1727,O,oc23,-0.55000001192092896,28.558896763,7.6546412750000004,10.136457783999999
1728,O,oc23,-0.55000001192092896,26.124779375999999,7.8096193439999997,2.3734149370000002
1729,O,oc23,-0.55000001192092896,31.550943107999998,7.6901263929999999,6.211556485
1730,O,oc23,-0.55000001192092896,27.253324393,6.5912595600000001,6.4023090639999998
1731,O,oc23,-0.55000001192092896,32.401525180999997,6.5879123780000004,10.471322989000001
1732,O,oc23,-0.55000001192092896,29.988642518999999,6.6149973360000001,2.731852934
1733,O,oc23,-0.55000001192092896,32.470740034999999,6.0389329399999996,1.992335599
1734,O,oc23,-0.55000001192092896,26.746280164000002,5.8271691240000001,9.8177598659999994
1735,O,oc23,-0.55000001192092896,29.655788706999999,5.8300280459999998,5.8826126089999997
1736,O,oc23,-0.55000001192092896,26.27553,8.4800447759999997,4.9400935480000001
1737,O,oc23,-0.55000001192092896,31.613246228000001,8.3627832800000004,8.7679886420000006
1738,O,oc24,-0.67500001192092896,29.152017252,8.4963942340000003,1.0461368360000001
1739,Si,sc4,1.1000000238418579,34.054409683000003,6.2708442570000003,2.0752565239999998
1740,Si,sc4,1.1000000238418579,28.306643358999999,6.1009461910000002,9.7902149000000005
1741,Si,sc4,1.1000000238418579,31.230275879000001,6.2097722060000002,5.8737635800000003
1742,Si,sc4,1.1000000238418579,26.720537787000001,8.094410323,6.4505462150000001
1743,Si,sc4,1.1000000238418579,32.016717939000003,8.1095380909999992,10.246969775
1744,Si,sc4,1.1000000238418579,29.649545658000001,8.1659394620000008,2.5462503509999999
1745,Si,sc4,1.1000000238418579,29.141299388,8.6107635649999992,11.288824412
1746,Si,sc4,1.1000000238418579,26.825645693999999,8.767031888,3.442774386
1747,Si,sc4,1.1000000238418579,32.215549193999998,8.6865790080000007,7.2877424409999998
1748,Si,sc4,1.1000000238418579,28.454623717,5.5659787930000002,6.8357107499999996
1749,Si,sc4,1.1000000238418579,33.633808893999998,5.6537161060000001,10.739055334
1750,Si,sc4,1.1000000238418579,31.257354630999998,5.6909797390000003,2.9330249720000001
1751,H,hoy,0.40000000596046448,29.483034050000001,7.8147245659999998,0.49026082700000001
1752,O,oc23,-0.55000001192092896,28.212654327999999,5.370738963,22.868784221999999
1753,O,oc23,-0.55000001192092896,31.359925117,5.2017114549999999,18.881738950999999
1754,O,oc23,-0.55000001192092896,27.207347334000001,9.0516483399999998,18.829643144999999
1755,O,oc23,-0.55000001192092896,32.682126048000001,9.0988122360000006,22.58674749
1756,O,oc23,-0.55000001192092896,30.232749311999999,9.0027080070000007,14.516650603
1757,O,oc23,-0.55000001192092896,30.220595566,8.4964295550000006,23.204512964999999
1758,O,oc23,-0.55000001192092896,27.763072219000001,8.4446656210000004,15.257970362
1759,O,oc23,-0.55000001192092896,33.12930308,8.1326504780000004,19.166904642999999
1760,O,oc23,-0.55000001192092896,28.088279937999999,6.0733376510000001,20.364515287
1761,O,oc23,-0.55000001192092896,31.150042651,6.0330426470000003,16.378667665999998
1762,O,oc23,-0.55000001192092896,27.833756785999999,7.8462908320000002,22.139972372999999
1763,O,oc23,-0.55000001192092896,25.434664257000001,7.7544396640000004,14.221705421999999
1764,O,oc23,-0.55000001192092896,30.722531123,7.6582315489999999,18.338158394000001
1765,O,oc23,-0.55000001192092896,26.603943825000002,6.5849495710000001,18.282800776999999
1766,O,oc23,-0.55000001192092896,31.938487779999999,6.6517373879999999,22.447024926000001
1767,O,oc23,-0.55000001192092896,29.494854569000001,6.4996182400000002,14.529757339
1768,O,oc23,-0.55000001192092896,32.041626450000003,5.9390285880000002,13.913253958
1769,O,oc23,-0.55000001192092896,25.883844856,6.0607550720000001,21.804707619999999
1770,O,oc23,-0.55000001192092896,28.989179552,5.7373416410000004,17.891648980999999
1771,O,oc23,-0.55000001192092896,25.695130941999999,8.4723074040000004,16.806147527
1772,O,oc23,-0.55000001192092896,31.100894313000001,8.3975723670000004,20.710158354000001
1773,O,oc23,-0.55000001192092896,28.581868874000001,8.1653119949999997,12.723429032
1774,Si,sc4,1.1000000238418579,33.594243048999999,6.2416317289999999,13.804138893999999
1775,Si,sc4,1.1000000238418579,27.498232215000002,6.359279678,21.825200527
1776,Si,sc4,1.1000000238418579,30.554651418999999,6.1444491709999998,17.856984539999999
1777,Si,sc4,1.1000000238418579,26.065413693,8.0731470939999994,18.257186130000001
1778,Si,sc4,1.1000000238418579,31.447136748999998,8.1752808219999995,22.238241166000002
1779,Si,sc4,1.1000000238418579,29.038094049000001,8.0241361179999995,14.254040989
1780,Si,sc4,1.1000000238418579,28.595324167000001,8.7784301760000005,23.180762211000001
1781,Si,sc4,1.1000000238418579,26.160839103000001,8.7585610870000004,15.33375347
1782,Si,sc4,1.1000000238418579,31.618856415,8.5834001939999993,19.259385454
1783,Si,sc4,1.1000000238418579,27.706077780000001,5.5511980019999996,18.845280017
1784,Si,sc4,1.1000000238418579,33.140355286999998,5.6240859590000003,22.698190437000001
1785,Si,sc4,1.1000000238418579,30.796386968,5.6669967940000001,14.896359285999999
1786,O,oc23,-0.55000001192092896,28.807209703000002,10.141138492,11.017631967
1787,O,oc23,-0.55000001192092896,31.946301043999998,10.257982370000001,6.9165491709999998
1788,O,oc23,-0.55000001192092896,27.910818737,13.918989414,6.7072340029999999
1789,O,oc23,-0.55000001192092896,33.112174996,14.013246563999999,11.041917102999999
1790,O,oc23,-0.55000001192092896,31.010911420999999,13.974763318000001,2.8843887700000002
1791,O,oc23,-0.55000001192092896,30.586805010999999,13.225069297999999,11.434733512999999
1792,O,oc23,-0.55000001192092896,28.493621379,13.49989145,3.3671256170000001
1793,O,oc23,-0.55000001192092896,33.709568302000001,13.229043946999999,7.3566043590000003
1794,O,oc23,-0.55000001192092896,28.728512857999998,10.892261973,8.4329895930000003
1795,O,oc23,-0.55000001192092896,31.733680154000002,10.989097555000001,4.4730783389999997
1796,O,oc23,-0.55000001192092896,28.350750688000002,12.650642133,10.362739333
1797,O,oc23,-0.55000001192092896,26.155764262000002,12.652316763,2.270680236
1798,O,oc23,-0.55000001192092896,31.301060948,12.811444008,6.4146841229999998
1799,O,oc23,-0.55000001192092896,27.149251356000001,11.477075584,6.4216697549999999
1800,O,oc23,-0.55000001192092896,32.482726608999997,11.456194652000001,10.558682061000001
1801,O,oc23,-0.55000001192092896,30.105169812,11.583915313,2.6287523949999998
1802,O,oc23,-0.55000001192092896,32.599554413,10.846876591999999,2.0848773829999998
1803,O,oc23,-0.55000001192092896,26.535496167000002,10.794657641000001,9.9101088169999993
1804,O,oc23,-0.55000001192092896,29.62974582,10.934892316999999,5.9630519790000003
1805,O,oc23,-0.55000001192092896,26.358969333000001,13.191570466,4.7702988580000003
1806,O,oc23,-0.55000001192092896,31.603630897999999,13.349442777,8.9716486789999994
1807,O,oc24,-0.67500001192092896,29.483836194999999,13.480404657999999,0.84908345699999999
1808,Si,sc4,1.1000000238418579,34.126161957000001,11.257190021,2.0098205
1809,Si,sc4,1.1000000238418579,28.107412087,11.171474314999999,9.8796361509999997
1810,Si,sc4,1.1000000238418579,31.191177715999999,11.241677878000001,5.9305835599999996
1811,Si,sc4,1.1000000238418579,26.643976355,13.003058243,6.3134856470000003
1812,Si,sc4,1.1000000238418579,31.959790169000001,12.980575400999999,10.480105096999999
1813,Si,sc4,1.1000000238418579,29.741832129999999,13.141549725999999,2.4379993199999999
1814,Si,sc4,1.1000000238418579,29.098328424999998,13.608509694,11.456822625999999
1815,Si,sc4,1.1000000238418579,26.884610365,13.653928318,3.3443177159999999
1816,Si,sc4,1.1000000238418579,32.133279064,13.669162049000001,7.4482880590000002
1817,Si,sc4,1.1000000238418579,28.386710410999999,10.572089761000001,6.8941279279999996
1818,Si,sc4,1.1000000238418579,33.774810848999998,10.545946003999999,10.801596870999999
1819,Si,sc4,1.1000000238418579,31.310109090000001,10.656411328000001,3.0312491509999999
1820,H,hoy,0.40000000596046448,29.548800403000001,12.678142621999999,0.36793719800000002
1821,O,oc23,-0.55000001192092896,28.411217910000001,10.325711386,22.701450265999998
1822,O,oc23,-0.55000001192092896,31.421661049000001,10.119665415,18.828179791
1823,O,oc23,-0.55000001192092896,27.258265895000001,14.000208967000001,18.778612138
1824,O,oc23,-0.55000001192092896,32.789971383000001,14.065602644,22.339638920999999
1825,O,oc23,-0.55000001192092896,30.288775551000001,13.979573203999999,14.683516601999999
1826,O,oc23,-0.55000001192092896,30.239794384,13.462035671000001,23.095731021999999
1827,O,oc23,-0.55000001192092896,27.801302683999999,13.353731160000001,15.250719026000001
1828,O,oc23,-0.55000001192092896,33.175079136000001,13.358611688,19.119599439000002
1829,O,oc23,-0.55000001192092896,28.116661231999998,11.143205065,20.196915627999999
1830,O,oc23,-0.55000001192092896,31.239591694000001,10.638389317,16.327370955999999
1831,O,oc23,-0.55000001192092896,27.782170534999999,12.893604761000001,22.138774723000001
1832,O,oc23,-0.55000001192092896,25.456433830000002,12.875094491,14.231086355
1833,O,oc23,-0.55000001192092896,30.875819167,12.55028692,17.989719487999999
1834,O,oc23,-0.55000001192092896,26.623976508999998,11.488613078,18.107152670000001
1835,O,oc23,-0.55000001192092896,31.883863590000001,11.552438087000001,22.459399985000001
1836,O,oc23,-0.55000001192092896,29.525705619,11.488334665,14.531486397
1837,O,oc23,-0.55000001192092896,31.996985765000002,10.854335552,13.775595556000001
1838,O,oc23,-0.55000001192092896,26.082375600999999,10.940468877000001,21.706637112999999
1839,O,oc23,-0.55000001192092896,29.093052580999998,10.62981463,17.791781999000001
1840,O,oc23,-0.55000001192092896,25.694229411999999,13.529101900000001,16.74174408
1841,O,oc23,-0.55000001192092896,30.999592537000002,13.17790748,20.597117218000001
1842,O,oc23,-0.55000001192092896,28.556926530999998,13.319326448,12.846317074
1843,Si,sc4,1.1000000238418579,33.568835014999998,11.118316241,13.767810829
1844,Si,sc4,1.1000000238418579,27.614291826999999,11.342766521,21.691400780999999
1845,Si,sc4,1.1000000238418579,30.635118488,11.000146788,17.711275707999999
1846,Si,sc4,1.1000000238418579,26.130321897999998,13.019615472,18.18526366
1847,Si,sc4,1.1000000238418579,31.4771201,13.095921254,22.134648381000002
1848,Si,sc4,1.1000000238418579,29.067643551,13.029062795,14.320575024
1849,Si,sc4,1.1000000238418579,28.670583056000002,13.847774009,23.055478868000002
1850,Si,sc4,1.1000000238418579,26.217600199,13.794372843,15.245993859
1851,Si,sc4,1.1000000238418579,31.561727642000001,13.474200632000001,19.115540514999999
1852,Si,sc4,1.1000000238418579,27.775092624999999,10.564071899,18.778479287
1853,Si,sc4,1.1000000238418579,33.091306455999998,10.579897775999999,22.711830562999999
1854,Si,sc4,1.1000000238418579,30.763532849000001,10.49344864,14.803144815
1855,O,oc23,-0.55000001192092896,28.848278099000002,15.156590821,11.027080317999999
1856,O,oc23,-0.55000001192092896,31.971510065,15.207554839,7.0585996179999997
1857,O,oc23,-0.55000001192092896,27.814892311000001,18.994207177,6.6890699710000003
1858,O,oc23,-0.55000001192092896,33.178584757000003,18.927290153000001,10.828942559
1859,O,oc23,-0.55000001192092896,30.875619158999999,19.001461223,2.5931966559999999
1860,O,oc23,-0.55000001192092896,30.682263756000001,18.122688501999999,11.323688131000001
1861,O,oc23,-0.55000001192092896,28.418229149999998,18.304215545999998,3.3445105490000002
1862,O,oc23,-0.55000001192092896,33.705762172,18.447436988,7.3061721769999997
1863,O,oc23,-0.55000001192092896,28.705106898,15.684412993,8.4536153519999999
1864,O,oc23,-0.55000001192092896,31.895149636999999,15.762285364,4.5512691399999996
1865,O,oc23,-0.55000001192092896,28.286977854,17.561681880999998,10.302459254
1866,O,oc23,-0.55000001192092896,26.121540434,17.791899056999998,2.2393757590000001
1867,O,oc23,-0.55000001192092896,31.435951202999998,17.589665251,6.3204058449999998
1868,O,oc23,-0.55000001192092896,27.164142529999999,16.435361946,6.4569330220000003
1869,O,oc23,-0.55000001192092896,32.504262838999999,16.444354252,10.437723346
1870,O,oc23,-0.55000001192092896,30.164635997000001,16.464990015000001,2.7666705519999999
1871,O,oc23,-0.55000001192092896,32.733544133000002,15.923051918000001,2.0298142210000001
1872,O,oc23,-0.55000001192092896,26.511389680000001,15.675559893000001,9.8827641199999992
1873,O,oc23,-0.55000001192092896,29.732215804999999,15.707209568,5.9582613780000004
1874,O,oc23,-0.55000001192092896,26.253460414999999,18.274331660000001,4.7774178379999999
1875,O,oc23,-0.55000001192092896,31.5604251,18.200313950999998,8.8758396289999997
1876,O,oc24,-0.67500001192092896,29.116257537999999,17.998778416,0.92154551299999998
1877,Si,sc4,1.1000000238418579,34.328298824000001,16.262012812999998,2.0439659269999999
1878,Si,sc4,1.1000000238418579,28.081702546999999,15.990677049,9.8829633979999993
1879,Si,sc4,1.1000000238418579,31.251812108999999,16.067747426,5.9583282989999997
1880,Si,sc4,1.1000000238418579,26.648784517999999,17.965474953000001,6.3017758390000003
1881,Si,sc4,1.1000000238418579,31.962728600999998,17.950527816000001,10.366332284
1882,Si,sc4,1.1000000238418579,29.635522181999999,17.959876772000001,2.4488911959999999
1883,Si,sc4,1.1000000238418579,29.121833892000001,18.514040408,11.306522470999999
1884,Si,sc4,1.1000000238418579,26.846547071,18.628322606000001,3.343153278
1885,Si,sc4,1.1000000238418579,32.069572899999997,18.551791652999999,7.4122266889999997
1886,Si,sc4,1.1000000238418579,28.337962090000001,15.454697809000001,6.882151425
1887,Si,sc4,1.1000000238418579,33.677648550000001,15.473590378000001,10.935796164999999
1888,Si,sc4,1.1000000238418579,31.457921282000001,15.533058441,3.0274633660000001
1889,H,hoy,0.40000000596046448,29.059910557999999,18.902443994999999,0.66722903899999997
1890,O,oc23,-0.55000001192092896,28.351618385999998,15.352424874,22.74429799
1891,O,oc23,-0.55000001192092896,31.223230806,14.992932101999999,18.928580164
1892,O,oc23,-0.55000001192092896,27.194192551,18.966174265999999,18.988260427
1893,O,oc23,-0.55000001192092896,32.802158961000004,19.064979642000001,22.497923081
1894,O,oc23,-0.55000001192092896,30.311213310999999,18.964637024000002,14.713656146
1895,O,oc23,-0.55000001192092896,30.359125775999999,18.48913769,23.197727601
1896,O,oc23,-0.55000001192092896,27.835293169,18.374942625999999,15.378397669
1897,O,oc23,-0.55000001192092896,33.179887299000001,18.108550046000001,19.224389874
1898,O,oc23,-0.55000001192092896,28.105642858,15.887113859999999,20.291593453000001
1899,O,oc23,-0.55000001192092896,31.093815408000001,15.76524817,16.373345657000002
1900,O,oc23,-0.55000001192092896,27.963906543,17.857522936999999,22.166984938999999
1901,O,oc23,-0.55000001192092896,25.536867564000001,17.820343256000001,14.345724688000001
1902,O,oc23,-0.55000001192092896,30.724901372000001,17.526143343000001,18.234232488
1903,O,oc23,-0.55000001192092896,26.475797137000001,16.520414863999999,18.417865591000002
1904,O,oc23,-0.55000001192092896,32.045466412000003,16.566427711999999,22.352414518
1905,O,oc23,-0.55000001192092896,29.528777389999998,16.504414461,14.400681768
1906,O,oc23,-0.55000001192092896,32.028504503999997,15.782923203999999,13.905802352
1907,O,oc23,-0.55000001192092896,26.020105317999999,16.129237096000001,21.883149749000001
1908,O,oc23,-0.55000001192092896,29.007210162,15.645580691999999,17.863305913000001
1909,O,oc23,-0.55000001192092896,25.756132515000001,18.472534881000001,16.85039317
1910,O,oc23,-0.55000001192092896,30.985569061,18.186757642,20.687868971
1911,O,oc23,-0.55000001192092896,28.580666833999999,18.398785584999999,12.819037811999999
1912,Si,sc4,1.1000000238418579,33.581989796999999,16.190134619999998,13.895822594
1913,Si,sc4,1.1000000238418579,27.605143182999999,16.34096559,21.764854022000002
1914,Si,sc4,1.1000000238418579,30.564568255000001,16.002528277,17.819659093999999
1915,Si,sc4,1.1000000238418579,26.057500921999999,18.032078307999999,18.366168342000002
1916,Si,sc4,1.1000000238418579,31.515316732999999,18.092571069000002,22.180224527
1917,Si,sc4,1.1000000238418579,29.047910382000001,18.074458808999999,14.342863415
1918,Si,sc4,1.1000000238418579,28.761800826999998,18.720958107000001,23.253682060999999
1919,Si,sc4,1.1000000238418579,26.275596669999999,18.75624844,15.389374809
1920,Si,sc4,1.1000000238418579,31.560993282999998,18.47849205,19.224257023
1921,Si,sc4,1.1000000238418579,27.685443080999999,15.536509508,18.822191539999999
1922,Si,sc4,1.1000000238418579,33.292040278999998,15.577188888,22.589874468000001
1923,Si,sc4,1.1000000238418579,30.739259189999999,15.502175438,14.852579616
1924,O,oc23,-0.55000001192092896,28.934655864,20.057041157,10.874119157000001
1925,O,oc23,-0.55000001192092896,31.666401700000002,20.085792175000002,7.1201427820000003
1926,O,oc23,-0.55000001192092896,27.980501272000001,23.999255139999999,6.6532743050000001
1927,O,oc23,-0.55000001192092896,33.225763856999997,23.996919800000001,10.790086341
1928,O,oc23,-0.55000001192092896,30.815819627,23.983220454000001,2.7149936270000001
1929,O,oc23,-0.55000001192092896,30.793381866000001,23.195776099,11.284965757
1930,O,oc23,-0.55000001192092896,28.291518344,23.277552996000001,3.2521214459999999
1931,O,oc23,-0.55000001192092896,33.853942537999998,23.254895106999999,7.2828854139999999
1932,O,oc23,-0.55000001192092896,28.644004823,20.778157648000001,8.4439012980000001
1933,O,oc23,-0.55000001192092896,31.623296403000001,20.568064308,4.5039634399999997
1934,O,oc23,-0.55000001192092896,28.357294246999999,22.539642159,10.307183429
1935,O,oc23,-0.55000001192092896,25.991324006999999,22.729130383000001,2.3602214510000001
1936,O,oc23,-0.55000001192092896,31.436519386000001,22.542849096000001,6.2709710440000004
1937,O,oc23,-0.55000001192092896,27.092223085000001,21.514360612000001,6.4237993519999996
1938,O,oc23,-0.55000001192092896,32.521959107000001,21.423555309000001,10.460211015000001
1939,O,oc23,-0.55000001192092896,30.031580644999998,21.471171625,2.6180136950000001
1940,O,oc23,-0.55000001192092896,32.566934134,20.953145312,2.0755028950000001
1941,O,oc23,-0.55000001192092896,26.574160481,20.755464958000001,9.9017262559999999
1942,O,oc23,-0.55000001192092896,29.447375954000002,20.880326698000001,5.9235974320000002
1943,O,oc23,-0.55000001192092896,26.231423666000001,23.328166921000001,4.8484762740000003
1944,O,oc23,-0.55000001192092896,31.654715635999999,23.284489932,8.877302984
1945,O,oc24,-0.89999997615814209,29.303536068,23.212891191000001,0.75391338500000005
1946,Si,sc4,1.1000000238418579,34.172205687000002,21.136115516,1.941310541
1947,Si,sc4,1.1000000238418579,28.131886749,21.020351785999999,9.9461701859999998
1948,Si,sc4,1.1000000238418579,31.021895962999999,21.038233811000001,5.9362386899999997
1949,Si,sc4,1.1000000238418579,26.703575878999999,23.067498093000001,6.3397001099999999
1950,Si,sc4,1.1000000238418579,32.079389233000001,22.980457331,10.372453387
1951,Si,sc4,0.72500002384185791,29.622500737999999,23.014792959000001,2.3876464529999999
1952,Si,sc4,1.1000000238418579,29.218026995999999,23.506466186000001,11.307587269000001
1953,Si,sc4,1.1000000238418579,26.747949886000001,23.653253942999999,3.4028543610000002
1954,Si,sc4,1.1000000238418579,32.220123516000001,23.516017393999999,7.3230711419999999
1955,Si,sc4,1.1000000238418579,28.205909765000001,20.568862666000001,6.9375070599999997
1956,Si,sc4,1.1000000238418579,33.718316928999997,20.456814649999998,10.884697741
1957,Si,sc4,1.1000000238418579,31.280325746999999,20.454106362000001,3.0087471059999999
1958,O,oc23,-0.55000001192092896,28.377862276999998,20.280749956000001,22.985884282000001
1959,O,oc23,-0.55000001192092896,31.447904940000001,20.046789242999999,18.802432292999999
1960,O,oc23,-0.55000001192092896,27.329784327999999,24.043664519,18.796311189000001
1961,O,oc23,-0.55000001192092896,32.729671332999999,24.000963013,22.534118293999999
1962,O,oc23,-0.55000001192092896,30.255153239999999,23.913190379,14.664754736000001
1963,O,oc23,-0.55000001192092896,30.246505115000001,23.579982129000001,23.104713399000001
1964,O,oc23,-0.55000001192092896,27.801637026000002,23.302302613999998,15.266887304999999
1965,O,oc23,-0.55000001192092896,33.198418427,23.031803646,19.157190587999999
1966,O,oc23,-0.55000001192092896,28.277795378,20.884614300999999,20.515213007
1967,O,oc23,-0.55000001192092896,31.119859291000001,20.874609892999999,16.383125146000001
1968,O,oc23,-0.55000001192092896,27.757196350000001,22.736276648,22.521011558000001
1969,O,oc23,-0.55000001192092896,25.496233515,22.662586696000002,14.216050292
1970,O,oc23,-0.55000001192092896,30.807505844000001,22.605977035999999,18.222589106000001
1971,O,oc23,-0.55000001192092896,26.499403105999999,21.431258918000001,18.638558436
1972,O,oc23,-0.55000001192092896,31.944531815000001,21.535937834999999,22.372840008000001
1973,O,oc23,-0.55000001192092896,29.558494064000001,21.348610424,14.390368887999999
1974,O,oc23,-0.55000001192092896,32.030640912999999,20.767247101999999,13.947386
1975,O,oc23,-0.55000001192092896,26.045447181,20.832152777000001,21.850216349
1976,O,oc23,-0.55000001192092896,28.946007586,20.722440362,17.908416085999999
1977,O,oc23,-0.55000001192092896,25.702777035,23.281770735999999,16.859175277999999
1978,O,oc23,-0.55000001192092896,31.088272885999999,23.329003715999999,20.694588899999999
1979,O,oc23,-0.55000001192092896,28.620999874999999,23.223174271000001,12.782643322
1980,Si,sc4,1.1000000238418579,33.614042888,21.026347262000002,13.846054671999999
1981,Si,sc4,1.1000000238418579,27.604742171000002,21.236018828999999,21.950349034999999
1982,Si,sc4,1.1000000238418579,30.547673016000001,21.038652207999998,17.854523804999999
1983,Si,sc4,1.1000000238418579,26.127917817,23.057772877000001,18.428910148
1984,Si,sc4,1.1000000238418579,31.490208212999999,23.091689847000001,22.224868727
1985,Si,sc4,1.1000000238418579,29.015456279999999,22.921407925,14.295823914
1986,Si,sc4,1.1000000238418579,28.683871178,23.716486286999999,23.318618899000001
1987,Si,sc4,1.1000000238418579,26.224945780999999,23.611493636999999,15.275601996000001
1988,Si,sc4,1.1000000238418579,31.667202729,23.556104108,19.244216539
1989,Si,sc4,1.1000000238418579,27.733857059000002,20.464818227999999,18.986929924999998
1990,Si,sc4,1.1000000238418579,33.178951935999997,20.562284911999999,22.762062476000001
1991,Si,sc4,1.1000000238418579,30.773716361999998,20.456671807999999,14.891368416000001
1992,O,oc23,-0.55000001192092896,28.942935813999998,25.102200506999999,10.942116545999999
1993,O,oc23,-0.55000001192092896,31.921359696,25.037573504000001,6.9494171370000002
1994,O,oc23,-0.55000001192092896,27.918130486999999,28.957714991,6.6911321499999996
1995,O,oc23,-0.55000001192092896,33.170972495999997,28.893123308,10.856421098
1996,O,oc23,-0.55000001192092896,30.842898379000001,29.109975422000002,2.840503016
1997,O,oc23,-0.55000001192092896,30.781461962000002,28.151343265000001,11.325817728000001
1998,O,oc23,-0.55000001192092896,28.371051045000002,28.564446012000001,3.504198578
1999,O,oc23,-0.55000001192092896,33.792106105000002,28.329746414999999,7.2991855540000001
2000,O,oc23,-0.55000001192092896,28.909880692000002,25.728391086999999,8.3597366209999997
2001,O,oc23,-0.55000001192092896,31.773312667999999,25.787580217999999,4.4463850139999996
2002,O,oc23,-0.55000001192092896,28.566309015000002,27.582912356000001,10.186158288
2003,O,oc23,-0.55000001192092896,26.141974627,27.735241350999999,2.3848922539999999
2004,O,oc23,-0.55000001192092896,31.536451951,27.633630165,6.3343116750000004
2005,O,oc23,-0.55000001192092896,27.119201335,26.473448189999999,6.624731959
2006,O,oc23,-0.55000001192092896,32.472776936999999,26.420498925,10.345573673000001
2007,O,oc23,-0.55000001192092896,29.996656786999999,26.566240558000001,2.6586257400000002
2008,O,oc23,-0.55000001192092896,32.473912308000003,25.999692049,1.964743788
2009,O,oc23,-0.55000001192092896,26.665913596999999,25.771580333999999,9.7069147529999995
2010,O,oc23,-0.55000001192092896,29.696757596000001,25.922446105999999,5.9209359319999999
2011,O,oc23,-0.55000001192092896,26.197200335000002,28.204467056999999,4.8681700870000002
2012,O,oc23,-0.55000001192092896,31.602662698,28.426408508000002,8.9280018610000003
2013,O,oc24,-0.67500001192092896,29.142468592,28.340935894000001,0.91990890599999997
2014,Si,sc4,1.1000000238418579,34.026362732000003,26.227419908000002,1.893765658
2015,Si,sc4,1.1000000238418579,28.292853723,26.063935716,9.7841602230000007
2016,Si,sc4,1.1000000238418579,31.241328084999999,26.104998431999999,5.9328455130000002
2017,Si,sc4,1.1000000238418579,26.7297531,27.945506102,6.3835462060000001
2018,Si,sc4,1.1000000238418579,32.040224401000003,27.978586277000002,10.394409649
2019,Si,sc4,1.1000000238418579,29.568744247000001,28.14956475,2.4844865930000002
2020,Si,sc4,1.1000000238418579,29.216457775999999,28.474407641999999,11.267267697999999
2021,Si,sc4,1.1000000238418579,26.713426044999999,28.743965929000002,3.4752363599999998
2022,Si,sc4,1.1000000238418579,32.178855112000001,28.630258346000002,7.3728390639999999
2023,Si,sc4,1.1000000238418579,28.414690693000001,25.534998337000001,6.8949260309999998
2024,Si,sc4,1.1000000238418579,33.697214547999998,25.497630818000001,10.819361356
2025,Si,sc4,1.1000000238418579,31.247337294000001,25.531721795999999,2.97846777
2026,H,hoy,0.40000000596046448,28.726007154000001,27.540650507999999,0.64522478999999999
2027,O,oc23,-0.55000001192092896,28.295759318000002,25.184221534999999,22.876900086999999
2028,O,oc23,-0.55000001192092896,31.520625414000001,25.081425019000001,18.723056234000001
2029,O,oc23,-0.55000001192092896,27.296595867000001,28.947466712000001,18.624319485000001
2030,O,oc23,-0.55000001192092896,32.759154166000002,29.004146496000001,22.692668158
2031,O,oc23,-0.55000001192092896,30.284267898,28.840418174,14.593363674000001
2032,O,oc23,-0.55000001192092896,30.308842067,28.627992609,23.008705072000001
2033,O,oc23,-0.55000001192092896,27.838030598,27.961471185000001,15.222175688
2034,O,oc23,-0.55000001192092896,33.264461007999998,28.594389891999999,19.164309072999998
2035,O,oc23,-0.55000001192092896,28.178129491,26.038837044000001,20.258126661999999
2036,O,oc23,-0.55000001192092896,31.241561925999999,25.801523694,16.249791373000001
2037,O,oc23,-0.55000001192092896,27.764842442999999,27.672043808000002,22.313092327
2038,O,oc23,-0.55000001192092896,25.522944590000002,27.591347837000001,14.180720599000001
2039,O,oc23,-0.55000001192092896,30.92780643,27.643669633999998,18.228176819000002
2040,O,oc23,-0.55000001192092896,26.637766144,26.490110342000001,18.297971674999999
2041,O,oc23,-0.55000001192092896,31.96286194,26.492620208999998,22.518881961000002
2042,O,oc23,-0.55000001192092896,29.582132869999999,26.320839743000001,14.283781977
2043,O,oc23,-0.55000001192092896,32.138454406000001,25.664252344000001,13.881651059999999
2044,O,oc23,-0.55000001192092896,26.01442896,25.822055052,21.852811919000001
2045,O,oc23,-0.55000001192092896,29.173953499,25.707999455,17.832167004999999
2046,O,oc23,-0.55000001192092896,25.693461717999998,28.368195378999999,16.702088767999999
2047,O,oc23,-0.55000001192092896,31.199124318999999,28.179194895999998,20.740430750000002
2048,O,oc23,-0.55000001192092896,28.633621302000002,28.200144391999999,12.666076651999999
2049,Si,sc4,1.1000000238418579,33.642424181999999,26.051072647000002,13.879521463
2050,Si,sc4,1.1000000238418579,27.591220208999999,26.197825083000001,21.775032067000001
2051,Si,sc4,1.1000000238418579,30.730411056000001,26.038349822000001,17.701095680000002
2052,Si,sc4,1.1000000238418579,26.125914746999999,27.99991911,18.190851373000001
2053,Si,sc4,1.1000000238418579,31.610308791000001,28.089783992000001,22.241235291999999
2054,Si,sc4,1.1000000238418579,29.090180819,27.821341433000001,14.15563736
2055,Si,sc4,1.1000000238418579,28.695157224999999,28.631896616999999,23.225138724000001
2056,Si,sc4,1.1000000238418579,26.315263015999999,28.493021798000001,15.24326742
2057,Si,sc4,1.1000000238418579,31.673847783999999,28.587348551000002,19.256659015
2058,Si,sc4,1.1000000238418579,27.836227536999999,25.526980993999999,18.850268904
2059,Si,sc4,1.1000000238418579,33.156749011999999,25.480689733999998,22.851085171000001
2060,Si,sc4,1.1000000238418579,30.785202418000001,25.435339154000001,14.7656191
2061,O,oc23,-0.55000001192092896,28.989480061999998,30.016041649999998,10.919362182
2062,O,oc23,-0.55000001192092896,31.996784761000001,30.163387271000001,6.8249318969999999
2063,O,oc23,-0.55000001192092896,28.030383968999999,33.922554433999998,6.8303877489999998
2064,O,oc23,-0.55000001192092896,33.328401012999997,34.054840851000002,10.748436267000001
2065,O,oc23,-0.55000001192092896,30.999859214000001,34.073420724999998,2.7530973470000002
2066,O,oc23,-0.55000001192092896,30.812314007000001,33.312258814000003,11.345045567
2067,O,oc23,-0.55000001192092896,28.584706805,33.485050084000001,3.3491479740000001
2068,O,oc23,-0.55000001192092896,33.741856228000003,33.197924804000003,7.3049745269999997
2069,O,oc23,-0.55000001192092896,28.908044792999998,30.590119761,8.4331898630000008
2070,O,oc23,-0.55000001192092896,31.811910311999998,30.966378571,4.3314413189999996
2071,O,oc23,-0.55000001192092896,28.545540977000002,32.498880028999999,10.2563517
2072,O,oc23,-0.55000001192092896,26.335162360999998,32.643505935,2.4934089880000001
2073,O,oc23,-0.55000001192092896,31.333614557000001,32.689623705999999,6.3284562749999997
2074,O,oc23,-0.55000001192092896,27.126313076999999,31.432082567999998,6.5195419760000002
2075,O,oc23,-0.55000001192092896,32.378353062000002,31.456692979,10.410643362
2076,O,oc23,-0.55000001192092896,30.170378527,31.619863437999999,2.328937298
2077,O,oc23,-0.55000001192092896,32.512776631000001,30.729901498,1.817111825
2078,O,oc23,-0.55000001192092896,26.696163627000001,30.625884330000002,9.7805008460000007
2079,O,oc23,-0.55000001192092896,29.597425055999999,30.794109844000001,5.9023733439999999
2080,O,oc23,-0.55000001192092896,26.416631462000002,33.315674561000002,4.917871087
2081,O,oc23,-0.55000001192092896,31.507337292999999,33.369252330999998,8.8816950289999994
2082,O,oc24,-0.67500001192092896,29.317025192999999,33.505232907,0.68690048800000003
2083,Si,sc4,1.1000000238418579,34.076312098000002,31.082594982,1.80646632
2084,Si,sc4,1.1000000238418579,28.253255041999999,30.944278026999999,9.8739145950000005
2085,Si,sc4,1.1000000238418579,31.194917176000001,31.134463839999999,5.8456197889999997
2086,Si,sc4,1.1000000238418579,26.757465710000002,32.977481376999997,6.4172787009999999
2087,Si,sc4,1.1000000238418579,32.019756872000002,33.060862782000001,10.369059714
2088,Si,sc4,1.1000000238418579,29.810846975,33.194055079000002,2.2802009619999999
2089,Si,sc4,1.1000000238418579,29.197092781999999,33.500178890000001,11.327015378
2090,Si,sc4,1.1000000238418579,26.932723833000001,33.702773794999999,3.454710736
2091,Si,sc4,1.1000000238418579,32.136550843000002,33.630479022000003,7.4218078920000004
2092,Si,sc4,1.1000000238418579,28.392820121,30.449223335999999,6.9152850949999998
2093,Si,sc4,1.1000000238418579,33.571839120999996,30.441520246,10.816766778
2094,Si,sc4,1.1000000238418579,31.336720159999999,30.556621968000002,2.8561849979999998
2095,H,hoy,0.40000000596046448,29.228130941,32.679755268999997,0.25912137699999999
2096,O,oc23,-0.55000001192092896,28.237428505,30.173565946,23.006775743999999
2097,O,oc23,-0.55000001192092896,31.216119064000001,30.070908635999999,18.955259608999999
2098,O,oc23,-0.55000001192092896,27.30030249,33.898293076000002,18.670429021
2099,O,oc23,-0.55000001192092896,32.613144040000002,33.909238424000002,22.506374051000002
2100,O,oc23,-0.55000001192092896,30.262031141000001,33.868803174999996,14.700483975999999
2101,O,oc23,-0.55000001192092896,30.302665688000001,33.313060808000003,23.123342414
2102,O,oc23,-0.55000001192092896,27.773957253999999,33.240764996000003,15.332155281
2103,O,oc23,-0.55000001192092896,33.232107407999997,33.335404443999998,19.202433613
2104,O,oc23,-0.55000001192092896,28.140333869999999,30.719164959,20.530183636
2105,O,oc23,-0.55000001192092896,31.123231572000002,30.554146381999999,16.375340419
2106,O,oc23,-0.55000001192092896,27.873990321000001,32.690425701000002,22.42380558
2107,O,oc23,-0.55000001192092896,25.615832082000001,32.499821230000002,14.282982882000001
2108,O,oc23,-0.55000001192092896,30.980627558999998,32.557964755999997,18.143080196
2109,O,oc23,-0.55000001192092896,26.500605146000002,31.406601598000002,18.509882412
2110,O,oc23,-0.55000001192092896,31.854781768999999,31.401651466000001,22.375167891
2111,O,oc23,-0.55000001192092896,29.494987907999999,31.343299130999998,14.542864075000001
2112,O,oc23,-0.55000001192092896,31.968170620999999,30.680507186,13.91544998
2113,O,oc23,-0.55000001192092896,25.921641472000001,30.886658082,21.926663716
2114,O,oc23,-0.55000001192092896,28.974455549000002,30.803277716,17.912207323000001
2115,O,oc23,-0.55000001192092896,25.587117937999999,33.145218630999999,16.819454532000002
2116,O,oc23,-0.55000001192092896,31.025034403999999,33.181157726999999,20.621203076
2117,O,oc23,-0.55000001192092896,28.615023504,33.188791213999998,12.830548342
2118,Si,sc4,1.1000000238418579,33.550170547,31.094342323999999,13.837738537
2119,Si,sc4,1.1000000238418579,27.551987711999999,31.164616529,21.986411396000001
2120,Si,sc4,1.1000000238418579,30.613482750999999,31.019536644999999,17.836559050000002
2121,Si,sc4,1.1000000238418579,26.044612817000001,32.933560778,18.306154957
2122,Si,sc4,1.1000000238418579,31.429006632,32.902013949999997,22.148819915000001
2123,Si,sc4,1.1000000238418579,29.050247794000001,32.918676101999999,14.388839108000001
2124,Si,sc4,1.1000000238418579,28.757327006000001,33.681336037999998,23.312497794999999
2125,Si,sc4,1.1000000238418579,26.190321438000002,33.507081024999998,15.352981309
2126,Si,sc4,1.1000000238418579,31.635450148,33.557276291999997,19.171695243999999
2127,Si,sc4,1.1000000238418579,27.738364710999999,30.446435055999999,18.927848486999999
2128,Si,sc4,1.1000000238418579,33.167233035000002,30.555157185999999,22.739176251
2129,Si,sc4,1.1000000238418579,30.673449455,30.359081079999999,14.885049026000001
2130,O,oc23,-0.55000001192092896,34.989332619999999,0.230562023,2.803962785
2131,O,oc24,-0.67500001192092896,34.711637349,1.0261982489999999,0.42204230500000001
2132,H,hoy,0.40000000596046448,35.034585002,1.8357877490000001,0.055536995999999998
2133,O,oc23,-0.55000001192092896,34.240185662999998,0.23425826,15.025301014
2134,O,oc23,-0.55000001192092896,34.200352144999997,1.019680489,12.412449414999999
2135,O,oc23,-0.55000001192092896,1.3961593450000001,5.3502424059999996,3.198734795
2136,O,oc24,-0.67500001192092896,34.781485064999998,6.0427663049999998,0.65952852799999995
2137,H,hoy,0.40000000596046448,34.950686566000002,6.8892487180000002,0.320749852
2138,O,oc23,-0.55000001192092896,0.99462403499999996,5.2928291930000002,14.886512379999999
2139,O,oc23,-0.55000001192092896,34.118850207000001,6.0532940340000003,12.235402397
2140,O,oc23,-0.55000001192092896,1.530214739,10.275829852999999,3.0330456259999998
2141,O,oc24,-0.67500001192092896,34.649465577000001,10.899617048,0.53015329600000005
2142,H,hoy,0.40000000596046448,35.104635000000002,11.654931421000001,0.20646300200000001
2143,O,oc23,-0.55000001192092896,0.92841328700000003,10.177704017,14.855906863
2144,O,oc23,-0.55000001192092896,34.203022904000001,10.848235410999999,12.306926311
2145,O,oc23,-0.55000001192092896,1.7673769610000001,15.185838670000001,2.97641848
2146,O,oc24,-0.67500001192092896,34.770467686000003,16.079006507999999,0.492661289
2147,H,hoy,0.40000000596046448,34.973790448000003,16.930914758,0.15419000099999999
2148,O,oc23,-0.55000001192092896,1.066676819,15.190334822000001,14.937144830999999
2149,O,oc23,-0.55000001192092896,34.145527946999998,15.932010979999999,12.406061616000001
2150,O,oc23,-0.55000001192092896,1.557861674,20.234158728000001,3.040264246
2151,O,oc24,-0.67500001192092896,34.631536464,20.751613153000001,0.44828328899999997
2152,H,hoy,0.40000000596046448,34.084604806999998,21.201430247000001,-0.11950775700000001
2153,O,oc23,-0.55000001192092896,0.92941532000000004,20.167178723999999,14.963491155
2154,O,oc23,-0.55000001192092896,34.209567458000002,20.709943747000001,12.353965811
2155,O,oc23,-0.55000001192092896,1.463437799,25.228665715999998,2.9393190800000002
2156,O,oc24,-0.67500001192092896,34.417713532999997,25.699180118000001,0.39516259100000001
2157,H,hoy,0.40000000596046448,35.171070284000002,26.186164593000001,0.104412669
2158,O,oc23,-0.55000001192092896,1.013288502,25.078740624999998,14.891102712
2159,O,oc23,-0.55000001192092896,34.149467416,25.863571228000001,12.353300559999999
2160,O,oc23,-0.55000001192092896,1.6660751840000001,30.187474100999999,2.77518646
2161,O,oc24,-0.67500001192092896,34.649031727999997,30.916252907000001,0.28117017599999999
2162,H,hoy,0.40000000596046448,34.478992335000001,30.044155189000001,-0.0074238680000000001
2163,O,oc23,-0.55000001192092896,1.005241397,30.159483263999999,14.835546807
2164,O,oc23,-0.55000001192092896,34.006530056000003,30.851346452000001,12.322761469
2165,O,oc23,-0.55000001192092896,34.604558214000001,2.8466976229999998,2.3657169599999999
2166,O,oc23,-0.55000001192092896,33.851871803999998,2.8076575519999998,14.311791924
2167,O,oc23,-0.55000001192092896,34.365160076999999,7.83409055,2.4417186790000001
2168,O,oc23,-0.55000001192092896,33.859952741999997,7.7633634049999998,14.240667558
2169,O,oc23,-0.55000001192092896,34.419449925000002,12.746015010000001,2.4121179779999999
2170,O,oc23,-0.55000001192092896,33.894944264000003,12.644716518999999,14.136940929
2171,O,oc23,-0.55000001192092896,34.576911279000001,17.759257927,2.3900486939999999
2172,O,oc23,-0.55000001192092896,33.913875408999999,17.686627605000002,14.327960203
2173,O,oc23,-0.55000001192092896,34.449332775000002,22.674752176999998,2.2256166610000001
2174,O,oc23,-0.55000001192092896,33.896346313000002,22.575127277,14.194226882000001
2175,O,oc23,-0.55000001192092896,1.080333115,27.745280820000001,2.1318172450000001
2176,O,oc23,-0.55000001192092896,0.44340680199999999,27.563216753999999,14.276396797
2177,O,oc23,-0.55000001192092896,34.257213245000003,32.582226112999997,2.260613728
2178,O,oc23,-0.55000001192092896,33.869468564999998,32.582783976999998,14.272537151
