id,element,ff_type,charge,x,y,z
1,O,oap1,-0.80000001192092896,2.437042323,30.790163218,1.6239763490000001
2,O,oap1,-0.80000001192092896,2.1206860179999998,30.907572415000001,8.8532831049999992
3,O,oap1,-0.80000001192092896,2.0852873359999999,30.845233335,15.637087006
4,O,oap1,-0.80000001192092896,1.9573273229999999,30.605246323999999,22.758392185000002
5,O,oap1,-0.80000001192092896,11.530146884000001,30.717682062000002,1.58586417
6,O,oap1,-0.80000001192092896,11.444711570000001,30.716707767999999,8.5838470519999994
7,O,oap1,-0.80000001192092896,11.5754588,30.723319418999999,15.631003035000001
8,O,oap1,-0.80000001192092896,11.577339862000001,30.765665133999999,22.573542791000001
9,O,oap1,-0.80000001192092896,20.292700498999999,30.803493089,1.7498638799999999
10,O,oap1,-0.80000001192092896,20.812325310999999,30.753495123,8.6490089020000003
11,O,oap1,-0.80000001192092896,20.829340164000001,30.785509172000001,15.669664655
12,O,oap1,-0.80000001192092896,20.970456344999999,30.772142030000001,22.621732092999999
13,O,oap1,-0.80000001192092896,29.483810147,31.039633115000001,2.1792600759999998
14,O,oap1,-0.80000001192092896,30.269058888,30.790631712,8.8434859679999995
15,O,oap1,-0.80000001192092896,30.207908335999999,30.959600177999999,15.760884264
16,O,oap1,-0.80000001192092896,30.360077198999999,30.904119649999998,22.670294569999999
17,O,oap1,-0.80000001192092896,7.2157137489999998,22.519364808999999,1.376704771
18,O,oap1,-0.80000001192092896,6.9769698199999999,22.602500824,8.7402896000000005
19,O,oap1,-0.80000001192092896,6.9045546179999997,22.439295072,15.709239087
20,O,oap1,-0.80000001192092896,6.6937083350000002,22.316662780000001,22.622952693999999
21,O,oap1,-0.80000001192092896,15.580723251,22.772955760999999,1.983588439
22,O,oap1,-0.80000001192092896,16.184865279,22.625486357,8.7193253869999996
23,O,oap1,-0.80000001192092896,16.412536039999999,22.568557454,15.670475845
24,O,oap1,-0.80000001192092896,16.219980704000001,22.351523945,22.503210981999999
25,O,oap1,-0.80000001192092896,25.951274956999999,22.761096821999999,1.862997598
26,O,oap1,-0.80000001192092896,25.521343733999998,22.648272607999999,8.8431189759999995
27,O,oap1,-0.80000001192092896,25.562324823000001,22.681958131999998,15.832937664999999
28,O,oap1,-0.80000001192092896,25.488757442000001,22.629869312,22.803282752000001
29,O,oap1,-0.80000001192092896,34.701445714999998,22.815185165999999,2.1146143120000001
30,O,oap1,-0.80000001192092896,34.889919845999998,22.632371483,8.8381134350000004
31,O,oap1,-0.80000001192092896,34.975959080999999,22.603524289999999,15.746342574
32,O,oap1,-0.80000001192092896,35.163489800999997,22.453701220999999,22.532329153999999
33,O,oap1,-0.80000001192092896,2.2849284189999999,14.518481352,1.857241388
34,O,oap1,-0.80000001192092896,2.3338466950000001,14.447150769,8.7336178499999999
35,O,oap1,-0.80000001192092896,1.687177127,14.513595176000001,15.731494087
36,O,oap1,-0.80000001192092896,1.579828263,14.577947326,22.887472188
37,O,oap1,-0.80000001192092896,10.920918626000001,14.668975619999999,2.10026994
38,O,oap1,-0.80000001192092896,11.62009301,14.451315052,8.6226919990000006
39,O,oap1,-0.80000001192092896,11.411573348999999,14.482020672999999,15.684115136000001
40,O,oap1,-0.80000001192092896,11.593382573,14.391223370000001,22.766488491
41,O,oap1,-0.80000001192092896,21.129619594000001,14.680485988999999,1.9224089470000001
42,O,oap1,-0.80000001192092896,20.950903804999999,14.617433461999999,8.7496271249999999
43,O,oap1,-0.80000001192092896,20.852089447000001,14.548582961999999,15.642451024
44,O,oap1,-0.80000001192092896,20.729638148999999,14.504002006,22.683234946999999
45,O,oap1,-0.80000001192092896,30.591569774,14.617072477000001,1.8057389500000001
46,O,oap1,-0.80000001192092896,30.377753398999999,14.307803606,8.7054391580000008
47,O,oap1,-0.80000001192092896,30.414145496,14.105004892,15.539441814
48,O,oap1,-0.80000001192092896,30.520370268000001,14.062270741000001,22.432825938000001
49,O,oap1,-0.80000001192092896,7.0732004999999996,6.2311819780000004,1.6662325730000001
50,O,oap1,-0.80000001192092896,6.6060873259999999,6.4415582349999996,8.8121210269999999
51,O,oap1,-0.80000001192092896,6.8939425109999997,6.1693975950000004,15.681228558999999
52,O,oap1,-0.80000001192092896,6.7385985780000004,6.0278360500000003,22.502953905999998
53,O,oap1,-0.80000001192092896,15.576697297999999,6.517575677,2.1634374439999999
54,O,oap1,-0.80000001192092896,16.153307701999999,6.352242189,8.6755414529999992
55,O,oap1,-0.80000001192092896,16.133900490999999,6.2532616870000002,15.650503242999999
56,O,oap1,-0.80000001192092896,16.327900408000001,6.1937376390000001,22.723875495000001
57,O,oap1,-0.80000001192092896,25.471841783999999,6.5876275890000002,1.886507656
58,O,oap1,-0.80000001192092896,25.402549960999998,6.4022884590000002,8.9035724379999994
59,O,oap1,-0.80000001192092896,25.640406735999999,6.175366801,15.687410437
60,O,oap1,-0.80000001192092896,25.126823205000001,6.4901305660000004,22.793011326999999
61,O,oap1,-0.80000001192092896,35.361671575999999,6.5920105800000002,1.762629711
62,O,oap1,-0.80000001192092896,34.849915348000003,6.4711681069999996,8.7934005210000006
63,O,oap1,-0.80000001192092896,34.781448734000001,6.4740247699999998,15.865309380999999
64,O,oap1,-0.80000001192092896,35.060251970000003,6.4534816959999999,22.581533196999999
65,O,oap1,-0.80000001192092896,5.2277009980000004,27.612078377,1.755829321
66,O,oap1,-0.80000001192092896,5.5189127920000001,27.438237261000001,8.7268582109999997
67,O,oap1,-0.80000001192092896,5.4693012039999997,27.409925588,15.632348821000001
68,O,oap1,-0.80000001192092896,5.6048975949999997,27.276845464000001,22.543800761
69,O,oap1,-0.80000001192092896,14.655325317999999,27.706299259000001,1.7563616010000001
70,O,oap1,-0.80000001192092896,14.855337891,27.681425719,8.6953604089999992
71,O,oap1,-0.80000001192092896,14.899544439,27.553529220000001,15.713354487
72,O,oap1,-0.80000001192092896,15.157493684,27.145628833,22.851045805999998
73,O,oap1,-0.80000001192092896,24.589737579000001,26.840757469,1.7918469640000001
74,O,oap1,-0.80000001192092896,24.457055365999999,27.598432513999999,8.5993846269999992
75,O,oap1,-0.80000001192092896,24.453961726999999,27.539291105,15.652759465999999
76,O,oap1,-0.80000001192092896,24.498478973000001,27.500770857999999,22.646213573000001
77,O,oap1,-0.80000001192092896,34.081170108000002,26.707329986000001,1.9084155089999999
78,O,oap1,-0.80000001192092896,33.789584740999999,27.416567586999999,8.7733818410000008
79,O,oap1,-0.80000001192092896,33.656364557000003,27.569339555999999,15.757028793
80,O,oap1,-0.80000001192092896,33.826457298000001,27.434237034999999,22.72652055
81,O,oap1,-0.80000001192092896,1.127778755,18.640343695999999,2.1855244429999998
82,O,oap1,-0.80000001192092896,0.82450990300000004,19.553664086000001,8.7149677329999999
83,O,oap1,-0.80000001192092896,0.85341904300000004,19.277052158,15.805629343
84,O,oap1,-0.80000001192092896,0.80200738400000005,19.164005252999999,22.759902467
85,O,oap1,-0.80000001192092896,10.24526464,19.654723485000002,1.752317227
86,O,oap1,-0.80000001192092896,10.346166945,19.336216072999999,8.7204770860000007
87,O,oap1,-0.80000001192092896,10.334422237,19.397574052,15.660186342999999
88,O,oap1,-0.80000001192092896,10.405149701999999,19.638508938000001,22.479377529000001
89,O,oap1,-0.80000001192092896,19.850237191000002,18.791041751000002,2.020321949
90,O,oap1,-0.80000001192092896,19.743815588,19.275744530000001,8.7626795319999999
91,O,oap1,-0.80000001192092896,19.73932147,19.297689510000001,15.819913731
92,O,oap1,-0.80000001192092896,19.955632484999999,18.893561896000001,22.889090001
93,O,oap1,-0.80000001192092896,29.039625288,19.647741703000001,1.6940416119999999
94,O,oap1,-0.80000001192092896,29.023478560000001,19.466036976000002,8.6459509729999997
95,O,oap1,-0.80000001192092896,29.080222155000001,19.461623023000001,15.586337627000001
96,O,oap1,-0.80000001192092896,29.116642229,19.577893934999999,22.846853842000002
97,O,oap1,-0.80000001192092896,5.385614844,11.555884130000001,1.7295984799999999
98,O,oap1,-0.80000001192092896,5.587970017,11.397171995000001,8.5752414360000007
99,O,oap1,-0.80000001192092896,5.5160378229999996,11.330606829000001,15.510446629
100,O,oap1,-0.80000001192092896,5.5478051180000003,11.412047724000001,22.440115407
101,O,oap1,-0.80000001192092896,14.928256184,10.672717375,1.971104945
102,O,oap1,-0.80000001192092896,14.969226508,11.240928469,8.6889208559999993
103,O,oap1,-0.80000001192092896,14.964392266999999,11.20817783,15.526683999999999
104,O,oap1,-0.80000001192092896,14.880404583000001,11.024421864000001,22.664809868999999
105,O,oap1,-0.80000001192092896,24.433373017000001,10.658214206,1.9079222149999999
106,O,oap1,-0.80000001192092896,24.312779204999998,11.088350418999999,8.8066263290000002
107,O,oap1,-0.80000001192092896,24.261541163,10.961327374,15.715096669999999
108,O,oap1,-0.80000001192092896,24.219506355,11.353542261999999,22.649113557
109,O,oap1,-0.80000001192092896,33.671496906999998,11.453448310000001,1.7149117140000001
110,O,oap1,-0.80000001192092896,33.980281044999998,11.167218418999999,8.573808884
111,O,oap1,-0.80000001192092896,33.715057291999997,11.042795324,15.758904871
112,O,oap1,-0.80000001192092896,33.710063173000002,11.339444525999999,22.608757079
113,O,oap1,-0.80000001192092896,0.71215668200000004,3.0880199670000001,1.842313546
114,O,oap1,-0.80000001192092896,0.92044980200000004,2.9399928640000002,8.7625447659999995
115,O,oap1,-0.80000001192092896,0.960506635,2.9984705840000001,15.71929347
116,O,oap1,-0.80000001192092896,0.97455090499999997,3.3611535250000002,22.778571463999999
117,O,oap1,-0.80000001192092896,10.048890715000001,3.2761041030000002,1.7280757959999999
118,O,oap1,-0.80000001192092896,10.198319041,3.2606002169999999,8.6376659740000008
119,O,oap1,-0.80000001192092896,10.267015343000001,3.251870196,15.599985732
120,O,oap1,-0.80000001192092896,10.353258751,3.0900988429999998,22.590261493
121,O,oap1,-0.80000001192092896,19.861021447999999,2.4338895869999999,1.843571952
122,O,oap1,-0.80000001192092896,19.695278826999999,3.3311807139999998,8.5356542999999991
123,O,oap1,-0.80000001192092896,19.497701239000001,3.0510408120000001,15.641103814999999
124,O,oap1,-0.80000001192092896,19.669451453000001,3.212205403,22.473672767
125,O,oap1,-0.80000001192092896,28.762450185999999,3.4092118820000001,1.916098533
126,O,oap1,-0.80000001192092896,29.105449488000001,2.939596635,8.7787677819999992
127,O,oap1,-0.80000001192092896,29.038761356999998,2.9716575970000001,15.893301410999999
128,O,oap1,-0.80000001192092896,29.062837225999999,3.261435836,22.713597536999998
129,O,oap1,-0.80000001192092896,6.4004542300000002,31.864912439000001,1.6518581910000001
130,O,oap1,-0.80000001192092896,6.545546614,32.337031832999998,8.5957899910000002
131,O,oap1,-0.80000001192092896,6.326977683,32.207498673000003,15.545724629
132,O,oap1,-0.80000001192092896,6.3680377019999996,31.972960532999998,22.509979301000001
133,O,oap1,-0.80000001192092896,15.812876026,31.801155613999999,1.803939663
134,O,oap1,-0.80000001192092896,16.047920446999999,32.303151323000002,8.7666036989999991
135,O,oap1,-0.80000001192092896,16.065576802999999,32.284698951999999,15.844629445000001
136,O,oap1,-0.80000001192092896,15.80305684,32.062859584999998,22.749781707
137,O,oap1,-0.80000001192092896,25.789652793999998,32.731489146000001,1.8774445989999999
138,O,oap1,-0.80000001192092896,25.125334269,32.191289527000002,8.6213816859999994
139,O,oap1,-0.80000001192092896,25.262453184999998,32.184680907999997,15.690804936999999
140,O,oap1,-0.80000001192092896,25.330202073999999,32.206018839000002,22.619683397999999
141,O,oap1,-0.80000001192092896,34.879054214,32.213916570999999,1.8865622040000001
142,O,oap1,-0.80000001192092896,34.787277842000002,32.196564254000002,8.7960939140000001
143,O,oap1,-0.80000001192092896,34.586077275000001,32.183293003000003,15.656555535000001
144,O,oap1,-0.80000001192092896,34.649878272999999,32.588804332999999,22.465930888999999
145,O,oap1,-0.80000001192092896,1.986345185,24.320146985000001,1.6156500009999999
146,O,oap1,-0.80000001192092896,1.780158803,24.235517381000001,8.6733889640000008
147,O,oap1,-0.80000001192092896,1.7822013029999999,24.00403498,15.768400518
148,O,oap1,-0.80000001192092896,1.6787724100000001,23.888562361999998,22.481996967000001
149,O,oap1,-0.80000001192092896,11.106403335,23.609636465000001,1.764829897
150,O,oap1,-0.80000001192092896,11.239450107,24.060018103000001,8.7165045750000001
151,O,oap1,-0.80000001192092896,11.405938482,24.036552174000001,15.670193742
152,O,oap1,-0.80000001192092896,11.592949947999999,24.283651240000001,22.894984358999999
153,O,oap1,-0.80000001192092896,20.962049201999999,24.135781485999999,2.185653292
154,O,oap1,-0.80000001192092896,20.735993766,23.907353933,8.8138822169999997
155,O,oap1,-0.80000001192092896,20.490019427,23.891392065000002,15.522649171999999
156,O,oap1,-0.80000001192092896,20.240811246,24.310608267999999,22.47118317
157,O,oap1,-0.80000001192092896,30.083242385999998,23.682142204000002,1.7804340679999999
158,O,oap1,-0.80000001192092896,30.128044832,23.994807618999999,8.7903991749999992
159,O,oap1,-0.80000001192092896,30.275575086,24.098885704000001,15.741557221000001
160,O,oap1,-0.80000001192092896,30.254546252000001,24.042852383,22.581652048999999
161,O,oap1,-0.80000001192092896,7.0665313799999998,16.20977641,2.0359171169999999
162,O,oap1,-0.80000001192092896,6.6157131700000003,15.954830919999999,8.7405099039999996
163,O,oap1,-0.80000001192092896,6.6449704179999998,15.889643887,15.69457703
164,O,oap1,-0.80000001192092896,6.4890331339999996,15.810946211999999,22.484548091000001
165,O,oap1,-0.80000001192092896,16.5040926,16.29076847,1.920310022
166,O,oap1,-0.80000001192092896,16.315363223999999,16.067142351000001,8.8610798220000007
167,O,oap1,-0.80000001192092896,16.189646928999998,15.949441097999999,15.745898774
168,O,oap1,-0.80000001192092896,16.071621213,15.965637074,22.622026732999998
169,O,oap1,-0.80000001192092896,25.261359682999998,15.550051371,1.3643261630000001
170,O,oap1,-0.80000001192092896,25.230318864000001,15.916997567999999,8.6621350649999993
171,O,oap1,-0.80000001192092896,25.264800787999999,15.751559346000001,15.675158312000001
172,O,oap1,-0.80000001192092896,25.518004539,15.71826667,22.698720560999998
173,O,oap1,-0.80000001192092896,34.788711773999999,15.586375423,1.8130446659999999
174,O,oap1,-0.80000001192092896,34.935996635000002,15.957186977999999,8.653275142
175,O,oap1,-0.80000001192092896,34.852785093000001,15.876983153999999,15.817207434
176,O,oap1,-0.80000001192092896,35.040808097999999,16.187074251999999,22.819186557999998
177,O,oap1,-0.80000001192092896,1.891915421,7.4688672980000002,1.6721343609999999
178,O,oap1,-0.80000001192092896,1.570549599,7.9369948959999999,8.6518265910000007
179,O,oap1,-0.80000001192092896,1.752115597,7.8396824330000001,15.707397051999999
180,O,oap1,-0.80000001192092896,1.561144222,7.7116515669999997,22.516986348
181,O,oap1,-0.80000001192092896,11.358969692000001,7.3569055209999998,1.886635117
182,O,oap1,-0.80000001192092896,11.435209501999999,8.0302936119999995,8.7875751369999993
183,O,oap1,-0.80000001192092896,11.228110471999999,7.6371787280000003,15.763526031
184,O,oap1,-0.80000001192092896,11.404228071,7.5345761820000003,22.777869508999999
185,O,oap1,-0.80000001192092896,21.214811293,7.9981186700000002,1.94458065
186,O,oap1,-0.80000001192092896,20.854069955,7.748430709,8.7820860300000003
187,O,oap1,-0.80000001192092896,20.327376740999998,7.5507972639999998,15.503903239
188,O,oap1,-0.80000001192092896,20.586603688,7.7138300729999996,22.547798910000001
189,O,oap1,-0.80000001192092896,29.850016762999999,7.2623901999999996,1.749522445
190,O,oap1,-0.80000001192092896,29.906382950000001,7.5441258050000002,8.5959716999999998
191,O,oap1,-0.80000001192092896,29.996200721000001,7.7805441230000003,15.699932719
192,O,oap1,-0.80000001192092896,29.624539626000001,7.8357211060000003,22.392433379
193,O,oap1,-0.80000001192092896,2.5259862530000001,26.935937112000001,5.2628805319999996
194,O,oap1,-0.80000001192092896,2.6437912400000001,27.084863764000001,12.091305866000001
195,O,oap1,-0.80000001192092896,2.6967615980000001,26.806751980000001,19.176551676999999
196,O,oap1,-0.80000001192092896,2.41708224,26.933891987999999,26.040078137999998
197,O,oap1,-0.80000001192092896,12.502234695,26.522731318999998,5.3371474140000004
198,O,oap1,-0.80000001192092896,12.251437860999999,26.768364485999999,12.253572284000001
199,O,oap1,-0.80000001192092896,12.319231761999999,26.957436189999999,19.190677706999999
200,O,oap1,-0.80000001192092896,13.321479472,27.592598250000002,26.162207917
201,O,oap1,-0.80000001192092896,22.05409367,26.465675578999999,5.3989131309999996
202,O,oap1,-0.80000001192092896,21.692417107000001,26.934099703000001,12.131167501
203,O,oap1,-0.80000001192092896,21.689990402999999,26.760665646,19.069416089000001
204,O,oap1,-0.80000001192092896,21.409767974000001,26.883852044000001,26.075273546999998
205,O,oap1,-0.80000001192092896,31.163441835,26.610084024999999,5.2953748789999997
206,O,oap1,-0.80000001192092896,31.023009681000001,26.779140948999999,12.305402561999999
207,O,oap1,-0.80000001192092896,30.962736452000001,27.082696498000001,19.250115141999999
208,O,oap1,-0.80000001192092896,30.561956113000001,27.191136361000002,26.045813892999998
209,O,oap1,-0.80000001192092896,7.3599626200000001,18.867139521999999,5.1705843390000004
210,O,oap1,-0.80000001192092896,7.2339134930000002,18.701053571999999,12.099392395000001
211,O,oap1,-0.80000001192092896,7.8147719459999996,18.572696256,19.217763602000002
212,O,oap1,-0.80000001192092896,7.1595072359999996,18.869543683,26.355674784000001
213,O,oap1,-0.80000001192092896,16.991526157999999,18.670375465999999,5.3844060809999998
214,O,oap1,-0.80000001192092896,17.059176055999998,18.741839735999999,12.232587054
215,O,oap1,-0.80000001192092896,17.157521933999998,18.474519379,19.386351049000002
216,O,oap1,-0.80000001192092896,17.254355575000002,18.732493691999998,26.397782208999999
217,O,oap1,-0.80000001192092896,26.121431736000002,18.657249700000001,5.2362483380000002
218,O,oap1,-0.80000001192092896,26.305267528000002,18.752822157000001,12.094378426
219,O,oap1,-0.80000001192092896,26.049685116999999,18.845077490000001,19.067385565999999
220,O,oap1,-0.80000001192092896,25.810188175,19.131297511,26.712575159
221,O,oap1,-0.80000001192092896,35.912329299,18.538963788,5.332144918
222,O,oap1,-0.80000001192092896,35.712433458,18.566087728999999,12.289866408
223,O,oap1,-0.80000001192092896,35.829662380000002,18.633789514,19.236906909000002
224,O,oap1,-0.80000001192092896,35.766214249999997,18.811282836,26.218910592
225,O,oap1,-0.80000001192092896,2.6448198440000001,10.510690083,5.4026110809999999
226,O,oap1,-0.80000001192092896,2.4849239889999999,10.693292818,12.218740909999999
227,O,oap1,-0.80000001192092896,2.6279114579999998,10.690025423,19.076969502000001
228,O,oap1,-0.80000001192092896,2.2326042660000001,10.800021924999999,26.135236474999999
229,O,oap1,-0.80000001192092896,11.990412246,10.314963301000001,5.1976360230000003
230,O,oap1,-0.80000001192092896,12.064547344999999,10.503160417,12.067028038
231,O,oap1,-0.80000001192092896,12.221613043,10.378068626999999,19.237288413000002
232,O,oap1,-0.80000001192092896,11.888795137000001,10.388533927999999,26.193454653
233,O,oap1,-0.80000001192092896,21.887529782000001,10.534290184,5.443977984
234,O,oap1,-0.80000001192092896,21.688503705999999,10.377860140999999,12.274313314
235,O,oap1,-0.80000001192092896,21.333385822,10.534336010000001,19.090435058000001
236,O,oap1,-0.80000001192092896,21.303552094,10.564703271000001,25.963195080999999
237,O,oap1,-0.80000001192092896,31.009532385,10.343248198,5.3981667160000004
238,O,oap1,-0.80000001192092896,30.948889352999998,10.432486802,12.280324668
239,O,oap1,-0.80000001192092896,30.908577553000001,10.270007918999999,19.159975702000001
240,O,oap1,-0.80000001192092896,30.605999670999999,10.826709663999999,26.518413471999999
241,O,oap1,-0.80000001192092896,7.279159623,2.4033462659999998,5.220363775
242,O,oap1,-0.80000001192092896,7.2349832110000003,2.4061816829999998,12.165975716
243,O,oap1,-0.80000001192092896,7.3000681480000003,2.3850337380000002,19.121147114999999
244,O,oap1,-0.80000001192092896,7.2484386629999999,2.31798372,25.980591748999998
245,O,oap1,-0.80000001192092896,16.662118903,2.4996745370000002,5.0906195460000001
246,O,oap1,-0.80000001192092896,16.681062854,2.3854154350000001,12.146100638
247,O,oap1,-0.80000001192092896,16.902396086,2.2509504370000002,19.169200799999999
248,O,oap1,-0.80000001192092896,16.782521159000002,2.2382328390000001,28.681355924999998
249,O,oap1,-0.80000001192092896,26.205021825999999,2.3734015259999999,5.4443700709999998
250,O,oap1,-0.80000001192092896,26.567734723000001,2.300397013,12.295930779000001
251,O,oap1,-0.80000001192092896,26.234953038,2.2969519530000002,19.295810811999999
252,O,oap1,-0.80000001192092896,25.881916402000002,2.284404533,26.191337984
253,O,oap1,-0.80000001192092896,36.049776719999997,2.2888259089999998,5.3636201420000003
254,O,oap1,-0.80000001192092896,35.757491975000001,2.2674379170000001,12.279346193
255,O,oap1,-0.80000001192092896,35.500038035000003,2.418125045,19.126124569000002
256,O,oap1,-0.80000001192092896,35.547874522999997,2.6340937649999998,26.171877552000002
257,O,oap1,-0.80000001192092896,8.6211132300000006,29.915530702000002,5.1183711379999997
258,O,oap1,-0.80000001192092896,8.6077322509999998,30.031530149999998,12.126431197
259,O,oap1,-0.80000001192092896,8.5059481179999992,29.796262644999999,19.064371011999999
260,O,oap1,-0.80000001192092896,8.8330476050000009,29.65421886,26.056062699000002
261,O,oap1,-0.80000001192092896,18.043471362999998,30.187188962,5.2188426989999996
262,O,oap1,-0.80000001192092896,17.971649856999999,30.134398331,12.169975354
263,O,oap1,-0.80000001192092896,17.969635006000001,30.122406664,19.094878691000002
264,O,oap1,-0.80000001192092896,17.584078007999999,29.317447884,26.301640345999999
265,O,oap1,-0.80000001192092896,27.333189562000001,30.558973344999998,5.3200984020000002
266,O,oap1,-0.80000001192092896,27.441165430000002,30.058293396,12.210212669000001
267,O,oap1,-0.80000001192092896,27.444951087,30.439199654999999,19.380957524999999
268,O,oap1,-0.80000001192092896,27.538058154000002,29.890320091,26.277119765999998
269,O,oap1,-0.80000001192092896,36.681812417000003,29.847390444999998,5.0386587079999998
270,O,oap1,-0.80000001192092896,36.963721734000003,30.030562775,12.315994478
271,O,oap1,-0.80000001192092896,36.838087844999997,30.025853242,19.107216255000001
272,O,oap1,-0.80000001192092896,35.928196794999998,28.837923667999998,26.639154778000002
273,O,oap1,-0.80000001192092896,3.929445802,21.868670781999999,5.1910902920000002
274,O,oap1,-0.80000001192092896,3.931987479,21.966363039000001,12.211081313999999
275,O,oap1,-0.80000001192092896,3.9075072159999999,21.794212551000001,19.134707506000002
276,O,oap1,-0.80000001192092896,3.7607249519999999,21.145313795,26.436183645
277,O,oap1,-0.80000001192092896,13.273685128,22.080577940000001,5.3373559979999996
278,O,oap1,-0.80000001192092896,13.343108644000001,22.134343087000001,12.169502419000001
279,O,oap1,-0.80000001192092896,13.293154915000001,22.034856726000001,19.116572676000001
280,O,oap1,-0.80000001192092896,13.308923397999999,22.04496314,26.351731984000001
281,O,oap1,-0.80000001192092896,22.642369632000001,21.955708563999998,5.0594171320000001
282,O,oap1,-0.80000001192092896,22.768949813999999,21.912912407,12.286177825999999
283,O,oap1,-0.80000001192092896,22.851198519,21.844381986999998,19.303938134999999
284,O,oap1,-0.80000001192092896,20.438094382999999,20.515641243000001,27.925912789000002
285,O,oap1,-0.80000001192092896,32.141295382999999,22.413897962,5.6188549779999999
286,O,oap1,-0.80000001192092896,32.229655606000001,21.952741645,12.293019627
287,O,oap1,-0.80000001192092896,32.199354601000003,21.814496239,19.179832483999999
288,O,oap1,-0.80000001192092896,31.927847429,21.763865490000001,26.306720414000001
289,O,oap1,-0.80000001192092896,8.0790733209999992,14.578644862000001,5.3517383260000004
290,O,oap1,-0.80000001192092896,8.6511608889999998,13.854407296,12.253079579
291,O,oap1,-0.80000001192092896,8.5831313609999995,14.026409320000001,19.258261383000001
292,O,oap1,-0.80000001192092896,8.0770064880000003,12.879235779,26.276728624
293,O,oap1,-0.80000001192092896,17.998468701,13.641239759999999,5.098558862
294,O,oap1,-0.80000001192092896,17.901029702999999,13.817347397000001,12.157012111
295,O,oap1,-0.80000001192092896,18.111483135,13.905858285000001,19.315707665000001
296,O,oap1,-0.80000001192092896,18.324881835999999,13.632861662,26.332004748999999
297,O,oap1,-0.80000001192092896,27.538582404,13.520813335,5.1233340949999997
298,O,oap1,-0.80000001192092896,27.352888578000002,13.581803078,12.108829244000001
299,O,oap1,-0.80000001192092896,27.304201552999999,13.56546054,19.019372828000002
300,O,oap1,-0.80000001192092896,27.654909038,13.417728758999999,26.087361855000001
301,O,oap1,-0.80000001192092896,36.739541199999998,14.134620599,5.4511600109999998
302,O,oap1,-0.80000001192092896,36.741319359000002,13.771189086,12.161102031
303,O,oap1,-0.80000001192092896,36.725970529999998,14.071927459999999,19.403314439999999
304,O,oap1,-0.80000001192092896,36.448624811000002,14.283120215,26.395473101
305,O,oap1,-0.80000001192092896,3.8267538860000001,5.4070298640000001,5.0864293470000002
306,O,oap1,-0.80000001192092896,3.975480846,5.6392962320000004,12.322950695999999
307,O,oap1,-0.80000001192092896,3.833729945,5.6056856689999996,19.085784244999999
308,O,oap1,-0.80000001192092896,3.814549601,5.1555582879999999,26.387964368999999
309,O,oap1,-0.80000001192092896,13.170031819,6.0971894149999999,5.52610942
310,O,oap1,-0.80000001192092896,13.214679223999999,5.9106030140000003,12.245002169999999
311,O,oap1,-0.80000001192092896,13.169620671000001,5.7006199249999998,19.258533019000001
312,O,oap1,-0.80000001192092896,13.422063399000001,5.4036911410000004,26.192794670000001
313,O,oap1,-0.80000001192092896,22.807662560000001,5.5877647450000003,5.3208001649999996
314,O,oap1,-0.80000001192092896,22.758939512000001,5.6895696200000003,12.268207921
315,O,oap1,-0.80000001192092896,22.579211087000001,5.7994985440000004,19.133860311999999
316,O,oap1,-0.80000001192092896,22.701544169000002,5.4159646019999999,28.653767198000001
317,O,oap1,-0.80000001192092896,32.129527377999999,5.5735458519999996,5.1539543869999997
318,O,oap1,-0.80000001192092896,32.054416003999997,5.593588285,12.203055794999999
319,O,oap1,-0.80000001192092896,32.192545692000003,5.5702281979999997,19.236329413
320,O,oap1,-0.80000001192092896,32.454020653999997,5.4729705639999997,26.133291058000001
321,O,oap1,-0.80000001192092896,7.4642328449999997,25.267669789999999,5.0373617819999996
322,O,oap1,-0.80000001192092896,7.8781350610000001,25.547095291000002,12.167035275
323,O,oap1,-0.80000001192092896,7.7627739140000003,25.507674755,19.108608376999999
324,O,oap1,-0.80000001192092896,8.0352616129999994,25.452319897999999,26.347736645000001
325,O,oap1,-0.80000001192092896,16.905647959,25.349624391999999,5.4117231529999996
326,O,oap1,-0.80000001192092896,16.850379647,25.263570022,12.297846937999999
327,O,oap1,-0.80000001192092896,16.883296570999999,25.566573886,19.191043808
328,O,oap1,-0.80000001192092896,18.306953224000001,25.900526169999999,27.574911006000001
329,O,oap1,-0.80000001192092896,26.449533593000002,25.278323507,5.2776297530000003
330,O,oap1,-0.80000001192092896,26.529380615000001,25.395654154999999,12.167295899999999
331,O,oap1,-0.80000001192092896,26.466957752999999,25.545928787000001,19.146636386000001
332,O,oap1,-0.80000001192092896,27.064286125999999,25.138622560999998,26.222337246999999
333,O,oap1,-0.80000001192092896,35.318600850999999,25.171992361000001,5.6526407650000001
334,O,oap1,-0.80000001192092896,35.718893528999999,25.520817610999998,12.461393958
335,O,oap1,-0.80000001192092896,35.551373667,25.425230211999999,19.278270202000002
336,O,oap1,-0.80000001192092896,36.691381202000002,25.447796217,26.426666924999999
337,O,oap1,-0.80000001192092896,2.7569995020000002,17.375934067999999,5.3109167140000002
338,O,oap1,-0.80000001192092896,2.9303117840000001,17.475140207999999,12.357383061
339,O,oap1,-0.80000001192092896,2.767104647,17.259680027000002,19.260146443
340,O,oap1,-0.80000001192092896,2.8737486990000001,16.880991210000001,26.043493837
341,O,oap1,-0.80000001192092896,12.382781318999999,17.324209913000001,5.1906405280000003
342,O,oap1,-0.80000001192092896,12.265868573000001,17.246202589999999,12.270989370000001
343,O,oap1,-0.80000001192092896,12.388311595999999,17.325421682000002,19.008573561999999
344,O,oap1,-0.80000001192092896,12.538205232999999,17.388517956000001,26.135058827999998
345,O,oap1,-0.80000001192092896,21.506800850000001,17.047540478999998,5.3625940429999996
346,O,oap1,-0.80000001192092896,21.65120254,17.151506109,12.315924743
347,O,oap1,-0.80000001192092896,21.668792345,17.255170284999998,19.322551212
348,O,oap1,-0.80000001192092896,21.740344917000002,17.368579601,26.041544700999999
349,O,oap1,-0.80000001192092896,31.053556847999999,17.316557179,5.3047753630000001
350,O,oap1,-0.80000001192092896,31.212414058,17.288202804000001,12.174832728
351,O,oap1,-0.80000001192092896,31.140249764,17.309098574,19.197150954000001
352,O,oap1,-0.80000001192092896,31.952178929999999,18.068814521,27.131469243000002
353,O,oap1,-0.80000001192092896,7.4887799250000002,9.2871313830000002,5.2436533049999996
354,O,oap1,-0.80000001192092896,7.7655834959999996,9.247073919,12.110514808
355,O,oap1,-0.80000001192092896,7.7651489270000003,9.1173217130000008,19.176421641000001
356,O,oap1,-0.80000001192092896,7.729345017,9.149426107,25.956687115000001
357,O,oap1,-0.80000001192092896,16.897733496000001,9.0119698590000006,5.1933717819999998
358,O,oap1,-0.80000001192092896,16.949891501,9.211524292,12.118685398
359,O,oap1,-0.80000001192092896,16.780097183999999,8.975075167,19.164362655000001
360,O,oap1,-0.80000001192092896,18.815841130999999,9.1797340589999994,26.996251936
361,O,oap1,-0.80000001192092896,26.116710813000001,8.8322981420000009,5.3439575530000001
362,O,oap1,-0.80000001192092896,26.076361023,8.9181767809999997,12.371599479
363,O,oap1,-0.80000001192092896,25.836883632999999,8.7659912309999992,19.465240769000001
364,O,oap1,-0.80000001192092896,26.514573772999999,9.3009393570000007,26.218933429
365,O,oap1,-0.80000001192092896,35.697626008999997,9.0582696780000003,5.3962025029999996
366,O,oap1,-0.80000001192092896,35.552040921,9.1305761430000008,12.283636565
367,O,oap1,-0.80000001192092896,35.942671126999997,9.1248636219999995,19.277587985
368,O,oap1,-0.80000001192092896,36.347402658,8.9493487129999991,26.142647767
369,O,oap1,-0.80000001192092896,2.495238455,0.57900477400000006,5.4842743150000004
370,O,oap1,-0.80000001192092896,2.7340941230000002,1.0713686090000001,12.344671803000001
371,O,oap1,-0.80000001192092896,2.9760099270000002,0.99773864000000001,19.229789001
372,O,oap1,-0.80000001192092896,2.9973215350000002,1.4215813470000001,26.110543306
373,O,oap1,-0.80000001192092896,12.303609172,0.94753881799999995,5.2919562930000001
374,O,oap1,-0.80000001192092896,12.234899198999999,1.0211088610000001,12.145192273999999
375,O,oap1,-0.80000001192092896,12.282409275999999,0.99860302099999998,19.228725102999999
376,O,oap1,-0.80000001192092896,14.462976615000001,1.293173278,27.386283317
377,O,oap1,-0.80000001192092896,21.388014758000001,0.91220042700000004,5.2505613750000002
378,O,oap1,-0.80000001192092896,21.556580398000001,1.0493758470000001,12.301426425000001
379,O,oap1,-0.80000001192092896,21.758421213999998,0.96323051500000001,19.146449087000001
380,O,oap1,-0.80000001192092896,21.624681874,1.119883966,26.100574330000001
381,O,oap1,-0.80000001192092896,30.672737634000001,0.70944444399999995,5.332604345
382,O,oap1,-0.80000001192092896,30.724725927000001,0.80651548399999995,12.412385895
383,O,oap1,-0.80000001192092896,30.776190833000001,0.80509408299999996,19.499297256999998
384,O,oap1,-0.80000001192092896,30.762674441000001,0.90731116099999998,26.59556019
385,O,oap1,-0.80000001192092896,2.6482436859999998,26.784002298000001,7.6084292529999997
386,O,oap1,-0.80000001192092896,3.0105747159999998,26.694149308,14.507814459
387,O,oap1,-0.80000001192092896,2.4138071050000001,26.787903875000001,21.685150356000001
388,O,oap1,-0.80000001192092896,2.8119501269999998,26.752348878999999,28.413619150999999
389,O,oap1,-0.80000001192092896,11.856574367,26.766041119,7.6323449749999996
390,O,oap1,-0.80000001192092896,12.126224616,27.069543177,14.789020821999999
391,O,oap1,-0.80000001192092896,12.107526515,26.961104426999999,21.692388111
392,O,oap1,-0.80000001192092896,11.185099113,27.028019774000001,27.312039791
393,O,oap1,-0.80000001192092896,21.368744314000001,26.839331003000002,7.7960882490000003
394,O,oap1,-0.80000001192092896,21.251040855999999,26.836617908000001,14.534492952000001
395,O,oap1,-0.80000001192092896,21.372763529,26.882915901000001,21.656980301000001
396,O,oap1,-0.80000001192092896,21.678589907999999,26.565461979999998,28.500145865
397,O,oap1,-0.80000001192092896,31.076415670999999,26.913322385000001,7.758044355
398,O,oap1,-0.80000001192092896,30.870439937,26.903651329999999,14.820644717
399,O,oap1,-0.80000001192092896,30.758261266000002,26.970651628999999,21.669368069000001
400,O,oap1,-0.80000001192092896,30.632042926,26.785659899999999,28.530010961999999
401,O,oap1,-0.80000001192092896,7.4119595990000002,18.748736431000001,7.631169399
402,O,oap1,-0.80000001192092896,7.3717308780000002,18.608723510000001,14.594144879
403,O,oap1,-0.80000001192092896,7.5054303630000003,18.776711029000001,21.716876152000001
404,O,oap1,-0.80000001192092896,8.4559099159999995,18.546618055,28.498439555000001
405,O,oap1,-0.80000001192092896,16.666321082,18.814855061999999,7.8239993940000003
406,O,oap1,-0.80000001192092896,16.759168935999998,18.710735167999999,14.645216073
407,O,oap1,-0.80000001192092896,16.859588049999999,18.807427122,21.806178334999998
408,O,oap1,-0.80000001192092896,16.478604749999999,18.933295901000001,28.850063365
409,O,oap1,-0.80000001192092896,26.102219728000001,18.454127098000001,7.6321264859999998
410,O,oap1,-0.80000001192092896,26.494980008999999,18.493150603,14.538857761999999
411,O,oap1,-0.80000001192092896,26.509742535000001,18.544317245999999,21.571664443
412,O,oap1,-0.80000001192092896,27.542412613,18.554151611000002,28.511128133
413,O,oap1,-0.80000001192092896,35.591187943999998,18.992084877,7.7967706699999999
414,O,oap1,-0.80000001192092896,35.660288366000003,18.593089769999999,14.705486757999999
415,O,oap1,-0.80000001192092896,35.464530492999998,18.719563854,21.629877219000001
416,O,oap1,-0.80000001192092896,35.298900834000001,18.628504112000002,28.654941161
417,O,oap1,-0.80000001192092896,2.6206155670000002,10.535897325000001,7.7882255980000004
418,O,oap1,-0.80000001192092896,2.6377985060000002,10.562203113000001,14.645115090999999
419,O,oap1,-0.80000001192092896,2.94232928,10.481962355,21.49421942
420,O,oap1,-0.80000001192092896,3.6105575550000002,10.593856396,28.314707307999999
421,O,oap1,-0.80000001192092896,11.970640537,10.626762081000001,7.6912702670000002
422,O,oap1,-0.80000001192092896,11.98224806,10.538231118000001,14.526040155
423,O,oap1,-0.80000001192092896,11.978928311000001,10.506042517999999,21.682396105999999
424,O,oap1,-0.80000001192092896,12.305689084000001,10.298354975000001,28.555437400999999
425,O,oap1,-0.80000001192092896,21.353970467,10.630910769,7.860873615
426,O,oap1,-0.80000001192092896,21.296002350999998,10.629262044000001,14.803163045
427,O,oap1,-0.80000001192092896,21.294207633999999,10.516267845,21.559108582
428,O,oap1,-0.80000001192092896,21.200150820000001,10.246392062,28.483077864999998
429,O,oap1,-0.80000001192092896,31.004870166,10.639881417,7.8559757870000002
430,O,oap1,-0.80000001192092896,30.834584934999999,10.672866387999999,14.818872195999999
431,O,oap1,-0.80000001192092896,30.63038839,10.47337119,21.653260127999999
432,O,oap1,-0.80000001192092896,29.921764708000001,11.583810790999999,28.814267658999999
433,O,oap1,-0.80000001192092896,7.2536889819999999,2.4138502650000002,7.7002739829999998
434,O,oap1,-0.80000001192092896,7.4191550270000004,2.2849931149999998,14.598260584
435,O,oap1,-0.80000001192092896,7.5829608820000001,2.3704227979999999,21.535949738999999
436,O,oap1,-0.80000001192092896,7.9383495289999999,2.0960236069999998,28.396825727
437,O,oap1,-0.80000001192092896,16.920623656,2.3697420729999998,7.5645339099999998
438,O,oap1,-0.80000001192092896,16.549469193,2.4758463960000001,14.632175569999999
439,O,oap1,-0.80000001192092896,16.708972423999999,2.4226561050000002,21.625440383000001
440,O,oap1,-0.80000001192092896,16.628692869000002,4.741683374,29.384623063999999
441,O,oap1,-0.80000001192092896,25.836526515999999,2.826940869,7.925921282
442,O,oap1,-0.80000001192092896,26.130351097999998,2.4499106409999998,14.732704209
443,O,oap1,-0.80000001192092896,26.160767144000001,2.4121856240000001,21.786195845999998
444,O,oap1,-0.80000001192092896,25.594268977999999,2.3343787429999998,28.706941526000001
445,O,oap1,-0.80000001192092896,35.399253055999999,2.509152163,7.7265351239999998
446,O,oap1,-0.80000001192092896,35.609705810000001,2.285660998,14.74185074
447,O,oap1,-0.80000001192092896,35.912730232999998,2.3456779820000002,21.571439011999999
448,O,oap1,-0.80000001192092896,36.151661181000001,2.2393395730000001,28.525437275000002
449,O,oap1,-0.80000001192092896,8.6615803620000005,30.138167881000001,7.6439101100000002
450,O,oap1,-0.80000001192092896,8.6280223629999995,30.035268895000002,14.593695719999999
451,O,oap1,-0.80000001192092896,8.5562408580000007,29.995355807999999,21.552527431000001
452,O,oap1,-0.80000001192092896,8.8134613349999995,30.132469411999999,28.443866572000001
453,O,oap1,-0.80000001192092896,18.190098102,29.688925414,7.6344068270000003
454,O,oap1,-0.80000001192092896,18.078044095999999,29.873128344000001,14.682433258
455,O,oap1,-0.80000001192092896,18.072126576999999,30.074519438999999,21.530259449999999
456,O,oap1,-0.80000001192092896,17.494146192999999,30.763829642000001,28.476531158
457,O,oap1,-0.80000001192092896,27.456703091000001,30.054914262,7.7386240820000003
458,O,oap1,-0.80000001192092896,27.352310509999999,30.034721848,14.685051479
459,O,oap1,-0.80000001192092896,27.231445933,29.881437828999999,21.832168971000002
460,O,oap1,-0.80000001192092896,27.628016664,29.868833878,28.711991762
461,O,oap1,-0.80000001192092896,36.917502003000003,30.000084561000001,7.5267074520000001
462,O,oap1,-0.80000001192092896,36.932184196000001,30.133779022999999,14.696492813000001
463,O,oap1,-0.80000001192092896,36.886411348999999,30.22951076,21.545381273
464,O,oap1,-0.80000001192092896,36.852328665000002,30.874230882999999,27.98527391
465,O,oap1,-0.80000001192092896,3.8637943570000002,22.019644425999999,7.6522123730000002
466,O,oap1,-0.80000001192092896,3.9329755230000001,22.020833435,14.655342581999999
467,O,oap1,-0.80000001192092896,3.8700900530000002,22.080551595999999,21.619787436999999
468,O,oap1,-0.80000001192092896,3.2829990429999998,22.701416689999999,28.388719657999999
469,O,oap1,-0.80000001192092896,13.297329288,21.869031044,7.8011020149999997
470,O,oap1,-0.80000001192092896,13.512975639,21.927809209999999,14.660559164
471,O,oap1,-0.80000001192092896,13.403013001,21.800778336,21.648077384
472,O,oap1,-0.80000001192092896,13.43830829,21.494394252999999,28.713638014000001
473,O,oap1,-0.80000001192092896,22.710318644000001,21.905016202999999,7.5544265770000001
474,O,oap1,-0.80000001192092896,22.655688422000001,21.830307352999998,14.722526686
475,O,oap1,-0.80000001192092896,22.795757942000002,21.877282396999998,21.792211213000002
476,O,oap1,-0.80000001192092896,21.298162317999999,22.760548358000001,28.608171043999999
477,O,oap1,-0.80000001192092896,32.152925809999999,21.612540013,7.9565867389999996
478,O,oap1,-0.80000001192092896,32.077350602000003,21.856208154000001,14.740680614
479,O,oap1,-0.80000001192092896,31.997379284000001,21.735669136999999,21.661511393000001
480,O,oap1,-0.80000001192092896,31.732150672,22.784470407000001,28.611903138999999
481,O,oap1,-0.80000001192092896,8.4205545990000008,13.717462698,7.6856907540000003
482,O,oap1,-0.80000001192092896,8.5861293700000001,13.727110793,14.799339385
483,O,oap1,-0.80000001192092896,8.5690356919999999,13.54207285,21.648675548
484,O,oap1,-0.80000001192092896,8.3907646289999995,14.378693377999999,28.338328186999998
485,O,oap1,-0.80000001192092896,18.063623999000001,13.882296012999999,7.5721691069999997
486,O,oap1,-0.80000001192092896,18.061966477999999,13.776220735000001,14.695899116
487,O,oap1,-0.80000001192092896,17.91475277,13.431139643,21.746845755999999
488,O,oap1,-0.80000001192092896,18.017492506,13.491979978,28.780955642999999
489,O,oap1,-0.80000001192092896,27.524094850000001,13.641354269000001,7.6255497009999997
490,O,oap1,-0.80000001192092896,27.444716068999998,13.994814201000001,14.521434170999999
491,O,oap1,-0.80000001192092896,27.377607271999999,13.700134661,21.567161698
492,O,oap1,-0.80000001192092896,27.767357276999999,13.512865692,28.570413029000001
493,O,oap1,-0.80000001192092896,37.032100546999999,13.350889438999999,7.7530189490000003
494,O,oap1,-0.80000001192092896,36.821992107,13.701549236,14.713904658000001
495,O,oap1,-0.80000001192092896,36.624720001999997,13.790030727,21.843023627000001
496,O,oap1,-0.80000001192092896,35.587270074999999,13.982402467,28.847737114000001
497,O,oap1,-0.80000001192092896,3.8535959719999999,5.6635505330000004,7.5949672770000003
498,O,oap1,-0.80000001192092896,3.8432969840000002,5.6582537320000004,14.742124452000001
499,O,oap1,-0.80000001192092896,3.9089514969999999,5.8925163639999996,21.590779876999999
500,O,oap1,-0.80000001192092896,3.495356181,6.407003424,28.588231549
501,O,oap1,-0.80000001192092896,13.181764381000001,5.3951387009999996,7.9643749939999999
502,O,oap1,-0.80000001192092896,13.333360994,5.5145155319999999,14.650117294999999
503,O,oap1,-0.80000001192092896,13.365011232000001,5.4936960680000002,21.718878191000002
504,O,oap1,-0.80000001192092896,13.59577788,5.333284066,28.621231598000001
505,O,oap1,-0.80000001192092896,22.846245025000002,5.6307201640000004,7.7099399819999999
506,O,oap1,-0.80000001192092896,22.761660098,5.4438031459999996,14.728877840000001
507,O,oap1,-0.80000001192092896,22.627770202000001,5.6634898429999998,21.536492376000002
508,O,oap1,-0.80000001192092896,20.615807539999999,3.9879612290000002,28.920648625999998
509,O,oap1,-0.80000001192092896,32.219537479000003,5.4222017640000004,7.6455439549999999
510,O,oap1,-0.80000001192092896,32.026644611999998,5.6564748480000002,14.727559727999999
511,O,oap1,-0.80000001192092896,31.960414910000001,5.4066038020000002,21.694649415000001
512,O,oap1,-0.80000001192092896,31.755277017000001,6.2809103119999996,28.403643266
513,O,oap1,-0.80000001192092896,7.4245253340000001,25.287682540999999,7.4728749429999999
514,O,oap1,-0.80000001192092896,7.3974031599999996,25.257113044,14.592367014000001
515,O,oap1,-0.80000001192092896,7.5521101980000003,25.282562907999999,21.498042011999999
516,O,oap1,-0.80000001192092896,6.883633412,24.788956261999999,28.528523736
517,O,oap1,-0.80000001192092896,17.306496686999999,25.469415166000001,7.7706201940000001
518,O,oap1,-0.80000001192092896,17.039515876999999,25.59820624,14.720446814000001
519,O,oap1,-0.80000001192092896,17.086975173999999,25.421026532999999,21.718010134
520,O,oap1,-0.80000001192092896,17.209944334999999,23.844068483000001,28.725372775
521,O,oap1,-0.80000001192092896,26.423878325,25.630875455999998,7.6952266619999996
522,O,oap1,-0.80000001192092896,26.444604059,25.580486327999999,14.653087933
523,O,oap1,-0.80000001192092896,26.362512916,25.561349184000001,21.601970999999999
524,O,oap1,-0.80000001192092896,26.303764511000001,25.642986837999999,28.572544122
525,O,oap1,-0.80000001192092896,36.145354728999997,25.404815116999998,7.9974755630000001
526,O,oap1,-0.80000001192092896,35.958241940999997,25.52266668,14.920199281
527,O,oap1,-0.80000001192092896,35.921097961000001,25.402713420000001,21.744154593000001
528,O,oap1,-0.80000001192092896,35.376047772,25.115645675,28.518581559000001
529,O,oap1,-0.80000001192092896,3.0984074879999999,17.401190459999999,7.7632054510000001
530,O,oap1,-0.80000001192092896,2.7937026399999998,17.317094764,14.794200503000001
531,O,oap1,-0.80000001192092896,3.0200178439999998,17.349903859000001,21.724415731000001
532,O,oap1,-0.80000001192092896,2.8813320710000001,17.385828234000002,28.499606467
533,O,oap1,-0.80000001192092896,12.335520882000001,17.215095691999998,7.6695381100000004
534,O,oap1,-0.80000001192092896,12.444044879,17.354377844999998,14.706147892000001
535,O,oap1,-0.80000001192092896,12.303305287000001,17.433860453000001,21.558672696999999
536,O,oap1,-0.80000001192092896,12.335929697999999,17.560850511999998,28.570078220999999
537,O,oap1,-0.80000001192092896,21.954888630999999,17.233387736000001,7.7885281949999996
538,O,oap1,-0.80000001192092896,21.922769679999998,17.329228114999999,14.816615782
539,O,oap1,-0.80000001192092896,21.977994261999999,17.337774961000001,21.828509961999998
540,O,oap1,-0.80000001192092896,21.351112892,16.788215272999999,28.437561096
541,O,oap1,-0.80000001192092896,31.343284191999999,17.221938443999999,7.8887781749999997
542,O,oap1,-0.80000001192092896,30.854159015,17.038065974999999,14.633714959000001
543,O,oap1,-0.80000001192092896,31.082429366,17.166768887,21.679527839999999
544,O,oap1,-0.80000001192092896,30.733809476000001,16.298311177999999,28.494696142999999
545,O,oap1,-0.80000001192092896,7.4632081899999996,9.273625827,7.6630839069999999
546,O,oap1,-0.80000001192092896,7.3913678029999996,9.1728005889999995,14.647246634
547,O,oap1,-0.80000001192092896,7.4929118800000003,9.0486398260000005,21.607889768
548,O,oap1,-0.80000001192092896,7.2650201650000001,9.0832016029999991,28.358213065000001
549,O,oap1,-0.80000001192092896,17.120609815000002,8.9824696910000004,7.6443722919999999
550,O,oap1,-0.80000001192092896,16.964982335999998,9.3802172200000005,14.537321469
551,O,oap1,-0.80000001192092896,17.084512460999999,9.2050259089999997,21.488420176000002
552,O,oap1,-0.80000001192092896,17.108068367000001,9.3654934010000002,28.817920351000001
553,O,oap1,-0.80000001192092896,26.672533762,9.022976581,7.8025008140000001
554,O,oap1,-0.80000001192092896,26.575268588,9.1444969139999994,14.802399404999999
555,O,oap1,-0.80000001192092896,26.480236053999999,8.9890548849999998,21.797613628000001
556,O,oap1,-0.80000001192092896,26.298524562000001,9.3408678760000008,28.678043234
557,O,oap1,-0.80000001192092896,36.047206223000003,9.0325202759999996,7.8132689820000003
558,O,oap1,-0.80000001192092896,35.751319315000003,9.0780275190000008,14.767109324
559,O,oap1,-0.80000001192092896,35.846567725,9.1417848799999994,21.783295436
560,O,oap1,-0.80000001192092896,35.448550650000001,8.9558246490000002,28.457841952999999
561,O,oap1,-0.80000001192092896,2.988760718,0.92107231300000003,7.8021294259999996
562,O,oap1,-0.80000001192092896,3.016252787,1.008594727,14.839687503
563,O,oap1,-0.80000001192092896,2.7698922910000001,0.894595798,21.826844089000002
564,O,oap1,-0.80000001192092896,2.6197130369999999,0.57110444199999999,28.425086557
565,O,oap1,-0.80000001192092896,12.339649640999999,1.0241813799999999,7.6539266420000001
566,O,oap1,-0.80000001192092896,12.179443397,0.88694271499999999,14.643823418
567,O,oap1,-0.80000001192092896,12.388214881,0.92939325800000006,21.743982078999998
568,O,oap1,-0.80000001192092896,12.370627602000001,1.1761056240000001,28.940223760999999
569,O,oap1,-0.80000001192092896,21.643211220000001,1.1019843170000001,7.7048938949999997
570,O,oap1,-0.80000001192092896,21.742594945,1.1575660379999999,14.803534299000001
571,O,oap1,-0.80000001192092896,21.639430863000001,1.139277037,21.636007914
572,O,oap1,-0.80000001192092896,21.673502499000001,1.312960978,28.57896371
573,O,oap1,-0.80000001192092896,31.033881717,0.84016283999999997,7.7759545250000004
574,O,oap1,-0.80000001192092896,31.242107423,1.004573385,14.862651988
575,O,oap1,-0.80000001192092896,31.433433363999999,0.88357308199999995,21.869644465
576,O,oap1,-0.80000001192092896,31.249894596000001,-0.085750616000000002,28.922527151000001
577,O,oap1,-0.80000001192092896,1.929570102,30.702526072000001,4.1079789780000002
578,O,oap1,-0.80000001192092896,2.2332407179999998,30.824598878,11.305830284000001
579,O,oap1,-0.80000001192092896,2.0884240250000001,30.849849622000001,18.149660778000001
580,O,oap1,-0.80000001192092896,1.469365195,30.647748059000001,25.153520627999999
581,O,oap1,-0.80000001192092896,11.099043873999999,30.963205879,3.9763676929999998
582,O,oap1,-0.80000001192092896,11.310805417999999,30.808495270000002,11.106800335000001
583,O,oap1,-0.80000001192092896,11.560895803999999,30.851578924999998,18.083337589999999
584,O,oap1,-0.80000001192092896,11.368233245000001,30.851923849999999,24.970468353000001
585,O,oap1,-0.80000001192092896,21.110503213000001,30.546489549,4.0833161550000003
586,O,oap1,-0.80000001192092896,20.899829059000002,30.851367598,11.077791285
587,O,oap1,-0.80000001192092896,20.860839008999999,30.753011594,18.200857927000001
588,O,oap1,-0.80000001192092896,20.830590388000001,30.788024578000002,25.110852852000001
589,O,oap1,-0.80000001192092896,30.837550012000001,30.050228305000001,3.9972761370000001
590,O,oap1,-0.80000001192092896,30.342228068000001,30.723362255000001,11.316408426000001
591,O,oap1,-0.80000001192092896,30.363607188,30.861439642000001,18.182243515
592,O,oap1,-0.80000001192092896,30.198227833000001,30.799632086999999,25.044320545000001
593,O,oap1,-0.80000001192092896,7.8102503260000002,21.020197324000002,3.2413672670000002
594,O,oap1,-0.80000001192092896,6.8603736270000004,22.700753847000001,11.24204683
595,O,oap1,-0.80000001192092896,6.7810554329999997,22.65432989,18.153536541000001
596,O,oap1,-0.80000001192092896,6.4212728840000004,22.529339146000002,25.080281285000002
597,O,oap1,-0.80000001192092896,16.422927351999999,22.397740810999998,4.2399066049999998
598,O,oap1,-0.80000001192092896,16.170289329999999,22.640896025,11.142515679000001
599,O,oap1,-0.80000001192092896,16.184998627999999,22.615503029999999,18.084071944000002
600,O,oap1,-0.80000001192092896,15.779152074000001,22.419619515000001,24.966942672999998
601,O,oap1,-0.80000001192092896,25.920111295000002,22.533208488,4.314688275
602,O,oap1,-0.80000001192092896,25.620342213000001,22.446100417,11.409284252999999
603,O,oap1,-0.80000001192092896,25.388531073999999,22.477717733999999,18.257161942
604,O,oap1,-0.80000001192092896,25.708951623000001,22.690349083000001,25.238987929
605,O,oap1,-0.80000001192092896,35.240953457000003,22.700118882999998,4.4404305879999999
606,O,oap1,-0.80000001192092896,35.152167224000003,22.692916077,11.291635241
607,O,oap1,-0.80000001192092896,34.848442364,22.514072301999999,18.131135836999999
608,O,oap1,-0.80000001192092896,35.030975902000002,22.658956275000001,25.011164208
609,O,oap1,-0.80000001192092896,2.2775442180000001,14.670415045,4.2332630489999996
610,O,oap1,-0.80000001192092896,2.2905240980000001,14.408322179000001,11.244103062000001
611,O,oap1,-0.80000001192092896,1.9833513149999999,14.426845584,18.247684081999999
612,O,oap1,-0.80000001192092896,2.0433796260000001,14.448570504999999,25.257356557000001
613,O,oap1,-0.80000001192092896,11.702117372,14.402607926,4.3949890739999997
614,O,oap1,-0.80000001192092896,11.559466262999999,14.5375496,11.121045899
615,O,oap1,-0.80000001192092896,11.512008412,14.616055443,18.199924856999999
616,O,oap1,-0.80000001192092896,11.563280674,14.510315561000001,25.15384285
617,O,oap1,-0.80000001192092896,21.29237878,14.146523289999999,4.2698950570000003
618,O,oap1,-0.80000001192092896,20.998537378999998,14.286066108,11.289926830000001
619,O,oap1,-0.80000001192092896,21.00031675,14.305806828,18.121685385999999
620,O,oap1,-0.80000001192092896,20.796899700000001,14.282853942999999,25.216705652000002
621,O,oap1,-0.80000001192092896,30.320076737000001,14.548786636999999,4.282323012
622,O,oap1,-0.80000001192092896,30.174027456000001,14.581929337,11.151808472000001
623,O,oap1,-0.80000001192092896,30.071323128,14.431169011,17.985567446000001
624,O,oap1,-0.80000001192092896,29.719636750999999,14.559734104,24.684568132999999
625,O,oap1,-0.80000001192092896,6.4235814219999998,6.5147309819999997,4.0648860830000002
626,O,oap1,-0.80000001192092896,6.7658641069999996,6.29369888,11.249012622
627,O,oap1,-0.80000001192092896,6.685312337,6.3415159000000001,18.101303155
628,O,oap1,-0.80000001192092896,6.1654750759999999,6.3729283910000003,24.918451495999999
629,O,oap1,-0.80000001192092896,16.428716245,6.3489478699999999,4.4284167139999999
630,O,oap1,-0.80000001192092896,16.231407837999999,6.3017999480000002,11.155667407999999
631,O,oap1,-0.80000001192092896,16.057576109999999,6.41683191,18.143926016999998
632,O,oap1,-0.80000001192092896,16.544428744000001,6.3820740330000003,25.253736884999999
633,O,oap1,-0.80000001192092896,26.721515070999999,4.9003057840000004,3.1459270359999998
634,O,oap1,-0.80000001192092896,25.506744648000002,6.1218919999999999,11.294539586000001
635,O,oap1,-0.80000001192092896,25.394920283000001,6.2691132390000002,18.141820102000001
636,O,oap1,-0.80000001192092896,25.386551698000002,6.3263254209999999,25.280957885999999
637,O,oap1,-0.80000001192092896,35.002698457999998,6.415624963,4.2071176780000004
638,O,oap1,-0.80000001192092896,35.185515592999998,6.126290193,11.301046447999999
639,O,oap1,-0.80000001192092896,35.129853767,6.2924855129999999,18.13086045
640,O,oap1,-0.80000001192092896,35.127691149999997,6.3167134779999996,25.155956584999998
641,O,oap1,-0.80000001192092896,5.5476898520000004,27.710195637999998,4.2529867560000003
642,O,oap1,-0.80000001192092896,5.6183888230000001,27.224643852,11.149730878
643,O,oap1,-0.80000001192092896,5.5414300179999998,27.543140008999998,18.181197940000001
644,O,oap1,-0.80000001192092896,5.5831878870000002,27.141997145000001,25.036535766
645,O,oap1,-0.80000001192092896,15.763184496999999,29.426118857999999,3.26667532
646,O,oap1,-0.80000001192092896,15.078338379,27.680097320000002,11.234771483999999
647,O,oap1,-0.80000001192092896,14.944400689,27.743346869,18.211115938999999
648,O,oap1,-0.80000001192092896,16.139874473999999,27.207652790000001,25.172930379
649,O,oap1,-0.80000001192092896,24.587620136999998,28.093994133999999,3.9826127219999998
650,O,oap1,-0.80000001192092896,24.249962762999999,27.591566844999999,11.1372953
651,O,oap1,-0.80000001192092896,24.330237518000001,27.547927130000001,18.152460886
652,O,oap1,-0.80000001192092896,24.511733656000001,27.311565007999999,25.200587761000001
653,O,oap1,-0.80000001192092896,33.880994274000003,28.50484458,3.696320176
654,O,oap1,-0.80000001192092896,33.525842232999999,27.698762426999998,11.259488713
655,O,oap1,-0.80000001192092896,33.699804776000001,27.742520501000001,18.203070489000002
656,O,oap1,-0.80000001192092896,33.822162626999997,27.722921771999999,25.121085688000001
657,O,oap1,-0.80000001192092896,1.4111124340000001,20.640190727,3.6195465090000001
658,O,oap1,-0.80000001192092896,0.63134622900000004,19.427467382,11.20695501
659,O,oap1,-0.80000001192092896,0.89390469400000006,19.431598280999999,18.193963427
660,O,oap1,-0.80000001192092896,0.74353022899999999,19.445357782999999,25.204357906999999
661,O,oap1,-0.80000001192092896,11.164956764999999,20.876735971999999,3.63183626
662,O,oap1,-0.80000001192092896,10.303559330000001,19.382387822999998,11.172962570999999
663,O,oap1,-0.80000001192092896,10.31232075,19.419796568999999,18.130342701
664,O,oap1,-0.80000001192092896,10.445879308,18.989286766999999,24.851444066999999
665,O,oap1,-0.80000001192092896,19.380223062999999,19.497324932000001,4.3216274859999997
666,O,oap1,-0.80000001192092896,19.644875925000001,19.386166563,11.355265518
667,O,oap1,-0.80000001192092896,19.706665996000002,19.314778198999999,18.358384289
668,O,oap1,-0.80000001192092896,19.822053235999999,19.647481168999999,25.353475352
669,O,oap1,-0.80000001192092896,28.989027278999998,19.196920429999999,4.1772927229999999
670,O,oap1,-0.80000001192092896,29.032730844,19.315510068999998,11.119443108
671,O,oap1,-0.80000001192092896,29.040759966,19.263692533,18.043515922000001
672,O,oap1,-0.80000001192092896,29.521695955999999,18.729357320999998,25.056135265999998
673,O,oap1,-0.80000001192092896,5.4919942280000003,11.652862131999999,4.2256565540000004
674,O,oap1,-0.80000001192092896,5.6079009490000002,10.940673414000001,10.955480593000001
675,O,oap1,-0.80000001192092896,5.6311922589999996,11.056663176000001,18.042158745999998
676,O,oap1,-0.80000001192092896,5.5917224980000002,10.868736030999999,24.861510884000001
677,O,oap1,-0.80000001192092896,14.753145498,11.379063222999999,4.3351780169999996
678,O,oap1,-0.80000001192092896,14.931681678,11.343004158999999,11.138616342000001
679,O,oap1,-0.80000001192092896,15.059104727999999,11.148143952,17.99013708
680,O,oap1,-0.80000001192092896,14.931227571000001,11.129292555999999,25.094922815
681,O,oap1,-0.80000001192092896,24.306814851999999,11.610675713999999,4.2314257480000004
682,O,oap1,-0.80000001192092896,24.448759401,11.176979518,11.250648206999999
683,O,oap1,-0.80000001192092896,24.243703756999999,11.098229597,18.267805607
684,O,oap1,-0.80000001192092896,24.250042778000001,11.132954377000001,25.085599171999998
685,O,oap1,-0.80000001192092896,33.601801471999998,11.158345359,4.1184126990000003
686,O,oap1,-0.80000001192092896,33.748264524,11.09537194,11.048425318
687,O,oap1,-0.80000001192092896,33.837125411999999,11.090586310999999,18.242448562
688,O,oap1,-0.80000001192092896,33.552423064999999,11.105140399,25.153325758000001
689,O,oap1,-0.80000001192092896,0.80412682800000002,3.1715127430000001,4.3357369690000001
690,O,oap1,-0.80000001192092896,0.83097473300000002,3.3379206560000001,11.263774573999999
691,O,oap1,-0.80000001192092896,0.92227347900000001,3.219390405,18.18345068
692,O,oap1,-0.80000001192092896,0.85929840300000004,3.1817647469999999,25.222696163999998
693,O,oap1,-0.80000001192092896,10.120496684000001,2.8738694759999999,4.2229552960000003
694,O,oap1,-0.80000001192092896,10.233371556,2.8711661720000001,11.073696764999999
695,O,oap1,-0.80000001192092896,10.319499026000001,2.7153877980000001,18.0012817
696,O,oap1,-0.80000001192092896,10.641487078999999,2.4779804990000001,24.981005988
697,O,oap1,-0.80000001192092896,19.958894498999999,3.676544185,3.9990434339999998
698,O,oap1,-0.80000001192092896,19.520735569999999,3.0164012140000001,11.107490455000001
699,O,oap1,-0.80000001192092896,19.528696897,3.0798171179999998,18.132411335
700,O,oap1,-0.80000001192092896,19.622842909999999,3.022785625,24.961140111999999
701,O,oap1,-0.80000001192092896,28.876286017000002,3.1703474190000001,4.3225546340000003
702,O,oap1,-0.80000001192092896,29.191956620999999,3.0807657389999998,11.306230983000001
703,O,oap1,-0.80000001192092896,28.988256196999998,3.1041432069999999,18.318473625999999
704,O,oap1,-0.80000001192092896,28.865514437000002,3.0762182939999998,25.257951380000002
705,O,oap1,-0.80000001192092896,6.5893529270000002,31.974211585999999,4.2569914430000004
706,O,oap1,-0.80000001192092896,6.7251155039999997,32.380003137000003,11.002459146
707,O,oap1,-0.80000001192092896,6.491236045,32.098371000999997,18.075026813000001
708,O,oap1,-0.80000001192092896,6.4883110869999996,31.982962605000001,25.059081494000001
709,O,oap1,-0.80000001192092896,15.738558265,32.035981145000001,4.2600216299999998
710,O,oap1,-0.80000001192092896,15.791393916000001,32.157192823000003,11.189558985
711,O,oap1,-0.80000001192092896,15.823628427999999,32.104560317000001,18.193361098
712,O,oap1,-0.80000001192092896,15.798880744,32.255960860999998,25.218431460000001
713,O,oap1,-0.80000001192092896,24.705696182000001,31.962957836000001,3.9512393659999998
714,O,oap1,-0.80000001192092896,25.25118221,32.167308298000002,11.102446792
715,O,oap1,-0.80000001192092896,25.335389185,32.260361396999997,18.212715158000002
716,O,oap1,-0.80000001192092896,25.454586036999999,32.224333719000001,25.098414683000001
717,O,oap1,-0.80000001192092896,34.816929811000001,32.061421336000002,4.3947895109999999
718,O,oap1,-0.80000001192092896,34.467463752999997,32.167587771000001,11.215281593
719,O,oap1,-0.80000001192092896,34.996274602,32.280317875999998,18.108283609000001
720,O,oap1,-0.80000001192092896,35.198275111000001,32.335110581000002,24.868087628000001
721,O,oap1,-0.80000001192092896,1.396312741,23.899829110999999,3.9869199540000002
722,O,oap1,-0.80000001192092896,2.1028306419999998,24.159979418999999,11.093619838
723,O,oap1,-0.80000001192092896,1.9906037480000001,23.957093457999999,18.215418553999999
724,O,oap1,-0.80000001192092896,2.275992472,24.325398234000001,24.806902390000001
725,O,oap1,-0.80000001192092896,11.09445348,23.733898655000001,4.2534633030000002
726,O,oap1,-0.80000001192092896,11.290840511000001,23.920751064000001,11.153535983999999
727,O,oap1,-0.80000001192092896,11.280364508,24.144976083,18.183136764
728,O,oap1,-0.80000001192092896,11.045505366,24.259377892,25.428229698999999
729,O,oap1,-0.80000001192092896,18.691181581999999,24.115317321999999,3.4816031089999999
730,O,oap1,-0.80000001192092896,20.614229241,23.857252709000001,11.294907832
731,O,oap1,-0.80000001192092896,21.00664763,24.076346589,17.928475439
732,O,oap1,-0.80000001192092896,20.95447029,24.545224469000001,24.824790603
733,O,oap1,-0.80000001192092896,28.371396931,23.951263358999999,3.5595048729999998
734,O,oap1,-0.80000001192092896,30.128096000999999,24.135977552,11.253382747
735,O,oap1,-0.80000001192092896,29.941854901999999,24.067495090000001,18.260913239000001
736,O,oap1,-0.80000001192092896,30.145220218999999,24.232567498000002,25.03082934
737,O,oap1,-0.80000001192092896,4.7409521569999997,15.673015577999999,2.9748205059999999
738,O,oap1,-0.80000001192092896,6.6432459609999999,15.887884237,11.300741723
739,O,oap1,-0.80000001192092896,6.3223225330000004,15.704968638,18.195284900000001
740,O,oap1,-0.80000001192092896,6.7615546030000004,15.766306781000001,25.018490707000002
741,O,oap1,-0.80000001192092896,14.524105756999999,15.744052152,3.4936255460000001
742,O,oap1,-0.80000001192092896,15.839323245999999,15.854386158000001,11.26754912
743,O,oap1,-0.80000001192092896,15.911025622,15.709398205999999,18.163131182000001
744,O,oap1,-0.80000001192092896,16.051417896,15.811416640999999,24.977416608999999
745,O,oap1,-0.80000001192092896,25.707209331000001,15.721216514,3.8415320720000001
746,O,oap1,-0.80000001192092896,25.716990191000001,16.108973556999999,11.190086374
747,O,oap1,-0.80000001192092896,25.549632232,15.73092714,18.26627379
748,O,oap1,-0.80000001192092896,25.800054135,16.061405242999999,25.08014987
749,O,oap1,-0.80000001192092896,34.680820838000002,15.731831629,4.3331641210000003
750,O,oap1,-0.80000001192092896,34.846725061000001,15.929799055,11.156253469999999
751,O,oap1,-0.80000001192092896,34.765840754999999,15.682704880999999,18.256112291000001
752,O,oap1,-0.80000001192092896,34.665282593999997,16.007335581,25.256094611000002
753,O,oap1,-0.80000001192092896,2.1217361650000002,7.5255101240000002,4.0666629099999998
754,O,oap1,-0.80000001192092896,2.0385575309999999,7.8905903520000003,11.057396554
755,O,oap1,-0.80000001192092896,1.8584569550000001,7.569138981,18.273961937999999
756,O,oap1,-0.80000001192092896,2.0384131779999999,8.0262372400000004,25.060334202
757,O,oap1,-0.80000001192092896,11.077943039999999,7.5984114360000001,4.383380023
758,O,oap1,-0.80000001192092896,11.158990892,7.8072921610000003,11.230878977
759,O,oap1,-0.80000001192092896,11.095123121,7.7514763230000003,18.307897235999999
760,O,oap1,-0.80000001192092896,11.098796214,7.7094557869999996,25.30623516
761,O,oap1,-0.80000001192092896,20.569442760000001,7.4859857600000002,4.2862410430000004
762,O,oap1,-0.80000001192092896,20.615547967000001,7.588520172,11.170565734
763,O,oap1,-0.80000001192092896,20.543257395000001,7.581910583,18.012810314999999
764,O,oap1,-0.80000001192092896,20.616843579000001,7.5427442789999999,24.944824028999999
765,O,oap1,-0.80000001192092896,30.215093401000001,7.5771114769999999,4.2421330209999999
766,O,oap1,-0.80000001192092896,30.006767404000001,7.5142278899999999,11.160629806999999
767,O,oap1,-0.80000001192092896,30.084992835000001,7.601192545,18.144157232000001
768,O,oap1,-0.80000001192092896,30.483750036,8.0499814989999994,24.760836261000001
769,Ca,ca+h,1.5,28.270372567999999,21.880260506999999,1.2496635220000001
770,Ca,ca+h,1.5,-0.065187909000000002,27.388649450999999,8.1929971350000006
771,Ca,ca+h,1.5,-0.157030857,27.424846791,15.271313287
772,Ca,ca+h,1.5,-0.079564484000000005,27.215025485999998,22.070473057000001
773,Ca,ca+h,1.5,4.6933252510000001,13.799635445,1.384425397
774,Ca,ca+h,1.5,9.5241024270000008,27.244302875999999,8.1161974990000001
775,Ca,ca+h,1.5,9.4232057719999993,27.618792418999998,15.184101740999999
776,Ca,ca+h,1.5,9.3922837950000009,27.28712728,22.210607988
777,Ca,ca+h,1.5,23.505068574999999,13.903135401,1.2430390769999999
778,Ca,ca+h,1.5,18.902394134000001,27.350008600999999,8.1500149579999999
779,Ca,ca+h,1.5,18.804307036000001,27.556830258000002,15.176757749
780,Ca,ca+h,1.5,18.881562531,27.456078895000001,22.019539499
781,Ca,ca+h,1.5,14.04162732,19.17219326,28.988807171000001
782,Ca,ca+h,1.5,28.264789954000001,27.590342958000001,8.1273836209999999
783,Ca,ca+h,1.5,28.284429459999998,27.406491817999999,15.144304022
784,Ca,ca+h,1.5,28.165514554000001,27.609850891000001,22.091063515999998
785,Ca,ca+h,1.5,-0.20113272600000001,27.262097181000001,1.3198171009999999
786,Ca,ca+h,1.5,4.6047932439999997,19.306389491000001,8.2739829769999993
787,Ca,ca+h,1.5,4.8396987009999997,19.212313262999999,15.32155562
788,Ca,ca+h,1.5,4.7402059149999998,19.108681785000002,22.180047680000001
789,Ca,ca+h,1.5,14.042172992999999,3.0600985540000001,29.158651245000001
790,Ca,ca+h,1.5,14.185377987000001,19.379795218000002,8.1929102549999993
791,Ca,ca+h,1.5,14.220001290000001,19.281337978,15.202285395000001
792,Ca,ca+h,1.5,14.129081837999999,19.130436800999998,22.033363732000002
793,Ca,ca+h,1.5,28.202542115,5.6907744439999997,1.4565838470000001
794,Ca,ca+h,1.5,23.463041897,19.192806352000002,8.233122968
795,Ca,ca+h,1.5,23.648326575999999,19.243116007000001,15.285956541999999
796,Ca,ca+h,1.5,23.551035258999999,19.18794918,22.212693468000001
797,Ca,ca+h,1.5,33.243501813000002,13.723665648000001,28.982326825000001
798,Ca,ca+h,1.5,33.090955895999997,19.369678009000001,8.1659049469999996
799,Ca,ca+h,1.5,32.890680238999998,19.190378356,15.187324047000001
800,Ca,ca+h,1.5,33.146485820000002,19.427032573999998,22.057120909999998
801,Ca,ca+h,1.5,32.966611336,13.921404941,1.3963165369999999
802,Ca,ca+h,1.5,0.038353576,11.159622239999999,8.1670656299999997
803,Ca,ca+h,1.5,-0.0056730000000000001,11.109745017,15.288406392000001
804,Ca,ca+h,1.5,-0.083708371000000004,11.257511209,22.250568019999999
805,Ca,ca+h,1.5,0.14917191599999999,5.6984473659999999,1.47624712
806,Ca,ca+h,1.5,9.5139642819999999,11.259373901,8.1222250159999998
807,Ca,ca+h,1.5,9.5407900540000004,11.227578898999999,15.113843727000001
808,Ca,ca+h,1.5,9.5025480659999992,11.161448196,22.111373128
809,Ca,ca+h,1.5,18.926017235,5.6994685760000001,29.365223261000001
810,Ca,ca+h,1.5,18.891071504999999,11.002143836,8.1823709729999994
811,Ca,ca+h,1.5,18.841349305000001,11.029535995,15.033091445
812,Ca,ca+h,1.5,18.690739348000001,11.020144149,22.091929972999999
813,Ca,ca+h,1.5,37.870600066999998,5.7205531870000002,29.007556815000001
814,Ca,ca+h,1.5,28.218262829,11.065004668,8.1614686879999994
815,Ca,ca+h,1.5,28.226791397,10.87097696,15.194364452
816,Ca,ca+h,1.5,28.206408476,10.868801351,21.990224369
817,Ca,ca+h,1.5,28.270519845999999,27.598174145000002,1.4310357
818,Ca,ca+h,1.5,4.6653884010000004,3.0039662809999998,8.1468235940000007
819,Ca,ca+h,1.5,4.6668586599999999,2.944703574,15.17893033
820,Ca,ca+h,1.5,4.71984125,2.8988499509999999,22.261554958000001
821,Ca,ca+h,1.5,14.314400923000001,19.434672079999999,1.2105269620000001
822,Ca,ca+h,1.5,14.110254238,3.0739577069999999,8.1442668830000002
823,Ca,ca+h,1.5,14.117085694,3.0013549890000002,15.166309870999999
824,Ca,ca+h,1.5,14.179914393000001,3.0394352499999999,22.038018175000001
825,Ca,ca+h,1.5,23.333917781,3.0022077020000002,1.308025816
826,Ca,ca+h,1.5,23.396831922000001,2.7864935260000001,8.2431504790000005
827,Ca,ca+h,1.5,23.505040919999999,3.0813232089999998,15.142053617
828,Ca,ca+h,1.5,23.519240367999998,3.027890738,22.198656079999999
829,Ca,ca+h,1.5,4.8078407580000002,29.992283746999998,1.2991812190000001
830,Ca,ca+h,1.5,32.964550434000003,2.8104854650000002,8.1525692589999998
831,Ca,ca+h,1.5,32.854263510000003,2.9640359520000001,15.177961166999999
832,Ca,ca+h,1.5,32.921063308000001,2.9918523929999998,22.077243058000001
833,Ca,ca+h,1.5,4.7434322519999998,30.094406833000001,4.8295263860000004
834,Ca,ca+h,1.5,4.7430928970000004,30.400725491999999,11.655698696
835,Ca,ca+h,1.5,4.7022775409999999,30.230425089000001,18.72654571
836,Ca,ca+h,1.5,4.8849994499999996,30.194216901000001,25.711765549999999
837,Ca,ca+h,1.5,14.187710782,30.305838187999999,4.7075090060000004
838,Ca,ca+h,1.5,14.384326379000001,30.258137367,11.693923338999999
839,Ca,ca+h,1.5,14.242640398000001,30.266394079000001,18.630444653000001
840,Ca,ca+h,1.5,13.720922319,30.277296783000001,25.696568384999999
841,Ca,ca+h,1.5,23.371694469000001,30.084320374000001,4.5995231050000003
842,Ca,ca+h,1.5,23.533396747000001,30.177201426,11.675347757999999
843,Ca,ca+h,1.5,23.358504409999998,30.260252993999998,18.760919822000002
844,Ca,ca+h,1.5,23.455809887000001,30.075376799000001,25.825219049000001
845,Ca,ca+h,1.5,33.046047721000001,30.401088652999999,4.8349977219999998
846,Ca,ca+h,1.5,32.831384831999998,30.269949529000002,11.701746066
847,Ca,ca+h,1.5,32.840219294999997,30.097859552999999,18.776945622
848,Ca,ca+h,1.5,33.18720106,30.024364855999998,25.4062287
849,Ca,ca+h,1.5,-0.012916966,22.103120722,4.675931265
850,Ca,ca+h,1.5,-0.085088585999999994,22.089140143000002,11.753760229999999
851,Ca,ca+h,1.5,-0.022936267999999999,21.857183265,18.717950516999998
852,Ca,ca+h,1.5,-0.24511756900000001,21.573858765000001,25.66876122
853,Ca,ca+h,1.5,9.6146616680000001,21.963639440000001,4.7367824839999999
854,Ca,ca+h,1.5,9.6923514320000006,21.967190965,11.626529006
855,Ca,ca+h,1.5,9.720628477,22.052657643,18.580162133999998
856,Ca,ca+h,1.5,9.6085491820000009,22.127270332999998,25.620926179000001
857,Ca,ca+h,1.5,18.832581579999999,21.944974833,4.6961939429999999
858,Ca,ca+h,1.5,18.852066164,22.062465809999999,11.772053243
859,Ca,ca+h,1.5,18.819320774000001,21.977212245,18.810557679999999
860,Ca,ca+h,1.5,18.838682805000001,21.680467497999999,25.721377200999999
861,Ca,ca+h,1.5,28.203800821000002,21.748387123000001,4.783837546
862,Ca,ca+h,1.5,28.212467822000001,21.995880163999999,11.731361922
863,Ca,ca+h,1.5,28.220525000999999,22.040466505000001,18.747592428000001
864,Ca,ca+h,1.5,28.103682682999999,22.337845809000001,25.747058756000001
865,Ca,ca+h,1.5,4.6923912410000002,13.878162605,4.8494838150000001
866,Ca,ca+h,1.5,4.7186560320000002,13.888955383000001,11.740859565999999
867,Ca,ca+h,1.5,4.7201126630000001,13.919239832000001,18.592321031000001
868,Ca,ca+h,1.5,4.6837149120000001,14.176480851000001,25.595765089
869,Ca,ca+h,1.5,14.175474339000001,13.623580664,4.5700076660000004
870,Ca,ca+h,1.5,14.155917487,13.843789425000001,11.617977045
871,Ca,ca+h,1.5,14.289031429,13.919914312,18.648121911
872,Ca,ca+h,1.5,14.017958188,13.919683517999999,25.794810189
873,Ca,ca+h,1.5,23.616276993,13.808958271,4.7254586349999999
874,Ca,ca+h,1.5,23.562579512999999,13.522055625,11.735328158
875,Ca,ca+h,1.5,23.350474118000001,13.550020590999999,18.615586179000001
876,Ca,ca+h,1.5,23.762228700000001,13.608144531000001,25.844062198
877,Ca,ca+h,1.5,33.040173355999997,13.77700012,4.8127040340000002
878,Ca,ca+h,1.5,32.903496136999998,13.953081832000001,11.677322307000001
879,Ca,ca+h,1.5,32.943728307999997,13.808413194,18.694582760999999
880,Ca,ca+h,1.5,32.795623745999997,14.141036774,25.572291335999999
881,Ca,ca+h,1.5,0.036091129,5.6825202519999998,4.8111784100000001
882,Ca,ca+h,1.5,-0.192098567,5.5525704649999996,11.678557483000001
883,Ca,ca+h,1.5,0.091638532999999994,5.7840266939999996,18.668494514999999
884,Ca,ca+h,1.5,-0.168386657,5.740493539,25.736773195000001
885,Ca,ca+h,1.5,9.5278568240000006,5.7314902290000003,4.8824658510000001
886,Ca,ca+h,1.5,9.3392322659999998,5.8793572730000001,11.650345788999999
887,Ca,ca+h,1.5,9.4132265949999994,5.905112398,18.765852152000001
888,Ca,ca+h,1.5,9.4681324290000006,5.9138255879999999,25.789278292999999
889,Ca,ca+h,1.5,18.907588215000001,5.7198296480000002,4.4488616429999999
890,Ca,ca+h,1.5,18.739414075999999,5.8413813550000002,11.603782081
891,Ca,ca+h,1.5,18.745910022,5.5979209599999997,18.629508369
892,Ca,ca+h,1.5,18.887259681,5.7817082810000002,25.654779297000001
893,Ca,ca+h,1.5,28.286849366999999,5.6784411309999996,4.8605037859999998
894,Ca,ca+h,1.5,28.264627320999999,5.6060178059999997,11.70112741
895,Ca,ca+h,1.5,28.202681021,5.691441609,18.801275679
896,Ca,ca+h,1.5,27.894119441000001,5.6393709630000002,25.812570606000001
897,Ca,ca+h,1.5,4.8515799340000001,30.269224995999998,8.3946380959999995
898,Ca,ca+h,1.5,4.590379639,30.277721894999999,15.255508663000001
899,Ca,ca+h,1.5,4.7749268689999997,30.029618348,22.324428934
900,Ca,ca+h,1.5,27.691996459999999,11.176904065,29.205360756000001
901,Ca,ca+h,1.5,14.083061204,30.131247608999999,8.2004089439999994
902,Ca,ca+h,1.5,13.986337544,30.276885610000001,15.16609047
903,Ca,ca+h,1.5,14.195403281000001,30.297275521,22.21488729
904,Ca,ca+h,1.5,23.316046158999999,2.9558729819999998,28.971737242
905,Ca,ca+h,1.5,23.470591333000002,30.233754512000001,8.1044264409999993
906,Ca,ca+h,1.5,23.549938925999999,30.263643936000001,15.307356314
907,Ca,ca+h,1.5,23.528353146000001,30.250394119999999,22.394763830999999
908,Ca,ca+h,1.5,28.510902458,21.64525677,29.093142789000002
909,Ca,ca+h,1.5,32.797994846000002,30.188404195,8.198948648
910,Ca,ca+h,1.5,32.974529529999998,30.352003806999999,15.230010366
911,Ca,ca+h,1.5,33.211561865999997,30.301512856999999,22.156033867000001
912,Ca,ca+h,1.5,9.4442737870000002,5.6785745390000004,1.456275808
913,Ca,ca+h,1.5,0.022156370000000002,21.910009500000001,8.2412388589999992
914,Ca,ca+h,1.5,0.042551042999999997,22.110535003999999,15.224668297999999
915,Ca,ca+h,1.5,0.11499237,22.006179149000001,22.189391018999999
916,Ca,ca+h,1.5,9.5983034220000008,21.999082180999999,1.230877161
917,Ca,ca+h,1.5,9.4433184640000007,22.094349071,8.2624856789999992
918,Ca,ca+h,1.5,9.5162395899999996,22.110968783000001,15.128908011
919,Ca,ca+h,1.5,9.4598866630000007,22.023465592000001,22.170508448
920,Ca,ca+h,1.5,14.356445464,29.758114585000001,29.191452351999999
921,Ca,ca+h,1.5,18.891169480999999,22.048106816000001,8.2992228390000005
922,Ca,ca+h,1.5,18.936338989999999,22.026614008999999,15.184163981999999
923,Ca,ca+h,1.5,18.738879624999999,22.295537246999999,22.227745446
924,Ca,ca+h,1.5,19.012315666999999,22.370189492000002,29.110928846
925,Ca,ca+h,1.5,28.244987164000001,21.872508763999999,8.2650117139999999
926,Ca,ca+h,1.5,28.276562386999998,22.024123209999999,15.234850731
927,Ca,ca+h,1.5,28.290647175,21.942049084000001,22.178629871999998
928,Ca,ca+h,1.5,38.067378976000001,22.162319013000001,29.050245583999999
929,Ca,ca+h,1.5,4.6268157820000004,13.85972286,8.3680753630000009
930,Ca,ca+h,1.5,4.7021396959999997,13.912384789000001,15.277962774000001
931,Ca,ca+h,1.5,4.7376000039999999,13.831877958,22.139344612999999
932,Ca,ca+h,1.5,32.977127514000003,30.409702375999998,29.017876515000001
933,Ca,ca+h,1.5,14.117619937000001,13.846113022000001,8.0742794070000006
934,Ca,ca+h,1.5,14.029363807999999,13.786312542999999,15.086662891
935,Ca,ca+h,1.5,14.076045779999999,13.792225842000001,22.194286783999999
936,Ca,ca+h,1.5,4.7819050560000003,13.440446087,28.949744148000001
937,Ca,ca+h,1.5,23.567148624000001,13.930870068999999,8.2633939900000009
938,Ca,ca+h,1.5,23.632056451,13.891962912,15.079494273
939,Ca,ca+h,1.5,23.594709657999999,13.817535040999999,22.183291806
940,Ca,ca+h,1.5,28.298089449999999,27.434541071999998,29.092653943999998
941,Ca,ca+h,1.5,32.729164775999998,13.789525426999999,8.2668394539999994
942,Ca,ca+h,1.5,32.744144691000002,13.723151429,15.207933095
943,Ca,ca+h,1.5,32.891651666999998,13.745613429,22.181190814000001
944,Ca,ca+h,1.5,13.89435405,30.328528090999999,1.2520931930000001
945,Ca,ca+h,1.5,-0.021139557999999999,5.8791221050000004,8.2595214039999991
946,Ca,ca+h,1.5,0.047180785000000003,5.8989430860000001,15.151789895
947,Ca,ca+h,1.5,0.025453071000000001,5.8688063059999998,22.159478136000001
948,Ca,ca+h,1.5,18.888246876,11.153358149000001,29.101477330000002
949,Ca,ca+h,1.5,9.3163941809999997,5.643378105,8.2502798530000003
950,Ca,ca+h,1.5,9.3755446399999993,5.670470517,15.17690541
951,Ca,ca+h,1.5,9.2998440309999992,5.5732448960000003,22.269458825000001
952,Ca,ca+h,1.5,8.9375284770000007,22.035072213999999,28.998550909999999
953,Ca,ca+h,1.5,18.799081098999999,5.6927954300000003,8.1388111869999999
954,Ca,ca+h,1.5,18.736571186999999,5.6350791090000003,15.147409325
955,Ca,ca+h,1.5,18.857566695999999,5.6811070920000004,22.046613960999998
956,Ca,ca+h,1.5,19.155783429,27.700497617,1.1609716210000001
957,Ca,ca+h,1.5,28.314583472999999,5.8256862509999996,8.2703762120000004
958,Ca,ca+h,1.5,28.182777940000001,5.6274043669999996,15.333911165
959,Ca,ca+h,1.5,28.315025116000001,5.5293257919999999,22.187213696000001
960,Ca,ca+h,1.5,4.6944096420000001,19.412500873999999,1.0148224109999999
961,Ca,ca+h,1.5,0.245416673,27.745888341000001,4.729640088
962,Ca,ca+h,1.5,0.105816629,27.581038348,11.882018058
963,Ca,ca+h,1.5,-0.22940142699999999,27.615487276,18.674412675999999
964,Ca,ca+h,1.5,0.149233323,27.495177001999998,25.815668761000001
965,Ca,ca+h,1.5,9.2329536070000007,27.364321004000001,4.4291001110000003
966,Ca,ca+h,1.5,9.4960992359999992,27.391133365999998,11.668343131
967,Ca,ca+h,1.5,9.3858548410000004,27.433479108,18.681299467999999
968,Ca,ca+h,1.5,9.3324530180000007,27.384048144000001,25.925499237
969,Ca,ca+h,1.5,18.782429807,27.225856109999999,4.6289119100000002
970,Ca,ca+h,1.5,18.819133984,27.523790602999998,11.664618675
971,Ca,ca+h,1.5,18.840550747000002,27.422939608,18.567835936000002
972,Ca,ca+h,1.5,18.893294019999999,27.546981801000001,25.870964506
973,Ca,ca+h,1.5,28.294932536000001,27.182272606000002,4.7666053770000003
974,Ca,ca+h,1.5,28.242597951,27.299630798999999,11.75990738
975,Ca,ca+h,1.5,28.286884758999999,27.434728842999998,18.714380357
976,Ca,ca+h,1.5,28.252880393000002,27.426311264999999,25.548899614
977,Ca,ca+h,1.5,4.8377440150000002,19.487240096000001,4.7269221400000001
978,Ca,ca+h,1.5,4.8137711259999998,19.329894964000001,11.727247398999999
979,Ca,ca+h,1.5,4.5446132600000002,19.303053040999998,18.755296826999999
980,Ca,ca+h,1.5,4.8225037139999998,18.849305183999999,25.670935242999999
981,Ca,ca+h,1.5,14.020482868,19.216204770000001,4.6721193909999998
982,Ca,ca+h,1.5,14.276085916,19.477787193000001,11.682763947
983,Ca,ca+h,1.5,14.189428961000001,19.401443325999999,18.646764045000001
984,Ca,ca+h,1.5,13.922694724999999,19.277845805999998,25.601519851999999
985,Ca,ca+h,1.5,23.790212944,19.310074631999999,4.4645553720000004
986,Ca,ca+h,1.5,23.550619995000002,19.270840797999998,11.809352337
987,Ca,ca+h,1.5,23.647726709000001,19.123690595999999,18.81446592
988,Ca,ca+h,1.5,23.563140117,19.249166858999999,25.802639648
989,Ca,ca+h,1.5,33.037000736000003,19.137933347000001,4.5521426610000004
990,Ca,ca+h,1.5,32.942223845000001,19.208731216,11.722883793999999
991,Ca,ca+h,1.5,32.893246701999999,19.361816175000001,18.730947295
992,Ca,ca+h,1.5,33.079951111,19.555336906000001,25.737259698999999
993,Ca,ca+h,1.5,0.18240647400000001,11.021981910999999,4.4346695159999996
994,Ca,ca+h,1.5,0.119098747,11.316438687,11.687200452000001
995,Ca,ca+h,1.5,0.014694754000000001,10.993061881999999,18.783588493
996,Ca,ca+h,1.5,-0.080026708000000002,10.861615533,25.698498597
997,Ca,ca+h,1.5,9.4116632589999991,10.963219196000001,4.5768439519999999
998,Ca,ca+h,1.5,9.3445935599999999,11.304795283000001,11.710107559000001
999,Ca,ca+h,1.5,9.3237232859999999,11.020163184999999,18.608748854000002
1000,Ca,ca+h,1.5,9.4383378649999994,10.926095706,25.768710857999999
1001,Ca,ca+h,1.5,18.834174356999998,11.306259362,4.622285057
1002,Ca,ca+h,1.5,18.727026906999999,11.066299737,11.791445538
1003,Ca,ca+h,1.5,18.948967504999999,11.138285417000001,18.489586767999999
1004,Ca,ca+h,1.5,18.937955950999999,11.180918605,25.593700027000001
1005,Ca,ca+h,1.5,28.539364997,11.181646368999999,4.4972952890000002
1006,Ca,ca+h,1.5,28.306647593000001,11.098568554,11.663508459000001
1007,Ca,ca+h,1.5,28.234983893999999,11.143191238,18.560776378
1008,Ca,ca+h,1.5,28.093103128999999,11.034029001,25.559729899000001
1009,Ca,ca+h,1.5,4.6141292959999998,3.1302207000000002,4.5224629329999999
1010,Ca,ca+h,1.5,4.7424486010000004,2.9895183730000001,11.697467763000001
1011,Ca,ca+h,1.5,4.7389905109999999,2.9641218619999998,18.674150522000001
1012,Ca,ca+h,1.5,4.8251043920000001,3.0341725679999998,25.829344484
1013,Ca,ca+h,1.5,14.002380206,2.7316250289999999,4.6012760500000001
1014,Ca,ca+h,1.5,14.131980923,2.9730198090000002,11.711776128
1015,Ca,ca+h,1.5,14.162093122,3.0081510539999998,18.695389726999998
1016,Ca,ca+h,1.5,14.150949826,2.9864504959999998,25.590953080999999
1017,Ca,ca+h,1.5,23.657096410000001,3.0991088520000001,4.813546068
1018,Ca,ca+h,1.5,23.414767583,3.0349873870000001,11.647930484
1019,Ca,ca+h,1.5,23.657833804999999,2.8767365819999999,18.750229377
1020,Ca,ca+h,1.5,23.436642844000001,2.8246603179999998,25.522591499000001
1021,Ca,ca+h,1.5,32.790469766999998,3.169956768,4.3687278369999998
1022,Ca,ca+h,1.5,32.999433203999999,3.018374707,11.653491241999999
1023,Ca,ca+h,1.5,33.042211928,3.0255265680000001,18.664670126000001
1024,Ca,ca+h,1.5,33.015982737999998,3.084369041,26.021670272000001
1025,Ca,ca+h,1.5,2.4614476179999998,32.943703411999998,3.006693126
1026,Ca,ca+h,1.5,2.3507003399999999,33.167626765999998,10.014806568999999
1027,Ca,ca+h,1.5,2.1554209480000002,33.131108640999997,17.071910748000001
1028,Ca,ca+h,1.5,2.1420373170000002,32.864570127,24.088363060999999
1029,Ca,ca+h,1.5,11.521949354,33.037809648,2.9876620549999999
1030,Ca,ca+h,1.5,11.649407172,32.914513734000003,9.868361384
1031,Ca,ca+h,1.5,11.653020737,33.098183331000001,17.042497277999999
1032,Ca,ca+h,1.5,11.339411875,33.024045520999998,23.788966447
1033,Ca,ca+h,1.5,20.981959417999999,32.852556730000003,3.0515757319999999
1034,Ca,ca+h,1.5,21.119750662000001,33.104188245000003,9.9318118359999996
1035,Ca,ca+h,1.5,21.079811614,33.018156820999998,16.906811382000001
1036,Ca,ca+h,1.5,21.053060791,32.950936145,23.762032962999999
1037,Ca,ca+h,1.5,30.471502063999999,32.915177847000002,3.0041464929999999
1038,Ca,ca+h,1.5,30.517438056,33.027665513999999,10.088179343
1039,Ca,ca+h,1.5,30.640686148,33.056412739999999,17.094936794999999
1040,Ca,ca+h,1.5,30.690991592,32.980010237000002,24.029478848
1041,Ca,ca+h,1.5,6.9906952950000001,24.673411005999998,2.7582265119999998
1042,Ca,ca+h,1.5,6.981931329,24.826105736999999,9.9805935839999993
1043,Ca,ca+h,1.5,7.0568311039999996,24.789690946,17.109493899
1044,Ca,ca+h,1.5,6.9623000700000004,24.737075137000001,24.055409375
1045,Ca,ca+h,1.5,16.500504867,24.739841210000002,2.9603820540000001
1046,Ca,ca+h,1.5,16.456274946000001,24.836620546999999,9.9403162009999999
1047,Ca,ca+h,1.5,16.582739677999999,24.811899341,16.974235038
1048,Ca,ca+h,1.5,16.429449801000001,24.922483112999998,24.035912164999999
1049,Ca,ca+h,1.5,25.933119196,24.751325854000001,3.074295936
1050,Ca,ca+h,1.5,25.918467387,24.857761729,9.9161612300000002
1051,Ca,ca+h,1.5,25.954708458999999,24.882375497000002,16.865552211000001
1052,Ca,ca+h,1.5,25.944649208000001,24.854124603999999,23.993445318999999
1053,Ca,ca+h,1.5,35.193658947999999,24.829186331999999,3.2729069960000001
1054,Ca,ca+h,1.5,35.457661530999999,24.850830496,10.177058787
1055,Ca,ca+h,1.5,35.286016228000001,24.703219916999998,16.994284969999999
1056,Ca,ca+h,1.5,35.630968621000001,24.805506275999999,24.070840456999999
1057,Ca,ca+h,1.5,2.467630008,16.739668469000001,2.981405992
1058,Ca,ca+h,1.5,2.4635656840000002,16.843312151999999,9.9919147739999996
1059,Ca,ca+h,1.5,2.164512384,16.526689594,16.942963431999999
1060,Ca,ca+h,1.5,2.2365277579999998,16.693410502999999,23.743467362000001
1061,Ca,ca+h,1.5,12.216325001,16.506876127999998,3.0725870909999999
1062,Ca,ca+h,1.5,11.873669118,16.677528101,10.056569441000001
1063,Ca,ca+h,1.5,11.807596330999999,16.694133725,16.905576713999999
1064,Ca,ca+h,1.5,11.791346713999999,16.641844292999998,23.747428269
1065,Ca,ca+h,1.5,21.109056554999999,16.796654264000001,3.0603619700000002
1066,Ca,ca+h,1.5,21.329699306999998,16.648480711000001,9.9582882809999997
1067,Ca,ca+h,1.5,21.239844356999999,16.780445475,16.942437384000002
1068,Ca,ca+h,1.5,21.187806292000001,16.485258663,23.926380503000001
1069,Ca,ca+h,1.5,30.586545828999999,16.754335595000001,3.0270645009999999
1070,Ca,ca+h,1.5,30.596288863000002,16.646541632999998,9.9787610139999998
1071,Ca,ca+h,1.5,30.546229137000001,16.657942042999998,17.018494111999999
1072,Ca,ca+h,1.5,30.601811025,16.677375863000002,24.063344581999999
1073,Ca,ca+h,1.5,7.1388658119999997,8.579820067,2.950228595
1074,Ca,ca+h,1.5,7.1187605349999998,8.5568777540000003,9.8684202919999997
1075,Ca,ca+h,1.5,6.9215402660000001,8.4693104600000009,17.040954147000001
1076,Ca,ca+h,1.5,6.9366174139999996,8.4149103780000001,23.870759014000001
1077,Ca,ca+h,1.5,16.548066032000001,8.5606464809999991,2.9034183040000001
1078,Ca,ca+h,1.5,16.370567041000001,8.5030329610000006,9.8663980720000009
1079,Ca,ca+h,1.5,16.317482354999999,8.6605696680000008,16.835299719999998
1080,Ca,ca+h,1.5,16.20867672,8.5422388629999997,23.552713300000001
1081,Ca,ca+h,1.5,25.781945981,8.6147479560000004,3.0837481790000001
1082,Ca,ca+h,1.5,25.802473804000002,8.5425735209999996,9.9717953519999991
1083,Ca,ca+h,1.5,25.824468485000001,8.4821183579999992,16.879911146000001
1084,Ca,ca+h,1.5,25.852888056000001,8.4774806619999996,24.005199452999999
1085,Ca,ca+h,1.5,35.392491587999999,8.5839245599999998,3.0967214850000002
1086,Ca,ca+h,1.5,35.290484020000001,8.6778048069999993,10.022230027999999
1087,Ca,ca+h,1.5,35.230132128999998,8.5760718350000005,17.050924635000001
1088,Ca,ca+h,1.5,35.300170442000002,8.4981265239999999,23.958211718000001
1089,P,pap,1,2.0327875190000002,29.901039849,2.7928794199999998
1090,P,pap,1,2.0884373470000002,29.927185074,10.005730714
1091,P,pap,1,2.0452034600000002,29.958712281,16.909753416000001
1092,P,pap,1,1.9276608310000001,29.642348402,23.971278078000001
1093,P,pap,1,11.376327784000001,29.923932358999998,2.9233128490000002
1094,P,pap,1,11.474954271,29.845831288999999,9.8650502850000006
1095,P,pap,1,11.477821689000001,29.912983258000001,16.912695648
1096,P,pap,1,11.430415336999999,29.90985654,23.829470008000001
1097,P,pap,1,20.616022262000001,29.776149616000001,2.8197369800000001
1098,P,pap,1,20.835333469999998,29.889322407000002,9.8997878299999993
1099,P,pap,1,20.838590454999999,29.861858914999999,16.89117448
1100,P,pap,1,20.920334267000001,29.867600084999999,23.889468639
1101,P,pap,1,29.809312027000001,29.722841900999999,2.8962602940000002
1102,P,pap,1,30.274794913000001,29.847521349000001,10.065092938999999
1103,P,pap,1,30.273657977999999,29.974193428,16.939245273000001
1104,P,pap,1,30.287034555000002,29.907053340000001,23.814342850999999
1105,P,pap,1,6.7666737289999999,21.278408124999999,2.1825409339999999
1106,P,pap,1,6.8716783619999999,21.774910279,10.014527032
1107,P,pap,1,6.8378003520000004,21.640722667999999,16.992583457999999
1108,P,pap,1,6.6674819379999999,21.497832669000001,23.934980337999999
1109,P,pap,1,15.910836923,21.637940815,2.977767718
1110,P,pap,1,16.189338297999999,21.710253287,9.9699222239999994
1111,P,pap,1,16.243316397000001,21.677922239000001,16.904410945999999
1112,P,pap,1,16.080675901999999,21.490561477,23.813783473000001
1113,P,pap,1,25.668015742000001,21.809605361999999,2.9949416169999998
1114,P,pap,1,25.534415505999998,21.694636029000002,10.063501702
1115,P,pap,1,25.557803209999999,21.630686840999999,16.941591880000001
1116,P,pap,1,25.551447419999999,21.755660814999999,24.031336914000001
1117,P,pap,1,34.897637201999999,21.810086249000001,3.2487836950000002
1118,P,pap,1,34.978694404000002,21.750386077000002,10.094355058
1119,P,pap,1,34.977381889999997,21.62071263,16.89396262
1120,P,pap,1,34.917889604999999,21.668902061000001,23.822837711999998
1121,P,pap,1,2.1023032289999999,13.681340949000001,3.1247465349999999
1122,P,pap,1,2.157808798,13.592912611999999,10.011468506
1123,P,pap,1,1.8325713779999999,13.553495515,16.916623844
1124,P,pap,1,1.8652203839999999,13.592327481,24.003676218999999
1125,P,pap,1,11.361388859,13.597275139000001,3.1349939259999999
1126,P,pap,1,11.518135709999999,13.650495078000001,9.8874901059999996
1127,P,pap,1,11.452371289,13.664901437999999,16.990585408000001
1128,P,pap,1,11.475125797,13.489459064,23.990623550999999
1129,P,pap,1,20.966761483999999,13.550721002,2.906703163
1130,P,pap,1,20.939690857999999,13.545745731,9.9079075769999996
1131,P,pap,1,20.851411865999999,13.502480412000001,16.763165201
1132,P,pap,1,20.795864155,13.542354935000001,23.861792735000002
1133,P,pap,1,30.354805595999999,13.694891128,2.9856949030000002
1134,P,pap,1,30.211765622000001,13.546278300999999,9.9874729010000003
1135,P,pap,1,30.218743212,13.403401694999999,16.893833537999999
1136,P,pap,1,30.148919863,13.399476104,23.738013032000001
1137,P,pap,1,6.7205396659999996,5.4459958420000003,2.960525547
1138,P,pap,1,6.5947042700000003,5.4444880969999998,10.000904821000001
1139,P,pap,1,6.8002631139999998,5.3708230160000001,16.954386867
1140,P,pap,1,6.6725689700000004,5.3816535740000004,23.901229236999999
1141,P,pap,1,16.065708752999999,5.5108789009999999,3.1755236400000002
1142,P,pap,1,16.157233976000001,5.4377929920000003,9.8946213350000001
1143,P,pap,1,16.022473621,5.4546218250000003,16.959157593
1144,P,pap,1,16.326984776,5.4020372029999999,24.006467174000001
1145,P,pap,1,25.440193615999998,5.1404883220000004,2.3001357850000002
1146,P,pap,1,25.517395593,5.3774458100000002,9.9622508389999993
1147,P,pap,1,25.531192884999999,5.3354824580000004,16.92178827
1148,P,pap,1,25.304269225999999,5.5293341319999998,23.984694651000002
1149,P,pap,1,35.048950713000004,5.5841339940000001,2.921306854
1150,P,pap,1,34.883538836,5.4599864570000003,9.9487923130000002
1151,P,pap,1,34.958533854999999,5.4384941810000003,16.954264254999998
1152,P,pap,1,35.007641880999998,5.4927795049999997,23.796100561999999
1153,O,oap1,-0.80000001192092896,3.20493907,28.889125999000001,2.9973814519999999
1154,O,oap1,-0.80000001192092896,3.4016731839999998,29.124504120000001,9.9065851550000001
1155,O,oap1,-0.80000001192092896,3.3227515350000001,29.095254555,17.023344881
1156,O,oap1,-0.80000001192092896,3.3526940019999998,29.120828246999999,24.181048087000001
1157,O,oap1,-0.80000001192092896,12.625058163,29.168481496999998,3.1940406289999999
1158,O,oap1,-0.80000001192092896,12.85820981,29.201684644,9.9861742499999995
1159,O,oap1,-0.80000001192092896,12.711182693,28.991623841999999,17.001343610999999
1160,O,oap1,-0.80000001192092896,12.686746223,29.065259923999999,23.897605585000001
1161,O,oap1,-0.80000001192092896,21.612698902999998,28.679975630000001,2.4235323169999998
1162,O,oap1,-0.80000001192092896,22.161799137999999,29.045183185999999,9.8819716169999996
1163,O,oap1,-0.80000001192092896,22.212014952000001,29.163389647999999,16.850515478999998
1164,O,oap1,-0.80000001192092896,22.211936729000001,29.066293170000002,23.916772243
1165,O,oap1,-0.80000001192092896,30.297908781,28.648802767999999,1.863920665
1166,O,oap1,-0.80000001192092896,31.607757591999999,29.111065929999999,9.8427977169999998
1167,O,oap1,-0.80000001192092896,31.540179725000002,29.120263441999999,16.799621019
1168,O,oap1,-0.80000001192092896,31.56738253,29.101973040000001,23.945567966999999
1169,O,oap1,-0.80000001192092896,6.8668481970000004,20.080414957999999,1.219117464
1170,O,oap1,-0.80000001192092896,8.1599311520000004,20.921917862000001,10.09187792
1171,O,oap1,-0.80000001192092896,8.1227348339999992,20.873683742000001,16.940755509999999
1172,O,oap1,-0.80000001192092896,8.1025085630000007,20.985988121999998,24.103218468000001
1173,O,oap1,-0.80000001192092896,16.905589277000001,20.601175248000001,2.4655143709999998
1174,O,oap1,-0.80000001192092896,17.489285586000001,20.907101843,10.075186619
1175,O,oap1,-0.80000001192092896,17.624003907999999,20.981251778000001,17.003336397999998
1176,O,oap1,-0.80000001192092896,17.420197426000001,20.717062029000001,23.989102372000001
1177,O,oap1,-0.80000001192092896,26.802274652000001,20.737851977999998,2.9129408209999998
1178,O,oap1,-0.80000001192092896,26.768418107999999,20.872977812999999,9.8954823669999996
1179,O,oap1,-0.80000001192092896,26.876959249999999,20.873245391000001,16.939138377999999
1180,O,oap1,-0.80000001192092896,26.883197556999999,20.893878282999999,24.020306871999999
1181,O,oap1,-0.80000001192092896,36.104267466000003,20.847021839,3.0691494380000002
1182,O,oap1,-0.80000001192092896,36.256640976,20.972727624000001,9.917308749
1183,O,oap1,-0.80000001192092896,36.287600101000002,20.845118441,16.906505119999998
1184,O,oap1,-0.80000001192092896,36.157537304999998,20.764247425000001,23.863346092
1185,O,oap1,-0.80000001192092896,3.3332376720000001,12.706926786,3.183422524
1186,O,oap1,-0.80000001192092896,3.426976281,12.681627331,10.060384769000001
1187,O,oap1,-0.80000001192092896,3.1866966510000001,12.77080759,16.908332252000001
1188,O,oap1,-0.80000001192092896,3.1578811259999999,12.828017513000001,23.712951947000001
1189,O,oap1,-0.80000001192092896,12.562048687000001,12.6968862,2.7774456669999998
1190,O,oap1,-0.80000001192092896,12.786292434,12.794775409,9.9656458200000007
1191,O,oap1,-0.80000001192092896,12.777048606999999,12.905846404,16.873057011
1192,O,oap1,-0.80000001192092896,12.800294393,12.704712809,23.964180495000001
1193,O,oap1,-0.80000001192092896,22.089005919000002,12.570708973,2.5578824409999998
1194,O,oap1,-0.80000001192092896,22.241017633999999,12.814224876999999,9.8600734869999993
1195,O,oap1,-0.80000001192092896,22.143802360999999,12.693623318,16.723334221999998
1196,O,oap1,-0.80000001192092896,22.224750038,12.906396059,23.859275104000002
1197,O,oap1,-0.80000001192092896,31.688551687,12.883329055000001,3.0202251160000002
1198,O,oap1,-0.80000001192092896,31.418358015999999,12.538019445,10.020193944000001
1199,O,oap1,-0.80000001192092896,31.470910387,12.583839628,17.084858868000001
1200,O,oap1,-0.80000001192092896,31.47258703,12.719500219,24.136360308
1201,O,oap1,-0.80000001192092896,8.0112651390000007,4.6986914579999999,3.339106739
1202,O,oap1,-0.80000001192092896,7.8578326330000001,4.5580950800000002,9.9009030730000003
1203,O,oap1,-0.80000001192092896,8.1480670150000005,4.5949014269999999,17.126770415999999
1204,O,oap1,-0.80000001192092896,8.069100444,4.8642472400000001,24.219940639000001
1205,O,oap1,-0.80000001192092896,17.326763527000001,4.7253533130000003,2.8303797309999998
1206,O,oap1,-0.80000001192092896,17.463643032,4.6851004300000003,9.8081261529999999
1207,O,oap1,-0.80000001192092896,17.385297877999999,4.609606973,16.965955999999998
1208,O,oap1,-0.80000001192092896,17.529813209,4.4783575569999998,24.030791146999999
1209,O,oap1,-0.80000001192092896,25.507213099000001,4.1388069649999997,1.1578169659999999
1210,O,oap1,-0.80000001192092896,26.895968092,4.622094766,9.8799566940000005
1211,O,oap1,-0.80000001192092896,26.857582171000001,4.5668540399999999,17.037681923000001
1212,O,oap1,-0.80000001192092896,26.658371707000001,4.766692827,23.850252872999999
1213,O,oap1,-0.80000001192092896,36.261143367000003,4.6494399260000003,3.1390385360000002
1214,O,oap1,-0.80000001192092896,36.107244356999999,4.5916124009999999,9.7774363659999999
1215,O,oap1,-0.80000001192092896,36.20953093,4.5687436029999997,16.686921012999999
1216,O,oap1,-0.80000001192092896,36.254837461999998,4.6508552659999998,23.811688720999999
1217,O,oap1,-0.80000001192092896,0.66316079800000005,29.117073212000001,2.5556435990000002
1218,O,oap1,-0.80000001192092896,0.84330306799999999,29.056603567,10.017617911
1219,O,oap1,-0.80000001192092896,0.76873102999999998,29.018072444000001,16.835786021000001
1220,O,oap1,-0.80000001192092896,0.85777848499999998,28.580888628,23.821445829000002
1221,O,oap1,-0.80000001192092896,10.228435654,28.920020088000001,2.7902649940000002
1222,O,oap1,-0.80000001192092896,10.348941941,28.687125858000002,9.8306679520000007
1223,O,oap1,-0.80000001192092896,10.15645456,29.081571095000001,16.984346231
1224,O,oap1,-0.80000001192092896,10.21011126,28.960604583999999,23.854285978
1225,O,oap1,-0.80000001192092896,19.321965876,29.081923169,3.1487576640000001
1226,O,oap1,-0.80000001192092896,19.569268238999999,29.010715885,9.9506840469999993
1227,O,oap1,-0.80000001192092896,19.634488977,28.91736392,16.883780439999999
1228,O,oap1,-0.80000001192092896,19.661986226,28.983828586000001,23.858500441
1229,O,oap1,-0.80000001192092896,28.480791171,29.042558550999999,3.3764875289999998
1230,O,oap1,-0.80000001192092896,29.110374488000001,28.850621533999998,10.109810025
1231,O,oap1,-0.80000001192092896,28.967658234000002,29.102178504000001,16.949873193999998
1232,O,oap1,-0.80000001192092896,29.023208103999998,28.965632256999999,23.749461325999999
1233,O,oap1,-0.80000001192092896,5.3092613670000004,21.207143665,2.7006919030000001
1234,O,oap1,-0.80000001192092896,5.6445271549999996,20.870714131,9.9613792189999995
1235,O,oap1,-0.80000001192092896,5.655434455,20.700092067,16.987987843999999
1236,O,oap1,-0.80000001192092896,5.5977771379999997,20.402787394000001,23.881509331
1237,O,oap1,-0.80000001192092896,14.592325284999999,20.864989145999999,3.203163569
1238,O,oap1,-0.80000001192092896,14.929787004,20.799667318000001,9.9191970690000009
1239,O,oap1,-0.80000001192092896,15.007996606000001,20.717709622000001,16.897971924
1240,O,oap1,-0.80000001192092896,14.850330475,20.537674621000001,23.782012032000001
1241,O,oap1,-0.80000001192092896,24.282507326000001,21.227089694,3.0237709129999999
1242,O,oap1,-0.80000001192092896,24.240526791000001,20.779782456,9.9080273230000007
1243,O,oap1,-0.80000001192092896,24.384887756000001,20.741218534000001,16.902429364
1244,O,oap1,-0.80000001192092896,24.30945569,20.896303976999999,24.128776253000002
1245,O,oap1,-0.80000001192092896,33.603924018999997,21.029841129000001,3.493535069
1246,O,oap1,-0.80000001192092896,33.747831112999997,20.824246222999999,10.239689393999999
1247,O,oap1,-0.80000001192092896,33.760460193,20.659065136999999,16.809320188000001
1248,O,oap1,-0.80000001192092896,33.602013659999997,20.924938349000001,23.905650427000001
1249,O,oap1,-0.80000001192092896,0.71563648700000004,12.889935620999999,3.1609533060000001
1250,O,oap1,-0.80000001192092896,0.80529316900000003,12.778097267,10.014486807000001
1251,O,oap1,-0.80000001192092896,0.64342585900000004,12.591160760999999,17.136003957
1252,O,oap1,-0.80000001192092896,0.68115413199999997,12.591707911,24.110689148999999
1253,O,oap1,-0.80000001192092896,10.064226353,12.827875061,3.4105533729999999
1254,O,oap1,-0.80000001192092896,10.184169791,12.881036629,9.8555239169999993
1255,O,oap1,-0.80000001192092896,10.199693400999999,12.715210883999999,17.056982132000002
1256,O,oap1,-0.80000001192092896,10.221882192000001,12.587557049999999,23.96585632
1257,O,oap1,-0.80000001192092896,19.568410482000001,12.961710493,2.9134908190000002
1258,O,oap1,-0.80000001192092896,19.728203778000001,12.582517709999999,9.8526058859999992
1259,O,oap1,-0.80000001192092896,19.602313931000001,12.658936692999999,16.802964329999998
1260,O,oap1,-0.80000001192092896,19.659110377000001,12.474210150999999,23.800405169000001
1261,O,oap1,-0.80000001192092896,29.15933274,12.739278835,2.828686077
1262,O,oap1,-0.80000001192092896,28.914620471999999,12.718869322,9.9750063000000004
1263,O,oap1,-0.80000001192092896,28.965873941000002,12.548903033,16.857704968
1264,O,oap1,-0.80000001192092896,28.986666577000001,12.389536252999999,23.555823613000001
1265,O,oap1,-0.80000001192092896,5.6308748800000004,4.3884935580000004,2.7385842770000002
1266,O,oap1,-0.80000001192092896,5.3040159930000002,4.5554543430000001,10.020558346
1267,O,oap1,-0.80000001192092896,5.4540423760000003,4.5318468989999996,16.925114838999999
1268,O,oap1,-0.80000001192092896,5.7508841259999999,4.1781083160000003,23.913709451999999
1269,O,oap1,-0.80000001192092896,14.918581224,4.5917019640000003,3.5330138390000001
1270,O,oap1,-0.80000001192092896,14.951334964999999,4.4134292259999999,9.9458738429999993
1271,O,oap1,-0.80000001192092896,14.780867182,4.5534181540000001,16.971202010999999
1272,O,oap1,-0.80000001192092896,15.019553868999999,4.5764413350000002,24.089241032
1273,O,oap1,-0.80000001192092896,24.158342467000001,4.7777954620000003,3.0728665980000001
1274,O,oap1,-0.80000001192092896,24.263693026999999,4.4460526829999996,9.9509034229999997
1275,O,oap1,-0.80000001192092896,24.355274717,4.4030170880000004,16.855673631999998
1276,O,oap1,-0.80000001192092896,24.037167989,4.6588022960000002,23.913043456
1277,O,oap1,-0.80000001192092896,33.706473723000002,4.8234297660000003,2.7020816619999999
1278,O,oap1,-0.80000001192092896,33.655697799000002,4.516699021,9.9754537760000002
1279,O,oap1,-0.80000001192092896,33.664406194000001,4.5085257480000003,17.015697850999999
1280,O,oap1,-0.80000001192092896,33.715125903999997,4.6647617620000004,23.804354493000002
1281,Ca,ca+h,1.5,3.6508539149999999,26.505496035,3.2533041530000002
1282,Ca,ca+h,1.5,3.5296863369999998,26.678231581999999,9.9899650359999992
1283,Ca,ca+h,1.5,3.5039465559999998,26.6794607,16.983783611
1284,Ca,ca+h,1.5,3.3120585669999998,26.651912743,23.886021749000001
1285,Ca,ca+h,1.5,12.753004838000001,26.771267833,2.9786967849999999
1286,Ca,ca+h,1.5,12.822804737,26.875942275,9.9993707440000001
1287,Ca,ca+h,1.5,12.919107409,26.709091802,17.011985150000001
1288,Ca,ca+h,1.5,12.914096197999999,26.652135454,23.872279673000001
1289,Ca,ca+h,1.5,22.473503139000002,26.439479115000001,3.049186148
1290,Ca,ca+h,1.5,22.418254631,26.744238613,9.9078980820000009
1291,Ca,ca+h,1.5,22.241771553,26.778149886000001,16.769575001
1292,Ca,ca+h,1.5,22.321767024,26.639260604,23.903015547999999
1293,Ca,ca+h,1.5,31.832779771999999,27.194240914000002,2.9822924479999999
1294,Ca,ca+h,1.5,31.592397354999999,26.712828341000002,10.044469743000001
1295,Ca,ca+h,1.5,31.609624282999999,26.814766149,17.014088878999999
1296,Ca,ca+h,1.5,31.804884911999999,26.750038461999999,23.755769211
1297,Ca,ca+h,1.5,8.3170290480000002,18.679311117000001,2.906450998
1298,Ca,ca+h,1.5,8.2114010729999993,18.568190903000001,9.9292443329999998
1299,Ca,ca+h,1.5,8.1887206750000008,18.524159629,16.831711392999999
1300,Ca,ca+h,1.5,8.2455516469999992,18.581156117999999,23.943012172
1301,Ca,ca+h,1.5,17.64412665,18.385197937000001,2.943866018
1302,Ca,ca+h,1.5,17.617153313999999,18.533293886999999,9.9542596089999993
1303,Ca,ca+h,1.5,17.669739734,18.519404789999999,16.884531368000001
1304,Ca,ca+h,1.5,17.730156224000002,18.384813912999999,23.965242265000001
1305,Ca,ca+h,1.5,27.071440425999999,18.348727607000001,3.1046890220000001
1306,Ca,ca+h,1.5,27.042347070999998,18.472260470999998,9.8804554319999998
1307,Ca,ca+h,1.5,27.040820555,18.460242312999998,16.833149399
1308,Ca,ca+h,1.5,27.163977797000001,18.584852449,23.865367588000002
1309,Ca,ca+h,1.5,36.547605111000003,18.539820340999999,2.9179776679999998
1310,Ca,ca+h,1.5,36.477194052000002,18.380571321000001,9.9944973810000004
1311,Ca,ca+h,1.5,36.314810002999998,18.431583755999998,16.936951937
1312,Ca,ca+h,1.5,36.325083225,18.303870427,23.895879531999999
1313,Ca,ca+h,1.5,3.7194163100000002,10.416215915,3.3027613919999999
1314,Ca,ca+h,1.5,3.4413161720000001,10.357253592999999,10.132640989
1315,Ca,ca+h,1.5,3.5616291210000002,10.385353492,16.809246129999998
1316,Ca,ca+h,1.5,3.4656049150000001,10.467696782000001,23.836619194000001
1317,Ca,ca+h,1.5,12.801985108,10.340270714000001,3.0044797000000001
1318,Ca,ca+h,1.5,12.904224554000001,10.427523845,9.8603606040000003
1319,Ca,ca+h,1.5,12.857663229,10.558750080999999,16.829781661999998
1320,Ca,ca+h,1.5,12.778486989999999,10.438495068,23.967437341
1321,Ca,ca+h,1.5,22.367802062999999,10.187403334000001,3.2116246199999998
1322,Ca,ca+h,1.5,22.288514284000001,10.348635094,9.9750270130000001
1323,Ca,ca+h,1.5,22.269805105,10.385530478,16.897365789999998
1324,Ca,ca+h,1.5,22.173389054000001,10.368200581,23.751045250000001
1325,Ca,ca+h,1.5,31.624245031000001,10.545118583000001,3.076946494
1326,Ca,ca+h,1.5,31.584173987,10.271129606000001,10.028741728
1327,Ca,ca+h,1.5,31.680252163999999,10.326783189,17.102164025
1328,Ca,ca+h,1.5,31.559694294,10.366108491,23.938862320999998
1329,Ca,ca+h,1.5,8.0647333230000005,2.2806195069999999,3.0590589760000002
1330,Ca,ca+h,1.5,8.1355042480000002,2.236352648,9.9389685790000009
1331,Ca,ca+h,1.5,8.0933593110000004,2.2951418139999999,16.919146637000001
1332,Ca,ca+h,1.5,8.2008717329999996,2.38575048,23.823269890999999
1333,Ca,ca+h,1.5,17.696112508999999,2.4682197540000002,2.8503635799999998
1334,Ca,ca+h,1.5,17.436161882,2.3205162819999998,9.8889994380000008
1335,Ca,ca+h,1.5,17.466199598999999,2.127772319,16.868088418999999
1336,Ca,ca+h,1.5,17.659550396,2.1838633879999998,23.667392554999999
1337,Ca,ca+h,1.5,26.871868088999999,2.3064417060000002,3.1123586699999999
1338,Ca,ca+h,1.5,26.900359497,2.29969862,10.048932133999999
1339,Ca,ca+h,1.5,26.924324864999999,2.219287885,16.974598775
1340,Ca,ca+h,1.5,26.952060210999999,2.1624935999999999,24.090538719000001
1341,Ca,ca+h,1.5,36.444940344999999,2.1007316779999998,3.0217817870000001
1342,Ca,ca+h,1.5,36.339018201000002,2.1701560550000001,9.9639519409999995
1343,Ca,ca+h,1.5,36.426734689,2.2347478650000001,16.940943034
1344,Ca,ca+h,1.5,36.420442651000002,2.2348890219999999,23.997613888
1345,P,pap,1,6.2437177830000001,27.869384368999999,2.8754666449999999
1346,P,pap,1,6.2899158899999996,27.910775819000001,10.031110934000001
1347,P,pap,1,6.2719687220000004,27.901826475,16.851932429000001
1348,P,pap,1,6.3997685039999999,27.730739890999999,23.815708223000001
1349,P,pap,1,16.035360387000001,28.234062841,2.3375794089999999
1350,P,pap,1,15.744382121999999,28.075004264,9.9155114550000008
1351,P,pap,1,15.670336882000001,28.067508213,16.923316191000001
1352,P,pap,1,15.923315280000001,28.013890720999999,23.932351135000001
1353,P,pap,1,25.440793635999999,27.757679631999999,2.7171911529999999
1354,P,pap,1,25.140769365000001,28.053417156999998,9.9201492439999992
1355,P,pap,1,25.154207921000001,28.021964786000002,16.938932722000001
1356,P,pap,1,25.185038798000001,27.928991679999999,23.938502501999999
1357,P,pap,1,34.877488665000001,27.789744911,2.6621090060000001
1358,P,pap,1,34.371716495999998,28.025338218000002,10.070146191999999
1359,P,pap,1,34.487598702,27.977545209999999,16.914929719
1360,P,pap,1,34.632209072000002,27.967406034,23.880167462999999
1361,P,pap,1,2.0612661870000002,19.751392930000002,2.5476349530000002
1362,P,pap,1,1.514919669,19.921917161,10.030252408000001
1363,P,pap,1,1.681845606,19.876463870999999,16.932155011999999
1364,P,pap,1,1.600548622,19.727266166,23.936249316000001
1365,P,pap,1,11.565587955,20.052688061000001,2.4343269429999999
1366,P,pap,1,11.149066916000001,19.890878951000001,9.9640059290000007
1367,P,pap,1,11.159464202000001,19.875717516000002,16.892807190999999
1368,P,pap,1,11.150936530999999,19.783323527,23.768009558999999
1369,P,pap,1,20.325096578,19.659654613000001,3.0993821619999999
1370,P,pap,1,20.470434575999999,19.754827034000002,10.047456992000001
1371,P,pap,1,20.481244235999998,19.822674605,17.046498448000001
1372,P,pap,1,20.54245573,19.792049226,23.994210157000001
1373,P,pap,1,29.871387805000001,19.786504266000001,3.0165715209999999
1374,P,pap,1,29.784786402999998,19.839934680999999,9.9191464979999999
1375,P,pap,1,29.892353729,19.864407055000001,16.870156246000001
1376,P,pap,1,30.054140261000001,19.780416840000001,24.050555975000002
1377,P,pap,1,6.3058592899999999,11.860996533,2.9314446209999998
1378,P,pap,1,6.3754668089999997,11.675673544,9.8198518890000006
1379,P,pap,1,6.3392497759999999,11.698875409999999,16.792361503999999
1380,P,pap,1,6.2968572610000004,11.625374691999999,23.775309543999999
1381,P,pap,1,15.648728334999999,11.470895991000001,3.0982342329999999
1382,P,pap,1,15.717215381999999,11.691295119999999,9.8983371439999992
1383,P,pap,1,15.786511106000001,11.663369895000001,16.773055911
1384,P,pap,1,15.677658169000001,11.594504881000001,23.838143906999999
1385,P,pap,1,25.117358081999999,11.581627634,2.922744411
1386,P,pap,1,25.206586116,11.588539926999999,9.9574115229999993
1387,P,pap,1,25.053265557,11.481482242,17.031388023000002
1388,P,pap,1,25.059348883999998,11.613557279,23.874443832000001
1389,P,pap,1,34.498409256000002,11.685795355,2.9618080560000002
1390,P,pap,1,34.541790175999999,11.722181490000001,9.8708714020000006
1391,P,pap,1,34.571893144000001,11.541888909000001,16.970920722999999
1392,P,pap,1,34.445187808999997,11.703287649,24.008704436999999
1393,P,pap,1,1.6441807829999999,3.4189810600000001,3.0639442560000001
1394,P,pap,1,1.6264032589999999,3.6095386079999998,9.9255677710000008
1395,P,pap,1,1.739515798,3.573985119,16.939611781
1396,P,pap,1,1.6643544809999999,3.780784653,24.092250107000002
1397,P,pap,1,10.934297881000001,3.4772972850000001,2.997422899
1398,P,pap,1,10.981209561,3.5808612379999998,9.9585574959999992
1399,P,pap,1,10.999835756,3.53460733,16.894212916000001
1400,P,pap,1,11.121561881,3.4684605159999999,23.867562428999999
1401,P,pap,1,20.731701219000001,3.294508687,2.72386814
1402,P,pap,1,20.352263705999999,3.5850854719999998,9.8703502620000005
1403,P,pap,1,20.376170042999998,3.4380111389999999,16.852842334000002
1404,P,pap,1,20.494881897999999,3.5292369419999998,23.77702339
1405,P,pap,1,29.721569356,3.526613717,3.1241805980000001
1406,P,pap,1,29.876194430000002,3.4883384890000002,9.9814013690000003
1407,P,pap,1,29.749611228999999,3.5686828620000002,17.116398257
1408,P,pap,1,29.766380518999998,3.5414069910000001,24.047757026999999
1409,O,oap1,-0.80000001192092896,6.5460090089999996,29.372975280999999,2.7365337300000001
1410,O,oap1,-0.80000001192092896,6.2593434859999997,29.438255794,10.149438024
1411,O,oap1,-0.80000001192092896,6.2570662029999999,29.441463538000001,16.749058296000001
1412,O,oap1,-0.80000001192092896,6.3740122980000002,29.268155463999999,23.757672249999999
1413,O,oap1,-0.80000001192092896,17.007555788000001,28.700898130999999,1.213448726
1414,O,oap1,-0.80000001192092896,15.825755002999999,29.583295765999999,9.8591934079999994
1415,O,oap1,-0.80000001192092896,15.665377023,29.63174025,16.765031824000001
1416,O,oap1,-0.80000001192092896,15.28416723,29.388603245999999,24.103173973000001
1417,O,oap1,-0.80000001192092896,25.987130217000001,28.961487552000001,2.0119265770000001
1418,O,oap1,-0.80000001192092896,25.063508379000002,29.555547347000001,9.8247301880000002
1419,O,oap1,-0.80000001192092896,25.189642315,29.507624331999999,16.946587637
1420,O,oap1,-0.80000001192092896,25.128618770999999,29.466189951,23.998159379000001
1421,O,oap1,-0.80000001192092896,35.606644846999998,28.740369565999998,1.6982961839999999
1422,O,oap1,-0.80000001192092896,34.382734175000003,29.557611866999999,9.837167569
1423,O,oap1,-0.80000001192092896,34.49260554,29.544845935000001,16.916944243
1424,O,oap1,-0.80000001192092896,34.769467828000003,29.499345447,23.665668056000001
1425,O,oap1,-0.80000001192092896,2.650710911,20.576401616999998,1.360090075
1426,O,oap1,-0.80000001192092896,1.5480991529999999,21.459661894,10.145529128
1427,O,oap1,-0.80000001192092896,1.6788723489999999,21.358762817999999,16.843553942
1428,O,oap1,-0.80000001192092896,1.6934752319999999,21.217946101999999,23.822327380000001
1429,O,oap1,-0.80000001192092896,12.424520641000001,20.908978387000001,1.487161416
1430,O,oap1,-0.80000001192092896,11.155932357999999,21.393736892,9.9113758539999992
1431,O,oap1,-0.80000001192092896,11.203797579,21.404686328,16.815057498000002
1432,O,oap1,-0.80000001192092896,11.188063481,21.268660561000001,24.137503774999999
1433,O,oap1,-0.80000001192092896,20.501783014000001,21.119452260999999,2.6903758839999998
1434,O,oap1,-0.80000001192092896,20.524362818,21.288995345,10.030456066999999
1435,O,oap1,-0.80000001192092896,20.406631109999999,21.355136803000001,16.925095703
1436,O,oap1,-0.80000001192092896,20.239644331000001,21.270311407000001,23.683460152999999
1437,O,oap1,-0.80000001192092896,30.018155501999999,21.317359019000001,3.2102596819999998
1438,O,oap1,-0.80000001192092896,29.849452199000002,21.377136002,10.016461481
1439,O,oap1,-0.80000001192092896,29.978040226000001,21.420401276,16.961506964000002
1440,O,oap1,-0.80000001192092896,29.820958104999999,21.240213217000001,24.497502261000001
1441,O,oap1,-0.80000001192092896,6.5794076930000003,13.364379084999999,2.8659475840000002
1442,O,oap1,-0.80000001192092896,6.3015166090000001,13.207941046,10.014948484
1443,O,oap1,-0.80000001192092896,6.2818333150000001,13.223715431,16.968480983999999
1444,O,oap1,-0.80000001192092896,6.2107590259999998,13.138291768,23.960982434999998
1445,O,oap1,-0.80000001192092896,15.904504115,12.936861608999999,2.8347589110000002
1446,O,oap1,-0.80000001192092896,15.72493549,13.271530986,9.8437460629999993
1447,O,oap1,-0.80000001192092896,15.756536074,13.216967304000001,16.787527827000002
1448,O,oap1,-0.80000001192092896,15.748606019,13.139989372000001,23.785451115000001
1449,O,oap1,-0.80000001192092896,25.330620941999999,13.080993528,2.4670007209999998
1450,O,oap1,-0.80000001192092896,25.206503949999998,13.155269419,9.9892733499999995
1451,O,oap1,-0.80000001192092896,25.07468313,13.00024981,17.028432244000001
1452,O,oap1,-0.80000001192092896,25.295873169,13.171400351000001,24.019759659000002
1453,O,oap1,-0.80000001192092896,34.642913206999999,13.213960022,3.206772001
1454,O,oap1,-0.80000001192092896,34.411198728000002,13.255650768000001,9.8402802999999999
1455,O,oap1,-0.80000001192092896,34.595759764999997,13.062283818999999,16.860131210999999
1456,O,oap1,-0.80000001192092896,34.454441342999999,13.220045141,24.048908404999999
1457,O,oap1,-0.80000001192092896,1.8173984809999999,4.9579850949999997,3.034040074
1458,O,oap1,-0.80000001192092896,1.569118604,5.1671245389999996,9.7531745109999992
1459,O,oap1,-0.80000001192092896,1.7405633650000001,5.1674486169999998,16.756833521000001
1460,O,oap1,-0.80000001192092896,1.523542247,5.3107671539999997,24.132901729
1461,O,oap1,-0.80000001192092896,11.062543968,4.9142283219999996,3.1430466350000001
1462,O,oap1,-0.80000001192092896,10.926184717,5.0815138820000003,10.100063345000001
1463,O,oap1,-0.80000001192092896,10.972717792999999,5.0544683069999996,17.188282673
1464,O,oap1,-0.80000001192092896,10.775807501999999,4.953679985,24.177490672000001
1465,O,oap1,-0.80000001192092896,21.285879520000002,4.5340942100000001,2.0066626090000002
1466,O,oap1,-0.80000001192092896,20.354538093999999,5.1110467780000004,10.027980924
1467,O,oap1,-0.80000001192092896,20.426679183000001,4.9733593340000004,16.821858036999998
1468,O,oap1,-0.80000001192092896,20.647831022999998,5.0262732300000001,23.952660698999999
1469,O,oap1,-0.80000001192092896,30.131858983000001,4.9859173559999999,3.2949491879999999
1470,O,oap1,-0.80000001192092896,29.914988272999999,5.0080595179999996,10.003145063
1471,O,oap1,-0.80000001192092896,29.715965202,5.1275015819999998,17.098998510000001
1472,O,oap1,-0.80000001192092896,29.813268507,5.0619278579999998,24.085055227000002
1473,O,oap1,-0.80000001192092896,7.4955805680000003,26.982770152000001,2.7127432090000001
1474,O,oap1,-0.80000001192092896,7.7997875360000002,27.413800423000001,9.9497813750000006
1475,O,oap1,-0.80000001192092896,7.7320488660000004,27.404912877000001,16.836315451000001
1476,O,oap1,-0.80000001192092896,7.8160159650000001,27.094096826000001,23.833851699
1477,O,oap1,-0.80000001192092896,16.7717092,27.099916752999999,3.0911980400000001
1478,O,oap1,-0.80000001192092896,17.143411693000001,27.375774459999999,9.8631065459999991
1479,O,oap1,-0.80000001192092896,17.188232630000002,27.583521871999999,16.84398169
1480,O,oap1,-0.80000001192092896,17.347128824999999,28.271188617,23.429104855999999
1481,O,oap1,-0.80000001192092896,26.702034959999999,26.992049819999998,3.005099425
1482,O,oap1,-0.80000001192092896,26.619076492000001,27.549481752999998,10.050341672
1483,O,oap1,-0.80000001192092896,26.591006918000001,27.386072317,16.956457334
1484,O,oap1,-0.80000001192092896,26.680609140000001,27.421015734000001,23.898010716999998
1485,O,oap1,-0.80000001192092896,36.071083731999998,27.108227921000001,3.327373347
1486,O,oap1,-0.80000001192092896,35.842457949999996,27.542158983,10.183507134999999
1487,O,oap1,-0.80000001192092896,35.904562108,27.326837557000001,16.939554451999999
1488,O,oap1,-0.80000001192092896,35.966867772000001,27.234978526999999,23.962468742999999
1489,O,oap1,-0.80000001192092896,3.2596285570000001,18.970945386,3.1083819959999999
1490,O,oap1,-0.80000001192092896,2.9332539670000002,19.30346909,9.9866418699999997
1491,O,oap1,-0.80000001192092896,3.0377033,19.270724318999999,16.883498096
1492,O,oap1,-0.80000001192092896,2.9687253359999999,18.988513412,24.016454914000001
1493,O,oap1,-0.80000001192092896,12.469926255000001,18.878367976,2.8395236619999999
1494,O,oap1,-0.80000001192092896,12.525000012,19.305460060000001,10.027116758
1495,O,oap1,-0.80000001192092896,12.564138954000001,19.276233648000002,16.903777156
1496,O,oap1,-0.80000001192092896,12.614312233,19.227511694,23.753625569
1497,O,oap1,-0.80000001192092896,21.690613161999998,19.054807279999999,3.4988270080000001
1498,O,oap1,-0.80000001192092896,21.8927342,19.136957117000001,10.167159674000001
1499,O,oap1,-0.80000001192092896,21.942219629,19.318120073999999,17.017533428
1500,O,oap1,-0.80000001192092896,22.068818644,19.524600442000001,24.109128653999999
1501,O,oap1,-0.80000001192092896,31.196987567000001,19.049907618999999,2.9273009999999999
1502,O,oap1,-0.80000001192092896,31.140913847,19.159589803999999,9.8344203710000002
1503,O,oap1,-0.80000001192092896,31.313526168999999,19.192109255999998,16.880268708999999
1504,O,oap1,-0.80000001192092896,31.567279961000001,19.527233689999999,23.818597423
1505,O,oap1,-0.80000001192092896,7.4965671790000004,10.918695996,2.9549751880000001
1506,O,oap1,-0.80000001192092896,7.832280495,11.129781082999999,9.7920163430000002
1507,O,oap1,-0.80000001192092896,7.8098920590000001,11.186143814999999,16.738136164
1508,O,oap1,-0.80000001192092896,7.7744822219999996,11.148737716999999,23.673768488
1509,O,oap1,-0.80000001192092896,17.003750795999999,10.791654339000001,3.326207594
1510,O,oap1,-0.80000001192092896,17.148592118,11.149952592,9.9404925599999991
1511,O,oap1,-0.80000001192092896,17.218243572999999,10.974495737,16.886942577999999
1512,O,oap1,-0.80000001192092896,17.143407178,10.98501287,23.882866033999999
1513,O,oap1,-0.80000001192092896,26.482190276000001,10.917118168,3.3049820859999999
1514,O,oap1,-0.80000001192092896,26.630332508999999,10.952097717999999,9.9069643569999997
1515,O,oap1,-0.80000001192092896,26.468651269999999,10.810979309,17.049005917999999
1516,O,oap1,-0.80000001192092896,26.435946874999999,10.900204861000001,23.863268393999999
1517,O,oap1,-0.80000001192092896,35.872345162000002,10.960144357000001,3.050326256
1518,O,oap1,-0.80000001192092896,36.005723271999997,11.291734744999999,9.9474684199999999
1519,O,oap1,-0.80000001192092896,36.057068280000003,11.074684368,16.911134504
1520,O,oap1,-0.80000001192092896,35.846525698999997,11.109963726,24.023272250000002
1521,O,oap1,-0.80000001192092896,2.9320890930000001,2.6351158579999998,3.0626778240000001
1522,O,oap1,-0.80000001192092896,3.1206916900000001,3.1644361060000001,10.034184784000001
1523,O,oap1,-0.80000001192092896,3.147862248,3.0363952680000001,17.041672035000001
1524,O,oap1,-0.80000001192092896,3.1772877479999999,3.3763847359999999,24.127011313000001
1525,O,oap1,-0.80000001192092896,12.280644231,2.7110611590000002,2.9273442479999998
1526,O,oap1,-0.80000001192092896,12.461005311999999,3.110760601,9.8875120590000005
1527,O,oap1,-0.80000001192092896,12.501848675,3.1321420299999998,16.888365898
1528,O,oap1,-0.80000001192092896,12.672061046,3.3228679159999999,23.749666176000002
1529,O,oap1,-0.80000001192092896,21.927841297000001,2.4651375930000001,3.1045314180000001
1530,O,oap1,-0.80000001192092896,21.711813616000001,2.8211012470000001,9.9132453609999995
1531,O,oap1,-0.80000001192092896,21.821778413000001,2.8331121910000001,16.862600069999999
1532,O,oap1,-0.80000001192092896,21.800188128999999,2.7694799130000001,23.833919114
1533,O,oap1,-0.80000001192092896,30.920366268999999,2.5808881600000002,3.0157799980000002
1534,O,oap1,-0.80000001192092896,31.295279238999999,2.7782993390000001,9.9196344280000002
1535,O,oap1,-0.80000001192092896,31.180654442000002,3.0693905529999999,17.058662842
1536,O,oap1,-0.80000001192092896,31.125285854000001,2.808625197,23.991530766
1537,Ca,ca+h,1.5,8.3931014390000005,30.722134502999999,2.8867200620000002
1538,Ca,ca+h,1.5,8.3076495490000006,30.842823646999999,9.9154023630000001
1539,Ca,ca+h,1.5,8.2024587790000005,30.824338218000001,16.825888989999999
1540,Ca,ca+h,1.5,8.3275104580000008,30.686032990000001,23.818377533
1541,Ca,ca+h,1.5,17.784738941000001,30.855103779,3.0848907109999999
1542,Ca,ca+h,1.5,17.746776302000001,30.986057164999998,9.8959017839999994
1543,Ca,ca+h,1.5,17.703710138000002,30.773754167,16.889909000999999
1544,Ca,ca+h,1.5,17.809511774000001,30.544975480000002,24.008603172000001
1545,Ca,ca+h,1.5,26.969175159999999,30.984280068,2.9532885150000001
1546,Ca,ca+h,1.5,27.112601667,30.820661770000001,9.9353563410000003
1547,Ca,ca+h,1.5,27.187829559000001,30.845011843000002,16.949130772
1548,Ca,ca+h,1.5,27.211825291,30.905319554999998,24.005644546999999
1549,Ca,ca+h,1.5,36.461267962000001,30.757836329,2.8079877639999999
1550,Ca,ca+h,1.5,36.531020163000001,30.681536015999999,9.8854091210000004
1551,Ca,ca+h,1.5,36.579517666000001,30.817831411,17.009506147
1552,Ca,ca+h,1.5,36.679061611000002,30.937391243,23.826061154000001
1553,Ca,ca+h,1.5,3.2110877969999998,22.490203062999999,3.004519288
1554,Ca,ca+h,1.5,3.6603475579999998,22.713334587999999,10.018572990999999
1555,Ca,ca+h,1.5,3.5505814349999998,22.735590118000001,16.867418701999998
1556,Ca,ca+h,1.5,3.7096118250000001,22.596868204,23.905850022999999
1557,Ca,ca+h,1.5,13.136254786,22.841223814999999,3.0586625559999998
1558,Ca,ca+h,1.5,13.208597813000001,22.840111225000001,9.9685704239999993
1559,Ca,ca+h,1.5,13.113930823,22.722119450000001,16.924566585000001
1560,Ca,ca+h,1.5,13.262791194,22.579591529000002,23.960744255000002
1561,Ca,ca+h,1.5,22.454547392999999,22.459397800000001,2.791329164
1562,Ca,ca+h,1.5,22.539711929999999,22.545680566000001,10.055596277999999
1563,Ca,ca+h,1.5,22.630694194,22.575754847999999,16.942989822000001
1564,Ca,ca+h,1.5,22.241285433000002,22.523438129999999,24.115898083000001
1565,Ca,ca+h,1.5,31.901308786000001,22.71878864,3.1881365310000001
1566,Ca,ca+h,1.5,31.905225785999999,22.702439537,10.067932946999999
1567,Ca,ca+h,1.5,31.962091127000001,22.790902316,16.879211782999999
1568,Ca,ca+h,1.5,31.903500071,22.624037343000001,23.961007477999999
1569,Ca,ca+h,1.5,8.6948192130000006,14.817121308999999,3.1051427600000001
1570,Ca,ca+h,1.5,8.3918636860000007,14.448566768999999,10.027191970000001
1571,Ca,ca+h,1.5,8.2189402420000004,14.430140631,16.978728147999998
1572,Ca,ca+h,1.5,8.3623214039999993,14.225704412000001,23.928788912000002
1573,Ca,ca+h,1.5,17.774486164999999,14.441233993999999,2.7745100800000002
1574,Ca,ca+h,1.5,17.851378437000001,14.385226783,9.8568091360000007
1575,Ca,ca+h,1.5,17.788676135999999,14.458514795999999,16.903752313999998
1576,Ca,ca+h,1.5,17.700494176999999,14.37172545,23.987802036000001
1577,Ca,ca+h,1.5,27.302564516,14.393834877,2.7522931060000002
1578,Ca,ca+h,1.5,27.191477574,14.464036896,9.8721915169999992
1579,Ca,ca+h,1.5,27.148266640999999,14.478685358,16.857364063999999
1580,Ca,ca+h,1.5,27.253504040999999,14.477987385,23.803576564
1581,Ca,ca+h,1.5,36.675010456000003,14.554951467,3.1656697820000002
1582,Ca,ca+h,1.5,36.517839901000002,14.463953871999999,9.8853443240000001
1583,Ca,ca+h,1.5,36.555086783999997,14.364847823,17.148079847000002
1584,Ca,ca+h,1.5,36.529447580000003,14.577236568,24.039804358000001
1585,Ca,ca+h,1.5,3.912845736,6.4776618389999996,2.9664778159999998
1586,Ca,ca+h,1.5,3.6209876219999999,6.3441536479999998,10.044143688
1587,Ca,ca+h,1.5,3.7089069559999999,6.3900264959999999,17.013404627
1588,Ca,ca+h,1.5,3.6442648649999998,6.4502288779999999,24.079857469
1589,Ca,ca+h,1.5,13.27179885,6.4106148300000001,3.0397659720000001
1590,Ca,ca+h,1.5,12.955648712,6.5053191540000004,10.021609393
1591,Ca,ca+h,1.5,13.035699578999999,6.2871626599999999,16.921595003
1592,Ca,ca+h,1.5,12.977492828999999,6.1682604049999998,24.003424225
1593,Ca,ca+h,1.5,22.341810805000001,6.2922318060000002,3.1799977020000001
1594,Ca,ca+h,1.5,22.468997181999999,6.2788546360000002,10.037954911
1595,Ca,ca+h,1.5,22.358700802000001,6.2193843900000001,16.927662026
1596,Ca,ca+h,1.5,22.461135561999999,6.5535021560000004,23.622624340000002
1597,Ca,ca+h,1.5,31.954034048,6.4693413959999999,2.892812954
1598,Ca,ca+h,1.5,31.889789043,6.2712637830000002,9.8865763209999997
1599,Ca,ca+h,1.5,31.896324999000001,6.2063976309999997,16.963306759999998
1600,Ca,ca+h,1.5,31.927216072,6.2573566239999998,23.834146731000001
1601,P,pap,1,5.7857687990000004,32.437889728000002,3.0184704770000002
1602,P,pap,1,5.8538763420000004,32.834383862999999,9.8921862699999998
1603,P,pap,1,5.7327137190000004,32.707000487999998,16.905296178
1604,P,pap,1,5.7622645419999996,32.589687222999999,23.808141194000001
1605,P,pap,1,15.105040102,32.556316864000003,2.9643616800000001
1606,P,pap,1,15.144935813,32.716951495000004,9.9091285009999996
1607,P,pap,1,15.178009352,32.701120959000001,16.934840746999999
1608,P,pap,1,15.114446268,32.737394131000002,23.944172725000001
1609,P,pap,1,24.550897945999999,32.879069463999997,2.7535007020000002
1610,P,pap,1,24.491584391,32.715901553999998,9.8899319139999999
1611,P,pap,1,24.556932798999998,32.726031433999999,16.896721691
1612,P,pap,1,24.615407511000001,32.722254309,23.850630246000001
1613,P,pap,1,34.091486085,32.648396712,3.1266603339999999
1614,P,pap,1,33.908980528999997,32.672646958000001,9.9235683970000004
1615,P,pap,1,34.011985742,32.671827630999999,16.964971162000001
1616,P,pap,1,34.107662294999997,32.813353370999998,23.851518240000001
1617,P,pap,1,1.041184275,24.752535257000002,2.682204831
1618,P,pap,1,1.120981904,24.526878429,10.020789993999999
1619,P,pap,1,1.0707503890000001,24.498486347,17.053902315999999
1620,P,pap,1,1.09265116,24.414770938,23.809036203000002
1621,P,pap,1,10.422337535,24.262547115,2.9437257450000001
1622,P,pap,1,10.484307743,24.493730443,9.9794947070000006
1623,P,pap,1,10.545165784,24.482241715000001,16.887135194999999
1624,P,pap,1,10.560305936000001,24.640176106999998,23.989075272000001
1625,P,pap,1,19.606833936000001,24.861404113999999,2.4509331080000001
1626,P,pap,1,19.908716195,24.401287867000001,9.9866890129999994
1627,P,pap,1,20.001828196000002,24.438375955000001,16.830644372999998
1628,P,pap,1,19.746855959000001,24.611351616,23.909140620999999
1629,P,pap,1,29.054898409,24.692934495999999,2.3649243109999998
1630,P,pap,1,29.291107418999999,24.43189349,9.9933168779999999
1631,P,pap,1,29.402552426,24.581227265999999,16.938639981000001
1632,P,pap,1,29.395345782,24.536814645,23.788996933
1633,P,pap,1,5.658967734,16.737805844,2.3213786999999999
1634,P,pap,1,5.9029276069999996,16.374490845,10.00197155
1635,P,pap,1,5.7270981230000002,16.328577966000001,16.945161842000001
1636,P,pap,1,5.848925114,16.287060039,23.789802112
1637,P,pap,1,15.130124675999999,16.687982053999999,2.4497816750000001
1638,P,pap,1,15.263442453,16.389685174,9.9120977509999992
1639,P,pap,1,15.257046855,16.299082168000002,16.896912710999999
1640,P,pap,1,15.235947513999999,16.331795764999999,23.854898953999999
1641,P,pap,1,24.802210640999999,16.283928953,2.6571253910000001
1642,P,pap,1,24.684240499000001,16.335901754000002,10.016841379000001
1643,P,pap,1,24.661137240999999,16.210792211000001,17.054863472000001
1644,P,pap,1,24.835044223000001,16.362371691,23.986469624000001
1645,P,pap,1,34.093292749,16.276414667000001,3.0383591650000001
1646,P,pap,1,34.061722613000001,16.323635014000001,9.9055228730000007
1647,P,pap,1,34.031886845999999,16.278323146999998,17.032586405
1648,P,pap,1,34.036298109000001,16.505587200000001,23.981490711999999
1649,P,pap,1,1.299443656,8.1099113769999995,2.926764479
1650,P,pap,1,1.0045026210000001,8.2576623169999994,10.00153005
1651,P,pap,1,1.0849596379999999,8.2008664570000001,17.042006233999999
1652,P,pap,1,1.108480425,8.2961146840000008,23.861807546000001
1653,P,pap,1,10.611578255,8.0548714120000007,3.0159226989999999
1654,P,pap,1,10.489189986,8.3049296130000005,9.9832327190000001
1655,P,pap,1,10.492349604999999,8.2430563820000007,16.969378738
1656,P,pap,1,10.517433556,8.14122317,23.937774261000001
1657,P,pap,1,20.113543374999999,8.2251425539999996,3.0135130449999998
1658,P,pap,1,19.955643436999999,8.1968090969999992,9.8962453139999997
1659,P,pap,1,19.755393201,8.0998340249999998,16.754579755000002
1660,P,pap,1,19.824903375000002,8.1099047560000006,23.785084881
1661,P,pap,1,29.327530037999999,8.0302264789999995,3.0384577030000002
1662,P,pap,1,29.264200159000001,8.0854147059999999,9.9128605820000004
1663,P,pap,1,29.295031864999999,8.1149532000000004,16.967432515999999
1664,P,pap,1,29.283935421999999,8.2780233719999998,23.836410236999999
1665,O,oap1,-0.80000001192092896,4.4594754910000001,31.745663106999999,3.1649073859999999
1666,O,oap1,-0.80000001192092896,4.5028376110000004,32.050490347999997,10.021699781000001
1667,O,oap1,-0.80000001192092896,4.3191718379999999,32.116829744999997,17.058312557000001
1668,O,oap1,-0.80000001192092896,4.3273657659999998,31.998250710000001,23.868837939999999
1669,O,oap1,-0.80000001192092896,13.624509208999999,32.024351852000002,2.9563336630000001
1670,O,oap1,-0.80000001192092896,13.904013933,31.936727775000001,9.7397284079999995
1671,O,oap1,-0.80000001192092896,13.782258622000001,32.067148322000001,16.769099891
1672,O,oap1,-0.80000001192092896,13.604964387000001,32.312319164999998,24.006876599000002
1673,O,oap1,-0.80000001192092896,23.195710711,32.630796697000001,2.0017873060000002
1674,O,oap1,-0.80000001192092896,23.1662231,32.063236132999997,9.9780863950000001
1675,O,oap1,-0.80000001192092896,23.195255776,32.008969368000002,16.981836471000001
1676,O,oap1,-0.80000001192092896,23.207143821999999,32.058776958999999,23.979367722999999
1677,O,oap1,-0.80000001192092896,32.667801367000003,32.026633166000003,3.1048071410000002
1678,O,oap1,-0.80000001192092896,32.506480127000003,31.966931487,9.7663341829999997
1679,O,oap1,-0.80000001192092896,32.741704773000002,31.947736465999999,17.243526386999999
1680,O,oap1,-0.80000001192092896,32.875796018999999,31.873385194000001,24.026818928000001
1681,O,oap1,-0.80000001192092896,-0.45033503699999999,24.795327797999999,2.2416180959999998
1682,O,oap1,-0.80000001192092896,-0.16827481799999999,23.712388141000002,10.080176186999999
1683,O,oap1,-0.80000001192092896,-0.25054579199999999,23.703803491999999,17.055877911
1684,O,oap1,-0.80000001192092896,-0.017026426000000001,23.459037510000002,24.206775834999998
1685,O,oap1,-0.80000001192092896,9.0324001470000006,23.620612005000002,2.9879076750000002
1686,O,oap1,-0.80000001192092896,9.1424354189999999,23.801025363000001,9.8802246419999999
1687,O,oap1,-0.80000001192092896,9.2791107910000008,23.714752004000001,16.908591681000001
1688,O,oap1,-0.80000001192092896,9.222881224,23.855736949000001,23.781228304999999
1689,O,oap1,-0.80000001192092896,18.791750589999999,25.351907172000001,1.2207726800000001
1690,O,oap1,-0.80000001192092896,18.529191877999999,23.680317888000001,9.9503805090000004
1691,O,oap1,-0.80000001192092896,18.689591075999999,23.711389252,17.189426372
1692,O,oap1,-0.80000001192092896,18.603741329000002,23.605432637,24.247764076999999
1693,O,oap1,-0.80000001192092896,27.981179177000001,25.049169308,1.303439266
1694,O,oap1,-0.80000001192092896,27.951862043999999,23.612457251999999,9.9605234809999992
1695,O,oap1,-0.80000001192092896,28.078687106,23.827734124999999,16.788291396000002
1696,O,oap1,-0.80000001192092896,28.064676152000001,23.744422929999999,23.780995782000002
1697,O,oap1,-0.80000001192092896,4.8967529509999999,17.139592641,1.0255144190000001
1698,O,oap1,-0.80000001192092896,4.5176439730000002,15.707193912999999,10.042376566
1699,O,oap1,-0.80000001192092896,4.3539213050000001,15.614179985,16.839306377
1700,O,oap1,-0.80000001192092896,4.4295663230000004,15.600640610999999,23.825559672000001
1701,O,oap1,-0.80000001192092896,14.05376014,16.983241334999999,1.3840670479999999
1702,O,oap1,-0.80000001192092896,13.969659149,15.581478546,9.64002084
1703,O,oap1,-0.80000001192092896,13.967132588,15.533898729000001,16.690560797
1704,O,oap1,-0.80000001192092896,13.892244169,15.569006468,23.833108840000001
1705,O,oap1,-0.80000001192092896,23.400104397,15.728472289000001,2.8879667690000002
1706,O,oap1,-0.80000001192092896,23.450763759000001,15.407007204999999,10.233455790000001
1707,O,oap1,-0.80000001192092896,23.286214629,15.582723862,17.043379577
1708,O,oap1,-0.80000001192092896,23.416358124999999,15.681575787,24.214913025000001
1709,O,oap1,-0.80000001192092896,32.656659206,15.778824121,2.9638587830000001
1710,O,oap1,-0.80000001192092896,32.742567418,15.508859996,9.9653682359999998
1711,O,oap1,-0.80000001192092896,32.605503661999997,15.547757128000001,16.992832053000001
1712,O,oap1,-0.80000001192092896,32.785506105000003,15.641718346999999,23.709274383
1713,O,oap1,-0.80000001192092896,-0.16825563199999999,7.6164282080000003,3.065728499
1714,O,oap1,-0.80000001192092896,-0.21593200600000001,7.3763046040000004,10.157683229
1715,O,oap1,-0.80000001192092896,-0.23667424300000001,7.516051772,17.029588829000001
1716,O,oap1,-0.80000001192092896,-0.174295176,7.5887819209999998,24.091658648999999
1717,O,oap1,-0.80000001192092896,9.1719152279999996,7.5428014289999998,2.8348093360000002
1718,O,oap1,-0.80000001192092896,9.1618520360000009,7.5140001999999999,9.9011656610000003
1719,O,oap1,-0.80000001192092896,9.1070501030000006,7.569521591,16.984291848000002
1720,O,oap1,-0.80000001192092896,9.1247829780000007,7.4112051330000002,23.909350171
1721,O,oap1,-0.80000001192092896,18.75628335,7.4851869850000003,2.673434973
1722,O,oap1,-0.80000001192092896,18.566980973,7.4878130409999999,9.6892260859999997
1723,O,oap1,-0.80000001192092896,18.395700955999999,7.3831520709999996,16.865963963999999
1724,O,oap1,-0.80000001192092896,18.473480658,7.425767843,23.760815127000001
1725,O,oap1,-0.80000001192092896,27.90629946,7.451030577,3.2660052820000001
1726,O,oap1,-0.80000001192092896,27.886716405000001,7.446344742,9.9960497040000007
1727,O,oap1,-0.80000001192092896,27.993611763000001,7.3481438060000004,17.001513653
1728,O,oap1,-0.80000001192092896,28.056576886999999,7.4669112850000001,24.254222827
1729,O,oap1,-0.80000001192092896,5.7327459660000004,34.008932373,3.007042437
1730,O,oap1,-0.80000001192092896,5.6823084059999998,34.325143199000003,9.9171909019999998
1731,O,oap1,-0.80000001192092896,5.6282490440000004,34.281795148999997,16.922663774
1732,O,oap1,-0.80000001192092896,5.8248160960000002,34.126384858999998,23.818778406
1733,O,oap1,-0.80000001192092896,15.221148714,34.071657776999999,2.9286628750000001
1734,O,oap1,-0.80000001192092896,14.915917856,34.234738622999998,9.9136740549999995
1735,O,oap1,-0.80000001192092896,15.186958455999999,34.260372658999998,16.982958834000002
1736,O,oap1,-0.80000001192092896,15.177339318,34.297547989999998,23.916689811000001
1737,O,oap1,-0.80000001192092896,24.509805475,34.360917139000001,3.1915958579999999
1738,O,oap1,-0.80000001192092896,24.352717377000001,34.244166890000002,9.9939084900000008
1739,O,oap1,-0.80000001192092896,24.488227081000002,34.280590502000003,16.822353833000001
1740,O,oap1,-0.80000001192092896,24.544644793,34.292390335999997,23.862594517000002
1741,O,oap1,-0.80000001192092896,34.092905526000003,34.190829149000002,3.2592941849999999
1742,O,oap1,-0.80000001192092896,33.834984079000002,34.161382056000001,9.9143023629999991
1743,O,oap1,-0.80000001192092896,33.637031225000001,34.159277897000003,16.923463274
1744,O,oap1,-0.80000001192092896,33.833144717000003,34.321327853,24.139077444000002
1745,O,oap1,-0.80000001192092896,1.361397188,26.282590909,2.9672798249999999
1746,O,oap1,-0.80000001192092896,0.74509315799999998,26.048469572999998,10.116399917000001
1747,O,oap1,-0.80000001192092896,0.88826976400000002,26.030655164999999,16.953182814000002
1748,O,oap1,-0.80000001192092896,0.70597173099999999,25.864536567999998,23.783023374999999
1749,O,oap1,-0.80000001192092896,10.454415259999999,25.832531186000001,2.9923335259999999
1750,O,oap1,-0.80000001192092896,10.437518368999999,25.968123587000001,9.9819106509999997
1751,O,oap1,-0.80000001192092896,10.285681109,26.066902241000001,16.864023527000001
1752,O,oap1,-0.80000001192092896,10.271350200000001,26.102045908000001,24.081067052000002
1753,O,oap1,-0.80000001192092896,20.009970253999999,26.204742606,3.0546229559999998
1754,O,oap1,-0.80000001192092896,19.691760846000001,25.954556484000001,10.027131455999999
1755,O,oap1,-0.80000001192092896,19.771534828,25.972148880999999,16.770382948000002
1756,O,oap1,-0.80000001192092896,19.193958160000001,26.026575691000001,23.977916616000002
1757,O,oap1,-0.80000001192092896,29.705875930000001,26.038715638999999,2.7993109930000002
1758,O,oap1,-0.80000001192092896,29.109369972,25.934660976,9.923096095
1759,O,oap1,-0.80000001192092896,29.234035912,26.131262836000001,17.067906061999999
1760,O,oap1,-0.80000001192092896,29.026981193000001,25.986332808,23.772233793000002
1761,O,oap1,-0.80000001192092896,5.7512330120000001,18.06827835,3.128483932
1762,O,oap1,-0.80000001192092896,5.5839059200000003,17.913406689999999,9.8591270909999995
1763,O,oap1,-0.80000001192092896,5.6872916169999996,17.879586486000001,17.121392026999999
1764,O,oap1,-0.80000001192092896,5.7767591879999998,17.844034306000001,23.799500370000001
1765,O,oap1,-0.80000001192092896,15.336344762,18.159681146,2.9687164199999998
1766,O,oap1,-0.80000001192092896,15.003686799,17.904566934000002,10.011635817
1767,O,oap1,-0.80000001192092896,15.053791424,17.810216005000001,17.037356260999999
1768,O,oap1,-0.80000001192092896,15.085129373999999,17.885301691999999,23.973205656000001
1769,O,oap1,-0.80000001192092896,24.772045772999999,17.860553296999999,2.7453024959999999
1770,O,oap1,-0.80000001192092896,24.20512068,17.802063614000001,10.007588761999999
1771,O,oap1,-0.80000001192092896,24.461731736000001,17.742710998,17.015121935
1772,O,oap1,-0.80000001192092896,24.775242551000002,17.864153605999999,23.877305606
1773,O,oap1,-0.80000001192092896,34.233009383999999,17.820538720999998,2.910854386
1774,O,oap1,-0.80000001192092896,33.792781679000001,17.823150079000001,9.9718248850000002
1775,O,oap1,-0.80000001192092896,33.933800318000003,17.789726247000001,17.154045179000001
1776,O,oap1,-0.80000001192092896,33.921692278999998,18.078959050000002,23.997542552999999
1777,O,oap1,-0.80000001192092896,1.409997554,9.6625639799999998,3.0291284890000001
1778,O,oap1,-0.80000001192092896,0.69034303699999999,9.7781900900000007,10.06047564
1779,O,oap1,-0.80000001192092896,0.935801514,9.7356550340000005,17.030273523999998
1780,O,oap1,-0.80000001192092896,0.74943802100000001,9.8042297269999992,23.810802249000002
1781,O,oap1,-0.80000001192092896,10.602881894999999,9.5868126940000007,2.888098056
1782,O,oap1,-0.80000001192092896,10.274654626,9.851975264,10.043825413
1783,O,oap1,-0.80000001192092896,10.43291338,9.836085164,16.897850112
1784,O,oap1,-0.80000001192092896,10.300493786000001,9.6671620829999991,23.850831028999998
1785,O,oap1,-0.80000001192092896,19.929710121999999,9.7247245899999992,3.3526245960000001
1786,O,oap1,-0.80000001192092896,19.811211966999998,9.7135800099999994,10.00285023
1787,O,oap1,-0.80000001192092896,19.639994156,9.6528422129999996,16.682354329999999
1788,O,oap1,-0.80000001192092896,19.672770934999999,9.6454909769999997,23.873980875000001
1789,O,oap1,-0.80000001192092896,29.381073771000001,9.5277913129999998,2.8676795080000002
1790,O,oap1,-0.80000001192092896,29.227750275999998,9.6488901039999995,9.865933815
1791,O,oap1,-0.80000001192092896,29.080578966000001,9.6764705440000007,17.033292114999998
1792,O,oap1,-0.80000001192092896,28.9238131,9.7670917030000002,23.898530088000001
1793,Ca,ca+h,1.5,2.1198363379999998,24.730568494,6.4090662460000001
1794,Ca,ca+h,1.5,2.4095243879999999,24.602072592999999,13.522474612
1795,Ca,ca+h,1.5,2.4390444900000001,24.605622668999999,20.406666982000001
1796,Ca,ca+h,1.5,2.3020487740000002,24.828139164,27.178639943
1797,Ca,ca+h,1.5,11.738586127,24.570791182000001,6.4552890549999997
1798,Ca,ca+h,1.5,11.806565356,24.713210795999998,13.418913227999999
1799,Ca,ca+h,1.5,11.848860719999999,24.591927205000001,20.459274484000002
1800,Ca,ca+h,1.5,11.579439539999999,24.740378221,27.638320477000001
1801,Ca,ca+h,1.5,21.422062645,24.545284478999999,6.6985349210000003
1802,Ca,ca+h,1.5,21.187096108999999,24.766494966,13.432376616999999
1803,Ca,ca+h,1.5,21.191104044999999,24.549156168,20.269317701999999
1804,Ca,ca+h,1.5,21.260646003000002,24.641587598000001,27.187425269999999
1805,Ca,ca+h,1.5,30.813288201999999,24.447553588000002,6.7009696940000003
1806,Ca,ca+h,1.5,30.755767719000001,24.637290492000002,13.509850337
1807,Ca,ca+h,1.5,30.579577356000001,24.785477924999999,20.425425268000001
1808,Ca,ca+h,1.5,30.862742986000001,24.800778841,27.204589013
1809,Ca,ca+h,1.5,7.1553067779999999,16.542703094,6.4505489120000004
1810,Ca,ca+h,1.5,7.0805064870000001,16.50687409,13.414685023000001
1811,Ca,ca+h,1.5,7.2833563620000001,16.428318064999999,20.367028860000001
1812,Ca,ca+h,1.5,7.3358011630000002,16.475106066999999,27.562652055000001
1813,Ca,ca+h,1.5,16.707558787,16.325253984,6.5503483820000001
1814,Ca,ca+h,1.5,16.599265132999999,16.557136796000002,13.309470587
1815,Ca,ca+h,1.5,16.680915282000001,16.420212272000001,20.432165274999999
1816,Ca,ca+h,1.5,16.528932683000001,16.412780589,27.153421130000002
1817,Ca,ca+h,1.5,25.885199852,16.283270611999999,6.2453942280000003
1818,Ca,ca+h,1.5,26.100425899000001,16.385164952,13.472935874999999
1819,Ca,ca+h,1.5,26.059089213,16.398229441000002,20.511022682
1820,Ca,ca+h,1.5,25.953340422,16.693793927000002,27.383659905999998
1821,Ca,ca+h,1.5,35.463742060000001,16.333762523000001,6.3959542950000001
1822,Ca,ca+h,1.5,35.285949826,16.369663704000001,13.544695893
1823,Ca,ca+h,1.5,35.361091655000003,16.449069660999999,20.484336292999998
1824,Ca,ca+h,1.5,35.399003831999998,16.551686359000001,27.475468025000001
1825,Ca,ca+h,1.5,2.2957703189999998,8.3062183639999994,6.4910963019999999
1826,Ca,ca+h,1.5,2.3186916709999998,8.381910499,13.432126870999999
1827,Ca,ca+h,1.5,2.702739652,8.3096245779999993,20.488627266000002
1828,Ca,ca+h,1.5,2.5543298769999998,8.4605827349999991,27.456430631
1829,Ca,ca+h,1.5,11.945534377,8.3904473989999993,6.3965110469999997
1830,Ca,ca+h,1.5,11.731351811,8.3179418980000008,13.495426158000001
1831,Ca,ca+h,1.5,11.863928966,8.3851914880000002,20.498621926999999
1832,Ca,ca+h,1.5,11.766857262,8.2092234299999998,27.546152976999998
1833,Ca,ca+h,1.5,21.145767087999999,8.2543456989999999,6.5898960649999996
1834,Ca,ca+h,1.5,21.236613609999999,8.3102732110000002,13.350419392999999
1835,Ca,ca+h,1.5,21.138193302000001,8.2715011270000005,20.227346602000001
1836,Ca,ca+h,1.5,21.082237528,8.2081944559999993,27.277023796999998
1837,Ca,ca+h,1.5,30.521073271999999,8.1948492460000004,6.4832428350000004
1838,Ca,ca+h,1.5,30.504179224000001,8.2393450030000004,13.385228869000001
1839,Ca,ca+h,1.5,30.561203721999998,8.1491135890000006,20.294529895
1840,Ca,ca+h,1.5,30.552995438,8.3052392560000001,27.065457573
1841,Ca,ca+h,1.5,6.9971860059999997,0.33325976600000001,6.2830315350000001
1842,Ca,ca+h,1.5,7.0026466999999997,0.19272707,13.373388481999999
1843,Ca,ca+h,1.5,7.0415187870000002,0.133419124,20.515245066999999
1844,Ca,ca+h,1.5,6.9434428270000002,0.18244901299999999,27.155200917999998
1845,Ca,ca+h,1.5,16.475187705,0.25990818900000001,6.3722284199999999
1846,Ca,ca+h,1.5,16.358593186,0.19628279900000001,13.433173997000001
1847,Ca,ca+h,1.5,16.523110937999999,0.169484196,20.389105925999999
1848,Ca,ca+h,1.5,16.342290827999999,-0.031355207000000003,27.541566583000002
1849,Ca,ca+h,1.5,25.77540321,0.110636189,6.3223971470000002
1850,Ca,ca+h,1.5,25.866115686000001,0.17874936599999999,13.417363194
1851,Ca,ca+h,1.5,25.925817266999999,0.14793299400000001,20.436692879999999
1852,Ca,ca+h,1.5,25.89510452,0.016281628999999999,27.418367903
1853,Ca,ca+h,1.5,35.260760961999999,0.28699644299999999,6.5351607869999997
1854,Ca,ca+h,1.5,35.284652162999997,0.10747124600000001,13.490028088000001
1855,Ca,ca+h,1.5,35.500150763000001,0.31645139999999999,20.311925848000001
1856,Ca,ca+h,1.5,35.517334822999999,0.35821150400000001,27.163115168000001
1857,P,pap,1,2.6731739800000001,27.795332787,6.4688379659999997
1858,P,pap,1,2.8361051819999998,27.730636567000001,13.423605175000001
1859,P,pap,1,2.61495772,27.683821004999999,20.434418256000001
1860,P,pap,1,2.75409265,27.780244768999999,27.283032832
1861,P,pap,1,12.213599534,27.571931165999999,6.364183154
1862,P,pap,1,12.138222240999999,27.750255397,13.452784413
1863,P,pap,1,12.090556622999999,27.865231427000001,20.403439426999999
1864,P,pap,1,12.507474630000001,27.868213138000002,27.41719896
1865,P,pap,1,21.682825173000001,27.57427474,6.4177358020000002
1866,P,pap,1,21.533801871000001,27.809992035,13.386099720000001
1867,P,pap,1,21.470660377000002,27.665201051,20.301569484000002
1868,P,pap,1,21.527385572,27.618666770000001,27.407704370000001
1869,P,pap,1,31.083499405000001,27.651022524999998,6.3867244569999997
1870,P,pap,1,30.939899312000001,27.740959601,13.530839317
1871,P,pap,1,30.841378664,27.941375038,20.508283760000001
1872,P,pap,1,30.943771305999999,27.858893418000001,27.42456241
1873,P,pap,1,7.4878362049999998,19.719639230999999,6.4421348639999998
1874,P,pap,1,7.4118648780000003,19.562790026999998,13.370940728000001
1875,P,pap,1,7.5545388459999998,19.571661901999999,20.388015562
1876,P,pap,1,7.8041234519999998,19.598827131,27.576472144
1877,P,pap,1,16.808280365000002,19.674248244000001,6.514299233
1878,P,pap,1,16.905150497000001,19.612058283,13.447335877
1879,P,pap,1,16.893674082,19.53059945,20.486008064
1880,P,pap,1,16.706623808,19.710084161000001,27.512227872
1881,P,pap,1,26.204852287000001,19.497033425000001,6.5431855670000001
1882,P,pap,1,26.345685574000001,19.525850868999999,13.406694495
1883,P,pap,1,26.282683202000001,19.564748518999998,20.394585943999999
1884,P,pap,1,26.801728654000001,19.675372629999998,27.718718821
1885,P,pap,1,35.70002693,19.623091882000001,6.408838577
1886,P,pap,1,35.711303200000003,19.529917326,13.503003738
1887,P,pap,1,35.708930674000001,19.630372298000001,20.382985144999999
1888,P,pap,1,35.655974888999999,19.626689354,27.514275035000001
1889,P,pap,1,2.6740932919999998,11.459763604999999,6.564420202
1890,P,pap,1,2.6436941410000001,11.556110129,13.500529058
1891,P,pap,1,2.7825080299999998,11.483997769,20.340853328000001
1892,P,pap,1,3.0269642370000001,11.54753614,27.288331247999999
1893,P,pap,1,12.026583404,11.355007003000001,6.3406985709999999
1894,P,pap,1,12.072865073999999,11.443110859000001,13.287732245000001
1895,P,pap,1,12.080129876000001,11.341461697,20.435807272000002
1896,P,pap,1,12.097226084000001,11.243174971,27.393716678000001
1897,P,pap,1,21.565972040999998,11.468953352,6.5843180769999998
1898,P,pap,1,21.528896184000001,11.397040612,13.471422907999999
1899,P,pap,1,21.382286408999999,11.449185922,20.349242395000001
1900,P,pap,1,21.439225043,11.292735947000001,27.358934180999999
1901,P,pap,1,31.036703784,11.372933342,6.5089748219999999
1902,P,pap,1,30.944086673000001,11.39039638,13.444684476999999
1903,P,pap,1,30.901385421000001,11.22880338,20.320664613999998
1904,P,pap,1,31.027023181000001,11.7052578,27.727322344000001
1905,P,pap,1,7.3053509779999999,3.3069557270000001,6.4766749709999996
1906,P,pap,1,7.4251119939999999,3.2195944480000001,13.422288642
1907,P,pap,1,7.4346000119999998,3.2806135900000002,20.305872289
1908,P,pap,1,7.5011177099999999,3.1098439660000001,27.300624160000002
1909,P,pap,1,16.83136146,3.3277141810000002,6.3987173129999997
1910,P,pap,1,16.731442563000002,3.3632453349999998,13.374188984
1911,P,pap,1,16.833925288,3.2140152830000002,20.346253513000001
1912,P,pap,1,16.829360702999999,3.7388284669999998,28.239180519000001
1913,P,pap,1,26.210140024000001,3.4629107299999999,6.5699539299999996
1914,P,pap,1,26.255346068000001,3.2987599479999998,13.491412574
1915,P,pap,1,26.145138011,3.229363733,20.467064504
1916,P,pap,1,25.948397954000001,3.1749177350000002,27.431234752000002
1917,P,pap,1,35.671680529,3.3101563440000001,6.423989444
1918,P,pap,1,35.699724291000003,3.16341173,13.490185561000001
1919,P,pap,1,35.716900565000003,3.2651814379999999,20.386504248000001
1920,P,pap,1,35.870297784999998,3.3157226120000001,27.524494597
1921,O,oap1,-0.80000001192092896,1.46025472,28.660504026000002,6.581018179
1922,O,oap1,-0.80000001192092896,1.486674002,28.482756526999999,13.688956753999999
1923,O,oap1,-0.80000001192092896,1.3026540419999999,28.509470842999999,20.362786099000001
1924,O,oap1,-0.80000001192092896,1.559196451,28.803961441999999,27.461046368000002
1925,O,oap1,-0.80000001192092896,10.888679937999999,28.339256536000001,6.0298652989999999
1926,O,oap1,-0.80000001192092896,10.816728616000001,28.539471596999999,13.323838471
1927,O,oap1,-0.80000001192092896,10.735527711,28.587000287999999,20.288842495000001
1928,O,oap1,-0.80000001192092896,12.341298778000001,29.404966629,27.554083163000001
1929,O,oap1,-0.80000001192092896,20.411308529999999,28.323133186,6.0371719309999996
1930,O,oap1,-0.80000001192092896,20.297141782000001,28.746430883999999,13.314932255
1931,O,oap1,-0.80000001192092896,20.154657728,28.422521136,20.216695606999998
1932,O,oap1,-0.80000001192092896,20.321039013,28.603552095000001,27.511378112999999
1933,O,oap1,-0.80000001192092896,29.753749384999999,28.434520727999999,6.3395760399999999
1934,O,oap1,-0.80000001192092896,29.606866209,28.558342890999999,13.397775571
1935,O,oap1,-0.80000001192092896,29.549326868000001,28.731564555999999,20.469106646
1936,O,oap1,-0.80000001192092896,29.888798420000001,28.987953989000001,27.675916667999999
1937,O,oap1,-0.80000001192092896,6.2821681270000003,20.672407705000001,6.5182061170000001
1938,O,oap1,-0.80000001192092896,6.1396118819999996,20.389599019999999,13.429517397
1939,O,oap1,-0.80000001192092896,6.229769213,20.287441401999999,20.208936000000001
1940,O,oap1,-0.80000001192092896,6.8793239509999999,20.614362074999999,28.328720018999999
1941,O,oap1,-0.80000001192092896,15.453041877,20.342125706000001,6.3524459179999999
1942,O,oap1,-0.80000001192092896,15.605940259,20.464156251999999,13.251097401999999
1943,O,oap1,-0.80000001192092896,15.535203674,20.263489703000001,20.206968454999998
1944,O,oap1,-0.80000001192092896,15.294255089,20.226557646,27.242011130000002
1945,O,oap1,-0.80000001192092896,24.939891006,20.380787298000001,6.4861968579999996
1946,O,oap1,-0.80000001192092896,25.057311606999999,20.326288518999998,13.621122413
1947,O,oap1,-0.80000001192092896,24.974584179000001,20.345341908000002,20.660280259
1948,O,oap1,-0.80000001192092896,26.199279324999999,20.736796683000001,28.670608175000002
1949,O,oap1,-0.80000001192092896,34.415482795999999,20.346531975000001,6.1154567030000004
1950,O,oap1,-0.80000001192092896,34.314394616000001,20.220277015000001,13.411753972
1951,O,oap1,-0.80000001192092896,34.435713171000003,20.459052270000001,20.189342057000001
1952,O,oap1,-0.80000001192092896,34.470319287000002,20.615599070999998,27.376319552999998
1953,O,oap1,-0.80000001192092896,1.3713678979999999,12.294988757,6.489283661
1954,O,oap1,-0.80000001192092896,1.3865839790000001,12.402127778000001,13.58706774
1955,O,oap1,-0.80000001192092896,1.449466758,12.169410846,20.713281807000001
1956,O,oap1,-0.80000001192092896,2.2058799470000001,12.584145221,27.990545767
1957,O,oap1,-0.80000001192092896,10.688664988999999,12.202717614999999,6.3455975489999998
1958,O,oap1,-0.80000001192092896,10.841189322,12.338231439999999,13.344045905
1959,O,oap1,-0.80000001192092896,10.707760923,12.098397372000001,20.27853043
1960,O,oap1,-0.80000001192092896,10.791086922,12.096740603000001,27.482078971
1961,O,oap1,-0.80000001192092896,20.171067987000001,12.086493667999999,6.359222301
1962,O,oap1,-0.80000001192092896,20.186772384000001,12.142042697000001,13.263919508000001
1963,O,oap1,-0.80000001192092896,20.055267474000001,12.228564647000001,20.357647009000001
1964,O,oap1,-0.80000001192092896,20.272857891000001,12.240440352,27.465104504999999
1965,O,oap1,-0.80000001192092896,29.742577469,12.229881842999999,6.3470907700000003
1966,O,oap1,-0.80000001192092896,29.620052846,12.142438834,13.40433309
1967,O,oap1,-0.80000001192092896,29.645493975000001,11.997462348000001,20.187166832999999
1968,O,oap1,-0.80000001192092896,31.209274883999999,13.185808117000001,27.312291581
1969,O,oap1,-0.80000001192092896,6.0081196080000003,4.1638942999999999,6.4036808030000003
1970,O,oap1,-0.80000001192092896,6.2186257579999999,4.0913411100000001,13.687311955
1971,O,oap1,-0.80000001192092896,6.1663364290000002,4.0768723600000003,20.374283721000001
1972,O,oap1,-0.80000001192092896,6.1555108130000002,3.8132436699999999,27.612123766
1973,O,oap1,-0.80000001192092896,15.526477427,4.0820747749999997,6.5466461369999998
1974,O,oap1,-0.80000001192092896,15.493906865,4.2473743239999999,13.210158552999999
1975,O,oap1,-0.80000001192092896,15.513958745,4.005430617,20.221166404000002
1976,O,oap1,-0.80000001192092896,15.554801450999999,4.0077725800000001,27.357717910000002
1977,O,oap1,-0.80000001192092896,25.134327125999999,4.49092628,6.1713800030000003
1978,O,oap1,-0.80000001192092896,24.996360588999998,4.1496706430000003,13.175298489999999
1979,O,oap1,-0.80000001192092896,24.818520399000001,4.0647834300000003,20.429431042000001
1980,O,oap1,-0.80000001192092896,24.787465252000001,4.1302583100000003,27.329223250999998
1981,O,oap1,-0.80000001192092896,34.381824285,4.0112982879999999,6.0986672520000003
1982,O,oap1,-0.80000001192092896,34.371164798000002,3.9967330539999999,13.384804394
1983,O,oap1,-0.80000001192092896,34.418756815999998,4.0868855420000001,20.534083891000002
1984,O,oap1,-0.80000001192092896,34.654573288999998,4.2463954859999999,27.896266478000001
1985,O,oap1,-0.80000001192092896,4.006305255,28.544619441999998,6.4494385760000004
1986,O,oap1,-0.80000001192092896,4.038300359,28.700689506,13.392163049000001
1987,O,oap1,-0.80000001192092896,3.8893394269999999,28.513999095999999,20.590971687
1988,O,oap1,-0.80000001192092896,4.1407376820000001,28.392764025999998,26.980122194
1989,O,oap1,-0.80000001192092896,13.416400199,28.536463306000002,6.4660024659999999
1990,O,oap1,-0.80000001192092896,13.306083599000001,28.813546388999999,13.463605052
1991,O,oap1,-0.80000001192092896,13.272123911,28.880729903999999,20.46549474
1992,O,oap1,-0.80000001192092896,13.365237575,27.470097923000001,28.664138553000001
1993,O,oap1,-0.80000001192092896,22.843056010000002,28.597437671000002,6.4550544829999996
1994,O,oap1,-0.80000001192092896,22.856763841999999,28.605824039000002,13.602861752000001
1995,O,oap1,-0.80000001192092896,22.720110676000001,28.686892314000001,20.493048552000001
1996,O,oap1,-0.80000001192092896,22.844067327000001,28.402436549000001,27.359217549
1997,O,oap1,-0.80000001192092896,32.315844327999997,28.577291032000002,6.3950247190000002
1998,O,oap1,-0.80000001192092896,32.121624978,28.751833620999999,13.473242516999999
1999,O,oap1,-0.80000001192092896,32.050877552999999,28.835122745,20.604419521000001
2000,O,oap1,-0.80000001192092896,32.384233819000002,28.431627243000001,27.488450173
2001,O,oap1,-0.80000001192092896,8.9077398080000005,20.391713203999998,6.4634704559999996
2002,O,oap1,-0.80000001192092896,8.6521132299999994,20.513888079000001,13.400531362000001
2003,O,oap1,-0.80000001192092896,8.7264174990000001,20.567171870999999,20.400487772999998
2004,O,oap1,-0.80000001192092896,9.1040695270000001,20.386358368,27.243220892
2005,O,oap1,-0.80000001192092896,17.988822001999999,20.634052883999999,6.5778462720000004
2006,O,oap1,-0.80000001192092896,18.118452227999999,20.527876987999999,13.606030396
2007,O,oap1,-0.80000001192092896,18.092891293000001,20.532943202999999,20.668944826000001
2008,O,oap1,-0.80000001192092896,17.702536414000001,20.899030814,27.690117570999998
2009,O,oap1,-0.80000001192092896,27.591087546000001,20.295346335000001,6.585703713
2010,O,oap1,-0.80000001192092896,27.670731798999999,20.430521771999999,13.443570754
2011,O,oap1,-0.80000001192092896,27.460357975000001,20.553970899999999,20.394171178000001
2012,O,oap1,-0.80000001192092896,27.947254993000001,20.359645781000001,26.982238588000001
2013,O,oap1,-0.80000001192092896,36.963519402000003,20.544774012000001,6.4378547020000001
2014,O,oap1,-0.80000001192092896,36.991762270000002,20.432579097000001,13.390565173000001
2015,O,oap1,-0.80000001192092896,37.005981398000003,20.482412208,20.472920268999999
2016,O,oap1,-0.80000001192092896,37.005266120999998,20.402117909000001,27.784371234999998
2017,O,oap1,-0.80000001192092896,3.8657367950000001,12.385058065000001,6.4515321410000004
2018,O,oap1,-0.80000001192092896,3.9910773810000002,12.319456667000001,13.484980489
2019,O,oap1,-0.80000001192092896,4.0432153680000003,12.355620268999999,20.202297694999999
2020,O,oap1,-0.80000001192092896,4.3327422139999996,12.163712291,26.754302614
2021,O,oap1,-0.80000001192092896,13.280362632999999,12.218383623999999,6.3743096210000001
2022,O,oap1,-0.80000001192092896,13.354090463,12.270203043,13.343611946999999
2023,O,oap1,-0.80000001192092896,13.293869046999999,12.265142566,20.498663028999999
2024,O,oap1,-0.80000001192092896,13.314899581000001,12.193033782000001,27.209637973
2025,O,oap1,-0.80000001192092896,22.747106685999999,12.452616559000001,6.7181802099999999
2026,O,oap1,-0.80000001192092896,22.828522003,12.311195161000001,13.549036169000001
2027,O,oap1,-0.80000001192092896,22.623483005000001,12.245226067000001,20.372508876000001
2028,O,oap1,-0.80000001192092896,22.742034134000001,12.036414623000001,27.482757563
2029,O,oap1,-0.80000001192092896,32.307201778,12.297294979,6.4648780559999999
2030,O,oap1,-0.80000001192092896,32.163695574000002,12.327131576999999,13.335576631
2031,O,oap1,-0.80000001192092896,32.145377639000003,12.188218854,20.338036936000002
2032,O,oap1,-0.80000001192092896,32.312627695000003,11.381916234,28.389574281000002
2033,O,oap1,-0.80000001192092896,8.5489769419999995,4.1554825490000002,6.4574145869999997
2034,O,oap1,-0.80000001192092896,8.7308340130000008,4.0378755829999999,13.427274800999999
2035,O,oap1,-0.80000001192092896,8.6777950179999994,4.1951641410000002,20.199085465
2036,O,oap1,-0.80000001192092896,8.701699799,4.0450008009999996,27.022516107000001
2037,O,oap1,-0.80000001192092896,18.061556005,4.252522817,6.358866989
2038,O,oap1,-0.80000001192092896,18.067053908999998,4.1910651110000003,13.404514241999999
2039,O,oap1,-0.80000001192092896,18.090492716,4.1486150989999997,20.379050869
2040,O,oap1,-0.80000001192092896,18.141617779000001,4.0532686550000001,27.549619049
2041,O,oap1,-0.80000001192092896,27.562245521000001,4.23083761,6.678702124
2042,O,oap1,-0.80000001192092896,27.428637706,4.2929319210000001,13.572889740999999
2043,O,oap1,-0.80000001192092896,27.361167626,4.1950337820000003,20.49546827
2044,O,oap1,-0.80000001192092896,27.272153916000001,3.96944352,27.478962655
2045,O,oap1,-0.80000001192092896,36.800946891000002,4.2999253749999999,6.7071452750000002
2046,O,oap1,-0.80000001192092896,36.933182699,4.1065339080000003,13.548250845
2047,O,oap1,-0.80000001192092896,36.930275735000002,4.2345936799999997,20.268242008000001
2048,O,oap1,-0.80000001192092896,37.145247046000001,4.1797363680000004,27.341967117999999
2049,Ca,ca+h,1.5,1.418811729,31.040111244999999,6.4977869779999997
2050,Ca,ca+h,1.5,1.2655799160000001,31.016288213999999,13.366447291
2051,Ca,ca+h,1.5,1.343940103,30.896301044000001,20.478860677
2052,Ca,ca+h,1.5,1.458817544,31.125050851000001,27.486272294999999
2053,Ca,ca+h,1.5,10.564173357,30.758450719999999,6.3009391289999996
2054,Ca,ca+h,1.5,10.651773377,30.865336342999999,13.472560804
2055,Ca,ca+h,1.5,10.75803357,30.850496108000002,20.375878887999999
2056,Ca,ca+h,1.5,10.622731926,30.981295685999999,27.265706965
2057,Ca,ca+h,1.5,20.121266495,30.766647558999999,6.5114403210000003
2058,Ca,ca+h,1.5,20.034845267000001,31.032001706999999,13.390083833
2059,Ca,ca+h,1.5,20.014534612999999,30.909443676999999,20.425987628000001
2060,Ca,ca+h,1.5,19.920453635000001,30.764189754,27.457882211000001
2061,Ca,ca+h,1.5,29.598195878999999,30.951325016999998,6.3854081950000001
2062,Ca,ca+h,1.5,29.495507615000001,30.972574452,13.421157721
2063,Ca,ca+h,1.5,29.559510829000001,31.122087001000001,20.344396854999999
2064,Ca,ca+h,1.5,29.437687242999999,31.200828032,27.220628001000001
2065,Ca,ca+h,1.5,5.8257702370000004,23.052446945,6.7864932260000002
2066,Ca,ca+h,1.5,6.0302004550000001,22.810037357999999,13.513799776999999
2067,Ca,ca+h,1.5,6.0396732780000004,22.683690084999999,20.385382061000001
2068,Ca,ca+h,1.5,5.6470821349999998,22.605514638999999,27.510363584
2069,Ca,ca+h,1.5,15.353963984,22.723791207000001,6.408769371
2070,Ca,ca+h,1.5,15.584433028999999,22.809525084000001,13.470899762
2071,Ca,ca+h,1.5,15.426749997,22.787654776,20.349766155000001
2072,Ca,ca+h,1.5,15.263876183000001,22.700524135999999,27.466846054000001
2073,Ca,ca+h,1.5,24.864754446999999,22.721795935999999,6.4537130549999997
2074,Ca,ca+h,1.5,24.795748248999999,22.595308103000001,13.613203207
2075,Ca,ca+h,1.5,24.770009777999999,22.721136355999999,20.565386849999999
2076,Ca,ca+h,1.5,24.876764505000001,22.4295528,27.563455810000001
2077,Ca,ca+h,1.5,34.297370241000003,22.820318919000002,6.5672203409999996
2078,Ca,ca+h,1.5,34.272043922000002,22.687452137000001,13.520473776999999
2079,Ca,ca+h,1.5,34.251407849000003,22.800585120000001,20.349806131000001
2080,Ca,ca+h,1.5,33.988528027000001,22.934850944000001,27.478458268000001
2081,Ca,ca+h,1.5,1.4192664420000001,14.639222806999999,6.5231439360000003
2082,Ca,ca+h,1.5,1.16901934,14.730398412,13.501137406
2083,Ca,ca+h,1.5,1.221930145,14.671254076,20.487729564999999
2084,Ca,ca+h,1.5,1.0784909970000001,14.528376522,27.378176267000001
2085,Ca,ca+h,1.5,10.717226082,14.627401483,6.5155401900000003
2086,Ca,ca+h,1.5,10.590654785,14.705505813,13.40760936
2087,Ca,ca+h,1.5,10.737234945999999,14.510925174,20.397275109999999
2088,Ca,ca+h,1.5,10.715432637999999,14.353132198999999,27.515910849000001
2089,Ca,ca+h,1.5,20.114949307,14.487681148,6.3830870739999996
2090,Ca,ca+h,1.5,20.127776361999999,14.588803572,13.383334456
2091,Ca,ca+h,1.5,20.14092875,14.508879196000001,20.491334712
2092,Ca,ca+h,1.5,20.222446985000001,14.583142896,27.561965402999999
2093,Ca,ca+h,1.5,29.509240536,14.545221415,6.5437223409999996
2094,Ca,ca+h,1.5,29.525844654,14.543737024,13.47997475
2095,Ca,ca+h,1.5,29.544433107,14.529738978999999,20.412875857
2096,Ca,ca+h,1.5,29.498174904999999,14.716103024000001,27.066980362999999
2097,Ca,ca+h,1.5,5.9079376999999997,6.5459052550000001,6.4188740769999999
2098,Ca,ca+h,1.5,5.9015534499999998,6.5322888050000003,13.485548183000001
2099,Ca,ca+h,1.5,5.9072063930000001,6.4071518510000001,20.329994047
2100,Ca,ca+h,1.5,5.7541868359999997,6.2615436600000001,27.26966144
2101,Ca,ca+h,1.5,15.304180102,6.4721280500000002,6.4550271349999999
2102,Ca,ca+h,1.5,15.436136749999999,6.4817297600000003,13.379811075999999
2103,Ca,ca+h,1.5,15.327817379000001,6.457835116,20.527196812
2104,Ca,ca+h,1.5,15.399333364,6.2766957310000002,27.390691223000001
2105,Ca,ca+h,1.5,24.686583245000001,6.6885994430000002,6.6318215729999999
2106,Ca,ca+h,1.5,24.795165001000001,6.5004678990000002,13.348452268999999
2107,Ca,ca+h,1.5,24.671189827999999,6.5206130379999996,20.399403406000001
2108,Ca,ca+h,1.5,24.768266110999999,6.4046335089999999,27.697516832000002
2109,Ca,ca+h,1.5,34.272217134999998,6.4202966699999999,6.4733146369999996
2110,Ca,ca+h,1.5,34.172104761,6.4743021150000004,13.488298551
2111,Ca,ca+h,1.5,34.409877201,6.4712799179999996,20.402093931
2112,Ca,ca+h,1.5,34.051668458000002,6.4809118120000004,27.635871217999998
2113,P,pap,1,7.8691562749999999,29.566508818999999,6.4431642870000001
2114,P,pap,1,7.7814656229999999,29.622655087999998,13.338018344
2115,P,pap,1,7.7743291299999999,29.434652981999999,20.350319905999999
2116,P,pap,1,7.9226089640000001,29.590774668000002,27.302936341999999
2117,P,pap,1,17.296480205999998,29.575156292999999,6.4481851910000003
2118,P,pap,1,17.234577945000002,29.605524118000002,13.455033016
2119,P,pap,1,17.249272449999999,29.630430055000001,20.320047166999998
2120,P,pap,1,16.770788909,29.704068694,27.565474856000002
2121,P,pap,1,26.682721100999998,29.770599172000001,6.4651649459999998
2122,P,pap,1,26.663523659999999,29.575366040999999,13.423497012
2123,P,pap,1,26.574201705,29.732334884,20.461128583000001
2124,P,pap,1,26.715942767000001,29.465885811,27.527810674000001
2125,P,pap,1,35.997305386000001,29.54774252,6.3756650449999999
2126,P,pap,1,36.128281766000001,29.663618383999999,13.501589321999999
2127,P,pap,1,36.018963804999999,29.709633541999999,20.373588734999998
2128,P,pap,1,35.636299772999998,29.946507717999999,27.672604936999999
2129,P,pap,1,3.1441898269999999,21.503863590000002,6.4516070159999996
2130,P,pap,1,3.1572938719999999,21.510726757,13.454512073
2131,P,pap,1,3.1198016059999998,21.465110347,20.457319869999999
2132,P,pap,1,2.7257448129999999,21.689751241,27.423278645
2133,P,pap,1,12.503741957000001,21.508834597,6.5345899789999997
2134,P,pap,1,12.684515785,21.510234549,13.428863915000001
2135,P,pap,1,12.580250855999999,21.432065780999999,20.381739138
2136,P,pap,1,12.471371056000001,21.460541660000001,27.495733267999999
2137,P,pap,1,21.876139535,21.455894393000001,6.2921270360000001
2138,P,pap,1,21.920892443,21.437332291000001,13.458016634
2139,P,pap,1,21.992890912,21.487261812,20.537426199999999
2140,P,pap,1,21.518709471000001,21.642335717000002,27.532447011999999
2141,P,pap,1,31.437228055999999,21.495705353000002,6.6086579700000003
2142,P,pap,1,31.356195296999999,21.528597328,13.484360024000001
2143,P,pap,1,31.331138580000001,21.374940026000001,20.384843401000001
2144,P,pap,1,31.072881248000002,21.854753966000001,27.618788083999998
2145,P,pap,1,7.652250295,13.520177584000001,6.3633911750000003
2146,P,pap,1,7.7789986390000001,13.439486051999999,13.476652272000001
2147,P,pap,1,7.7349885860000001,13.399954580999999,20.389142078999999
2148,P,pap,1,7.4094922460000001,13.472939167,27.512854673
2149,P,pap,1,17.246746626,13.319751978999999,6.3952372369999999
2150,P,pap,1,17.213655783,13.347689875,13.499820870000001
2151,P,pap,1,17.225192184000001,13.228572701999999,20.413411471
2152,P,pap,1,17.310558005000001,13.268528973,27.392633929999999
2153,P,pap,1,26.750870391999999,13.204972472,6.3903856110000001
2154,P,pap,1,26.708753645000002,13.272950644,13.386435800999999
2155,P,pap,1,26.612045526999999,13.176628264,20.320434240000001
2156,P,pap,1,26.860805766999999,13.304573415,27.320514624000001
2157,P,pap,1,36.106493110999999,13.218107172,6.5192109069999997
2158,P,pap,1,36.037042006999997,13.284348115,13.452125614
2159,P,pap,1,35.952321122999997,13.376454299000001,20.579495129000001
2160,P,pap,1,35.765624027000001,13.381006826,27.463250291000001
2161,P,pap,1,3.0686142159999998,5.1320232790000002,6.4197439080000001
2162,P,pap,1,3.101255433,5.2282128569999999,13.514003293
2163,P,pap,1,3.1440186589999999,5.2503155399999999,20.398467013000001
2164,P,pap,1,2.8212293989999999,5.4587266200000002,27.551572308000001
2165,P,pap,1,12.446275754,5.3027125809999998,6.6210683210000001
2166,P,pap,1,12.500266208999999,5.2467950290000003,13.418880821
2167,P,pap,1,12.510453875,5.0502284580000003,20.512358605999999
2168,P,pap,1,12.629343374999999,5.0256459260000002,27.447624371
2169,P,pap,1,21.972048405999999,5.1565338489999997,6.5604952489999997
2170,P,pap,1,21.922348955,5.2170317989999999,13.480257307
2171,P,pap,1,21.845099879999999,5.2277931769999997,20.270620507
2172,P,pap,1,21.462956014,4.91198566,27.932588453000001
2173,P,pap,1,31.360665857000001,5.1064990669999997,6.4505562080000001
2174,P,pap,1,31.315821258,5.1623275389999996,13.452746202
2175,P,pap,1,31.312084264999999,5.0991867390000003,20.357164973
2176,P,pap,1,31.366412398000001,5.3872815730000001,27.164062027
2177,O,oap1,-0.80000001192092896,7.8297882520000002,27.988841394000001,6.524690079
2178,O,oap1,-0.80000001192092896,7.7059578479999997,28.073238635999999,13.358030285
2179,O,oap1,-0.80000001192092896,7.7179174890000004,27.903112802999999,20.459986581999999
2180,O,oap1,-0.80000001192092896,7.4847157480000002,28.075193007999999,27.448215340000001
2181,O,oap1,-0.80000001192092896,17.200563820999999,28.042769246999999,6.2537177369999997
2182,O,oap1,-0.80000001192092896,17.043178078,28.120755267,13.395305531
2183,O,oap1,-0.80000001192092896,17.351263838000001,28.077386516000001,20.192055945
2184,O,oap1,-0.80000001192092896,16.326334970000001,28.463231235999999,28.320293113999998
2185,O,oap1,-0.80000001192092896,26.733955010999999,28.277861595000001,6.1813405780000004
2186,O,oap1,-0.80000001192092896,26.669328955000001,28.031638328,13.407804928999999
2187,O,oap1,-0.80000001192092896,26.642468691000001,28.213889590000001,20.223689454999999
2188,O,oap1,-0.80000001192092896,26.653045744,27.947334047999998,27.472620201000002
2189,O,oap1,-0.80000001192092896,35.909813065999998,28.029550063999999,6.4602045280000002
2190,O,oap1,-0.80000001192092896,36.061871861999997,28.141786099000001,13.574833082
2191,O,oap1,-0.80000001192092896,35.897174943000003,28.189524174999999,20.421184287999999
2192,O,oap1,-0.80000001192092896,35.050953184999997,29.202547098,28.864182500999998
2193,O,oap1,-0.80000001192092896,3.0162320519999999,20.036875418000001,6.5218546049999997
2194,O,oap1,-0.80000001192092896,3.26359457,19.97327559,13.493850720999999
2195,O,oap1,-0.80000001192092896,3.0827566470000001,19.899110182000001,20.543348791
2196,O,oap1,-0.80000001192092896,2.0270214539999998,20.549156051000001,28.216483793999998
2197,O,oap1,-0.80000001192092896,12.477447611000001,20.001074045999999,6.430759825
2198,O,oap1,-0.80000001192092896,12.758142246,20.015902412999999,13.361545503
2199,O,oap1,-0.80000001192092896,12.607453583,19.948662879,20.313483356999999
2200,O,oap1,-0.80000001192092896,12.161824847,19.97753908,27.158696144
2201,O,oap1,-0.80000001192092896,21.846158877000001,19.918822473999999,6.3072924539999997
2202,O,oap1,-0.80000001192092896,21.959143185999999,19.877921301000001,13.475408562
2203,O,oap1,-0.80000001192092896,21.923517330999999,19.967810104000002,20.609662042
2204,O,oap1,-0.80000001192092896,21.139556784,22.283520022000001,26.174062801000002
2205,O,oap1,-0.80000001192092896,31.525761089,20.041172618000001,6.1197573189999996
2206,O,oap1,-0.80000001192092896,31.213611004000001,19.988889175000001,13.356692898
2207,O,oap1,-0.80000001192092896,31.284212731,19.866913512,20.385387826999999
2208,O,oap1,-0.80000001192092896,30.732299815000001,20.539103653000002,28.237395037999999
2209,O,oap1,-0.80000001192092896,7.8621900069999997,12.028233711,5.9993187710000004
2210,O,oap1,-0.80000001192092896,7.6932344720000003,11.893298400000001,13.238842128
2211,O,oap1,-0.80000001192092896,7.6752515060000004,11.884804037,20.095577506000001
2212,O,oap1,-0.80000001192092896,6.7152782789999996,12.358425149,28.419022505000001
2213,O,oap1,-0.80000001192092896,17.167200802,11.775963451999999,6.5804878340000004
2214,O,oap1,-0.80000001192092896,17.163678929,11.786228666,13.474848461000001
2215,O,oap1,-0.80000001192092896,17.183924745999999,11.72714122,20.099257730000001
2216,O,oap1,-0.80000001192092896,17.059890547999998,11.746624774000001,27.250746451000001
2217,O,oap1,-0.80000001192092896,26.689608807999999,11.661321584,6.3885380649999997
2218,O,oap1,-0.80000001192092896,26.66762495,11.713993237,13.542482662999999
2219,O,oap1,-0.80000001192092896,26.568150844000002,11.641063455999999,20.437841006999999
2220,O,oap1,-0.80000001192092896,26.358343995999999,11.803099289,27.378532511
2221,O,oap1,-0.80000001192092896,36.161996486,11.757545796,5.9854031399999998
2222,O,oap1,-0.80000001192092896,36.012823007000001,11.745126207,13.457942965999999
2223,O,oap1,-0.80000001192092896,36.106371543999998,11.854062920000001,20.426219559
2224,O,oap1,-0.80000001192092896,36.458847009000003,12.016837141,27.4256256
2225,O,oap1,-0.80000001192092896,2.862145865,3.6012949490000001,6.6295805989999996
2226,O,oap1,-0.80000001192092896,3.0698216380000001,3.7222270370000001,13.519902986
2227,O,oap1,-0.80000001192092896,3.1935239019999999,3.7393735399999999,20.513449467000001
2228,O,oap1,-0.80000001192092896,2.2657362210000001,4.2475788730000001,28.266530152000001
2229,O,oap1,-0.80000001192092896,12.494836856999999,3.7997174519999999,6.2696186379999999
2230,O,oap1,-0.80000001192092896,12.436166539,3.6842404449999999,13.309676784000001
2231,O,oap1,-0.80000001192092896,12.566567533000001,3.5586838680000001,20.283718732000001
2232,O,oap1,-0.80000001192092896,12.369080082,3.4889377580000001,27.371445380000001
2233,O,oap1,-0.80000001192092896,21.968634053999999,3.631958617,6.5188138179999999
2234,O,oap1,-0.80000001192092896,21.960504383,3.6665417910000002,13.341117733999999
2235,O,oap1,-0.80000001192092896,21.89404652,3.705244365,20.28551569
2236,O,oap1,-0.80000001192092896,21.760058868000002,3.8267804050000001,26.883863214000002
2237,O,oap1,-0.80000001192092896,31.284265979000001,3.5472675730000001,6.4541150900000002
2238,O,oap1,-0.80000001192092896,31.265978570000001,3.572135764,13.526958616
2239,O,oap1,-0.80000001192092896,31.262932729999999,3.5562796109999999,20.244152209999999
2240,O,oap1,-0.80000001192092896,31.130541474000001,3.8813415400000002,27.401844610000001
2241,O,oap1,-0.80000001192092896,6.4598173069999998,30.194785733,6.4571950710000001
2242,O,oap1,-0.80000001192092896,6.3466122709999997,30.260012877000001,13.406724508
2243,O,oap1,-0.80000001192092896,6.3694989250000003,30.10931871,20.266819480999999
2244,O,oap1,-0.80000001192092896,6.6186412480000003,30.431449514000001,27.162925843
2245,O,oap1,-0.80000001192092896,15.854208297,30.163644468000001,6.483763561
2246,O,oap1,-0.80000001192092896,15.912781879000001,30.320897720000001,13.512701616999999
2247,O,oap1,-0.80000001192092896,15.798888996000001,30.220088279999999,20.485928324
2248,O,oap1,-0.80000001192092896,15.468049749,30.339571334999999,27.108490207999999
2249,O,oap1,-0.80000001192092896,25.189718584000001,30.20728317,6.4484651230000001
2250,O,oap1,-0.80000001192092896,25.159555276999999,30.044193815,13.38805805
2251,O,oap1,-0.80000001192092896,25.115841302,30.305467569000001,20.482305393000001
2252,O,oap1,-0.80000001192092896,25.315499890000002,30.264828340000001,27.477888463999999
2253,O,oap1,-0.80000001192092896,34.607681497999998,30.259066826000002,6.5881674820000002
2254,O,oap1,-0.80000001192092896,34.736086311999998,30.348358180000002,13.439168462
2255,O,oap1,-0.80000001192092896,34.606425983000001,30.358670625999999,20.262668742999999
2256,O,oap1,-0.80000001192092896,34.506358956,30.847496172,27.127806670999998
2257,O,oap1,-0.80000001192092896,1.799551331,22.229006243000001,6.3941880439999998
2258,O,oap1,-0.80000001192092896,1.705551687,22.010118983000002,13.475058323000001
2259,O,oap1,-0.80000001192092896,1.692001651,22.029813430000001,20.378721120000002
2260,O,oap1,-0.80000001192092896,1.6067738,22.433387917000001,26.759447171000001
2261,O,oap1,-0.80000001192092896,11.091370209000001,22.038003914000001,6.5995837829999999
2262,O,oap1,-0.80000001192092896,11.201521749999999,21.972162096999998,13.451374210000001
2263,O,oap1,-0.80000001192092896,11.146045431999999,22.0874363,20.553826903000001
2264,O,oap1,-0.80000001192092896,11.155209644999999,22.297820317999999,27.670591966
2265,O,oap1,-0.80000001192092896,20.509210439,22.201599441999999,6.4232722750000004
2266,O,oap1,-0.80000001192092896,20.584984467000002,22.022926849000001,13.377171884999999
2267,O,oap1,-0.80000001192092896,20.577015150000001,22.191513824000001,20.520046921999999
2268,O,oap1,-0.80000001192092896,22.938006508000001,21.183344630000001,27.347283361999999
2269,O,oap1,-0.80000001192092896,29.978950596000001,21.963770595,6.7462182789999998
2270,O,oap1,-0.80000001192092896,29.96186282,22.182235686999999,13.442697426000001
2271,O,oap1,-0.80000001192092896,29.889750964000001,22.008643438,20.325933542000001
2272,O,oap1,-0.80000001192092896,29.753306997999999,22.554937181,27.322929605999999
2273,O,oap1,-0.80000001192092896,6.2073693109999999,13.817831687,6.588053028
2274,O,oap1,-0.80000001192092896,6.3435693119999996,14.066382824,13.531124610000001
2275,O,oap1,-0.80000001192092896,6.3950456400000002,14.084546749999999,20.464234027
2276,O,oap1,-0.80000001192092896,6.2436614940000004,14.46521897,27.223633263
2277,O,oap1,-0.80000001192092896,15.836021981,14.007658547,6.378617577
2278,O,oap1,-0.80000001192092896,15.788305177,13.930238894,13.517579706999999
2279,O,oap1,-0.80000001192092896,15.786147493,13.777672625999999,20.533602159000001
2280,O,oap1,-0.80000001192092896,16.00248981,14.063602969,27.239601558
2281,O,oap1,-0.80000001192092896,25.363070792999999,13.809694401,6.3020755739999998
2282,O,oap1,-0.80000001192092896,25.278839791999999,13.859069631000001,13.400826019
2283,O,oap1,-0.80000001192092896,25.104691818999999,13.674238249,20.343535579000001
2284,O,oap1,-0.80000001192092896,25.659556022,14.218704313,27.283614440000001
2285,O,oap1,-0.80000001192092896,34.634818265,13.678663042,6.806650876
2286,O,oap1,-0.80000001192092896,34.586834664000001,13.86037344,13.510521303999999
2287,O,oap1,-0.80000001192092896,34.522640774000003,13.857815084,20.649227425999999
2288,O,oap1,-0.80000001192092896,34.310959189999998,13.104980826,26.977794419999999
2289,O,oap1,-0.80000001192092896,1.6557402210000001,5.7561219460000004,6.5057992069999999
2290,O,oap1,-0.80000001192092896,1.6983672489999999,5.8075320860000001,13.357441193
2291,O,oap1,-0.80000001192092896,1.683667778,5.7029167569999997,20.385988692000002
2292,O,oap1,-0.80000001192092896,1.606982978,6.2887547709999998,27.117049338000001
2293,O,oap1,-0.80000001192092896,10.98244839,5.6997642150000001,6.7003625119999999
2294,O,oap1,-0.80000001192092896,11.097978752,5.8817745969999997,13.495874280000001
2295,O,oap1,-0.80000001192092896,11.021230281999999,5.4994916329999999,20.60921841
2296,O,oap1,-0.80000001192092896,11.282637892,5.8350624590000004,27.535120147000001
2297,O,oap1,-0.80000001192092896,20.571386792999999,5.7380299709999996,6.5479490419999999
2298,O,oap1,-0.80000001192092896,20.446496703000001,5.8733967140000001,13.463378201999999
2299,O,oap1,-0.80000001192092896,20.401202430000001,5.8076970299999999,20.26302871
2300,O,oap1,-0.80000001192092896,20.469324998000001,6.0144053120000001,27.461153204999999
2301,O,oap1,-0.80000001192092896,29.927080551,5.758194553,6.6309353929999997
2302,O,oap1,-0.80000001192092896,29.830852590999999,5.7144898639999999,13.475879034
2303,O,oap1,-0.80000001192092896,29.894860820000002,5.694159226,20.438976355000001
2304,O,oap1,-0.80000001192092896,30.031586332,6.053395869,26.698469996
2305,Ca,ca+h,1.5,5.8289542640000001,26.857706474,6.5235685290000003
2306,Ca,ca+h,1.5,5.8022194469999997,26.740770138999999,13.54246382
2307,Ca,ca+h,1.5,5.8976443820000002,26.645507593000001,20.37401097
2308,Ca,ca+h,1.5,5.6995205550000003,26.647831187000001,27.326605939
2309,Ca,ca+h,1.5,15.273140288,26.712149094000001,6.5479778729999998
2310,Ca,ca+h,1.5,15.242330258000001,26.724444122000001,13.507643133
2311,Ca,ca+h,1.5,15.254714557,26.931936474,20.442590573
2312,Ca,ca+h,1.5,15.246367891,26.597424069999999,27.376247992
2313,Ca,ca+h,1.5,24.749613417999999,26.911608852000001,6.4996567150000004
2314,Ca,ca+h,1.5,24.608691580999999,26.848767787,13.364744012999999
2315,Ca,ca+h,1.5,24.701435062000002,26.954153995999999,20.445213982999999
2316,Ca,ca+h,1.5,24.582261627000001,26.689561770000001,27.441895485
2317,Ca,ca+h,1.5,33.969837255999998,26.732273193000001,6.6273178430000002
2318,Ca,ca+h,1.5,34.035765177000002,26.959093543000002,13.463562723000001
2319,Ca,ca+h,1.5,33.871060726000003,26.865708352999999,20.408692964
2320,Ca,ca+h,1.5,34.406131250999998,26.994833338999999,27.34879419
2321,Ca,ca+h,1.5,0.98282422000000003,18.758475389000001,6.4237289219999996
2322,Ca,ca+h,1.5,1.1948228949999999,18.794939705000001,13.521684536
2323,Ca,ca+h,1.5,1.0415170709999999,18.647868573,20.406638575999999
2324,Ca,ca+h,1.5,1.0535927540000001,18.565493693000001,27.455471374999998
2325,Ca,ca+h,1.5,10.657080884999999,18.518613826999999,6.6073069550000003
2326,Ca,ca+h,1.5,10.652353632000001,18.643002886000001,13.462166121999999
2327,Ca,ca+h,1.5,10.581409474999999,18.630267320000002,20.310045163000002
2328,Ca,ca+h,1.5,10.549816707,18.344825763999999,27.115814982
2329,Ca,ca+h,1.5,20.021791643,18.625197588999999,6.4598549719999996
2330,Ca,ca+h,1.5,19.970987090000001,18.669452241999998,13.505572674
2331,Ca,ca+h,1.5,19.926222289999998,18.616328712000001,20.524960798999999
2332,Ca,ca+h,1.5,19.629670158,18.370102523,27.360221312
2333,Ca,ca+h,1.5,29.498829014999998,18.657900509000001,6.5319568800000001
2334,Ca,ca+h,1.5,29.395615157000002,18.545348801999999,13.386753323000001
2335,Ca,ca+h,1.5,29.299963464000001,18.451040866,20.585179599
2336,Ca,ca+h,1.5,29.607894385000002,18.500088121000001,27.554332727999999
2337,Ca,ca+h,1.5,5.6898071650000004,10.639561455999999,6.3949647289999998
2338,Ca,ca+h,1.5,5.8268101510000001,10.486112129,13.273068375999999
2339,Ca,ca+h,1.5,5.7848349450000001,10.364577385,20.261470635999999
2340,Ca,ca+h,1.5,5.849287897,10.443019468999999,27.185428674000001
2341,Ca,ca+h,1.5,15.182121304000001,10.412880691,6.392183642
2342,Ca,ca+h,1.5,15.114524782,10.493599258,13.352884918999999
2343,Ca,ca+h,1.5,15.216765064000001,10.446692359,20.386397428999999
2344,Ca,ca+h,1.5,15.016502822,10.525370659,27.412564573000001
2345,Ca,ca+h,1.5,24.462420639000001,10.560283793,6.3410057000000002
2346,Ca,ca+h,1.5,24.71074209,10.371201628,13.498626433
2347,Ca,ca+h,1.5,24.510975649999999,10.538568378000001,20.472933793999999
2348,Ca,ca+h,1.5,24.412570531,10.342271174,27.284583058999999
2349,Ca,ca+h,1.5,34.189981707999998,10.540314947000001,6.3618571450000001
2350,Ca,ca+h,1.5,33.983172928000002,10.556938837000001,13.368134661999999
2351,Ca,ca+h,1.5,34.084686376000001,10.388023684,20.527838639999999
2352,Ca,ca+h,1.5,34.270617405000003,10.540757064999999,27.285072744000001
2353,Ca,ca+h,1.5,0.97330770499999997,2.2963857600000002,6.5291948839999998
2354,Ca,ca+h,1.5,1.1669687639999999,2.3672714959999999,13.473282448999999
2355,Ca,ca+h,1.5,1.1957211729999999,2.4058263640000002,20.575331334000001
2356,Ca,ca+h,1.5,1.2780649740000001,2.3145505900000001,27.375652863999999
2357,Ca,ca+h,1.5,10.47456626,2.3074772989999999,6.4688084220000004
2358,Ca,ca+h,1.5,10.432564620000001,2.3217210659999998,13.452929324999999
2359,Ca,ca+h,1.5,10.545701011,2.34270098,20.248515122000001
2360,Ca,ca+h,1.5,10.263445854,2.36776001,27.525963100999999
2361,Ca,ca+h,1.5,19.889529611,2.5153072710000002,6.2879274399999998
2362,Ca,ca+h,1.5,19.810945939,2.403387167,13.447628727
2363,Ca,ca+h,1.5,19.946907230000001,2.3468167630000001,20.303662411000001
2364,Ca,ca+h,1.5,19.779697286000001,2.3695514520000001,27.242806753
2365,Ca,ca+h,1.5,29.249988022,2.3841603949999999,6.5392503990000002
2366,Ca,ca+h,1.5,29.189830506,2.3143043329999999,13.566136024
2367,Ca,ca+h,1.5,29.326043087999999,2.317927128,20.547886419000001
2368,Ca,ca+h,1.5,29.247436568000001,2.5527092169999999,27.564075142
2369,P,pap,1,8.2442928519999992,24.75547826,6.3038207230000003
2370,P,pap,1,8.4547097020000006,25.022677655999999,13.443041192000001
2371,P,pap,1,8.4610042480000001,24.917296645,20.385152326
2372,P,pap,1,8.0361816059999995,24.443456080000001,27.555365987999998
2373,P,pap,1,17.891405619,24.903395760999999,6.4933609600000004
2374,P,pap,1,17.781701153,25.051253942999999,13.456622352
2375,P,pap,1,17.744424938000002,25.066942625999999,20.324330001
2376,P,pap,1,17.739454437999999,24.534143629999999,27.441525608999999
2377,P,pap,1,27.170628007000001,24.930732746,6.5175103539999997
2378,P,pap,1,27.207808661000001,24.971094610000002,13.463733378000001
2379,P,pap,1,27.157285413,25.036099133,20.415403761
2380,P,pap,1,27.270587247999998,24.779944552,27.699801143999998
2381,P,pap,1,36.561050526000002,24.967639806000001,6.5762877790000003
2382,P,pap,1,36.589080527,25.002556897000002,13.594529358999999
2383,P,pap,1,36.453787611000003,24.961398862999999,20.396706112
2384,P,pap,1,36.599135781999998,24.612194970000001,27.750093119999999
2385,P,pap,1,3.6908033420000002,16.880757454000001,6.4444659230000001
2386,P,pap,1,3.5617615379999998,16.862424849,13.593665530999999
2387,P,pap,1,3.6396400039999999,16.727552943999999,20.403619343999999
2388,P,pap,1,3.5182384020000002,16.541944968999999,27.381964734
2389,P,pap,1,13.080126068,16.809428123,6.427228414
2390,P,pap,1,13.192729023,16.821633268999999,13.464164951000001
2391,P,pap,1,13.053767725,16.833186992000002,20.317633228999998
2392,P,pap,1,13.05119251,16.732577307,27.439665163000001
2393,P,pap,1,22.557687555000001,16.720370609,6.5093857599999998
2394,P,pap,1,22.596852560999999,16.757600359000001,13.505994577999999
2395,P,pap,1,22.538076551,16.815562540999998,20.510082134000001
2396,P,pap,1,22.344744333000001,16.726468891,27.297327005
2397,P,pap,1,31.856114851000001,16.762882435000002,6.4911759250000003
2398,P,pap,1,31.826281297000001,16.676217083000001,13.437072074
2399,P,pap,1,31.923147606000001,16.823055778000001,20.403668175
2400,P,pap,1,31.882376677,16.556023475,27.505120467000001
2401,P,pap,1,8.2720489619999995,8.7352298679999993,6.4611060460000003
2402,P,pap,1,8.2998209749999994,8.7007698120000008,13.483970692
2403,P,pap,1,8.3116593779999999,8.5806589619999993,20.463669523
2404,P,pap,1,8.1264198239999992,8.5112448959999991,27.267401213999999
2405,P,pap,1,17.831072196000001,8.5737675949999996,6.34651839
2406,P,pap,1,17.710252387000001,8.6885180260000006,13.375390402000001
2407,P,pap,1,17.767997304000001,8.6217319890000006,20.224393197000001
2408,P,pap,1,18.184250406,8.4338800710000008,28.200536011000001
2409,P,pap,1,27.208751136,8.5820845000000006,6.4845148799999999
2410,P,pap,1,27.110659936000001,8.5784412450000005,13.452334096
2411,P,pap,1,26.960556572000002,8.5372381270000002,20.452520965000001
2412,P,pap,1,27.159849545,8.7873165459999996,27.493961115000001
2413,P,pap,1,36.619167388000001,8.5696531359999994,6.4675801120000003
2414,P,pap,1,36.511368038000001,8.7513096869999991,13.450759334000001
2415,P,pap,1,36.620903151,8.6578382049999991,20.539045063
2416,P,pap,1,36.577328708000003,8.4353104590000001,27.568247148000001
2417,P,pap,1,3.6549722839999998,0.472304,6.4882598419999997
2418,P,pap,1,3.6429494529999999,0.60789905399999999,13.492778609
2419,P,pap,1,3.5939943730000001,0.52716934999999998,20.571163855999998
2420,P,pap,1,3.55583779,0.51905708299999997,27.205644630999998
2421,P,pap,1,13.10072883,0.45201251799999997,6.4532576590000001
2422,P,pap,1,12.99309453,0.54281577999999997,13.406035285
2423,P,pap,1,13.121750044000001,0.56564457099999998,20.459190651
2424,P,pap,1,13.458313468,0.31866334000000002,28.113578994000001
2425,P,pap,1,22.307355824999998,0.51908118700000005,6.4094650639999999
2426,P,pap,1,22.407430437999999,0.68187599300000001,13.498328251
2427,P,pap,1,22.467363902999999,0.56122250200000001,20.490880204
2428,P,pap,1,22.269201266,0.54934751999999998,27.345957096999999
2429,P,pap,1,31.636921107999999,0.40123434400000002,6.5114163530000004
2430,P,pap,1,31.780530348999999,0.50542849700000003,13.494279633
2431,P,pap,1,31.893247714000001,0.44631153899999998,20.482754817
2432,P,pap,1,31.788716965999999,0.195819409,27.483976883
2433,O,oap1,-0.80000001192092896,9.6297390759999999,25.542510463999999,6.2819961400000004
2434,O,oap1,-0.80000001192092896,9.7925120969999995,25.859249052999999,13.678066551000001
2435,O,oap1,-0.80000001192092896,9.7912403280000007,25.647225439,20.555164582
2436,O,oap1,-0.80000001192092896,9.3453716769999993,24.388846936,28.335579193000001
2437,O,oap1,-0.80000001192092896,19.289810419999998,25.550385886000001,6.331752496
2438,O,oap1,-0.80000001192092896,19.084651184999998,25.85261324,13.249391928
2439,O,oap1,-0.80000001192092896,19.164453347999999,25.764671493000002,20.261274103000002
2440,O,oap1,-0.80000001192092896,18.849314527000001,23.535083793999998,27.069594849000001
2441,O,oap1,-0.80000001192092896,28.610172434999999,25.541422184999998,6.4341595759999999
2442,O,oap1,-0.80000001192092896,28.573017352000001,25.639904029,13.508072758999999
2443,O,oap1,-0.80000001192092896,28.514092336000001,25.755806379999999,20.572719353
2444,O,oap1,-0.80000001192092896,28.682580544,25.259684683,28.133195017999999
2445,O,oap1,-0.80000001192092896,37.752427488999999,25.847188879000001,6.1560061660000001
2446,O,oap1,-0.80000001192092896,38.014356417000002,25.587839846000001,13.350323636000001
2447,O,oap1,-0.80000001192092896,37.724707101,25.730504544999999,20.200384369999998
2448,O,oap1,-0.80000001192092896,37.909178746999999,24.606350030000002,28.505907706999999
2449,O,oap1,-0.80000001192092896,5.045417542,17.593459126999999,6.2930399809999997
2450,O,oap1,-0.80000001192092896,4.9558859359999996,17.474218867000001,13.778431982000001
2451,O,oap1,-0.80000001192092896,5.0786559269999998,17.306591607000001,20.298828492999998
2452,O,oap1,-0.80000001192092896,5.0124329190000001,16.965150806,27.262868621999999
2453,O,oap1,-0.80000001192092896,14.461818087999999,17.458781479999999,6.3658096540000004
2454,O,oap1,-0.80000001192092896,14.494600647,17.503628804000002,13.360931922000001
2455,O,oap1,-0.80000001192092896,14.461758822,17.519807469,20.332670669999999
2456,O,oap1,-0.80000001192092896,14.481950618000001,17.210558674000001,27.593015407999999
2457,O,oap1,-0.80000001192092896,23.824297607999998,17.559841568,6.1925523890000003
2458,O,oap1,-0.80000001192092896,23.926764516999999,17.417929400999999,13.368092953
2459,O,oap1,-0.80000001192092896,23.927874854999999,17.464952251,20.400180683999999
2460,O,oap1,-0.80000001192092896,23.656431151,17.513266375000001,27.573849023000001
2461,O,oap1,-0.80000001192092896,33.271918307999997,17.328956716,6.3374637619999996
2462,O,oap1,-0.80000001192092896,33.162367308999997,17.356326661000001,13.661086225
2463,O,oap1,-0.80000001192092896,33.235348711,17.596145917000001,20.418134358
2464,O,oap1,-0.80000001192092896,33.217996853000002,15.947104233999999,28.056746252
2465,O,oap1,-0.80000001192092896,9.6691964709999993,9.2849487310000001,6.5368694979999997
2466,O,oap1,-0.80000001192092896,9.6127564089999993,9.4321546180000002,13.651490851
2467,O,oap1,-0.80000001192092896,9.7272293310000002,9.2460085850000002,20.543807904000001
2468,O,oap1,-0.80000001192092896,9.5965515880000005,8.9510790040000003,27.489733544
2469,O,oap1,-0.80000001192092896,19.137940503999999,9.4756275799999994,6.2651633179999999
2470,O,oap1,-0.80000001192092896,19.163038769,9.1850413159999995,13.373106989
2471,O,oap1,-0.80000001192092896,19.050611412999999,9.3478563539999993,20.037622883000001
2472,O,oap1,-0.80000001192092896,19.288658794,8.2465140770000005,29.231248512000001
2473,O,oap1,-0.80000001192092896,28.494736999000001,9.4342042050000003,6.2267645319999998
2474,O,oap1,-0.80000001192092896,28.441407767000001,9.3211682020000008,13.217164351999999
2475,O,oap1,-0.80000001192092896,28.25606514,9.3366564000000007,20.115613484000001
2476,O,oap1,-0.80000001192092896,28.603172787999998,9.3155040850000006,27.629230829000001
2477,O,oap1,-0.80000001192092896,37.912374751999998,9.369205182,6.3948950809999996
2478,O,oap1,-0.80000001192092896,37.828279780000003,9.5820581300000001,13.454516192
2479,O,oap1,-0.80000001192092896,37.938607955999998,9.3459969760000003,20.492591037
2480,O,oap1,-0.80000001192092896,38.016426265,8.8006731800000004,28.007004439999999
2481,O,oap1,-0.80000001192092896,4.8242760430000002,1.3624883080000001,6.1765621949999998
2482,O,oap1,-0.80000001192092896,4.9970283589999998,1.3237121169999999,13.407925006999999
2483,O,oap1,-0.80000001192092896,4.9413957809999998,1.208849319,20.6789223
2484,O,oap1,-0.80000001192092896,4.9244816409999999,1.093004144,27.538221745000001
2485,O,oap1,-0.80000001192092896,14.440823357999999,1.1138351609999999,6.3958819360000003
2486,O,oap1,-0.80000001192092896,14.316474819,1.3250309870000001,13.422200944
2487,O,oap1,-0.80000001192092896,14.482026819,1.2858073320000001,20.377079536
2488,O,oap1,-0.80000001192092896,14.359834428999999,-0.59594941800000001,28.996941874000001
2489,O,oap1,-0.80000001192092896,23.707930090000001,1.1557579170000001,6.2429176469999996
2490,O,oap1,-0.80000001192092896,23.730704193000001,1.3729385249999999,13.319980882999999
2491,O,oap1,-0.80000001192092896,23.879007287,1.2406089389999999,20.472977090000001
2492,O,oap1,-0.80000001192092896,23.713030406000001,0.91667768500000002,27.460337799000001
2493,O,oap1,-0.80000001192092896,32.949860030000004,1.120000627,6.3487691609999999
2494,O,oap1,-0.80000001192092896,33.051441265999998,1.3318505380000001,13.200199936000001
2495,O,oap1,-0.80000001192092896,33.178894778,1.236425798,20.111239079000001
2496,O,oap1,-0.80000001192092896,33.161314392000001,0.979908424,27.458852721
2497,O,oap1,-0.80000001192092896,8.4359613319999998,23.249230931,6.2868524199999998
2498,O,oap1,-0.80000001192092896,8.8714882240000001,23.494655478999999,13.30269944
2499,O,oap1,-0.80000001192092896,8.6276124460000005,23.357016216000002,20.343470385
2500,O,oap1,-0.80000001192092896,7.8882360650000001,22.963364056,27.155798430000001
2501,O,oap1,-0.80000001192092896,17.960861429000001,23.347627067000001,6.5037657490000003
2502,O,oap1,-0.80000001192092896,18.038561623,23.530357323,13.472180648
2503,O,oap1,-0.80000001192092896,17.953237610999999,23.523921958999999,20.208364240000002
2504,O,oap1,-0.80000001192092896,16.500627509000001,24.571758699,26.463208004999998
2505,O,oap1,-0.80000001192092896,27.224712375999999,23.421297264,6.6240876069999999
2506,O,oap1,-0.80000001192092896,27.341561315,23.399509287000001,13.567661040999999
2507,O,oap1,-0.80000001192092896,27.214792648,23.482890459,20.471322213000001
2508,O,oap1,-0.80000001192092896,27.137145194999999,23.194807366999999,27.877816958
2509,O,oap1,-0.80000001192092896,37.001322862000002,23.477576983999999,6.546384035
2510,O,oap1,-0.80000001192092896,36.725733212999998,23.426481649999999,13.577011882000001
2511,O,oap1,-0.80000001192092896,36.802316736000002,23.424112077,20.342097583000001
2512,O,oap1,-0.80000001192092896,36.347833475999998,23.106085939,27.471583432999999
2513,O,oap1,-0.80000001192092896,3.74854479,15.389448223,6.4808378869999999
2514,O,oap1,-0.80000001192092896,3.69172499,15.321843364999999,13.516579001
2515,O,oap1,-0.80000001192092896,3.5796192840000001,15.170076945,20.474898528000001
2516,O,oap1,-0.80000001192092896,3.4521864990000002,14.999523575,27.716811624000002
2517,O,oap1,-0.80000001192092896,13.227004054,15.275756155,6.3245456280000001
2518,O,oap1,-0.80000001192092896,13.370893493000001,15.270175259,13.491120741
2519,O,oap1,-0.80000001192092896,13.190795818,15.214702352,20.329671291
2520,O,oap1,-0.80000001192092896,12.842932131,15.216849958999999,27.485506761
2521,O,oap1,-0.80000001192092896,23.081841453999999,15.273500005000001,6.5474318059999996
2522,O,oap1,-0.80000001192092896,22.704748165000002,15.230251286,13.466946881
2523,O,oap1,-0.80000001192092896,22.650344884999999,15.274160063,20.596971747000001
2524,O,oap1,-0.80000001192092896,22.628694286999998,15.219968335000001,27.021444848000002
2525,O,oap1,-0.80000001192092896,31.943616503000001,15.196893881999999,6.4851603469999999
2526,O,oap1,-0.80000001192092896,31.922442229000001,15.106024262,13.457711391
2527,O,oap1,-0.80000001192092896,32.088681276999999,15.242193855,20.302343289
2528,O,oap1,-0.80000001192092896,31.496998733000002,15.90925472,26.150149185
2529,O,oap1,-0.80000001192092896,8.2804873259999994,7.1758933440000003,6.4392598779999997
2530,O,oap1,-0.80000001192092896,8.4528740740000003,7.1198025180000002,13.541953378000001
2531,O,oap1,-0.80000001192092896,8.3753703349999995,7.0800418020000002,20.461119480000001
2532,O,oap1,-0.80000001192092896,7.9645061730000002,6.9695622620000002,27.210484343000001
2533,O,oap1,-0.80000001192092896,18.128262827,7.0949012370000002,6.3480650220000001
2534,O,oap1,-0.80000001192092896,17.698671628,7.1492420409999999,13.396276325000001
2535,O,oap1,-0.80000001192092896,17.885606279000001,7.0982895539999999,20.389111013000001
2536,O,oap1,-0.80000001192092896,17.676774081000001,7.0501094130000004,27.850833165000001
2537,O,oap1,-0.80000001192092896,27.580186016999999,7.0996502469999996,6.4790311459999996
2538,O,oap1,-0.80000001192092896,27.313941613000001,7.0319740599999996,13.554305844
2539,O,oap1,-0.80000001192092896,27.215895821,6.9934480499999996,20.540949976
2540,O,oap1,-0.80000001192092896,27.049474319000002,7.2372691949999997,27.420123696000001
2541,O,oap1,-0.80000001192092896,36.839359289000001,7.0692067290000002,6.4333169410000002
2542,O,oap1,-0.80000001192092896,36.777262561000001,7.2371398429999996,13.466613423
2543,O,oap1,-0.80000001192092896,36.785563303000004,7.1600212509999999,20.484393616999998
2544,O,oap1,-0.80000001192092896,36.478054483999998,6.861261313,27.559414733000001
2545,O,oap1,-0.80000001192092896,4.1148748260000003,-1.0022999889999999,6.5076834330000004
2546,O,oap1,-0.80000001192092896,3.7733886650000001,-0.92592924399999998,13.347612699000001
2547,O,oap1,-0.80000001192092896,3.808048469,-1.040664979,20.512052336
2548,O,oap1,-0.80000001192092896,3.4547337950000001,-0.90125223499999996,26.727422038
2549,O,oap1,-0.80000001192092896,13.236685476,-1.1100081340000001,6.5073066700000002
2550,O,oap1,-0.80000001192092896,13.251999077000001,-0.982191445,13.326563347
2551,O,oap1,-0.80000001192092896,13.37148374,-0.97842698900000002,20.460106124999999
2552,O,oap1,-0.80000001192092896,12.814274534000001,-0.55619345200000003,27.098562387000001
2553,O,oap1,-0.80000001192092896,22.402832902,-1.0230002890000001,6.4019628519999996
2554,O,oap1,-0.80000001192092896,22.530846737000001,-0.890079921,13.538446604000001
2555,O,oap1,-0.80000001192092896,22.616572183999999,-0.94278505000000001,20.644190995999999
2556,O,oap1,-0.80000001192092896,22.153858225,-0.994158863,27.465206917
2557,O,oap1,-0.80000001192092896,31.871665742000001,-1.1484681779999999,6.5646697649999997
2558,O,oap1,-0.80000001192092896,32.126209222,-0.99644547699999997,13.491637484
2559,O,oap1,-0.80000001192092896,32.129162842,-1.053707927,20.481527955000001
2560,O,oap1,-0.80000001192092896,32.030878098999999,-1.213552835,27.000639313000001
2561,O,oap2,-1.1000000238418579,0.064907835999999997,32.785885540000002,3.1631009159999999
2562,O,oap2,-1.1000000238418579,-0.011053475,32.909539144999997,10.308166225000001
2563,O,oap2,-1.1000000238418579,-0.012661433,32.869307102,16.442830217000001
2564,O,oap2,-1.1000000238418579,0.082193286000000004,32.868069259999999,22.951447278
2565,O,oap2,-1.1000000238418579,9.2187100639999997,32.977979134000002,2.2256296409999998
2566,O,oap2,-1.1000000238418579,9.3690412070000004,32.982193639000002,9.0657048630000006
2567,O,oap2,-1.1000000238418579,9.5158982699999992,32.929866736000001,16.290750850999999
2568,O,oap2,-1.1000000238418579,9.1088684040000008,32.827156789,23.047770429
2569,O,oap2,-1.1000000238418579,18.587718726999999,33.094897594000003,3.6649088519999999
2570,O,oap2,-1.1000000238418579,18.772832002000001,33.106325773999998,10.358241374
2571,O,oap2,-1.1000000238418579,18.804539721000001,32.860947496999998,17.489840541
2572,O,oap2,-1.1000000238418579,18.753518686,32.688541618000002,23.781849050999998
2573,O,oap2,-1.1000000238418579,28.172483315000001,32.961743081000002,3.9412113849999999
2574,O,oap2,-1.1000000238418579,28.200517594000001,32.821812616999999,10.57583662
2575,O,oap2,-1.1000000238418579,28.280619263999998,32.867014075,17.684496619000001
2576,O,oap2,-1.1000000238418579,28.280509509000002,32.859466316000002,24.668609310000001
2577,O,oap2,-1.1000000238418579,4.7187683040000001,24.454924370000001,2.5933945870000001
2578,O,oap2,-1.1000000238418579,4.7471072870000004,24.693036791000001,9.1147494760000001
2579,O,oap2,-1.1000000238418579,4.7905064389999996,24.695658604999998,16.410519517000001
2580,O,oap2,-1.1000000238418579,4.684555982,24.65596493,23.177353632999999
2581,O,oap2,-1.1000000238418579,14.065600799,24.880296005000002,3.657418517
2582,O,oap2,-1.1000000238418579,14.175005025999999,24.993334839999999,10.545315137999999
2583,O,oap2,-1.1000000238418579,14.250925351999999,24.811974530000001,17.568317435000001
2584,O,oap2,-1.1000000238418579,14.094555731,24.743874706,24.618226216
2585,O,oap2,-1.1000000238418579,23.703381079,24.472417272000001,3.897459365
2586,O,oap2,-1.1000000238418579,23.536553056999999,24.741613869999998,10.394967714
2587,O,oap2,-1.1000000238418579,23.522563522999999,24.766789073000002,17.014214051
2588,O,oap2,-1.1000000238418579,23.700512199999999,24.614074103,24.683395861000001
2589,O,oap2,-1.1000000238418579,32.897854907000003,24.87082311,3.7390426099999998
2590,O,oap2,-1.1000000238418579,32.980307822999997,24.808986742999998,10.849473989
2591,O,oap2,-1.1000000238418579,32.783904812999999,24.828728957999999,17.630077206999999
2592,O,oap2,-1.1000000238418579,33.163088532000003,24.650243675999999,23.836091568000001
2593,O,oap2,-1.1000000238418579,0.046835992999999999,16.585377436999998,3.7658706620000002
2594,O,oap2,-1.1000000238418579,0.12583434900000001,16.453919507999998,10.441151953
2595,O,oap2,-1.1000000238418579,-0.105245296,16.604022545999999,17.819562560000001
2596,O,oap2,-1.1000000238418579,-0.0064290750000000002,16.551922212000001,24.675756059000001
2597,O,oap2,-1.1000000238418579,9.7098025920000008,16.886463203000002,3.7203156040000001
2598,O,oap2,-1.1000000238418579,9.464192165,16.551064991000001,10.638441834
2599,O,oap2,-1.1000000238418579,9.3646338060000005,16.569574801000002,17.319423030999999
2600,O,oap2,-1.1000000238418579,9.4050629479999994,16.390827943000001,23.718907827999999
2601,O,oap2,-1.1000000238418579,18.846949355,16.349203396,3.7821200720000001
2602,O,oap2,-1.1000000238418579,18.961034548000001,16.467852118,10.458238403999999
2603,O,oap2,-1.1000000238418579,18.845747827,16.453533124,17.590410480999999
2604,O,oap2,-1.1000000238418579,18.784864801000001,16.400475177000001,24.765280527000002
2605,O,oap2,-1.1000000238418579,28.377000756000001,16.461213236999999,2.2597132969999998
2606,O,oap2,-1.1000000238418579,28.324937768000002,16.510703255999999,9.2179176980000008
2607,O,oap2,-1.1000000238418579,28.273240051999998,16.499695255999999,16.283879901999999
2608,O,oap2,-1.1000000238418579,28.332076110999999,16.542838929999998,22.981280403
2609,O,oap2,-1.1000000238418579,4.9005893929999997,8.5609171269999997,2.2385441949999998
2610,O,oap2,-1.1000000238418579,4.6806918939999997,8.432385043,9.4482880579999993
2611,O,oap2,-1.1000000238418579,4.7151247019999998,8.3153194110000008,16.118812729999998
2612,O,oap2,-1.1000000238418579,4.6478487550000001,8.4218645839999997,23.032416158
2613,O,oap2,-1.1000000238418579,14.204829631000001,8.4495936339999993,3.8757870809999999
2614,O,oap2,-1.1000000238418579,14.181284602,8.5092069590000001,10.707645132
2615,O,oap2,-1.1000000238418579,13.902712899999999,8.4681450989999991,17.377051610999999
2616,O,oap2,-1.1000000238418579,13.983802778999999,8.4109111750000007,24.410454010999999
2617,O,oap2,-1.1000000238418579,23.695770456999998,8.2737869990000004,4.0057582199999997
2618,O,oap2,-1.1000000238418579,23.555504928000001,8.4623575439999996,10.681699694000001
2619,O,oap2,-1.1000000238418579,23.511230503,8.3163546020000005,17.418588964000001
2620,O,oap2,-1.1000000238418579,23.556187401999999,8.5506917260000002,24.676036477
2621,O,oap2,-1.1000000238418579,32.907291868000002,8.5459732610000003,2.6273698419999998
2622,O,oap2,-1.1000000238418579,32.871368978,8.4073938330000004,10.564619343
2623,O,oap2,-1.1000000238418579,32.945138458999999,8.2730684209999996,17.526164786999999
2624,O,oap2,-1.1000000238418579,32.889684525,8.4333383059999996,23.287720377999999
2625,O,oap2,-1.1000000238418579,-0.033101345999999997,32.785668637999997,7.0996364160000001
2626,O,oap2,-1.1000000238418579,-0.084607057999999999,32.970753553999998,13.518725969
2627,O,oap2,-1.1000000238418579,0.212098904,33.038531102999997,19.936606362999999
2628,O,oap2,-1.1000000238418579,0.182528151,33.033246624,26.266257158999998
2629,O,oap2,-1.1000000238418579,9.3752974630000008,32.875005667000003,5.7103477969999998
2630,O,oap2,-1.1000000238418579,9.2535239709999999,32.880164663999999,12.670306460999999
2631,O,oap2,-1.1000000238418579,9.45441018,32.760961201999997,19.936470547999999
2632,O,oap2,-1.1000000238418579,9.5048337919999994,32.910010429000003,26.291658742999999
2633,O,oap2,-1.1000000238418579,18.892102026,32.927570279000001,6.8819469939999998
2634,O,oap2,-1.1000000238418579,18.692168898999999,32.856493419000003,14.042465043
2635,O,oap2,-1.1000000238418579,18.919780109000001,32.965149699000001,21.048450201000001
2636,O,oap2,-1.1000000238418579,18.809721662000001,32.814654908000001,26.742212895000002
2637,O,oap2,-1.1000000238418579,28.070574901000001,32.835504907000001,7.140572948
2638,O,oap2,-1.1000000238418579,28.144240443000001,32.839328113999997,14.233721861999999
2639,O,oap2,-1.1000000238418579,28.258006012999999,32.921453501000002,21.306022045999999
2640,O,oap2,-1.1000000238418579,28.227785837999999,32.978346289999998,28.160866659
2641,O,oap2,-1.1000000238418579,4.5954610929999999,24.909894477000002,5.8830427209999998
2642,O,oap2,-1.1000000238418579,4.7893939850000002,24.784518794,12.886799097999999
2643,O,oap2,-1.1000000238418579,4.8179872020000003,24.653771591000002,19.614165743000001
2644,O,oap2,-1.1000000238418579,4.7442092889999996,24.566586921999999,26.396827581
2645,O,oap2,-1.1000000238418579,14.116320914999999,24.685274204999999,7.1576651240000002
2646,O,oap2,-1.1000000238418579,14.176728108000001,24.731934211999999,14.126421205
2647,O,oap2,-1.1000000238418579,14.174249555999999,24.751274923,20.986938222999999
2648,O,oap2,-1.1000000238418579,13.857496802,24.646619940000001,28.204141785000001
2649,O,oap2,-1.1000000238418579,23.724608495999998,24.729473852000002,7.1933095280000003
2650,O,oap2,-1.1000000238418579,23.563265347000002,24.645684449000001,13.427406115
2651,O,oap2,-1.1000000238418579,23.537791317,24.850764832999999,20.790279459000001
2652,O,oap2,-1.1000000238418579,23.670934576000001,24.352452667000001,27.683707202000001
2653,O,oap2,-1.1000000238418579,33.067186110999998,24.697496746999999,7.5801176019999996
2654,O,oap2,-1.1000000238418579,33.074299068999998,24.799416726,14.333228494
2655,O,oap2,-1.1000000238418579,32.853260339999999,24.791835836000001,20.818811261
2656,O,oap2,-1.1000000238418579,33.193656294999997,25.050024726,26.706538662
2657,O,oap2,-1.1000000238418579,0.12115340199999999,16.638189400000002,7.0630674730000003
2658,O,oap2,-1.1000000238418579,-0.057437750000000003,16.662995680000002,13.931253487999999
2659,O,oap2,-1.1000000238418579,-0.038115465000000001,16.657133125000001,21.10635023
2660,O,oap2,-1.1000000238418579,-0.0087232980000000009,16.454807478999999,28.196480043000001
2661,O,oap2,-1.1000000238418579,9.4782008530000006,16.528700058999998,6.9162158370000002
2662,O,oap2,-1.1000000238418579,9.3050307480000001,16.728073209000001,13.981084117
2663,O,oap2,-1.1000000238418579,9.6716617409999994,16.465441984000002,21.004945355
2664,O,oap2,-1.1000000238418579,9.5196469090000004,16.297327645999999,26.650780868999998
2665,O,oap2,-1.1000000238418579,18.997037121000002,16.538508762999999,6.9928908280000002
2666,O,oap2,-1.1000000238418579,18.950081465,16.609361658000001,14.014483631999999
2667,O,oap2,-1.1000000238418579,18.954356714999999,16.445819331999999,21.250240119000001
2668,O,oap2,-1.1000000238418579,18.762182723999999,16.332487446999998,28.117384886
2669,O,oap2,-1.1000000238418579,28.207466055000001,16.660800834,5.8048197979999996
2670,O,oap2,-1.1000000238418579,28.360634186999999,16.480380977999999,12.674029231
2671,O,oap2,-1.1000000238418579,28.408356581,16.393588525999998,19.668175316999999
2672,O,oap2,-1.1000000238418579,28.302114674999999,16.616204128,26.506147980000001
2673,O,oap2,-1.1000000238418579,4.6328569399999999,8.5769275040000004,5.6973776029999996
2674,O,oap2,-1.1000000238418579,4.6631409570000004,8.4940319950000003,12.840530406999999
2675,O,oap2,-1.1000000238418579,4.862247751,8.3760425049999991,19.387111719
2676,O,oap2,-1.1000000238418579,4.6784438540000002,8.3142073320000005,26.304856217000001
2677,O,oap2,-1.1000000238418579,14.121371211,8.4726542640000009,7.3251231519999997
2678,O,oap2,-1.1000000238418579,14.183145221,8.4057838080000007,13.844309131999999
2679,O,oap2,-1.1000000238418579,14.164973871999999,8.4618059260000003,21.273470982999999
2680,O,oap2,-1.1000000238418579,14.187772616,8.3065258909999997,27.607004135
2681,O,oap2,-1.1000000238418579,23.52518723,8.5806762390000006,7.497024176
2682,O,oap2,-1.1000000238418579,23.517230196,8.4041448610000007,14.176976513
2683,O,oap2,-1.1000000238418579,23.358884134,8.4502305530000008,21.280505886
2684,O,oap2,-1.1000000238418579,23.324400025999999,8.2427173020000009,28.011042069999998
2685,O,oap2,-1.1000000238418579,32.946914112999998,8.4239155530000005,6.733842814
2686,O,oap2,-1.1000000238418579,32.859171642,8.443342157,13.793390537000001
2687,O,oap2,-1.1000000238418579,32.940295294000002,8.309443967,20.403046416999999
2688,O,oap2,-1.1000000238418579,33.076712862000001,8.5128472249999998,26.645532505999999
2689,H,hop,0.20000000298023224,-0.056153663999999999,32.954096974000002,4.0830260630000001
2690,H,hop,0.20000000298023224,-0.038877799999999997,32.918633432,11.291904393999999
2691,H,hop,0.20000000298023224,0.142560776,33.068594492999999,15.498415568
2692,H,hop,0.20000000298023224,0.14236105299999999,32.626475167000002,22.064313231
2693,H,hop,0.20000000298023224,8.9851652949999998,33.188446358999997,1.344762655
2694,H,hop,0.20000000298023224,9.1561649129999996,33.006522527999998,8.1516981269999995
2695,H,hop,0.20000000298023224,9.7092819759999998,32.629393366000002,15.362274411
2696,H,hop,0.20000000298023224,9.2610219059999999,32.581982781999997,22.132931288000002
2697,H,hop,0.20000000298023224,18.725193973,33.110098653000001,4.590943072
2698,H,hop,0.20000000298023224,18.951581840999999,33.194167452000002,11.253954685
2699,H,hop,0.20000000298023224,18.969449535999999,32.925397617999998,18.383751765
2700,H,hop,0.20000000298023224,18.334936150000001,32.570431755999998,22.88270498
2701,H,hop,0.20000000298023224,28.146958612999999,33.030731508000002,4.9180889040000002
2702,H,hop,0.20000000298023224,28.245469725,33.520415567000001,11.272266833
2703,H,hop,0.20000000298023224,28.442505543999999,33.158192974000002,18.601694670000001
2704,H,hop,0.20000000298023224,28.678529707999999,33.26335057,25.40093203
2705,H,hop,0.20000000298023224,4.4968591020000002,24.476467037999999,1.624730459
2706,H,hop,0.20000000298023224,4.1885265159999996,24.822396458,8.3494345019999994
2707,H,hop,0.20000000298023224,5.0646819350000003,24.698191975,15.529844689000001
2708,H,hop,0.20000000298023224,4.8598629439999996,24.546200290000002,22.292168105999998
2709,H,hop,0.20000000298023224,13.814282985,25.010675533000001,4.598955256
2710,H,hop,0.20000000298023224,14.120335061,25.043484018000001,11.495845491000001
2711,H,hop,0.20000000298023224,14.339044100000001,24.924733946,18.565158631999999
2712,H,hop,0.20000000298023224,14.198064969000001,24.617485043999999,25.545197831999999
2713,H,hop,0.20000000298023224,23.656387723999998,24.295736195,4.810511054
2714,H,hop,0.20000000298023224,23.703565972,24.470557435,11.294032424999999
2715,H,hop,0.20000000298023224,23.803341190000001,25.004496537000001,17.883510471000001
2716,H,hop,0.20000000298023224,23.72188925,24.381206796000001,25.638973849999999
2717,H,hop,0.20000000298023224,32.829226614,25.274180714,4.6079662539999999
2718,H,hop,0.20000000298023224,32.535457848999997,25.243740759000001,11.563725442000001
2719,H,hop,0.20000000298023224,32.897488383999999,24.542785345999999,18.513803976999998
2720,H,hop,0.20000000298023224,33.08561547,24.883891593000001,22.936034317000001
2721,H,hop,0.20000000298023224,0.15876454600000001,16.950323203,4.5979680739999997
2722,H,hop,0.20000000298023224,-0.0014185020000000001,16.618684713,11.414479319
2723,H,hop,0.20000000298023224,0.024952522000000001,16.316397105,18.714160234000001
2724,H,hop,0.20000000298023224,0.47045550200000003,16.591066064,25.548543018
2725,H,hop,0.20000000298023224,9.5698469900000003,16.459651673,4.6091837179999997
2726,H,hop,0.20000000298023224,9.7637458989999999,16.638205224,11.501675602000001
2727,H,hop,0.20000000298023224,9.2501510929999995,16.225182202999999,18.208617501999999
2728,H,hop,0.20000000298023224,9.3122457940000007,16.525918458,22.773605911000001
2729,H,hop,0.20000000298023224,18.77259149,16.368432186,4.6980188189999996
2730,H,hop,0.20000000298023224,19.175738846000002,16.297561955999999,11.403538600999999
2731,H,hop,0.20000000298023224,19.006050881,16.064838046999999,18.412772279999999
2732,H,hop,0.20000000298023224,19.105961756999999,16.176688781999999,25.654854137000001
2733,H,hop,0.20000000298023224,28.788634520999999,16.135350799000001,1.440255662
2734,H,hop,0.20000000298023224,28.170723617,16.63636717,8.3215385949999998
2735,H,hop,0.20000000298023224,28.690716052999999,16.367061825,15.431663422
2736,H,hop,0.20000000298023224,28.814900048999998,16.296886221000001,22.230015302999998
2737,H,hop,0.20000000298023224,4.9420408120000001,8.4839311750000004,1.2411938979999999
2738,H,hop,0.20000000298023224,5.080168799,8.1458886509999999,8.603250031
2739,H,hop,0.20000000298023224,4.8852422879999997,8.1246867910000002,15.212528813
2740,H,hop,0.20000000298023224,5.1977976090000002,8.7992863890000006,22.319885500000002
2741,H,hop,0.20000000298023224,14.810179035000001,8.7271758469999998,4.4505845209999997
2742,H,hop,0.20000000298023224,14.436460745,8.2296772649999994,11.54817959
2743,H,hop,0.20000000298023224,13.343165242,8.4515532750000002,18.189340846
2744,H,hop,0.20000000298023224,14.100729719,8.548270188,25.331901545000001
2745,H,hop,0.20000000298023224,23.628078462000001,7.9497152660000001,4.9007329559999997
2746,H,hop,0.20000000298023224,23.427507947999999,8.0584026780000002,11.568963198000001
2747,H,hop,0.20000000298023224,23.803682453,8.2683911420000005,18.347943895
2748,H,hop,0.20000000298023224,23.688255408,8.5352726749999999,25.652152471000001
2749,H,hop,0.20000000298023224,33.041126308000003,8.5838246310000006,1.7233688359999999
2750,H,hop,0.20000000298023224,32.934347576999997,8.4567552199999998,11.501386499000001
2751,H,hop,0.20000000298023224,33.062057987999999,7.9756819090000004,18.447174875999998
2752,H,hop,0.20000000298023224,33.039959389000003,8.4407077229999992,22.378763132
2753,H,hop,0.20000000298023224,0.0097398480000000006,32.925755586999998,8.0283844660000003
2754,H,hop,0.20000000298023224,-0.13147188700000001,32.724647230999999,14.437804716
2755,H,hop,0.20000000298023224,0.049439324,33.205171462000003,19.055410964
2756,H,hop,0.20000000298023224,-0.038224741,33.113657029000002,25.377730440000001
2757,H,hop,0.20000000298023224,9.4424852609999999,32.941988768000002,4.7221926229999998
2758,H,hop,0.20000000298023224,9.4508905700000003,32.759870257999999,11.739422869
2759,H,hop,0.20000000298023224,9.3574780149999999,32.582422336999997,19.055874446000001
2760,H,hop,0.20000000298023224,9.6016361460000006,32.643260404999999,25.412551764
2761,H,hop,0.20000000298023224,18.350165091000001,33.188002115000003,7.6113910100000002
2762,H,hop,0.20000000298023224,18.660505571000002,32.443055334,14.902333375
2763,H,hop,0.20000000298023224,19.280245212000001,32.776795235000002,21.919223476999999
2764,H,hop,0.20000000298023224,18.831679222999998,32.995058157999999,25.810812695999999
2765,H,hop,0.20000000298023224,28.504131191999999,32.608591322000002,7.9772912539999998
2766,H,hop,0.20000000298023224,28.333886801999999,32.857444874000002,15.168447303000001
2767,H,hop,0.20000000298023224,28.710789699999999,32.832116714000001,22.122190631999999
2768,H,hop,0.20000000298023224,28.760186337,33.114193077000003,28.919088969000001
2769,H,hop,0.20000000298023224,4.1897914009999999,24.686811907999999,5.0909377280000001
2770,H,hop,0.20000000298023224,4.9943918429999998,24.604634337,11.972330273000001
2771,H,hop,0.20000000298023224,4.4166164600000002,24.526634651999998,18.7349085
2772,H,hop,0.20000000298023224,4.1409660549999998,24.420493743000002,25.751966445000001
2773,H,hop,0.20000000298023224,13.636553361000001,24.619468132000002,7.9613783529999997
2774,H,hop,0.20000000298023224,14.030222610999999,25.256448311,14.877758477
2775,H,hop,0.20000000298023224,14.289476627999999,24.686737715,21.948254682000002
2776,H,hop,0.20000000298023224,13.856404504,24.679535530999999,29.134076002
2777,H,hop,0.20000000298023224,24.142019209000001,24.855556830000001,8.0365096630000004
2778,H,hop,0.20000000298023224,23.203188495999999,24.649623117000001,14.293519397000001
2779,H,hop,0.20000000298023224,23.531987533999999,25.329124114999999,21.614809407999999
2780,H,hop,0.20000000298023224,23.715546337999999,24.497953096,28.602244043999999
2781,H,hop,0.20000000298023224,33.341321194000002,24.795881581,8.4896987629999998
2782,H,hop,0.20000000298023224,32.962761483000001,25.139316952000001,15.217914072999999
2783,H,hop,0.20000000298023224,32.977875546999996,24.551326980999999,21.717906330000002
2784,H,hop,0.20000000298023224,33.263091316999997,24.916293783,25.732138047999999
2785,H,hop,0.20000000298023224,0.193582059,16.337646592999999,8.0026040110000007
2786,H,hop,0.20000000298023224,-0.063626528000000002,16.321088894999999,14.815024636
2787,H,hop,0.20000000298023224,-0.238206801,16.631462739,22.024402054999999
2788,H,hop,0.20000000298023224,0.120138972,16.651533525000001,29.063768787000001
2789,H,hop,0.20000000298023224,9.4119149199999992,16.317344847000001,7.8856013330000003
2790,H,hop,0.20000000298023224,9.0856045820000002,16.796399311999998,14.910837320000001
2791,H,hop,0.20000000298023224,9.8846247110000007,16.821785682000002,21.864893636000001
2792,H,hop,0.20000000298023224,9.5455214000000002,16.082609096999999,25.718858652000002
2793,H,hop,0.20000000298023224,18.761994118,16.392585201999999,7.9323796099999999
2794,H,hop,0.20000000298023224,19.270771284999999,16.251846438000001,14.820433313000001
2795,H,hop,0.20000000298023224,19.221498512,16.580129980999999,22.192203143
2796,H,hop,0.20000000298023224,18.933025915000002,16.046707159,28.932350367000002
2797,H,hop,0.20000000298023224,28.675466039,16.562814006,5.0321559840000001
2798,H,hop,0.20000000298023224,28.273706904000001,16.242668441999999,11.758677345000001
2799,H,hop,0.20000000298023224,28.431225294000001,16.529824103999999,18.711518609999999
2800,H,hop,0.20000000298023224,27.911263558000002,17.133717646000001,25.856727276000001
2801,H,hop,0.20000000298023224,5.1164120210000004,8.4004434670000006,4.90323069
2802,H,hop,0.20000000298023224,4.7793241889999996,8.4228394879999993,11.909149233999999
2803,H,hop,0.20000000298023224,4.5727540869999999,8.1940739780000005,18.533703335999999
2804,H,hop,0.20000000298023224,4.865284731,7.6746762610000001,25.646163871999999
2805,H,hop,0.20000000298023224,14.454149562,8.2396247250000005,8.1967739940000008
2806,H,hop,0.20000000298023224,14.430825349999999,8.2409090480000007,14.757353643
2807,H,hop,0.20000000298023224,13.76506678,8.1682824959999998,22.065574113
2808,H,hop,0.20000000298023224,14.242153813,8.5433366579999994,28.558387289999999
2809,H,hop,0.20000000298023224,23.661843485999999,8.9408412080000002,8.3698360279999999
2810,H,hop,0.20000000298023224,23.453454323999999,8.0690961389999991,15.107071306
2811,H,hop,0.20000000298023224,23.817329906000001,8.1195690930000008,22.084463499000002
2812,H,hop,0.20000000298023224,23.229214488,8.4139838240000007,28.966722740000002
2813,H,hop,0.20000000298023224,32.922664392000001,8.7308013160000009,7.6521774000000002
2814,H,hop,0.20000000298023224,32.846476529,8.6479839500000004,14.727074850999999
2815,H,hop,0.20000000298023224,32.711599468999999,8.6872260410000006,21.244604821999999
2816,H,hop,0.20000000298023224,32.992953565000001,8.4914487080000001,25.702411752
