id,element,ff_type,charge,x,y,z
1,O,oap1,-0.60000002384185791,37.45318769,43.354983631000003,32.567230211999998
2,O,oap1,-0.80000001192092896,37.45318769,43.354983631000003,39.442230211999998
3,O,oap1,-0.80000001192092896,37.45318769,43.354983631000003,46.317230211999998
4,O,oap1,-0.80000001192092896,37.45318769,43.354983631000003,53.192230211999998
5,O,oap1,-0.80000001192092896,37.45318769,43.354983631000003,60.067230211999998
6,O,oap1,-0.80000001192092896,37.45318769,43.354983631000003,66.942230211999998
7,O,oap1,-0.80000001192092896,37.45318769,43.354983631000003,73.817230211999998
8,O,oap1,-0.80000001192092896,37.45318769,43.354983631000003,80.692230211999998
9,O,oap1,-0.60000002384185791,37.45318769,52.771983630999998,32.567230211999998
10,O,oap1,-0.80000001192092896,37.45318769,52.771983630999998,39.442230211999998
11,O,oap1,-0.80000001192092896,37.45318769,52.771983630999998,46.317230211999998
12,O,oap1,-0.80000001192092896,37.45318769,52.771983630999998,53.192230211999998
13,O,oap1,-0.80000001192092896,37.45318769,52.771983630999998,60.067230211999998
14,O,oap1,-0.80000001192092896,37.45318769,52.771983630999998,66.942230211999998
15,O,oap1,-0.80000001192092896,37.45318769,52.771983630999998,73.817230211999998
16,O,oap1,-0.80000001192092896,37.45318769,52.771983630999998,80.692230211999998
17,O,oap1,-0.60000002384185791,45.608548917,38.646483631000002,32.567230211999998
18,O,oap1,-0.80000001192092896,45.608548917,38.646483631000002,39.442230211999998
19,O,oap1,-0.80000001192092896,45.608548917,38.646483631000002,46.317230211999998
20,O,oap1,-0.80000001192092896,45.608548917,38.646483631000002,53.192230211999998
21,O,oap1,-0.80000001192092896,45.608548917,38.646483631000002,60.067230211999998
22,O,oap1,-0.80000001192092896,45.608548917,38.646483631000002,66.942230211999998
23,O,oap1,-0.80000001192092896,45.608548917,38.646483631000002,73.817230211999998
24,O,oap1,-0.80000001192092896,45.608548917,38.646483631000002,80.692230211999998
25,O,oap1,-0.60000002384185791,45.608548917,48.063483630999997,32.567230211999998
26,O,oap1,-0.80000001192092896,45.608548917,48.063483630999997,39.442230211999998
27,O,oap1,-0.80000001192092896,45.608548917,48.063483630999997,46.317230211999998
28,O,oap1,-0.80000001192092896,45.608548917,48.063483630999997,53.192230211999998
29,O,oap1,-0.80000001192092896,45.608548917,48.063483630999997,60.067230211999998
30,O,oap1,-0.80000001192092896,45.608548917,48.063483630999997,66.942230211999998
31,O,oap1,-0.80000001192092896,45.608548917,48.063483630999997,73.817230211999998
32,O,oap1,-0.80000001192092896,45.608548917,48.063483630999997,80.692230211999998
33,O,oap1,-0.60000002384185791,45.608548917,57.480483630999998,32.567230211999998
34,O,oap1,-0.80000001192092896,45.608548917,57.480483630999998,39.442230211999998
35,O,oap1,-0.80000001192092896,45.608548917,57.480483630999998,46.317230211999998
36,O,oap1,-0.80000001192092896,45.608548917,57.480483630999998,53.192230211999998
37,O,oap1,-0.80000001192092896,45.608548917,57.480483630999998,60.067230211999998
38,O,oap1,-0.80000001192092896,45.608548917,57.480483630999998,66.942230211999998
39,O,oap1,-0.80000001192092896,45.608548917,57.480483630999998,73.817230211999998
40,O,oap1,-0.80000001192092896,45.608548917,57.480483630999998,80.692230211999998
41,O,oap1,-0.69499999284744263,53.763910144999997,33.937983631000002,32.567230211999998
42,O,oap1,-0.69499999284744263,53.763910144999997,33.937983631000002,39.442230211999998
43,O,oap1,-0.69499999284744263,53.763910144999997,33.937983631000002,46.317230211999998
44,O,oap1,-0.69499999284744263,53.763910144999997,33.937983631000002,53.192230211999998
45,O,oap1,-0.60000002384185791,53.763910144999997,33.937983631000002,60.067230211999998
46,O,oap1,-0.69499999284744263,53.763910144999997,33.937983631000002,66.942230211999998
47,O,oap1,-0.60000002384185791,53.763910144999997,33.937983631000002,73.817230211999998
48,O,oap1,-0.69499999284744263,53.763910144999997,33.937983631000002,80.692230211999998
49,O,oap1,-0.60000002384185791,53.763910144999997,43.354983631000003,32.567230211999998
50,O,oap1,-0.80000001192092896,53.763910144999997,43.354983631000003,39.442230211999998
51,O,oap1,-0.80000001192092896,53.763910144999997,43.354983631000003,46.317230211999998
52,O,oap1,-0.80000001192092896,53.763910144999997,43.354983631000003,53.192230211999998
53,O,oap1,-0.80000001192092896,53.763910144999997,43.354983631000003,60.067230211999998
54,O,oap1,-0.80000001192092896,53.763910144999997,43.354983631000003,66.942230211999998
55,O,oap1,-0.80000001192092896,53.763910144999997,43.354983631000003,73.817230211999998
56,O,oap1,-0.80000001192092896,53.763910144999997,43.354983631000003,80.692230211999998
57,O,oap1,-0.60000002384185791,53.763910144999997,52.771983630999998,32.567230211999998
58,O,oap1,-0.80000001192092896,53.763910144999997,52.771983630999998,39.442230211999998
59,O,oap1,-0.80000001192092896,53.763910144999997,52.771983630999998,46.317230211999998
60,O,oap1,-0.80000001192092896,53.763910144999997,52.771983630999998,53.192230211999998
61,O,oap1,-0.80000001192092896,53.763910144999997,52.771983630999998,60.067230211999998
62,O,oap1,-0.80000001192092896,53.763910144999997,52.771983630999998,66.942230211999998
63,O,oap1,-0.80000001192092896,53.763910144999997,52.771983630999998,73.817230211999998
64,O,oap1,-0.80000001192092896,53.763910144999997,52.771983630999998,80.692230211999998
65,O,oap1,-0.60000002384185791,53.763910144999997,62.188983630999999,32.567230211999998
66,O,oap1,-0.80000001192092896,53.763910144999997,62.188983630999999,39.442230211999998
67,O,oap1,-0.80000001192092896,53.763910144999997,62.188983630999999,46.317230211999998
68,O,oap1,-0.80000001192092896,53.763910144999997,62.188983630999999,53.192230211999998
69,O,oap1,-0.80000001192092896,53.763910144999997,62.188983630999999,60.067230211999998
70,O,oap1,-0.80000001192092896,53.763910144999997,62.188983630999999,66.942230211999998
71,O,oap1,-0.80000001192092896,53.763910144999997,62.188983630999999,73.817230211999998
72,O,oap1,-0.80000001192092896,53.763910144999997,62.188983630999999,80.692230211999998
73,O,oap1,-0.69499999284744263,61.919271371999997,38.646483631000002,32.567230211999998
74,O,oap1,-0.69499999284744263,61.919271371999997,38.646483631000002,39.442230211999998
75,O,oap1,-0.69499999284744263,61.919271371999997,38.646483631000002,46.317230211999998
76,O,oap1,-0.69499999284744263,61.919271371999997,38.646483631000002,53.192230211999998
77,O,oap1,-0.69499999284744263,61.919271371999997,38.646483631000002,60.067230211999998
78,O,oap1,-0.69499999284744263,61.919271371999997,38.646483631000002,66.942230211999998
79,O,oap1,-0.69499999284744263,61.919271371999997,38.646483631000002,73.817230211999998
80,O,oap1,-0.69499999284744263,61.919271371999997,38.646483631000002,80.692230211999998
81,O,oap1,-0.60000002384185791,61.919271371999997,48.063483630999997,32.567230211999998
82,O,oap1,-0.80000001192092896,61.919271371999997,48.063483630999997,39.442230211999998
83,O,oap1,-0.80000001192092896,61.919271371999997,48.063483630999997,46.317230211999998
84,O,oap1,-0.80000001192092896,61.919271371999997,48.063483630999997,53.192230211999998
85,O,oap1,-0.80000001192092896,61.919271371999997,48.063483630999997,60.067230211999998
86,O,oap1,-0.80000001192092896,61.919271371999997,48.063483630999997,66.942230211999998
87,O,oap1,-0.80000001192092896,61.919271371999997,48.063483630999997,73.817230211999998
88,O,oap1,-0.80000001192092896,61.919271371999997,48.063483630999997,80.692230211999998
89,O,oap1,-0.60000002384185791,61.919271371999997,57.480483630999998,32.567230211999998
90,O,oap1,-0.80000001192092896,61.919271371999997,57.480483630999998,39.442230211999998
91,O,oap1,-0.80000001192092896,61.919271371999997,57.480483630999998,46.317230211999998
92,O,oap1,-0.80000001192092896,61.919271371999997,57.480483630999998,53.192230211999998
93,O,oap1,-0.80000001192092896,61.919271371999997,57.480483630999998,60.067230211999998
94,O,oap1,-0.80000001192092896,61.919271371999997,57.480483630999998,66.942230211999998
95,O,oap1,-0.80000001192092896,61.919271371999997,57.480483630999998,73.817230211999998
96,O,oap1,-0.80000001192092896,61.919271371999997,57.480483630999998,80.692230211999998
97,O,oap1,-0.60000002384185791,40.703099344999998,46.855753354000001,32.567230211999998
98,O,oap1,-0.80000001192092896,40.703099344999998,46.855753354000001,39.442230211999998
99,O,oap1,-0.80000001192092896,40.703099344999998,46.855753354000001,46.317230211999998
100,O,oap1,-0.80000001192092896,40.703099344999998,46.855753354000001,53.192230211999998
101,O,oap1,-0.80000001192092896,40.703099344999998,46.855753354000001,60.067230211999998
102,O,oap1,-0.80000001192092896,40.703099344999998,46.855753354000001,66.942230211999998
103,O,oap1,-0.80000001192092896,40.703099344999998,46.855753354000001,73.817230211999998
104,O,oap1,-0.80000001192092896,40.703099344999998,46.855753354000001,80.692230211999998
105,O,oap1,-0.60000002384185791,40.703099344999998,56.272753354000002,32.567230211999998
106,O,oap1,-0.80000001192092896,40.703099344999998,56.272753354000002,39.442230211999998
107,O,oap1,-0.80000001192092896,40.703099344999998,56.272753354000002,46.317230211999998
108,O,oap1,-0.80000001192092896,40.703099344999998,56.272753354000002,53.192230211999998
109,O,oap1,-0.80000001192092896,40.703099344999998,56.272753354000002,60.067230211999998
110,O,oap1,-0.80000001192092896,40.703099344999998,56.272753354000002,66.942230211999998
111,O,oap1,-0.80000001192092896,40.703099344999998,56.272753354000002,73.817230211999998
112,O,oap1,-0.80000001192092896,40.703099344999998,56.272753354000002,80.692230211999998
113,O,oap1,-0.60000002384185791,48.858460571999998,42.147253354,32.567230211999998
114,O,oap1,-0.80000001192092896,48.858460571999998,42.147253354,39.442230211999998
115,O,oap1,-0.80000001192092896,48.858460571999998,42.147253354,46.317230211999998
116,O,oap1,-0.80000001192092896,48.858460571999998,42.147253354,53.192230211999998
117,O,oap1,-0.80000001192092896,48.858460571999998,42.147253354,60.067230211999998
118,O,oap1,-0.80000001192092896,48.858460571999998,42.147253354,66.942230211999998
119,O,oap1,-0.80000001192092896,48.858460571999998,42.147253354,73.817230211999998
120,O,oap1,-0.80000001192092896,48.858460571999998,42.147253354,80.692230211999998
121,O,oap1,-0.60000002384185791,48.858460571999998,51.564253354000002,32.567230211999998
122,O,oap1,-0.80000001192092896,48.858460571999998,51.564253354000002,39.442230211999998
123,O,oap1,-0.80000001192092896,48.858460571999998,51.564253354000002,46.317230211999998
124,O,oap1,-0.80000001192092896,48.858460571999998,51.564253354000002,53.192230211999998
125,O,oap1,-0.80000001192092896,48.858460571999998,51.564253354000002,60.067230211999998
126,O,oap1,-0.80000001192092896,48.858460571999998,51.564253354000002,66.942230211999998
127,O,oap1,-0.80000001192092896,48.858460571999998,51.564253354000002,73.817230211999998
128,O,oap1,-0.80000001192092896,48.858460571999998,51.564253354000002,80.692230211999998
129,O,oap1,-0.60000002384185791,48.858460571999998,60.981253354000003,32.567230211999998
130,O,oap1,-0.80000001192092896,48.858460571999998,60.981253354000003,39.442230211999998
131,O,oap1,-0.80000001192092896,48.858460571999998,60.981253354000003,46.317230211999998
132,O,oap1,-0.80000001192092896,48.858460571999998,60.981253354000003,53.192230211999998
133,O,oap1,-0.80000001192092896,48.858460571999998,60.981253354000003,60.067230211999998
134,O,oap1,-0.80000001192092896,48.858460571999998,60.981253354000003,66.942230211999998
135,O,oap1,-0.80000001192092896,48.858460571999998,60.981253354000003,73.817230211999998
136,O,oap1,-0.80000001192092896,48.858460571999998,60.981253354000003,80.692230211999998
137,O,oap1,-0.60000002384185791,57.013821800000002,37.438753353999999,32.567230211999998
138,O,oap1,-0.80000001192092896,57.013821800000002,37.438753353999999,39.442230211999998
139,O,oap1,-0.80000001192092896,57.013821800000002,37.438753353999999,46.317230211999998
140,O,oap1,-0.80000001192092896,57.013821800000002,37.438753353999999,53.192230211999998
141,O,oap1,-0.80000001192092896,57.013821800000002,37.438753353999999,60.067230211999998
142,O,oap1,-0.80000001192092896,57.013821800000002,37.438753353999999,66.942230211999998
143,O,oap1,-0.80000001192092896,57.013821800000002,37.438753353999999,73.817230211999998
144,O,oap1,-0.80000001192092896,57.013821800000002,37.438753353999999,80.692230211999998
145,O,oap1,-0.60000002384185791,57.013821800000002,46.855753354000001,32.567230211999998
146,O,oap1,-0.80000001192092896,57.013821800000002,46.855753354000001,39.442230211999998
147,O,oap1,-0.80000001192092896,57.013821800000002,46.855753354000001,46.317230211999998
148,O,oap1,-0.80000001192092896,57.013821800000002,46.855753354000001,53.192230211999998
149,O,oap1,-0.80000001192092896,57.013821800000002,46.855753354000001,60.067230211999998
150,O,oap1,-0.80000001192092896,57.013821800000002,46.855753354000001,66.942230211999998
151,O,oap1,-0.80000001192092896,57.013821800000002,46.855753354000001,73.817230211999998
152,O,oap1,-0.80000001192092896,57.013821800000002,46.855753354000001,80.692230211999998
153,O,oap1,-0.60000002384185791,57.013821800000002,56.272753354000002,32.567230211999998
154,O,oap1,-0.80000001192092896,57.013821800000002,56.272753354000002,39.442230211999998
155,O,oap1,-0.80000001192092896,57.013821800000002,56.272753354000002,46.317230211999998
156,O,oap1,-0.80000001192092896,57.013821800000002,56.272753354000002,53.192230211999998
157,O,oap1,-0.80000001192092896,57.013821800000002,56.272753354000002,60.067230211999998
158,O,oap1,-0.80000001192092896,57.013821800000002,56.272753354000002,66.942230211999998
159,O,oap1,-0.80000001192092896,57.013821800000002,56.272753354000002,73.817230211999998
160,O,oap1,-0.80000001192092896,57.013821800000002,56.272753354000002,80.692230211999998
161,O,oap1,-0.69499999284744263,57.013821800000002,65.689753354000004,32.567230211999998
162,O,oap1,-0.69499999284744263,57.013821800000002,65.689753354000004,39.442230211999998
163,O,oap1,-0.69499999284744263,57.013821800000002,65.689753354000004,46.317230211999998
164,O,oap1,-0.69499999284744263,57.013821800000002,65.689753354000004,53.192230211999998
165,O,oap1,-0.69499999284744263,57.013821800000002,65.689753354000004,60.067230211999998
166,O,oap1,-0.69499999284744263,57.013821800000002,65.689753354000004,66.942230211999998
167,O,oap1,-0.69499999284744263,57.013821800000002,65.689753354000004,73.817230211999998
168,O,oap1,-0.69499999284744263,57.013821800000002,65.689753354000004,80.692230211999998
169,O,oap1,-0.60000002384185791,65.169183027000003,42.147253354,32.567230211999998
170,O,oap1,-0.80000001192092896,65.169183027000003,42.147253354,39.442230211999998
171,O,oap1,-0.80000001192092896,65.169183027000003,42.147253354,46.317230211999998
172,O,oap1,-0.80000001192092896,65.169183027000003,42.147253354,53.192230211999998
173,O,oap1,-0.80000001192092896,65.169183027000003,42.147253354,60.067230211999998
174,O,oap1,-0.80000001192092896,65.169183027000003,42.147253354,66.942230211999998
175,O,oap1,-0.80000001192092896,65.169183027000003,42.147253354,73.817230211999998
176,O,oap1,-0.80000001192092896,65.169183027000003,42.147253354,80.692230211999998
177,O,oap1,-0.60000002384185791,65.169183027000003,51.564253354000002,32.567230211999998
178,O,oap1,-0.80000001192092896,65.169183027000003,51.564253354000002,39.442230211999998
179,O,oap1,-0.80000001192092896,65.169183027000003,51.564253354000002,46.317230211999998
180,O,oap1,-0.80000001192092896,65.169183027000003,51.564253354000002,53.192230211999998
181,O,oap1,-0.80000001192092896,65.169183027000003,51.564253354000002,60.067230211999998
182,O,oap1,-0.80000001192092896,65.169183027000003,51.564253354000002,66.942230211999998
183,O,oap1,-0.80000001192092896,65.169183027000003,51.564253354000002,73.817230211999998
184,O,oap1,-0.80000001192092896,65.169183027000003,51.564253354000002,80.692230211999998
185,O,oap1,-0.69499999284744263,65.169183027000003,60.981253354000003,32.567230211999998
186,O,oap1,-0.69499999284744263,65.169183027000003,60.981253354000003,39.442230211999998
187,O,oap1,-0.69499999284744263,65.169183027000003,60.981253354000003,46.317230211999998
188,O,oap1,-0.69499999284744263,65.169183027000003,60.981253354000003,53.192230211999998
189,O,oap1,-0.69499999284744263,65.169183027000003,60.981253354000003,60.067230211999998
190,O,oap1,-0.60000002384185791,65.169183027000003,60.981253354000003,66.942230211999998
191,O,oap1,-0.69499999284744263,65.169183027000003,60.981253354000003,73.817230211999998
192,O,oap1,-0.60000002384185791,65.169183027000003,60.981253354000003,80.692230211999998
193,O,oap1,-0.60000002384185791,36.046388004000001,47.919874546000003,32.567230211999998
194,O,oap1,-0.69499999284744263,36.046388004000001,47.919874546000003,39.442230211999998
195,O,oap1,-0.69499999284744263,36.046388004000001,47.919874546000003,46.317230211999998
196,O,oap1,-0.69499999284744263,36.046388004000001,47.919874546000003,53.192230211999998
197,O,oap1,-0.69499999284744263,36.046388004000001,47.919874546000003,60.067230211999998
198,O,oap1,-0.69499999284744263,36.046388004000001,47.919874546000003,66.942230211999998
199,O,oap1,-0.69499999284744263,36.046388004000001,47.919874546000003,73.817230211999998
200,O,oap1,-0.69499999284744263,36.046388004000001,47.919874546000003,80.692230211999998
201,O,oap1,-0.60000002384185791,36.046388004000001,57.336874545999997,32.567230211999998
202,O,oap1,-0.69499999284744263,36.046388004000001,57.336874545999997,39.442230211999998
203,O,oap1,-0.69499999284744263,36.046388004000001,57.336874545999997,46.317230211999998
204,O,oap1,-0.60000002384185791,36.046388004000001,57.336874545999997,53.192230211999998
205,O,oap1,-0.69499999284744263,36.046388004000001,57.336874545999997,60.067230211999998
206,O,oap1,-0.69499999284744263,36.046388004000001,57.336874545999997,66.942230211999998
207,O,oap1,-0.69499999284744263,36.046388004000001,57.336874545999997,73.817230211999998
208,O,oap1,-0.69499999284744263,36.046388004000001,57.336874545999997,80.692230211999998
209,O,oap1,-0.60000002384185791,44.201749231999997,43.211374546000002,32.567230211999998
210,O,oap1,-0.80000001192092896,44.201749231999997,43.211374546000002,39.442230211999998
211,O,oap1,-0.80000001192092896,44.201749231999997,43.211374546000002,46.317230211999998
212,O,oap1,-0.80000001192092896,44.201749231999997,43.211374546000002,53.192230211999998
213,O,oap1,-0.80000001192092896,44.201749231999997,43.211374546000002,60.067230211999998
214,O,oap1,-0.80000001192092896,44.201749231999997,43.211374546000002,66.942230211999998
215,O,oap1,-0.80000001192092896,44.201749231999997,43.211374546000002,73.817230211999998
216,O,oap1,-0.80000001192092896,44.201749231999997,43.211374546000002,80.692230211999998
217,O,oap1,-0.60000002384185791,44.201749231999997,52.628374546000003,32.567230211999998
218,O,oap1,-0.80000001192092896,44.201749231999997,52.628374546000003,39.442230211999998
219,O,oap1,-0.80000001192092896,44.201749231999997,52.628374546000003,46.317230211999998
220,O,oap1,-0.80000001192092896,44.201749231999997,52.628374546000003,53.192230211999998
221,O,oap1,-0.80000001192092896,44.201749231999997,52.628374546000003,60.067230211999998
222,O,oap1,-0.80000001192092896,44.201749231999997,52.628374546000003,66.942230211999998
223,O,oap1,-0.80000001192092896,44.201749231999997,52.628374546000003,73.817230211999998
224,O,oap1,-0.80000001192092896,44.201749231999997,52.628374546000003,80.692230211999998
225,O,oap1,-0.60000002384185791,44.201749231999997,62.045374545999998,32.567230211999998
226,O,oap1,-0.80000001192092896,44.201749231999997,62.045374545999998,39.442230211999998
227,O,oap1,-0.80000001192092896,44.201749231999997,62.045374545999998,46.317230211999998
228,O,oap1,-0.80000001192092896,44.201749231999997,62.045374545999998,53.192230211999998
229,O,oap1,-0.80000001192092896,44.201749231999997,62.045374545999998,60.067230211999998
230,O,oap1,-0.80000001192092896,44.201749231999997,62.045374545999998,66.942230211999998
231,O,oap1,-0.80000001192092896,44.201749231999997,62.045374545999998,73.817230211999998
232,O,oap1,-0.80000001192092896,44.201749231999997,62.045374545999998,80.692230211999998
233,O,oap1,-0.60000002384185791,52.357110458999998,38.502874546000001,32.567230211999998
234,O,oap1,-0.80000001192092896,52.357110458999998,38.502874546000001,39.442230211999998
235,O,oap1,-0.80000001192092896,52.357110458999998,38.502874546000001,46.317230211999998
236,O,oap1,-0.80000001192092896,52.357110458999998,38.502874546000001,53.192230211999998
237,O,oap1,-0.80000001192092896,52.357110458999998,38.502874546000001,60.067230211999998
238,O,oap1,-0.80000001192092896,52.357110458999998,38.502874546000001,66.942230211999998
239,O,oap1,-0.80000001192092896,52.357110458999998,38.502874546000001,73.817230211999998
240,O,oap1,-0.80000001192092896,52.357110458999998,38.502874546000001,80.692230211999998
241,O,oap1,-0.60000002384185791,52.357110458999998,47.919874546000003,32.567230211999998
242,O,oap1,-0.80000001192092896,52.357110458999998,47.919874546000003,39.442230211999998
243,O,oap1,-0.80000001192092896,52.357110458999998,47.919874546000003,46.317230211999998
244,O,oap1,-0.80000001192092896,52.357110458999998,47.919874546000003,53.192230211999998
245,O,oap1,-0.80000001192092896,52.357110458999998,47.919874546000003,60.067230211999998
246,O,oap1,-0.80000001192092896,52.357110458999998,47.919874546000003,66.942230211999998
247,O,oap1,-0.80000001192092896,52.357110458999998,47.919874546000003,73.817230211999998
248,O,oap1,-0.80000001192092896,52.357110458999998,47.919874546000003,80.692230211999998
249,O,oap1,-0.60000002384185791,52.357110458999998,57.336874545999997,32.567230211999998
250,O,oap1,-0.80000001192092896,52.357110458999998,57.336874545999997,39.442230211999998
251,O,oap1,-0.80000001192092896,52.357110458999998,57.336874545999997,46.317230211999998
252,O,oap1,-0.80000001192092896,52.357110458999998,57.336874545999997,53.192230211999998
253,O,oap1,-0.80000001192092896,52.357110458999998,57.336874545999997,60.067230211999998
254,O,oap1,-0.80000001192092896,52.357110458999998,57.336874545999997,66.942230211999998
255,O,oap1,-0.80000001192092896,52.357110458999998,57.336874545999997,73.817230211999998
256,O,oap1,-0.80000001192092896,52.357110458999998,57.336874545999997,80.692230211999998
257,O,oap1,-0.60000002384185791,52.357110458999998,66.753874546000006,32.567230211999998
258,O,oap1,-0.80000001192092896,52.357110458999998,66.753874546000006,39.442230211999998
259,O,oap1,-0.80000001192092896,52.357110458999998,66.753874546000006,46.317230211999998
260,O,oap1,-0.80000001192092896,52.357110458999998,66.753874546000006,53.192230211999998
261,O,oap1,-0.80000001192092896,52.357110458999998,66.753874546000006,60.067230211999998
262,O,oap1,-0.80000001192092896,52.357110458999998,66.753874546000006,66.942230211999998
263,O,oap1,-0.80000001192092896,52.357110458999998,66.753874546000006,73.817230211999998
264,O,oap1,-0.80000001192092896,52.357110458999998,66.753874546000006,80.692230211999998
265,O,oap1,-0.60000002384185791,60.512471687000001,43.211374546000002,32.567230211999998
266,O,oap1,-0.80000001192092896,60.512471687000001,43.211374546000002,39.442230211999998
267,O,oap1,-0.80000001192092896,60.512471687000001,43.211374546000002,46.317230211999998
268,O,oap1,-0.80000001192092896,60.512471687000001,43.211374546000002,53.192230211999998
269,O,oap1,-0.80000001192092896,60.512471687000001,43.211374546000002,60.067230211999998
270,O,oap1,-0.80000001192092896,60.512471687000001,43.211374546000002,66.942230211999998
271,O,oap1,-0.80000001192092896,60.512471687000001,43.211374546000002,73.817230211999998
272,O,oap1,-0.80000001192092896,60.512471687000001,43.211374546000002,80.692230211999998
273,O,oap1,-0.60000002384185791,60.512471687000001,52.628374546000003,32.567230211999998
274,O,oap1,-0.80000001192092896,60.512471687000001,52.628374546000003,39.442230211999998
275,O,oap1,-0.80000001192092896,60.512471687000001,52.628374546000003,46.317230211999998
276,O,oap1,-0.80000001192092896,60.512471687000001,52.628374546000003,53.192230211999998
277,O,oap1,-0.80000001192092896,60.512471687000001,52.628374546000003,60.067230211999998
278,O,oap1,-0.80000001192092896,60.512471687000001,52.628374546000003,66.942230211999998
279,O,oap1,-0.80000001192092896,60.512471687000001,52.628374546000003,73.817230211999998
280,O,oap1,-0.80000001192092896,60.512471687000001,52.628374546000003,80.692230211999998
281,O,oap1,-0.60000002384185791,60.512471687000001,62.045374545999998,32.567230211999998
282,O,oap1,-0.80000001192092896,60.512471687000001,62.045374545999998,39.442230211999998
283,O,oap1,-0.80000001192092896,60.512471687000001,62.045374545999998,46.317230211999998
284,O,oap1,-0.80000001192092896,60.512471687000001,62.045374545999998,53.192230211999998
285,O,oap1,-0.80000001192092896,60.512471687000001,62.045374545999998,60.067230211999998
286,O,oap1,-0.80000001192092896,60.512471687000001,62.045374545999998,66.942230211999998
287,O,oap1,-0.80000001192092896,60.512471687000001,62.045374545999998,73.817230211999998
288,O,oap1,-0.80000001192092896,60.512471687000001,62.045374545999998,80.692230211999998
289,O,oap1,-0.80000001192092896,41.400382745000002,44.023590722999998,36.004730211999998
290,O,oap1,-0.80000001192092896,41.400382745000002,44.023590722999998,42.879730211999998
291,O,oap1,-0.80000001192092896,41.400382745000002,44.023590722999998,49.754730211999998
292,O,oap1,-0.80000001192092896,41.400382745000002,44.023590722999998,56.629730211999998
293,O,oap1,-0.80000001192092896,41.400382745000002,44.023590722999998,63.504730211999998
294,O,oap1,-0.80000001192092896,41.400382745000002,44.023590722999998,70.379730211999998
295,O,oap1,-0.80000001192092896,41.400382745000002,44.023590722999998,77.254730211999998
296,O,oap1,-0.69499999284744263,41.400382745000002,44.023590722999998,84.129730211999998
297,O,oap1,-0.80000001192092896,41.400382745000002,53.440590723,36.004730211999998
298,O,oap1,-0.80000001192092896,41.400382745000002,53.440590723,42.879730211999998
299,O,oap1,-0.80000001192092896,41.400382745000002,53.440590723,49.754730211999998
300,O,oap1,-0.80000001192092896,41.400382745000002,53.440590723,56.629730211999998
301,O,oap1,-0.80000001192092896,41.400382745000002,53.440590723,63.504730211999998
302,O,oap1,-0.80000001192092896,41.400382745000002,53.440590723,70.379730211999998
303,O,oap1,-0.80000001192092896,41.400382745000002,53.440590723,77.254730211999998
304,O,oap1,-0.69499999284744263,41.400382745000002,53.440590723,84.129730211999998
305,O,oap1,-0.69499999284744263,41.400382745000002,62.857590723000001,36.004730211999998
306,O,oap1,-0.69499999284744263,41.400382745000002,62.857590723000001,42.879730211999998
307,O,oap1,-0.69499999284744263,41.400382745000002,62.857590723000001,49.754730211999998
308,O,oap1,-0.60000002384185791,41.400382745000002,62.857590723000001,56.629730211999998
309,O,oap1,-0.69499999284744263,41.400382745000002,62.857590723000001,63.504730211999998
310,O,oap1,-0.69499999284744263,41.400382745000002,62.857590723000001,70.379730211999998
311,O,oap1,-0.69499999284744263,41.400382745000002,62.857590723000001,77.254730211999998
312,O,oap1,-0.69499999284744263,41.400382745000002,62.857590723000001,84.129730211999998
313,O,oap1,-0.80000001192092896,49.555743972999998,39.315090722999997,36.004730211999998
314,O,oap1,-0.80000001192092896,49.555743972999998,39.315090722999997,42.879730211999998
315,O,oap1,-0.80000001192092896,49.555743972999998,39.315090722999997,49.754730211999998
316,O,oap1,-0.80000001192092896,49.555743972999998,39.315090722999997,56.629730211999998
317,O,oap1,-0.80000001192092896,49.555743972999998,39.315090722999997,63.504730211999998
318,O,oap1,-0.80000001192092896,49.555743972999998,39.315090722999997,70.379730211999998
319,O,oap1,-0.80000001192092896,49.555743972999998,39.315090722999997,77.254730211999998
320,O,oap1,-0.69499999284744263,49.555743972999998,39.315090722999997,84.129730211999998
321,O,oap1,-0.80000001192092896,49.555743972999998,48.732090722999999,36.004730211999998
322,O,oap1,-0.80000001192092896,49.555743972999998,48.732090722999999,42.879730211999998
323,O,oap1,-0.80000001192092896,49.555743972999998,48.732090722999999,49.754730211999998
324,O,oap1,-0.80000001192092896,49.555743972999998,48.732090722999999,56.629730211999998
325,O,oap1,-0.80000001192092896,49.555743972999998,48.732090722999999,63.504730211999998
326,O,oap1,-0.80000001192092896,49.555743972999998,48.732090722999999,70.379730211999998
327,O,oap1,-0.80000001192092896,49.555743972999998,48.732090722999999,77.254730211999998
328,O,oap1,-0.69499999284744263,49.555743972999998,48.732090722999999,84.129730211999998
329,O,oap1,-0.80000001192092896,49.555743972999998,58.149090723,36.004730211999998
330,O,oap1,-0.80000001192092896,49.555743972999998,58.149090723,42.879730211999998
331,O,oap1,-0.80000001192092896,49.555743972999998,58.149090723,49.754730211999998
332,O,oap1,-0.80000001192092896,49.555743972999998,58.149090723,56.629730211999998
333,O,oap1,-0.80000001192092896,49.555743972999998,58.149090723,63.504730211999998
334,O,oap1,-0.80000001192092896,49.555743972999998,58.149090723,70.379730211999998
335,O,oap1,-0.80000001192092896,49.555743972999998,58.149090723,77.254730211999998
336,O,oap1,-0.69499999284744263,49.555743972999998,58.149090723,84.129730211999998
337,O,oap1,-0.60000002384185791,49.555743972999998,67.566090723000002,36.004730211999998
338,O,oap1,-0.69499999284744263,49.555743972999998,67.566090723000002,42.879730211999998
339,O,oap1,-0.60000002384185791,49.555743972999998,67.566090723000002,49.754730211999998
340,O,oap1,-0.60000002384185791,49.555743972999998,67.566090723000002,56.629730211999998
341,O,oap1,-0.69499999284744263,49.555743972999998,67.566090723000002,63.504730211999998
342,O,oap1,-0.69499999284744263,49.555743972999998,67.566090723000002,70.379730211999998
343,O,oap1,-0.69499999284744263,49.555743972999998,67.566090723000002,77.254730211999998
344,O,oap1,-0.69499999284744263,49.555743972999998,67.566090723000002,84.129730211999998
345,O,oap1,-0.80000001192092896,57.711105199999999,44.023590722999998,36.004730211999998
346,O,oap1,-0.80000001192092896,57.711105199999999,44.023590722999998,42.879730211999998
347,O,oap1,-0.80000001192092896,57.711105199999999,44.023590722999998,49.754730211999998
348,O,oap1,-0.80000001192092896,57.711105199999999,44.023590722999998,56.629730211999998
349,O,oap1,-0.80000001192092896,57.711105199999999,44.023590722999998,63.504730211999998
350,O,oap1,-0.80000001192092896,57.711105199999999,44.023590722999998,70.379730211999998
351,O,oap1,-0.80000001192092896,57.711105199999999,44.023590722999998,77.254730211999998
352,O,oap1,-0.69499999284744263,57.711105199999999,44.023590722999998,84.129730211999998
353,O,oap1,-0.80000001192092896,57.711105199999999,53.440590723,36.004730211999998
354,O,oap1,-0.80000001192092896,57.711105199999999,53.440590723,42.879730211999998
355,O,oap1,-0.80000001192092896,57.711105199999999,53.440590723,49.754730211999998
356,O,oap1,-0.80000001192092896,57.711105199999999,53.440590723,56.629730211999998
357,O,oap1,-0.80000001192092896,57.711105199999999,53.440590723,63.504730211999998
358,O,oap1,-0.80000001192092896,57.711105199999999,53.440590723,70.379730211999998
359,O,oap1,-0.80000001192092896,57.711105199999999,53.440590723,77.254730211999998
360,O,oap1,-0.69499999284744263,57.711105199999999,53.440590723,84.129730211999998
361,O,oap1,-0.80000001192092896,57.711105199999999,62.857590723000001,36.004730211999998
362,O,oap1,-0.80000001192092896,57.711105199999999,62.857590723000001,42.879730211999998
363,O,oap1,-0.80000001192092896,57.711105199999999,62.857590723000001,49.754730211999998
364,O,oap1,-0.80000001192092896,57.711105199999999,62.857590723000001,56.629730211999998
365,O,oap1,-0.80000001192092896,57.711105199999999,62.857590723000001,63.504730211999998
366,O,oap1,-0.80000001192092896,57.711105199999999,62.857590723000001,70.379730211999998
367,O,oap1,-0.80000001192092896,57.711105199999999,62.857590723000001,77.254730211999998
368,O,oap1,-0.69499999284744263,57.711105199999999,62.857590723000001,84.129730211999998
369,O,oap1,-0.80000001192092896,65.866466427999995,48.732090722999999,36.004730211999998
370,O,oap1,-0.80000001192092896,65.866466427999995,48.732090722999999,42.879730211999998
371,O,oap1,-0.80000001192092896,65.866466427999995,48.732090722999999,49.754730211999998
372,O,oap1,-0.80000001192092896,65.866466427999995,48.732090722999999,56.629730211999998
373,O,oap1,-0.80000001192092896,65.866466427999995,48.732090722999999,63.504730211999998
374,O,oap1,-0.80000001192092896,65.866466427999995,48.732090722999999,70.379730211999998
375,O,oap1,-0.80000001192092896,65.866466427999995,48.732090722999999,77.254730211999998
376,O,oap1,-0.69499999284744263,65.866466427999995,48.732090722999999,84.129730211999998
377,O,oap1,-0.80000001192092896,65.866466427999995,58.149090723,36.004730211999998
378,O,oap1,-0.80000001192092896,65.866466427999995,58.149090723,42.879730211999998
379,O,oap1,-0.80000001192092896,65.866466427999995,58.149090723,49.754730211999998
380,O,oap1,-0.80000001192092896,65.866466427999995,58.149090723,56.629730211999998
381,O,oap1,-0.80000001192092896,65.866466427999995,58.149090723,63.504730211999998
382,O,oap1,-0.80000001192092896,65.866466427999995,58.149090723,70.379730211999998
383,O,oap1,-0.80000001192092896,65.866466427999995,58.149090723,77.254730211999998
384,O,oap1,-0.69499999284744263,65.866466427999995,58.149090723,84.129730211999998
385,O,oap1,-0.69499999284744263,38.150471090000003,40.522821,36.004730211999998
386,O,oap1,-0.60000002384185791,38.150471090000003,40.522821,42.879730211999998
387,O,oap1,-0.60000002384185791,38.150471090000003,40.522821,49.754730211999998
388,O,oap1,-0.69499999284744263,38.150471090000003,40.522821,56.629730211999998
389,O,oap1,-0.69499999284744263,38.150471090000003,40.522821,63.504730211999998
390,O,oap1,-0.60000002384185791,38.150471090000003,40.522821,70.379730211999998
391,O,oap1,-0.69499999284744263,38.150471090000003,40.522821,77.254730211999998
392,O,oap1,-0.69499999284744263,38.150471090000003,40.522821,84.129730211999998
393,O,oap1,-0.80000001192092896,38.150471090000003,49.939821000000002,36.004730211999998
394,O,oap1,-0.80000001192092896,38.150471090000003,49.939821000000002,42.879730211999998
395,O,oap1,-0.80000001192092896,38.150471090000003,49.939821000000002,49.754730211999998
396,O,oap1,-0.80000001192092896,38.150471090000003,49.939821000000002,56.629730211999998
397,O,oap1,-0.80000001192092896,38.150471090000003,49.939821000000002,63.504730211999998
398,O,oap1,-0.80000001192092896,38.150471090000003,49.939821000000002,70.379730211999998
399,O,oap1,-0.80000001192092896,38.150471090000003,49.939821000000002,77.254730211999998
400,O,oap1,-0.69499999284744263,38.150471090000003,49.939821000000002,84.129730211999998
401,O,oap1,-0.80000001192092896,38.150471090000003,59.356820999999997,36.004730211999998
402,O,oap1,-0.80000001192092896,38.150471090000003,59.356820999999997,42.879730211999998
403,O,oap1,-0.80000001192092896,38.150471090000003,59.356820999999997,49.754730211999998
404,O,oap1,-0.80000001192092896,38.150471090000003,59.356820999999997,56.629730211999998
405,O,oap1,-0.80000001192092896,38.150471090000003,59.356820999999997,63.504730211999998
406,O,oap1,-0.80000001192092896,38.150471090000003,59.356820999999997,70.379730211999998
407,O,oap1,-0.80000001192092896,38.150471090000003,59.356820999999997,77.254730211999998
408,O,oap1,-0.69499999284744263,38.150471090000003,59.356820999999997,84.129730211999998
409,O,oap1,-0.69499999284744263,46.305832318,35.814321,36.004730211999998
410,O,oap1,-0.69499999284744263,46.305832318,35.814321,42.879730211999998
411,O,oap1,-0.69499999284744263,46.305832318,35.814321,49.754730211999998
412,O,oap1,-0.69499999284744263,46.305832318,35.814321,56.629730211999998
413,O,oap1,-0.60000002384185791,46.305832318,35.814321,63.504730211999998
414,O,oap1,-0.69499999284744263,46.305832318,35.814321,70.379730211999998
415,O,oap1,-0.60000002384185791,46.305832318,35.814321,77.254730211999998
416,O,oap1,-0.69499999284744263,46.305832318,35.814321,84.129730211999998
417,O,oap1,-0.80000001192092896,46.305832318,45.231321000000001,36.004730211999998
418,O,oap1,-0.80000001192092896,46.305832318,45.231321000000001,42.879730211999998
419,O,oap1,-0.80000001192092896,46.305832318,45.231321000000001,49.754730211999998
420,O,oap1,-0.80000001192092896,46.305832318,45.231321000000001,56.629730211999998
421,O,oap1,-0.80000001192092896,46.305832318,45.231321000000001,63.504730211999998
422,O,oap1,-0.80000001192092896,46.305832318,45.231321000000001,70.379730211999998
423,O,oap1,-0.80000001192092896,46.305832318,45.231321000000001,77.254730211999998
424,O,oap1,-0.69499999284744263,46.305832318,45.231321000000001,84.129730211999998
425,O,oap1,-0.80000001192092896,46.305832318,54.648321000000003,36.004730211999998
426,O,oap1,-0.80000001192092896,46.305832318,54.648321000000003,42.879730211999998
427,O,oap1,-0.80000001192092896,46.305832318,54.648321000000003,49.754730211999998
428,O,oap1,-0.80000001192092896,46.305832318,54.648321000000003,56.629730211999998
429,O,oap1,-0.80000001192092896,46.305832318,54.648321000000003,63.504730211999998
430,O,oap1,-0.80000001192092896,46.305832318,54.648321000000003,70.379730211999998
431,O,oap1,-0.80000001192092896,46.305832318,54.648321000000003,77.254730211999998
432,O,oap1,-0.69499999284744263,46.305832318,54.648321000000003,84.129730211999998
433,O,oap1,-0.80000001192092896,46.305832318,64.065320999999997,36.004730211999998
434,O,oap1,-0.80000001192092896,46.305832318,64.065320999999997,42.879730211999998
435,O,oap1,-0.80000001192092896,46.305832318,64.065320999999997,49.754730211999998
436,O,oap1,-0.80000001192092896,46.305832318,64.065320999999997,56.629730211999998
437,O,oap1,-0.80000001192092896,46.305832318,64.065320999999997,63.504730211999998
438,O,oap1,-0.80000001192092896,46.305832318,64.065320999999997,70.379730211999998
439,O,oap1,-0.80000001192092896,46.305832318,64.065320999999997,77.254730211999998
440,O,oap1,-0.69499999284744263,46.305832318,64.065320999999997,84.129730211999998
441,O,oap1,-0.80000001192092896,54.461193545,40.522821,36.004730211999998
442,O,oap1,-0.80000001192092896,54.461193545,40.522821,42.879730211999998
443,O,oap1,-0.80000001192092896,54.461193545,40.522821,49.754730211999998
444,O,oap1,-0.80000001192092896,54.461193545,40.522821,56.629730211999998
445,O,oap1,-0.80000001192092896,54.461193545,40.522821,63.504730211999998
446,O,oap1,-0.80000001192092896,54.461193545,40.522821,70.379730211999998
447,O,oap1,-0.80000001192092896,54.461193545,40.522821,77.254730211999998
448,O,oap1,-0.69499999284744263,54.461193545,40.522821,84.129730211999998
449,O,oap1,-0.80000001192092896,54.461193545,49.939821000000002,36.004730211999998
450,O,oap1,-0.80000001192092896,54.461193545,49.939821000000002,42.879730211999998
451,O,oap1,-0.80000001192092896,54.461193545,49.939821000000002,49.754730211999998
452,O,oap1,-0.80000001192092896,54.461193545,49.939821000000002,56.629730211999998
453,O,oap1,-0.80000001192092896,54.461193545,49.939821000000002,63.504730211999998
454,O,oap1,-0.80000001192092896,54.461193545,49.939821000000002,70.379730211999998
455,O,oap1,-0.80000001192092896,54.461193545,49.939821000000002,77.254730211999998
456,O,oap1,-0.69499999284744263,54.461193545,49.939821000000002,84.129730211999998
457,O,oap1,-0.80000001192092896,54.461193545,59.356820999999997,36.004730211999998
458,O,oap1,-0.80000001192092896,54.461193545,59.356820999999997,42.879730211999998
459,O,oap1,-0.80000001192092896,54.461193545,59.356820999999997,49.754730211999998
460,O,oap1,-0.80000001192092896,54.461193545,59.356820999999997,56.629730211999998
461,O,oap1,-0.80000001192092896,54.461193545,59.356820999999997,63.504730211999998
462,O,oap1,-0.80000001192092896,54.461193545,59.356820999999997,70.379730211999998
463,O,oap1,-0.80000001192092896,54.461193545,59.356820999999997,77.254730211999998
464,O,oap1,-0.69499999284744263,54.461193545,59.356820999999997,84.129730211999998
465,O,oap1,-0.80000001192092896,62.616554772000001,45.231321000000001,36.004730211999998
466,O,oap1,-0.80000001192092896,62.616554772000001,45.231321000000001,42.879730211999998
467,O,oap1,-0.80000001192092896,62.616554772000001,45.231321000000001,49.754730211999998
468,O,oap1,-0.80000001192092896,62.616554772000001,45.231321000000001,56.629730211999998
469,O,oap1,-0.80000001192092896,62.616554772000001,45.231321000000001,63.504730211999998
470,O,oap1,-0.80000001192092896,62.616554772000001,45.231321000000001,70.379730211999998
471,O,oap1,-0.80000001192092896,62.616554772000001,45.231321000000001,77.254730211999998
472,O,oap1,-0.69499999284744263,62.616554772000001,45.231321000000001,84.129730211999998
473,O,oap1,-0.80000001192092896,62.616554772000001,54.648321000000003,36.004730211999998
474,O,oap1,-0.80000001192092896,62.616554772000001,54.648321000000003,42.879730211999998
475,O,oap1,-0.80000001192092896,62.616554772000001,54.648321000000003,49.754730211999998
476,O,oap1,-0.80000001192092896,62.616554772000001,54.648321000000003,56.629730211999998
477,O,oap1,-0.80000001192092896,62.616554772000001,54.648321000000003,63.504730211999998
478,O,oap1,-0.80000001192092896,62.616554772000001,54.648321000000003,70.379730211999998
479,O,oap1,-0.80000001192092896,62.616554772000001,54.648321000000003,77.254730211999998
480,O,oap1,-0.69499999284744263,62.616554772000001,54.648321000000003,84.129730211999998
481,O,oap1,-0.80000001192092896,42.807182431000001,39.458699807999999,36.004730211999998
482,O,oap1,-0.80000001192092896,42.807182431000001,39.458699807999999,42.879730211999998
483,O,oap1,-0.80000001192092896,42.807182431000001,39.458699807999999,49.754730211999998
484,O,oap1,-0.80000001192092896,42.807182431000001,39.458699807999999,56.629730211999998
485,O,oap1,-0.80000001192092896,42.807182431000001,39.458699807999999,63.504730211999998
486,O,oap1,-0.80000001192092896,42.807182431000001,39.458699807999999,70.379730211999998
487,O,oap1,-0.80000001192092896,42.807182431000001,39.458699807999999,77.254730211999998
488,O,oap1,-0.69499999284744263,42.807182431000001,39.458699807999999,84.129730211999998
489,O,oap1,-0.80000001192092896,42.807182431000001,48.875699808,36.004730211999998
490,O,oap1,-0.80000001192092896,42.807182431000001,48.875699808,42.879730211999998
491,O,oap1,-0.80000001192092896,42.807182431000001,48.875699808,49.754730211999998
492,O,oap1,-0.80000001192092896,42.807182431000001,48.875699808,56.629730211999998
493,O,oap1,-0.80000001192092896,42.807182431000001,48.875699808,63.504730211999998
494,O,oap1,-0.80000001192092896,42.807182431000001,48.875699808,70.379730211999998
495,O,oap1,-0.80000001192092896,42.807182431000001,48.875699808,77.254730211999998
496,O,oap1,-0.69499999284744263,42.807182431000001,48.875699808,84.129730211999998
497,O,oap1,-0.80000001192092896,42.807182431000001,58.292699808000002,36.004730211999998
498,O,oap1,-0.80000001192092896,42.807182431000001,58.292699808000002,42.879730211999998
499,O,oap1,-0.80000001192092896,42.807182431000001,58.292699808000002,49.754730211999998
500,O,oap1,-0.80000001192092896,42.807182431000001,58.292699808000002,56.629730211999998
501,O,oap1,-0.80000001192092896,42.807182431000001,58.292699808000002,63.504730211999998
502,O,oap1,-0.80000001192092896,42.807182431000001,58.292699808000002,70.379730211999998
503,O,oap1,-0.80000001192092896,42.807182431000001,58.292699808000002,77.254730211999998
504,O,oap1,-0.69499999284744263,42.807182431000001,58.292699808000002,84.129730211999998
505,O,oap1,-0.80000001192092896,50.962543658000001,34.750199807999998,36.004730211999998
506,O,oap1,-0.80000001192092896,50.962543658000001,34.750199807999998,42.879730211999998
507,O,oap1,-0.80000001192092896,50.962543658000001,34.750199807999998,49.754730211999998
508,O,oap1,-0.80000001192092896,50.962543658000001,34.750199807999998,56.629730211999998
509,O,oap1,-0.80000001192092896,50.962543658000001,34.750199807999998,63.504730211999998
510,O,oap1,-0.80000001192092896,50.962543658000001,34.750199807999998,70.379730211999998
511,O,oap1,-0.80000001192092896,50.962543658000001,34.750199807999998,77.254730211999998
512,O,oap1,-0.69499999284744263,50.962543658000001,34.750199807999998,84.129730211999998
513,O,oap1,-0.80000001192092896,50.962543658000001,44.167199807999999,36.004730211999998
514,O,oap1,-0.80000001192092896,50.962543658000001,44.167199807999999,42.879730211999998
515,O,oap1,-0.80000001192092896,50.962543658000001,44.167199807999999,49.754730211999998
516,O,oap1,-0.80000001192092896,50.962543658000001,44.167199807999999,56.629730211999998
517,O,oap1,-0.80000001192092896,50.962543658000001,44.167199807999999,63.504730211999998
518,O,oap1,-0.80000001192092896,50.962543658000001,44.167199807999999,70.379730211999998
519,O,oap1,-0.80000001192092896,50.962543658000001,44.167199807999999,77.254730211999998
520,O,oap1,-0.69499999284744263,50.962543658000001,44.167199807999999,84.129730211999998
521,O,oap1,-0.80000001192092896,50.962543658000001,53.584199808000001,36.004730211999998
522,O,oap1,-0.80000001192092896,50.962543658000001,53.584199808000001,42.879730211999998
523,O,oap1,-0.80000001192092896,50.962543658000001,53.584199808000001,49.754730211999998
524,O,oap1,-0.80000001192092896,50.962543658000001,53.584199808000001,56.629730211999998
525,O,oap1,-0.80000001192092896,50.962543658000001,53.584199808000001,63.504730211999998
526,O,oap1,-0.80000001192092896,50.962543658000001,53.584199808000001,70.379730211999998
527,O,oap1,-0.80000001192092896,50.962543658000001,53.584199808000001,77.254730211999998
528,O,oap1,-0.69499999284744263,50.962543658000001,53.584199808000001,84.129730211999998
529,O,oap1,-0.80000001192092896,50.962543658000001,63.001199808000003,36.004730211999998
530,O,oap1,-0.80000001192092896,50.962543658000001,63.001199808000003,42.879730211999998
531,O,oap1,-0.80000001192092896,50.962543658000001,63.001199808000003,49.754730211999998
532,O,oap1,-0.80000001192092896,50.962543658000001,63.001199808000003,56.629730211999998
533,O,oap1,-0.80000001192092896,50.962543658000001,63.001199808000003,63.504730211999998
534,O,oap1,-0.80000001192092896,50.962543658000001,63.001199808000003,70.379730211999998
535,O,oap1,-0.80000001192092896,50.962543658000001,63.001199808000003,77.254730211999998
536,O,oap1,-0.69499999284744263,50.962543658000001,63.001199808000003,84.129730211999998
537,O,oap1,-0.80000001192092896,59.117904885999998,39.458699807999999,36.004730211999998
538,O,oap1,-0.80000001192092896,59.117904885999998,39.458699807999999,42.879730211999998
539,O,oap1,-0.80000001192092896,59.117904885999998,39.458699807999999,49.754730211999998
540,O,oap1,-0.80000001192092896,59.117904885999998,39.458699807999999,56.629730211999998
541,O,oap1,-0.80000001192092896,59.117904885999998,39.458699807999999,63.504730211999998
542,O,oap1,-0.80000001192092896,59.117904885999998,39.458699807999999,70.379730211999998
543,O,oap1,-0.80000001192092896,59.117904885999998,39.458699807999999,77.254730211999998
544,O,oap1,-0.69499999284744263,59.117904885999998,39.458699807999999,84.129730211999998
545,O,oap1,-0.80000001192092896,59.117904885999998,48.875699808,36.004730211999998
546,O,oap1,-0.80000001192092896,59.117904885999998,48.875699808,42.879730211999998
547,O,oap1,-0.80000001192092896,59.117904885999998,48.875699808,49.754730211999998
548,O,oap1,-0.80000001192092896,59.117904885999998,48.875699808,56.629730211999998
549,O,oap1,-0.80000001192092896,59.117904885999998,48.875699808,63.504730211999998
550,O,oap1,-0.80000001192092896,59.117904885999998,48.875699808,70.379730211999998
551,O,oap1,-0.80000001192092896,59.117904885999998,48.875699808,77.254730211999998
552,O,oap1,-0.69499999284744263,59.117904885999998,48.875699808,84.129730211999998
553,O,oap1,-0.80000001192092896,59.117904885999998,58.292699808000002,36.004730211999998
554,O,oap1,-0.80000001192092896,59.117904885999998,58.292699808000002,42.879730211999998
555,O,oap1,-0.80000001192092896,59.117904885999998,58.292699808000002,49.754730211999998
556,O,oap1,-0.80000001192092896,59.117904885999998,58.292699808000002,56.629730211999998
557,O,oap1,-0.80000001192092896,59.117904885999998,58.292699808000002,63.504730211999998
558,O,oap1,-0.80000001192092896,59.117904885999998,58.292699808000002,70.379730211999998
559,O,oap1,-0.80000001192092896,59.117904885999998,58.292699808000002,77.254730211999998
560,O,oap1,-0.69499999284744263,59.117904885999998,58.292699808000002,84.129730211999998
561,O,oap1,-0.69499999284744263,67.273266113000005,44.167199807999999,36.004730211999998
562,O,oap1,-0.60000002384185791,67.273266113000005,44.167199807999999,42.879730211999998
563,O,oap1,-0.60000002384185791,67.273266113000005,44.167199807999999,49.754730211999998
564,O,oap1,-0.60000002384185791,67.273266113000005,44.167199807999999,56.629730211999998
565,O,oap1,-0.69499999284744263,67.273266113000005,44.167199807999999,63.504730211999998
566,O,oap1,-0.69499999284744263,67.273266113000005,44.167199807999999,70.379730211999998
567,O,oap1,-0.69499999284744263,67.273266113000005,44.167199807999999,77.254730211999998
568,O,oap1,-0.69499999284744263,67.273266113000005,44.167199807999999,84.129730211999998
569,O,oap1,-0.60000002384185791,67.273266113000005,53.584199808000001,36.004730211999998
570,O,oap1,-0.69499999284744263,67.273266113000005,53.584199808000001,42.879730211999998
571,O,oap1,-0.60000002384185791,67.273266113000005,53.584199808000001,49.754730211999998
572,O,oap1,-0.69499999284744263,67.273266113000005,53.584199808000001,56.629730211999998
573,O,oap1,-0.60000002384185791,67.273266113000005,53.584199808000001,63.504730211999998
574,O,oap1,-0.69499999284744263,67.273266113000005,53.584199808000001,70.379730211999998
575,O,oap1,-0.69499999284744263,67.273266113000005,53.584199808000001,77.254730211999998
576,O,oap1,-0.69499999284744263,67.273266113000005,53.584199808000001,84.129730211999998
577,O,oap1,-0.80000001192092896,41.400382745000002,44.023590722999998,38.475605240999997
578,O,oap1,-0.80000001192092896,41.400382745000002,44.023590722999998,45.350605240999997
579,O,oap1,-0.80000001192092896,41.400382745000002,44.023590722999998,52.225605240999997
580,O,oap1,-0.80000001192092896,41.400382745000002,44.023590722999998,59.100605240999997
581,O,oap1,-0.80000001192092896,41.400382745000002,44.023590722999998,65.975605240999997
582,O,oap1,-0.80000001192092896,41.400382745000002,44.023590722999998,72.850605240999997
583,O,oap1,-0.80000001192092896,41.400382745000002,44.023590722999998,79.725605240999997
584,O,oap1,-0.60000002384185791,41.400382745000002,44.023590722999998,86.600605240999997
585,O,oap1,-0.80000001192092896,41.400382745000002,53.440590723,38.475605240999997
586,O,oap1,-0.80000001192092896,41.400382745000002,53.440590723,45.350605240999997
587,O,oap1,-0.80000001192092896,41.400382745000002,53.440590723,52.225605240999997
588,O,oap1,-0.80000001192092896,41.400382745000002,53.440590723,59.100605240999997
589,O,oap1,-0.80000001192092896,41.400382745000002,53.440590723,65.975605240999997
590,O,oap1,-0.80000001192092896,41.400382745000002,53.440590723,72.850605240999997
591,O,oap1,-0.80000001192092896,41.400382745000002,53.440590723,79.725605240999997
592,O,oap1,-0.60000002384185791,41.400382745000002,53.440590723,86.600605240999997
593,O,oap1,-0.69499999284744263,41.400382745000002,62.857590723000001,38.475605240999997
594,O,oap1,-0.69499999284744263,41.400382745000002,62.857590723000001,45.350605240999997
595,O,oap1,-0.69499999284744263,41.400382745000002,62.857590723000001,52.225605240999997
596,O,oap1,-0.69499999284744263,41.400382745000002,62.857590723000001,59.100605240999997
597,O,oap1,-0.69499999284744263,41.400382745000002,62.857590723000001,65.975605240999997
598,O,oap1,-0.60000002384185791,41.400382745000002,62.857590723000001,72.850605240999997
599,O,oap1,-0.60000002384185791,41.400382745000002,62.857590723000001,79.725605240999997
600,O,oap1,-0.60000002384185791,41.400382745000002,62.857590723000001,86.600605240999997
601,O,oap1,-0.80000001192092896,49.555743972999998,39.315090722999997,38.475605240999997
602,O,oap1,-0.80000001192092896,49.555743972999998,39.315090722999997,45.350605240999997
603,O,oap1,-0.80000001192092896,49.555743972999998,39.315090722999997,52.225605240999997
604,O,oap1,-0.80000001192092896,49.555743972999998,39.315090722999997,59.100605240999997
605,O,oap1,-0.80000001192092896,49.555743972999998,39.315090722999997,65.975605240999997
606,O,oap1,-0.80000001192092896,49.555743972999998,39.315090722999997,72.850605240999997
607,O,oap1,-0.80000001192092896,49.555743972999998,39.315090722999997,79.725605240999997
608,O,oap1,-0.60000002384185791,49.555743972999998,39.315090722999997,86.600605240999997
609,O,oap1,-0.80000001192092896,49.555743972999998,48.732090722999999,38.475605240999997
610,O,oap1,-0.80000001192092896,49.555743972999998,48.732090722999999,45.350605240999997
611,O,oap1,-0.80000001192092896,49.555743972999998,48.732090722999999,52.225605240999997
612,O,oap1,-0.80000001192092896,49.555743972999998,48.732090722999999,59.100605240999997
613,O,oap1,-0.80000001192092896,49.555743972999998,48.732090722999999,65.975605240999997
614,O,oap1,-0.80000001192092896,49.555743972999998,48.732090722999999,72.850605240999997
615,O,oap1,-0.80000001192092896,49.555743972999998,48.732090722999999,79.725605240999997
616,O,oap1,-0.60000002384185791,49.555743972999998,48.732090722999999,86.600605240999997
617,O,oap1,-0.80000001192092896,49.555743972999998,58.149090723,38.475605240999997
618,O,oap1,-0.80000001192092896,49.555743972999998,58.149090723,45.350605240999997
619,O,oap1,-0.80000001192092896,49.555743972999998,58.149090723,52.225605240999997
620,O,oap1,-0.80000001192092896,49.555743972999998,58.149090723,59.100605240999997
621,O,oap1,-0.80000001192092896,49.555743972999998,58.149090723,65.975605240999997
622,O,oap1,-0.80000001192092896,49.555743972999998,58.149090723,72.850605240999997
623,O,oap1,-0.80000001192092896,49.555743972999998,58.149090723,79.725605240999997
624,O,oap1,-0.60000002384185791,49.555743972999998,58.149090723,86.600605240999997
625,O,oap1,-0.69499999284744263,49.555743972999998,67.566090723000002,38.475605240999997
626,O,oap1,-0.60000002384185791,49.555743972999998,67.566090723000002,45.350605240999997
627,O,oap1,-0.69499999284744263,49.555743972999998,67.566090723000002,52.225605240999997
628,O,oap1,-0.69499999284744263,49.555743972999998,67.566090723000002,59.100605240999997
629,O,oap1,-0.69499999284744263,49.555743972999998,67.566090723000002,65.975605240999997
630,O,oap1,-0.69499999284744263,49.555743972999998,67.566090723000002,72.850605240999997
631,O,oap1,-0.69499999284744263,49.555743972999998,67.566090723000002,79.725605240999997
632,O,oap1,-0.69499999284744263,49.555743972999998,67.566090723000002,86.600605240999997
633,O,oap1,-0.80000001192092896,57.711105199999999,44.023590722999998,38.475605240999997
634,O,oap1,-0.80000001192092896,57.711105199999999,44.023590722999998,45.350605240999997
635,O,oap1,-0.80000001192092896,57.711105199999999,44.023590722999998,52.225605240999997
636,O,oap1,-0.80000001192092896,57.711105199999999,44.023590722999998,59.100605240999997
637,O,oap1,-0.80000001192092896,57.711105199999999,44.023590722999998,65.975605240999997
638,O,oap1,-0.80000001192092896,57.711105199999999,44.023590722999998,72.850605240999997
639,O,oap1,-0.80000001192092896,57.711105199999999,44.023590722999998,79.725605240999997
640,O,oap1,-0.60000002384185791,57.711105199999999,44.023590722999998,86.600605240999997
641,O,oap1,-0.80000001192092896,57.711105199999999,53.440590723,38.475605240999997
642,O,oap1,-0.80000001192092896,57.711105199999999,53.440590723,45.350605240999997
643,O,oap1,-0.80000001192092896,57.711105199999999,53.440590723,52.225605240999997
644,O,oap1,-0.80000001192092896,57.711105199999999,53.440590723,59.100605240999997
645,O,oap1,-0.80000001192092896,57.711105199999999,53.440590723,65.975605240999997
646,O,oap1,-0.80000001192092896,57.711105199999999,53.440590723,72.850605240999997
647,O,oap1,-0.80000001192092896,57.711105199999999,53.440590723,79.725605240999997
648,O,oap1,-0.60000002384185791,57.711105199999999,53.440590723,86.600605240999997
649,O,oap1,-0.80000001192092896,57.711105199999999,62.857590723000001,38.475605240999997
650,O,oap1,-0.80000001192092896,57.711105199999999,62.857590723000001,45.350605240999997
651,O,oap1,-0.80000001192092896,57.711105199999999,62.857590723000001,52.225605240999997
652,O,oap1,-0.80000001192092896,57.711105199999999,62.857590723000001,59.100605240999997
653,O,oap1,-0.80000001192092896,57.711105199999999,62.857590723000001,65.975605240999997
654,O,oap1,-0.80000001192092896,57.711105199999999,62.857590723000001,72.850605240999997
655,O,oap1,-0.80000001192092896,57.711105199999999,62.857590723000001,79.725605240999997
656,O,oap1,-0.60000002384185791,57.711105199999999,62.857590723000001,86.600605240999997
657,O,oap1,-0.80000001192092896,65.866466427999995,48.732090722999999,38.475605240999997
658,O,oap1,-0.80000001192092896,65.866466427999995,48.732090722999999,45.350605240999997
659,O,oap1,-0.80000001192092896,65.866466427999995,48.732090722999999,52.225605240999997
660,O,oap1,-0.80000001192092896,65.866466427999995,48.732090722999999,59.100605240999997
661,O,oap1,-0.80000001192092896,65.866466427999995,48.732090722999999,65.975605240999997
662,O,oap1,-0.80000001192092896,65.866466427999995,48.732090722999999,72.850605240999997
663,O,oap1,-0.80000001192092896,65.866466427999995,48.732090722999999,79.725605240999997
664,O,oap1,-0.60000002384185791,65.866466427999995,48.732090722999999,86.600605240999997
665,O,oap1,-0.80000001192092896,65.866466427999995,58.149090723,38.475605240999997
666,O,oap1,-0.80000001192092896,65.866466427999995,58.149090723,45.350605240999997
667,O,oap1,-0.80000001192092896,65.866466427999995,58.149090723,52.225605240999997
668,O,oap1,-0.80000001192092896,65.866466427999995,58.149090723,59.100605240999997
669,O,oap1,-0.80000001192092896,65.866466427999995,58.149090723,65.975605240999997
670,O,oap1,-0.80000001192092896,65.866466427999995,58.149090723,72.850605240999997
671,O,oap1,-0.80000001192092896,65.866466427999995,58.149090723,79.725605240999997
672,O,oap1,-0.60000002384185791,65.866466427999995,58.149090723,86.600605240999997
673,O,oap1,-0.69499999284744263,38.150471090000003,40.522821,38.475605240999997
674,O,oap1,-0.69499999284744263,38.150471090000003,40.522821,45.350605240999997
675,O,oap1,-0.69499999284744263,38.150471090000003,40.522821,52.225605240999997
676,O,oap1,-0.69499999284744263,38.150471090000003,40.522821,59.100605240999997
677,O,oap1,-0.69499999284744263,38.150471090000003,40.522821,65.975605240999997
678,O,oap1,-0.69499999284744263,38.150471090000003,40.522821,72.850605240999997
679,O,oap1,-0.60000002384185791,38.150471090000003,40.522821,79.725605240999997
680,O,oap1,-0.69499999284744263,38.150471090000003,40.522821,86.600605240999997
681,O,oap1,-0.80000001192092896,38.150471090000003,49.939821000000002,38.475605240999997
682,O,oap1,-0.80000001192092896,38.150471090000003,49.939821000000002,45.350605240999997
683,O,oap1,-0.80000001192092896,38.150471090000003,49.939821000000002,52.225605240999997
684,O,oap1,-0.80000001192092896,38.150471090000003,49.939821000000002,59.100605240999997
685,O,oap1,-0.80000001192092896,38.150471090000003,49.939821000000002,65.975605240999997
686,O,oap1,-0.80000001192092896,38.150471090000003,49.939821000000002,72.850605240999997
687,O,oap1,-0.80000001192092896,38.150471090000003,49.939821000000002,79.725605240999997
688,O,oap1,-0.60000002384185791,38.150471090000003,49.939821000000002,86.600605240999997
689,O,oap1,-0.80000001192092896,38.150471090000003,59.356820999999997,38.475605240999997
690,O,oap1,-0.80000001192092896,38.150471090000003,59.356820999999997,45.350605240999997
691,O,oap1,-0.80000001192092896,38.150471090000003,59.356820999999997,52.225605240999997
692,O,oap1,-0.80000001192092896,38.150471090000003,59.356820999999997,59.100605240999997
693,O,oap1,-0.80000001192092896,38.150471090000003,59.356820999999997,65.975605240999997
694,O,oap1,-0.80000001192092896,38.150471090000003,59.356820999999997,72.850605240999997
695,O,oap1,-0.80000001192092896,38.150471090000003,59.356820999999997,79.725605240999997
696,O,oap1,-0.60000002384185791,38.150471090000003,59.356820999999997,86.600605240999997
697,O,oap1,-0.69499999284744263,46.305832318,35.814321,38.475605240999997
698,O,oap1,-0.69499999284744263,46.305832318,35.814321,45.350605240999997
699,O,oap1,-0.69499999284744263,46.305832318,35.814321,52.225605240999997
700,O,oap1,-0.69499999284744263,46.305832318,35.814321,59.100605240999997
701,O,oap1,-0.69499999284744263,46.305832318,35.814321,65.975605240999997
702,O,oap1,-0.60000002384185791,46.305832318,35.814321,72.850605240999997
703,O,oap1,-0.69499999284744263,46.305832318,35.814321,79.725605240999997
704,O,oap1,-0.60000002384185791,46.305832318,35.814321,86.600605240999997
705,O,oap1,-0.80000001192092896,46.305832318,45.231321000000001,38.475605240999997
706,O,oap1,-0.80000001192092896,46.305832318,45.231321000000001,45.350605240999997
707,O,oap1,-0.80000001192092896,46.305832318,45.231321000000001,52.225605240999997
708,O,oap1,-0.80000001192092896,46.305832318,45.231321000000001,59.100605240999997
709,O,oap1,-0.80000001192092896,46.305832318,45.231321000000001,65.975605240999997
710,O,oap1,-0.80000001192092896,46.305832318,45.231321000000001,72.850605240999997
711,O,oap1,-0.80000001192092896,46.305832318,45.231321000000001,79.725605240999997
712,O,oap1,-0.60000002384185791,46.305832318,45.231321000000001,86.600605240999997
713,O,oap1,-0.80000001192092896,46.305832318,54.648321000000003,38.475605240999997
714,O,oap1,-0.80000001192092896,46.305832318,54.648321000000003,45.350605240999997
715,O,oap1,-0.80000001192092896,46.305832318,54.648321000000003,52.225605240999997
716,O,oap1,-0.80000001192092896,46.305832318,54.648321000000003,59.100605240999997
717,O,oap1,-0.80000001192092896,46.305832318,54.648321000000003,65.975605240999997
718,O,oap1,-0.80000001192092896,46.305832318,54.648321000000003,72.850605240999997
719,O,oap1,-0.80000001192092896,46.305832318,54.648321000000003,79.725605240999997
720,O,oap1,-0.60000002384185791,46.305832318,54.648321000000003,86.600605240999997
721,O,oap1,-0.80000001192092896,46.305832318,64.065320999999997,38.475605240999997
722,O,oap1,-0.80000001192092896,46.305832318,64.065320999999997,45.350605240999997
723,O,oap1,-0.80000001192092896,46.305832318,64.065320999999997,52.225605240999997
724,O,oap1,-0.80000001192092896,46.305832318,64.065320999999997,59.100605240999997
725,O,oap1,-0.80000001192092896,46.305832318,64.065320999999997,65.975605240999997
726,O,oap1,-0.80000001192092896,46.305832318,64.065320999999997,72.850605240999997
727,O,oap1,-0.80000001192092896,46.305832318,64.065320999999997,79.725605240999997
728,O,oap1,-0.60000002384185791,46.305832318,64.065320999999997,86.600605240999997
729,O,oap1,-0.80000001192092896,54.461193545,40.522821,38.475605240999997
730,O,oap1,-0.80000001192092896,54.461193545,40.522821,45.350605240999997
731,O,oap1,-0.80000001192092896,54.461193545,40.522821,52.225605240999997
732,O,oap1,-0.80000001192092896,54.461193545,40.522821,59.100605240999997
733,O,oap1,-0.80000001192092896,54.461193545,40.522821,65.975605240999997
734,O,oap1,-0.80000001192092896,54.461193545,40.522821,72.850605240999997
735,O,oap1,-0.80000001192092896,54.461193545,40.522821,79.725605240999997
736,O,oap1,-0.60000002384185791,54.461193545,40.522821,86.600605240999997
737,O,oap1,-0.80000001192092896,54.461193545,49.939821000000002,38.475605240999997
738,O,oap1,-0.80000001192092896,54.461193545,49.939821000000002,45.350605240999997
739,O,oap1,-0.80000001192092896,54.461193545,49.939821000000002,52.225605240999997
740,O,oap1,-0.80000001192092896,54.461193545,49.939821000000002,59.100605240999997
741,O,oap1,-0.80000001192092896,54.461193545,49.939821000000002,65.975605240999997
742,O,oap1,-0.80000001192092896,54.461193545,49.939821000000002,72.850605240999997
743,O,oap1,-0.80000001192092896,54.461193545,49.939821000000002,79.725605240999997
744,O,oap1,-0.60000002384185791,54.461193545,49.939821000000002,86.600605240999997
745,O,oap1,-0.80000001192092896,54.461193545,59.356820999999997,38.475605240999997
746,O,oap1,-0.80000001192092896,54.461193545,59.356820999999997,45.350605240999997
747,O,oap1,-0.80000001192092896,54.461193545,59.356820999999997,52.225605240999997
748,O,oap1,-0.80000001192092896,54.461193545,59.356820999999997,59.100605240999997
749,O,oap1,-0.80000001192092896,54.461193545,59.356820999999997,65.975605240999997
750,O,oap1,-0.80000001192092896,54.461193545,59.356820999999997,72.850605240999997
751,O,oap1,-0.80000001192092896,54.461193545,59.356820999999997,79.725605240999997
752,O,oap1,-0.60000002384185791,54.461193545,59.356820999999997,86.600605240999997
753,O,oap1,-0.80000001192092896,62.616554772000001,45.231321000000001,38.475605240999997
754,O,oap1,-0.80000001192092896,62.616554772000001,45.231321000000001,45.350605240999997
755,O,oap1,-0.80000001192092896,62.616554772000001,45.231321000000001,52.225605240999997
756,O,oap1,-0.80000001192092896,62.616554772000001,45.231321000000001,59.100605240999997
757,O,oap1,-0.80000001192092896,62.616554772000001,45.231321000000001,65.975605240999997
758,O,oap1,-0.80000001192092896,62.616554772000001,45.231321000000001,72.850605240999997
759,O,oap1,-0.80000001192092896,62.616554772000001,45.231321000000001,79.725605240999997
760,O,oap1,-0.60000002384185791,62.616554772000001,45.231321000000001,86.600605240999997
761,O,oap1,-0.80000001192092896,62.616554772000001,54.648321000000003,38.475605240999997
762,O,oap1,-0.80000001192092896,62.616554772000001,54.648321000000003,45.350605240999997
763,O,oap1,-0.80000001192092896,62.616554772000001,54.648321000000003,52.225605240999997
764,O,oap1,-0.80000001192092896,62.616554772000001,54.648321000000003,59.100605240999997
765,O,oap1,-0.80000001192092896,62.616554772000001,54.648321000000003,65.975605240999997
766,O,oap1,-0.80000001192092896,62.616554772000001,54.648321000000003,72.850605240999997
767,O,oap1,-0.80000001192092896,62.616554772000001,54.648321000000003,79.725605240999997
768,O,oap1,-0.60000002384185791,62.616554772000001,54.648321000000003,86.600605240999997
769,O,oap1,-0.80000001192092896,42.807182431000001,39.458699807999999,38.475605240999997
770,O,oap1,-0.80000001192092896,42.807182431000001,39.458699807999999,45.350605240999997
771,O,oap1,-0.80000001192092896,42.807182431000001,39.458699807999999,52.225605240999997
772,O,oap1,-0.80000001192092896,42.807182431000001,39.458699807999999,59.100605240999997
773,O,oap1,-0.80000001192092896,42.807182431000001,39.458699807999999,65.975605240999997
774,O,oap1,-0.80000001192092896,42.807182431000001,39.458699807999999,72.850605240999997
775,O,oap1,-0.80000001192092896,42.807182431000001,39.458699807999999,79.725605240999997
776,O,oap1,-0.60000002384185791,42.807182431000001,39.458699807999999,86.600605240999997
777,O,oap1,-0.80000001192092896,42.807182431000001,48.875699808,38.475605240999997
778,O,oap1,-0.80000001192092896,42.807182431000001,48.875699808,45.350605240999997
779,O,oap1,-0.80000001192092896,42.807182431000001,48.875699808,52.225605240999997
780,O,oap1,-0.80000001192092896,42.807182431000001,48.875699808,59.100605240999997
781,O,oap1,-0.80000001192092896,42.807182431000001,48.875699808,65.975605240999997
782,O,oap1,-0.80000001192092896,42.807182431000001,48.875699808,72.850605240999997
783,O,oap1,-0.80000001192092896,42.807182431000001,48.875699808,79.725605240999997
784,O,oap1,-0.60000002384185791,42.807182431000001,48.875699808,86.600605240999997
785,O,oap1,-0.80000001192092896,42.807182431000001,58.292699808000002,38.475605240999997
786,O,oap1,-0.80000001192092896,42.807182431000001,58.292699808000002,45.350605240999997
787,O,oap1,-0.80000001192092896,42.807182431000001,58.292699808000002,52.225605240999997
788,O,oap1,-0.80000001192092896,42.807182431000001,58.292699808000002,59.100605240999997
789,O,oap1,-0.80000001192092896,42.807182431000001,58.292699808000002,65.975605240999997
790,O,oap1,-0.80000001192092896,42.807182431000001,58.292699808000002,72.850605240999997
791,O,oap1,-0.80000001192092896,42.807182431000001,58.292699808000002,79.725605240999997
792,O,oap1,-0.60000002384185791,42.807182431000001,58.292699808000002,86.600605240999997
793,O,oap1,-0.80000001192092896,50.962543658000001,34.750199807999998,38.475605240999997
794,O,oap1,-0.80000001192092896,50.962543658000001,34.750199807999998,45.350605240999997
795,O,oap1,-0.80000001192092896,50.962543658000001,34.750199807999998,52.225605240999997
796,O,oap1,-0.80000001192092896,50.962543658000001,34.750199807999998,59.100605240999997
797,O,oap1,-0.80000001192092896,50.962543658000001,34.750199807999998,65.975605240999997
798,O,oap1,-0.80000001192092896,50.962543658000001,34.750199807999998,72.850605240999997
799,O,oap1,-0.80000001192092896,50.962543658000001,34.750199807999998,79.725605240999997
800,O,oap1,-0.60000002384185791,50.962543658000001,34.750199807999998,86.600605240999997
801,O,oap1,-0.80000001192092896,50.962543658000001,44.167199807999999,38.475605240999997
802,O,oap1,-0.80000001192092896,50.962543658000001,44.167199807999999,45.350605240999997
803,O,oap1,-0.80000001192092896,50.962543658000001,44.167199807999999,52.225605240999997
804,O,oap1,-0.80000001192092896,50.962543658000001,44.167199807999999,59.100605240999997
805,O,oap1,-0.80000001192092896,50.962543658000001,44.167199807999999,65.975605240999997
806,O,oap1,-0.80000001192092896,50.962543658000001,44.167199807999999,72.850605240999997
807,O,oap1,-0.80000001192092896,50.962543658000001,44.167199807999999,79.725605240999997
808,O,oap1,-0.60000002384185791,50.962543658000001,44.167199807999999,86.600605240999997
809,O,oap1,-0.80000001192092896,50.962543658000001,53.584199808000001,38.475605240999997
810,O,oap1,-0.80000001192092896,50.962543658000001,53.584199808000001,45.350605240999997
811,O,oap1,-0.80000001192092896,50.962543658000001,53.584199808000001,52.225605240999997
812,O,oap1,-0.80000001192092896,50.962543658000001,53.584199808000001,59.100605240999997
813,O,oap1,-0.80000001192092896,50.962543658000001,53.584199808000001,65.975605240999997
814,O,oap1,-0.80000001192092896,50.962543658000001,53.584199808000001,72.850605240999997
815,O,oap1,-0.80000001192092896,50.962543658000001,53.584199808000001,79.725605240999997
816,O,oap1,-0.60000002384185791,50.962543658000001,53.584199808000001,86.600605240999997
817,O,oap1,-0.80000001192092896,50.962543658000001,63.001199808000003,38.475605240999997
818,O,oap1,-0.80000001192092896,50.962543658000001,63.001199808000003,45.350605240999997
819,O,oap1,-0.80000001192092896,50.962543658000001,63.001199808000003,52.225605240999997
820,O,oap1,-0.80000001192092896,50.962543658000001,63.001199808000003,59.100605240999997
821,O,oap1,-0.80000001192092896,50.962543658000001,63.001199808000003,65.975605240999997
822,O,oap1,-0.80000001192092896,50.962543658000001,63.001199808000003,72.850605240999997
823,O,oap1,-0.80000001192092896,50.962543658000001,63.001199808000003,79.725605240999997
824,O,oap1,-0.60000002384185791,50.962543658000001,63.001199808000003,86.600605240999997
825,O,oap1,-0.80000001192092896,59.117904885999998,39.458699807999999,38.475605240999997
826,O,oap1,-0.80000001192092896,59.117904885999998,39.458699807999999,45.350605240999997
827,O,oap1,-0.80000001192092896,59.117904885999998,39.458699807999999,52.225605240999997
828,O,oap1,-0.80000001192092896,59.117904885999998,39.458699807999999,59.100605240999997
829,O,oap1,-0.80000001192092896,59.117904885999998,39.458699807999999,65.975605240999997
830,O,oap1,-0.80000001192092896,59.117904885999998,39.458699807999999,72.850605240999997
831,O,oap1,-0.80000001192092896,59.117904885999998,39.458699807999999,79.725605240999997
832,O,oap1,-0.60000002384185791,59.117904885999998,39.458699807999999,86.600605240999997
833,O,oap1,-0.80000001192092896,59.117904885999998,48.875699808,38.475605240999997
834,O,oap1,-0.80000001192092896,59.117904885999998,48.875699808,45.350605240999997
835,O,oap1,-0.80000001192092896,59.117904885999998,48.875699808,52.225605240999997
836,O,oap1,-0.80000001192092896,59.117904885999998,48.875699808,59.100605240999997
837,O,oap1,-0.80000001192092896,59.117904885999998,48.875699808,65.975605240999997
838,O,oap1,-0.80000001192092896,59.117904885999998,48.875699808,72.850605240999997
839,O,oap1,-0.80000001192092896,59.117904885999998,48.875699808,79.725605240999997
840,O,oap1,-0.60000002384185791,59.117904885999998,48.875699808,86.600605240999997
841,O,oap1,-0.80000001192092896,59.117904885999998,58.292699808000002,38.475605240999997
842,O,oap1,-0.80000001192092896,59.117904885999998,58.292699808000002,45.350605240999997
843,O,oap1,-0.80000001192092896,59.117904885999998,58.292699808000002,52.225605240999997
844,O,oap1,-0.80000001192092896,59.117904885999998,58.292699808000002,59.100605240999997
845,O,oap1,-0.80000001192092896,59.117904885999998,58.292699808000002,65.975605240999997
846,O,oap1,-0.80000001192092896,59.117904885999998,58.292699808000002,72.850605240999997
847,O,oap1,-0.80000001192092896,59.117904885999998,58.292699808000002,79.725605240999997
848,O,oap1,-0.60000002384185791,59.117904885999998,58.292699808000002,86.600605240999997
849,O,oap1,-0.60000002384185791,67.273266113000005,44.167199807999999,38.475605240999997
850,O,oap1,-0.69499999284744263,67.273266113000005,44.167199807999999,45.350605240999997
851,O,oap1,-0.69499999284744263,67.273266113000005,44.167199807999999,52.225605240999997
852,O,oap1,-0.69499999284744263,67.273266113000005,44.167199807999999,59.100605240999997
853,O,oap1,-0.69499999284744263,67.273266113000005,44.167199807999999,65.975605240999997
854,O,oap1,-0.69499999284744263,67.273266113000005,44.167199807999999,72.850605240999997
855,O,oap1,-0.69499999284744263,67.273266113000005,44.167199807999999,79.725605240999997
856,O,oap1,-0.69499999284744263,67.273266113000005,44.167199807999999,86.600605240999997
857,O,oap1,-0.69499999284744263,67.273266113000005,53.584199808000001,38.475605240999997
858,O,oap1,-0.69499999284744263,67.273266113000005,53.584199808000001,45.350605240999997
859,O,oap1,-0.69499999284744263,67.273266113000005,53.584199808000001,52.225605240999997
860,O,oap1,-0.60000002384185791,67.273266113000005,53.584199808000001,59.100605240999997
861,O,oap1,-0.69499999284744263,67.273266113000005,53.584199808000001,65.975605240999997
862,O,oap1,-0.69499999284744263,67.273266113000005,53.584199808000001,72.850605240999997
863,O,oap1,-0.69499999284744263,67.273266113000005,53.584199808000001,79.725605240999997
864,O,oap1,-0.69499999284744263,67.273266113000005,53.584199808000001,86.600605240999997
865,O,oap1,-0.69499999284744263,37.45318769,43.354983631000003,35.038105240999997
866,O,oap1,-0.80000001192092896,37.45318769,43.354983631000003,41.913105240999997
867,O,oap1,-0.80000001192092896,37.45318769,43.354983631000003,48.788105240999997
868,O,oap1,-0.80000001192092896,37.45318769,43.354983631000003,55.663105240999997
869,O,oap1,-0.80000001192092896,37.45318769,43.354983631000003,62.538105240999997
870,O,oap1,-0.80000001192092896,37.45318769,43.354983631000003,69.413105240999997
871,O,oap1,-0.80000001192092896,37.45318769,43.354983631000003,76.288105240999997
872,O,oap1,-0.80000001192092896,37.45318769,43.354983631000003,83.163105240999997
873,O,oap1,-0.69499999284744263,37.45318769,52.771983630999998,35.038105240999997
874,O,oap1,-0.80000001192092896,37.45318769,52.771983630999998,41.913105240999997
875,O,oap1,-0.80000001192092896,37.45318769,52.771983630999998,48.788105240999997
876,O,oap1,-0.80000001192092896,37.45318769,52.771983630999998,55.663105240999997
877,O,oap1,-0.80000001192092896,37.45318769,52.771983630999998,62.538105240999997
878,O,oap1,-0.80000001192092896,37.45318769,52.771983630999998,69.413105240999997
879,O,oap1,-0.80000001192092896,37.45318769,52.771983630999998,76.288105240999997
880,O,oap1,-0.80000001192092896,37.45318769,52.771983630999998,83.163105240999997
881,O,oap1,-0.69499999284744263,45.608548917,38.646483631000002,35.038105240999997
882,O,oap1,-0.80000001192092896,45.608548917,38.646483631000002,41.913105240999997
883,O,oap1,-0.80000001192092896,45.608548917,38.646483631000002,48.788105240999997
884,O,oap1,-0.80000001192092896,45.608548917,38.646483631000002,55.663105240999997
885,O,oap1,-0.80000001192092896,45.608548917,38.646483631000002,62.538105240999997
886,O,oap1,-0.80000001192092896,45.608548917,38.646483631000002,69.413105240999997
887,O,oap1,-0.80000001192092896,45.608548917,38.646483631000002,76.288105240999997
888,O,oap1,-0.80000001192092896,45.608548917,38.646483631000002,83.163105240999997
889,O,oap1,-0.69499999284744263,45.608548917,48.063483630999997,35.038105240999997
890,O,oap1,-0.80000001192092896,45.608548917,48.063483630999997,41.913105240999997
891,O,oap1,-0.80000001192092896,45.608548917,48.063483630999997,48.788105240999997
892,O,oap1,-0.80000001192092896,45.608548917,48.063483630999997,55.663105240999997
893,O,oap1,-0.80000001192092896,45.608548917,48.063483630999997,62.538105240999997
894,O,oap1,-0.80000001192092896,45.608548917,48.063483630999997,69.413105240999997
895,O,oap1,-0.80000001192092896,45.608548917,48.063483630999997,76.288105240999997
896,O,oap1,-0.80000001192092896,45.608548917,48.063483630999997,83.163105240999997
897,O,oap1,-0.69499999284744263,45.608548917,57.480483630999998,35.038105240999997
898,O,oap1,-0.80000001192092896,45.608548917,57.480483630999998,41.913105240999997
899,O,oap1,-0.80000001192092896,45.608548917,57.480483630999998,48.788105240999997
900,O,oap1,-0.80000001192092896,45.608548917,57.480483630999998,55.663105240999997
901,O,oap1,-0.80000001192092896,45.608548917,57.480483630999998,62.538105240999997
902,O,oap1,-0.80000001192092896,45.608548917,57.480483630999998,69.413105240999997
903,O,oap1,-0.80000001192092896,45.608548917,57.480483630999998,76.288105240999997
904,O,oap1,-0.80000001192092896,45.608548917,57.480483630999998,83.163105240999997
905,O,oap1,-0.69499999284744263,53.763910144999997,33.937983631000002,35.038105240999997
906,O,oap1,-0.69499999284744263,53.763910144999997,33.937983631000002,41.913105240999997
907,O,oap1,-0.69499999284744263,53.763910144999997,33.937983631000002,48.788105240999997
908,O,oap1,-0.69499999284744263,53.763910144999997,33.937983631000002,55.663105240999997
909,O,oap1,-0.69499999284744263,53.763910144999997,33.937983631000002,62.538105240999997
910,O,oap1,-0.60000002384185791,53.763910144999997,33.937983631000002,69.413105240999997
911,O,oap1,-0.69499999284744263,53.763910144999997,33.937983631000002,76.288105240999997
912,O,oap1,-0.60000002384185791,53.763910144999997,33.937983631000002,83.163105240999997
913,O,oap1,-0.69499999284744263,53.763910144999997,43.354983631000003,35.038105240999997
914,O,oap1,-0.80000001192092896,53.763910144999997,43.354983631000003,41.913105240999997
915,O,oap1,-0.80000001192092896,53.763910144999997,43.354983631000003,48.788105240999997
916,O,oap1,-0.80000001192092896,53.763910144999997,43.354983631000003,55.663105240999997
917,O,oap1,-0.80000001192092896,53.763910144999997,43.354983631000003,62.538105240999997
918,O,oap1,-0.80000001192092896,53.763910144999997,43.354983631000003,69.413105240999997
919,O,oap1,-0.80000001192092896,53.763910144999997,43.354983631000003,76.288105240999997
920,O,oap1,-0.80000001192092896,53.763910144999997,43.354983631000003,83.163105240999997
921,O,oap1,-0.69499999284744263,53.763910144999997,52.771983630999998,35.038105240999997
922,O,oap1,-0.80000001192092896,53.763910144999997,52.771983630999998,41.913105240999997
923,O,oap1,-0.80000001192092896,53.763910144999997,52.771983630999998,48.788105240999997
924,O,oap1,-0.80000001192092896,53.763910144999997,52.771983630999998,55.663105240999997
925,O,oap1,-0.80000001192092896,53.763910144999997,52.771983630999998,62.538105240999997
926,O,oap1,-0.80000001192092896,53.763910144999997,52.771983630999998,69.413105240999997
927,O,oap1,-0.80000001192092896,53.763910144999997,52.771983630999998,76.288105240999997
928,O,oap1,-0.80000001192092896,53.763910144999997,52.771983630999998,83.163105240999997
929,O,oap1,-0.69499999284744263,53.763910144999997,62.188983630999999,35.038105240999997
930,O,oap1,-0.80000001192092896,53.763910144999997,62.188983630999999,41.913105240999997
931,O,oap1,-0.80000001192092896,53.763910144999997,62.188983630999999,48.788105240999997
932,O,oap1,-0.80000001192092896,53.763910144999997,62.188983630999999,55.663105240999997
933,O,oap1,-0.80000001192092896,53.763910144999997,62.188983630999999,62.538105240999997
934,O,oap1,-0.80000001192092896,53.763910144999997,62.188983630999999,69.413105240999997
935,O,oap1,-0.80000001192092896,53.763910144999997,62.188983630999999,76.288105240999997
936,O,oap1,-0.80000001192092896,53.763910144999997,62.188983630999999,83.163105240999997
937,O,oap1,-0.69499999284744263,61.919271371999997,38.646483631000002,35.038105240999997
938,O,oap1,-0.69499999284744263,61.919271371999997,38.646483631000002,41.913105240999997
939,O,oap1,-0.69499999284744263,61.919271371999997,38.646483631000002,48.788105240999997
940,O,oap1,-0.60000002384185791,61.919271371999997,38.646483631000002,55.663105240999997
941,O,oap1,-0.60000002384185791,61.919271371999997,38.646483631000002,62.538105240999997
942,O,oap1,-0.60000002384185791,61.919271371999997,38.646483631000002,69.413105240999997
943,O,oap1,-0.69499999284744263,61.919271371999997,38.646483631000002,76.288105240999997
944,O,oap1,-0.60000002384185791,61.919271371999997,38.646483631000002,83.163105240999997
945,O,oap1,-0.69499999284744263,61.919271371999997,48.063483630999997,35.038105240999997
946,O,oap1,-0.80000001192092896,61.919271371999997,48.063483630999997,41.913105240999997
947,O,oap1,-0.80000001192092896,61.919271371999997,48.063483630999997,48.788105240999997
948,O,oap1,-0.80000001192092896,61.919271371999997,48.063483630999997,55.663105240999997
949,O,oap1,-0.80000001192092896,61.919271371999997,48.063483630999997,62.538105240999997
950,O,oap1,-0.80000001192092896,61.919271371999997,48.063483630999997,69.413105240999997
951,O,oap1,-0.80000001192092896,61.919271371999997,48.063483630999997,76.288105240999997
952,O,oap1,-0.80000001192092896,61.919271371999997,48.063483630999997,83.163105240999997
953,O,oap1,-0.69499999284744263,61.919271371999997,57.480483630999998,35.038105240999997
954,O,oap1,-0.80000001192092896,61.919271371999997,57.480483630999998,41.913105240999997
955,O,oap1,-0.80000001192092896,61.919271371999997,57.480483630999998,48.788105240999997
956,O,oap1,-0.80000001192092896,61.919271371999997,57.480483630999998,55.663105240999997
957,O,oap1,-0.80000001192092896,61.919271371999997,57.480483630999998,62.538105240999997
958,O,oap1,-0.80000001192092896,61.919271371999997,57.480483630999998,69.413105240999997
959,O,oap1,-0.80000001192092896,61.919271371999997,57.480483630999998,76.288105240999997
960,O,oap1,-0.80000001192092896,61.919271371999997,57.480483630999998,83.163105240999997
961,O,oap1,-0.69499999284744263,40.703099344999998,46.855753354000001,35.038105240999997
962,O,oap1,-0.80000001192092896,40.703099344999998,46.855753354000001,41.913105240999997
963,O,oap1,-0.80000001192092896,40.703099344999998,46.855753354000001,48.788105240999997
964,O,oap1,-0.80000001192092896,40.703099344999998,46.855753354000001,55.663105240999997
965,O,oap1,-0.80000001192092896,40.703099344999998,46.855753354000001,62.538105240999997
966,O,oap1,-0.80000001192092896,40.703099344999998,46.855753354000001,69.413105240999997
967,O,oap1,-0.80000001192092896,40.703099344999998,46.855753354000001,76.288105240999997
968,O,oap1,-0.80000001192092896,40.703099344999998,46.855753354000001,83.163105240999997
969,O,oap1,-0.69499999284744263,40.703099344999998,56.272753354000002,35.038105240999997
970,O,oap1,-0.80000001192092896,40.703099344999998,56.272753354000002,41.913105240999997
971,O,oap1,-0.80000001192092896,40.703099344999998,56.272753354000002,48.788105240999997
972,O,oap1,-0.80000001192092896,40.703099344999998,56.272753354000002,55.663105240999997
973,O,oap1,-0.80000001192092896,40.703099344999998,56.272753354000002,62.538105240999997
974,O,oap1,-0.80000001192092896,40.703099344999998,56.272753354000002,69.413105240999997
975,O,oap1,-0.80000001192092896,40.703099344999998,56.272753354000002,76.288105240999997
976,O,oap1,-0.80000001192092896,40.703099344999998,56.272753354000002,83.163105240999997
977,O,oap1,-0.69499999284744263,48.858460571999998,42.147253354,35.038105240999997
978,O,oap1,-0.80000001192092896,48.858460571999998,42.147253354,41.913105240999997
979,O,oap1,-0.80000001192092896,48.858460571999998,42.147253354,48.788105240999997
980,O,oap1,-0.80000001192092896,48.858460571999998,42.147253354,55.663105240999997
981,O,oap1,-0.80000001192092896,48.858460571999998,42.147253354,62.538105240999997
982,O,oap1,-0.80000001192092896,48.858460571999998,42.147253354,69.413105240999997
983,O,oap1,-0.80000001192092896,48.858460571999998,42.147253354,76.288105240999997
984,O,oap1,-0.80000001192092896,48.858460571999998,42.147253354,83.163105240999997
985,O,oap1,-0.69499999284744263,48.858460571999998,51.564253354000002,35.038105240999997
986,O,oap1,-0.80000001192092896,48.858460571999998,51.564253354000002,41.913105240999997
987,O,oap1,-0.80000001192092896,48.858460571999998,51.564253354000002,48.788105240999997
988,O,oap1,-0.80000001192092896,48.858460571999998,51.564253354000002,55.663105240999997
989,O,oap1,-0.80000001192092896,48.858460571999998,51.564253354000002,62.538105240999997
990,O,oap1,-0.80000001192092896,48.858460571999998,51.564253354000002,69.413105240999997
991,O,oap1,-0.80000001192092896,48.858460571999998,51.564253354000002,76.288105240999997
992,O,oap1,-0.80000001192092896,48.858460571999998,51.564253354000002,83.163105240999997
993,O,oap1,-0.69499999284744263,48.858460571999998,60.981253354000003,35.038105240999997
994,O,oap1,-0.80000001192092896,48.858460571999998,60.981253354000003,41.913105240999997
995,O,oap1,-0.80000001192092896,48.858460571999998,60.981253354000003,48.788105240999997
996,O,oap1,-0.80000001192092896,48.858460571999998,60.981253354000003,55.663105240999997
997,O,oap1,-0.80000001192092896,48.858460571999998,60.981253354000003,62.538105240999997
998,O,oap1,-0.80000001192092896,48.858460571999998,60.981253354000003,69.413105240999997
999,O,oap1,-0.80000001192092896,48.858460571999998,60.981253354000003,76.288105240999997
1000,O,oap1,-0.80000001192092896,48.858460571999998,60.981253354000003,83.163105240999997
1001,O,oap1,-0.69499999284744263,57.013821800000002,37.438753353999999,35.038105240999997
1002,O,oap1,-0.80000001192092896,57.013821800000002,37.438753353999999,41.913105240999997
1003,O,oap1,-0.80000001192092896,57.013821800000002,37.438753353999999,48.788105240999997
1004,O,oap1,-0.80000001192092896,57.013821800000002,37.438753353999999,55.663105240999997
1005,O,oap1,-0.80000001192092896,57.013821800000002,37.438753353999999,62.538105240999997
1006,O,oap1,-0.80000001192092896,57.013821800000002,37.438753353999999,69.413105240999997
1007,O,oap1,-0.80000001192092896,57.013821800000002,37.438753353999999,76.288105240999997
1008,O,oap1,-0.80000001192092896,57.013821800000002,37.438753353999999,83.163105240999997
1009,O,oap1,-0.69499999284744263,57.013821800000002,46.855753354000001,35.038105240999997
1010,O,oap1,-0.80000001192092896,57.013821800000002,46.855753354000001,41.913105240999997
1011,O,oap1,-0.80000001192092896,57.013821800000002,46.855753354000001,48.788105240999997
1012,O,oap1,-0.80000001192092896,57.013821800000002,46.855753354000001,55.663105240999997
1013,O,oap1,-0.80000001192092896,57.013821800000002,46.855753354000001,62.538105240999997
1014,O,oap1,-0.80000001192092896,57.013821800000002,46.855753354000001,69.413105240999997
1015,O,oap1,-0.80000001192092896,57.013821800000002,46.855753354000001,76.288105240999997
1016,O,oap1,-0.80000001192092896,57.013821800000002,46.855753354000001,83.163105240999997
1017,O,oap1,-0.69499999284744263,57.013821800000002,56.272753354000002,35.038105240999997
1018,O,oap1,-0.80000001192092896,57.013821800000002,56.272753354000002,41.913105240999997
1019,O,oap1,-0.80000001192092896,57.013821800000002,56.272753354000002,48.788105240999997
1020,O,oap1,-0.80000001192092896,57.013821800000002,56.272753354000002,55.663105240999997
1021,O,oap1,-0.80000001192092896,57.013821800000002,56.272753354000002,62.538105240999997
1022,O,oap1,-0.80000001192092896,57.013821800000002,56.272753354000002,69.413105240999997
1023,O,oap1,-0.80000001192092896,57.013821800000002,56.272753354000002,76.288105240999997
1024,O,oap1,-0.80000001192092896,57.013821800000002,56.272753354000002,83.163105240999997
1025,O,oap1,-0.69499999284744263,57.013821800000002,65.689753354000004,35.038105240999997
1026,O,oap1,-0.69499999284744263,57.013821800000002,65.689753354000004,41.913105240999997
1027,O,oap1,-0.69499999284744263,57.013821800000002,65.689753354000004,48.788105240999997
1028,O,oap1,-0.60000002384185791,57.013821800000002,65.689753354000004,55.663105240999997
1029,O,oap1,-0.60000002384185791,57.013821800000002,65.689753354000004,62.538105240999997
1030,O,oap1,-0.69499999284744263,57.013821800000002,65.689753354000004,69.413105240999997
1031,O,oap1,-0.60000002384185791,57.013821800000002,65.689753354000004,76.288105240999997
1032,O,oap1,-0.69499999284744263,57.013821800000002,65.689753354000004,83.163105240999997
1033,O,oap1,-0.69499999284744263,65.169183027000003,42.147253354,35.038105240999997
1034,O,oap1,-0.80000001192092896,65.169183027000003,42.147253354,41.913105240999997
1035,O,oap1,-0.80000001192092896,65.169183027000003,42.147253354,48.788105240999997
1036,O,oap1,-0.80000001192092896,65.169183027000003,42.147253354,55.663105240999997
1037,O,oap1,-0.80000001192092896,65.169183027000003,42.147253354,62.538105240999997
1038,O,oap1,-0.80000001192092896,65.169183027000003,42.147253354,69.413105240999997
1039,O,oap1,-0.80000001192092896,65.169183027000003,42.147253354,76.288105240999997
1040,O,oap1,-0.80000001192092896,65.169183027000003,42.147253354,83.163105240999997
1041,O,oap1,-0.69499999284744263,65.169183027000003,51.564253354000002,35.038105240999997
1042,O,oap1,-0.80000001192092896,65.169183027000003,51.564253354000002,41.913105240999997
1043,O,oap1,-0.80000001192092896,65.169183027000003,51.564253354000002,48.788105240999997
1044,O,oap1,-0.80000001192092896,65.169183027000003,51.564253354000002,55.663105240999997
1045,O,oap1,-0.80000001192092896,65.169183027000003,51.564253354000002,62.538105240999997
1046,O,oap1,-0.80000001192092896,65.169183027000003,51.564253354000002,69.413105240999997
1047,O,oap1,-0.80000001192092896,65.169183027000003,51.564253354000002,76.288105240999997
1048,O,oap1,-0.80000001192092896,65.169183027000003,51.564253354000002,83.163105240999997
1049,O,oap1,-0.69499999284744263,65.169183027000003,60.981253354000003,35.038105240999997
1050,O,oap1,-0.60000002384185791,65.169183027000003,60.981253354000003,41.913105240999997
1051,O,oap1,-0.69499999284744263,65.169183027000003,60.981253354000003,48.788105240999997
1052,O,oap1,-0.60000002384185791,65.169183027000003,60.981253354000003,55.663105240999997
1053,O,oap1,-0.69499999284744263,65.169183027000003,60.981253354000003,62.538105240999997
1054,O,oap1,-0.69499999284744263,65.169183027000003,60.981253354000003,69.413105240999997
1055,O,oap1,-0.69499999284744263,65.169183027000003,60.981253354000003,76.288105240999997
1056,O,oap1,-0.69499999284744263,65.169183027000003,60.981253354000003,83.163105240999997
1057,O,oap1,-0.69499999284744263,36.046388004000001,47.919874546000003,35.038105240999997
1058,O,oap1,-0.60000002384185791,36.046388004000001,47.919874546000003,41.913105240999997
1059,O,oap1,-0.60000002384185791,36.046388004000001,47.919874546000003,48.788105240999997
1060,O,oap1,-0.60000002384185791,36.046388004000001,47.919874546000003,55.663105240999997
1061,O,oap1,-0.69499999284744263,36.046388004000001,47.919874546000003,62.538105240999997
1062,O,oap1,-0.69499999284744263,36.046388004000001,47.919874546000003,69.413105240999997
1063,O,oap1,-0.69499999284744263,36.046388004000001,47.919874546000003,76.288105240999997
1064,O,oap1,-0.69499999284744263,36.046388004000001,47.919874546000003,83.163105240999997
1065,O,oap1,-0.69499999284744263,36.046388004000001,57.336874545999997,35.038105240999997
1066,O,oap1,-0.60000002384185791,36.046388004000001,57.336874545999997,41.913105240999997
1067,O,oap1,-0.60000002384185791,36.046388004000001,57.336874545999997,48.788105240999997
1068,O,oap1,-0.69499999284744263,36.046388004000001,57.336874545999997,55.663105240999997
1069,O,oap1,-0.69499999284744263,36.046388004000001,57.336874545999997,62.538105240999997
1070,O,oap1,-0.69499999284744263,36.046388004000001,57.336874545999997,69.413105240999997
1071,O,oap1,-0.69499999284744263,36.046388004000001,57.336874545999997,76.288105240999997
1072,O,oap1,-0.69499999284744263,36.046388004000001,57.336874545999997,83.163105240999997
1073,O,oap1,-0.69499999284744263,44.201749231999997,43.211374546000002,35.038105240999997
1074,O,oap1,-0.80000001192092896,44.201749231999997,43.211374546000002,41.913105240999997
1075,O,oap1,-0.80000001192092896,44.201749231999997,43.211374546000002,48.788105240999997
1076,O,oap1,-0.80000001192092896,44.201749231999997,43.211374546000002,55.663105240999997
1077,O,oap1,-0.80000001192092896,44.201749231999997,43.211374546000002,62.538105240999997
1078,O,oap1,-0.80000001192092896,44.201749231999997,43.211374546000002,69.413105240999997
1079,O,oap1,-0.80000001192092896,44.201749231999997,43.211374546000002,76.288105240999997
1080,O,oap1,-0.80000001192092896,44.201749231999997,43.211374546000002,83.163105240999997
1081,O,oap1,-0.69499999284744263,44.201749231999997,52.628374546000003,35.038105240999997
1082,O,oap1,-0.80000001192092896,44.201749231999997,52.628374546000003,41.913105240999997
1083,O,oap1,-0.80000001192092896,44.201749231999997,52.628374546000003,48.788105240999997
1084,O,oap1,-0.80000001192092896,44.201749231999997,52.628374546000003,55.663105240999997
1085,O,oap1,-0.80000001192092896,44.201749231999997,52.628374546000003,62.538105240999997
1086,O,oap1,-0.80000001192092896,44.201749231999997,52.628374546000003,69.413105240999997
1087,O,oap1,-0.80000001192092896,44.201749231999997,52.628374546000003,76.288105240999997
1088,O,oap1,-0.80000001192092896,44.201749231999997,52.628374546000003,83.163105240999997
1089,O,oap1,-0.69499999284744263,44.201749231999997,62.045374545999998,35.038105240999997
1090,O,oap1,-0.80000001192092896,44.201749231999997,62.045374545999998,41.913105240999997
1091,O,oap1,-0.80000001192092896,44.201749231999997,62.045374545999998,48.788105240999997
1092,O,oap1,-0.80000001192092896,44.201749231999997,62.045374545999998,55.663105240999997
1093,O,oap1,-0.80000001192092896,44.201749231999997,62.045374545999998,62.538105240999997
1094,O,oap1,-0.80000001192092896,44.201749231999997,62.045374545999998,69.413105240999997
1095,O,oap1,-0.80000001192092896,44.201749231999997,62.045374545999998,76.288105240999997
1096,O,oap1,-0.80000001192092896,44.201749231999997,62.045374545999998,83.163105240999997
1097,O,oap1,-0.69499999284744263,52.357110458999998,38.502874546000001,35.038105240999997
1098,O,oap1,-0.80000001192092896,52.357110458999998,38.502874546000001,41.913105240999997
1099,O,oap1,-0.80000001192092896,52.357110458999998,38.502874546000001,48.788105240999997
1100,O,oap1,-0.80000001192092896,52.357110458999998,38.502874546000001,55.663105240999997
1101,O,oap1,-0.80000001192092896,52.357110458999998,38.502874546000001,62.538105240999997
1102,O,oap1,-0.80000001192092896,52.357110458999998,38.502874546000001,69.413105240999997
1103,O,oap1,-0.80000001192092896,52.357110458999998,38.502874546000001,76.288105240999997
1104,O,oap1,-0.80000001192092896,52.357110458999998,38.502874546000001,83.163105240999997
1105,O,oap1,-0.69499999284744263,52.357110458999998,47.919874546000003,35.038105240999997
1106,O,oap1,-0.80000001192092896,52.357110458999998,47.919874546000003,41.913105240999997
1107,O,oap1,-0.80000001192092896,52.357110458999998,47.919874546000003,48.788105240999997
1108,O,oap1,-0.80000001192092896,52.357110458999998,47.919874546000003,55.663105240999997
1109,O,oap1,-0.80000001192092896,52.357110458999998,47.919874546000003,62.538105240999997
1110,O,oap1,-0.80000001192092896,52.357110458999998,47.919874546000003,69.413105240999997
1111,O,oap1,-0.80000001192092896,52.357110458999998,47.919874546000003,76.288105240999997
1112,O,oap1,-0.80000001192092896,52.357110458999998,47.919874546000003,83.163105240999997
1113,O,oap1,-0.69499999284744263,52.357110458999998,57.336874545999997,35.038105240999997
1114,O,oap1,-0.80000001192092896,52.357110458999998,57.336874545999997,41.913105240999997
1115,O,oap1,-0.80000001192092896,52.357110458999998,57.336874545999997,48.788105240999997
1116,O,oap1,-0.80000001192092896,52.357110458999998,57.336874545999997,55.663105240999997
1117,O,oap1,-0.80000001192092896,52.357110458999998,57.336874545999997,62.538105240999997
1118,O,oap1,-0.80000001192092896,52.357110458999998,57.336874545999997,69.413105240999997
1119,O,oap1,-0.80000001192092896,52.357110458999998,57.336874545999997,76.288105240999997
1120,O,oap1,-0.80000001192092896,52.357110458999998,57.336874545999997,83.163105240999997
1121,O,oap1,-0.69499999284744263,52.357110458999998,66.753874546000006,35.038105240999997
1122,O,oap1,-0.80000001192092896,52.357110458999998,66.753874546000006,41.913105240999997
1123,O,oap1,-0.80000001192092896,52.357110458999998,66.753874546000006,48.788105240999997
1124,O,oap1,-0.80000001192092896,52.357110458999998,66.753874546000006,55.663105240999997
1125,O,oap1,-0.80000001192092896,52.357110458999998,66.753874546000006,62.538105240999997
1126,O,oap1,-0.80000001192092896,52.357110458999998,66.753874546000006,69.413105240999997
1127,O,oap1,-0.80000001192092896,52.357110458999998,66.753874546000006,76.288105240999997
1128,O,oap1,-0.80000001192092896,52.357110458999998,66.753874546000006,83.163105240999997
1129,O,oap1,-0.69499999284744263,60.512471687000001,43.211374546000002,35.038105240999997
1130,O,oap1,-0.80000001192092896,60.512471687000001,43.211374546000002,41.913105240999997
1131,O,oap1,-0.80000001192092896,60.512471687000001,43.211374546000002,48.788105240999997
1132,O,oap1,-0.80000001192092896,60.512471687000001,43.211374546000002,55.663105240999997
1133,O,oap1,-0.80000001192092896,60.512471687000001,43.211374546000002,62.538105240999997
1134,O,oap1,-0.80000001192092896,60.512471687000001,43.211374546000002,69.413105240999997
1135,O,oap1,-0.80000001192092896,60.512471687000001,43.211374546000002,76.288105240999997
1136,O,oap1,-0.80000001192092896,60.512471687000001,43.211374546000002,83.163105240999997
1137,O,oap1,-0.69499999284744263,60.512471687000001,52.628374546000003,35.038105240999997
1138,O,oap1,-0.80000001192092896,60.512471687000001,52.628374546000003,41.913105240999997
1139,O,oap1,-0.80000001192092896,60.512471687000001,52.628374546000003,48.788105240999997
1140,O,oap1,-0.80000001192092896,60.512471687000001,52.628374546000003,55.663105240999997
1141,O,oap1,-0.80000001192092896,60.512471687000001,52.628374546000003,62.538105240999997
1142,O,oap1,-0.80000001192092896,60.512471687000001,52.628374546000003,69.413105240999997
1143,O,oap1,-0.80000001192092896,60.512471687000001,52.628374546000003,76.288105240999997
1144,O,oap1,-0.80000001192092896,60.512471687000001,52.628374546000003,83.163105240999997
1145,O,oap1,-0.69499999284744263,60.512471687000001,62.045374545999998,35.038105240999997
1146,O,oap1,-0.80000001192092896,60.512471687000001,62.045374545999998,41.913105240999997
1147,O,oap1,-0.80000001192092896,60.512471687000001,62.045374545999998,48.788105240999997
1148,O,oap1,-0.80000001192092896,60.512471687000001,62.045374545999998,55.663105240999997
1149,O,oap1,-0.80000001192092896,60.512471687000001,62.045374545999998,62.538105240999997
1150,O,oap1,-0.80000001192092896,60.512471687000001,62.045374545999998,69.413105240999997
1151,O,oap1,-0.80000001192092896,60.512471687000001,62.045374545999998,76.288105240999997
1152,O,oap1,-0.80000001192092896,60.512471687000001,62.045374545999998,83.163105240999997
1153,Ca,ca+h,1.5,40.786012089000003,41.335037176999997,38.968817725999997
1154,Ca,ca+h,1.5,40.786012089000003,41.335037176999997,45.843817725999997
1155,Ca,ca+h,1.5,40.786012089000003,41.335037176999997,52.718817725999997
1156,Ca,ca+h,1.5,40.786012089000003,41.335037176999997,59.593817725999997
1157,Ca,ca+h,1.5,40.786012089000003,41.335037176999997,66.468817725999997
1158,Ca,ca+h,1.5,40.786012089000003,41.335037176999997,73.343817725999997
1159,Ca,ca+h,1.5,40.786012089000003,41.335037176999997,80.218817725999997
1160,Ca,ca+h,1.5,40.786012089000003,50.752037176999998,38.968817725999997
1161,Ca,ca+h,1.5,40.786012089000003,50.752037176999998,45.843817725999997
1162,Ca,ca+h,1.5,40.786012089000003,50.752037176999998,52.718817725999997
1163,Ca,ca+h,1.5,40.786012089000003,50.752037176999998,59.593817725999997
1164,Ca,ca+h,1.5,40.786012089000003,50.752037176999998,66.468817725999997
1165,Ca,ca+h,1.5,40.786012089000003,50.752037176999998,73.343817725999997
1166,Ca,ca+h,1.5,40.786012089000003,50.752037176999998,80.218817725999997
1167,Ca,ca+h,1.5,40.786012089000003,60.169037177,38.968817725999997
1168,Ca,ca+h,1.5,40.786012089000003,60.169037177,45.843817725999997
1169,Ca,ca+h,1.5,40.786012089000003,60.169037177,52.718817725999997
1170,Ca,ca+h,1.5,40.786012089000003,60.169037177,59.593817725999997
1171,Ca,ca+h,1.5,40.786012089000003,60.169037177,66.468817725999997
1172,Ca,ca+h,1.5,40.786012089000003,60.169037177,73.343817725999997
1173,Ca,ca+h,1.5,40.786012089000003,60.169037177,80.218817725999997
1174,Ca,ca+h,1.5,48.941373316000004,36.626537177000003,38.968817725999997
1175,Ca,ca+h,1.5,48.941373316000004,36.626537177000003,45.843817725999997
1176,Ca,ca+h,1.5,48.941373316000004,36.626537177000003,52.718817725999997
1177,Ca,ca+h,1.5,48.941373316000004,36.626537177000003,59.593817725999997
1178,Ca,ca+h,1.5,48.941373316000004,36.626537177000003,66.468817725999997
1179,Ca,ca+h,1.5,48.941373316000004,36.626537177000003,73.343817725999997
1180,Ca,ca+h,1.5,48.941373316000004,36.626537177000003,80.218817725999997
1181,Ca,ca+h,1.5,48.941373316000004,46.043537176999997,38.968817725999997
1182,Ca,ca+h,1.5,48.941373316000004,46.043537176999997,45.843817725999997
1183,Ca,ca+h,1.5,48.941373316000004,46.043537176999997,52.718817725999997
1184,Ca,ca+h,1.5,48.941373316000004,46.043537176999997,59.593817725999997
1185,Ca,ca+h,1.5,48.941373316000004,46.043537176999997,66.468817725999997
1186,Ca,ca+h,1.5,48.941373316000004,46.043537176999997,73.343817725999997
1187,Ca,ca+h,1.5,48.941373316000004,46.043537176999997,80.218817725999997
1188,Ca,ca+h,1.5,48.941373316000004,55.460537176999999,38.968817725999997
1189,Ca,ca+h,1.5,48.941373316000004,55.460537176999999,45.843817725999997
1190,Ca,ca+h,1.5,48.941373316000004,55.460537176999999,52.718817725999997
1191,Ca,ca+h,1.5,48.941373316000004,55.460537176999999,59.593817725999997
1192,Ca,ca+h,1.5,48.941373316000004,55.460537176999999,66.468817725999997
1193,Ca,ca+h,1.5,48.941373316000004,55.460537176999999,73.343817725999997
1194,Ca,ca+h,1.5,48.941373316000004,55.460537176999999,80.218817725999997
1195,Ca,ca+h,1.5,48.941373316000004,64.877537176999994,38.968817725999997
1196,Ca,ca+h,1.5,48.941373316000004,64.877537176999994,45.843817725999997
1197,Ca,ca+h,1.5,48.941373316000004,64.877537176999994,52.718817725999997
1198,Ca,ca+h,1.5,48.941373316000004,64.877537176999994,59.593817725999997
1199,Ca,ca+h,1.5,48.941373316000004,64.877537176999994,66.468817725999997
1200,Ca,ca+h,1.5,48.941373316000004,64.877537176999994,73.343817725999997
1201,Ca,ca+h,1.5,48.941373316000004,64.877537176999994,80.218817725999997
1202,Ca,ca+h,1.5,57.096734544,41.335037176999997,38.968817725999997
1203,Ca,ca+h,1.5,57.096734544,41.335037176999997,45.843817725999997
1204,Ca,ca+h,1.5,57.096734544,41.335037176999997,52.718817725999997
1205,Ca,ca+h,1.5,57.096734544,41.335037176999997,59.593817725999997
1206,Ca,ca+h,1.5,57.096734544,41.335037176999997,66.468817725999997
1207,Ca,ca+h,1.5,57.096734544,41.335037176999997,73.343817725999997
1208,Ca,ca+h,1.5,57.096734544,41.335037176999997,80.218817725999997
1209,Ca,ca+h,1.5,57.096734544,50.752037176999998,38.968817725999997
1210,Ca,ca+h,1.5,57.096734544,50.752037176999998,45.843817725999997
1211,Ca,ca+h,1.5,57.096734544,50.752037176999998,52.718817725999997
1212,Ca,ca+h,1.5,57.096734544,50.752037176999998,59.593817725999997
1213,Ca,ca+h,1.5,57.096734544,50.752037176999998,66.468817725999997
1214,Ca,ca+h,1.5,57.096734544,50.752037176999998,73.343817725999997
1215,Ca,ca+h,1.5,57.096734544,50.752037176999998,80.218817725999997
1216,Ca,ca+h,1.5,57.096734544,60.169037177,38.968817725999997
1217,Ca,ca+h,1.5,57.096734544,60.169037177,45.843817725999997
1218,Ca,ca+h,1.5,57.096734544,60.169037177,52.718817725999997
1219,Ca,ca+h,1.5,57.096734544,60.169037177,59.593817725999997
1220,Ca,ca+h,1.5,57.096734544,60.169037177,66.468817725999997
1221,Ca,ca+h,1.5,57.096734544,60.169037177,73.343817725999997
1222,Ca,ca+h,1.5,57.096734544,60.169037177,80.218817725999997
1223,Ca,ca+h,1.5,65.252095771,46.043537176999997,38.968817725999997
1224,Ca,ca+h,1.5,65.252095771,46.043537176999997,45.843817725999997
1225,Ca,ca+h,1.5,65.252095771,46.043537176999997,52.718817725999997
1226,Ca,ca+h,1.5,65.252095771,46.043537176999997,59.593817725999997
1227,Ca,ca+h,1.5,65.252095771,46.043537176999997,66.468817725999997
1228,Ca,ca+h,1.5,65.252095771,46.043537176999997,73.343817725999997
1229,Ca,ca+h,1.5,65.252095771,46.043537176999997,80.218817725999997
1230,Ca,ca+h,1.5,65.252095771,55.460537176999999,38.968817725999997
1231,Ca,ca+h,1.5,65.252095771,55.460537176999999,45.843817725999997
1232,Ca,ca+h,1.5,65.252095771,55.460537176999999,52.718817725999997
1233,Ca,ca+h,1.5,65.252095771,55.460537176999999,59.593817725999997
1234,Ca,ca+h,1.5,65.252095771,55.460537176999999,66.468817725999997
1235,Ca,ca+h,1.5,65.252095771,55.460537176999999,73.343817725999997
1236,Ca,ca+h,1.5,65.252095771,55.460537176999999,80.218817725999997
1237,Ca,ca+h,1.5,38.067558345999998,46.043537176999997,35.531317725999997
1238,Ca,ca+h,1.5,38.067558345999998,46.043537176999997,42.406317725999997
1239,Ca,ca+h,1.5,38.067558345999998,46.043537176999997,49.281317725999997
1240,Ca,ca+h,1.5,38.067558345999998,46.043537176999997,56.156317725999997
1241,Ca,ca+h,1.5,38.067558345999998,46.043537176999997,63.031317725999997
1242,Ca,ca+h,1.5,38.067558345999998,46.043537176999997,69.906317725999997
1243,Ca,ca+h,1.5,38.067558345999998,46.043537176999997,76.781317725999997
1244,Ca,ca+h,1.5,38.067558345999998,46.043537176999997,83.656317725999997
1245,Ca,ca+h,1.5,38.067558345999998,55.460537176999999,35.531317725999997
1246,Ca,ca+h,1.5,38.067558345999998,55.460537176999999,42.406317725999997
1247,Ca,ca+h,1.5,38.067558345999998,55.460537176999999,49.281317725999997
1248,Ca,ca+h,1.5,38.067558345999998,55.460537176999999,56.156317725999997
1249,Ca,ca+h,1.5,38.067558345999998,55.460537176999999,63.031317725999997
1250,Ca,ca+h,1.5,38.067558345999998,55.460537176999999,69.906317725999997
1251,Ca,ca+h,1.5,38.067558345999998,55.460537176999999,76.781317725999997
1252,Ca,ca+h,1.5,38.067558345999998,55.460537176999999,83.656317725999997
1253,Ca,ca+h,1.5,46.222919574000002,41.335037176999997,35.531317725999997
1254,Ca,ca+h,1.5,46.222919574000002,41.335037176999997,42.406317725999997
1255,Ca,ca+h,1.5,46.222919574000002,41.335037176999997,49.281317725999997
1256,Ca,ca+h,1.5,46.222919574000002,41.335037176999997,56.156317725999997
1257,Ca,ca+h,1.5,46.222919574000002,41.335037176999997,63.031317725999997
1258,Ca,ca+h,1.5,46.222919574000002,41.335037176999997,69.906317725999997
1259,Ca,ca+h,1.5,46.222919574000002,41.335037176999997,76.781317725999997
1260,Ca,ca+h,1.5,46.222919574000002,41.335037176999997,83.656317725999997
1261,Ca,ca+h,1.5,46.222919574000002,50.752037176999998,35.531317725999997
1262,Ca,ca+h,1.5,46.222919574000002,50.752037176999998,42.406317725999997
1263,Ca,ca+h,1.5,46.222919574000002,50.752037176999998,49.281317725999997
1264,Ca,ca+h,1.5,46.222919574000002,50.752037176999998,56.156317725999997
1265,Ca,ca+h,1.5,46.222919574000002,50.752037176999998,63.031317725999997
1266,Ca,ca+h,1.5,46.222919574000002,50.752037176999998,69.906317725999997
1267,Ca,ca+h,1.5,46.222919574000002,50.752037176999998,76.781317725999997
1268,Ca,ca+h,1.5,46.222919574000002,50.752037176999998,83.656317725999997
1269,Ca,ca+h,1.5,46.222919574000002,60.169037177,35.531317725999997
1270,Ca,ca+h,1.5,46.222919574000002,60.169037177,42.406317725999997
1271,Ca,ca+h,1.5,46.222919574000002,60.169037177,49.281317725999997
1272,Ca,ca+h,1.5,46.222919574000002,60.169037177,56.156317725999997
1273,Ca,ca+h,1.5,46.222919574000002,60.169037177,63.031317725999997
1274,Ca,ca+h,1.5,46.222919574000002,60.169037177,69.906317725999997
1275,Ca,ca+h,1.5,46.222919574000002,60.169037177,76.781317725999997
1276,Ca,ca+h,1.5,46.222919574000002,60.169037177,83.656317725999997
1277,Ca,ca+h,1.5,54.378280801000002,36.626537177000003,35.531317725999997
1278,Ca,ca+h,1.5,54.378280801000002,36.626537177000003,42.406317725999997
1279,Ca,ca+h,1.5,54.378280801000002,36.626537177000003,49.281317725999997
1280,Ca,ca+h,1.5,54.378280801000002,36.626537177000003,56.156317725999997
1281,Ca,ca+h,1.5,54.378280801000002,36.626537177000003,63.031317725999997
1282,Ca,ca+h,1.5,54.378280801000002,36.626537177000003,69.906317725999997
1283,Ca,ca+h,1.5,54.378280801000002,36.626537177000003,76.781317725999997
1284,Ca,ca+h,1.5,54.378280801000002,36.626537177000003,83.656317725999997
1285,Ca,ca+h,1.5,54.378280801000002,46.043537176999997,35.531317725999997
1286,Ca,ca+h,1.5,54.378280801000002,46.043537176999997,42.406317725999997
1287,Ca,ca+h,1.5,54.378280801000002,46.043537176999997,49.281317725999997
1288,Ca,ca+h,1.5,54.378280801000002,46.043537176999997,56.156317725999997
1289,Ca,ca+h,1.5,54.378280801000002,46.043537176999997,63.031317725999997
1290,Ca,ca+h,1.5,54.378280801000002,46.043537176999997,69.906317725999997
1291,Ca,ca+h,1.5,54.378280801000002,46.043537176999997,76.781317725999997
1292,Ca,ca+h,1.5,54.378280801000002,46.043537176999997,83.656317725999997
1293,Ca,ca+h,1.5,54.378280801000002,55.460537176999999,35.531317725999997
1294,Ca,ca+h,1.5,54.378280801000002,55.460537176999999,42.406317725999997
1295,Ca,ca+h,1.5,54.378280801000002,55.460537176999999,49.281317725999997
1296,Ca,ca+h,1.5,54.378280801000002,55.460537176999999,56.156317725999997
1297,Ca,ca+h,1.5,54.378280801000002,55.460537176999999,63.031317725999997
1298,Ca,ca+h,1.5,54.378280801000002,55.460537176999999,69.906317725999997
1299,Ca,ca+h,1.5,54.378280801000002,55.460537176999999,76.781317725999997
1300,Ca,ca+h,1.5,54.378280801000002,55.460537176999999,83.656317725999997
1301,Ca,ca+h,1.5,54.378280801000002,64.877537176999994,35.531317725999997
1302,Ca,ca+h,1.5,54.378280801000002,64.877537176999994,42.406317725999997
1303,Ca,ca+h,1.5,54.378280801000002,64.877537176999994,49.281317725999997
1304,Ca,ca+h,1.5,54.378280801000002,64.877537176999994,56.156317725999997
1305,Ca,ca+h,1.5,54.378280801000002,64.877537176999994,63.031317725999997
1306,Ca,ca+h,1.5,54.378280801000002,64.877537176999994,69.906317725999997
1307,Ca,ca+h,1.5,54.378280801000002,64.877537176999994,76.781317725999997
1308,Ca,ca+h,1.5,54.378280801000002,64.877537176999994,83.656317725999997
1309,Ca,ca+h,1.5,62.533642028999999,41.335037176999997,35.531317725999997
1310,Ca,ca+h,1.5,62.533642028999999,41.335037176999997,42.406317725999997
1311,Ca,ca+h,1.5,62.533642028999999,41.335037176999997,49.281317725999997
1312,Ca,ca+h,1.5,62.533642028999999,41.335037176999997,56.156317725999997
1313,Ca,ca+h,1.5,62.533642028999999,41.335037176999997,63.031317725999997
1314,Ca,ca+h,1.5,62.533642028999999,41.335037176999997,69.906317725999997
1315,Ca,ca+h,1.5,62.533642028999999,41.335037176999997,76.781317725999997
1316,Ca,ca+h,1.5,62.533642028999999,41.335037176999997,83.656317725999997
1317,Ca,ca+h,1.5,62.533642028999999,50.752037176999998,35.531317725999997
1318,Ca,ca+h,1.5,62.533642028999999,50.752037176999998,42.406317725999997
1319,Ca,ca+h,1.5,62.533642028999999,50.752037176999998,49.281317725999997
1320,Ca,ca+h,1.5,62.533642028999999,50.752037176999998,56.156317725999997
1321,Ca,ca+h,1.5,62.533642028999999,50.752037176999998,63.031317725999997
1322,Ca,ca+h,1.5,62.533642028999999,50.752037176999998,69.906317725999997
1323,Ca,ca+h,1.5,62.533642028999999,50.752037176999998,76.781317725999997
1324,Ca,ca+h,1.5,62.533642028999999,50.752037176999998,83.656317725999997
1325,Ca,ca+h,1.5,62.533642028999999,60.169037177,35.531317725999997
1326,Ca,ca+h,1.5,62.533642028999999,60.169037177,42.406317725999997
1327,Ca,ca+h,1.5,62.533642028999999,60.169037177,49.281317725999997
1328,Ca,ca+h,1.5,62.533642028999999,60.169037177,56.156317725999997
1329,Ca,ca+h,1.5,62.533642028999999,60.169037177,63.031317725999997
1330,Ca,ca+h,1.5,62.533642028999999,60.169037177,69.906317725999997
1331,Ca,ca+h,1.5,62.533642028999999,60.169037177,76.781317725999997
1332,Ca,ca+h,1.5,62.533642028999999,60.169037177,83.656317725999997
1333,Ca,ca+h,1.5,38.067558345999998,46.043537176999997,38.949017726000001
1334,Ca,ca+h,1.5,38.067558345999998,46.043537176999997,45.824017726000001
1335,Ca,ca+h,1.5,38.067558345999998,46.043537176999997,52.699017726000001
1336,Ca,ca+h,1.5,38.067558345999998,46.043537176999997,59.574017726000001
1337,Ca,ca+h,1.5,38.067558345999998,46.043537176999997,66.449017725999994
1338,Ca,ca+h,1.5,38.067558345999998,46.043537176999997,73.324017725999994
1339,Ca,ca+h,1.5,38.067558345999998,46.043537176999997,80.199017725999994
1340,Ca,ca+h,1.5,38.067558345999998,55.460537176999999,38.949017726000001
1341,Ca,ca+h,1.5,38.067558345999998,55.460537176999999,45.824017726000001
1342,Ca,ca+h,1.5,38.067558345999998,55.460537176999999,52.699017726000001
1343,Ca,ca+h,1.5,38.067558345999998,55.460537176999999,59.574017726000001
1344,Ca,ca+h,1.5,38.067558345999998,55.460537176999999,66.449017725999994
1345,Ca,ca+h,1.5,38.067558345999998,55.460537176999999,73.324017725999994
1346,Ca,ca+h,1.5,38.067558345999998,55.460537176999999,80.199017725999994
1347,Ca,ca+h,1.5,46.222919574000002,41.335037176999997,38.949017726000001
1348,Ca,ca+h,1.5,46.222919574000002,41.335037176999997,45.824017726000001
1349,Ca,ca+h,1.5,46.222919574000002,41.335037176999997,52.699017726000001
1350,Ca,ca+h,1.5,46.222919574000002,41.335037176999997,59.574017726000001
1351,Ca,ca+h,1.5,46.222919574000002,41.335037176999997,66.449017725999994
1352,Ca,ca+h,1.5,46.222919574000002,41.335037176999997,73.324017725999994
1353,Ca,ca+h,1.5,46.222919574000002,41.335037176999997,80.199017725999994
1354,Ca,ca+h,1.5,46.222919574000002,50.752037176999998,38.949017726000001
1355,Ca,ca+h,1.5,46.222919574000002,50.752037176999998,45.824017726000001
1356,Ca,ca+h,1.5,46.222919574000002,50.752037176999998,52.699017726000001
1357,Ca,ca+h,1.5,46.222919574000002,50.752037176999998,59.574017726000001
1358,Ca,ca+h,1.5,46.222919574000002,50.752037176999998,66.449017725999994
1359,Ca,ca+h,1.5,46.222919574000002,50.752037176999998,73.324017725999994
1360,Ca,ca+h,1.5,46.222919574000002,50.752037176999998,80.199017725999994
1361,Ca,ca+h,1.5,46.222919574000002,60.169037177,38.949017726000001
1362,Ca,ca+h,1.5,46.222919574000002,60.169037177,45.824017726000001
1363,Ca,ca+h,1.5,46.222919574000002,60.169037177,52.699017726000001
1364,Ca,ca+h,1.5,46.222919574000002,60.169037177,59.574017726000001
1365,Ca,ca+h,1.5,46.222919574000002,60.169037177,66.449017725999994
1366,Ca,ca+h,1.5,46.222919574000002,60.169037177,73.324017725999994
1367,Ca,ca+h,1.5,46.222919574000002,60.169037177,80.199017725999994
1368,Ca,ca+h,1.5,54.378280801000002,36.626537177000003,38.949017726000001
1369,Ca,ca+h,1.5,54.378280801000002,36.626537177000003,45.824017726000001
1370,Ca,ca+h,1.5,54.378280801000002,36.626537177000003,52.699017726000001
1371,Ca,ca+h,1.5,54.378280801000002,36.626537177000003,59.574017726000001
1372,Ca,ca+h,1.5,54.378280801000002,36.626537177000003,66.449017725999994
1373,Ca,ca+h,1.5,54.378280801000002,36.626537177000003,73.324017725999994
1374,Ca,ca+h,1.5,54.378280801000002,36.626537177000003,80.199017725999994
1375,Ca,ca+h,1.5,54.378280801000002,46.043537176999997,38.949017726000001
1376,Ca,ca+h,1.5,54.378280801000002,46.043537176999997,45.824017726000001
1377,Ca,ca+h,1.5,54.378280801000002,46.043537176999997,52.699017726000001
1378,Ca,ca+h,1.5,54.378280801000002,46.043537176999997,59.574017726000001
1379,Ca,ca+h,1.5,54.378280801000002,46.043537176999997,66.449017725999994
1380,Ca,ca+h,1.5,54.378280801000002,46.043537176999997,73.324017725999994
1381,Ca,ca+h,1.5,54.378280801000002,46.043537176999997,80.199017725999994
1382,Ca,ca+h,1.5,54.378280801000002,55.460537176999999,38.949017726000001
1383,Ca,ca+h,1.5,54.378280801000002,55.460537176999999,45.824017726000001
1384,Ca,ca+h,1.5,54.378280801000002,55.460537176999999,52.699017726000001
1385,Ca,ca+h,1.5,54.378280801000002,55.460537176999999,59.574017726000001
1386,Ca,ca+h,1.5,54.378280801000002,55.460537176999999,66.449017725999994
1387,Ca,ca+h,1.5,54.378280801000002,55.460537176999999,73.324017725999994
1388,Ca,ca+h,1.5,54.378280801000002,55.460537176999999,80.199017725999994
1389,Ca,ca+h,1.5,54.378280801000002,64.877537176999994,38.949017726000001
1390,Ca,ca+h,1.5,54.378280801000002,64.877537176999994,45.824017726000001
1391,Ca,ca+h,1.5,54.378280801000002,64.877537176999994,52.699017726000001
1392,Ca,ca+h,1.5,54.378280801000002,64.877537176999994,59.574017726000001
1393,Ca,ca+h,1.5,54.378280801000002,64.877537176999994,66.449017725999994
1394,Ca,ca+h,1.5,54.378280801000002,64.877537176999994,73.324017725999994
1395,Ca,ca+h,1.5,54.378280801000002,64.877537176999994,80.199017725999994
1396,Ca,ca+h,1.5,62.533642028999999,41.335037176999997,38.949017726000001
1397,Ca,ca+h,1.5,62.533642028999999,41.335037176999997,45.824017726000001
1398,Ca,ca+h,1.5,62.533642028999999,41.335037176999997,52.699017726000001
1399,Ca,ca+h,1.5,62.533642028999999,41.335037176999997,59.574017726000001
1400,Ca,ca+h,1.5,62.533642028999999,41.335037176999997,66.449017725999994
1401,Ca,ca+h,1.5,62.533642028999999,41.335037176999997,73.324017725999994
1402,Ca,ca+h,1.5,62.533642028999999,41.335037176999997,80.199017725999994
1403,Ca,ca+h,1.5,62.533642028999999,50.752037176999998,38.949017726000001
1404,Ca,ca+h,1.5,62.533642028999999,50.752037176999998,45.824017726000001
1405,Ca,ca+h,1.5,62.533642028999999,50.752037176999998,52.699017726000001
1406,Ca,ca+h,1.5,62.533642028999999,50.752037176999998,59.574017726000001
1407,Ca,ca+h,1.5,62.533642028999999,50.752037176999998,66.449017725999994
1408,Ca,ca+h,1.5,62.533642028999999,50.752037176999998,73.324017725999994
1409,Ca,ca+h,1.5,62.533642028999999,50.752037176999998,80.199017725999994
1410,Ca,ca+h,1.5,62.533642028999999,60.169037177,38.949017726000001
1411,Ca,ca+h,1.5,62.533642028999999,60.169037177,45.824017726000001
1412,Ca,ca+h,1.5,62.533642028999999,60.169037177,52.699017726000001
1413,Ca,ca+h,1.5,62.533642028999999,60.169037177,59.574017726000001
1414,Ca,ca+h,1.5,62.533642028999999,60.169037177,66.449017725999994
1415,Ca,ca+h,1.5,62.533642028999999,60.169037177,73.324017725999994
1416,Ca,ca+h,1.5,62.533642028999999,60.169037177,80.199017725999994
1417,Ca,ca+h,1.5,40.786012089000003,41.335037176999997,35.511517726000001
1418,Ca,ca+h,1.5,40.786012089000003,41.335037176999997,42.386517726000001
1419,Ca,ca+h,1.5,40.786012089000003,41.335037176999997,49.261517726000001
1420,Ca,ca+h,1.5,40.786012089000003,41.335037176999997,56.136517726000001
1421,Ca,ca+h,1.5,40.786012089000003,41.335037176999997,63.011517726000001
1422,Ca,ca+h,1.5,40.786012089000003,41.335037176999997,69.886517725999994
1423,Ca,ca+h,1.5,40.786012089000003,41.335037176999997,76.761517725999994
1424,Ca,ca+h,1.5,40.786012089000003,41.335037176999997,83.636517725999994
1425,Ca,ca+h,1.5,40.786012089000003,50.752037176999998,35.511517726000001
1426,Ca,ca+h,1.5,40.786012089000003,50.752037176999998,42.386517726000001
1427,Ca,ca+h,1.5,40.786012089000003,50.752037176999998,49.261517726000001
1428,Ca,ca+h,1.5,40.786012089000003,50.752037176999998,56.136517726000001
1429,Ca,ca+h,1.5,40.786012089000003,50.752037176999998,63.011517726000001
1430,Ca,ca+h,1.5,40.786012089000003,50.752037176999998,69.886517725999994
1431,Ca,ca+h,1.5,40.786012089000003,50.752037176999998,76.761517725999994
1432,Ca,ca+h,1.5,40.786012089000003,50.752037176999998,83.636517725999994
1433,Ca,ca+h,1.5,40.786012089000003,60.169037177,35.511517726000001
1434,Ca,ca+h,1.5,40.786012089000003,60.169037177,42.386517726000001
1435,Ca,ca+h,1.5,40.786012089000003,60.169037177,49.261517726000001
1436,Ca,ca+h,1.5,40.786012089000003,60.169037177,56.136517726000001
1437,Ca,ca+h,1.5,40.786012089000003,60.169037177,63.011517726000001
1438,Ca,ca+h,1.5,40.786012089000003,60.169037177,69.886517725999994
1439,Ca,ca+h,1.5,40.786012089000003,60.169037177,76.761517725999994
1440,Ca,ca+h,1.5,40.786012089000003,60.169037177,83.636517725999994
1441,Ca,ca+h,1.5,48.941373316000004,36.626537177000003,35.511517726000001
1442,Ca,ca+h,1.5,48.941373316000004,36.626537177000003,42.386517726000001
1443,Ca,ca+h,1.5,48.941373316000004,36.626537177000003,49.261517726000001
1444,Ca,ca+h,1.5,48.941373316000004,36.626537177000003,56.136517726000001
1445,Ca,ca+h,1.5,48.941373316000004,36.626537177000003,63.011517726000001
1446,Ca,ca+h,1.5,48.941373316000004,36.626537177000003,69.886517725999994
1447,Ca,ca+h,1.5,48.941373316000004,36.626537177000003,76.761517725999994
1448,Ca,ca+h,1.5,48.941373316000004,36.626537177000003,83.636517725999994
1449,Ca,ca+h,1.5,48.941373316000004,46.043537176999997,35.511517726000001
1450,Ca,ca+h,1.5,48.941373316000004,46.043537176999997,42.386517726000001
1451,Ca,ca+h,1.5,48.941373316000004,46.043537176999997,49.261517726000001
1452,Ca,ca+h,1.5,48.941373316000004,46.043537176999997,56.136517726000001
1453,Ca,ca+h,1.5,48.941373316000004,46.043537176999997,63.011517726000001
1454,Ca,ca+h,1.5,48.941373316000004,46.043537176999997,69.886517725999994
1455,Ca,ca+h,1.5,48.941373316000004,46.043537176999997,76.761517725999994
1456,Ca,ca+h,1.5,48.941373316000004,46.043537176999997,83.636517725999994
1457,Ca,ca+h,1.5,48.941373316000004,55.460537176999999,35.511517726000001
1458,Ca,ca+h,1.5,48.941373316000004,55.460537176999999,42.386517726000001
1459,Ca,ca+h,1.5,48.941373316000004,55.460537176999999,49.261517726000001
1460,Ca,ca+h,1.5,48.941373316000004,55.460537176999999,56.136517726000001
1461,Ca,ca+h,1.5,48.941373316000004,55.460537176999999,63.011517726000001
1462,Ca,ca+h,1.5,48.941373316000004,55.460537176999999,69.886517725999994
1463,Ca,ca+h,1.5,48.941373316000004,55.460537176999999,76.761517725999994
1464,Ca,ca+h,1.5,48.941373316000004,55.460537176999999,83.636517725999994
1465,Ca,ca+h,1.5,48.941373316000004,64.877537176999994,35.511517726000001
1466,Ca,ca+h,1.5,48.941373316000004,64.877537176999994,42.386517726000001
1467,Ca,ca+h,1.5,48.941373316000004,64.877537176999994,49.261517726000001
1468,Ca,ca+h,1.5,48.941373316000004,64.877537176999994,56.136517726000001
1469,Ca,ca+h,1.5,48.941373316000004,64.877537176999994,63.011517726000001
1470,Ca,ca+h,1.5,48.941373316000004,64.877537176999994,69.886517725999994
1471,Ca,ca+h,1.5,48.941373316000004,64.877537176999994,76.761517725999994
1472,Ca,ca+h,1.5,48.941373316000004,64.877537176999994,83.636517725999994
1473,Ca,ca+h,1.5,57.096734544,41.335037176999997,35.511517726000001
1474,Ca,ca+h,1.5,57.096734544,41.335037176999997,42.386517726000001
1475,Ca,ca+h,1.5,57.096734544,41.335037176999997,49.261517726000001
1476,Ca,ca+h,1.5,57.096734544,41.335037176999997,56.136517726000001
1477,Ca,ca+h,1.5,57.096734544,41.335037176999997,63.011517726000001
1478,Ca,ca+h,1.5,57.096734544,41.335037176999997,69.886517725999994
1479,Ca,ca+h,1.5,57.096734544,41.335037176999997,76.761517725999994
1480,Ca,ca+h,1.5,57.096734544,41.335037176999997,83.636517725999994
1481,Ca,ca+h,1.5,57.096734544,50.752037176999998,35.511517726000001
1482,Ca,ca+h,1.5,57.096734544,50.752037176999998,42.386517726000001
1483,Ca,ca+h,1.5,57.096734544,50.752037176999998,49.261517726000001
1484,Ca,ca+h,1.5,57.096734544,50.752037176999998,56.136517726000001
1485,Ca,ca+h,1.5,57.096734544,50.752037176999998,63.011517726000001
1486,Ca,ca+h,1.5,57.096734544,50.752037176999998,69.886517725999994
1487,Ca,ca+h,1.5,57.096734544,50.752037176999998,76.761517725999994
1488,Ca,ca+h,1.5,57.096734544,50.752037176999998,83.636517725999994
1489,Ca,ca+h,1.5,57.096734544,60.169037177,35.511517726000001
1490,Ca,ca+h,1.5,57.096734544,60.169037177,42.386517726000001
1491,Ca,ca+h,1.5,57.096734544,60.169037177,49.261517726000001
1492,Ca,ca+h,1.5,57.096734544,60.169037177,56.136517726000001
1493,Ca,ca+h,1.5,57.096734544,60.169037177,63.011517726000001
1494,Ca,ca+h,1.5,57.096734544,60.169037177,69.886517725999994
1495,Ca,ca+h,1.5,57.096734544,60.169037177,76.761517725999994
1496,Ca,ca+h,1.5,57.096734544,60.169037177,83.636517725999994
1497,Ca,ca+h,1.5,65.252095771,46.043537176999997,35.511517726000001
1498,Ca,ca+h,1.5,65.252095771,46.043537176999997,42.386517726000001
1499,Ca,ca+h,1.5,65.252095771,46.043537176999997,49.261517726000001
1500,Ca,ca+h,1.5,65.252095771,46.043537176999997,56.136517726000001
1501,Ca,ca+h,1.5,65.252095771,46.043537176999997,63.011517726000001
1502,Ca,ca+h,1.5,65.252095771,46.043537176999997,69.886517725999994
1503,Ca,ca+h,1.5,65.252095771,46.043537176999997,76.761517725999994
1504,Ca,ca+h,1.5,65.252095771,46.043537176999997,83.636517725999994
1505,Ca,ca+h,1.5,65.252095771,55.460537176999999,35.511517726000001
1506,Ca,ca+h,1.5,65.252095771,55.460537176999999,42.386517726000001
1507,Ca,ca+h,1.5,65.252095771,55.460537176999999,49.261517726000001
1508,Ca,ca+h,1.5,65.252095771,55.460537176999999,56.136517726000001
1509,Ca,ca+h,1.5,65.252095771,55.460537176999999,63.011517726000001
1510,Ca,ca+h,1.5,65.252095771,55.460537176999999,69.886517725999994
1511,Ca,ca+h,1.5,65.252095771,55.460537176999999,76.761517725999994
1512,Ca,ca+h,1.5,65.252095771,55.460537176999999,83.636517725999994
1513,Ca,ca+h,1.5,43.558046554999997,38.922166351999998,47.552667726000003
1514,Ca,ca+h,1.5,43.558046554999997,38.922166351999998,61.302667726000003
1515,Ca,ca+h,1.5,43.558046554999997,38.922166351999998,68.177667725999996
1516,Ca,ca+h,1.5,43.558046554999997,38.922166351999998,75.052667725999996
1517,Ca,ca+h,1.5,43.558046554999997,38.922166351999998,81.927667725999996
1518,Ca,ca+h,1.5,43.558046554999997,48.339166351999999,40.677667726000003
1519,Ca,ca+h,1.5,43.558046554999997,48.339166351999999,47.552667726000003
1520,Ca,ca+h,1.5,43.558046554999997,48.339166351999999,54.427667726000003
1521,Ca,ca+h,1.5,43.558046554999997,48.339166351999999,61.302667726000003
1522,Ca,ca+h,1.5,43.558046554999997,48.339166351999999,68.177667725999996
1523,Ca,ca+h,1.5,43.558046554999997,48.339166351999999,75.052667725999996
1524,Ca,ca+h,1.5,43.558046554999997,48.339166351999999,81.927667725999996
1525,Ca,ca+h,1.5,43.558046554999997,57.756166352000001,33.802667726000003
1526,Ca,ca+h,1.5,43.558046554999997,57.756166352000001,40.677667726000003
1527,Ca,ca+h,1.5,43.558046554999997,57.756166352000001,47.552667726000003
1528,Ca,ca+h,1.5,43.558046554999997,57.756166352000001,54.427667726000003
1529,Ca,ca+h,1.5,43.558046554999997,57.756166352000001,61.302667726000003
1530,Ca,ca+h,1.5,43.558046554999997,57.756166352000001,68.177667725999996
1531,Ca,ca+h,1.5,43.558046554999997,57.756166352000001,75.052667725999996
1532,Ca,ca+h,1.5,43.558046554999997,57.756166352000001,81.927667725999996
1533,Ca,ca+h,1.5,51.713407781999997,34.213666351999997,40.677667726000003
1534,Ca,ca+h,1.5,51.713407781999997,34.213666351999997,47.552667726000003
1535,Ca,ca+h,1.5,51.713407781999997,34.213666351999997,61.302667726000003
1536,Ca,ca+h,1.5,51.713407781999997,34.213666351999997,68.177667725999996
1537,Ca,ca+h,1.5,51.713407781999997,43.630666351999999,33.802667726000003
1538,Ca,ca+h,1.5,51.713407781999997,43.630666351999999,40.677667726000003
1539,Ca,ca+h,1.5,51.713407781999997,43.630666351999999,47.552667726000003
1540,Ca,ca+h,1.5,51.713407781999997,43.630666351999999,54.427667726000003
1541,Ca,ca+h,1.5,51.713407781999997,43.630666351999999,61.302667726000003
1542,Ca,ca+h,1.5,51.713407781999997,43.630666351999999,68.177667725999996
1543,Ca,ca+h,1.5,51.713407781999997,43.630666351999999,75.052667725999996
1544,Ca,ca+h,1.5,51.713407781999997,43.630666351999999,81.927667725999996
1545,Ca,ca+h,1.5,51.713407781999997,53.047666352,40.677667726000003
1546,Ca,ca+h,1.5,51.713407781999997,53.047666352,47.552667726000003
1547,Ca,ca+h,1.5,51.713407781999997,53.047666352,54.427667726000003
1548,Ca,ca+h,1.5,51.713407781999997,53.047666352,61.302667726000003
1549,Ca,ca+h,1.5,51.713407781999997,53.047666352,68.177667725999996
1550,Ca,ca+h,1.5,51.713407781999997,53.047666352,75.052667725999996
1551,Ca,ca+h,1.5,51.713407781999997,53.047666352,81.927667725999996
1552,Ca,ca+h,1.5,51.713407781999997,62.464666352000002,33.802667726000003
1553,Ca,ca+h,1.5,51.713407781999997,62.464666352000002,40.677667726000003
1554,Ca,ca+h,1.5,51.713407781999997,62.464666352000002,47.552667726000003
1555,Ca,ca+h,1.5,51.713407781999997,62.464666352000002,54.427667726000003
1556,Ca,ca+h,1.5,51.713407781999997,62.464666352000002,61.302667726000003
1557,Ca,ca+h,1.5,51.713407781999997,62.464666352000002,68.177667725999996
1558,Ca,ca+h,1.5,51.713407781999997,62.464666352000002,75.052667725999996
1559,Ca,ca+h,1.5,51.713407781999997,62.464666352000002,81.927667725999996
1560,Ca,ca+h,1.5,59.868769008999998,38.922166351999998,33.802667726000003
1561,Ca,ca+h,1.5,59.868769008999998,38.922166351999998,40.677667726000003
1562,Ca,ca+h,1.5,59.868769008999998,38.922166351999998,47.552667726000003
1563,Ca,ca+h,1.5,59.868769008999998,38.922166351999998,54.427667726000003
1564,Ca,ca+h,1.5,59.868769008999998,38.922166351999998,61.302667726000003
1565,Ca,ca+h,1.5,59.868769008999998,38.922166351999998,81.927667725999996
1566,Ca,ca+h,1.5,59.868769008999998,48.339166351999999,40.677667726000003
1567,Ca,ca+h,1.5,59.868769008999998,48.339166351999999,47.552667726000003
1568,Ca,ca+h,1.5,59.868769008999998,48.339166351999999,54.427667726000003
1569,Ca,ca+h,1.5,59.868769008999998,48.339166351999999,61.302667726000003
1570,Ca,ca+h,1.5,59.868769008999998,48.339166351999999,68.177667725999996
1571,Ca,ca+h,1.5,59.868769008999998,48.339166351999999,75.052667725999996
1572,Ca,ca+h,1.5,59.868769008999998,48.339166351999999,81.927667725999996
1573,Ca,ca+h,1.5,59.868769008999998,57.756166352000001,40.677667726000003
1574,Ca,ca+h,1.5,59.868769008999998,57.756166352000001,47.552667726000003
1575,Ca,ca+h,1.5,59.868769008999998,57.756166352000001,54.427667726000003
1576,Ca,ca+h,1.5,59.868769008999998,57.756166352000001,61.302667726000003
1577,Ca,ca+h,1.5,59.868769008999998,57.756166352000001,68.177667725999996
1578,Ca,ca+h,1.5,59.868769008999998,57.756166352000001,75.052667725999996
1579,Ca,ca+h,1.5,59.868769008999998,57.756166352000001,81.927667725999996
1580,P,pap,1,38.355170841000003,43.353665284999998,33.802667726000003
1581,P,pap,1,38.355170841000003,43.353665284999998,40.677667726000003
1582,P,pap,1,38.355170841000003,43.353665284999998,47.552667726000003
1583,P,pap,1,38.355170841000003,43.353665284999998,54.427667726000003
1584,P,pap,1,38.355170841000003,43.353665284999998,61.302667726000003
1585,P,pap,1,38.355170841000003,43.353665284999998,68.177667725999996
1586,P,pap,1,38.355170841000003,43.353665284999998,75.052667725999996
1587,P,pap,1,38.355170841000003,43.353665284999998,81.927667725999996
1588,P,pap,1,38.355170841000003,52.770665285,33.802667726000003
1589,P,pap,1,38.355170841000003,52.770665285,40.677667726000003
1590,P,pap,1,38.355170841000003,52.770665285,47.552667726000003
1591,P,pap,1,38.355170841000003,52.770665285,54.427667726000003
1592,P,pap,1,38.355170841000003,52.770665285,61.302667726000003
1593,P,pap,1,38.355170841000003,52.770665285,68.177667725999996
1594,P,pap,1,38.355170841000003,52.770665285,75.052667725999996
1595,P,pap,1,38.355170841000003,52.770665285,81.927667725999996
1596,P,pap,1,46.510532068000003,38.645165284999997,33.802667726000003
1597,P,pap,1,46.510532068000003,38.645165284999997,40.677667726000003
1598,P,pap,1,46.510532068000003,38.645165284999997,47.552667726000003
1599,P,pap,1,46.510532068000003,38.645165284999997,54.427667726000003
1600,P,pap,1,46.510532068000003,38.645165284999997,61.302667726000003
1601,P,pap,1,46.510532068000003,38.645165284999997,68.177667725999996
1602,P,pap,1,46.510532068000003,38.645165284999997,75.052667725999996
1603,P,pap,1,46.510532068000003,38.645165284999997,81.927667725999996
1604,P,pap,1,46.510532068000003,48.062165284999999,33.802667726000003
1605,P,pap,1,46.510532068000003,48.062165284999999,40.677667726000003
1606,P,pap,1,46.510532068000003,48.062165284999999,47.552667726000003
1607,P,pap,1,46.510532068000003,48.062165284999999,54.427667726000003
1608,P,pap,1,46.510532068000003,48.062165284999999,61.302667726000003
1609,P,pap,1,46.510532068000003,48.062165284999999,68.177667725999996
1610,P,pap,1,46.510532068000003,48.062165284999999,75.052667725999996
1611,P,pap,1,46.510532068000003,48.062165284999999,81.927667725999996
1612,P,pap,1,46.510532068000003,57.479165285000001,33.802667726000003
1613,P,pap,1,46.510532068000003,57.479165285000001,40.677667726000003
1614,P,pap,1,46.510532068000003,57.479165285000001,47.552667726000003
1615,P,pap,1,46.510532068000003,57.479165285000001,54.427667726000003
1616,P,pap,1,46.510532068000003,57.479165285000001,61.302667726000003
1617,P,pap,1,46.510532068000003,57.479165285000001,68.177667725999996
1618,P,pap,1,46.510532068000003,57.479165285000001,75.052667725999996
1619,P,pap,1,46.510532068000003,57.479165285000001,81.927667725999996
1620,P,pap,1,54.665893296,33.936665284999997,33.802667726000003
1621,P,pap,1,54.665893296,33.936665284999997,40.677667726000003
1622,P,pap,1,54.665893296,33.936665284999997,47.552667726000003
1623,P,pap,1,54.665893296,33.936665284999997,54.427667726000003
1624,P,pap,1,54.665893296,33.936665284999997,61.302667726000003
1625,P,pap,1,54.665893296,33.936665284999997,68.177667725999996
1626,P,pap,1,54.665893296,33.936665284999997,75.052667725999996
1627,P,pap,1,54.665893296,33.936665284999997,81.927667725999996
1628,P,pap,1,54.665893296,43.353665284999998,33.802667726000003
1629,P,pap,1,54.665893296,43.353665284999998,40.677667726000003
1630,P,pap,1,54.665893296,43.353665284999998,47.552667726000003
1631,P,pap,1,54.665893296,43.353665284999998,54.427667726000003
1632,P,pap,1,54.665893296,43.353665284999998,61.302667726000003
1633,P,pap,1,54.665893296,43.353665284999998,68.177667725999996
1634,P,pap,1,54.665893296,43.353665284999998,75.052667725999996
1635,P,pap,1,54.665893296,43.353665284999998,81.927667725999996
1636,P,pap,1,54.665893296,52.770665285,33.802667726000003
1637,P,pap,1,54.665893296,52.770665285,40.677667726000003
1638,P,pap,1,54.665893296,52.770665285,47.552667726000003
1639,P,pap,1,54.665893296,52.770665285,54.427667726000003
1640,P,pap,1,54.665893296,52.770665285,61.302667726000003
1641,P,pap,1,54.665893296,52.770665285,68.177667725999996
1642,P,pap,1,54.665893296,52.770665285,75.052667725999996
1643,P,pap,1,54.665893296,52.770665285,81.927667725999996
1644,P,pap,1,54.665893296,62.187665285000001,33.802667726000003
1645,P,pap,1,54.665893296,62.187665285000001,40.677667726000003
1646,P,pap,1,54.665893296,62.187665285000001,47.552667726000003
1647,P,pap,1,54.665893296,62.187665285000001,54.427667726000003
1648,P,pap,1,54.665893296,62.187665285000001,61.302667726000003
1649,P,pap,1,54.665893296,62.187665285000001,68.177667725999996
1650,P,pap,1,54.665893296,62.187665285000001,75.052667725999996
1651,P,pap,1,54.665893296,62.187665285000001,81.927667725999996
1652,P,pap,1,62.821254523,38.645165284999997,33.802667726000003
1653,P,pap,1,62.821254523,38.645165284999997,40.677667726000003
1654,P,pap,1,62.821254523,38.645165284999997,47.552667726000003
1655,P,pap,1,62.821254523,38.645165284999997,54.427667726000003
1656,P,pap,1,62.821254523,38.645165284999997,61.302667726000003
1657,P,pap,1,62.821254523,38.645165284999997,68.177667725999996
1658,P,pap,1,62.821254523,38.645165284999997,75.052667725999996
1659,P,pap,1,62.821254523,38.645165284999997,81.927667725999996
1660,P,pap,1,62.821254523,48.062165284999999,33.802667726000003
1661,P,pap,1,62.821254523,48.062165284999999,40.677667726000003
1662,P,pap,1,62.821254523,48.062165284999999,47.552667726000003
1663,P,pap,1,62.821254523,48.062165284999999,54.427667726000003
1664,P,pap,1,62.821254523,48.062165284999999,61.302667726000003
1665,P,pap,1,62.821254523,48.062165284999999,68.177667725999996
1666,P,pap,1,62.821254523,48.062165284999999,75.052667725999996
1667,P,pap,1,62.821254523,48.062165284999999,81.927667725999996
1668,P,pap,1,62.821254523,57.479165285000001,33.802667726000003
1669,P,pap,1,62.821254523,57.479165285000001,40.677667726000003
1670,P,pap,1,62.821254523,57.479165285000001,47.552667726000003
1671,P,pap,1,62.821254523,57.479165285000001,54.427667726000003
1672,P,pap,1,62.821254523,57.479165285000001,61.302667726000003
1673,P,pap,1,62.821254523,57.479165285000001,68.177667725999996
1674,P,pap,1,62.821254523,57.479165285000001,75.052667725999996
1675,P,pap,1,62.821254523,57.479165285000001,81.927667725999996
1676,O,oap1,-0.60000002384185791,39.140531932000002,44.674776561000002,33.802667726000003
1677,O,oap1,-0.80000001192092896,39.140531932000002,44.674776561000002,40.677667726000003
1678,O,oap1,-0.80000001192092896,39.140531932000002,44.674776561000002,47.552667726000003
1679,O,oap1,-0.80000001192092896,39.140531932000002,44.674776561000002,54.427667726000003
1680,O,oap1,-0.80000001192092896,39.140531932000002,44.674776561000002,61.302667726000003
1681,O,oap1,-0.80000001192092896,39.140531932000002,44.674776561000002,68.177667725999996
1682,O,oap1,-0.80000001192092896,39.140531932000002,44.674776561000002,75.052667725999996
1683,O,oap1,-0.80000001192092896,39.140531932000002,44.674776561000002,81.927667725999996
1684,O,oap1,-0.60000002384185791,39.140531932000002,54.091776561000003,33.802667726000003
1685,O,oap1,-0.80000001192092896,39.140531932000002,54.091776561000003,40.677667726000003
1686,O,oap1,-0.80000001192092896,39.140531932000002,54.091776561000003,47.552667726000003
1687,O,oap1,-0.80000001192092896,39.140531932000002,54.091776561000003,54.427667726000003
1688,O,oap1,-0.80000001192092896,39.140531932000002,54.091776561000003,61.302667726000003
1689,O,oap1,-0.80000001192092896,39.140531932000002,54.091776561000003,68.177667725999996
1690,O,oap1,-0.80000001192092896,39.140531932000002,54.091776561000003,75.052667725999996
1691,O,oap1,-0.80000001192092896,39.140531932000002,54.091776561000003,81.927667725999996
1692,O,oap1,-0.69499999284744263,47.295893159999999,39.966276561000001,33.802667726000003
1693,O,oap1,-0.80000001192092896,47.295893159999999,39.966276561000001,40.677667726000003
1694,O,oap1,-0.80000001192092896,47.295893159999999,39.966276561000001,47.552667726000003
1695,O,oap1,-0.80000001192092896,47.295893159999999,39.966276561000001,54.427667726000003
1696,O,oap1,-0.80000001192092896,47.295893159999999,39.966276561000001,61.302667726000003
1697,O,oap1,-0.80000001192092896,47.295893159999999,39.966276561000001,68.177667725999996
1698,O,oap1,-0.80000001192092896,47.295893159999999,39.966276561000001,75.052667725999996
1699,O,oap1,-0.80000001192092896,47.295893159999999,39.966276561000001,81.927667725999996
1700,O,oap1,-0.69499999284744263,47.295893159999999,49.383276561000002,33.802667726000003
1701,O,oap1,-0.80000001192092896,47.295893159999999,49.383276561000002,40.677667726000003
1702,O,oap1,-0.80000001192092896,47.295893159999999,49.383276561000002,47.552667726000003
1703,O,oap1,-0.80000001192092896,47.295893159999999,49.383276561000002,54.427667726000003
1704,O,oap1,-0.80000001192092896,47.295893159999999,49.383276561000002,61.302667726000003
1705,O,oap1,-0.80000001192092896,47.295893159999999,49.383276561000002,68.177667725999996
1706,O,oap1,-0.80000001192092896,47.295893159999999,49.383276561000002,75.052667725999996
1707,O,oap1,-0.80000001192092896,47.295893159999999,49.383276561000002,81.927667725999996
1708,O,oap1,-0.60000002384185791,47.295893159999999,58.800276560999997,33.802667726000003
1709,O,oap1,-0.80000001192092896,47.295893159999999,58.800276560999997,40.677667726000003
1710,O,oap1,-0.80000001192092896,47.295893159999999,58.800276560999997,47.552667726000003
1711,O,oap1,-0.80000001192092896,47.295893159999999,58.800276560999997,54.427667726000003
1712,O,oap1,-0.80000001192092896,47.295893159999999,58.800276560999997,61.302667726000003
1713,O,oap1,-0.80000001192092896,47.295893159999999,58.800276560999997,68.177667725999996
1714,O,oap1,-0.80000001192092896,47.295893159999999,58.800276560999997,75.052667725999996
1715,O,oap1,-0.80000001192092896,47.295893159999999,58.800276560999997,81.927667725999996
1716,O,oap1,-0.60000002384185791,55.451254386999999,35.257776561,33.802667726000003
1717,O,oap1,-0.60000002384185791,55.451254386999999,35.257776561,40.677667726000003
1718,O,oap1,-0.60000002384185791,55.451254386999999,35.257776561,47.552667726000003
1719,O,oap1,-0.60000002384185791,55.451254386999999,35.257776561,54.427667726000003
1720,O,oap1,-0.69499999284744263,55.451254386999999,35.257776561,61.302667726000003
1721,O,oap1,-0.69499999284744263,55.451254386999999,35.257776561,68.177667725999996
1722,O,oap1,-0.69499999284744263,55.451254386999999,35.257776561,75.052667725999996
1723,O,oap1,-0.69499999284744263,55.451254386999999,35.257776561,81.927667725999996
1724,O,oap1,-0.60000002384185791,55.451254386999999,44.674776561000002,33.802667726000003
1725,O,oap1,-0.80000001192092896,55.451254386999999,44.674776561000002,40.677667726000003
1726,O,oap1,-0.80000001192092896,55.451254386999999,44.674776561000002,47.552667726000003
1727,O,oap1,-0.80000001192092896,55.451254386999999,44.674776561000002,54.427667726000003
1728,O,oap1,-0.80000001192092896,55.451254386999999,44.674776561000002,61.302667726000003
1729,O,oap1,-0.80000001192092896,55.451254386999999,44.674776561000002,68.177667725999996
1730,O,oap1,-0.80000001192092896,55.451254386999999,44.674776561000002,75.052667725999996
1731,O,oap1,-0.80000001192092896,55.451254386999999,44.674776561000002,81.927667725999996
1732,O,oap1,-0.60000002384185791,55.451254386999999,54.091776561000003,33.802667726000003
1733,O,oap1,-0.80000001192092896,55.451254386999999,54.091776561000003,40.677667726000003
1734,O,oap1,-0.80000001192092896,55.451254386999999,54.091776561000003,47.552667726000003
1735,O,oap1,-0.80000001192092896,55.451254386999999,54.091776561000003,54.427667726000003
1736,O,oap1,-0.80000001192092896,55.451254386999999,54.091776561000003,61.302667726000003
1737,O,oap1,-0.80000001192092896,55.451254386999999,54.091776561000003,68.177667725999996
1738,O,oap1,-0.80000001192092896,55.451254386999999,54.091776561000003,75.052667725999996
1739,O,oap1,-0.80000001192092896,55.451254386999999,54.091776561000003,81.927667725999996
1740,O,oap1,-0.60000002384185791,55.451254386999999,63.508776560999998,33.802667726000003
1741,O,oap1,-0.80000001192092896,55.451254386999999,63.508776560999998,40.677667726000003
1742,O,oap1,-0.80000001192092896,55.451254386999999,63.508776560999998,47.552667726000003
1743,O,oap1,-0.80000001192092896,55.451254386999999,63.508776560999998,54.427667726000003
1744,O,oap1,-0.80000001192092896,55.451254386999999,63.508776560999998,61.302667726000003
1745,O,oap1,-0.80000001192092896,55.451254386999999,63.508776560999998,68.177667725999996
1746,O,oap1,-0.80000001192092896,55.451254386999999,63.508776560999998,75.052667725999996
1747,O,oap1,-0.80000001192092896,55.451254386999999,63.508776560999998,81.927667725999996
1748,O,oap1,-0.60000002384185791,63.606615615000003,39.966276561000001,33.802667726000003
1749,O,oap1,-0.60000002384185791,63.606615615000003,39.966276561000001,40.677667726000003
1750,O,oap1,-0.60000002384185791,63.606615615000003,39.966276561000001,47.552667726000003
1751,O,oap1,-0.69499999284744263,63.606615615000003,39.966276561000001,54.427667726000003
1752,O,oap1,-0.69499999284744263,63.606615615000003,39.966276561000001,61.302667726000003
1753,O,oap1,-0.69499999284744263,63.606615615000003,39.966276561000001,68.177667725999996
1754,O,oap1,-0.60000002384185791,63.606615615000003,39.966276561000001,75.052667725999996
1755,O,oap1,-0.69499999284744263,63.606615615000003,39.966276561000001,81.927667725999996
1756,O,oap1,-0.69499999284744263,63.606615615000003,49.383276561000002,33.802667726000003
1757,O,oap1,-0.80000001192092896,63.606615615000003,49.383276561000002,40.677667726000003
1758,O,oap1,-0.80000001192092896,63.606615615000003,49.383276561000002,47.552667726000003
1759,O,oap1,-0.80000001192092896,63.606615615000003,49.383276561000002,54.427667726000003
1760,O,oap1,-0.80000001192092896,63.606615615000003,49.383276561000002,61.302667726000003
1761,O,oap1,-0.80000001192092896,63.606615615000003,49.383276561000002,68.177667725999996
1762,O,oap1,-0.80000001192092896,63.606615615000003,49.383276561000002,75.052667725999996
1763,O,oap1,-0.80000001192092896,63.606615615000003,49.383276561000002,81.927667725999996
1764,O,oap1,-0.60000002384185791,63.606615615000003,58.800276560999997,33.802667726000003
1765,O,oap1,-0.80000001192092896,63.606615615000003,58.800276560999997,40.677667726000003
1766,O,oap1,-0.80000001192092896,63.606615615000003,58.800276560999997,47.552667726000003
1767,O,oap1,-0.80000001192092896,63.606615615000003,58.800276560999997,54.427667726000003
1768,O,oap1,-0.80000001192092896,63.606615615000003,58.800276560999997,61.302667726000003
1769,O,oap1,-0.80000001192092896,63.606615615000003,58.800276560999997,68.177667725999996
1770,O,oap1,-0.80000001192092896,63.606615615000003,58.800276560999997,75.052667725999996
1771,O,oap1,-0.80000001192092896,63.606615615000003,58.800276560999997,81.927667725999996
1772,O,oap1,-0.69499999284744263,39.304454915999997,42.148665997999998,33.802667726000003
1773,O,oap1,-0.80000001192092896,39.304454915999997,42.148665997999998,40.677667726000003
1774,O,oap1,-0.80000001192092896,39.304454915999997,42.148665997999998,47.552667726000003
1775,O,oap1,-0.80000001192092896,39.304454915999997,42.148665997999998,54.427667726000003
1776,O,oap1,-0.80000001192092896,39.304454915999997,42.148665997999998,61.302667726000003
1777,O,oap1,-0.80000001192092896,39.304454915999997,42.148665997999998,68.177667725999996
1778,O,oap1,-0.80000001192092896,39.304454915999997,42.148665997999998,75.052667725999996
1779,O,oap1,-0.80000001192092896,39.304454915999997,42.148665997999998,81.927667725999996
1780,O,oap1,-0.69499999284744263,39.304454915999997,51.565665998,33.802667726000003
1781,O,oap1,-0.80000001192092896,39.304454915999997,51.565665998,40.677667726000003
1782,O,oap1,-0.80000001192092896,39.304454915999997,51.565665998,47.552667726000003
1783,O,oap1,-0.80000001192092896,39.304454915999997,51.565665998,54.427667726000003
1784,O,oap1,-0.80000001192092896,39.304454915999997,51.565665998,61.302667726000003
1785,O,oap1,-0.80000001192092896,39.304454915999997,51.565665998,68.177667725999996
1786,O,oap1,-0.80000001192092896,39.304454915999997,51.565665998,75.052667725999996
1787,O,oap1,-0.80000001192092896,39.304454915999997,51.565665998,81.927667725999996
1788,O,oap1,-0.60000002384185791,47.459816142999998,37.440165997999998,33.802667726000003
1789,O,oap1,-0.80000001192092896,47.459816142999998,37.440165997999998,40.677667726000003
1790,O,oap1,-0.80000001192092896,47.459816142999998,37.440165997999998,47.552667726000003
1791,O,oap1,-0.80000001192092896,47.459816142999998,37.440165997999998,54.427667726000003
1792,O,oap1,-0.80000001192092896,47.459816142999998,37.440165997999998,61.302667726000003
1793,O,oap1,-0.80000001192092896,47.459816142999998,37.440165997999998,68.177667725999996
1794,O,oap1,-0.80000001192092896,47.459816142999998,37.440165997999998,75.052667725999996
1795,O,oap1,-0.80000001192092896,47.459816142999998,37.440165997999998,81.927667725999996
1796,O,oap1,-0.60000002384185791,47.459816142999998,46.857165997999999,33.802667726000003
1797,O,oap1,-0.80000001192092896,47.459816142999998,46.857165997999999,40.677667726000003
1798,O,oap1,-0.80000001192092896,47.459816142999998,46.857165997999999,47.552667726000003
1799,O,oap1,-0.80000001192092896,47.459816142999998,46.857165997999999,54.427667726000003
1800,O,oap1,-0.80000001192092896,47.459816142999998,46.857165997999999,61.302667726000003
1801,O,oap1,-0.80000001192092896,47.459816142999998,46.857165997999999,68.177667725999996
1802,O,oap1,-0.80000001192092896,47.459816142999998,46.857165997999999,75.052667725999996
1803,O,oap1,-0.80000001192092896,47.459816142999998,46.857165997999999,81.927667725999996
1804,O,oap1,-0.69499999284744263,47.459816142999998,56.274165998000001,33.802667726000003
1805,O,oap1,-0.80000001192092896,47.459816142999998,56.274165998000001,40.677667726000003
1806,O,oap1,-0.80000001192092896,47.459816142999998,56.274165998000001,47.552667726000003
1807,O,oap1,-0.80000001192092896,47.459816142999998,56.274165998000001,54.427667726000003
1808,O,oap1,-0.80000001192092896,47.459816142999998,56.274165998000001,61.302667726000003
1809,O,oap1,-0.80000001192092896,47.459816142999998,56.274165998000001,68.177667725999996
1810,O,oap1,-0.80000001192092896,47.459816142999998,56.274165998000001,75.052667725999996
1811,O,oap1,-0.80000001192092896,47.459816142999998,56.274165998000001,81.927667725999996
1812,O,oap1,-0.60000002384185791,55.615177371000001,32.731665997999997,33.802667726000003
1813,O,oap1,-0.60000002384185791,55.615177371000001,32.731665997999997,40.677667726000003
1814,O,oap1,-0.60000002384185791,55.615177371000001,32.731665997999997,47.552667726000003
1815,O,oap1,-0.60000002384185791,55.615177371000001,32.731665997999997,54.427667726000003
1816,O,oap1,-0.60000002384185791,55.615177371000001,32.731665997999997,61.302667726000003
1817,O,oap1,-0.60000002384185791,55.615177371000001,32.731665997999997,68.177667725999996
1818,O,oap1,-0.60000002384185791,55.615177371000001,32.731665997999997,75.052667725999996
1819,O,oap1,-0.60000002384185791,55.615177371000001,32.731665997999997,81.927667725999996
1820,O,oap1,-0.69499999284744263,55.615177371000001,42.148665997999998,33.802667726000003
1821,O,oap1,-0.80000001192092896,55.615177371000001,42.148665997999998,40.677667726000003
1822,O,oap1,-0.80000001192092896,55.615177371000001,42.148665997999998,47.552667726000003
1823,O,oap1,-0.80000001192092896,55.615177371000001,42.148665997999998,54.427667726000003
1824,O,oap1,-0.80000001192092896,55.615177371000001,42.148665997999998,61.302667726000003
1825,O,oap1,-0.80000001192092896,55.615177371000001,42.148665997999998,68.177667725999996
1826,O,oap1,-0.80000001192092896,55.615177371000001,42.148665997999998,75.052667725999996
1827,O,oap1,-0.80000001192092896,55.615177371000001,42.148665997999998,81.927667725999996
1828,O,oap1,-0.69499999284744263,55.615177371000001,51.565665998,33.802667726000003
1829,O,oap1,-0.80000001192092896,55.615177371000001,51.565665998,40.677667726000003
1830,O,oap1,-0.80000001192092896,55.615177371000001,51.565665998,47.552667726000003
1831,O,oap1,-0.80000001192092896,55.615177371000001,51.565665998,54.427667726000003
1832,O,oap1,-0.80000001192092896,55.615177371000001,51.565665998,61.302667726000003
1833,O,oap1,-0.80000001192092896,55.615177371000001,51.565665998,68.177667725999996
1834,O,oap1,-0.80000001192092896,55.615177371000001,51.565665998,75.052667725999996
1835,O,oap1,-0.80000001192092896,55.615177371000001,51.565665998,81.927667725999996
1836,O,oap1,-0.69499999284744263,55.615177371000001,60.982665998000002,33.802667726000003
1837,O,oap1,-0.80000001192092896,55.615177371000001,60.982665998000002,40.677667726000003
1838,O,oap1,-0.80000001192092896,55.615177371000001,60.982665998000002,47.552667726000003
1839,O,oap1,-0.80000001192092896,55.615177371000001,60.982665998000002,54.427667726000003
1840,O,oap1,-0.80000001192092896,55.615177371000001,60.982665998000002,61.302667726000003
1841,O,oap1,-0.80000001192092896,55.615177371000001,60.982665998000002,68.177667725999996
1842,O,oap1,-0.80000001192092896,55.615177371000001,60.982665998000002,75.052667725999996
1843,O,oap1,-0.80000001192092896,55.615177371000001,60.982665998000002,81.927667725999996
1844,O,oap1,-0.60000002384185791,63.770538598000002,37.440165997999998,33.802667726000003
1845,O,oap1,-0.60000002384185791,63.770538598000002,37.440165997999998,40.677667726000003
1846,O,oap1,-0.60000002384185791,63.770538598000002,37.440165997999998,47.552667726000003
1847,O,oap1,-0.60000002384185791,63.770538598000002,37.440165997999998,54.427667726000003
1848,O,oap1,-0.60000002384185791,63.770538598000002,37.440165997999998,61.302667726000003
1849,O,oap1,-0.60000002384185791,63.770538598000002,37.440165997999998,68.177667725999996
1850,O,oap1,-0.60000002384185791,63.770538598000002,37.440165997999998,75.052667725999996
1851,O,oap1,-0.60000002384185791,63.770538598000002,37.440165997999998,81.927667725999996
1852,O,oap1,-0.60000002384185791,63.770538598000002,46.857165997999999,33.802667726000003
1853,O,oap1,-0.80000001192092896,63.770538598000002,46.857165997999999,40.677667726000003
1854,O,oap1,-0.80000001192092896,63.770538598000002,46.857165997999999,47.552667726000003
1855,O,oap1,-0.80000001192092896,63.770538598000002,46.857165997999999,54.427667726000003
1856,O,oap1,-0.80000001192092896,63.770538598000002,46.857165997999999,61.302667726000003
1857,O,oap1,-0.80000001192092896,63.770538598000002,46.857165997999999,68.177667725999996
1858,O,oap1,-0.80000001192092896,63.770538598000002,46.857165997999999,75.052667725999996
1859,O,oap1,-0.80000001192092896,63.770538598000002,46.857165997999999,81.927667725999996
1860,O,oap1,-0.69499999284744263,63.770538598000002,56.274165998000001,33.802667726000003
1861,O,oap1,-0.80000001192092896,63.770538598000002,56.274165998000001,40.677667726000003
1862,O,oap1,-0.80000001192092896,63.770538598000002,56.274165998000001,47.552667726000003
1863,O,oap1,-0.80000001192092896,63.770538598000002,56.274165998000001,54.427667726000003
1864,O,oap1,-0.80000001192092896,63.770538598000002,56.274165998000001,61.302667726000003
1865,O,oap1,-0.80000001192092896,63.770538598000002,56.274165998000001,68.177667725999996
1866,O,oap1,-0.80000001192092896,63.770538598000002,56.274165998000001,75.052667725999996
1867,O,oap1,-0.80000001192092896,63.770538598000002,56.274165998000001,81.927667725999996
1868,Ca,ca+h,1.5,41.489602286,44.942124857000003,40.677667726000003
1869,Ca,ca+h,1.5,41.489602286,44.942124857000003,47.552667726000003
1870,Ca,ca+h,1.5,41.489602286,44.942124857000003,54.427667726000003
1871,Ca,ca+h,1.5,41.489602286,44.942124857000003,61.302667726000003
1872,Ca,ca+h,1.5,41.489602286,44.942124857000003,68.177667725999996
1873,Ca,ca+h,1.5,41.489602286,44.942124857000003,75.052667725999996
1874,Ca,ca+h,1.5,41.489602286,44.942124857000003,81.927667725999996
1875,Ca,ca+h,1.5,41.489602286,54.359124856999998,40.677667726000003
1876,Ca,ca+h,1.5,41.489602286,54.359124856999998,47.552667726000003
1877,Ca,ca+h,1.5,41.489602286,54.359124856999998,54.427667726000003
1878,Ca,ca+h,1.5,41.489602286,54.359124856999998,61.302667726000003
1879,Ca,ca+h,1.5,41.489602286,54.359124856999998,68.177667725999996
1880,Ca,ca+h,1.5,41.489602286,54.359124856999998,75.052667725999996
1881,Ca,ca+h,1.5,41.489602286,54.359124856999998,81.927667725999996
1882,Ca,ca+h,1.5,49.644963513999997,40.233624857000002,40.677667726000003
1883,Ca,ca+h,1.5,49.644963513999997,40.233624857000002,47.552667726000003
1884,Ca,ca+h,1.5,49.644963513999997,40.233624857000002,54.427667726000003
1885,Ca,ca+h,1.5,49.644963513999997,40.233624857000002,61.302667726000003
1886,Ca,ca+h,1.5,49.644963513999997,40.233624857000002,68.177667725999996
1887,Ca,ca+h,1.5,49.644963513999997,40.233624857000002,75.052667725999996
1888,Ca,ca+h,1.5,49.644963513999997,40.233624857000002,81.927667725999996
1889,Ca,ca+h,1.5,49.644963513999997,49.650624856999997,40.677667726000003
1890,Ca,ca+h,1.5,49.644963513999997,49.650624856999997,47.552667726000003
1891,Ca,ca+h,1.5,49.644963513999997,49.650624856999997,54.427667726000003
1892,Ca,ca+h,1.5,49.644963513999997,49.650624856999997,61.302667726000003
1893,Ca,ca+h,1.5,49.644963513999997,49.650624856999997,68.177667725999996
1894,Ca,ca+h,1.5,49.644963513999997,49.650624856999997,75.052667725999996
1895,Ca,ca+h,1.5,49.644963513999997,49.650624856999997,81.927667725999996
1896,Ca,ca+h,1.5,49.644963513999997,59.067624856999998,33.802667726000003
1897,Ca,ca+h,1.5,49.644963513999997,59.067624856999998,40.677667726000003
1898,Ca,ca+h,1.5,49.644963513999997,59.067624856999998,47.552667726000003
1899,Ca,ca+h,1.5,49.644963513999997,59.067624856999998,54.427667726000003
1900,Ca,ca+h,1.5,49.644963513999997,59.067624856999998,61.302667726000003
1901,Ca,ca+h,1.5,49.644963513999997,59.067624856999998,68.177667725999996
1902,Ca,ca+h,1.5,49.644963513999997,59.067624856999998,75.052667725999996
1903,Ca,ca+h,1.5,49.644963513999997,59.067624856999998,81.927667725999996
1904,Ca,ca+h,1.5,57.800324740999997,44.942124857000003,33.802667726000003
1905,Ca,ca+h,1.5,57.800324740999997,44.942124857000003,40.677667726000003
1906,Ca,ca+h,1.5,57.800324740999997,44.942124857000003,47.552667726000003
1907,Ca,ca+h,1.5,57.800324740999997,44.942124857000003,54.427667726000003
1908,Ca,ca+h,1.5,57.800324740999997,44.942124857000003,61.302667726000003
1909,Ca,ca+h,1.5,57.800324740999997,44.942124857000003,68.177667725999996
1910,Ca,ca+h,1.5,57.800324740999997,44.942124857000003,75.052667725999996
1911,Ca,ca+h,1.5,57.800324740999997,44.942124857000003,81.927667725999996
1912,Ca,ca+h,1.5,57.800324740999997,54.359124856999998,40.677667726000003
1913,Ca,ca+h,1.5,57.800324740999997,54.359124856999998,47.552667726000003
1914,Ca,ca+h,1.5,57.800324740999997,54.359124856999998,54.427667726000003
1915,Ca,ca+h,1.5,57.800324740999997,54.359124856999998,61.302667726000003
1916,Ca,ca+h,1.5,57.800324740999997,54.359124856999998,68.177667725999996
1917,Ca,ca+h,1.5,57.800324740999997,54.359124856999998,75.052667725999996
1918,Ca,ca+h,1.5,57.800324740999997,54.359124856999998,81.927667725999996
1919,Ca,ca+h,1.5,57.800324740999997,63.776124856999999,47.552667726000003
1920,Ca,ca+h,1.5,57.800324740999997,63.776124856999999,54.427667726000003
1921,Ca,ca+h,1.5,57.800324740999997,63.776124856999999,61.302667726000003
1922,Ca,ca+h,1.5,57.800324740999997,63.776124856999999,68.177667725999996
1923,Ca,ca+h,1.5,57.800324740999997,63.776124856999999,75.052667725999996
1924,Ca,ca+h,1.5,65.955685969000001,49.650624856999997,40.677667726000003
1925,Ca,ca+h,1.5,65.955685969000001,49.650624856999997,54.427667726000003
1926,Ca,ca+h,1.5,65.955685969000001,49.650624856999997,61.302667726000003
1927,Ca,ca+h,1.5,65.955685969000001,49.650624856999997,68.177667725999996
1928,Ca,ca+h,1.5,65.955685969000001,49.650624856999997,81.927667725999996
1929,Ca,ca+h,1.5,65.955685969000001,59.067624856999998,47.552667726000003
1930,Ca,ca+h,1.5,65.955685969000001,59.067624856999998,61.302667726000003
1931,Ca,ca+h,1.5,65.955685969000001,59.067624856999998,68.177667725999996
1932,Ca,ca+h,1.5,65.955685969000001,59.067624856999998,75.052667725999996
1933,Ca,ca+h,1.5,65.955685969000001,59.067624856999998,81.927667725999996
1934,P,pap,1,40.253249490999998,47.637552849999999,33.802667726000003
1935,P,pap,1,40.253249490999998,47.637552849999999,40.677667726000003
1936,P,pap,1,40.253249490999998,47.637552849999999,47.552667726000003
1937,P,pap,1,40.253249490999998,47.637552849999999,54.427667726000003
1938,P,pap,1,40.253249490999998,47.637552849999999,61.302667726000003
1939,P,pap,1,40.253249490999998,47.637552849999999,68.177667725999996
1940,P,pap,1,40.253249490999998,47.637552849999999,75.052667725999996
1941,P,pap,1,40.253249490999998,47.637552849999999,81.927667725999996
1942,P,pap,1,40.253249490999998,57.05455285,33.802667726000003
1943,P,pap,1,40.253249490999998,57.05455285,40.677667726000003
1944,P,pap,1,40.253249490999998,57.05455285,47.552667726000003
1945,P,pap,1,40.253249490999998,57.05455285,54.427667726000003
1946,P,pap,1,40.253249490999998,57.05455285,61.302667726000003
1947,P,pap,1,40.253249490999998,57.05455285,68.177667725999996
1948,P,pap,1,40.253249490999998,57.05455285,75.052667725999996
1949,P,pap,1,40.253249490999998,57.05455285,81.927667725999996
1950,P,pap,1,48.408610717999998,42.929052849999998,33.802667726000003
1951,P,pap,1,48.408610717999998,42.929052849999998,40.677667726000003
1952,P,pap,1,48.408610717999998,42.929052849999998,47.552667726000003
1953,P,pap,1,48.408610717999998,42.929052849999998,54.427667726000003
1954,P,pap,1,48.408610717999998,42.929052849999998,61.302667726000003
1955,P,pap,1,48.408610717999998,42.929052849999998,68.177667725999996
1956,P,pap,1,48.408610717999998,42.929052849999998,75.052667725999996
1957,P,pap,1,48.408610717999998,42.929052849999998,81.927667725999996
1958,P,pap,1,48.408610717999998,52.34605285,33.802667726000003
1959,P,pap,1,48.408610717999998,52.34605285,40.677667726000003
1960,P,pap,1,48.408610717999998,52.34605285,47.552667726000003
1961,P,pap,1,48.408610717999998,52.34605285,54.427667726000003
1962,P,pap,1,48.408610717999998,52.34605285,61.302667726000003
1963,P,pap,1,48.408610717999998,52.34605285,68.177667725999996
1964,P,pap,1,48.408610717999998,52.34605285,75.052667725999996
1965,P,pap,1,48.408610717999998,52.34605285,81.927667725999996
1966,P,pap,1,48.408610717999998,61.763052850000001,33.802667726000003
1967,P,pap,1,48.408610717999998,61.763052850000001,40.677667726000003
1968,P,pap,1,48.408610717999998,61.763052850000001,47.552667726000003
1969,P,pap,1,48.408610717999998,61.763052850000001,54.427667726000003
1970,P,pap,1,48.408610717999998,61.763052850000001,61.302667726000003
1971,P,pap,1,48.408610717999998,61.763052850000001,68.177667725999996
1972,P,pap,1,48.408610717999998,61.763052850000001,75.052667725999996
1973,P,pap,1,48.408610717999998,61.763052850000001,81.927667725999996
1974,P,pap,1,56.563971944999999,38.220552849999997,33.802667726000003
1975,P,pap,1,56.563971944999999,38.220552849999997,40.677667726000003
1976,P,pap,1,56.563971944999999,38.220552849999997,47.552667726000003
1977,P,pap,1,56.563971944999999,38.220552849999997,54.427667726000003
1978,P,pap,1,56.563971944999999,38.220552849999997,61.302667726000003
1979,P,pap,1,56.563971944999999,38.220552849999997,68.177667725999996
1980,P,pap,1,56.563971944999999,38.220552849999997,75.052667725999996
1981,P,pap,1,56.563971944999999,38.220552849999997,81.927667725999996
1982,P,pap,1,56.563971944999999,47.637552849999999,33.802667726000003
1983,P,pap,1,56.563971944999999,47.637552849999999,40.677667726000003
1984,P,pap,1,56.563971944999999,47.637552849999999,47.552667726000003
1985,P,pap,1,56.563971944999999,47.637552849999999,54.427667726000003
1986,P,pap,1,56.563971944999999,47.637552849999999,61.302667726000003
1987,P,pap,1,56.563971944999999,47.637552849999999,68.177667725999996
1988,P,pap,1,56.563971944999999,47.637552849999999,75.052667725999996
1989,P,pap,1,56.563971944999999,47.637552849999999,81.927667725999996
1990,P,pap,1,56.563971944999999,57.05455285,33.802667726000003
1991,P,pap,1,56.563971944999999,57.05455285,40.677667726000003
1992,P,pap,1,56.563971944999999,57.05455285,47.552667726000003
1993,P,pap,1,56.563971944999999,57.05455285,54.427667726000003
1994,P,pap,1,56.563971944999999,57.05455285,61.302667726000003
1995,P,pap,1,56.563971944999999,57.05455285,68.177667725999996
1996,P,pap,1,56.563971944999999,57.05455285,75.052667725999996
1997,P,pap,1,56.563971944999999,57.05455285,81.927667725999996
1998,P,pap,1,56.563971944999999,66.471552849999995,33.802667726000003
1999,P,pap,1,56.563971944999999,66.471552849999995,40.677667726000003
2000,P,pap,1,56.563971944999999,66.471552849999995,47.552667726000003
2001,P,pap,1,56.563971944999999,66.471552849999995,54.427667726000003
2002,P,pap,1,56.563971944999999,66.471552849999995,61.302667726000003
2003,P,pap,1,56.563971944999999,66.471552849999995,68.177667725999996
2004,P,pap,1,56.563971944999999,66.471552849999995,75.052667725999996
2005,P,pap,1,56.563971944999999,66.471552849999995,81.927667725999996
2006,P,pap,1,64.719333172999995,42.929052849999998,33.802667726000003
2007,P,pap,1,64.719333172999995,42.929052849999998,40.677667726000003
2008,P,pap,1,64.719333172999995,42.929052849999998,47.552667726000003
2009,P,pap,1,64.719333172999995,42.929052849999998,54.427667726000003
2010,P,pap,1,64.719333172999995,42.929052849999998,61.302667726000003
2011,P,pap,1,64.719333172999995,42.929052849999998,68.177667725999996
2012,P,pap,1,64.719333172999995,42.929052849999998,75.052667725999996
2013,P,pap,1,64.719333172999995,42.929052849999998,81.927667725999996
2014,P,pap,1,64.719333172999995,52.34605285,33.802667726000003
2015,P,pap,1,64.719333172999995,52.34605285,40.677667726000003
2016,P,pap,1,64.719333172999995,52.34605285,47.552667726000003
2017,P,pap,1,64.719333172999995,52.34605285,54.427667726000003
2018,P,pap,1,64.719333172999995,52.34605285,61.302667726000003
2019,P,pap,1,64.719333172999995,52.34605285,68.177667725999996
2020,P,pap,1,64.719333172999995,52.34605285,75.052667725999996
2021,P,pap,1,64.719333172999995,52.34605285,81.927667725999996
2022,P,pap,1,64.719333172999995,61.763052850000001,33.802667726000003
2023,P,pap,1,64.719333172999995,61.763052850000001,40.677667726000003
2024,P,pap,1,64.719333172999995,61.763052850000001,47.552667726000003
2025,P,pap,1,64.719333172999995,61.763052850000001,54.427667726000003
2026,P,pap,1,64.719333172999995,61.763052850000001,61.302667726000003
2027,P,pap,1,64.719333172999995,61.763052850000001,68.177667725999996
2028,P,pap,1,64.719333172999995,61.763052850000001,75.052667725999996
2029,P,pap,1,64.719333172999995,61.763052850000001,81.927667725999996
2030,O,oap1,-0.60000002384185791,38.716453018000003,47.657139868000002,33.802667726000003
2031,O,oap1,-0.80000001192092896,38.716453018000003,47.657139868000002,40.677667726000003
2032,O,oap1,-0.80000001192092896,38.716453018000003,47.657139868000002,47.552667726000003
2033,O,oap1,-0.80000001192092896,38.716453018000003,47.657139868000002,54.427667726000003
2034,O,oap1,-0.80000001192092896,38.716453018000003,47.657139868000002,61.302667726000003
2035,O,oap1,-0.80000001192092896,38.716453018000003,47.657139868000002,68.177667725999996
2036,O,oap1,-0.80000001192092896,38.716453018000003,47.657139868000002,75.052667725999996
2037,O,oap1,-0.80000001192092896,38.716453018000003,47.657139868000002,81.927667725999996
2038,O,oap1,-0.60000002384185791,38.716453018000003,57.074139868000003,33.802667726000003
2039,O,oap1,-0.80000001192092896,38.716453018000003,57.074139868000003,40.677667726000003
2040,O,oap1,-0.80000001192092896,38.716453018000003,57.074139868000003,47.552667726000003
2041,O,oap1,-0.80000001192092896,38.716453018000003,57.074139868000003,54.427667726000003
2042,O,oap1,-0.80000001192092896,38.716453018000003,57.074139868000003,61.302667726000003
2043,O,oap1,-0.80000001192092896,38.716453018000003,57.074139868000003,68.177667725999996
2044,O,oap1,-0.80000001192092896,38.716453018000003,57.074139868000003,75.052667725999996
2045,O,oap1,-0.80000001192092896,38.716453018000003,57.074139868000003,81.927667725999996
2046,O,oap1,-0.60000002384185791,46.871814246,42.948639868000001,33.802667726000003
2047,O,oap1,-0.80000001192092896,46.871814246,42.948639868000001,40.677667726000003
2048,O,oap1,-0.80000001192092896,46.871814246,42.948639868000001,47.552667726000003
2049,O,oap1,-0.80000001192092896,46.871814246,42.948639868000001,54.427667726000003
2050,O,oap1,-0.80000001192092896,46.871814246,42.948639868000001,61.302667726000003
2051,O,oap1,-0.80000001192092896,46.871814246,42.948639868000001,68.177667725999996
2052,O,oap1,-0.80000001192092896,46.871814246,42.948639868000001,75.052667725999996
2053,O,oap1,-0.80000001192092896,46.871814246,42.948639868000001,81.927667725999996
2054,O,oap1,-0.60000002384185791,46.871814246,52.365639868000002,33.802667726000003
2055,O,oap1,-0.80000001192092896,46.871814246,52.365639868000002,40.677667726000003
2056,O,oap1,-0.80000001192092896,46.871814246,52.365639868000002,47.552667726000003
2057,O,oap1,-0.80000001192092896,46.871814246,52.365639868000002,54.427667726000003
2058,O,oap1,-0.80000001192092896,46.871814246,52.365639868000002,61.302667726000003
2059,O,oap1,-0.80000001192092896,46.871814246,52.365639868000002,68.177667725999996
2060,O,oap1,-0.80000001192092896,46.871814246,52.365639868000002,75.052667725999996
2061,O,oap1,-0.80000001192092896,46.871814246,52.365639868000002,81.927667725999996
2062,O,oap1,-0.60000002384185791,46.871814246,61.782639867999997,33.802667726000003
2063,O,oap1,-0.80000001192092896,46.871814246,61.782639867999997,40.677667726000003
2064,O,oap1,-0.80000001192092896,46.871814246,61.782639867999997,47.552667726000003
2065,O,oap1,-0.80000001192092896,46.871814246,61.782639867999997,54.427667726000003
2066,O,oap1,-0.80000001192092896,46.871814246,61.782639867999997,61.302667726000003
2067,O,oap1,-0.80000001192092896,46.871814246,61.782639867999997,68.177667725999996
2068,O,oap1,-0.80000001192092896,46.871814246,61.782639867999997,75.052667725999996
2069,O,oap1,-0.80000001192092896,46.871814246,61.782639867999997,81.927667725999996
2070,O,oap1,-0.60000002384185791,55.027175473,38.240139868,33.802667726000003
2071,O,oap1,-0.80000001192092896,55.027175473,38.240139868,40.677667726000003
2072,O,oap1,-0.80000001192092896,55.027175473,38.240139868,47.552667726000003
2073,O,oap1,-0.80000001192092896,55.027175473,38.240139868,54.427667726000003
2074,O,oap1,-0.80000001192092896,55.027175473,38.240139868,61.302667726000003
2075,O,oap1,-0.80000001192092896,55.027175473,38.240139868,68.177667725999996
2076,O,oap1,-0.80000001192092896,55.027175473,38.240139868,75.052667725999996
2077,O,oap1,-0.80000001192092896,55.027175473,38.240139868,81.927667725999996
2078,O,oap1,-0.60000002384185791,55.027175473,47.657139868000002,33.802667726000003
2079,O,oap1,-0.80000001192092896,55.027175473,47.657139868000002,40.677667726000003
2080,O,oap1,-0.80000001192092896,55.027175473,47.657139868000002,47.552667726000003
2081,O,oap1,-0.80000001192092896,55.027175473,47.657139868000002,54.427667726000003
2082,O,oap1,-0.80000001192092896,55.027175473,47.657139868000002,61.302667726000003
2083,O,oap1,-0.80000001192092896,55.027175473,47.657139868000002,68.177667725999996
2084,O,oap1,-0.80000001192092896,55.027175473,47.657139868000002,75.052667725999996
2085,O,oap1,-0.80000001192092896,55.027175473,47.657139868000002,81.927667725999996
2086,O,oap1,-0.60000002384185791,55.027175473,57.074139868000003,33.802667726000003
2087,O,oap1,-0.80000001192092896,55.027175473,57.074139868000003,40.677667726000003
2088,O,oap1,-0.80000001192092896,55.027175473,57.074139868000003,47.552667726000003
2089,O,oap1,-0.80000001192092896,55.027175473,57.074139868000003,54.427667726000003
2090,O,oap1,-0.80000001192092896,55.027175473,57.074139868000003,61.302667726000003
2091,O,oap1,-0.80000001192092896,55.027175473,57.074139868000003,68.177667725999996
2092,O,oap1,-0.80000001192092896,55.027175473,57.074139868000003,75.052667725999996
2093,O,oap1,-0.80000001192092896,55.027175473,57.074139868000003,81.927667725999996
2094,O,oap1,-0.60000002384185791,55.027175473,66.491139868000005,33.802667726000003
2095,O,oap1,-0.60000002384185791,55.027175473,66.491139868000005,40.677667726000003
2096,O,oap1,-0.60000002384185791,55.027175473,66.491139868000005,47.552667726000003
2097,O,oap1,-0.69499999284744263,55.027175473,66.491139868000005,54.427667726000003
2098,O,oap1,-0.69499999284744263,55.027175473,66.491139868000005,61.302667726000003
2099,O,oap1,-0.60000002384185791,55.027175473,66.491139868000005,68.177667725999996
2100,O,oap1,-0.69499999284744263,55.027175473,66.491139868000005,75.052667725999996
2101,O,oap1,-0.60000002384185791,55.027175473,66.491139868000005,81.927667725999996
2102,O,oap1,-0.60000002384185791,63.182536700999997,42.948639868000001,33.802667726000003
2103,O,oap1,-0.80000001192092896,63.182536700999997,42.948639868000001,40.677667726000003
2104,O,oap1,-0.80000001192092896,63.182536700999997,42.948639868000001,47.552667726000003
2105,O,oap1,-0.80000001192092896,63.182536700999997,42.948639868000001,54.427667726000003
2106,O,oap1,-0.80000001192092896,63.182536700999997,42.948639868000001,61.302667726000003
2107,O,oap1,-0.80000001192092896,63.182536700999997,42.948639868000001,68.177667725999996
2108,O,oap1,-0.80000001192092896,63.182536700999997,42.948639868000001,75.052667725999996
2109,O,oap1,-0.80000001192092896,63.182536700999997,42.948639868000001,81.927667725999996
2110,O,oap1,-0.60000002384185791,63.182536700999997,52.365639868000002,33.802667726000003
2111,O,oap1,-0.80000001192092896,63.182536700999997,52.365639868000002,40.677667726000003
2112,O,oap1,-0.80000001192092896,63.182536700999997,52.365639868000002,47.552667726000003
2113,O,oap1,-0.80000001192092896,63.182536700999997,52.365639868000002,54.427667726000003
2114,O,oap1,-0.80000001192092896,63.182536700999997,52.365639868000002,61.302667726000003
2115,O,oap1,-0.80000001192092896,63.182536700999997,52.365639868000002,68.177667725999996
2116,O,oap1,-0.80000001192092896,63.182536700999997,52.365639868000002,75.052667725999996
2117,O,oap1,-0.80000001192092896,63.182536700999997,52.365639868000002,81.927667725999996
2118,O,oap1,-0.60000002384185791,63.182536700999997,61.782639867999997,33.802667726000003
2119,O,oap1,-0.69499999284744263,63.182536700999997,61.782639867999997,40.677667726000003
2120,O,oap1,-0.60000002384185791,63.182536700999997,61.782639867999997,47.552667726000003
2121,O,oap1,-0.69499999284744263,63.182536700999997,61.782639867999997,54.427667726000003
2122,O,oap1,-0.60000002384185791,63.182536700999997,61.782639867999997,61.302667726000003
2123,O,oap1,-0.69499999284744263,63.182536700999997,61.782639867999997,68.177667725999996
2124,O,oap1,-0.60000002384185791,63.182536700999997,61.782639867999997,75.052667725999996
2125,O,oap1,-0.69499999284744263,63.182536700999997,61.782639867999997,81.927667725999996
2126,O,oap1,-0.69499999284744263,40.822167446999998,49.062156616999999,33.802667726000003
2127,O,oap1,-0.80000001192092896,40.822167446999998,49.062156616999999,40.677667726000003
2128,O,oap1,-0.80000001192092896,40.822167446999998,49.062156616999999,47.552667726000003
2129,O,oap1,-0.80000001192092896,40.822167446999998,49.062156616999999,54.427667726000003
2130,O,oap1,-0.80000001192092896,40.822167446999998,49.062156616999999,61.302667726000003
2131,O,oap1,-0.80000001192092896,40.822167446999998,49.062156616999999,68.177667725999996
2132,O,oap1,-0.80000001192092896,40.822167446999998,49.062156616999999,75.052667725999996
2133,O,oap1,-0.80000001192092896,40.822167446999998,49.062156616999999,81.927667725999996
2134,O,oap1,-0.69499999284744263,40.822167446999998,58.479156617000001,33.802667726000003
2135,O,oap1,-0.80000001192092896,40.822167446999998,58.479156617000001,40.677667726000003
2136,O,oap1,-0.80000001192092896,40.822167446999998,58.479156617000001,47.552667726000003
2137,O,oap1,-0.80000001192092896,40.822167446999998,58.479156617000001,54.427667726000003
2138,O,oap1,-0.80000001192092896,40.822167446999998,58.479156617000001,61.302667726000003
2139,O,oap1,-0.80000001192092896,40.822167446999998,58.479156617000001,68.177667725999996
2140,O,oap1,-0.80000001192092896,40.822167446999998,58.479156617000001,75.052667725999996
2141,O,oap1,-0.80000001192092896,40.822167446999998,58.479156617000001,81.927667725999996
2142,O,oap1,-0.69499999284744263,48.977528673999998,44.353656616999999,33.802667726000003
2143,O,oap1,-0.80000001192092896,48.977528673999998,44.353656616999999,40.677667726000003
2144,O,oap1,-0.80000001192092896,48.977528673999998,44.353656616999999,47.552667726000003
2145,O,oap1,-0.80000001192092896,48.977528673999998,44.353656616999999,54.427667726000003
2146,O,oap1,-0.80000001192092896,48.977528673999998,44.353656616999999,61.302667726000003
2147,O,oap1,-0.80000001192092896,48.977528673999998,44.353656616999999,68.177667725999996
2148,O,oap1,-0.80000001192092896,48.977528673999998,44.353656616999999,75.052667725999996
2149,O,oap1,-0.80000001192092896,48.977528673999998,44.353656616999999,81.927667725999996
2150,O,oap1,-0.69499999284744263,48.977528673999998,53.770656617,33.802667726000003
2151,O,oap1,-0.80000001192092896,48.977528673999998,53.770656617,40.677667726000003
2152,O,oap1,-0.80000001192092896,48.977528673999998,53.770656617,47.552667726000003
2153,O,oap1,-0.80000001192092896,48.977528673999998,53.770656617,54.427667726000003
2154,O,oap1,-0.80000001192092896,48.977528673999998,53.770656617,61.302667726000003
2155,O,oap1,-0.80000001192092896,48.977528673999998,53.770656617,68.177667725999996
2156,O,oap1,-0.80000001192092896,48.977528673999998,53.770656617,75.052667725999996
2157,O,oap1,-0.80000001192092896,48.977528673999998,53.770656617,81.927667725999996
2158,O,oap1,-0.69499999284744263,48.977528673999998,63.187656617000002,33.802667726000003
2159,O,oap1,-0.80000001192092896,48.977528673999998,63.187656617000002,40.677667726000003
2160,O,oap1,-0.80000001192092896,48.977528673999998,63.187656617000002,47.552667726000003
2161,O,oap1,-0.80000001192092896,48.977528673999998,63.187656617000002,54.427667726000003
2162,O,oap1,-0.80000001192092896,48.977528673999998,63.187656617000002,61.302667726000003
2163,O,oap1,-0.80000001192092896,48.977528673999998,63.187656617000002,68.177667725999996
2164,O,oap1,-0.80000001192092896,48.977528673999998,63.187656617000002,75.052667725999996
2165,O,oap1,-0.80000001192092896,48.977528673999998,63.187656617000002,81.927667725999996
2166,O,oap1,-0.69499999284744263,57.132889902000002,39.645156616999998,33.802667726000003
2167,O,oap1,-0.80000001192092896,57.132889902000002,39.645156616999998,40.677667726000003
2168,O,oap1,-0.80000001192092896,57.132889902000002,39.645156616999998,47.552667726000003
2169,O,oap1,-0.80000001192092896,57.132889902000002,39.645156616999998,54.427667726000003
2170,O,oap1,-0.80000001192092896,57.132889902000002,39.645156616999998,61.302667726000003
2171,O,oap1,-0.80000001192092896,57.132889902000002,39.645156616999998,68.177667725999996
2172,O,oap1,-0.80000001192092896,57.132889902000002,39.645156616999998,75.052667725999996
2173,O,oap1,-0.80000001192092896,57.132889902000002,39.645156616999998,81.927667725999996
2174,O,oap1,-0.69499999284744263,57.132889902000002,49.062156616999999,33.802667726000003
2175,O,oap1,-0.80000001192092896,57.132889902000002,49.062156616999999,40.677667726000003
2176,O,oap1,-0.80000001192092896,57.132889902000002,49.062156616999999,47.552667726000003
2177,O,oap1,-0.80000001192092896,57.132889902000002,49.062156616999999,54.427667726000003
2178,O,oap1,-0.80000001192092896,57.132889902000002,49.062156616999999,61.302667726000003
2179,O,oap1,-0.80000001192092896,57.132889902000002,49.062156616999999,68.177667725999996
2180,O,oap1,-0.80000001192092896,57.132889902000002,49.062156616999999,75.052667725999996
2181,O,oap1,-0.80000001192092896,57.132889902000002,49.062156616999999,81.927667725999996
2182,O,oap1,-0.69499999284744263,57.132889902000002,58.479156617000001,33.802667726000003
2183,O,oap1,-0.80000001192092896,57.132889902000002,58.479156617000001,40.677667726000003
2184,O,oap1,-0.80000001192092896,57.132889902000002,58.479156617000001,47.552667726000003
2185,O,oap1,-0.80000001192092896,57.132889902000002,58.479156617000001,54.427667726000003
2186,O,oap1,-0.80000001192092896,57.132889902000002,58.479156617000001,61.302667726000003
2187,O,oap1,-0.80000001192092896,57.132889902000002,58.479156617000001,68.177667725999996
2188,O,oap1,-0.80000001192092896,57.132889902000002,58.479156617000001,75.052667725999996
2189,O,oap1,-0.80000001192092896,57.132889902000002,58.479156617000001,81.927667725999996
2190,O,oap1,-0.60000002384185791,57.132889902000002,67.896156617000003,33.802667726000003
2191,O,oap1,-0.60000002384185791,57.132889902000002,67.896156617000003,40.677667726000003
2192,O,oap1,-0.60000002384185791,57.132889902000002,67.896156617000003,47.552667726000003
2193,O,oap1,-0.60000002384185791,57.132889902000002,67.896156617000003,54.427667726000003
2194,O,oap1,-0.60000002384185791,57.132889902000002,67.896156617000003,61.302667726000003
2195,O,oap1,-0.60000002384185791,57.132889902000002,67.896156617000003,68.177667725999996
2196,O,oap1,-0.60000002384185791,57.132889902000002,67.896156617000003,75.052667725999996
2197,O,oap1,-0.60000002384185791,57.132889902000002,67.896156617000003,81.927667725999996
2198,O,oap1,-0.69499999284744263,65.288251129000002,44.353656616999999,33.802667726000003
2199,O,oap1,-0.80000001192092896,65.288251129000002,44.353656616999999,40.677667726000003
2200,O,oap1,-0.80000001192092896,65.288251129000002,44.353656616999999,47.552667726000003
2201,O,oap1,-0.80000001192092896,65.288251129000002,44.353656616999999,54.427667726000003
2202,O,oap1,-0.80000001192092896,65.288251129000002,44.353656616999999,61.302667726000003
2203,O,oap1,-0.80000001192092896,65.288251129000002,44.353656616999999,68.177667725999996
2204,O,oap1,-0.80000001192092896,65.288251129000002,44.353656616999999,75.052667725999996
2205,O,oap1,-0.80000001192092896,65.288251129000002,44.353656616999999,81.927667725999996
2206,O,oap1,-0.69499999284744263,65.288251129000002,53.770656617,33.802667726000003
2207,O,oap1,-0.80000001192092896,65.288251129000002,53.770656617,40.677667726000003
2208,O,oap1,-0.80000001192092896,65.288251129000002,53.770656617,47.552667726000003
2209,O,oap1,-0.80000001192092896,65.288251129000002,53.770656617,54.427667726000003
2210,O,oap1,-0.80000001192092896,65.288251129000002,53.770656617,61.302667726000003
2211,O,oap1,-0.80000001192092896,65.288251129000002,53.770656617,68.177667725999996
2212,O,oap1,-0.80000001192092896,65.288251129000002,53.770656617,75.052667725999996
2213,O,oap1,-0.80000001192092896,65.288251129000002,53.770656617,81.927667725999996
2214,O,oap1,-0.60000002384185791,65.288251129000002,63.187656617000002,33.802667726000003
2215,O,oap1,-0.60000002384185791,65.288251129000002,63.187656617000002,40.677667726000003
2216,O,oap1,-0.60000002384185791,65.288251129000002,63.187656617000002,47.552667726000003
2217,O,oap1,-0.60000002384185791,65.288251129000002,63.187656617000002,54.427667726000003
2218,O,oap1,-0.60000002384185791,65.288251129000002,63.187656617000002,61.302667726000003
2219,O,oap1,-0.60000002384185791,65.288251129000002,63.187656617000002,68.177667725999996
2220,O,oap1,-0.60000002384185791,65.288251129000002,63.187656617000002,75.052667725999996
2221,O,oap1,-0.60000002384185791,65.288251129000002,63.187656617000002,81.927667725999996
2222,Ca,ca+h,1.5,37.310387425000002,49.557820321999998,40.677667726000003
2223,Ca,ca+h,1.5,37.310387425000002,49.557820321999998,47.552667726000003
2224,Ca,ca+h,1.5,37.310387425000002,49.557820321999998,61.302667726000003
2225,Ca,ca+h,1.5,37.310387425000002,49.557820321999998,68.177667725999996
2226,Ca,ca+h,1.5,37.310387425000002,49.557820321999998,75.052667725999996
2227,Ca,ca+h,1.5,37.310387425000002,58.974820321999999,47.552667726000003
2228,Ca,ca+h,1.5,37.310387425000002,58.974820321999999,54.427667726000003
2229,Ca,ca+h,1.5,37.310387425000002,58.974820321999999,68.177667725999996
2230,Ca,ca+h,1.5,37.310387425000002,58.974820321999999,81.927667725999996
2231,Ca,ca+h,1.5,45.465748652999999,44.849320321999997,33.802667726000003
2232,Ca,ca+h,1.5,45.465748652999999,44.849320321999997,40.677667726000003
2233,Ca,ca+h,1.5,45.465748652999999,44.849320321999997,47.552667726000003
2234,Ca,ca+h,1.5,45.465748652999999,44.849320321999997,54.427667726000003
2235,Ca,ca+h,1.5,45.465748652999999,44.849320321999997,61.302667726000003
2236,Ca,ca+h,1.5,45.465748652999999,44.849320321999997,68.177667725999996
2237,Ca,ca+h,1.5,45.465748652999999,44.849320321999997,75.052667725999996
2238,Ca,ca+h,1.5,45.465748652999999,44.849320321999997,81.927667725999996
2239,Ca,ca+h,1.5,45.465748652999999,54.266320321999999,40.677667726000003
2240,Ca,ca+h,1.5,45.465748652999999,54.266320321999999,47.552667726000003
2241,Ca,ca+h,1.5,45.465748652999999,54.266320321999999,54.427667726000003
2242,Ca,ca+h,1.5,45.465748652999999,54.266320321999999,61.302667726000003
2243,Ca,ca+h,1.5,45.465748652999999,54.266320321999999,68.177667725999996
2244,Ca,ca+h,1.5,45.465748652999999,54.266320321999999,75.052667725999996
2245,Ca,ca+h,1.5,45.465748652999999,54.266320321999999,81.927667725999996
2246,Ca,ca+h,1.5,45.465748652999999,63.683320322,40.677667726000003
2247,Ca,ca+h,1.5,45.465748652999999,63.683320322,47.552667726000003
2248,Ca,ca+h,1.5,45.465748652999999,63.683320322,61.302667726000003
2249,Ca,ca+h,1.5,45.465748652999999,63.683320322,68.177667725999996
2250,Ca,ca+h,1.5,45.465748652999999,63.683320322,75.052667725999996
2251,Ca,ca+h,1.5,53.621109879999999,40.140820322000003,40.677667726000003
2252,Ca,ca+h,1.5,53.621109879999999,40.140820322000003,47.552667726000003
2253,Ca,ca+h,1.5,53.621109879999999,40.140820322000003,54.427667726000003
2254,Ca,ca+h,1.5,53.621109879999999,40.140820322000003,61.302667726000003
2255,Ca,ca+h,1.5,53.621109879999999,40.140820322000003,68.177667725999996
2256,Ca,ca+h,1.5,53.621109879999999,40.140820322000003,75.052667725999996
2257,Ca,ca+h,1.5,53.621109879999999,40.140820322000003,81.927667725999996
2258,Ca,ca+h,1.5,53.621109879999999,49.557820321999998,40.677667726000003
2259,Ca,ca+h,1.5,53.621109879999999,49.557820321999998,47.552667726000003
2260,Ca,ca+h,1.5,53.621109879999999,49.557820321999998,54.427667726000003
2261,Ca,ca+h,1.5,53.621109879999999,49.557820321999998,61.302667726000003
2262,Ca,ca+h,1.5,53.621109879999999,49.557820321999998,68.177667725999996
2263,Ca,ca+h,1.5,53.621109879999999,49.557820321999998,75.052667725999996
2264,Ca,ca+h,1.5,53.621109879999999,49.557820321999998,81.927667725999996
2265,Ca,ca+h,1.5,53.621109879999999,58.974820321999999,33.802667726000003
2266,Ca,ca+h,1.5,53.621109879999999,58.974820321999999,40.677667726000003
2267,Ca,ca+h,1.5,53.621109879999999,58.974820321999999,47.552667726000003
2268,Ca,ca+h,1.5,53.621109879999999,58.974820321999999,54.427667726000003
2269,Ca,ca+h,1.5,53.621109879999999,58.974820321999999,61.302667726000003
2270,Ca,ca+h,1.5,53.621109879999999,58.974820321999999,68.177667725999996
2271,Ca,ca+h,1.5,53.621109879999999,58.974820321999999,75.052667725999996
2272,Ca,ca+h,1.5,53.621109879999999,58.974820321999999,81.927667725999996
2273,Ca,ca+h,1.5,61.776471108000003,44.849320321999997,33.802667726000003
2274,Ca,ca+h,1.5,61.776471108000003,44.849320321999997,40.677667726000003
2275,Ca,ca+h,1.5,61.776471108000003,44.849320321999997,47.552667726000003
2276,Ca,ca+h,1.5,61.776471108000003,44.849320321999997,54.427667726000003
2277,Ca,ca+h,1.5,61.776471108000003,44.849320321999997,61.302667726000003
2278,Ca,ca+h,1.5,61.776471108000003,44.849320321999997,68.177667725999996
2279,Ca,ca+h,1.5,61.776471108000003,44.849320321999997,75.052667725999996
2280,Ca,ca+h,1.5,61.776471108000003,44.849320321999997,81.927667725999996
2281,Ca,ca+h,1.5,61.776471108000003,54.266320321999999,40.677667726000003
2282,Ca,ca+h,1.5,61.776471108000003,54.266320321999999,47.552667726000003
2283,Ca,ca+h,1.5,61.776471108000003,54.266320321999999,54.427667726000003
2284,Ca,ca+h,1.5,61.776471108000003,54.266320321999999,61.302667726000003
2285,Ca,ca+h,1.5,61.776471108000003,54.266320321999999,68.177667725999996
2286,Ca,ca+h,1.5,61.776471108000003,54.266320321999999,75.052667725999996
2287,Ca,ca+h,1.5,61.776471108000003,54.266320321999999,81.927667725999996
2288,P,pap,1,35.594254706999997,47.139393396000003,33.802667726000003
2289,P,pap,1,35.594254706999997,47.139393396000003,40.677667726000003
2290,P,pap,1,35.594254706999997,47.139393396000003,47.552667726000003
2291,P,pap,1,35.594254706999997,47.139393396000003,54.427667726000003
2292,P,pap,1,35.594254706999997,47.139393396000003,61.302667726000003
2293,P,pap,1,35.594254706999997,47.139393396000003,68.177667725999996
2294,P,pap,1,35.594254706999997,47.139393396000003,75.052667725999996
2295,P,pap,1,35.594254706999997,47.139393396000003,81.927667725999996
2296,P,pap,1,35.594254706999997,56.556393395999997,33.802667726000003
2297,P,pap,1,35.594254706999997,56.556393395999997,40.677667726000003
2298,P,pap,1,35.594254706999997,56.556393395999997,47.552667726000003
2299,P,pap,1,35.594254706999997,56.556393395999997,54.427667726000003
2300,P,pap,1,35.594254706999997,56.556393395999997,61.302667726000003
2301,P,pap,1,35.594254706999997,56.556393395999997,68.177667725999996
2302,P,pap,1,35.594254706999997,56.556393395999997,75.052667725999996
2303,P,pap,1,35.594254706999997,56.556393395999997,81.927667725999996
2304,P,pap,1,43.749615935000001,42.430893396000002,33.802667726000003
2305,P,pap,1,43.749615935000001,42.430893396000002,40.677667726000003
2306,P,pap,1,43.749615935000001,42.430893396000002,47.552667726000003
2307,P,pap,1,43.749615935000001,42.430893396000002,54.427667726000003
2308,P,pap,1,43.749615935000001,42.430893396000002,61.302667726000003
2309,P,pap,1,43.749615935000001,42.430893396000002,68.177667725999996
2310,P,pap,1,43.749615935000001,42.430893396000002,75.052667725999996
2311,P,pap,1,43.749615935000001,42.430893396000002,81.927667725999996
2312,P,pap,1,43.749615935000001,51.847893396000003,33.802667726000003
2313,P,pap,1,43.749615935000001,51.847893396000003,40.677667726000003
2314,P,pap,1,43.749615935000001,51.847893396000003,47.552667726000003
2315,P,pap,1,43.749615935000001,51.847893396000003,54.427667726000003
2316,P,pap,1,43.749615935000001,51.847893396000003,61.302667726000003
2317,P,pap,1,43.749615935000001,51.847893396000003,68.177667725999996
2318,P,pap,1,43.749615935000001,51.847893396000003,75.052667725999996
2319,P,pap,1,43.749615935000001,51.847893396000003,81.927667725999996
2320,P,pap,1,43.749615935000001,61.264893395999998,33.802667726000003
2321,P,pap,1,43.749615935000001,61.264893395999998,40.677667726000003
2322,P,pap,1,43.749615935000001,61.264893395999998,47.552667726000003
2323,P,pap,1,43.749615935000001,61.264893395999998,54.427667726000003
2324,P,pap,1,43.749615935000001,61.264893395999998,61.302667726000003
2325,P,pap,1,43.749615935000001,61.264893395999998,68.177667725999996
2326,P,pap,1,43.749615935000001,61.264893395999998,75.052667725999996
2327,P,pap,1,43.749615935000001,61.264893395999998,81.927667725999996
2328,P,pap,1,51.904977162000002,37.722393396000001,33.802667726000003
2329,P,pap,1,51.904977162000002,37.722393396000001,40.677667726000003
2330,P,pap,1,51.904977162000002,37.722393396000001,47.552667726000003
2331,P,pap,1,51.904977162000002,37.722393396000001,54.427667726000003
2332,P,pap,1,51.904977162000002,37.722393396000001,61.302667726000003
2333,P,pap,1,51.904977162000002,37.722393396000001,68.177667725999996
2334,P,pap,1,51.904977162000002,37.722393396000001,75.052667725999996
2335,P,pap,1,51.904977162000002,37.722393396000001,81.927667725999996
2336,P,pap,1,51.904977162000002,47.139393396000003,33.802667726000003
2337,P,pap,1,51.904977162000002,47.139393396000003,40.677667726000003
2338,P,pap,1,51.904977162000002,47.139393396000003,47.552667726000003
2339,P,pap,1,51.904977162000002,47.139393396000003,54.427667726000003
2340,P,pap,1,51.904977162000002,47.139393396000003,61.302667726000003
2341,P,pap,1,51.904977162000002,47.139393396000003,68.177667725999996
2342,P,pap,1,51.904977162000002,47.139393396000003,75.052667725999996
2343,P,pap,1,51.904977162000002,47.139393396000003,81.927667725999996
2344,P,pap,1,51.904977162000002,56.556393395999997,33.802667726000003
2345,P,pap,1,51.904977162000002,56.556393395999997,40.677667726000003
2346,P,pap,1,51.904977162000002,56.556393395999997,47.552667726000003
2347,P,pap,1,51.904977162000002,56.556393395999997,54.427667726000003
2348,P,pap,1,51.904977162000002,56.556393395999997,61.302667726000003
2349,P,pap,1,51.904977162000002,56.556393395999997,68.177667725999996
2350,P,pap,1,51.904977162000002,56.556393395999997,75.052667725999996
2351,P,pap,1,51.904977162000002,56.556393395999997,81.927667725999996
2352,P,pap,1,51.904977162000002,65.973393396000006,33.802667726000003
2353,P,pap,1,51.904977162000002,65.973393396000006,40.677667726000003
2354,P,pap,1,51.904977162000002,65.973393396000006,47.552667726000003
2355,P,pap,1,51.904977162000002,65.973393396000006,54.427667726000003
2356,P,pap,1,51.904977162000002,65.973393396000006,61.302667726000003
2357,P,pap,1,51.904977162000002,65.973393396000006,68.177667725999996
2358,P,pap,1,51.904977162000002,65.973393396000006,75.052667725999996
2359,P,pap,1,51.904977162000002,65.973393396000006,81.927667725999996
2360,P,pap,1,60.060338389999998,42.430893396000002,33.802667726000003
2361,P,pap,1,60.060338389999998,42.430893396000002,40.677667726000003
2362,P,pap,1,60.060338389999998,42.430893396000002,47.552667726000003
2363,P,pap,1,60.060338389999998,42.430893396000002,54.427667726000003
2364,P,pap,1,60.060338389999998,42.430893396000002,61.302667726000003
2365,P,pap,1,60.060338389999998,42.430893396000002,68.177667725999996
2366,P,pap,1,60.060338389999998,42.430893396000002,75.052667725999996
2367,P,pap,1,60.060338389999998,42.430893396000002,81.927667725999996
2368,P,pap,1,60.060338389999998,51.847893396000003,33.802667726000003
2369,P,pap,1,60.060338389999998,51.847893396000003,40.677667726000003
2370,P,pap,1,60.060338389999998,51.847893396000003,47.552667726000003
2371,P,pap,1,60.060338389999998,51.847893396000003,54.427667726000003
2372,P,pap,1,60.060338389999998,51.847893396000003,61.302667726000003
2373,P,pap,1,60.060338389999998,51.847893396000003,68.177667725999996
2374,P,pap,1,60.060338389999998,51.847893396000003,75.052667725999996
2375,P,pap,1,60.060338389999998,51.847893396000003,81.927667725999996
2376,P,pap,1,60.060338389999998,61.264893395999998,33.802667726000003
2377,P,pap,1,60.060338389999998,61.264893395999998,40.677667726000003
2378,P,pap,1,60.060338389999998,61.264893395999998,47.552667726000003
2379,P,pap,1,60.060338389999998,61.264893395999998,54.427667726000003
2380,P,pap,1,60.060338389999998,61.264893395999998,61.302667726000003
2381,P,pap,1,60.060338389999998,61.264893395999998,68.177667725999996
2382,P,pap,1,60.060338389999998,61.264893395999998,75.052667725999996
2383,P,pap,1,60.060338389999998,61.264893395999998,81.927667725999996
2384,O,oap1,-0.69499999284744263,36.345690087999998,45.798695102000003,33.802667726000003
2385,O,oap1,-0.69499999284744263,36.345690087999998,45.798695102000003,40.677667726000003
2386,O,oap1,-0.69499999284744263,36.345690087999998,45.798695102000003,47.552667726000003
2387,O,oap1,-0.69499999284744263,36.345690087999998,45.798695102000003,54.427667726000003
2388,O,oap1,-0.60000002384185791,36.345690087999998,45.798695102000003,61.302667726000003
2389,O,oap1,-0.60000002384185791,36.345690087999998,45.798695102000003,68.177667725999996
2390,O,oap1,-0.60000002384185791,36.345690087999998,45.798695102000003,75.052667725999996
2391,O,oap1,-0.60000002384185791,36.345690087999998,45.798695102000003,81.927667725999996
2392,O,oap1,-0.69499999284744263,36.345690087999998,55.215695101999998,33.802667726000003
2393,O,oap1,-0.69499999284744263,36.345690087999998,55.215695101999998,40.677667726000003
2394,O,oap1,-0.69499999284744263,36.345690087999998,55.215695101999998,47.552667726000003
2395,O,oap1,-0.69499999284744263,36.345690087999998,55.215695101999998,54.427667726000003
2396,O,oap1,-0.60000002384185791,36.345690087999998,55.215695101999998,61.302667726000003
2397,O,oap1,-0.60000002384185791,36.345690087999998,55.215695101999998,68.177667725999996
2398,O,oap1,-0.60000002384185791,36.345690087999998,55.215695101999998,75.052667725999996
2399,O,oap1,-0.60000002384185791,36.345690087999998,55.215695101999998,81.927667725999996
2400,O,oap1,-0.69499999284744263,44.501051316000002,41.090195102000003,33.802667726000003
2401,O,oap1,-0.80000001192092896,44.501051316000002,41.090195102000003,40.677667726000003
2402,O,oap1,-0.80000001192092896,44.501051316000002,41.090195102000003,47.552667726000003
2403,O,oap1,-0.80000001192092896,44.501051316000002,41.090195102000003,54.427667726000003
2404,O,oap1,-0.80000001192092896,44.501051316000002,41.090195102000003,61.302667726000003
2405,O,oap1,-0.80000001192092896,44.501051316000002,41.090195102000003,68.177667725999996
2406,O,oap1,-0.80000001192092896,44.501051316000002,41.090195102000003,75.052667725999996
2407,O,oap1,-0.80000001192092896,44.501051316000002,41.090195102000003,81.927667725999996
2408,O,oap1,-0.69499999284744263,44.501051316000002,50.507195101999997,33.802667726000003
2409,O,oap1,-0.80000001192092896,44.501051316000002,50.507195101999997,40.677667726000003
2410,O,oap1,-0.80000001192092896,44.501051316000002,50.507195101999997,47.552667726000003
2411,O,oap1,-0.80000001192092896,44.501051316000002,50.507195101999997,54.427667726000003
2412,O,oap1,-0.80000001192092896,44.501051316000002,50.507195101999997,61.302667726000003
2413,O,oap1,-0.80000001192092896,44.501051316000002,50.507195101999997,68.177667725999996
2414,O,oap1,-0.80000001192092896,44.501051316000002,50.507195101999997,75.052667725999996
2415,O,oap1,-0.80000001192092896,44.501051316000002,50.507195101999997,81.927667725999996
2416,O,oap1,-0.69499999284744263,44.501051316000002,59.924195101999999,33.802667726000003
2417,O,oap1,-0.80000001192092896,44.501051316000002,59.924195101999999,40.677667726000003
2418,O,oap1,-0.80000001192092896,44.501051316000002,59.924195101999999,47.552667726000003
2419,O,oap1,-0.80000001192092896,44.501051316000002,59.924195101999999,54.427667726000003
2420,O,oap1,-0.80000001192092896,44.501051316000002,59.924195101999999,61.302667726000003
2421,O,oap1,-0.80000001192092896,44.501051316000002,59.924195101999999,68.177667725999996
2422,O,oap1,-0.80000001192092896,44.501051316000002,59.924195101999999,75.052667725999996
2423,O,oap1,-0.80000001192092896,44.501051316000002,59.924195101999999,81.927667725999996
2424,O,oap1,-0.69499999284744263,52.656412543000002,36.381695102000002,33.802667726000003
2425,O,oap1,-0.80000001192092896,52.656412543000002,36.381695102000002,40.677667726000003
2426,O,oap1,-0.80000001192092896,52.656412543000002,36.381695102000002,47.552667726000003
2427,O,oap1,-0.80000001192092896,52.656412543000002,36.381695102000002,54.427667726000003
2428,O,oap1,-0.80000001192092896,52.656412543000002,36.381695102000002,61.302667726000003
2429,O,oap1,-0.80000001192092896,52.656412543000002,36.381695102000002,68.177667725999996
2430,O,oap1,-0.80000001192092896,52.656412543000002,36.381695102000002,75.052667725999996
2431,O,oap1,-0.80000001192092896,52.656412543000002,36.381695102000002,81.927667725999996
2432,O,oap1,-0.69499999284744263,52.656412543000002,45.798695102000003,33.802667726000003
2433,O,oap1,-0.80000001192092896,52.656412543000002,45.798695102000003,40.677667726000003
2434,O,oap1,-0.80000001192092896,52.656412543000002,45.798695102000003,47.552667726000003
2435,O,oap1,-0.80000001192092896,52.656412543000002,45.798695102000003,54.427667726000003
2436,O,oap1,-0.80000001192092896,52.656412543000002,45.798695102000003,61.302667726000003
2437,O,oap1,-0.80000001192092896,52.656412543000002,45.798695102000003,68.177667725999996
2438,O,oap1,-0.80000001192092896,52.656412543000002,45.798695102000003,75.052667725999996
2439,O,oap1,-0.80000001192092896,52.656412543000002,45.798695102000003,81.927667725999996
2440,O,oap1,-0.69499999284744263,52.656412543000002,55.215695101999998,33.802667726000003
2441,O,oap1,-0.80000001192092896,52.656412543000002,55.215695101999998,40.677667726000003
2442,O,oap1,-0.80000001192092896,52.656412543000002,55.215695101999998,47.552667726000003
2443,O,oap1,-0.80000001192092896,52.656412543000002,55.215695101999998,54.427667726000003
2444,O,oap1,-0.80000001192092896,52.656412543000002,55.215695101999998,61.302667726000003
2445,O,oap1,-0.80000001192092896,52.656412543000002,55.215695101999998,68.177667725999996
2446,O,oap1,-0.80000001192092896,52.656412543000002,55.215695101999998,75.052667725999996
2447,O,oap1,-0.80000001192092896,52.656412543000002,55.215695101999998,81.927667725999996
2448,O,oap1,-0.60000002384185791,52.656412543000002,64.632695102,33.802667726000003
2449,O,oap1,-0.80000001192092896,52.656412543000002,64.632695102,40.677667726000003
2450,O,oap1,-0.80000001192092896,52.656412543000002,64.632695102,47.552667726000003
2451,O,oap1,-0.80000001192092896,52.656412543000002,64.632695102,54.427667726000003
2452,O,oap1,-0.80000001192092896,52.656412543000002,64.632695102,61.302667726000003
2453,O,oap1,-0.80000001192092896,52.656412543000002,64.632695102,68.177667725999996
2454,O,oap1,-0.80000001192092896,52.656412543000002,64.632695102,75.052667725999996
2455,O,oap1,-0.80000001192092896,52.656412543000002,64.632695102,81.927667725999996
2456,O,oap1,-0.69499999284744263,60.811773770999999,41.090195102000003,33.802667726000003
2457,O,oap1,-0.80000001192092896,60.811773770999999,41.090195102000003,40.677667726000003
2458,O,oap1,-0.80000001192092896,60.811773770999999,41.090195102000003,47.552667726000003
2459,O,oap1,-0.80000001192092896,60.811773770999999,41.090195102000003,54.427667726000003
2460,O,oap1,-0.80000001192092896,60.811773770999999,41.090195102000003,61.302667726000003
2461,O,oap1,-0.80000001192092896,60.811773770999999,41.090195102000003,68.177667725999996
2462,O,oap1,-0.80000001192092896,60.811773770999999,41.090195102000003,75.052667725999996
2463,O,oap1,-0.80000001192092896,60.811773770999999,41.090195102000003,81.927667725999996
2464,O,oap1,-0.69499999284744263,60.811773770999999,50.507195101999997,33.802667726000003
2465,O,oap1,-0.80000001192092896,60.811773770999999,50.507195101999997,40.677667726000003
2466,O,oap1,-0.80000001192092896,60.811773770999999,50.507195101999997,47.552667726000003
2467,O,oap1,-0.80000001192092896,60.811773770999999,50.507195101999997,54.427667726000003
2468,O,oap1,-0.80000001192092896,60.811773770999999,50.507195101999997,61.302667726000003
2469,O,oap1,-0.80000001192092896,60.811773770999999,50.507195101999997,68.177667725999996
2470,O,oap1,-0.80000001192092896,60.811773770999999,50.507195101999997,75.052667725999996
2471,O,oap1,-0.80000001192092896,60.811773770999999,50.507195101999997,81.927667725999996
2472,O,oap1,-0.69499999284744263,60.811773770999999,59.924195101999999,33.802667726000003
2473,O,oap1,-0.80000001192092896,60.811773770999999,59.924195101999999,40.677667726000003
2474,O,oap1,-0.80000001192092896,60.811773770999999,59.924195101999999,47.552667726000003
2475,O,oap1,-0.80000001192092896,60.811773770999999,59.924195101999999,54.427667726000003
2476,O,oap1,-0.80000001192092896,60.811773770999999,59.924195101999999,61.302667726000003
2477,O,oap1,-0.80000001192092896,60.811773770999999,59.924195101999999,68.177667725999996
2478,O,oap1,-0.80000001192092896,60.811773770999999,59.924195101999999,75.052667725999996
2479,O,oap1,-0.80000001192092896,60.811773770999999,59.924195101999999,81.927667725999996
2480,O,oap1,-0.60000002384185791,34.076052676000003,46.919788914999998,33.802667726000003
2481,O,oap1,-0.60000002384185791,34.076052676000003,46.919788914999998,40.677667726000003
2482,O,oap1,-0.60000002384185791,34.076052676000003,46.919788914999998,47.552667726000003
2483,O,oap1,-0.60000002384185791,34.076052676000003,46.919788914999998,54.427667726000003
2484,O,oap1,-0.60000002384185791,34.076052676000003,46.919788914999998,61.302667726000003
2485,O,oap1,-0.60000002384185791,34.076052676000003,46.919788914999998,68.177667725999996
2486,O,oap1,-0.60000002384185791,34.076052676000003,46.919788914999998,75.052667725999996
2487,O,oap1,-0.60000002384185791,34.076052676000003,46.919788914999998,81.927667725999996
2488,O,oap1,-0.60000002384185791,34.076052676000003,56.336788915,33.802667726000003
2489,O,oap1,-0.60000002384185791,34.076052676000003,56.336788915,40.677667726000003
2490,O,oap1,-0.60000002384185791,34.076052676000003,56.336788915,47.552667726000003
2491,O,oap1,-0.60000002384185791,34.076052676000003,56.336788915,54.427667726000003
2492,O,oap1,-0.60000002384185791,34.076052676000003,56.336788915,61.302667726000003
2493,O,oap1,-0.60000002384185791,34.076052676000003,56.336788915,68.177667725999996
2494,O,oap1,-0.60000002384185791,34.076052676000003,56.336788915,75.052667725999996
2495,O,oap1,-0.60000002384185791,34.076052676000003,56.336788915,81.927667725999996
2496,O,oap1,-0.60000002384185791,42.231413904,42.211288914999997,33.802667726000003
2497,O,oap1,-0.80000001192092896,42.231413904,42.211288914999997,40.677667726000003
2498,O,oap1,-0.80000001192092896,42.231413904,42.211288914999997,47.552667726000003
2499,O,oap1,-0.80000001192092896,42.231413904,42.211288914999997,54.427667726000003
2500,O,oap1,-0.80000001192092896,42.231413904,42.211288914999997,61.302667726000003
2501,O,oap1,-0.80000001192092896,42.231413904,42.211288914999997,68.177667725999996
2502,O,oap1,-0.80000001192092896,42.231413904,42.211288914999997,75.052667725999996
2503,O,oap1,-0.80000001192092896,42.231413904,42.211288914999997,81.927667725999996
2504,O,oap1,-0.60000002384185791,42.231413904,51.628288914999999,33.802667726000003
2505,O,oap1,-0.80000001192092896,42.231413904,51.628288914999999,40.677667726000003
2506,O,oap1,-0.80000001192092896,42.231413904,51.628288914999999,47.552667726000003
2507,O,oap1,-0.80000001192092896,42.231413904,51.628288914999999,54.427667726000003
2508,O,oap1,-0.80000001192092896,42.231413904,51.628288914999999,61.302667726000003
2509,O,oap1,-0.80000001192092896,42.231413904,51.628288914999999,68.177667725999996
2510,O,oap1,-0.80000001192092896,42.231413904,51.628288914999999,75.052667725999996
2511,O,oap1,-0.80000001192092896,42.231413904,51.628288914999999,81.927667725999996
2512,O,oap1,-0.60000002384185791,42.231413904,61.045288915,33.802667726000003
2513,O,oap1,-0.80000001192092896,42.231413904,61.045288915,40.677667726000003
2514,O,oap1,-0.80000001192092896,42.231413904,61.045288915,47.552667726000003
2515,O,oap1,-0.80000001192092896,42.231413904,61.045288915,54.427667726000003
2516,O,oap1,-0.80000001192092896,42.231413904,61.045288915,61.302667726000003
2517,O,oap1,-0.80000001192092896,42.231413904,61.045288915,68.177667725999996
2518,O,oap1,-0.80000001192092896,42.231413904,61.045288915,75.052667725999996
2519,O,oap1,-0.80000001192092896,42.231413904,61.045288915,81.927667725999996
2520,O,oap1,-0.60000002384185791,50.386775131,37.502788914999996,33.802667726000003
2521,O,oap1,-0.80000001192092896,50.386775131,37.502788914999996,40.677667726000003
2522,O,oap1,-0.80000001192092896,50.386775131,37.502788914999996,47.552667726000003
2523,O,oap1,-0.80000001192092896,50.386775131,37.502788914999996,54.427667726000003
2524,O,oap1,-0.80000001192092896,50.386775131,37.502788914999996,61.302667726000003
2525,O,oap1,-0.80000001192092896,50.386775131,37.502788914999996,68.177667725999996
2526,O,oap1,-0.80000001192092896,50.386775131,37.502788914999996,75.052667725999996
2527,O,oap1,-0.80000001192092896,50.386775131,37.502788914999996,81.927667725999996
2528,O,oap1,-0.60000002384185791,50.386775131,46.919788914999998,33.802667726000003
2529,O,oap1,-0.80000001192092896,50.386775131,46.919788914999998,40.677667726000003
2530,O,oap1,-0.80000001192092896,50.386775131,46.919788914999998,47.552667726000003
2531,O,oap1,-0.80000001192092896,50.386775131,46.919788914999998,54.427667726000003
2532,O,oap1,-0.80000001192092896,50.386775131,46.919788914999998,61.302667726000003
2533,O,oap1,-0.80000001192092896,50.386775131,46.919788914999998,68.177667725999996
2534,O,oap1,-0.80000001192092896,50.386775131,46.919788914999998,75.052667725999996
2535,O,oap1,-0.80000001192092896,50.386775131,46.919788914999998,81.927667725999996
2536,O,oap1,-0.60000002384185791,50.386775131,56.336788915,33.802667726000003
2537,O,oap1,-0.80000001192092896,50.386775131,56.336788915,40.677667726000003
2538,O,oap1,-0.80000001192092896,50.386775131,56.336788915,47.552667726000003
2539,O,oap1,-0.80000001192092896,50.386775131,56.336788915,54.427667726000003
2540,O,oap1,-0.80000001192092896,50.386775131,56.336788915,61.302667726000003
2541,O,oap1,-0.80000001192092896,50.386775131,56.336788915,68.177667725999996
2542,O,oap1,-0.80000001192092896,50.386775131,56.336788915,75.052667725999996
2543,O,oap1,-0.80000001192092896,50.386775131,56.336788915,81.927667725999996
2544,O,oap1,-0.69499999284744263,50.386775131,65.753788915000001,33.802667726000003
2545,O,oap1,-0.80000001192092896,50.386775131,65.753788915000001,40.677667726000003
2546,O,oap1,-0.80000001192092896,50.386775131,65.753788915000001,47.552667726000003
2547,O,oap1,-0.80000001192092896,50.386775131,65.753788915000001,54.427667726000003
2548,O,oap1,-0.80000001192092896,50.386775131,65.753788915000001,61.302667726000003
2549,O,oap1,-0.80000001192092896,50.386775131,65.753788915000001,68.177667725999996
2550,O,oap1,-0.80000001192092896,50.386775131,65.753788915000001,75.052667725999996
2551,O,oap1,-0.80000001192092896,50.386775131,65.753788915000001,81.927667725999996
2552,O,oap1,-0.60000002384185791,58.542136358,42.211288914999997,33.802667726000003
2553,O,oap1,-0.80000001192092896,58.542136358,42.211288914999997,40.677667726000003
2554,O,oap1,-0.80000001192092896,58.542136358,42.211288914999997,47.552667726000003
2555,O,oap1,-0.80000001192092896,58.542136358,42.211288914999997,54.427667726000003
2556,O,oap1,-0.80000001192092896,58.542136358,42.211288914999997,61.302667726000003
2557,O,oap1,-0.80000001192092896,58.542136358,42.211288914999997,68.177667725999996
2558,O,oap1,-0.80000001192092896,58.542136358,42.211288914999997,75.052667725999996
2559,O,oap1,-0.80000001192092896,58.542136358,42.211288914999997,81.927667725999996
2560,O,oap1,-0.60000002384185791,58.542136358,51.628288914999999,33.802667726000003
2561,O,oap1,-0.80000001192092896,58.542136358,51.628288914999999,40.677667726000003
2562,O,oap1,-0.80000001192092896,58.542136358,51.628288914999999,47.552667726000003
2563,O,oap1,-0.80000001192092896,58.542136358,51.628288914999999,54.427667726000003
2564,O,oap1,-0.80000001192092896,58.542136358,51.628288914999999,61.302667726000003
2565,O,oap1,-0.80000001192092896,58.542136358,51.628288914999999,68.177667725999996
2566,O,oap1,-0.80000001192092896,58.542136358,51.628288914999999,75.052667725999996
2567,O,oap1,-0.80000001192092896,58.542136358,51.628288914999999,81.927667725999996
2568,O,oap1,-0.60000002384185791,58.542136358,61.045288915,33.802667726000003
2569,O,oap1,-0.80000001192092896,58.542136358,61.045288915,40.677667726000003
2570,O,oap1,-0.80000001192092896,58.542136358,61.045288915,47.552667726000003
2571,O,oap1,-0.80000001192092896,58.542136358,61.045288915,54.427667726000003
2572,O,oap1,-0.80000001192092896,58.542136358,61.045288915,61.302667726000003
2573,O,oap1,-0.80000001192092896,58.542136358,61.045288915,68.177667725999996
2574,O,oap1,-0.80000001192092896,58.542136358,61.045288915,75.052667725999996
2575,O,oap1,-0.80000001192092896,58.542136358,61.045288915,81.927667725999996
2576,Ca,ca+h,1.5,43.450885108000001,43.747908002000003,37.240167726000003
2577,Ca,ca+h,1.5,43.450885108000001,43.747908002000003,44.115167726000003
2578,Ca,ca+h,1.5,43.450885108000001,43.747908002000003,50.990167726000003
2579,Ca,ca+h,1.5,43.450885108000001,43.747908002000003,57.865167726000003
2580,Ca,ca+h,1.5,43.450885108000001,43.747908002000003,64.740167725999996
2581,Ca,ca+h,1.5,43.450885108000001,43.747908002000003,71.615167725999996
2582,Ca,ca+h,1.5,43.450885108000001,43.747908002000003,78.490167725999996
2583,Ca,ca+h,1.5,43.450885108000001,43.747908002000003,85.365167725999996
2584,Ca,ca+h,1.5,43.450885108000001,53.164908001999997,37.240167726000003
2585,Ca,ca+h,1.5,43.450885108000001,53.164908001999997,44.115167726000003
2586,Ca,ca+h,1.5,43.450885108000001,53.164908001999997,50.990167726000003
2587,Ca,ca+h,1.5,43.450885108000001,53.164908001999997,57.865167726000003
2588,Ca,ca+h,1.5,43.450885108000001,53.164908001999997,64.740167725999996
2589,Ca,ca+h,1.5,43.450885108000001,53.164908001999997,71.615167725999996
2590,Ca,ca+h,1.5,43.450885108000001,53.164908001999997,78.490167725999996
2591,Ca,ca+h,1.5,43.450885108000001,62.581908001999999,37.240167726000003
2592,Ca,ca+h,1.5,43.450885108000001,62.581908001999999,50.990167726000003
2593,Ca,ca+h,1.5,43.450885108000001,62.581908001999999,57.865167726000003
2594,Ca,ca+h,1.5,43.450885108000001,62.581908001999999,64.740167725999996
2595,Ca,ca+h,1.5,43.450885108000001,62.581908001999999,71.615167725999996
2596,Ca,ca+h,1.5,51.606246335000002,39.039408002000002,37.240167726000003
2597,Ca,ca+h,1.5,51.606246335000002,39.039408002000002,44.115167726000003
2598,Ca,ca+h,1.5,51.606246335000002,39.039408002000002,50.990167726000003
2599,Ca,ca+h,1.5,51.606246335000002,39.039408002000002,57.865167726000003
2600,Ca,ca+h,1.5,51.606246335000002,39.039408002000002,64.740167725999996
2601,Ca,ca+h,1.5,51.606246335000002,39.039408002000002,71.615167725999996
2602,Ca,ca+h,1.5,51.606246335000002,39.039408002000002,78.490167725999996
2603,Ca,ca+h,1.5,51.606246335000002,39.039408002000002,85.365167725999996
2604,Ca,ca+h,1.5,51.606246335000002,48.456408002000003,37.240167726000003
2605,Ca,ca+h,1.5,51.606246335000002,48.456408002000003,44.115167726000003
2606,Ca,ca+h,1.5,51.606246335000002,48.456408002000003,50.990167726000003
2607,Ca,ca+h,1.5,51.606246335000002,48.456408002000003,57.865167726000003
2608,Ca,ca+h,1.5,51.606246335000002,48.456408002000003,64.740167725999996
2609,Ca,ca+h,1.5,51.606246335000002,48.456408002000003,71.615167725999996
2610,Ca,ca+h,1.5,51.606246335000002,48.456408002000003,78.490167725999996
2611,Ca,ca+h,1.5,51.606246335000002,57.873408001999998,37.240167726000003
2612,Ca,ca+h,1.5,51.606246335000002,57.873408001999998,44.115167726000003
2613,Ca,ca+h,1.5,51.606246335000002,57.873408001999998,50.990167726000003
2614,Ca,ca+h,1.5,51.606246335000002,57.873408001999998,57.865167726000003
2615,Ca,ca+h,1.5,51.606246335000002,57.873408001999998,64.740167725999996
2616,Ca,ca+h,1.5,51.606246335000002,57.873408001999998,71.615167725999996
2617,Ca,ca+h,1.5,51.606246335000002,57.873408001999998,78.490167725999996
2618,Ca,ca+h,1.5,51.606246335000002,57.873408001999998,85.365167725999996
2619,Ca,ca+h,1.5,51.606246335000002,67.290408002000007,37.240167726000003
2620,Ca,ca+h,1.5,51.606246335000002,67.290408002000007,44.115167726000003
2621,Ca,ca+h,1.5,51.606246335000002,67.290408002000007,57.865167726000003
2622,Ca,ca+h,1.5,51.606246335000002,67.290408002000007,64.740167725999996
2623,Ca,ca+h,1.5,59.761607562999998,43.747908002000003,37.240167726000003
2624,Ca,ca+h,1.5,59.761607562999998,43.747908002000003,44.115167726000003
2625,Ca,ca+h,1.5,59.761607562999998,43.747908002000003,50.990167726000003
2626,Ca,ca+h,1.5,59.761607562999998,43.747908002000003,57.865167726000003
2627,Ca,ca+h,1.5,59.761607562999998,43.747908002000003,64.740167725999996
2628,Ca,ca+h,1.5,59.761607562999998,43.747908002000003,71.615167725999996
2629,Ca,ca+h,1.5,59.761607562999998,43.747908002000003,78.490167725999996
2630,Ca,ca+h,1.5,59.761607562999998,43.747908002000003,85.365167725999996
2631,Ca,ca+h,1.5,59.761607562999998,53.164908001999997,37.240167726000003
2632,Ca,ca+h,1.5,59.761607562999998,53.164908001999997,44.115167726000003
2633,Ca,ca+h,1.5,59.761607562999998,53.164908001999997,50.990167726000003
2634,Ca,ca+h,1.5,59.761607562999998,53.164908001999997,57.865167726000003
2635,Ca,ca+h,1.5,59.761607562999998,53.164908001999997,64.740167725999996
2636,Ca,ca+h,1.5,59.761607562999998,53.164908001999997,71.615167725999996
2637,Ca,ca+h,1.5,59.761607562999998,53.164908001999997,78.490167725999996
2638,Ca,ca+h,1.5,59.761607562999998,53.164908001999997,85.365167725999996
2639,Ca,ca+h,1.5,59.761607562999998,62.581908001999999,37.240167726000003
2640,Ca,ca+h,1.5,59.761607562999998,62.581908001999999,44.115167726000003
2641,Ca,ca+h,1.5,59.761607562999998,62.581908001999999,57.865167726000003
2642,Ca,ca+h,1.5,59.761607562999998,62.581908001999999,64.740167725999996
2643,Ca,ca+h,1.5,59.761607562999998,62.581908001999999,71.615167725999996
2644,P,pap,1,40.498399593999999,44.024909069000003,37.240167726000003
2645,P,pap,1,40.498399593999999,44.024909069000003,44.115167726000003
2646,P,pap,1,40.498399593999999,44.024909069000003,50.990167726000003
2647,P,pap,1,40.498399593999999,44.024909069000003,57.865167726000003
2648,P,pap,1,40.498399593999999,44.024909069000003,64.740167725999996
2649,P,pap,1,40.498399593999999,44.024909069000003,71.615167725999996
2650,P,pap,1,40.498399593999999,44.024909069000003,78.490167725999996
2651,P,pap,1,40.498399593999999,44.024909069000003,85.365167725999996
2652,P,pap,1,40.498399593999999,53.441909068999998,37.240167726000003
2653,P,pap,1,40.498399593999999,53.441909068999998,44.115167726000003
2654,P,pap,1,40.498399593999999,53.441909068999998,50.990167726000003
2655,P,pap,1,40.498399593999999,53.441909068999998,57.865167726000003
2656,P,pap,1,40.498399593999999,53.441909068999998,64.740167725999996
2657,P,pap,1,40.498399593999999,53.441909068999998,71.615167725999996
2658,P,pap,1,40.498399593999999,53.441909068999998,78.490167725999996
2659,P,pap,1,40.498399593999999,53.441909068999998,85.365167725999996
2660,P,pap,1,40.498399593999999,62.858909068999999,37.240167726000003
2661,P,pap,1,40.498399593999999,62.858909068999999,44.115167726000003
2662,P,pap,1,40.498399593999999,62.858909068999999,50.990167726000003
2663,P,pap,1,40.498399593999999,62.858909068999999,57.865167726000003
2664,P,pap,1,40.498399593999999,62.858909068999999,64.740167725999996
2665,P,pap,1,40.498399593999999,62.858909068999999,71.615167725999996
2666,P,pap,1,40.498399593999999,62.858909068999999,78.490167725999996
2667,P,pap,1,40.498399593999999,62.858909068999999,85.365167725999996
2668,P,pap,1,48.653760822000002,39.316409069000002,37.240167726000003
2669,P,pap,1,48.653760822000002,39.316409069000002,44.115167726000003
2670,P,pap,1,48.653760822000002,39.316409069000002,50.990167726000003
2671,P,pap,1,48.653760822000002,39.316409069000002,57.865167726000003
2672,P,pap,1,48.653760822000002,39.316409069000002,64.740167725999996
2673,P,pap,1,48.653760822000002,39.316409069000002,71.615167725999996
2674,P,pap,1,48.653760822000002,39.316409069000002,78.490167725999996
2675,P,pap,1,48.653760822000002,39.316409069000002,85.365167725999996
2676,P,pap,1,48.653760822000002,48.733409068999997,37.240167726000003
2677,P,pap,1,48.653760822000002,48.733409068999997,44.115167726000003
2678,P,pap,1,48.653760822000002,48.733409068999997,50.990167726000003
2679,P,pap,1,48.653760822000002,48.733409068999997,57.865167726000003
2680,P,pap,1,48.653760822000002,48.733409068999997,64.740167725999996
2681,P,pap,1,48.653760822000002,48.733409068999997,71.615167725999996
2682,P,pap,1,48.653760822000002,48.733409068999997,78.490167725999996
2683,P,pap,1,48.653760822000002,48.733409068999997,85.365167725999996
2684,P,pap,1,48.653760822000002,58.150409068999998,37.240167726000003
2685,P,pap,1,48.653760822000002,58.150409068999998,44.115167726000003
2686,P,pap,1,48.653760822000002,58.150409068999998,50.990167726000003
2687,P,pap,1,48.653760822000002,58.150409068999998,57.865167726000003
2688,P,pap,1,48.653760822000002,58.150409068999998,64.740167725999996
2689,P,pap,1,48.653760822000002,58.150409068999998,71.615167725999996
2690,P,pap,1,48.653760822000002,58.150409068999998,78.490167725999996
2691,P,pap,1,48.653760822000002,58.150409068999998,85.365167725999996
2692,P,pap,1,48.653760822000002,67.567409069000007,37.240167726000003
2693,P,pap,1,48.653760822000002,67.567409069000007,44.115167726000003
2694,P,pap,1,48.653760822000002,67.567409069000007,50.990167726000003
2695,P,pap,1,48.653760822000002,67.567409069000007,57.865167726000003
2696,P,pap,1,48.653760822000002,67.567409069000007,64.740167725999996
2697,P,pap,1,48.653760822000002,67.567409069000007,71.615167725999996
2698,P,pap,1,48.653760822000002,67.567409069000007,78.490167725999996
2699,P,pap,1,48.653760822000002,67.567409069000007,85.365167725999996
2700,P,pap,1,56.809122049000003,44.024909069000003,37.240167726000003
2701,P,pap,1,56.809122049000003,44.024909069000003,44.115167726000003
2702,P,pap,1,56.809122049000003,44.024909069000003,50.990167726000003
2703,P,pap,1,56.809122049000003,44.024909069000003,57.865167726000003
2704,P,pap,1,56.809122049000003,44.024909069000003,64.740167725999996
2705,P,pap,1,56.809122049000003,44.024909069000003,71.615167725999996
2706,P,pap,1,56.809122049000003,44.024909069000003,78.490167725999996
2707,P,pap,1,56.809122049000003,44.024909069000003,85.365167725999996
2708,P,pap,1,56.809122049000003,53.441909068999998,37.240167726000003
2709,P,pap,1,56.809122049000003,53.441909068999998,44.115167726000003
2710,P,pap,1,56.809122049000003,53.441909068999998,50.990167726000003
2711,P,pap,1,56.809122049000003,53.441909068999998,57.865167726000003
2712,P,pap,1,56.809122049000003,53.441909068999998,64.740167725999996
2713,P,pap,1,56.809122049000003,53.441909068999998,71.615167725999996
2714,P,pap,1,56.809122049000003,53.441909068999998,78.490167725999996
2715,P,pap,1,56.809122049000003,53.441909068999998,85.365167725999996
2716,P,pap,1,56.809122049000003,62.858909068999999,37.240167726000003
2717,P,pap,1,56.809122049000003,62.858909068999999,44.115167726000003
2718,P,pap,1,56.809122049000003,62.858909068999999,50.990167726000003
2719,P,pap,1,56.809122049000003,62.858909068999999,57.865167726000003
2720,P,pap,1,56.809122049000003,62.858909068999999,64.740167725999996
2721,P,pap,1,56.809122049000003,62.858909068999999,71.615167725999996
2722,P,pap,1,56.809122049000003,62.858909068999999,78.490167725999996
2723,P,pap,1,56.809122049000003,62.858909068999999,85.365167725999996
2724,P,pap,1,64.964483275999996,48.733409068999997,37.240167726000003
2725,P,pap,1,64.964483275999996,48.733409068999997,44.115167726000003
2726,P,pap,1,64.964483275999996,48.733409068999997,50.990167726000003
2727,P,pap,1,64.964483275999996,48.733409068999997,57.865167726000003
2728,P,pap,1,64.964483275999996,48.733409068999997,64.740167725999996
2729,P,pap,1,64.964483275999996,48.733409068999997,71.615167725999996
2730,P,pap,1,64.964483275999996,48.733409068999997,78.490167725999996
2731,P,pap,1,64.964483275999996,48.733409068999997,85.365167725999996
2732,P,pap,1,64.964483275999996,58.150409068999998,37.240167726000003
2733,P,pap,1,64.964483275999996,58.150409068999998,44.115167726000003
2734,P,pap,1,64.964483275999996,58.150409068999998,50.990167726000003
2735,P,pap,1,64.964483275999996,58.150409068999998,57.865167726000003
2736,P,pap,1,64.964483275999996,58.150409068999998,64.740167725999996
2737,P,pap,1,64.964483275999996,58.150409068999998,71.615167725999996
2738,P,pap,1,64.964483275999996,58.150409068999998,78.490167725999996
2739,P,pap,1,64.964483275999996,58.150409068999998,85.365167725999996
2740,O,oap1,-0.80000001192092896,39.713038503,42.703797792000003,37.240167726000003
2741,O,oap1,-0.80000001192092896,39.713038503,42.703797792000003,44.115167726000003
2742,O,oap1,-0.80000001192092896,39.713038503,42.703797792000003,50.990167726000003
2743,O,oap1,-0.80000001192092896,39.713038503,42.703797792000003,57.865167726000003
2744,O,oap1,-0.80000001192092896,39.713038503,42.703797792000003,64.740167725999996
2745,O,oap1,-0.80000001192092896,39.713038503,42.703797792000003,71.615167725999996
2746,O,oap1,-0.80000001192092896,39.713038503,42.703797792000003,78.490167725999996
2747,O,oap1,-0.60000002384185791,39.713038503,42.703797792000003,85.365167725999996
2748,O,oap1,-0.80000001192092896,39.713038503,52.120797791999998,37.240167726000003
2749,O,oap1,-0.80000001192092896,39.713038503,52.120797791999998,44.115167726000003
2750,O,oap1,-0.80000001192092896,39.713038503,52.120797791999998,50.990167726000003
2751,O,oap1,-0.80000001192092896,39.713038503,52.120797791999998,57.865167726000003
2752,O,oap1,-0.80000001192092896,39.713038503,52.120797791999998,64.740167725999996
2753,O,oap1,-0.80000001192092896,39.713038503,52.120797791999998,71.615167725999996
2754,O,oap1,-0.80000001192092896,39.713038503,52.120797791999998,78.490167725999996
2755,O,oap1,-0.60000002384185791,39.713038503,52.120797791999998,85.365167725999996
2756,O,oap1,-0.60000002384185791,39.713038503,61.537797791999999,37.240167726000003
2757,O,oap1,-0.60000002384185791,39.713038503,61.537797791999999,44.115167726000003
2758,O,oap1,-0.60000002384185791,39.713038503,61.537797791999999,50.990167726000003
2759,O,oap1,-0.69499999284744263,39.713038503,61.537797791999999,57.865167726000003
2760,O,oap1,-0.60000002384185791,39.713038503,61.537797791999999,64.740167725999996
2761,O,oap1,-0.69499999284744263,39.713038503,61.537797791999999,71.615167725999996
2762,O,oap1,-0.69499999284744263,39.713038503,61.537797791999999,78.490167725999996
2763,O,oap1,-0.69499999284744263,39.713038503,61.537797791999999,85.365167725999996
2764,O,oap1,-0.80000001192092896,47.86839973,37.995297792000002,37.240167726000003
2765,O,oap1,-0.80000001192092896,47.86839973,37.995297792000002,44.115167726000003
2766,O,oap1,-0.80000001192092896,47.86839973,37.995297792000002,50.990167726000003
2767,O,oap1,-0.80000001192092896,47.86839973,37.995297792000002,57.865167726000003
2768,O,oap1,-0.80000001192092896,47.86839973,37.995297792000002,64.740167725999996
2769,O,oap1,-0.80000001192092896,47.86839973,37.995297792000002,71.615167725999996
2770,O,oap1,-0.80000001192092896,47.86839973,37.995297792000002,78.490167725999996
2771,O,oap1,-0.60000002384185791,47.86839973,37.995297792000002,85.365167725999996
2772,O,oap1,-0.80000001192092896,47.86839973,47.412297791999997,37.240167726000003
2773,O,oap1,-0.80000001192092896,47.86839973,47.412297791999997,44.115167726000003
2774,O,oap1,-0.80000001192092896,47.86839973,47.412297791999997,50.990167726000003
2775,O,oap1,-0.80000001192092896,47.86839973,47.412297791999997,57.865167726000003
2776,O,oap1,-0.80000001192092896,47.86839973,47.412297791999997,64.740167725999996
2777,O,oap1,-0.80000001192092896,47.86839973,47.412297791999997,71.615167725999996
2778,O,oap1,-0.80000001192092896,47.86839973,47.412297791999997,78.490167725999996
2779,O,oap1,-0.60000002384185791,47.86839973,47.412297791999997,85.365167725999996
2780,O,oap1,-0.80000001192092896,47.86839973,56.829297791999998,37.240167726000003
2781,O,oap1,-0.80000001192092896,47.86839973,56.829297791999998,44.115167726000003
2782,O,oap1,-0.80000001192092896,47.86839973,56.829297791999998,50.990167726000003
2783,O,oap1,-0.80000001192092896,47.86839973,56.829297791999998,57.865167726000003
2784,O,oap1,-0.80000001192092896,47.86839973,56.829297791999998,64.740167725999996
2785,O,oap1,-0.80000001192092896,47.86839973,56.829297791999998,71.615167725999996
2786,O,oap1,-0.80000001192092896,47.86839973,56.829297791999998,78.490167725999996
2787,O,oap1,-0.69499999284744263,47.86839973,56.829297791999998,85.365167725999996
2788,O,oap1,-0.69499999284744263,47.86839973,66.246297791999993,37.240167726000003
2789,O,oap1,-0.69499999284744263,47.86839973,66.246297791999993,44.115167726000003
2790,O,oap1,-0.69499999284744263,47.86839973,66.246297791999993,50.990167726000003
2791,O,oap1,-0.69499999284744263,47.86839973,66.246297791999993,57.865167726000003
2792,O,oap1,-0.60000002384185791,47.86839973,66.246297791999993,64.740167725999996
2793,O,oap1,-0.60000002384185791,47.86839973,66.246297791999993,71.615167725999996
2794,O,oap1,-0.60000002384185791,47.86839973,66.246297791999993,78.490167725999996
2795,O,oap1,-0.60000002384185791,47.86839973,66.246297791999993,85.365167725999996
2796,O,oap1,-0.80000001192092896,56.023760957999997,42.703797792000003,37.240167726000003
2797,O,oap1,-0.80000001192092896,56.023760957999997,42.703797792000003,44.115167726000003
2798,O,oap1,-0.80000001192092896,56.023760957999997,42.703797792000003,50.990167726000003
2799,O,oap1,-0.80000001192092896,56.023760957999997,42.703797792000003,57.865167726000003
2800,O,oap1,-0.80000001192092896,56.023760957999997,42.703797792000003,64.740167725999996
2801,O,oap1,-0.80000001192092896,56.023760957999997,42.703797792000003,71.615167725999996
2802,O,oap1,-0.80000001192092896,56.023760957999997,42.703797792000003,78.490167725999996
2803,O,oap1,-0.69499999284744263,56.023760957999997,42.703797792000003,85.365167725999996
2804,O,oap1,-0.80000001192092896,56.023760957999997,52.120797791999998,37.240167726000003
2805,O,oap1,-0.80000001192092896,56.023760957999997,52.120797791999998,44.115167726000003
2806,O,oap1,-0.80000001192092896,56.023760957999997,52.120797791999998,50.990167726000003
2807,O,oap1,-0.80000001192092896,56.023760957999997,52.120797791999998,57.865167726000003
2808,O,oap1,-0.80000001192092896,56.023760957999997,52.120797791999998,64.740167725999996
2809,O,oap1,-0.80000001192092896,56.023760957999997,52.120797791999998,71.615167725999996
2810,O,oap1,-0.80000001192092896,56.023760957999997,52.120797791999998,78.490167725999996
2811,O,oap1,-0.69499999284744263,56.023760957999997,52.120797791999998,85.365167725999996
2812,O,oap1,-0.80000001192092896,56.023760957999997,61.537797791999999,37.240167726000003
2813,O,oap1,-0.80000001192092896,56.023760957999997,61.537797791999999,44.115167726000003
2814,O,oap1,-0.80000001192092896,56.023760957999997,61.537797791999999,50.990167726000003
2815,O,oap1,-0.80000001192092896,56.023760957999997,61.537797791999999,57.865167726000003
2816,O,oap1,-0.80000001192092896,56.023760957999997,61.537797791999999,64.740167725999996
2817,O,oap1,-0.80000001192092896,56.023760957999997,61.537797791999999,71.615167725999996
2818,O,oap1,-0.80000001192092896,56.023760957999997,61.537797791999999,78.490167725999996
2819,O,oap1,-0.69499999284744263,56.023760957999997,61.537797791999999,85.365167725999996
2820,O,oap1,-0.80000001192092896,64.179122184999997,47.412297791999997,37.240167726000003
2821,O,oap1,-0.80000001192092896,64.179122184999997,47.412297791999997,44.115167726000003
2822,O,oap1,-0.80000001192092896,64.179122184999997,47.412297791999997,50.990167726000003
2823,O,oap1,-0.80000001192092896,64.179122184999997,47.412297791999997,57.865167726000003
2824,O,oap1,-0.80000001192092896,64.179122184999997,47.412297791999997,64.740167725999996
2825,O,oap1,-0.80000001192092896,64.179122184999997,47.412297791999997,71.615167725999996
2826,O,oap1,-0.80000001192092896,64.179122184999997,47.412297791999997,78.490167725999996
2827,O,oap1,-0.69499999284744263,64.179122184999997,47.412297791999997,85.365167725999996
2828,O,oap1,-0.80000001192092896,64.179122184999997,56.829297791999998,37.240167726000003
2829,O,oap1,-0.80000001192092896,64.179122184999997,56.829297791999998,44.115167726000003
2830,O,oap1,-0.80000001192092896,64.179122184999997,56.829297791999998,50.990167726000003
2831,O,oap1,-0.80000001192092896,64.179122184999997,56.829297791999998,57.865167726000003
2832,O,oap1,-0.80000001192092896,64.179122184999997,56.829297791999998,64.740167725999996
2833,O,oap1,-0.80000001192092896,64.179122184999997,56.829297791999998,71.615167725999996
2834,O,oap1,-0.80000001192092896,64.179122184999997,56.829297791999998,78.490167725999996
2835,O,oap1,-0.69499999284744263,64.179122184999997,56.829297791999998,85.365167725999996
2836,O,oap1,-0.80000001192092896,39.549115518999997,45.229908356000003,37.240167726000003
2837,O,oap1,-0.80000001192092896,39.549115518999997,45.229908356000003,44.115167726000003
2838,O,oap1,-0.80000001192092896,39.549115518999997,45.229908356000003,50.990167726000003
2839,O,oap1,-0.80000001192092896,39.549115518999997,45.229908356000003,57.865167726000003
2840,O,oap1,-0.80000001192092896,39.549115518999997,45.229908356000003,64.740167725999996
2841,O,oap1,-0.80000001192092896,39.549115518999997,45.229908356000003,71.615167725999996
2842,O,oap1,-0.80000001192092896,39.549115518999997,45.229908356000003,78.490167725999996
2843,O,oap1,-0.69499999284744263,39.549115518999997,45.229908356000003,85.365167725999996
2844,O,oap1,-0.80000001192092896,39.549115518999997,54.646908355999997,37.240167726000003
2845,O,oap1,-0.80000001192092896,39.549115518999997,54.646908355999997,44.115167726000003
2846,O,oap1,-0.80000001192092896,39.549115518999997,54.646908355999997,50.990167726000003
2847,O,oap1,-0.80000001192092896,39.549115518999997,54.646908355999997,57.865167726000003
2848,O,oap1,-0.80000001192092896,39.549115518999997,54.646908355999997,64.740167725999996
2849,O,oap1,-0.80000001192092896,39.549115518999997,54.646908355999997,71.615167725999996
2850,O,oap1,-0.80000001192092896,39.549115518999997,54.646908355999997,78.490167725999996
2851,O,oap1,-0.69499999284744263,39.549115518999997,54.646908355999997,85.365167725999996
2852,O,oap1,-0.60000002384185791,39.549115518999997,64.063908355999999,37.240167726000003
2853,O,oap1,-0.60000002384185791,39.549115518999997,64.063908355999999,44.115167726000003
2854,O,oap1,-0.60000002384185791,39.549115518999997,64.063908355999999,50.990167726000003
2855,O,oap1,-0.60000002384185791,39.549115518999997,64.063908355999999,57.865167726000003
2856,O,oap1,-0.60000002384185791,39.549115518999997,64.063908355999999,64.740167725999996
2857,O,oap1,-0.60000002384185791,39.549115518999997,64.063908355999999,71.615167725999996
2858,O,oap1,-0.60000002384185791,39.549115518999997,64.063908355999999,78.490167725999996
2859,O,oap1,-0.60000002384185791,39.549115518999997,64.063908355999999,85.365167725999996
2860,O,oap1,-0.80000001192092896,47.704476747000001,40.521408356000002,37.240167726000003
2861,O,oap1,-0.80000001192092896,47.704476747000001,40.521408356000002,44.115167726000003
2862,O,oap1,-0.80000001192092896,47.704476747000001,40.521408356000002,50.990167726000003
2863,O,oap1,-0.80000001192092896,47.704476747000001,40.521408356000002,57.865167726000003
2864,O,oap1,-0.80000001192092896,47.704476747000001,40.521408356000002,64.740167725999996
2865,O,oap1,-0.80000001192092896,47.704476747000001,40.521408356000002,71.615167725999996
2866,O,oap1,-0.80000001192092896,47.704476747000001,40.521408356000002,78.490167725999996
2867,O,oap1,-0.69499999284744263,47.704476747000001,40.521408356000002,85.365167725999996
2868,O,oap1,-0.80000001192092896,47.704476747000001,49.938408355999997,37.240167726000003
2869,O,oap1,-0.80000001192092896,47.704476747000001,49.938408355999997,44.115167726000003
2870,O,oap1,-0.80000001192092896,47.704476747000001,49.938408355999997,50.990167726000003
2871,O,oap1,-0.80000001192092896,47.704476747000001,49.938408355999997,57.865167726000003
2872,O,oap1,-0.80000001192092896,47.704476747000001,49.938408355999997,64.740167725999996
2873,O,oap1,-0.80000001192092896,47.704476747000001,49.938408355999997,71.615167725999996
2874,O,oap1,-0.80000001192092896,47.704476747000001,49.938408355999997,78.490167725999996
2875,O,oap1,-0.69499999284744263,47.704476747000001,49.938408355999997,85.365167725999996
2876,O,oap1,-0.80000001192092896,47.704476747000001,59.355408355999998,37.240167726000003
2877,O,oap1,-0.80000001192092896,47.704476747000001,59.355408355999998,44.115167726000003
2878,O,oap1,-0.80000001192092896,47.704476747000001,59.355408355999998,50.990167726000003
2879,O,oap1,-0.80000001192092896,47.704476747000001,59.355408355999998,57.865167726000003
2880,O,oap1,-0.80000001192092896,47.704476747000001,59.355408355999998,64.740167725999996
2881,O,oap1,-0.80000001192092896,47.704476747000001,59.355408355999998,71.615167725999996
2882,O,oap1,-0.80000001192092896,47.704476747000001,59.355408355999998,78.490167725999996
2883,O,oap1,-0.60000002384185791,47.704476747000001,59.355408355999998,85.365167725999996
2884,O,oap1,-0.60000002384185791,47.704476747000001,68.772408356,37.240167726000003
2885,O,oap1,-0.60000002384185791,47.704476747000001,68.772408356,44.115167726000003
2886,O,oap1,-0.60000002384185791,47.704476747000001,68.772408356,50.990167726000003
2887,O,oap1,-0.60000002384185791,47.704476747000001,68.772408356,57.865167726000003
2888,O,oap1,-0.60000002384185791,47.704476747000001,68.772408356,64.740167725999996
2889,O,oap1,-0.60000002384185791,47.704476747000001,68.772408356,71.615167725999996
2890,O,oap1,-0.60000002384185791,47.704476747000001,68.772408356,78.490167725999996
2891,O,oap1,-0.60000002384185791,47.704476747000001,68.772408356,85.365167725999996
2892,O,oap1,-0.80000001192092896,55.859837974000001,45.229908356000003,37.240167726000003
2893,O,oap1,-0.80000001192092896,55.859837974000001,45.229908356000003,44.115167726000003
2894,O,oap1,-0.80000001192092896,55.859837974000001,45.229908356000003,50.990167726000003
2895,O,oap1,-0.80000001192092896,55.859837974000001,45.229908356000003,57.865167726000003
2896,O,oap1,-0.80000001192092896,55.859837974000001,45.229908356000003,64.740167725999996
2897,O,oap1,-0.80000001192092896,55.859837974000001,45.229908356000003,71.615167725999996
2898,O,oap1,-0.80000001192092896,55.859837974000001,45.229908356000003,78.490167725999996
2899,O,oap1,-0.60000002384185791,55.859837974000001,45.229908356000003,85.365167725999996
2900,O,oap1,-0.80000001192092896,55.859837974000001,54.646908355999997,37.240167726000003
2901,O,oap1,-0.80000001192092896,55.859837974000001,54.646908355999997,44.115167726000003
2902,O,oap1,-0.80000001192092896,55.859837974000001,54.646908355999997,50.990167726000003
2903,O,oap1,-0.80000001192092896,55.859837974000001,54.646908355999997,57.865167726000003
2904,O,oap1,-0.80000001192092896,55.859837974000001,54.646908355999997,64.740167725999996
2905,O,oap1,-0.80000001192092896,55.859837974000001,54.646908355999997,71.615167725999996
2906,O,oap1,-0.80000001192092896,55.859837974000001,54.646908355999997,78.490167725999996
2907,O,oap1,-0.60000002384185791,55.859837974000001,54.646908355999997,85.365167725999996
2908,O,oap1,-0.80000001192092896,55.859837974000001,64.063908355999999,37.240167726000003
2909,O,oap1,-0.80000001192092896,55.859837974000001,64.063908355999999,44.115167726000003
2910,O,oap1,-0.80000001192092896,55.859837974000001,64.063908355999999,50.990167726000003
2911,O,oap1,-0.80000001192092896,55.859837974000001,64.063908355999999,57.865167726000003
2912,O,oap1,-0.80000001192092896,55.859837974000001,64.063908355999999,64.740167725999996
2913,O,oap1,-0.80000001192092896,55.859837974000001,64.063908355999999,71.615167725999996
2914,O,oap1,-0.80000001192092896,55.859837974000001,64.063908355999999,78.490167725999996
2915,O,oap1,-0.60000002384185791,55.859837974000001,64.063908355999999,85.365167725999996
2916,O,oap1,-0.80000001192092896,64.015199202000005,49.938408355999997,37.240167726000003
2917,O,oap1,-0.80000001192092896,64.015199202000005,49.938408355999997,44.115167726000003
2918,O,oap1,-0.80000001192092896,64.015199202000005,49.938408355999997,50.990167726000003
2919,O,oap1,-0.80000001192092896,64.015199202000005,49.938408355999997,57.865167726000003
2920,O,oap1,-0.80000001192092896,64.015199202000005,49.938408355999997,64.740167725999996
2921,O,oap1,-0.80000001192092896,64.015199202000005,49.938408355999997,71.615167725999996
2922,O,oap1,-0.80000001192092896,64.015199202000005,49.938408355999997,78.490167725999996
2923,O,oap1,-0.60000002384185791,64.015199202000005,49.938408355999997,85.365167725999996
2924,O,oap1,-0.80000001192092896,64.015199202000005,59.355408355999998,37.240167726000003
2925,O,oap1,-0.80000001192092896,64.015199202000005,59.355408355999998,44.115167726000003
2926,O,oap1,-0.80000001192092896,64.015199202000005,59.355408355999998,50.990167726000003
2927,O,oap1,-0.80000001192092896,64.015199202000005,59.355408355999998,57.865167726000003
2928,O,oap1,-0.80000001192092896,64.015199202000005,59.355408355999998,64.740167725999996
2929,O,oap1,-0.80000001192092896,64.015199202000005,59.355408355999998,71.615167725999996
2930,O,oap1,-0.80000001192092896,64.015199202000005,59.355408355999998,78.490167725999996
2931,O,oap1,-0.60000002384185791,64.015199202000005,59.355408355999998,85.365167725999996
2932,Ca,ca+h,1.5,37.363968149000002,42.436449496999998,37.240167726000003
2933,Ca,ca+h,1.5,37.363968149000002,42.436449496999998,44.115167726000003
2934,Ca,ca+h,1.5,37.363968149000002,42.436449496999998,57.865167726000003
2935,Ca,ca+h,1.5,37.363968149000002,42.436449496999998,64.740167725999996
2936,Ca,ca+h,1.5,37.363968149000002,51.853449497,44.115167726000003
2937,Ca,ca+h,1.5,37.363968149000002,51.853449497,50.990167726000003
2938,Ca,ca+h,1.5,37.363968149000002,51.853449497,57.865167726000003
2939,Ca,ca+h,1.5,37.363968149000002,51.853449497,64.740167725999996
2940,Ca,ca+h,1.5,37.363968149000002,51.853449497,71.615167725999996
2941,Ca,ca+h,1.5,45.519329376000002,37.727949496999997,44.115167726000003
2942,Ca,ca+h,1.5,45.519329376000002,37.727949496999997,57.865167726000003
2943,Ca,ca+h,1.5,45.519329376000002,37.727949496999997,64.740167725999996
2944,Ca,ca+h,1.5,45.519329376000002,37.727949496999997,71.615167725999996
2945,Ca,ca+h,1.5,45.519329376000002,37.727949496999997,78.490167725999996
2946,Ca,ca+h,1.5,45.519329376000002,37.727949496999997,85.365167725999996
2947,Ca,ca+h,1.5,45.519329376000002,47.144949496999999,37.240167726000003
2948,Ca,ca+h,1.5,45.519329376000002,47.144949496999999,44.115167726000003
2949,Ca,ca+h,1.5,45.519329376000002,47.144949496999999,50.990167726000003
2950,Ca,ca+h,1.5,45.519329376000002,47.144949496999999,57.865167726000003
2951,Ca,ca+h,1.5,45.519329376000002,47.144949496999999,64.740167725999996
2952,Ca,ca+h,1.5,45.519329376000002,47.144949496999999,71.615167725999996
2953,Ca,ca+h,1.5,45.519329376000002,47.144949496999999,78.490167725999996
2954,Ca,ca+h,1.5,45.519329376000002,56.561949497000001,37.240167726000003
2955,Ca,ca+h,1.5,45.519329376000002,56.561949497000001,44.115167726000003
2956,Ca,ca+h,1.5,45.519329376000002,56.561949497000001,50.990167726000003
2957,Ca,ca+h,1.5,45.519329376000002,56.561949497000001,57.865167726000003
2958,Ca,ca+h,1.5,45.519329376000002,56.561949497000001,64.740167725999996
2959,Ca,ca+h,1.5,45.519329376000002,56.561949497000001,71.615167725999996
2960,Ca,ca+h,1.5,45.519329376000002,56.561949497000001,78.490167725999996
2961,Ca,ca+h,1.5,53.674690603999998,42.436449496999998,37.240167726000003
2962,Ca,ca+h,1.5,53.674690603999998,42.436449496999998,44.115167726000003
2963,Ca,ca+h,1.5,53.674690603999998,42.436449496999998,50.990167726000003
2964,Ca,ca+h,1.5,53.674690603999998,42.436449496999998,57.865167726000003
2965,Ca,ca+h,1.5,53.674690603999998,42.436449496999998,64.740167725999996
2966,Ca,ca+h,1.5,53.674690603999998,42.436449496999998,71.615167725999996
2967,Ca,ca+h,1.5,53.674690603999998,42.436449496999998,78.490167725999996
2968,Ca,ca+h,1.5,53.674690603999998,51.853449497,37.240167726000003
2969,Ca,ca+h,1.5,53.674690603999998,51.853449497,44.115167726000003
2970,Ca,ca+h,1.5,53.674690603999998,51.853449497,50.990167726000003
2971,Ca,ca+h,1.5,53.674690603999998,51.853449497,57.865167726000003
2972,Ca,ca+h,1.5,53.674690603999998,51.853449497,64.740167725999996
2973,Ca,ca+h,1.5,53.674690603999998,51.853449497,71.615167725999996
2974,Ca,ca+h,1.5,53.674690603999998,51.853449497,78.490167725999996
2975,Ca,ca+h,1.5,53.674690603999998,61.270449497000001,37.240167726000003
2976,Ca,ca+h,1.5,53.674690603999998,61.270449497000001,44.115167726000003
2977,Ca,ca+h,1.5,53.674690603999998,61.270449497000001,50.990167726000003
2978,Ca,ca+h,1.5,53.674690603999998,61.270449497000001,57.865167726000003
2979,Ca,ca+h,1.5,53.674690603999998,61.270449497000001,64.740167725999996
2980,Ca,ca+h,1.5,53.674690603999998,61.270449497000001,71.615167725999996
2981,Ca,ca+h,1.5,53.674690603999998,61.270449497000001,78.490167725999996
2982,Ca,ca+h,1.5,53.674690603999998,61.270449497000001,85.365167725999996
2983,Ca,ca+h,1.5,61.830051830999999,47.144949496999999,37.240167726000003
2984,Ca,ca+h,1.5,61.830051830999999,47.144949496999999,44.115167726000003
2985,Ca,ca+h,1.5,61.830051830999999,47.144949496999999,50.990167726000003
2986,Ca,ca+h,1.5,61.830051830999999,47.144949496999999,57.865167726000003
2987,Ca,ca+h,1.5,61.830051830999999,47.144949496999999,64.740167725999996
2988,Ca,ca+h,1.5,61.830051830999999,47.144949496999999,71.615167725999996
2989,Ca,ca+h,1.5,61.830051830999999,47.144949496999999,78.490167725999996
2990,Ca,ca+h,1.5,61.830051830999999,56.561949497000001,37.240167726000003
2991,Ca,ca+h,1.5,61.830051830999999,56.561949497000001,44.115167726000003
2992,Ca,ca+h,1.5,61.830051830999999,56.561949497000001,50.990167726000003
2993,Ca,ca+h,1.5,61.830051830999999,56.561949497000001,57.865167726000003
2994,Ca,ca+h,1.5,61.830051830999999,56.561949497000001,64.740167725999996
2995,Ca,ca+h,1.5,61.830051830999999,56.561949497000001,71.615167725999996
2996,Ca,ca+h,1.5,61.830051830999999,56.561949497000001,78.490167725999996
2997,P,pap,1,38.600320945,39.741021504000003,37.240167726000003
2998,P,pap,1,38.600320945,39.741021504000003,44.115167726000003
2999,P,pap,1,38.600320945,39.741021504000003,50.990167726000003
3000,P,pap,1,38.600320945,39.741021504000003,57.865167726000003
3001,P,pap,1,38.600320945,39.741021504000003,64.740167725999996
3002,P,pap,1,38.600320945,39.741021504000003,71.615167725999996
3003,P,pap,1,38.600320945,39.741021504000003,78.490167725999996
3004,P,pap,1,38.600320945,39.741021504000003,85.365167725999996
3005,P,pap,1,38.600320945,49.158021503999997,37.240167726000003
3006,P,pap,1,38.600320945,49.158021503999997,44.115167726000003
3007,P,pap,1,38.600320945,49.158021503999997,50.990167726000003
3008,P,pap,1,38.600320945,49.158021503999997,57.865167726000003
3009,P,pap,1,38.600320945,49.158021503999997,64.740167725999996
3010,P,pap,1,38.600320945,49.158021503999997,71.615167725999996
3011,P,pap,1,38.600320945,49.158021503999997,78.490167725999996
3012,P,pap,1,38.600320945,49.158021503999997,85.365167725999996
3013,P,pap,1,38.600320945,58.575021503999999,37.240167726000003
3014,P,pap,1,38.600320945,58.575021503999999,44.115167726000003
3015,P,pap,1,38.600320945,58.575021503999999,50.990167726000003
3016,P,pap,1,38.600320945,58.575021503999999,57.865167726000003
3017,P,pap,1,38.600320945,58.575021503999999,64.740167725999996
3018,P,pap,1,38.600320945,58.575021503999999,71.615167725999996
3019,P,pap,1,38.600320945,58.575021503999999,78.490167725999996
3020,P,pap,1,38.600320945,58.575021503999999,85.365167725999996
3021,P,pap,1,46.755682172,35.032521504000002,37.240167726000003
3022,P,pap,1,46.755682172,35.032521504000002,44.115167726000003
3023,P,pap,1,46.755682172,35.032521504000002,50.990167726000003
3024,P,pap,1,46.755682172,35.032521504000002,57.865167726000003
3025,P,pap,1,46.755682172,35.032521504000002,64.740167725999996
3026,P,pap,1,46.755682172,35.032521504000002,71.615167725999996
3027,P,pap,1,46.755682172,35.032521504000002,78.490167725999996
3028,P,pap,1,46.755682172,35.032521504000002,85.365167725999996
3029,P,pap,1,46.755682172,44.449521504000003,37.240167726000003
3030,P,pap,1,46.755682172,44.449521504000003,44.115167726000003
3031,P,pap,1,46.755682172,44.449521504000003,50.990167726000003
3032,P,pap,1,46.755682172,44.449521504000003,57.865167726000003
3033,P,pap,1,46.755682172,44.449521504000003,64.740167725999996
3034,P,pap,1,46.755682172,44.449521504000003,71.615167725999996
3035,P,pap,1,46.755682172,44.449521504000003,78.490167725999996
3036,P,pap,1,46.755682172,44.449521504000003,85.365167725999996
3037,P,pap,1,46.755682172,53.866521503999998,37.240167726000003
3038,P,pap,1,46.755682172,53.866521503999998,44.115167726000003
3039,P,pap,1,46.755682172,53.866521503999998,50.990167726000003
3040,P,pap,1,46.755682172,53.866521503999998,57.865167726000003
3041,P,pap,1,46.755682172,53.866521503999998,64.740167725999996
3042,P,pap,1,46.755682172,53.866521503999998,71.615167725999996
3043,P,pap,1,46.755682172,53.866521503999998,78.490167725999996
3044,P,pap,1,46.755682172,53.866521503999998,85.365167725999996
3045,P,pap,1,46.755682172,63.283521503999999,37.240167726000003
3046,P,pap,1,46.755682172,63.283521503999999,44.115167726000003
3047,P,pap,1,46.755682172,63.283521503999999,50.990167726000003
3048,P,pap,1,46.755682172,63.283521503999999,57.865167726000003
3049,P,pap,1,46.755682172,63.283521503999999,64.740167725999996
3050,P,pap,1,46.755682172,63.283521503999999,71.615167725999996
3051,P,pap,1,46.755682172,63.283521503999999,78.490167725999996
3052,P,pap,1,46.755682172,63.283521503999999,85.365167725999996
3053,P,pap,1,54.911043399,39.741021504000003,37.240167726000003
3054,P,pap,1,54.911043399,39.741021504000003,44.115167726000003
3055,P,pap,1,54.911043399,39.741021504000003,50.990167726000003
3056,P,pap,1,54.911043399,39.741021504000003,57.865167726000003
3057,P,pap,1,54.911043399,39.741021504000003,64.740167725999996
3058,P,pap,1,54.911043399,39.741021504000003,71.615167725999996
3059,P,pap,1,54.911043399,39.741021504000003,78.490167725999996
3060,P,pap,1,54.911043399,39.741021504000003,85.365167725999996
3061,P,pap,1,54.911043399,49.158021503999997,37.240167726000003
3062,P,pap,1,54.911043399,49.158021503999997,44.115167726000003
3063,P,pap,1,54.911043399,49.158021503999997,50.990167726000003
3064,P,pap,1,54.911043399,49.158021503999997,57.865167726000003
3065,P,pap,1,54.911043399,49.158021503999997,64.740167725999996
3066,P,pap,1,54.911043399,49.158021503999997,71.615167725999996
3067,P,pap,1,54.911043399,49.158021503999997,78.490167725999996
3068,P,pap,1,54.911043399,49.158021503999997,85.365167725999996
3069,P,pap,1,54.911043399,58.575021503999999,37.240167726000003
3070,P,pap,1,54.911043399,58.575021503999999,44.115167726000003
3071,P,pap,1,54.911043399,58.575021503999999,50.990167726000003
3072,P,pap,1,54.911043399,58.575021503999999,57.865167726000003
3073,P,pap,1,54.911043399,58.575021503999999,64.740167725999996
3074,P,pap,1,54.911043399,58.575021503999999,71.615167725999996
3075,P,pap,1,54.911043399,58.575021503999999,78.490167725999996
3076,P,pap,1,54.911043399,58.575021503999999,85.365167725999996
3077,P,pap,1,63.066404626999997,44.449521504000003,37.240167726000003
3078,P,pap,1,63.066404626999997,44.449521504000003,44.115167726000003
3079,P,pap,1,63.066404626999997,44.449521504000003,50.990167726000003
3080,P,pap,1,63.066404626999997,44.449521504000003,57.865167726000003
3081,P,pap,1,63.066404626999997,44.449521504000003,64.740167725999996
3082,P,pap,1,63.066404626999997,44.449521504000003,71.615167725999996
3083,P,pap,1,63.066404626999997,44.449521504000003,78.490167725999996
3084,P,pap,1,63.066404626999997,44.449521504000003,85.365167725999996
3085,P,pap,1,63.066404626999997,53.866521503999998,37.240167726000003
3086,P,pap,1,63.066404626999997,53.866521503999998,44.115167726000003
3087,P,pap,1,63.066404626999997,53.866521503999998,50.990167726000003
3088,P,pap,1,63.066404626999997,53.866521503999998,57.865167726000003
3089,P,pap,1,63.066404626999997,53.866521503999998,64.740167725999996
3090,P,pap,1,63.066404626999997,53.866521503999998,71.615167725999996
3091,P,pap,1,63.066404626999997,53.866521503999998,78.490167725999996
3092,P,pap,1,63.066404626999997,53.866521503999998,85.365167725999996
3093,O,oap1,-0.60000002384185791,40.137117416999999,39.721434486,37.240167726000003
3094,O,oap1,-0.69499999284744263,40.137117416999999,39.721434486,44.115167726000003
3095,O,oap1,-0.69499999284744263,40.137117416999999,39.721434486,50.990167726000003
3096,O,oap1,-0.60000002384185791,40.137117416999999,39.721434486,57.865167726000003
3097,O,oap1,-0.60000002384185791,40.137117416999999,39.721434486,64.740167725999996
3098,O,oap1,-0.69499999284744263,40.137117416999999,39.721434486,71.615167725999996
3099,O,oap1,-0.69499999284744263,40.137117416999999,39.721434486,78.490167725999996
3100,O,oap1,-0.60000002384185791,40.137117416999999,39.721434486,85.365167725999996
3101,O,oap1,-0.80000001192092896,40.137117416999999,49.138434486000001,37.240167726000003
3102,O,oap1,-0.80000001192092896,40.137117416999999,49.138434486000001,44.115167726000003
3103,O,oap1,-0.80000001192092896,40.137117416999999,49.138434486000001,50.990167726000003
3104,O,oap1,-0.80000001192092896,40.137117416999999,49.138434486000001,57.865167726000003
3105,O,oap1,-0.80000001192092896,40.137117416999999,49.138434486000001,64.740167725999996
3106,O,oap1,-0.80000001192092896,40.137117416999999,49.138434486000001,71.615167725999996
3107,O,oap1,-0.80000001192092896,40.137117416999999,49.138434486000001,78.490167725999996
3108,O,oap1,-0.69499999284744263,40.137117416999999,49.138434486000001,85.365167725999996
3109,O,oap1,-0.80000001192092896,40.137117416999999,58.555434486000003,37.240167726000003
3110,O,oap1,-0.80000001192092896,40.137117416999999,58.555434486000003,44.115167726000003
3111,O,oap1,-0.80000001192092896,40.137117416999999,58.555434486000003,50.990167726000003
3112,O,oap1,-0.80000001192092896,40.137117416999999,58.555434486000003,57.865167726000003
3113,O,oap1,-0.80000001192092896,40.137117416999999,58.555434486000003,64.740167725999996
3114,O,oap1,-0.80000001192092896,40.137117416999999,58.555434486000003,71.615167725999996
3115,O,oap1,-0.80000001192092896,40.137117416999999,58.555434486000003,78.490167725999996
3116,O,oap1,-0.69499999284744263,40.137117416999999,58.555434486000003,85.365167725999996
3117,O,oap1,-0.60000002384185791,48.292478643999999,35.012934485999999,37.240167726000003
3118,O,oap1,-0.60000002384185791,48.292478643999999,35.012934485999999,44.115167726000003
3119,O,oap1,-0.60000002384185791,48.292478643999999,35.012934485999999,50.990167726000003
3120,O,oap1,-0.60000002384185791,48.292478643999999,35.012934485999999,57.865167726000003
3121,O,oap1,-0.69499999284744263,48.292478643999999,35.012934485999999,64.740167725999996
3122,O,oap1,-0.69499999284744263,48.292478643999999,35.012934485999999,71.615167725999996
3123,O,oap1,-0.69499999284744263,48.292478643999999,35.012934485999999,78.490167725999996
3124,O,oap1,-0.69499999284744263,48.292478643999999,35.012934485999999,85.365167725999996
3125,O,oap1,-0.80000001192092896,48.292478643999999,44.429934486000001,37.240167726000003
3126,O,oap1,-0.80000001192092896,48.292478643999999,44.429934486000001,44.115167726000003
3127,O,oap1,-0.80000001192092896,48.292478643999999,44.429934486000001,50.990167726000003
3128,O,oap1,-0.80000001192092896,48.292478643999999,44.429934486000001,57.865167726000003
3129,O,oap1,-0.80000001192092896,48.292478643999999,44.429934486000001,64.740167725999996
3130,O,oap1,-0.80000001192092896,48.292478643999999,44.429934486000001,71.615167725999996
3131,O,oap1,-0.80000001192092896,48.292478643999999,44.429934486000001,78.490167725999996
3132,O,oap1,-0.60000002384185791,48.292478643999999,44.429934486000001,85.365167725999996
3133,O,oap1,-0.80000001192092896,48.292478643999999,53.846934486000002,37.240167726000003
3134,O,oap1,-0.80000001192092896,48.292478643999999,53.846934486000002,44.115167726000003
3135,O,oap1,-0.80000001192092896,48.292478643999999,53.846934486000002,50.990167726000003
3136,O,oap1,-0.80000001192092896,48.292478643999999,53.846934486000002,57.865167726000003
3137,O,oap1,-0.80000001192092896,48.292478643999999,53.846934486000002,64.740167725999996
3138,O,oap1,-0.80000001192092896,48.292478643999999,53.846934486000002,71.615167725999996
3139,O,oap1,-0.80000001192092896,48.292478643999999,53.846934486000002,78.490167725999996
3140,O,oap1,-0.69499999284744263,48.292478643999999,53.846934486000002,85.365167725999996
3141,O,oap1,-0.80000001192092896,48.292478643999999,63.263934485999997,37.240167726000003
3142,O,oap1,-0.80000001192092896,48.292478643999999,63.263934485999997,44.115167726000003
3143,O,oap1,-0.80000001192092896,48.292478643999999,63.263934485999997,50.990167726000003
3144,O,oap1,-0.80000001192092896,48.292478643999999,63.263934485999997,57.865167726000003
3145,O,oap1,-0.80000001192092896,48.292478643999999,63.263934485999997,64.740167725999996
3146,O,oap1,-0.80000001192092896,48.292478643999999,63.263934485999997,71.615167725999996
3147,O,oap1,-0.80000001192092896,48.292478643999999,63.263934485999997,78.490167725999996
3148,O,oap1,-0.69499999284744263,48.292478643999999,63.263934485999997,85.365167725999996
3149,O,oap1,-0.80000001192092896,56.447839872000003,39.721434486,37.240167726000003
3150,O,oap1,-0.80000001192092896,56.447839872000003,39.721434486,44.115167726000003
3151,O,oap1,-0.80000001192092896,56.447839872000003,39.721434486,50.990167726000003
3152,O,oap1,-0.80000001192092896,56.447839872000003,39.721434486,57.865167726000003
3153,O,oap1,-0.80000001192092896,56.447839872000003,39.721434486,64.740167725999996
3154,O,oap1,-0.80000001192092896,56.447839872000003,39.721434486,71.615167725999996
3155,O,oap1,-0.80000001192092896,56.447839872000003,39.721434486,78.490167725999996
3156,O,oap1,-0.60000002384185791,56.447839872000003,39.721434486,85.365167725999996
3157,O,oap1,-0.80000001192092896,56.447839872000003,49.138434486000001,37.240167726000003
3158,O,oap1,-0.80000001192092896,56.447839872000003,49.138434486000001,44.115167726000003
3159,O,oap1,-0.80000001192092896,56.447839872000003,49.138434486000001,50.990167726000003
3160,O,oap1,-0.80000001192092896,56.447839872000003,49.138434486000001,57.865167726000003
3161,O,oap1,-0.80000001192092896,56.447839872000003,49.138434486000001,64.740167725999996
3162,O,oap1,-0.80000001192092896,56.447839872000003,49.138434486000001,71.615167725999996
3163,O,oap1,-0.80000001192092896,56.447839872000003,49.138434486000001,78.490167725999996
3164,O,oap1,-0.60000002384185791,56.447839872000003,49.138434486000001,85.365167725999996
3165,O,oap1,-0.80000001192092896,56.447839872000003,58.555434486000003,37.240167726000003
3166,O,oap1,-0.80000001192092896,56.447839872000003,58.555434486000003,44.115167726000003
3167,O,oap1,-0.80000001192092896,56.447839872000003,58.555434486000003,50.990167726000003
3168,O,oap1,-0.80000001192092896,56.447839872000003,58.555434486000003,57.865167726000003
3169,O,oap1,-0.80000001192092896,56.447839872000003,58.555434486000003,64.740167725999996
3170,O,oap1,-0.80000001192092896,56.447839872000003,58.555434486000003,71.615167725999996
3171,O,oap1,-0.80000001192092896,56.447839872000003,58.555434486000003,78.490167725999996
3172,O,oap1,-0.60000002384185791,56.447839872000003,58.555434486000003,85.365167725999996
3173,O,oap1,-0.80000001192092896,64.603201099000003,44.429934486000001,37.240167726000003
3174,O,oap1,-0.80000001192092896,64.603201099000003,44.429934486000001,44.115167726000003
3175,O,oap1,-0.80000001192092896,64.603201099000003,44.429934486000001,50.990167726000003
3176,O,oap1,-0.80000001192092896,64.603201099000003,44.429934486000001,57.865167726000003
3177,O,oap1,-0.80000001192092896,64.603201099000003,44.429934486000001,64.740167725999996
3178,O,oap1,-0.80000001192092896,64.603201099000003,44.429934486000001,71.615167725999996
3179,O,oap1,-0.80000001192092896,64.603201099000003,44.429934486000001,78.490167725999996
3180,O,oap1,-0.60000002384185791,64.603201099000003,44.429934486000001,85.365167725999996
3181,O,oap1,-0.80000001192092896,64.603201099000003,53.846934486000002,37.240167726000003
3182,O,oap1,-0.80000001192092896,64.603201099000003,53.846934486000002,44.115167726000003
3183,O,oap1,-0.80000001192092896,64.603201099000003,53.846934486000002,50.990167726000003
3184,O,oap1,-0.80000001192092896,64.603201099000003,53.846934486000002,57.865167726000003
3185,O,oap1,-0.80000001192092896,64.603201099000003,53.846934486000002,64.740167725999996
3186,O,oap1,-0.80000001192092896,64.603201099000003,53.846934486000002,71.615167725999996
3187,O,oap1,-0.80000001192092896,64.603201099000003,53.846934486000002,78.490167725999996
3188,O,oap1,-0.60000002384185791,64.603201099000003,53.846934486000002,85.365167725999996
3189,O,oap1,-0.60000002384185791,38.031402988000004,38.316417735999998,37.240167726000003
3190,O,oap1,-0.60000002384185791,38.031402988000004,38.316417735999998,44.115167726000003
3191,O,oap1,-0.60000002384185791,38.031402988000004,38.316417735999998,50.990167726000003
3192,O,oap1,-0.60000002384185791,38.031402988000004,38.316417735999998,57.865167726000003
3193,O,oap1,-0.60000002384185791,38.031402988000004,38.316417735999998,64.740167725999996
3194,O,oap1,-0.60000002384185791,38.031402988000004,38.316417735999998,71.615167725999996
3195,O,oap1,-0.60000002384185791,38.031402988000004,38.316417735999998,78.490167725999996
3196,O,oap1,-0.60000002384185791,38.031402988000004,38.316417735999998,85.365167725999996
3197,O,oap1,-0.80000001192092896,38.031402988000004,47.733417736,37.240167726000003
3198,O,oap1,-0.80000001192092896,38.031402988000004,47.733417736,44.115167726000003
3199,O,oap1,-0.80000001192092896,38.031402988000004,47.733417736,50.990167726000003
3200,O,oap1,-0.80000001192092896,38.031402988000004,47.733417736,57.865167726000003
3201,O,oap1,-0.80000001192092896,38.031402988000004,47.733417736,64.740167725999996
3202,O,oap1,-0.80000001192092896,38.031402988000004,47.733417736,71.615167725999996
3203,O,oap1,-0.80000001192092896,38.031402988000004,47.733417736,78.490167725999996
3204,O,oap1,-0.60000002384185791,38.031402988000004,47.733417736,85.365167725999996
3205,O,oap1,-0.80000001192092896,38.031402988000004,57.150417736000001,37.240167726000003
3206,O,oap1,-0.80000001192092896,38.031402988000004,57.150417736000001,44.115167726000003
3207,O,oap1,-0.80000001192092896,38.031402988000004,57.150417736000001,50.990167726000003
3208,O,oap1,-0.80000001192092896,38.031402988000004,57.150417736000001,57.865167726000003
3209,O,oap1,-0.80000001192092896,38.031402988000004,57.150417736000001,64.740167725999996
3210,O,oap1,-0.80000001192092896,38.031402988000004,57.150417736000001,71.615167725999996
3211,O,oap1,-0.80000001192092896,38.031402988000004,57.150417736000001,78.490167725999996
3212,O,oap1,-0.60000002384185791,38.031402988000004,57.150417736000001,85.365167725999996
3213,O,oap1,-0.60000002384185791,46.186764216,33.607917735999997,37.240167726000003
3214,O,oap1,-0.60000002384185791,46.186764216,33.607917735999997,44.115167726000003
3215,O,oap1,-0.60000002384185791,46.186764216,33.607917735999997,50.990167726000003
3216,O,oap1,-0.60000002384185791,46.186764216,33.607917735999997,57.865167726000003
3217,O,oap1,-0.60000002384185791,46.186764216,33.607917735999997,64.740167725999996
3218,O,oap1,-0.60000002384185791,46.186764216,33.607917735999997,71.615167725999996
3219,O,oap1,-0.60000002384185791,46.186764216,33.607917735999997,78.490167725999996
3220,O,oap1,-0.60000002384185791,46.186764216,33.607917735999997,85.365167725999996
3221,O,oap1,-0.80000001192092896,46.186764216,43.024917735999999,37.240167726000003
3222,O,oap1,-0.80000001192092896,46.186764216,43.024917735999999,44.115167726000003
3223,O,oap1,-0.80000001192092896,46.186764216,43.024917735999999,50.990167726000003
3224,O,oap1,-0.80000001192092896,46.186764216,43.024917735999999,57.865167726000003
3225,O,oap1,-0.80000001192092896,46.186764216,43.024917735999999,64.740167725999996
3226,O,oap1,-0.80000001192092896,46.186764216,43.024917735999999,71.615167725999996
3227,O,oap1,-0.80000001192092896,46.186764216,43.024917735999999,78.490167725999996
3228,O,oap1,-0.69499999284744263,46.186764216,43.024917735999999,85.365167725999996
3229,O,oap1,-0.80000001192092896,46.186764216,52.441917736000001,37.240167726000003
3230,O,oap1,-0.80000001192092896,46.186764216,52.441917736000001,44.115167726000003
3231,O,oap1,-0.80000001192092896,46.186764216,52.441917736000001,50.990167726000003
3232,O,oap1,-0.80000001192092896,46.186764216,52.441917736000001,57.865167726000003
3233,O,oap1,-0.80000001192092896,46.186764216,52.441917736000001,64.740167725999996
3234,O,oap1,-0.80000001192092896,46.186764216,52.441917736000001,71.615167725999996
3235,O,oap1,-0.80000001192092896,46.186764216,52.441917736000001,78.490167725999996
3236,O,oap1,-0.60000002384185791,46.186764216,52.441917736000001,85.365167725999996
3237,O,oap1,-0.80000001192092896,46.186764216,61.858917736000002,37.240167726000003
3238,O,oap1,-0.80000001192092896,46.186764216,61.858917736000002,44.115167726000003
3239,O,oap1,-0.80000001192092896,46.186764216,61.858917736000002,50.990167726000003
3240,O,oap1,-0.80000001192092896,46.186764216,61.858917736000002,57.865167726000003
3241,O,oap1,-0.80000001192092896,46.186764216,61.858917736000002,64.740167725999996
3242,O,oap1,-0.80000001192092896,46.186764216,61.858917736000002,71.615167725999996
3243,O,oap1,-0.80000001192092896,46.186764216,61.858917736000002,78.490167725999996
3244,O,oap1,-0.60000002384185791,46.186764216,61.858917736000002,85.365167725999996
3245,O,oap1,-0.80000001192092896,54.342125443,38.316417735999998,37.240167726000003
3246,O,oap1,-0.80000001192092896,54.342125443,38.316417735999998,44.115167726000003
3247,O,oap1,-0.80000001192092896,54.342125443,38.316417735999998,50.990167726000003
3248,O,oap1,-0.80000001192092896,54.342125443,38.316417735999998,57.865167726000003
3249,O,oap1,-0.80000001192092896,54.342125443,38.316417735999998,64.740167725999996
3250,O,oap1,-0.80000001192092896,54.342125443,38.316417735999998,71.615167725999996
3251,O,oap1,-0.80000001192092896,54.342125443,38.316417735999998,78.490167725999996
3252,O,oap1,-0.69499999284744263,54.342125443,38.316417735999998,85.365167725999996
3253,O,oap1,-0.80000001192092896,54.342125443,47.733417736,37.240167726000003
3254,O,oap1,-0.80000001192092896,54.342125443,47.733417736,44.115167726000003
3255,O,oap1,-0.80000001192092896,54.342125443,47.733417736,50.990167726000003
3256,O,oap1,-0.80000001192092896,54.342125443,47.733417736,57.865167726000003
3257,O,oap1,-0.80000001192092896,54.342125443,47.733417736,64.740167725999996
3258,O,oap1,-0.80000001192092896,54.342125443,47.733417736,71.615167725999996
3259,O,oap1,-0.80000001192092896,54.342125443,47.733417736,78.490167725999996
3260,O,oap1,-0.69499999284744263,54.342125443,47.733417736,85.365167725999996
3261,O,oap1,-0.80000001192092896,54.342125443,57.150417736000001,37.240167726000003
3262,O,oap1,-0.80000001192092896,54.342125443,57.150417736000001,44.115167726000003
3263,O,oap1,-0.80000001192092896,54.342125443,57.150417736000001,50.990167726000003
3264,O,oap1,-0.80000001192092896,54.342125443,57.150417736000001,57.865167726000003
3265,O,oap1,-0.80000001192092896,54.342125443,57.150417736000001,64.740167725999996
3266,O,oap1,-0.80000001192092896,54.342125443,57.150417736000001,71.615167725999996
3267,O,oap1,-0.80000001192092896,54.342125443,57.150417736000001,78.490167725999996
3268,O,oap1,-0.69499999284744263,54.342125443,57.150417736000001,85.365167725999996
3269,O,oap1,-0.80000001192092896,62.497486670000001,43.024917735999999,37.240167726000003
3270,O,oap1,-0.80000001192092896,62.497486670000001,43.024917735999999,44.115167726000003
3271,O,oap1,-0.80000001192092896,62.497486670000001,43.024917735999999,50.990167726000003
3272,O,oap1,-0.80000001192092896,62.497486670000001,43.024917735999999,57.865167726000003
3273,O,oap1,-0.80000001192092896,62.497486670000001,43.024917735999999,64.740167725999996
3274,O,oap1,-0.80000001192092896,62.497486670000001,43.024917735999999,71.615167725999996
3275,O,oap1,-0.80000001192092896,62.497486670000001,43.024917735999999,78.490167725999996
3276,O,oap1,-0.69499999284744263,62.497486670000001,43.024917735999999,85.365167725999996
3277,O,oap1,-0.80000001192092896,62.497486670000001,52.441917736000001,37.240167726000003
3278,O,oap1,-0.80000001192092896,62.497486670000001,52.441917736000001,44.115167726000003
3279,O,oap1,-0.80000001192092896,62.497486670000001,52.441917736000001,50.990167726000003
3280,O,oap1,-0.80000001192092896,62.497486670000001,52.441917736000001,57.865167726000003
3281,O,oap1,-0.80000001192092896,62.497486670000001,52.441917736000001,64.740167725999996
3282,O,oap1,-0.80000001192092896,62.497486670000001,52.441917736000001,71.615167725999996
3283,O,oap1,-0.80000001192092896,62.497486670000001,52.441917736000001,78.490167725999996
3284,O,oap1,-0.69499999284744263,62.497486670000001,52.441917736000001,85.365167725999996
3285,Ca,ca+h,1.5,41.54318301,47.237754031999998,37.240167726000003
3286,Ca,ca+h,1.5,41.54318301,47.237754031999998,44.115167726000003
3287,Ca,ca+h,1.5,41.54318301,47.237754031999998,50.990167726000003
3288,Ca,ca+h,1.5,41.54318301,47.237754031999998,57.865167726000003
3289,Ca,ca+h,1.5,41.54318301,47.237754031999998,64.740167725999996
3290,Ca,ca+h,1.5,41.54318301,47.237754031999998,71.615167725999996
3291,Ca,ca+h,1.5,41.54318301,47.237754031999998,78.490167725999996
3292,Ca,ca+h,1.5,41.54318301,56.654754032,37.240167726000003
3293,Ca,ca+h,1.5,41.54318301,56.654754032,44.115167726000003
3294,Ca,ca+h,1.5,41.54318301,56.654754032,50.990167726000003
3295,Ca,ca+h,1.5,41.54318301,56.654754032,57.865167726000003
3296,Ca,ca+h,1.5,41.54318301,56.654754032,64.740167725999996
3297,Ca,ca+h,1.5,41.54318301,56.654754032,71.615167725999996
3298,Ca,ca+h,1.5,41.54318301,56.654754032,78.490167725999996
3299,Ca,ca+h,1.5,49.698544237,42.529254031999997,37.240167726000003
3300,Ca,ca+h,1.5,49.698544237,42.529254031999997,44.115167726000003
3301,Ca,ca+h,1.5,49.698544237,42.529254031999997,50.990167726000003
3302,Ca,ca+h,1.5,49.698544237,42.529254031999997,57.865167726000003
3303,Ca,ca+h,1.5,49.698544237,42.529254031999997,64.740167725999996
3304,Ca,ca+h,1.5,49.698544237,42.529254031999997,71.615167725999996
3305,Ca,ca+h,1.5,49.698544237,42.529254031999997,78.490167725999996
3306,Ca,ca+h,1.5,49.698544237,51.946254031999999,37.240167726000003
3307,Ca,ca+h,1.5,49.698544237,51.946254031999999,44.115167726000003
3308,Ca,ca+h,1.5,49.698544237,51.946254031999999,50.990167726000003
3309,Ca,ca+h,1.5,49.698544237,51.946254031999999,57.865167726000003
3310,Ca,ca+h,1.5,49.698544237,51.946254031999999,64.740167725999996
3311,Ca,ca+h,1.5,49.698544237,51.946254031999999,71.615167725999996
3312,Ca,ca+h,1.5,49.698544237,51.946254031999999,78.490167725999996
3313,Ca,ca+h,1.5,49.698544237,51.946254031999999,85.365167725999996
3314,Ca,ca+h,1.5,49.698544237,61.363254032,37.240167726000003
3315,Ca,ca+h,1.5,49.698544237,61.363254032,44.115167726000003
3316,Ca,ca+h,1.5,49.698544237,61.363254032,50.990167726000003
3317,Ca,ca+h,1.5,49.698544237,61.363254032,57.865167726000003
3318,Ca,ca+h,1.5,49.698544237,61.363254032,64.740167725999996
3319,Ca,ca+h,1.5,49.698544237,61.363254032,71.615167725999996
3320,Ca,ca+h,1.5,49.698544237,61.363254032,78.490167725999996
3321,Ca,ca+h,1.5,57.853905464999997,37.820754032000004,37.240167726000003
3322,Ca,ca+h,1.5,57.853905464999997,37.820754032000004,50.990167726000003
3323,Ca,ca+h,1.5,57.853905464999997,37.820754032000004,57.865167726000003
3324,Ca,ca+h,1.5,57.853905464999997,37.820754032000004,64.740167725999996
3325,Ca,ca+h,1.5,57.853905464999997,37.820754032000004,71.615167725999996
3326,Ca,ca+h,1.5,57.853905464999997,37.820754032000004,78.490167725999996
3327,Ca,ca+h,1.5,57.853905464999997,47.237754031999998,37.240167726000003
3328,Ca,ca+h,1.5,57.853905464999997,47.237754031999998,44.115167726000003
3329,Ca,ca+h,1.5,57.853905464999997,47.237754031999998,50.990167726000003
3330,Ca,ca+h,1.5,57.853905464999997,47.237754031999998,57.865167726000003
3331,Ca,ca+h,1.5,57.853905464999997,47.237754031999998,64.740167725999996
3332,Ca,ca+h,1.5,57.853905464999997,47.237754031999998,71.615167725999996
3333,Ca,ca+h,1.5,57.853905464999997,47.237754031999998,78.490167725999996
3334,Ca,ca+h,1.5,57.853905464999997,56.654754032,37.240167726000003
3335,Ca,ca+h,1.5,57.853905464999997,56.654754032,44.115167726000003
3336,Ca,ca+h,1.5,57.853905464999997,56.654754032,50.990167726000003
3337,Ca,ca+h,1.5,57.853905464999997,56.654754032,57.865167726000003
3338,Ca,ca+h,1.5,57.853905464999997,56.654754032,64.740167725999996
3339,Ca,ca+h,1.5,57.853905464999997,56.654754032,71.615167725999996
3340,Ca,ca+h,1.5,57.853905464999997,56.654754032,78.490167725999996
3341,Ca,ca+h,1.5,66.009266691999997,42.529254031999997,37.240167726000003
3342,Ca,ca+h,1.5,66.009266691999997,42.529254031999997,50.990167726000003
3343,Ca,ca+h,1.5,66.009266691999997,42.529254031999997,64.740167725999996
3344,Ca,ca+h,1.5,66.009266691999997,42.529254031999997,71.615167725999996
3345,Ca,ca+h,1.5,66.009266691999997,51.946254031999999,37.240167726000003
3346,Ca,ca+h,1.5,66.009266691999997,51.946254031999999,50.990167726000003
3347,Ca,ca+h,1.5,66.009266691999997,51.946254031999999,57.865167726000003
3348,Ca,ca+h,1.5,66.009266691999997,51.946254031999999,64.740167725999996
3349,Ca,ca+h,1.5,66.009266691999997,51.946254031999999,71.615167725999996
3350,P,pap,1,43.259315727999997,40.239180957000002,37.240167726000003
3351,P,pap,1,43.259315727999997,40.239180957000002,44.115167726000003
3352,P,pap,1,43.259315727999997,40.239180957000002,50.990167726000003
3353,P,pap,1,43.259315727999997,40.239180957000002,57.865167726000003
3354,P,pap,1,43.259315727999997,40.239180957000002,64.740167725999996
3355,P,pap,1,43.259315727999997,40.239180957000002,71.615167725999996
3356,P,pap,1,43.259315727999997,40.239180957000002,78.490167725999996
3357,P,pap,1,43.259315727999997,40.239180957000002,85.365167725999996
3358,P,pap,1,43.259315727999997,49.656180956999997,37.240167726000003
3359,P,pap,1,43.259315727999997,49.656180956999997,44.115167726000003
3360,P,pap,1,43.259315727999997,49.656180956999997,50.990167726000003
3361,P,pap,1,43.259315727999997,49.656180956999997,57.865167726000003
3362,P,pap,1,43.259315727999997,49.656180956999997,64.740167725999996
3363,P,pap,1,43.259315727999997,49.656180956999997,71.615167725999996
3364,P,pap,1,43.259315727999997,49.656180956999997,78.490167725999996
3365,P,pap,1,43.259315727999997,49.656180956999997,85.365167725999996
3366,P,pap,1,43.259315727999997,59.073180956999998,37.240167726000003
3367,P,pap,1,43.259315727999997,59.073180956999998,44.115167726000003
3368,P,pap,1,43.259315727999997,59.073180956999998,50.990167726000003
3369,P,pap,1,43.259315727999997,59.073180956999998,57.865167726000003
3370,P,pap,1,43.259315727999997,59.073180956999998,64.740167725999996
3371,P,pap,1,43.259315727999997,59.073180956999998,71.615167725999996
3372,P,pap,1,43.259315727999997,59.073180956999998,78.490167725999996
3373,P,pap,1,43.259315727999997,59.073180956999998,85.365167725999996
3374,P,pap,1,51.414676954999997,35.530680957000001,37.240167726000003
3375,P,pap,1,51.414676954999997,35.530680957000001,44.115167726000003
3376,P,pap,1,51.414676954999997,35.530680957000001,50.990167726000003
3377,P,pap,1,51.414676954999997,35.530680957000001,57.865167726000003
3378,P,pap,1,51.414676954999997,35.530680957000001,64.740167725999996
3379,P,pap,1,51.414676954999997,35.530680957000001,71.615167725999996
3380,P,pap,1,51.414676954999997,35.530680957000001,78.490167725999996
3381,P,pap,1,51.414676954999997,35.530680957000001,85.365167725999996
3382,P,pap,1,51.414676954999997,44.947680957000003,37.240167726000003
3383,P,pap,1,51.414676954999997,44.947680957000003,44.115167726000003
3384,P,pap,1,51.414676954999997,44.947680957000003,50.990167726000003
3385,P,pap,1,51.414676954999997,44.947680957000003,57.865167726000003
3386,P,pap,1,51.414676954999997,44.947680957000003,64.740167725999996
3387,P,pap,1,51.414676954999997,44.947680957000003,71.615167725999996
3388,P,pap,1,51.414676954999997,44.947680957000003,78.490167725999996
3389,P,pap,1,51.414676954999997,44.947680957000003,85.365167725999996
3390,P,pap,1,51.414676954999997,54.364680956999997,37.240167726000003
3391,P,pap,1,51.414676954999997,54.364680956999997,44.115167726000003
3392,P,pap,1,51.414676954999997,54.364680956999997,50.990167726000003
3393,P,pap,1,51.414676954999997,54.364680956999997,57.865167726000003
3394,P,pap,1,51.414676954999997,54.364680956999997,64.740167725999996
3395,P,pap,1,51.414676954999997,54.364680956999997,71.615167725999996
3396,P,pap,1,51.414676954999997,54.364680956999997,78.490167725999996
3397,P,pap,1,51.414676954999997,54.364680956999997,85.365167725999996
3398,P,pap,1,51.414676954999997,63.781680956999999,37.240167726000003
3399,P,pap,1,51.414676954999997,63.781680956999999,44.115167726000003
3400,P,pap,1,51.414676954999997,63.781680956999999,50.990167726000003
3401,P,pap,1,51.414676954999997,63.781680956999999,57.865167726000003
3402,P,pap,1,51.414676954999997,63.781680956999999,64.740167725999996
3403,P,pap,1,51.414676954999997,63.781680956999999,71.615167725999996
3404,P,pap,1,51.414676954999997,63.781680956999999,78.490167725999996
3405,P,pap,1,51.414676954999997,63.781680956999999,85.365167725999996
3406,P,pap,1,59.570038183000001,40.239180957000002,37.240167726000003
3407,P,pap,1,59.570038183000001,40.239180957000002,44.115167726000003
3408,P,pap,1,59.570038183000001,40.239180957000002,50.990167726000003
3409,P,pap,1,59.570038183000001,40.239180957000002,57.865167726000003
3410,P,pap,1,59.570038183000001,40.239180957000002,64.740167725999996
3411,P,pap,1,59.570038183000001,40.239180957000002,71.615167725999996
3412,P,pap,1,59.570038183000001,40.239180957000002,78.490167725999996
3413,P,pap,1,59.570038183000001,40.239180957000002,85.365167725999996
3414,P,pap,1,59.570038183000001,49.656180956999997,37.240167726000003
3415,P,pap,1,59.570038183000001,49.656180956999997,44.115167726000003
3416,P,pap,1,59.570038183000001,49.656180956999997,50.990167726000003
3417,P,pap,1,59.570038183000001,49.656180956999997,57.865167726000003
3418,P,pap,1,59.570038183000001,49.656180956999997,64.740167725999996
3419,P,pap,1,59.570038183000001,49.656180956999997,71.615167725999996
3420,P,pap,1,59.570038183000001,49.656180956999997,78.490167725999996
3421,P,pap,1,59.570038183000001,49.656180956999997,85.365167725999996
3422,P,pap,1,59.570038183000001,59.073180956999998,37.240167726000003
3423,P,pap,1,59.570038183000001,59.073180956999998,44.115167726000003
3424,P,pap,1,59.570038183000001,59.073180956999998,50.990167726000003
3425,P,pap,1,59.570038183000001,59.073180956999998,57.865167726000003
3426,P,pap,1,59.570038183000001,59.073180956999998,64.740167725999996
3427,P,pap,1,59.570038183000001,59.073180956999998,71.615167725999996
3428,P,pap,1,59.570038183000001,59.073180956999998,78.490167725999996
3429,P,pap,1,59.570038183000001,59.073180956999998,85.365167725999996
3430,P,pap,1,67.725399409999994,44.947680957000003,37.240167726000003
3431,P,pap,1,67.725399409999994,44.947680957000003,44.115167726000003
3432,P,pap,1,67.725399409999994,44.947680957000003,50.990167726000003
3433,P,pap,1,67.725399409999994,44.947680957000003,57.865167726000003
3434,P,pap,1,67.725399409999994,44.947680957000003,64.740167725999996
3435,P,pap,1,67.725399409999994,44.947680957000003,71.615167725999996
3436,P,pap,1,67.725399409999994,44.947680957000003,78.490167725999996
3437,P,pap,1,67.725399409999994,44.947680957000003,85.365167725999996
3438,P,pap,1,67.725399409999994,54.364680956999997,37.240167726000003
3439,P,pap,1,67.725399409999994,54.364680956999997,44.115167726000003
3440,P,pap,1,67.725399409999994,54.364680956999997,50.990167726000003
3441,P,pap,1,67.725399409999994,54.364680956999997,57.865167726000003
3442,P,pap,1,67.725399409999994,54.364680956999997,64.740167725999996
3443,P,pap,1,67.725399409999994,54.364680956999997,71.615167725999996
3444,P,pap,1,67.725399409999994,54.364680956999997,78.490167725999996
3445,P,pap,1,67.725399409999994,54.364680956999997,85.365167725999996
3446,O,oap1,-0.80000001192092896,42.507880346999997,41.579879251999998,37.240167726000003
3447,O,oap1,-0.80000001192092896,42.507880346999997,41.579879251999998,44.115167726000003
3448,O,oap1,-0.80000001192092896,42.507880346999997,41.579879251999998,50.990167726000003
3449,O,oap1,-0.80000001192092896,42.507880346999997,41.579879251999998,57.865167726000003
3450,O,oap1,-0.80000001192092896,42.507880346999997,41.579879251999998,64.740167725999996
3451,O,oap1,-0.80000001192092896,42.507880346999997,41.579879251999998,71.615167725999996
3452,O,oap1,-0.80000001192092896,42.507880346999997,41.579879251999998,78.490167725999996
3453,O,oap1,-0.69499999284744263,42.507880346999997,41.579879251999998,85.365167725999996
3454,O,oap1,-0.80000001192092896,42.507880346999997,50.996879251999999,37.240167726000003
3455,O,oap1,-0.80000001192092896,42.507880346999997,50.996879251999999,44.115167726000003
3456,O,oap1,-0.80000001192092896,42.507880346999997,50.996879251999999,50.990167726000003
3457,O,oap1,-0.80000001192092896,42.507880346999997,50.996879251999999,57.865167726000003
3458,O,oap1,-0.80000001192092896,42.507880346999997,50.996879251999999,64.740167725999996
3459,O,oap1,-0.80000001192092896,42.507880346999997,50.996879251999999,71.615167725999996
3460,O,oap1,-0.80000001192092896,42.507880346999997,50.996879251999999,78.490167725999996
3461,O,oap1,-0.69499999284744263,42.507880346999997,50.996879251999999,85.365167725999996
3462,O,oap1,-0.80000001192092896,42.507880346999997,60.413879252000001,37.240167726000003
3463,O,oap1,-0.80000001192092896,42.507880346999997,60.413879252000001,44.115167726000003
3464,O,oap1,-0.80000001192092896,42.507880346999997,60.413879252000001,50.990167726000003
3465,O,oap1,-0.80000001192092896,42.507880346999997,60.413879252000001,57.865167726000003
3466,O,oap1,-0.80000001192092896,42.507880346999997,60.413879252000001,64.740167725999996
3467,O,oap1,-0.80000001192092896,42.507880346999997,60.413879252000001,71.615167725999996
3468,O,oap1,-0.80000001192092896,42.507880346999997,60.413879252000001,78.490167725999996
3469,O,oap1,-0.69499999284744263,42.507880346999997,60.413879252000001,85.365167725999996
3470,O,oap1,-0.80000001192092896,50.663241573999997,36.871379251999997,37.240167726000003
3471,O,oap1,-0.80000001192092896,50.663241573999997,36.871379251999997,44.115167726000003
3472,O,oap1,-0.80000001192092896,50.663241573999997,36.871379251999997,50.990167726000003
3473,O,oap1,-0.80000001192092896,50.663241573999997,36.871379251999997,57.865167726000003
3474,O,oap1,-0.80000001192092896,50.663241573999997,36.871379251999997,64.740167725999996
3475,O,oap1,-0.80000001192092896,50.663241573999997,36.871379251999997,71.615167725999996
3476,O,oap1,-0.80000001192092896,50.663241573999997,36.871379251999997,78.490167725999996
3477,O,oap1,-0.60000002384185791,50.663241573999997,36.871379251999997,85.365167725999996
3478,O,oap1,-0.80000001192092896,50.663241573999997,46.288379251999999,37.240167726000003
3479,O,oap1,-0.80000001192092896,50.663241573999997,46.288379251999999,44.115167726000003
3480,O,oap1,-0.80000001192092896,50.663241573999997,46.288379251999999,50.990167726000003
3481,O,oap1,-0.80000001192092896,50.663241573999997,46.288379251999999,57.865167726000003
3482,O,oap1,-0.80000001192092896,50.663241573999997,46.288379251999999,64.740167725999996
3483,O,oap1,-0.80000001192092896,50.663241573999997,46.288379251999999,71.615167725999996
3484,O,oap1,-0.80000001192092896,50.663241573999997,46.288379251999999,78.490167725999996
3485,O,oap1,-0.69499999284744263,50.663241573999997,46.288379251999999,85.365167725999996
3486,O,oap1,-0.80000001192092896,50.663241573999997,55.705379252,37.240167726000003
3487,O,oap1,-0.80000001192092896,50.663241573999997,55.705379252,44.115167726000003
3488,O,oap1,-0.80000001192092896,50.663241573999997,55.705379252,50.990167726000003
3489,O,oap1,-0.80000001192092896,50.663241573999997,55.705379252,57.865167726000003
3490,O,oap1,-0.80000001192092896,50.663241573999997,55.705379252,64.740167725999996
3491,O,oap1,-0.80000001192092896,50.663241573999997,55.705379252,71.615167725999996
3492,O,oap1,-0.80000001192092896,50.663241573999997,55.705379252,78.490167725999996
3493,O,oap1,-0.69499999284744263,50.663241573999997,55.705379252,85.365167725999996
3494,O,oap1,-0.80000001192092896,50.663241573999997,65.122379252000002,37.240167726000003
3495,O,oap1,-0.80000001192092896,50.663241573999997,65.122379252000002,44.115167726000003
3496,O,oap1,-0.80000001192092896,50.663241573999997,65.122379252000002,50.990167726000003
3497,O,oap1,-0.80000001192092896,50.663241573999997,65.122379252000002,57.865167726000003
3498,O,oap1,-0.80000001192092896,50.663241573999997,65.122379252000002,64.740167725999996
3499,O,oap1,-0.80000001192092896,50.663241573999997,65.122379252000002,71.615167725999996
3500,O,oap1,-0.80000001192092896,50.663241573999997,65.122379252000002,78.490167725999996
3501,O,oap1,-0.69499999284744263,50.663241573999997,65.122379252000002,85.365167725999996
3502,O,oap1,-0.80000001192092896,58.818602802000001,41.579879251999998,37.240167726000003
3503,O,oap1,-0.80000001192092896,58.818602802000001,41.579879251999998,44.115167726000003
3504,O,oap1,-0.80000001192092896,58.818602802000001,41.579879251999998,50.990167726000003
3505,O,oap1,-0.80000001192092896,58.818602802000001,41.579879251999998,57.865167726000003
3506,O,oap1,-0.80000001192092896,58.818602802000001,41.579879251999998,64.740167725999996
3507,O,oap1,-0.80000001192092896,58.818602802000001,41.579879251999998,71.615167725999996
3508,O,oap1,-0.80000001192092896,58.818602802000001,41.579879251999998,78.490167725999996
3509,O,oap1,-0.69499999284744263,58.818602802000001,41.579879251999998,85.365167725999996
3510,O,oap1,-0.80000001192092896,58.818602802000001,50.996879251999999,37.240167726000003
3511,O,oap1,-0.80000001192092896,58.818602802000001,50.996879251999999,44.115167726000003
3512,O,oap1,-0.80000001192092896,58.818602802000001,50.996879251999999,50.990167726000003
3513,O,oap1,-0.80000001192092896,58.818602802000001,50.996879251999999,57.865167726000003
3514,O,oap1,-0.80000001192092896,58.818602802000001,50.996879251999999,64.740167725999996
3515,O,oap1,-0.80000001192092896,58.818602802000001,50.996879251999999,71.615167725999996
3516,O,oap1,-0.80000001192092896,58.818602802000001,50.996879251999999,78.490167725999996
3517,O,oap1,-0.69499999284744263,58.818602802000001,50.996879251999999,85.365167725999996
3518,O,oap1,-0.80000001192092896,58.818602802000001,60.413879252000001,37.240167726000003
3519,O,oap1,-0.80000001192092896,58.818602802000001,60.413879252000001,44.115167726000003
3520,O,oap1,-0.80000001192092896,58.818602802000001,60.413879252000001,50.990167726000003
3521,O,oap1,-0.80000001192092896,58.818602802000001,60.413879252000001,57.865167726000003
3522,O,oap1,-0.80000001192092896,58.818602802000001,60.413879252000001,64.740167725999996
3523,O,oap1,-0.80000001192092896,58.818602802000001,60.413879252000001,71.615167725999996
3524,O,oap1,-0.80000001192092896,58.818602802000001,60.413879252000001,78.490167725999996
3525,O,oap1,-0.69499999284744263,58.818602802000001,60.413879252000001,85.365167725999996
3526,O,oap1,-0.69499999284744263,66.973964029000001,46.288379251999999,37.240167726000003
3527,O,oap1,-0.69499999284744263,66.973964029000001,46.288379251999999,44.115167726000003
3528,O,oap1,-0.69499999284744263,66.973964029000001,46.288379251999999,50.990167726000003
3529,O,oap1,-0.69499999284744263,66.973964029000001,46.288379251999999,57.865167726000003
3530,O,oap1,-0.60000002384185791,66.973964029000001,46.288379251999999,64.740167725999996
3531,O,oap1,-0.60000002384185791,66.973964029000001,46.288379251999999,71.615167725999996
3532,O,oap1,-0.60000002384185791,66.973964029000001,46.288379251999999,78.490167725999996
3533,O,oap1,-0.60000002384185791,66.973964029000001,46.288379251999999,85.365167725999996
3534,O,oap1,-0.69499999284744263,66.973964029000001,55.705379252,37.240167726000003
3535,O,oap1,-0.60000002384185791,66.973964029000001,55.705379252,44.115167726000003
3536,O,oap1,-0.69499999284744263,66.973964029000001,55.705379252,50.990167726000003
3537,O,oap1,-0.69499999284744263,66.973964029000001,55.705379252,57.865167726000003
3538,O,oap1,-0.69499999284744263,66.973964029000001,55.705379252,64.740167725999996
3539,O,oap1,-0.60000002384185791,66.973964029000001,55.705379252,71.615167725999996
3540,O,oap1,-0.60000002384185791,66.973964029000001,55.705379252,78.490167725999996
3541,O,oap1,-0.60000002384185791,66.973964029000001,55.705379252,85.365167725999996
3542,O,oap1,-0.80000001192092896,44.777517758999998,40.458785438,37.240167726000003
3543,O,oap1,-0.80000001192092896,44.777517758999998,40.458785438,44.115167726000003
3544,O,oap1,-0.80000001192092896,44.777517758999998,40.458785438,50.990167726000003
3545,O,oap1,-0.80000001192092896,44.777517758999998,40.458785438,57.865167726000003
3546,O,oap1,-0.80000001192092896,44.777517758999998,40.458785438,64.740167725999996
3547,O,oap1,-0.80000001192092896,44.777517758999998,40.458785438,71.615167725999996
3548,O,oap1,-0.80000001192092896,44.777517758999998,40.458785438,78.490167725999996
3549,O,oap1,-0.60000002384185791,44.777517758999998,40.458785438,85.365167725999996
3550,O,oap1,-0.80000001192092896,44.777517758999998,49.875785438000001,37.240167726000003
3551,O,oap1,-0.80000001192092896,44.777517758999998,49.875785438000001,44.115167726000003
3552,O,oap1,-0.80000001192092896,44.777517758999998,49.875785438000001,50.990167726000003
3553,O,oap1,-0.80000001192092896,44.777517758999998,49.875785438000001,57.865167726000003
3554,O,oap1,-0.80000001192092896,44.777517758999998,49.875785438000001,64.740167725999996
3555,O,oap1,-0.80000001192092896,44.777517758999998,49.875785438000001,71.615167725999996
3556,O,oap1,-0.80000001192092896,44.777517758999998,49.875785438000001,78.490167725999996
3557,O,oap1,-0.60000002384185791,44.777517758999998,49.875785438000001,85.365167725999996
3558,O,oap1,-0.80000001192092896,44.777517758999998,59.292785438000003,37.240167726000003
3559,O,oap1,-0.80000001192092896,44.777517758999998,59.292785438000003,44.115167726000003
3560,O,oap1,-0.80000001192092896,44.777517758999998,59.292785438000003,50.990167726000003
3561,O,oap1,-0.80000001192092896,44.777517758999998,59.292785438000003,57.865167726000003
3562,O,oap1,-0.80000001192092896,44.777517758999998,59.292785438000003,64.740167725999996
3563,O,oap1,-0.80000001192092896,44.777517758999998,59.292785438000003,71.615167725999996
3564,O,oap1,-0.80000001192092896,44.777517758999998,59.292785438000003,78.490167725999996
3565,O,oap1,-0.60000002384185791,44.777517758999998,59.292785438000003,85.365167725999996
3566,O,oap1,-0.80000001192092896,52.932878985999999,35.750285437999999,37.240167726000003
3567,O,oap1,-0.80000001192092896,52.932878985999999,35.750285437999999,44.115167726000003
3568,O,oap1,-0.80000001192092896,52.932878985999999,35.750285437999999,50.990167726000003
3569,O,oap1,-0.80000001192092896,52.932878985999999,35.750285437999999,57.865167726000003
3570,O,oap1,-0.80000001192092896,52.932878985999999,35.750285437999999,64.740167725999996
3571,O,oap1,-0.80000001192092896,52.932878985999999,35.750285437999999,71.615167725999996
3572,O,oap1,-0.80000001192092896,52.932878985999999,35.750285437999999,78.490167725999996
3573,O,oap1,-0.69499999284744263,52.932878985999999,35.750285437999999,85.365167725999996
3574,O,oap1,-0.80000001192092896,52.932878985999999,45.167285438,37.240167726000003
3575,O,oap1,-0.80000001192092896,52.932878985999999,45.167285438,44.115167726000003
3576,O,oap1,-0.80000001192092896,52.932878985999999,45.167285438,50.990167726000003
3577,O,oap1,-0.80000001192092896,52.932878985999999,45.167285438,57.865167726000003
3578,O,oap1,-0.80000001192092896,52.932878985999999,45.167285438,64.740167725999996
3579,O,oap1,-0.80000001192092896,52.932878985999999,45.167285438,71.615167725999996
3580,O,oap1,-0.80000001192092896,52.932878985999999,45.167285438,78.490167725999996
3581,O,oap1,-0.60000002384185791,52.932878985999999,45.167285438,85.365167725999996
3582,O,oap1,-0.80000001192092896,52.932878985999999,54.584285438000002,37.240167726000003
3583,O,oap1,-0.80000001192092896,52.932878985999999,54.584285438000002,44.115167726000003
3584,O,oap1,-0.80000001192092896,52.932878985999999,54.584285438000002,50.990167726000003
3585,O,oap1,-0.80000001192092896,52.932878985999999,54.584285438000002,57.865167726000003
3586,O,oap1,-0.80000001192092896,52.932878985999999,54.584285438000002,64.740167725999996
3587,O,oap1,-0.80000001192092896,52.932878985999999,54.584285438000002,71.615167725999996
3588,O,oap1,-0.80000001192092896,52.932878985999999,54.584285438000002,78.490167725999996
3589,O,oap1,-0.60000002384185791,52.932878985999999,54.584285438000002,85.365167725999996
3590,O,oap1,-0.80000001192092896,52.932878985999999,64.001285437999996,37.240167726000003
3591,O,oap1,-0.80000001192092896,52.932878985999999,64.001285437999996,44.115167726000003
3592,O,oap1,-0.80000001192092896,52.932878985999999,64.001285437999996,50.990167726000003
3593,O,oap1,-0.80000001192092896,52.932878985999999,64.001285437999996,57.865167726000003
3594,O,oap1,-0.80000001192092896,52.932878985999999,64.001285437999996,64.740167725999996
3595,O,oap1,-0.80000001192092896,52.932878985999999,64.001285437999996,71.615167725999996
3596,O,oap1,-0.80000001192092896,52.932878985999999,64.001285437999996,78.490167725999996
3597,O,oap1,-0.60000002384185791,52.932878985999999,64.001285437999996,85.365167725999996
3598,O,oap1,-0.80000001192092896,61.088240214000002,40.458785438,37.240167726000003
3599,O,oap1,-0.80000001192092896,61.088240214000002,40.458785438,44.115167726000003
3600,O,oap1,-0.80000001192092896,61.088240214000002,40.458785438,50.990167726000003
3601,O,oap1,-0.80000001192092896,61.088240214000002,40.458785438,57.865167726000003
3602,O,oap1,-0.80000001192092896,61.088240214000002,40.458785438,64.740167725999996
3603,O,oap1,-0.80000001192092896,61.088240214000002,40.458785438,71.615167725999996
3604,O,oap1,-0.80000001192092896,61.088240214000002,40.458785438,78.490167725999996
3605,O,oap1,-0.60000002384185791,61.088240214000002,40.458785438,85.365167725999996
3606,O,oap1,-0.80000001192092896,61.088240214000002,49.875785438000001,37.240167726000003
3607,O,oap1,-0.80000001192092896,61.088240214000002,49.875785438000001,44.115167726000003
3608,O,oap1,-0.80000001192092896,61.088240214000002,49.875785438000001,50.990167726000003
3609,O,oap1,-0.80000001192092896,61.088240214000002,49.875785438000001,57.865167726000003
3610,O,oap1,-0.80000001192092896,61.088240214000002,49.875785438000001,64.740167725999996
3611,O,oap1,-0.80000001192092896,61.088240214000002,49.875785438000001,71.615167725999996
3612,O,oap1,-0.80000001192092896,61.088240214000002,49.875785438000001,78.490167725999996
3613,O,oap1,-0.60000002384185791,61.088240214000002,49.875785438000001,85.365167725999996
3614,O,oap1,-0.80000001192092896,61.088240214000002,59.292785438000003,37.240167726000003
3615,O,oap1,-0.80000001192092896,61.088240214000002,59.292785438000003,44.115167726000003
3616,O,oap1,-0.80000001192092896,61.088240214000002,59.292785438000003,50.990167726000003
3617,O,oap1,-0.80000001192092896,61.088240214000002,59.292785438000003,57.865167726000003
3618,O,oap1,-0.80000001192092896,61.088240214000002,59.292785438000003,64.740167725999996
3619,O,oap1,-0.80000001192092896,61.088240214000002,59.292785438000003,71.615167725999996
3620,O,oap1,-0.80000001192092896,61.088240214000002,59.292785438000003,78.490167725999996
3621,O,oap1,-0.60000002384185791,61.088240214000002,59.292785438000003,85.365167725999996
3622,O,oap1,-0.60000002384185791,69.243601440999996,45.167285438,37.240167726000003
3623,O,oap1,-0.60000002384185791,69.243601440999996,45.167285438,44.115167726000003
3624,O,oap1,-0.60000002384185791,69.243601440999996,45.167285438,50.990167726000003
3625,O,oap1,-0.60000002384185791,69.243601440999996,45.167285438,57.865167726000003
3626,O,oap1,-0.60000002384185791,69.243601440999996,45.167285438,64.740167725999996
3627,O,oap1,-0.60000002384185791,69.243601440999996,45.167285438,71.615167725999996
3628,O,oap1,-0.60000002384185791,69.243601440999996,45.167285438,78.490167725999996
3629,O,oap1,-0.60000002384185791,69.243601440999996,45.167285438,85.365167725999996
3630,O,oap1,-0.60000002384185791,69.243601440999996,54.584285438000002,37.240167726000003
3631,O,oap1,-0.60000002384185791,69.243601440999996,54.584285438000002,44.115167726000003
3632,O,oap1,-0.60000002384185791,69.243601440999996,54.584285438000002,50.990167726000003
3633,O,oap1,-0.60000002384185791,69.243601440999996,54.584285438000002,57.865167726000003
3634,O,oap1,-0.60000002384185791,69.243601440999996,54.584285438000002,64.740167725999996
3635,O,oap1,-0.60000002384185791,69.243601440999996,54.584285438000002,71.615167725999996
3636,O,oap1,-0.60000002384185791,69.243601440999996,54.584285438000002,78.490167725999996
3637,O,oap1,-0.60000002384185791,69.243601440999996,54.584285438000002,85.365167725999996
3638,O,oap2,-1.1000000238418579,43.504465830999997,46.043537176999997,37.598355245
3639,O,oap2,-1.1000000238418579,43.504465830999997,46.043537176999997,44.473355245
3640,O,oap2,-1.1000000238418579,43.504465830999997,46.043537176999997,51.348355245
3641,O,oap2,-1.1000000238418579,43.504465830999997,46.043537176999997,58.223355245
3642,O,oap2,-1.1000000238418579,43.504465830999997,46.043537176999997,65.098355244999993
3643,O,oap2,-1.1000000238418579,43.504465830999997,46.043537176999997,71.973355244999993
3644,O,oap2,-1.1000000238418579,43.504465830999997,46.043537176999997,78.848355244999993
3645,O,oap2,-1.1000000238418579,43.504465830999997,55.460537176999999,37.598355245
3646,O,oap2,-1.1000000238418579,43.504465830999997,55.460537176999999,44.473355245
3647,O,oap2,-1.1000000238418579,43.504465830999997,55.460537176999999,51.348355245
3648,O,oap2,-1.1000000238418579,43.504465830999997,55.460537176999999,58.223355245
3649,O,oap2,-1.1000000238418579,43.504465830999997,55.460537176999999,65.098355244999993
3650,O,oap2,-1.1000000238418579,43.504465830999997,55.460537176999999,71.973355244999993
3651,O,oap2,-1.1000000238418579,43.504465830999997,55.460537176999999,78.848355244999993
3652,O,oap2,-1.1000000238418579,51.659827059000001,41.335037176999997,37.598355245
3653,O,oap2,-1.1000000238418579,51.659827059000001,41.335037176999997,44.473355245
3654,O,oap2,-1.1000000238418579,51.659827059000001,41.335037176999997,51.348355245
3655,O,oap2,-1.1000000238418579,51.659827059000001,41.335037176999997,58.223355245
3656,O,oap2,-1.1000000238418579,51.659827059000001,41.335037176999997,65.098355244999993
3657,O,oap2,-1.1000000238418579,51.659827059000001,41.335037176999997,71.973355244999993
3658,O,oap2,-1.1000000238418579,51.659827059000001,41.335037176999997,78.848355244999993
3659,O,oap2,-1.1000000238418579,51.659827059000001,50.752037176999998,37.598355245
3660,O,oap2,-1.1000000238418579,51.659827059000001,50.752037176999998,44.473355245
3661,O,oap2,-1.1000000238418579,51.659827059000001,50.752037176999998,51.348355245
3662,O,oap2,-1.1000000238418579,51.659827059000001,50.752037176999998,58.223355245
3663,O,oap2,-1.1000000238418579,51.659827059000001,50.752037176999998,65.098355244999993
3664,O,oap2,-1.1000000238418579,51.659827059000001,50.752037176999998,71.973355244999993
3665,O,oap2,-1.1000000238418579,51.659827059000001,50.752037176999998,78.848355244999993
3666,O,oap2,-1.1000000238418579,51.659827059000001,60.169037177,37.598355245
3667,O,oap2,-1.1000000238418579,51.659827059000001,60.169037177,44.473355245
3668,O,oap2,-1.1000000238418579,51.659827059000001,60.169037177,51.348355245
3669,O,oap2,-1.1000000238418579,51.659827059000001,60.169037177,58.223355245
3670,O,oap2,-1.1000000238418579,51.659827059000001,60.169037177,65.098355244999993
3671,O,oap2,-1.1000000238418579,51.659827059000001,60.169037177,71.973355244999993
3672,O,oap2,-1.1000000238418579,51.659827059000001,60.169037177,78.848355244999993
3673,O,oap2,-1.1000000238418579,59.815188286000001,46.043537176999997,37.598355245
3674,O,oap2,-1.1000000238418579,59.815188286000001,46.043537176999997,44.473355245
3675,O,oap2,-1.1000000238418579,59.815188286000001,46.043537176999997,51.348355245
3676,O,oap2,-1.1000000238418579,59.815188286000001,46.043537176999997,58.223355245
3677,O,oap2,-1.1000000238418579,59.815188286000001,46.043537176999997,65.098355244999993
3678,O,oap2,-1.1000000238418579,59.815188286000001,46.043537176999997,71.973355244999993
3679,O,oap2,-1.1000000238418579,59.815188286000001,46.043537176999997,78.848355244999993
3680,O,oap2,-1.1000000238418579,59.815188286000001,55.460537176999999,37.598355245
3681,O,oap2,-1.1000000238418579,59.815188286000001,55.460537176999999,44.473355245
3682,O,oap2,-1.1000000238418579,59.815188286000001,55.460537176999999,51.348355245
3683,O,oap2,-1.1000000238418579,59.815188286000001,55.460537176999999,58.223355245
3684,O,oap2,-1.1000000238418579,59.815188286000001,55.460537176999999,65.098355244999993
3685,O,oap2,-1.1000000238418579,59.815188286000001,55.460537176999999,71.973355244999993
3686,O,oap2,-1.1000000238418579,59.815188286000001,55.460537176999999,78.848355244999993
3687,O,oap2,-1.1000000238418579,43.504465830999997,46.043537176999997,41.035855245
3688,O,oap2,-1.1000000238418579,43.504465830999997,46.043537176999997,47.910855245
3689,O,oap2,-1.1000000238418579,43.504465830999997,46.043537176999997,54.785855245
3690,O,oap2,-1.1000000238418579,43.504465830999997,46.043537176999997,61.660855245
3691,O,oap2,-1.1000000238418579,43.504465830999997,46.043537176999997,68.535855244999993
3692,O,oap2,-1.1000000238418579,43.504465830999997,46.043537176999997,75.410855244999993
3693,O,oap2,-1.1000000238418579,43.504465830999997,46.043537176999997,82.285855244999993
3694,O,oap2,-1.1000000238418579,43.504465830999997,55.460537176999999,41.035855245
3695,O,oap2,-1.1000000238418579,43.504465830999997,55.460537176999999,47.910855245
3696,O,oap2,-1.1000000238418579,43.504465830999997,55.460537176999999,54.785855245
3697,O,oap2,-1.1000000238418579,43.504465830999997,55.460537176999999,61.660855245
3698,O,oap2,-1.1000000238418579,43.504465830999997,55.460537176999999,68.535855244999993
3699,O,oap2,-1.1000000238418579,43.504465830999997,55.460537176999999,75.410855244999993
3700,O,oap2,-1.1000000238418579,43.504465830999997,55.460537176999999,82.285855244999993
3701,O,oap2,-1.1000000238418579,51.659827059000001,41.335037176999997,41.035855245
3702,O,oap2,-1.1000000238418579,51.659827059000001,41.335037176999997,47.910855245
3703,O,oap2,-1.1000000238418579,51.659827059000001,41.335037176999997,54.785855245
3704,O,oap2,-1.1000000238418579,51.659827059000001,41.335037176999997,61.660855245
3705,O,oap2,-1.1000000238418579,51.659827059000001,41.335037176999997,68.535855244999993
3706,O,oap2,-1.1000000238418579,51.659827059000001,41.335037176999997,75.410855244999993
3707,O,oap2,-1.1000000238418579,51.659827059000001,41.335037176999997,82.285855244999993
3708,O,oap2,-1.1000000238418579,51.659827059000001,50.752037176999998,41.035855245
3709,O,oap2,-1.1000000238418579,51.659827059000001,50.752037176999998,47.910855245
3710,O,oap2,-1.1000000238418579,51.659827059000001,50.752037176999998,54.785855245
3711,O,oap2,-1.1000000238418579,51.659827059000001,50.752037176999998,61.660855245
3712,O,oap2,-1.1000000238418579,51.659827059000001,50.752037176999998,68.535855244999993
3713,O,oap2,-1.1000000238418579,51.659827059000001,50.752037176999998,75.410855244999993
3714,O,oap2,-1.1000000238418579,51.659827059000001,50.752037176999998,82.285855244999993
3715,O,oap2,-1.1000000238418579,51.659827059000001,60.169037177,41.035855245
3716,O,oap2,-1.1000000238418579,51.659827059000001,60.169037177,47.910855245
3717,O,oap2,-1.1000000238418579,51.659827059000001,60.169037177,54.785855245
3718,O,oap2,-1.1000000238418579,51.659827059000001,60.169037177,61.660855245
3719,O,oap2,-1.1000000238418579,51.659827059000001,60.169037177,68.535855244999993
3720,O,oap2,-1.1000000238418579,51.659827059000001,60.169037177,75.410855244999993
3721,O,oap2,-1.1000000238418579,51.659827059000001,60.169037177,82.285855244999993
3722,O,oap2,-1.1000000238418579,59.815188286000001,46.043537176999997,41.035855245
3723,O,oap2,-1.1000000238418579,59.815188286000001,46.043537176999997,47.910855245
3724,O,oap2,-1.1000000238418579,59.815188286000001,46.043537176999997,54.785855245
3725,O,oap2,-1.1000000238418579,59.815188286000001,46.043537176999997,61.660855245
3726,O,oap2,-1.1000000238418579,59.815188286000001,46.043537176999997,68.535855244999993
3727,O,oap2,-1.1000000238418579,59.815188286000001,46.043537176999997,75.410855244999993
3728,O,oap2,-1.1000000238418579,59.815188286000001,46.043537176999997,82.285855244999993
3729,O,oap2,-1.1000000238418579,59.815188286000001,55.460537176999999,41.035855245
3730,O,oap2,-1.1000000238418579,59.815188286000001,55.460537176999999,47.910855245
3731,O,oap2,-1.1000000238418579,59.815188286000001,55.460537176999999,54.785855245
3732,O,oap2,-1.1000000238418579,59.815188286000001,55.460537176999999,61.660855245
3733,O,oap2,-1.1000000238418579,59.815188286000001,55.460537176999999,68.535855244999993
3734,O,oap2,-1.1000000238418579,59.815188286000001,55.460537176999999,75.410855244999993
3735,O,oap2,-1.1000000238418579,59.815188286000001,55.460537176999999,82.285855244999993
3736,H,hop,0.20000000298023224,43.504463453,46.043768702000001,38.708355220000001
3737,H,hop,0.20000000298023224,43.504463453,46.043768702000001,45.583355220000001
3738,H,hop,0.20000000298023224,43.504463453,46.043768702000001,52.458355220000001
3739,H,hop,0.20000000298023224,43.504463453,46.043768702000001,59.333355220000001
3740,H,hop,0.20000000298023224,43.504463453,46.043768702000001,66.208355220000001
3741,H,hop,0.20000000298023224,43.504463453,46.043768702000001,73.083355220000001
3742,H,hop,0.20000000298023224,43.504463453,46.043768702000001,79.958355220000001
3743,H,hop,0.20000000298023224,43.504463453,55.460768702000003,38.708355220000001
3744,H,hop,0.20000000298023224,43.504463453,55.460768702000003,45.583355220000001
3745,H,hop,0.20000000298023224,43.504463453,55.460768702000003,52.458355220000001
3746,H,hop,0.20000000298023224,43.504463453,55.460768702000003,59.333355220000001
3747,H,hop,0.20000000298023224,43.504463453,55.460768702000003,66.208355220000001
3748,H,hop,0.20000000298023224,43.504463453,55.460768702000003,73.083355220000001
3749,H,hop,0.20000000298023224,43.504463453,55.460768702000003,79.958355220000001
3750,H,hop,0.20000000298023224,51.65982468,41.335268702,38.708355220000001
3751,H,hop,0.20000000298023224,51.65982468,41.335268702,45.583355220000001
3752,H,hop,0.20000000298023224,51.65982468,41.335268702,52.458355220000001
3753,H,hop,0.20000000298023224,51.65982468,41.335268702,59.333355220000001
3754,H,hop,0.20000000298023224,51.65982468,41.335268702,66.208355220000001
3755,H,hop,0.20000000298023224,51.65982468,41.335268702,73.083355220000001
3756,H,hop,0.20000000298023224,51.65982468,41.335268702,79.958355220000001
3757,H,hop,0.20000000298023224,51.65982468,50.752268702000002,38.708355220000001
3758,H,hop,0.20000000298023224,51.65982468,50.752268702000002,45.583355220000001
3759,H,hop,0.20000000298023224,51.65982468,50.752268702000002,52.458355220000001
3760,H,hop,0.20000000298023224,51.65982468,50.752268702000002,59.333355220000001
3761,H,hop,0.20000000298023224,51.65982468,50.752268702000002,66.208355220000001
3762,H,hop,0.20000000298023224,51.65982468,50.752268702000002,73.083355220000001
3763,H,hop,0.20000000298023224,51.65982468,50.752268702000002,79.958355220000001
3764,H,hop,0.20000000298023224,51.65982468,60.169268701999997,38.708355220000001
3765,H,hop,0.20000000298023224,51.65982468,60.169268701999997,45.583355220000001
3766,H,hop,0.20000000298023224,51.65982468,60.169268701999997,52.458355220000001
3767,H,hop,0.20000000298023224,51.65982468,60.169268701999997,59.333355220000001
3768,H,hop,0.20000000298023224,51.65982468,60.169268701999997,66.208355220000001
3769,H,hop,0.20000000298023224,51.65982468,60.169268701999997,73.083355220000001
3770,H,hop,0.20000000298023224,51.65982468,60.169268701999997,79.958355220000001
3771,H,hop,0.20000000298023224,59.815185907999997,46.043768702000001,38.708355220000001
3772,H,hop,0.20000000298023224,59.815185907999997,46.043768702000001,45.583355220000001
3773,H,hop,0.20000000298023224,59.815185907999997,46.043768702000001,52.458355220000001
3774,H,hop,0.20000000298023224,59.815185907999997,46.043768702000001,59.333355220000001
3775,H,hop,0.20000000298023224,59.815185907999997,46.043768702000001,66.208355220000001
3776,H,hop,0.20000000298023224,59.815185907999997,46.043768702000001,73.083355220000001
3777,H,hop,0.20000000298023224,59.815185907999997,46.043768702000001,79.958355220000001
3778,H,hop,0.20000000298023224,59.815185907999997,55.460768702000003,38.708355220000001
3779,H,hop,0.20000000298023224,59.815185907999997,55.460768702000003,45.583355220000001
3780,H,hop,0.20000000298023224,59.815185907999997,55.460768702000003,52.458355220000001
3781,H,hop,0.20000000298023224,59.815185907999997,55.460768702000003,59.333355220000001
3782,H,hop,0.20000000298023224,59.815185907999997,55.460768702000003,66.208355220000001
3783,H,hop,0.20000000298023224,59.815185907999997,55.460768702000003,73.083355220000001
3784,H,hop,0.20000000298023224,59.815185907999997,55.460768702000003,79.958355220000001
3785,H,hop,0.20000000298023224,43.504587264999998,46.035364665000003,42.145825146999996
3786,H,hop,0.20000000298023224,43.504587264999998,46.035364665000003,49.020825146999996
3787,H,hop,0.20000000298023224,43.504587264999998,46.035364665000003,55.895825146999996
3788,H,hop,0.20000000298023224,43.504587264999998,46.035364665000003,62.770825146999996
3789,H,hop,0.20000000298023224,43.504587264999998,46.035364665000003,69.645825146999996
3790,H,hop,0.20000000298023224,43.504587264999998,46.035364665000003,76.520825146999996
3791,H,hop,0.20000000298023224,43.504587264999998,46.035364665000003,83.395825146999996
3792,H,hop,0.20000000298023224,43.504587264999998,55.452364664999998,42.145825146999996
3793,H,hop,0.20000000298023224,43.504587264999998,55.452364664999998,49.020825146999996
3794,H,hop,0.20000000298023224,43.504587264999998,55.452364664999998,55.895825146999996
3795,H,hop,0.20000000298023224,43.504587264999998,55.452364664999998,62.770825146999996
3796,H,hop,0.20000000298023224,43.504587264999998,55.452364664999998,69.645825146999996
3797,H,hop,0.20000000298023224,43.504587264999998,55.452364664999998,76.520825146999996
3798,H,hop,0.20000000298023224,43.504587264999998,55.452364664999998,83.395825146999996
3799,H,hop,0.20000000298023224,51.659948493000002,41.326864665000002,42.145825146999996
3800,H,hop,0.20000000298023224,51.659948493000002,41.326864665000002,49.020825146999996
3801,H,hop,0.20000000298023224,51.659948493000002,41.326864665000002,55.895825146999996
3802,H,hop,0.20000000298023224,51.659948493000002,41.326864665000002,62.770825146999996
3803,H,hop,0.20000000298023224,51.659948493000002,41.326864665000002,69.645825146999996
3804,H,hop,0.20000000298023224,51.659948493000002,41.326864665000002,76.520825146999996
3805,H,hop,0.20000000298023224,51.659948493000002,41.326864665000002,83.395825146999996
3806,H,hop,0.20000000298023224,51.659948493000002,50.743864664999997,42.145825146999996
3807,H,hop,0.20000000298023224,51.659948493000002,50.743864664999997,49.020825146999996
3808,H,hop,0.20000000298023224,51.659948493000002,50.743864664999997,55.895825146999996
3809,H,hop,0.20000000298023224,51.659948493000002,50.743864664999997,62.770825146999996
3810,H,hop,0.20000000298023224,51.659948493000002,50.743864664999997,69.645825146999996
3811,H,hop,0.20000000298023224,51.659948493000002,50.743864664999997,76.520825146999996
3812,H,hop,0.20000000298023224,51.659948493000002,50.743864664999997,83.395825146999996
3813,H,hop,0.20000000298023224,51.659948493000002,60.160864664999998,42.145825146999996
3814,H,hop,0.20000000298023224,51.659948493000002,60.160864664999998,49.020825146999996
3815,H,hop,0.20000000298023224,51.659948493000002,60.160864664999998,55.895825146999996
3816,H,hop,0.20000000298023224,51.659948493000002,60.160864664999998,62.770825146999996
3817,H,hop,0.20000000298023224,51.659948493000002,60.160864664999998,69.645825146999996
3818,H,hop,0.20000000298023224,51.659948493000002,60.160864664999998,76.520825146999996
3819,H,hop,0.20000000298023224,51.659948493000002,60.160864664999998,83.395825146999996
3820,H,hop,0.20000000298023224,59.815309720000002,46.035364665000003,42.145825146999996
3821,H,hop,0.20000000298023224,59.815309720000002,46.035364665000003,49.020825146999996
3822,H,hop,0.20000000298023224,59.815309720000002,46.035364665000003,55.895825146999996
3823,H,hop,0.20000000298023224,59.815309720000002,46.035364665000003,62.770825146999996
3824,H,hop,0.20000000298023224,59.815309720000002,46.035364665000003,69.645825146999996
3825,H,hop,0.20000000298023224,59.815309720000002,46.035364665000003,76.520825146999996
3826,H,hop,0.20000000298023224,59.815309720000002,46.035364665000003,83.395825146999996
3827,H,hop,0.20000000298023224,59.815309720000002,55.452364664999998,42.145825146999996
3828,H,hop,0.20000000298023224,59.815309720000002,55.452364664999998,49.020825146999996
3829,H,hop,0.20000000298023224,59.815309720000002,55.452364664999998,55.895825146999996
3830,H,hop,0.20000000298023224,59.815309720000002,55.452364664999998,62.770825146999996
3831,H,hop,0.20000000298023224,59.815309720000002,55.452364664999998,69.645825146999996
3832,H,hop,0.20000000298023224,59.815309720000002,55.452364664999998,76.520825146999996
3833,H,hop,0.20000000298023224,59.815309720000002,55.452364664999998,83.395825146999996
3834,H,hop,0.40000000596046448,46.601668580000002,68.893278240000001,85.401287667000005
3835,H,hop,0.40000000596046448,46.606751467000002,68.933530027000003,78.523917561999994
3836,H,hop,0.40000000596046448,46.626120051999997,69.034108160000002,71.642737467000003
3837,H,hop,0.40000000596046448,46.614756186999998,68.981350742000004,64.771025753000004
3838,H,hop,0.40000000596046448,46.606223651000001,68.929844891000002,57.899136966
3839,H,hop,0.40000000596046448,46.630649364999996,69.052224315999993,51.016584064
3840,H,hop,0.40000000596046448,46.598754911999997,68.862083029000004,44.153084843999999
3841,H,hop,0.40000000596046448,46.638746832000002,69.081793590000004,37.264674223
3842,H,hop,0.40000000596046448,46.857672676,66.704659797000005,78.469308108000007
3843,H,hop,0.40000000596046448,49.784745659000002,68.498226650000007,36.562207450000002
3844,H,hop,0.40000000596046448,50.255416971999999,68.318772128999996,45.770162659
3845,H,hop,0.40000000596046448,50.151471577000002,68.298555825999998,57.213428340999997
3846,H,hop,0.40000000596046448,50.393393904,68.293986552999996,49.730026739000003
3847,H,hop,0.40000000596046448,46.798157298,66.539414996999994,85.337536799000006
3848,H,hop,0.40000000596046448,46.882511774999998,66.754978145999999,71.578164271000006
3849,H,hop,0.40000000596046448,46.911761646999999,66.807908992999998,64.700970124999998
3850,H,hop,0.40000000596046448,58.056003453000002,68.046786944000004,34.400389994000001
3851,H,hop,0.40000000596046448,58.230795901999997,68.059030901,40.690874481000002
3852,H,hop,0.40000000596046448,58.229235553000002,68.069247450999995,47.565544492000001
3853,H,hop,0.40000000596046448,58.241048112000001,67.957937615000006,54.444054418
3854,H,hop,0.40000000596046448,58.240996963999997,67.958855667999998,61.319026229999999
3855,H,hop,0.40000000596046448,58.242507289000002,67.873983559999999,68.196579193000005
3856,H,hop,0.40000000596046448,58.242669550000002,67.90919495,75.070533005000001
3857,H,hop,0.40000000596046448,58.234608002999998,68.030760198999999,81.941779294
3858,H,hop,0.40000000596046448,54.901106161000001,67.497522949,34.253666357
3859,H,hop,0.40000000596046448,54.633860296999998,67.509287427000004,40.879605491
3860,H,hop,0.40000000596046448,54.594094771000002,67.512660209000003,47.520458386000001
3861,H,hop,0.40000000596046448,58.084276971999998,65.982053663000002,55.635064086
3862,H,hop,0.40000000596046448,58.117016151999998,65.810493574000006,62.516103874000002
3863,H,hop,0.40000000596046448,54.496565908999997,67.465675528999995,68.148790964
3864,H,hop,0.40000000596046448,58.002777369,65.986748125000005,76.695365644999995
3865,H,hop,0.40000000596046448,54.603630097,67.384075026999994,82.433015357000002
3866,H,hop,0.40000000596046448,64.616538305999995,63.915171432999998,82.429289135999994
3867,H,hop,0.40000000596046448,64.685386398000006,64.078145050000003,75.327775684000002
3868,H,hop,0.40000000596046448,64.786587062999999,64.098293721000005,68.566477634999998
3869,H,hop,0.40000000596046448,64.778951879000005,64.173899536999997,61.308918404000003
3870,H,hop,0.40000000596046448,64.758836240999997,64.163245161999996,54.434506083000002
3871,H,hop,0.40000000596046448,64.768856885999995,64.168618734999995,47.559212875999997
3872,H,hop,0.40000000596046448,64.796878251999999,64.182955442999997,40.683397700999997
3873,H,hop,0.40000000596046448,64.898805968000005,64.189984918999997,34.077931833999997
3874,H,hop,0.40000000596046448,62.873618555999997,62.848419603000004,33.774684931000003
3875,H,hop,0.40000000596046448,62.808022496,62.603329203000001,48.199435137999998
3876,H,hop,0.40000000596046448,62.869013498000001,62.541460573000002,62.049657893000003
3877,H,hop,0.40000000596046448,62.857232490999998,62.741676374999997,75.507119129000003
3878,H,hop,0.40000000596046448,66.106582185999997,61.120914223,42.490926743999999
3879,H,hop,0.40000000596046448,66.121853775999995,61.065773737999997,56.226465500000003
3880,H,hop,0.40000000596046448,66.199841695000003,61.038587604999996,67.350342361000003
3881,H,hop,0.40000000596046448,66.276033143999996,61.057885601000002,80.658908346000004
3882,H,hop,0.40000000596046448,69.732427888999993,55.579264707999997,37.183909010999997
3883,H,hop,0.40000000596046448,69.847123753999995,55.514446946,44.063587990000002
3884,H,hop,0.40000000596046448,69.929424675999996,55.455773225000002,50.942674517999997
3885,H,hop,0.40000000596046448,69.990508019999993,55.404222236000003,57.821187275
3886,H,hop,0.40000000596046448,69.964289054000005,55.427277251,64.694623879999995
3887,H,hop,0.40000000596046448,69.968424854999995,55.423736884,71.569864715999998
3888,H,hop,0.40000000596046448,69.981361194000002,55.412432269999996,78.445631855000002
3889,H,hop,0.40000000596046448,69.969357970999994,55.422933229000002,85.319919345000002
3890,H,hop,0.40000000596046448,67.674343000999997,56.263427952999997,86.021026664000004
3891,H,hop,0.40000000596046448,67.891007145000003,56.306239544999997,78.663657860000001
3892,H,hop,0.40000000596046448,67.920356928999993,56.284849798000003,71.589587186000003
3893,H,hop,0.40000000596046448,67.857948242999996,52.694927945000003,63.820074996000002
3894,H,hop,0.40000000596046448,67.917287412999997,53.001276205000003,59.791645506000002
3895,H,hop,0.40000000596046448,67.978534644000007,52.986317661999998,50.368923379999998
3896,H,hop,0.40000000596046448,67.762431899999996,56.258065541999997,44.667396195999999
3897,H,hop,0.40000000596046448,68.141272017999995,53.008554750999998,36.388525115999997
3898,H,hop,0.40000000596046448,69.666519520999998,46.164720641000002,37.481752628000002
3899,H,hop,0.40000000596046448,69.812240548000005,46.119532755000002,44.070731615
3900,H,hop,0.40000000596046448,69.909181036999996,46.054548728,50.946951747
3901,H,hop,0.40000000596046448,69.986044550000003,45.991379563999999,57.823369702000001
3902,H,hop,0.40000000596046448,70.033950941000001,45.945613041999998,64.699500913999998
3903,H,hop,0.40000000596046448,70.075988816000006,45.900546802000001,71.575683378999997
3904,H,hop,0.40000000596046448,70.130764675999998,45.833338351000002,78.452552509
3905,H,hop,0.40000000596046448,70.127267571999994,45.837963666999997,85.327420235000005
3906,H,hop,0.40000000596046448,67.784249271999997,47.046600529999999,85.339899940999999
3907,H,hop,0.40000000596046448,67.862634039,46.952897292999999,78.462212273999995
3908,H,hop,0.40000000596046448,67.845990504,46.974615487999998,71.587785603
3909,H,hop,0.40000000596046448,67.890458808000005,46.913919970000002,64.711249890000005
3910,H,hop,0.40000000596046448,68.225166974999993,43.597135919000003,56.597918473999997
3911,H,hop,0.40000000596046448,68.237475352000004,43.618232632999998,49.722548605
3912,H,hop,0.40000000596046448,68.252355230999996,43.645261040999998,42.847103681999997
3913,H,hop,0.40000000596046448,68.285413175000002,43.712745034000001,38.442001077999997
3914,H,hop,0.40000000596046448,63.577282334000003,36.347298074999998,81.947459447
3915,H,hop,0.40000000596046448,63.620144191000001,36.340573446999997,75.072103170999995
3916,H,hop,0.40000000596046448,63.626335740999998,36.339743407,68.197049417000002
3917,H,hop,0.40000000596046448,63.673325652000003,36.334593595000001,61.321622845
3918,H,hop,0.40000000596046448,63.679744219,36.334046936,54.446562039
3919,H,hop,0.40000000596046448,63.692944054999998,36.333040500999999,47.571435084000001
3920,H,hop,0.40000000596046448,63.716238296,36.331649941999999,40.696204799999997
3921,H,hop,0.40000000596046448,63.764675486999998,36.330327976,33.820700545000001
3922,H,hop,0.40000000596046448,64.640338755000002,39.562149900999998,33.816743664000001
3923,H,hop,0.40000000596046448,64.657934991000005,39.610382006999998,40.690577439000002
3924,H,hop,0.40000000596046448,64.665097434000003,39.632265994000001,47.565045304000002
3925,H,hop,0.40000000596046448,64.629385882999998,39.738424702000003,75.418897899000001
3926,H,hop,0.40000000596046448,61.945834050999999,37.537732534,55.708550703
3927,H,hop,0.40000000596046448,61.918325453999998,37.537421144,62.583705293999998
3928,H,hop,0.40000000596046448,61.826774082999997,37.541297608000001,69.459017814999996
3929,H,hop,0.40000000596046448,61.912298620999998,37.538392063000003,83.227793587999997
3930,H,hop,0.40000000596046448,55.181644747,31.710197539999999,81.955086672999997
3931,H,hop,0.40000000596046448,55.308272827000003,31.665274115999999,75.079465252000006
3932,H,hop,0.40000000596046448,55.371468647,31.649071106000001,68.204021339999997
3933,H,hop,0.40000000596046448,55.398545185000003,31.643324381999999,61.328805416000002
3934,H,hop,0.40000000596046448,55.430655301999998,31.637416066,54.453529838999998
3935,H,hop,0.40000000596046448,55.460593791000001,31.632780466,47.578254110000003
3936,H,hop,0.40000000596046448,55.465596681999997,31.632087189,40.703206283
3937,H,hop,0.40000000596046448,55.504273961000003,31.627506604000001,33.827819769000001
3938,H,hop,0.40000000596046448,56.357291285999999,34.616886817999998,33.824057525999997
3939,H,hop,0.40000000596046448,56.290779401999998,34.532015811000001,40.701524323000001
3940,H,hop,0.40000000596046448,56.332314273000001,34.582993076999998,47.575045764999999
3941,H,hop,0.40000000596046448,56.381367607000001,34.652322007999999,54.448020348999997
3942,H,hop,0.40000000596046448,53.695232136999998,32.830624538000002,83.196858316000004
3943,H,hop,0.40000000596046448,53.356099962999998,32.906071038999997,73.848009284
3944,H,hop,0.40000000596046448,53.142324778000003,33.018740753000003,69.440017062999999
3945,H,hop,0.40000000596046448,53.001000161,33.132048327,60.090397367000001
3946,H,hop,0.40000000596046448,46.803311936999997,32.685034809999998,85.349167045000002
3947,H,hop,0.40000000596046448,46.895723107999999,32.754073036999998,78.469515068000007
3948,H,hop,0.40000000596046448,46.870274234,32.733538269999997,71.595812710999994
3949,H,hop,0.40000000596046448,46.886038362000001,32.746111859999999,64.720010488
3950,H,hop,0.40000000596046448,46.909653089999999,32.765851785999999,57.843798921999998
3951,H,hop,0.40000000596046448,46.896950871000001,32.755095484999998,50.969452119000003
3952,H,hop,0.40000000596046448,46.812241776,32.691071266000002,44.098724416000003
3953,H,hop,0.40000000596046448,46.838244500000002,32.709386303000002,37.222427514000003
3954,H,hop,0.40000000596046448,45.436344380000001,35.125744464,86.644799144999993
3955,H,hop,0.40000000596046448,45.461648115999999,35.094901641,77.298190992000002
3956,H,hop,0.40000000596046448,45.506703395999999,35.045087238000001,72.892705168999996
3957,H,hop,0.40000000596046448,45.585600786999997,34.970638512000001,63.544308192999999
3958,H,hop,0.40000000596046448,48.390533974999997,33.907302035999997,37.248044227999998
3959,H,hop,0.40000000596046448,48.444576845999997,33.913418421000003,44.120696037999998
3960,H,hop,0.40000000596046448,48.530159715000003,33.928681447000002,50.991916805000002
3961,H,hop,0.40000000596046448,48.498663936,33.922256847,57.868316395999997
3962,H,hop,0.40000000596046448,38.552653435000003,37.336440416000002,85.358650709000003
3963,H,hop,0.40000000596046448,38.566779369999999,37.344089388999997,78.483113467999999
3964,H,hop,0.40000000596046448,38.617636466,37.373894988000004,71.606155354999999
3965,H,hop,0.40000000596046448,38.599704221000003,37.362968958000003,64.731850178000002
3966,H,hop,0.40000000596046448,38.566317239999997,37.343834950000002,57.858131088
3967,H,hop,0.40000000596046448,38.5281302,37.323779399000003,50.984576867999998
3968,H,hop,0.40000000596046448,38.563170155999998,37.342109835999999,44.108251000000003
3969,H,hop,0.40000000596046448,38.575375575999999,37.348874782000003,37.232785157000002
3970,H,hop,0.40000000596046448,40.439218541999999,38.653336772999999,85.366663416999998
3971,H,hop,0.40000000596046448,40.236825357000001,38.615953918000002,37.248599595999998
3972,H,hop,0.40000000596046448,40.463652529999997,38.660550667999999,57.865797569999998
3973,H,hop,0.40000000596046448,40.387685908999998,38.640090606000001,64.743468784000001
3974,H,hop,0.40000000596046448,37.146779578,40.053880864,79.794876994999996
3975,H,hop,0.40000000596046448,37.102857401999998,40.162146899,70.446959790999998
3976,H,hop,0.40000000596046448,37.044670674000002,40.449636331999997,49.817575093000002
3977,H,hop,0.40000000596046448,37.043573174999999,40.468442044,42.942339875999998
3978,H,hop,0.40000000596046448,33.972961912000002,45.935186686999998,82.429694327999997
3979,H,hop,0.40000000596046448,33.806628531000001,45.843219474000001,75.075224684999995
3980,H,hop,0.40000000596046448,33.586471115000002,45.923822475000001,68.199131643000001
3981,H,hop,0.40000000596046448,33.505180223000004,45.968067642000001,61.323433569999999
3982,H,hop,0.40000000596046448,33.447008609999997,46.00545992,54.447817516999997
3983,H,hop,0.40000000596046448,33.384788755000002,46.051526822,47.572035124999999
3984,H,hop,0.40000000596046448,33.334761039,46.093810984999998,40.696299418999999
3985,H,hop,0.40000000596046448,33.278382602999997,46.148095787999999,33.820335456999999
3986,H,hop,0.40000000596046448,35.596806356999998,45.138197818000002,82.412452728999995
3987,H,hop,0.40000000596046448,35.768516464000001,44.922837751000003,75.415771703000004
3988,H,hop,0.40000000596046448,35.994960462999998,44.902835336000003,68.731313825000001
3989,H,hop,0.40000000596046448,36.089430487999998,44.718939663,61.326314889999999
3990,H,hop,0.40000000596046448,35.273239529999998,48.659929532,32.861611056000001
3991,H,hop,0.40000000596046448,35.199692659999997,48.636881586000001,41.946390737999998
3992,H,hop,0.40000000596046448,35.176116471999997,48.608059136999998,48.821712613999999
3993,H,hop,0.40000000596046448,35.069593208000001,48.445964066999998,55.697771772999999
3994,H,hop,0.40000000596046448,33.559721203000002,57.319183531,33.782599968
3995,H,hop,0.40000000596046448,33.436442059000001,57.243796764999999,40.659362135000002
3996,H,hop,0.40000000596046448,33.373416012,57.195919695999997,47.535460436999998
3997,H,hop,0.40000000596046448,33.356579951999997,57.181877008000001,54.410780326999998
3998,H,hop,0.40000000596046448,33.288164508000001,57.118513585999999,61.287213428999998
3999,H,hop,0.40000000596046448,33.269104740000003,57.098832039999998,68.162655581999999
4000,H,hop,0.40000000596046448,33.234307602999998,57.060228692000003,75.038519291
4001,H,hop,0.40000000596046448,33.231310067000003,57.056727805999998,81.913597402999997
4002,H,hop,0.40000000596046448,35.381309928,54.666265330000002,81.941735750999996
4003,H,hop,0.40000000596046448,35.483663384000003,54.516563955000002,75.067690882999997
4004,H,hop,0.40000000596046448,35.653214587999997,54.348324159000001,68.193334531000005
4005,H,hop,0.40000000596046448,35.857458757000003,54.218956628000001,61.318247212999999
4006,H,hop,0.40000000596046448,35.197919759000001,58.052079108000001,32.593387043
4007,H,hop,0.40000000596046448,35.22203931,58.079791057000001,41.938093299999998
4008,H,hop,0.40000000596046448,35.223065001000002,58.080929253999997,48.813043954000001
4009,H,hop,0.40000000596046448,35.159539786000003,58.003817822999999,53.220283700000003
4010,H,hop,0.40000000596046448,38.447313432000001,64.194586123999997,85.397656393000005
4011,H,hop,0.40000000596046448,38.459042211000003,64.270922545999994,78.521557810000004
4012,H,hop,0.40000000596046448,38.467416639,64.311056723999997,71.645912584000001
4013,H,hop,0.40000000596046448,38.476256952,64.347046090999996,64.770293224
4014,H,hop,0.40000000596046448,38.498997476,64.422417061000004,57.893866641999999
4015,H,hop,0.40000000596046448,38.523044268,64.486436709000003,51.017509971000003
4016,H,hop,0.40000000596046448,38.524051755999999,64.488878567,44.142455458999997
4017,H,hop,0.40000000596046448,38.530560520000002,64.504271853000006,37.267106986000002
4018,H,hop,0.40000000596046448,38.653771204000002,61.868566455,37.214772642
4019,H,hop,0.40000000596046448,38.604458317999999,61.589896693999997,44.094294066000003
4020,H,hop,0.40000000596046448,38.603217176000001,61.536241296,50.970312511000003
4021,H,hop,0.40000000596046448,41.900223511999997,63.787234810999998,86.944147225999998
4022,H,hop,0.40000000596046448,41.776262222,63.748750465000001,80.270260135000001
4023,H,hop,0.40000000596046448,41.795504055999999,63.789212857000003,73.306740493999996
4024,H,hop,0.34000000357627869,41.658527927000002,63.586281903,57.426266622
4025,H,hop,0.40000000596046448,38.603529563000002,61.511056648999997,64.720806581999994
4026,H,hop,0.40000000596046448,38.873380494999999,59.551469456,87.420125893000005
4027,H,hop,0.40000000596046448,37.072064470000001,49.874091106999998,86.855200570999997
4028,H,hop,0.40000000596046448,42.267977231000003,53.537789371999999,87.286121336999997
4029,H,hop,0.40000000596046448,42.486096301000003,44.061844029,86.828339287000006
4030,H,hop,0.40000000596046448,37.065074416000002,57.154565953000002,85.911328798
4031,H,hop,0.40000000596046448,37.193329980999998,47.786031776999998,86.091091573
4032,H,hop,0.40000000596046448,38.697530612999998,52.100623806000002,85.812869378000002
4033,H,hop,0.40000000596046448,38.740746665000003,42.705242589999997,85.900654912999997
4034,H,hop,0.40000000596046448,43.677655786999999,58.373218559999998,87.284632207000001
4035,H,hop,0.40000000596046448,43.591714189999998,48.960265481,87.381283527999997
4036,H,hop,0.40000000596046448,43.480421206999999,38.952540210999999,87.323552014000001
4037,H,hop,0.40000000596046448,44.797693432999999,59.374364870000001,86.471981963000005
4038,H,hop,0.40000000596046448,44.683461319999999,49.595748974000003,86.435136408999995
4039,H,hop,0.40000000596046448,44.722128968,40.537640396,86.470976929000003
4040,H,hop,0.40000000596046448,47.276159751000002,64.188151646999998,87.125464536999999
4041,H,hop,0.40000000596046448,47.322188277999999,54.768736154000003,87.030280407000006
4042,H,hop,0.40000000596046448,47.319794201000001,45.351904492999999,87.035853349000007
4043,H,hop,0.40000000596046448,48.995910504999998,58.231078394999997,87.555573499999994
4044,H,hop,0.40000000596046448,49.078768383000003,48.811900971,87.599717079000001
4045,H,hop,0.40000000596046448,49.222068278999998,39.390090700000002,87.656604943999994
4046,H,hop,0.40000000596046448,47.741241748,59.464496343999997,86.469182232999998
4047,H,hop,0.40000000596046448,47.746285759000003,47.517744743999998,86.463379457000002
4048,H,hop,0.40000000596046448,47.669227573000001,38.014980731000001,86.456974908999996
4049,H,hop,0.40000000596046448,45.668277078000003,61.942743235999998,86.343045215999993
4050,H,hop,0.40000000596046448,45.733043758000001,52.534279742000002,86.373982385000005
4051,H,hop,0.40000000596046448,48.434133576999997,44.503767873000001,86.463613228
4052,H,hop,0.40000000596046448,51.791721971999998,63.051188721000003,87.336855533000005
4053,H,hop,0.40000000596046448,51.482455346000002,53.634499372000001,87.580024390999995
4054,H,hop,0.40000000596046448,51.368962363999998,44.216262419000003,87.632359467000001
4055,H,hop,0.40000000596046448,51.310493839000003,34.798414131999998,87.653556398999996
4056,H,hop,0.40000000596046448,52.917536783000003,64.041465262000003,86.474334213000006
4057,H,hop,0.40000000596046448,52.839103426000001,54.622147835,86.470551224999994
4058,H,hop,0.40000000596046448,52.887288405,45.206595653999997,86.473534228000005
4059,H,hop,0.40000000596046448,50.752808297999998,36.914340977999998,86.470713829999994
4060,H,hop,0.40000000596046448,54.917320535000002,40.568685444000003,87.611518051000004
4061,H,hop,0.40000000596046448,55.004626692000002,49.989445406000002,87.567206459000005
4062,H,hop,0.40000000596046448,55.255110058,59.415840699,87.374112390999997
4063,H,hop,0.40000000596046448,57.640168025999998,44.043150437999998,87.708163561999996
4064,H,hop,0.40000000596046448,57.610873411,53.458527793999998,87.705925081000004
4065,H,hop,0.40000000596046448,57.707696738000003,62.880828276000003,87.710356789000002
4066,H,hop,0.40000000596046448,56.018401998000002,64.148573623999994,86.460516647999995
4067,H,hop,0.40000000596046448,55.792038699999999,54.727261144000003,86.470177547999995
4068,H,hop,0.40000000596046448,55.715544344999998,45.308028288999999,86.462973102000007
4069,H,hop,0.40000000596046448,56.811429347000001,58.640944156000003,86.410438412999994
4070,H,hop,0.40000000596046448,56.492816259999998,49.221364471999998,86.471151343000002
4071,H,hop,0.40000000596046448,56.502808014999999,39.804551922999998,86.470685709999998
4072,H,hop,0.40000000596046448,59.940996398000003,58.367332986999998,87.341584510000004
4073,H,hop,0.40000000596046448,59.565927852000002,48.949964155000004,87.613452835000004
4074,H,hop,0.40000000596046448,59.486969905999999,39.531464558000003,87.644921439000001
4075,H,hop,0.40000000596046448,60.981378489999997,59.349303304000003,86.468565350999995
4076,H,hop,0.40000000596046448,61.038140716000001,49.934845015999997,86.472462639
4077,H,hop,0.40000000596046448,61.133967061,40.521771323999999,86.472435466999997
4078,H,hop,0.40000000596046448,63.417422442000003,54.748545862999997,87.362619632000005
4079,H,hop,0.40000000596046448,63.576570494999999,45.318142535,87.150997681999996
4080,H,hop,0.40000000596046448,65.625702223000005,57.721575358000003,87.596277452999999
4081,H,hop,0.40000000596046448,65.548613402000001,48.817362989000003,87.660698640000007
4082,H,hop,0.40000000596046448,64.145436415999995,59.461038402,86.462428168000002
4083,H,hop,0.40000000596046448,64.698360847999993,53.951576682999999,86.466119382000002
4084,H,hop,0.40000000596046448,63.855534751999997,50.032811195000001,86.459560379999999
4085,H,hop,0.40000000596046448,64.449367396,44.524632124,86.460369745999998
4086,H,hop,0.40000000596046448,38.144923722000001,43.285627615999999,31.701903098999999
4087,H,hop,0.40000000596046448,37.971065611,52.67689652,31.59006037
4088,H,hop,0.40000000596046448,39.922916624000003,46.704499036000001,31.792286947000001
4089,H,hop,0.40000000596046448,39.878560514,56.124794166000001,31.838983133999999
4090,H,hop,0.40000000596046448,39.612730698,44.573857277999998,32.803196092999997
4091,H,hop,0.40000000596046448,39.471219087000001,53.974813124999997,32.749545953000002
4092,H,hop,0.40000000596046448,38.639573376999998,47.508428627000001,32.705364494000001
4093,H,hop,0.40000000596046448,38.569399283000003,56.921963580000003,32.713026741999997
4094,H,hop,0.40000000596046448,43.516679865,43.864661587000001,31.987578575000001
4095,H,hop,0.40000000596046448,43.788377879999999,52.561193109999998,31.539265834999998
4096,H,hop,0.40000000596046448,43.956531747,61.983578801,31.486420494000001
4097,H,hop,0.40000000596046448,42.340799419,42.164979248999998,32.699041794000003
4098,H,hop,0.40000000596046448,42.45376006,51.588036872000004,32.715910192999999
4099,H,hop,0.40000000596046448,42.289223426,60.996395731,32.695252949
4100,H,hop,0.40000000596046448,46.043211159000002,38.667836692000002,31.546097164999999
4101,H,hop,0.40000000596046448,46.097950523999998,48.086718658999999,31.571215089999999
4102,H,hop,0.40000000596046448,46.218564667000003,57.507793390000003,31.640280967999999
4103,H,hop,0.40000000596046448,48.370791482000001,42.134547456,31.570175882000001
4104,H,hop,0.40000000596046448,48.464638997000002,51.555213784000003,31.529481320999999
4105,H,hop,0.40000000596046448,48.579894221000004,60.976646821000003,31.492763149999998
4106,H,hop,0.40000000596046448,47.426085563999997,37.353105687000003,32.696601403000003
4107,H,hop,0.40000000596046448,47.774167730000002,46.777430569000003,32.741100342999999
4108,H,hop,0.40000000596046448,46.762094394000002,42.861131708000002,32.701575615000003
4109,H,hop,0.40000000596046448,47.759962457,58.726575111999999,32.797029739999999
4110,H,hop,0.40000000596046448,46.932638310999998,52.279705829000001,32.697671919000001
4111,H,hop,0.40000000596046448,47.022043727000003,61.698353202,32.706115482000001
4112,H,hop,0.40000000596046448,51.586855544999999,66.761329059999994,31.768010741000001
4113,H,hop,0.40000000596046448,51.640825898000003,57.342715998999999,31.719290201
4114,H,hop,0.40000000596046448,51.627143142000001,47.926118711000001,31.73104322
4115,H,hop,0.40000000596046448,51.707266840000003,38.506813917999999,31.667348164
4116,H,hop,0.40000000596046448,50.336540165999999,37.492268922999997,32.693854987999998
4117,H,hop,0.40000000596046448,50.320936887999999,46.909597038999998,32.694668917000001
4118,H,hop,0.40000000596046448,50.330490191999999,56.326395873000003,32.694144428999998
4119,H,hop,0.40000000596046448,53.092988009000003,64.613123998000006,32.782315449999999
4120,H,hop,0.40000000596046448,53.909244090999998,43.314629136000001,31.467525964
4121,H,hop,0.40000000596046448,53.873826235999999,52.732852715999996,31.463379182000001
4122,H,hop,0.40000000596046448,53.870384381999997,62.149973564,31.4630376
4123,H,hop,0.40000000596046448,56.244839413000001,37.330567559999999,31.774096015000001
4124,H,hop,0.40000000596046448,56.473547296,46.747497416000002,31.603651462999999
4125,H,hop,0.40000000596046448,56.488633270000001,56.164723950999999,31.595321499000001
4126,H,hop,0.40000000596046448,54.823865597999998,38.091604715000003,32.721602398000002
4127,H,hop,0.40000000596046448,54.734440792999997,47.509514439999997,32.742190010000002
4128,H,hop,0.40000000596046448,54.628357182000002,56.928982003000002,32.777010365000002
4129,H,hop,0.40000000596046448,55.851699230000001,44.563506181999998,32.773414238999997
4130,H,hop,0.40000000596046448,55.870364312,53.981506516000003,32.780763962999998
4131,H,hop,0.40000000596046448,55.854193375999998,63.397637344000003,32.774373918000002
4132,H,hop,0.40000000596046448,59.764070453000002,43.122671386999997,31.752290046999999
4133,H,hop,0.40000000596046448,59.817951141000002,52.537362477999999,31.706150567000002
4134,H,hop,0.40000000596046448,59.755954283999998,61.957063615999999,31.759775738999998
4135,H,hop,0.40000000596046448,58.361142209,42.115681213999999,32.711704625000003
4136,H,hop,0.40000000596046448,58.477375103999996,51.534862488000002,32.698503930000001
4137,H,hop,0.40000000596046448,58.511906564,60.952706833999997,32.696948538000001
4138,H,hop,0.40000000596046448,61.907135769,47.931793939999999,31.465136425000001
4139,H,hop,0.40000000596046448,61.902115174000002,57.348943544999997,31.465185279
4140,H,hop,0.40000000596046448,63.734747065999997,46.726204867,32.701001572999999
4141,H,hop,0.40000000596046448,64.077988024000007,58.667438689000001,32.806544092999999
4142,H,hop,0.40000000596046448,64.241143003000005,41.972904014000001,31.983754334
4143,H,hop,0.40000000596046448,62.853057339999999,42.722379441999998,32.767124518999999
4144,H,hop,0.40000000596046448,64.438390126000002,51.357508592999999,31.757725142000002
4145,H,hop,0.40000000596046448,62.819020928999997,52.139497933999998,32.778550412999998
