id,element,ff_type,charge,x,y,z
1,Si,sc4,1.1000000238418579,15.554600883999999,20.165733710000001,12.343776562
2,Si,sc4,1.1000000238418579,14.465340618000001,7.0434098729999999,9.9797223440000007
3,Si,sc4,1.1000000238418579,18.594087212000002,14.004527345,15.594449824
4,Si,sc4,1.1000000238418579,17.108645118999998,14.462776987,10.193479533
5,Si,sc4,1.1000000238418579,8.5151911640000009,2.2103244919999998,11.041773888
6,Si,sc4,1.1000000238418579,17.852022777999998,2.1006556399999998,7.7289435769999999
7,Si,sc4,1.1000000238418579,13.728627825,2.5103623910000001,15.373366592
8,O,oc23,-0.55000001192092896,8.5958805760000008,19.850505745,9.8793977010000003
9,O,oc23,-0.55000001192092896,14.184869714,5.9791975590000002,4.3336843370000002
10,O,oc23,-0.55000001192092896,12.392598671,12.675681479,0.214040655
11,O,oc23,-0.55000001192092896,8.1102969869999999,3.1072361439999998,5.2712055050000002
12,O,oc23,-0.55000001192092896,16.479845637,17.96833165,6.0036663570000002
13,O,oc23,-0.55000001192092896,1.925113981,18.889200452000001,14.252609514
14,O,oc23,-0.55000001192092896,3.885569131,5.1406948979999996,10.445032891
15,O,oc23,-0.55000001192092896,8.1382389629999992,8.0132684689999998,2.666926927
16,O,oc23,-0.55000001192092896,17.934164766999999,17.633820069999999,8.0474250000000005
17,O,oc23,-0.55000001192092896,16.386222195999999,14.265090795000001,2.4050159409999998
18,O,oc23,-0.55000001192092896,9.4305494569999997,2.1273912500000001,-3.8931854700000001
19,O,oc23,-0.55000001192092896,11.98779998,10.085213071,13.718311897
20,O,oc23,-0.55000001192092896,19.166249495999999,2.3012598190000002,6.6851141700000003
21,O,oc23,-0.55000001192092896,0.28150387700000001,0.50642360200000003,5.6577596679999997
22,O,oc23,-0.55000001192092896,2.1616474729999999,13.335408184,1.2842181180000001
23,Si,sc4,1.1000000238418579,7.400643359,7.6092964529999998,4.0015360180000004
24,Si,sc4,1.1000000238418579,13.2842065,4.6475577030000004,4.4729497299999998
25,Si,sc4,1.1000000238418579,14.005026078,6.7061490670000001,-2.7377728669999999
26,Si,sc4,1.1000000238418579,14.414346315,7.5630205220000004,3.9378439599999999
27,Si,sc4,1.1000000238418579,17.804923466999998,0.98958884000000003,10.835526222
28,Si,sc4,1.1000000238418579,16.822002484999999,5.7985568489999997,-2.1250518079999998
29,Si,sc4,1.1000000238418579,2.5669456240000001,5.0634020509999997,6.2563578179999997
30,Si,sc4,1.1000000238418579,11.101021422000001,9.2063776789999991,0.20608570200000001
31,O,oc23,-0.55000001192092896,13.458806428000001,2.6115557040000001,13.778323223999999
32,O,oc23,-0.55000001192092896,18.177821875999999,4.2813187060000004,0.88134984800000005
33,O,oc23,-0.55000001192092896,10.202572590999999,17.254539045000001,4.4168923529999997
34,O,oc23,-0.55000001192092896,18.410776523999999,4.5331311019999996,13.191730741000001
35,O,oc23,-0.55000001192092896,15.356722470999999,8.7148769500000007,0.323287414
36,O,oc24,-0.67500001192092896,17.492777332999999,3.71240017,15.543565215999999
37,O,oc23,-0.55000001192092896,20.285157761000001,2.3603764140000001,10.289250690999999
38,O,oc23,-0.55000001192092896,17.266483694000001,2.3986488079999999,11.699047833
39,O,oc23,-0.55000001192092896,3.0066778269999999,3.755609566,5.4158749769999996
40,O,oc23,-0.55000001192092896,10.689894076,10.752518372999999,0.31532081499999998
41,O,oc23,-0.55000001192092896,10.224575621,2.5564299589999999,0.58071513900000005
42,O,oc23,-0.55000001192092896,12.685844989,8.9849973250000001,0.19008076199999999
43,O,oc23,-0.55000001192092896,8.8853658029999991,2.164923114,-1.2979159060000001
44,O,oc23,-0.55000001192092896,-0.0069228750000000002,16.979543815,9.3434573299999997
45,Si,sc4,1.1000000238418579,17.513481659,13.054690764,5.6635113710000002
46,Si,sc4,0.72500002384185791,1.4091074299999999,8.0907553480000001,-2.155994363
47,Si,sc4,1.1000000238418579,13.774100776999999,17.627824225000001,12.114511368000001
48,Si,sc4,1.1000000238418579,14.662874734000001,11.790553893,5.4806482079999999
49,Si,sc4,1.1000000238418579,0.57069255699999999,11.840898993,10.095874971000001
50,Si,sc4,1.1000000238418579,3.0993451510000001,12.817514435,0.089657495000000004
51,Si,sc4,1.1000000238418579,4.3039855889999998,19.464063343999999,15.703493075000001
52,Si,sc4,1.1000000238418579,11.313573399999999,1.3164272509999999,10.628127074
53,O,oc23,-0.55000001192092896,3.3861073039999998,14.53104864,10.340073289999999
54,O,oc23,-0.55000001192092896,14.160510315,10.948162799,-0.80302261399999997
55,O,oc23,-0.55000001192092896,19.574616891000002,6.3330424829999998,1.2263005730000001
56,O,oc23,-0.55000001192092896,2.3594958949999998,16.804312855999999,7.6655044119999998
57,O,oc23,-0.55000001192092896,16.957624231,6.6383843980000004,1.244873238
58,O,oc23,-0.55000001192092896,17.099949168999999,16.861711167999999,-1.804876417
59,O,oc23,-0.55000001192092896,5.2776010549999999,19.114303394,-1.9476935559999999
60,O,oc23,-0.55000001192092896,-0.43917985199999998,20.164046406000001,-2.4057846930000002
61,O,oc23,-0.55000001192092896,1.012319457,5.063279713,6.4839750049999996
62,O,oc23,-0.55000001192092896,14.587913002000001,16.632427635999999,8.4970675940000007
63,O,oc23,-0.55000001192092896,14.778276215,5.470031198,10.074923137000001
64,O,oc23,-0.55000001192092896,18.983203,6.4335206549999997,6.3440324620000004
65,O,oc23,-0.55000001192092896,7.8914777149999997,14.499546218000001,8.3006469050000007
66,O,oc23,-0.55000001192092896,6.0596142359999998,1.5608098939999999,4.2716722569999996
67,O,oc23,-0.55000001192092896,10.359343504,4.1609017899999996,11.394979269
68,Si,sc4,1.1000000238418579,13.575643256999999,18.243034732999998,16.450236703000002
69,Si,sc4,1.1000000238418579,16.417032495000001,9.2900571529999993,10.555430227
70,Si,sc4,1.1000000238418579,0.29388393499999999,19.232735482999999,-1.3366094529999999
71,Si,sc4,1.1000000238418579,14.781889682999999,9.142866798,14.157983783000001
72,Si,sc4,1.1000000238418579,13.948549572999999,4.1163449910000001,10.102655649000001
73,Si,sc4,1.1000000238418579,1.7942129090000001,14.593029828000001,10.348534673
74,Si,sc4,1.1000000238418579,15.040049659999999,1.2842366039999999,-3.6154902350000002
75,Si,sc4,1.1000000238418579,14.371131115000001,14.062984159000001,-3.8183749919999999
76,O,oc23,-0.55000001192092896,14.113321802,12.815468397,-2.8059484139999999
77,O,oc23,-0.55000001192092896,8.9644876139999994,7.9846444979999998,10.012291305
78,O,oc24,-0.67500001192092896,11.624480246999999,9.2283925829999998,-3.6549917449999998
79,O,oc23,-0.55000001192092896,-0.13636124499999999,4.2709674279999996,15.020413979000001
80,O,oc23,-0.55000001192092896,13.14674864,5.9198350570000002,14.875489484999999
81,O,oc23,-0.55000001192092896,-0.15000343799999999,14.220721672,14.702586562
82,O,oc23,-0.55000001192092896,5.7653295829999998,16.243204352999999,2.101648247
83,O,oc23,-0.55000001192092896,16.159797387000001,10.236532292,14.234067267
84,O,oc23,-0.55000001192092896,5.4268363180000003,14.122041256999999,8.8073138310000001
85,O,oc23,-0.55000001192092896,8.4634055999999998,18.784852963999999,5.355498281
86,O,oc23,-0.55000001192092896,8.7283663600000008,12.496173350999999,14.682810011999999
87,O,oc23,-0.55000001192092896,10.154976934,17.217078518000001,13.176797863000001
88,O,oc23,-0.55000001192092896,1.344327115,15.942957287,11.082163264
89,O,oc23,-0.55000001192092896,14.039313269999999,11.286584851000001,4.0677389359999996
90,Si,sc4,1.1000000238418579,10.087342555999999,16.717551842999999,2.93321882
91,Si,sc4,1.1000000238418579,13.025812118999999,11.12385594,16.016119977999999
92,Si,sc4,1.1000000238418579,16.753369858999999,8.6402100159999993,5.3295264830000004
93,Si,sc4,1.1000000238418579,7.6714152520000001,10.883640833999999,1.8712717780000001
94,Si,sc4,1.1000000238418579,8.1468851359999999,10.796206441000001,-3.2233684089999999
95,Si,sc4,1.1000000238418579,13.291072727,13.448953403999999,1.3022977469999999
96,Si,sc4,1.1000000238418579,14.088107489,9.7273296919999996,0.294155905
97,Si,sc4,1.1000000238418579,7.3560079229999999,15.664234220000001,2.137825453
98,O,oc23,-0.55000001192092896,12.323342822000001,3.0105406939999999,-0.775943155
99,O,oc23,-0.55000001192092896,13.848380751000001,9.0854222829999998,12.713747091
100,O,oc23,-0.55000001192092896,2.6597797170000002,11.337990573000001,-0.23614510499999999
101,O,oc23,-0.55000001192092896,7.8118450529999999,14.934331489,0.78827985300000003
102,O,oc23,-0.55000001192092896,2.5900128119999999,14.41637605,6.7861074920000002
103,O,oc23,-0.55000001192092896,19.136310403,10.346340052,3.623358079
104,O,oc23,-0.55000001192092896,1.7563745120000001,13.994540778999999,13.095948341
105,O,oc23,-0.55000001192092896,18.102006215999999,17.010380805,13.531669952
106,O,oc23,-0.55000001192092896,17.049972506,5.3111240310000003,5.4401590569999998
107,O,oc23,-0.55000001192092896,14.677603902,12.632326186,1.5215338389999999
108,O,oc23,-0.55000001192092896,17.560900528000001,13.010328486000001,9.8287682440000008
109,O,oc23,-0.55000001192092896,17.171953120000001,14.44733456,4.9364075019999998
110,O,oc23,-0.55000001192092896,16.261507975000001,14.558244491,-0.92443210399999998
111,O,oc23,-0.55000001192092896,13.554425244000001,14.924242227000001,0.68218348200000001
112,O,oc23,-0.55000001192092896,13.339752647999999,9.983920049,8.8701397380000007
113,Si,sc4,1.1000000238418579,-0.55031540099999998,11.191800412999999,12.789745063
114,Si,sc4,1.1000000238418579,2.5522125870000001,12.937831271,6.3168472370000002
115,Si,sc4,1.1000000238418579,0.60153819900000005,14.995709263,13.444281825999999
116,Si,sc4,1.1000000238418579,15.123915005000001,17.638108410000001,3.063597541
117,Si,sc4,1.1000000238418579,13.087977447,9.9132925259999993,7.282362386
118,Si,sc4,1.1000000238418579,18.142102311999999,17.520226628,-0.71846483000000005
119,Si,sc4,1.1000000238418579,-0.0016488329999999999,5.9551432220000002,7.2962513610000004
120,Si,sc4,1.1000000238418579,18.197312844999999,12.394914722999999,8.5134715639999996
121,O,oc23,-0.55000001192092896,8.9096822959999997,10.475816747,10.689764388
122,O,oc23,-0.55000001192092896,16.278976439000001,12.003605807,5.4743663150000001
123,O,oc23,-0.55000001192092896,6.2665604420000003,5.3127439000000001,1.26852002
124,O,oc23,-0.55000001192092896,13.139023898,14.995374984,9.7458440849999999
125,O,oc23,-0.55000001192092896,0.89047742399999996,2.6820664449999998,4.5035357219999996
126,O,oc23,-0.55000001192092896,15.627596188,14.691733716,9.7777399700000007
127,O,oc23,-0.55000001192092896,2.7569940260000001,12.998967962,-3.6237811999999998
128,O,oc23,-0.55000001192092896,13.014323028,14.892539449999999,-3.9167004329999999
129,O,oc23,-0.55000001192092896,4.2171760210000002,7.2295501660000001,8.7979316159999996
130,O,oc23,-0.55000001192092896,5.4205340399999997,4.7315826210000003,-1.219879017
131,O,oc23,-0.55000001192092896,12.272947375999999,13.697577262999999,7.657983625
132,O,oc23,-0.55000001192092896,10.296278744,12.608438417,3.6390152690000002
133,O,oc23,-0.55000001192092896,17.896025087000002,13.286906674000001,7.2149296449999998
134,O,oc23,-0.55000001192092896,12.247221133,17.767306375,11.818076123999999
135,O,oc23,-0.55000001192092896,17.399565419999998,9.0214119539999995,9.3680825490000004
136,O,oc23,-0.55000001192092896,1.3011632689999999,16.389532545000002,13.743523258
137,Si,sc4,1.1000000238418579,7.138529406,15.701694772,13.885911505999999
138,Si,sc4,1.1000000238418579,3.2559840910000002,1.5983213460000001,8.1275576550000004
139,Si,sc4,1.1000000238418579,10.686921877,3.99609477,12.945743474
140,Si,sc4,1.1000000238418579,15.442257891000001,1.053810447,5.984149972
141,Si,sc4,1.1000000238418579,18.577882491,16.846856854999999,9.2752509110000005
142,Si,sc4,1.1000000238418579,11.006544759000001,18.374181628999999,12.598374874999999
143,Si,sc4,1.1000000238418579,13.097281355,15.958839241,14.667652355
144,Si,sc4,1.1000000238418579,9.9173692429999996,17.728995625,-3.506385844
145,O,oc23,-0.55000001192092896,2.3701102789999999,17.861522747999999,9.8941115929999999
146,O,oc23,-0.55000001192092896,5.6103619719999998,15.770982377999999,10.885701172999999
147,O,oc23,-0.55000001192092896,16.813804722,1.6969681050000001,6.53084635
148,O,oc23,-0.55000001192092896,8.6911039070000005,6.7312412909999999,0.53149143200000004
149,O,oc23,-0.55000001192092896,15.339415259000001,2.3433298499999999,15.671667143000001
150,O,oc23,-0.55000001192092896,6.8441562730000003,6.1538968580000004,3.7787856949999998
151,O,oc23,-0.55000001192092896,19.257629305999998,5.7805733359999998,3.7974088269999999
152,O,oc23,-0.55000001192092896,-0.47939580199999998,15.294607732999999,12.324949968
153,O,oc23,-0.55000001192092896,17.410329513000001,18.169123430999999,15.691842428999999
154,O,oc23,-0.55000001192092896,12.439672892999999,5.7180627529999999,7.3669221939999998
155,O,oc23,-0.55000001192092896,11.747910414,10.655383187,2.831433471
156,O,oc23,-0.55000001192092896,1.0870425379999999,12.607336149,5.6953529889999999
157,O,oc23,-0.55000001192092896,13.155403374,16.76721835,16.046073207999999
158,O,oc23,-0.55000001192092896,8.4796575109999992,17.003492400999999,-3.326317725
159,O,oc23,-0.55000001192092896,0.57317617499999995,12.725464925000001,-2.2362617
160,O,oc24,-0.67500001192092896,5.0435949740000003,8.0342658799999995,15.324721566999999
161,Si,sc4,1.1000000238418579,1.8483491839999999,13.650674087000001,-2.4976205610000002
162,Si,sc4,1.1000000238418579,19.269322089999999,15.744210338,1.556325274
163,Si,sc4,1.1000000238418579,17.872894382999998,9.5665012990000005,8.0156415649999992
164,Si,sc4,1.1000000238418579,10.972310961,12.171223752,-0.35218648699999999
165,Si,sc4,1.1000000238418579,10.83663868,12.213626377000001,-3.3945419349999999
166,Si,sc4,1.1000000238418579,0.89590434399999996,20.084475217000001,1.6351343780000001
167,Si,sc4,1.1000000238418579,3.131112312,6.510475928,3.6470144759999998
168,Si,sc4,1.1000000238418579,18.176577932000001,5.8526568729999999,0.578010786
169,O,oc23,-0.55000001192092896,2.3061341849999999,9.2485879949999994,1.2300066300000001
170,O,oc23,-0.55000001192092896,14.865870963000001,10.325655981000001,-3.285847752
171,O,oc23,-0.55000001192092896,9.5498329480000006,11.305025358,-3.8227307910000001
172,O,oc23,-0.55000001192092896,8.2457802729999994,0.98414570700000004,14.476163581
173,O,oc23,-0.55000001192092896,16.516696657000001,1.8752338710000001,-3.3641412509999999
174,O,oc23,-0.55000001192092896,8.5175329800000004,6.8617348500000004,-2.042187878
175,O,oc23,-0.55000001192092896,1.7386339120000001,17.534536809999999,-4.0890557740000002
176,O,oc23,-0.55000001192092896,14.040750252,10.268077957999999,1.780788102
177,O,oc24,-0.67500001192092896,14.793377936000001,13.530321811,-5.3020063009999996
178,O,oc23,-0.55000001192092896,8.0447316149999999,5.9098658129999997,12.267290619000001
179,O,oc23,-0.55000001192092896,16.86011474,5.7233627120000001,8.0774304610000005
180,O,oc23,-0.55000001192092896,11.201913258999999,11.818204969,-1.898664336
181,O,oc23,-0.55000001192092896,1.3090541410000001,14.801720984999999,8.8688666499999993
182,O,oc23,-0.55000001192092896,14.762382648999999,18.519541912000001,15.413861017
183,Si,sc4,1.1000000238418579,16.970415073000002,15.221126327,3.52500904
184,Si,sc4,1.1000000238418579,-0.164164953,20.201430706,6.8735757270000004
185,Si,sc4,1.1000000238418579,11.098277636000001,4.1086794830000004,9.9931909040000004
186,Si,sc4,1.1000000238418579,13.177720899000001,15.955927723,-0.52163114600000005
187,Si,sc4,1.1000000238418579,0.68207030899999999,1.3438244619999999,9.2418046270000005
188,Si,sc4,1.1000000238418579,16.665148632000001,19.459740735,1.191832445
189,Si,sc4,1.1000000238418579,11.095765631000001,19.729229883999999,15.285601249000001
190,O,oc23,-0.55000001192092896,17.073070121000001,8.7922678940000001,6.8768241909999999
191,O,oc23,-0.55000001192092896,5.6216308589999997,1.5819968470000001,13.843804318
192,O,oc23,-0.55000001192092896,15.848531255999999,16.369201328999999,3.7251269250000001
193,O,oc23,-0.55000001192092896,1.2021254379999999,19.392753234000001,7.0027897259999996
194,O,oc23,-0.55000001192092896,0.66777824200000002,7.3416006400000002,7.652101171
195,O,oc23,-0.55000001192092896,3.5594454789999999,18.886506994000001,7.9540257629999997
196,O,oc23,-0.55000001192092896,5.9817116009999998,17.495980304,-4.0988874040000001
197,O,oc23,-0.55000001192092896,8.5153174430000007,16.741957039999999,2.4836448619999998
198,O,oc23,-0.55000001192092896,18.755434263000001,16.863047665,5.4205048079999996
199,O,oc23,-0.55000001192092896,4.689391359,12.769664742,0.10785982199999999
200,O,oc23,-0.55000001192092896,15.364813186999999,20.28183662,6.2901442809999999
201,O,oc23,-0.55000001192092896,16.076882891,18.169780160999998,1.9121663739999999
202,O,oc23,-0.55000001192092896,1.680587807,18.981072277999999,-2.101689178
203,O,oc23,-0.55000001192092896,13.025713383999999,8.3801244920000002,6.7285849960000004
204,O,oc23,-0.55000001192092896,18.131854089000001,11.752263377,12.923364634
205,O,oc23,-0.55000001192092896,0.00092442299999999995,17.305154824999999,15.531816654
206,Si,sc4,1.1000000238418579,2.5221273900000001,16.229385190999999,-3.7035999730000002
207,Si,sc4,1.1000000238418579,4.9704987740000002,8.57821927,8.386848166
208,Si,sc4,1.1000000238418579,17.334710393999998,3.2548141859999999,-3.5010821390000002
209,Si,sc4,1.1000000238418579,18.440866740000001,17.027359444999998,15.134760010999999
210,Si,sc4,1.1000000238418579,4.4530076449999996,4.245049571,11.712593299
211,Si,sc4,1.1000000238418579,18.596328487000001,4.5915845600000003,14.811209035999999
212,Si,sc4,1.1000000238418579,-0.33352382600000002,1.826782371,5.161069361
213,Si,sc4,1.1000000238418579,4.3057469749999999,1.3114506749999999,10.938367705999999
214,O,oc23,-0.55000001192092896,17.110375528999999,8.9276770869999993,-3.0440141569999999
215,O,oc24,-0.67500001192092896,2.1673511200000002,12.995354325999999,15.398278054
216,O,oc23,-0.55000001192092896,1.1077394460000001,2.1168287170000002,-2.6582102399999998
217,O,oc23,-0.55000001192092896,8.4590098410000003,1.0841551199999999,0.96566852199999997
218,O,oc23,-0.55000001192092896,16.272013446999999,12.066438288000001,-1.8209541650000001
219,O,oc23,-0.55000001192092896,8.3289019940000006,3.7808742820000001,10.705395619999999
220,O,oc23,-0.55000001192092896,12.324216399999999,19.289001017,16.268348697
221,O,oc23,-0.55000001192092896,12.175786573,7.0194402050000004,12.773118218
222,O,oc23,-0.55000001192092896,14.073421926,14.669531629,14.621335330000001
223,O,oc23,-0.55000001192092896,19.769122080999999,12.123765088000001,8.8111296120000002
224,O,oc23,-0.55000001192092896,19.184964650000001,0.27735397699999997,11.490648579
225,O,oc24,-0.67500001192092896,0.83933569799999996,10.388817336000001,15.797024944
226,O,oc23,-0.55000001192092896,2.67737275,-0.209635443,1.407895304
227,O,oc23,-0.55000001192092896,10.120826668999999,6.3273780139999998,6.4743628229999999
228,O,oc23,-0.55000001192092896,6.3248045419999999,3.8339128580000001,3.36698203
229,Si,sc4,1.1000000238418579,2.7807786860000001,19.636911513000001,6.8421366109999999
230,Si,sc4,1.1000000238418579,6.0377167820000004,9.5983461840000004,-0.421564353
231,Si,sc4,1.1000000238418579,0.50265096899999995,8.8359908879999995,7.0947145020000004
232,Si,sc4,1.1000000238418579,2.9453235069999999,9.7705901470000001,-0.11523217400000001
233,Si,sc4,1.1000000238418579,6.4989885530000002,4.4228684740000004,-0.079873477999999998
234,Si,sc4,1.1000000238418579,12.739651082,1.603542531,-1.5703725289999999
235,Si,sc4,1.1000000238418579,2.4984736320000001,2.8429579089999999,4.1758576249999999
236,O,oc23,-0.55000001192092896,1.6949213059999999,6.9470781849999996,12.046242857999999
237,O,oc23,-0.55000001192092896,17.264653434,9.1854757599999992,2.108107661
238,O,oc23,-0.55000001192092896,10.637717557,3.7838206040000002,6.1844216789999997
239,O,oc23,-0.55000001192092896,-0.0085310709999999994,8.1303439239999999,3.0007757490000002
240,O,oc23,-0.55000001192092896,2.666201262,2.1347348259999999,0.477633737
241,O,oc23,-0.55000001192092896,14.011905956,12.250907733,15.515300801
242,O,oc23,-0.55000001192092896,9.9708801390000001,1.663993769,11.385115513000001
243,O,oc23,-0.55000001192092896,18.462821724000001,1.712582982,1.4313874799999999
244,O,oc23,-0.55000001192092896,7.7936462909999999,18.971351902999999,7.7715352690000001
245,O,oc23,-0.55000001192092896,17.929450760000002,6.070489373,-0.982191331
246,O,oc23,-0.55000001192092896,11.481141340000001,19.322483714000001,13.784628786000001
247,O,oc23,-0.55000001192092896,15.132384414000001,7.5736724600000001,2.542210978
248,O,oc23,-0.55000001192092896,0.16839947899999999,12.047221910999999,0.38091333700000002
249,O,oc23,-0.55000001192092896,4.0609322150000002,2.8589660330000002,7.691856166
250,O,oc23,-0.55000001192092896,13.199706065999999,4.0487978680000003,5.9898274579999997
251,O,oc23,-0.55000001192092896,1.7245877439999999,6.1381936350000004,2.9005236120000002
252,Si,sc4,1.1000000238418579,5.7694730910000001,9.4713943460000003,5.5886347169999997
253,Si,sc4,1.1000000238418579,13.559887479,6.9378504989999996,7.1911756499999999
254,Si,sc4,1.1000000238418579,7.3797924860000004,5.0176699039999999,11.095772349000001
255,Si,sc4,1.1000000238418579,17.933478364999999,7.9410011860000003,12.551192780999999
256,Si,sc4,1.1000000238418579,10.263553751,10.294192536000001,6.4514486809999996
257,Si,sc4,1.1000000238418579,1.679827419,15.431875528000001,7.4909855529999998
258,Si,sc4,1.1000000238418579,9.9927264220000005,0.96629464300000001,0.91172827199999995
259,Si,sc4,1.1000000238418579,7.6841174619999997,11.605467038,6.3344551750000004
260,O,oc23,-0.55000001192092896,6.497192708,8.3029396799999997,-1.24713691
261,O,oc23,-0.55000001192092896,3.9491283340000001,10.502540009000001,2.5884079039999999
262,O,oc23,-0.55000001192092896,8.0082734050000006,7.1359523090000003,7.6814820460000002
263,O,oc23,-0.55000001192092896,5.9266220430000001,14.226999663000001,5.1008019879999997
264,O,oc23,-0.55000001192092896,6.4213859170000003,8.4913153910000005,9.1106342149999993
265,O,oc23,-0.55000001192092896,13.662351965999999,17.310026442000002,2.4792238630000001
266,O,oc23,-0.55000001192092896,12.664521006999999,17.318234341,0.12332483
267,O,oc23,-0.55000001192092896,5.0038104890000001,12.7313315,3.3428299799999999
268,O,oc23,-0.55000001192092896,17.331649669000001,15.04263503,11.680400181
269,O,oc23,-0.55000001192092896,17.368637141000001,9.2201606760000008,11.808929331
270,O,oc23,-0.55000001192092896,16.779831040000001,6.9270641209999999,12.258751277
271,O,oc23,-0.55000001192092896,3.612756139,12.936054671999999,5.2053810890000003
272,O,oc23,-0.55000001192092896,15.307874693,8.2006033459999994,5.0447557080000003
273,O,oc23,-0.55000001192092896,12.932989641000001,3.7319814820000001,16.180389833
274,O,oc23,-0.55000001192092896,1.824757972,1.986534024,8.4399388270000006
275,O,oc23,-0.55000001192092896,10.319985340000001,18.120301470000001,9.2545189780000001
276,Si,sc4,1.1000000238418579,16.237772712000002,8.0583269039999994,1.5209419200000001
277,Si,sc4,1.1000000238418579,6.7921880860000003,13.333578015000001,8.6120160420000005
278,Si,sc4,1.1000000238418579,4.420230825,1.494454011,14.899548953
279,Si,sc4,1.1000000238418579,18.282388353999998,16.232580755000001,12.120735568000001
280,Si,sc4,1.1000000238418579,17.327078493999998,4.0771778139999997,12.101034364
281,Si,sc4,1.1000000238418579,1.583909368,17.396055529000002,14.897278847000001
282,Si,sc4,1.1000000238418579,15.660941841,6.2847849660000001,13.117031912
283,Si,sc4,1.1000000238418579,13.854707173,10.96740677,10.04559115
284,O,oc23,-0.55000001192092896,12.848522883999999,10.795400696,11.293736883999999
285,O,oc23,-0.55000001192092896,-0.15984720799999999,8.5064040480000003,-2.3053890180000001
286,O,oc23,-0.55000001192092896,16.179398713000001,-0.19644336800000001,16.104425579000001
287,O,oc23,-0.55000001192092896,3.8903229189999999,2.7281151299999999,11.576621388
288,O,oc23,-0.55000001192092896,14.851403491999999,6.3758460279999998,6.4688661300000003
289,O,oc23,-0.55000001192092896,9.8361031200000006,16.158357019,7.512136624
290,O,oc23,-0.55000001192092896,11.718721767,10.640705687000001,6.954854707
291,O,oc23,-0.55000001192092896,14.284200056,5.974017076,12.555718385
292,O,oc23,-0.55000001192092896,10.815937849000001,6.7997351330000004,-3.1370153030000001
293,O,oc23,-0.55000001192092896,18.058802827000001,15.360855613,9.2611148589999992
294,O,oc23,-0.55000001192092896,4.2106965489999997,19.264474495000002,14.107291722999999
295,O,oc23,-0.55000001192092896,15.408110701,10.580037095,10.416949941
296,O,oc23,-0.55000001192092896,12.545288621999999,1.1876403390000001,11.685003744999999
297,O,oc23,-0.55000001192092896,2.557671477,4.6830372249999996,0.040145598999999997
298,O,oc23,-0.55000001192092896,15.560021901000001,7.9668008219999997,10.637101553999999
299,Si,sc4,0.72500002384185791,18.644571709000001,9.520700798,-2.8441277989999998
300,Si,sc4,1.1000000238418579,17.005667141,13.162655618000001,-0.92146874999999995
301,Si,sc4,1.1000000238418579,5.9041108329999998,5.253975477,2.8511459349999999
302,Si,sc4,1.1000000238418579,-0.010624111,13.00891595,4.5571312639999997
303,Si,sc4,1.1000000238418579,19.586617584999999,12.211796051,-1.527905828
304,Si,sc4,1.1000000238418579,9.6908459130000004,3.0652888800000002,4.9720789339999998
305,Si,sc4,1.1000000238418579,10.326706338999999,11.004722155,3.4582799460000002
306,Si,sc4,1.1000000238418579,0.18674869299999999,9.3452190319999993,4.0077507710000004
307,O,oc23,-0.55000001192092896,10.579678221,15.171539596000001,2.8414190669999999
308,O,oc23,-0.55000001192092896,0.40425350700000001,12.478452632,3.0907050119999999
309,O,oc23,-0.55000001192092896,9.8432780290000004,8.8527572800000005,7.0145783379999997
310,O,oc23,-0.55000001192092896,18.338961549,16.428584282999999,0.43753617700000003
311,O,oc23,-0.55000001192092896,7.597725638,3.314904721,-2.8089061110000002
312,O,oc23,-0.55000001192092896,7.3961599260000002,11.781595660000001,12.446215501999999
313,O,oc23,-0.55000001192092896,5.9942613119999999,12.278817748,14.511225196
314,O,oc23,-0.55000001192092896,7.0575462010000001,14.217462962999999,13.297216474000001
315,O,oc23,-0.55000001192092896,1.863950164,9.6686121440000008,7.3066531230000002
316,O,oc23,-0.55000001192092896,12.952885716000001,5.5052932820000002,-3.2733385130000001
317,O,oc23,-0.55000001192092896,15.323873751000001,7.4927272450000002,14.274079284999999
318,O,oc23,-0.55000001192092896,13.975072871,1.2853559020000001,1.9255733239999999
319,O,oc23,-0.55000001192092896,12.576799705999999,13.532851366999999,2.752846956
320,O,oc23,-0.55000001192092896,-0.47569029400000001,14.201478491,1.3888986809999999
321,O,oc23,-0.55000001192092896,19.465070084000001,9.486179666,7.8940003230000002
322,O,oc23,-0.55000001192092896,17.037529319000001,12.654951574,0.54923595999999997
323,Si,sc4,1.1000000238418579,2.700629197,10.610232888000001,8.3113385740000005
324,Si,sc4,1.1000000238418579,12.854185031,14.178564792,6.2294360739999997
325,Si,sc4,1.1000000238418579,17.807610450999999,4.8651860249999999,9.0408000499999996
326,Si,sc4,1.1000000238418579,4.3902712250000002,16.473773053999999,3.0331705480000002
327,Si,sc4,1.1000000238418579,16.072092066,5.3767456559999998,6.7107647139999997
328,Si,sc4,1.1000000238418579,4.5872518040000001,13.820107729,4.3590910220000003
329,Si,sc4,1.1000000238418579,0.504514711,9.2847330209999992,14.640304155999999
330,Si,sc4,1.1000000238418579,7.3340443259999999,18.354185375,6.4251268399999999
331,O,oc23,-0.55000001192092896,6.1971729619999998,8.5131159170000004,4.4227500620000004
332,O,oc23,-0.55000001192092896,10.63527534,18.501450186,6.6420220939999997
333,O,oc23,-0.55000001192092896,0.61568092299999999,11.912740554999999,13.658048968999999
334,O,oc23,-0.55000001192092896,4.9434720040000002,10.596530649,4.878532442
335,O,oc23,-0.55000001192092896,17.540486489999999,18.885774601000001,-0.051818479000000001
336,O,oc23,-0.55000001192092896,13.732573103,17.037613051000001,13.610210213
337,O,oc23,-0.55000001192092896,6.5492446480000002,10.722807120000001,2.9668085689999999
338,O,oc23,-0.55000001192092896,3.465045253,8.0410383260000007,3.2992475450000001
339,O,oc23,-0.55000001192092896,4.0587853760000003,9.8464515779999999,8.7804233350000001
340,O,oc23,-0.55000001192092896,14.511058416999999,16.349940320999998,-1.3032353329999999
341,O,oc23,-0.55000001192092896,18.856389439000001,12.468049352,5.0091666029999997
342,O,oc23,-0.55000001192092896,3.6574459589999999,0.99793657099999999,9.5361504949999993
343,O,oc23,-0.55000001192092896,1.0971495760000001,13.211007333,10.760006867
344,O,oc23,-0.55000001192092896,4.1707461639999996,4.7931269590000003,13.238375827
345,O,oc23,-0.55000001192092896,10.356595860000001,4.2343880709999997,-2.6847145829999999
346,O,oc23,-0.55000001192092896,13.236416735000001,0.47225307700000002,-0.528912983
347,Si,sc4,1.1000000238418579,5.2335837160000001,8.4460171800000001,13.757945985999999
348,Si,sc4,1.1000000238418579,4.1958291049999996,5.6220994099999997,8.8766905739999995
349,Si,sc4,1.1000000238418579,4.2298216789999996,12.458533436,-3.7202653909999999
350,Si,sc4,1.1000000238418579,18.001527439,17.929907102000001,6.4488207099999997
351,Si,sc4,1.1000000238418579,15.671659844000001,9.0622648140000006,-3.8579053339999998
352,Si,sc4,1.1000000238418579,3.629747069,0.85699175599999999,0.74844974099999995
353,Si,sc4,1.1000000238418579,3.2573112239999999,17.568197447999999,8.6582135569999998
354,Si,sc4,1.1000000238418579,0.078471601000000002,3.1947872739999998,-2.2653531899999999
355,O,oc23,-0.55000001192092896,19.577658325000002,17.904064083000002,-1.314280465
356,O,oc23,-0.55000001192092896,18.720668158999999,19.354970468000001,6.3348000950000003
357,O,oc24,-0.67500001192092896,4.2706714159999999,10.945319512999999,15.841954743000001
358,O,oc23,-0.55000001192092896,4.8598407410000002,0.35369680100000001,15.922082129
359,O,oc23,-0.55000001192092896,3.008659599,11.973886015,7.5272496560000004
360,O,oc23,-0.55000001192092896,0.48922637699999999,3.4888089390000001,1.2770761420000001
361,O,oc23,-0.55000001192092896,17.506664830999998,4.9393317760000004,10.674710385999999
362,O,oc23,-0.55000001192092896,8.4083166009999992,14.838590637999999,5.7302013150000004
363,O,oc23,-0.55000001192092896,1.6566821,6.7788683619999999,-1.3147270799999999
364,O,oc23,-0.55000001192092896,-0.20152851399999999,0.54846255300000002,8.1424978180000007
365,O,oc23,-0.55000001192092896,14.563161907,16.629223655000001,11.149414887000001
366,O,oc23,-0.55000001192092896,14.380575809,3.0490300389999998,11.276683818
367,O,oc23,-0.55000001192092896,40.475325021000003,0.297584348,14.438174867000001
368,O,oc23,-0.55000001192092896,11.478671070000001,0.84647072499999998,-2.3317130000000001
369,O,oc23,-0.55000001192092896,0.77455023899999997,18.727194922999999,2.456220616
370,Si,sc4,1.1000000238418579,1.399442445,17.30872608,2.8125690240000001
371,Si,sc4,1.1000000238418579,9.9803597180000008,20.416160521999998,-1.8946744609999999
372,Si,sc4,1.1000000238418579,4.7082558150000002,15.204776031,9.7331865359999998
373,Si,sc4,1.1000000238418579,18.263372554,6.1957269100000003,4.9911016689999999
374,Si,sc4,1.1000000238418579,2.10020468,18.991985607,-3.6566331459999999
375,Si,sc4,1.1000000238418579,11.301295622,5.3332727719999999,-3.5434643430000001
376,Si,sc4,1.1000000238418579,7.0349768389999996,0.96154145300000005,13.38588912
377,Si,sc4,1.1000000238418579,18.568542125,0.55541969700000005,2.537729278
378,O,oc23,-0.55000001192092896,2.3026131429999999,9.2201301200000003,-1.480427556
379,O,oc23,-0.55000001192092896,4.393130062,2.9992236029999999,15.386670474000001
380,O,oc23,-0.55000001192092896,10.383933219999999,2.5042443720000001,13.611026512
381,O,oc23,-0.55000001192092896,2.6609460170000001,3.5746823289999998,2.685895275
382,O,oc23,-0.55000001192092896,7.3560125620000001,16.782429097000001,6.8149819550000004
383,O,oc23,-0.55000001192092896,2.8917793079999998,1.048674895,14.331710451999999
384,O,oc23,-0.55000001192092896,3.28364397,0.47851620499999997,7.0177284489999998
385,O,oc24,-0.67500001192092896,17.341310059000001,6.4973820409999998,-3.5034634539999998
386,O,oc23,-0.55000001192092896,14.277667451999999,10.735009464999999,6.6102921429999997
387,O,oc23,-0.55000001192092896,14.066229483000001,13.238006563000001,5.7885558169999998
388,O,oc23,-0.55000001192092896,9.9093888099999994,5.1276761679999998,13.687267539
389,O,oc23,-0.55000001192092896,14.269493953,7.3711697159999998,8.50185089
390,O,oc23,-0.55000001192092896,17.503572242000001,11.059806567000001,8.1169120039999996
391,O,oc23,-0.55000001192092896,0.43456715499999998,15.629409688999999,6.6368182080000002
392,O,oc23,-0.55000001192092896,10.685638436,0.50904776600000001,15.475162649
393,Si,sc4,1.1000000238418579,19.150301848000002,3.0011438730000002,0.77339555000000004
394,Si,sc4,1.1000000238418579,8.3750549999999997,15.567139572,7.1403094940000003
395,Si,sc4,1.1000000238418579,16.888602874,11.801825833000001,13.98839897
396,Si,sc4,1.1000000238418579,14.090791316000001,3.3016533579999998,7.110140049
397,Si,sc4,1.1000000238418579,2.2023381039999999,5.2970601200000003,-1.476009323
398,Si,sc4,1.1000000238418579,11.055787765,0.56754355599999995,3.90266738
399,Si,sc4,1.1000000238418579,1.0147812890000001,17.371384867,10.4869939
400,Si,sc4,1.1000000238418579,-0.063450512000000001,16.028458907000001,5.2249214579999999
401,O,oc23,-0.55000001192092896,3.0665143069999998,5.1633129560000004,7.8231268570000001
402,O,oc23,-0.55000001192092896,2.9464229689999999,6.2781500210000001,5.2561353339999997
403,O,oc23,-0.55000001192092896,3.346795583,19.036215443,5.5258334439999999
404,O,oc23,-0.55000001192092896,4.8535060440000004,17.380508204000002,4.2374240240000001
405,O,oc23,-0.55000001192092896,13.968812722999999,18.171550425,6.4778542699999999
406,O,oc23,-0.55000001192092896,14.968740091000001,18.753494014000001,4.1758215200000004
407,O,oc23,-0.55000001192092896,13.94175267,1.9239151910000001,-2.6144404840000002
408,O,oc23,-0.55000001192092896,5.8837449739999998,18.911698726000001,6.0097259259999998
409,O,oc23,-0.55000001192092896,0.33376033999999999,18.535190318000001,11.368484078
410,O,oc23,-0.55000001192092896,16.936739105000001,9.9145529400000001,4.536382111
411,O,oc23,-0.55000001192092896,0.073643319999999998,8.771809137,5.5261477489999997
412,O,oc23,-0.55000001192092896,16.773275628,4.268014204,-2.4448987519999998
413,O,oc23,-0.55000001192092896,13.703400950000001,3.4179884230000002,8.6613782879999999
414,O,oc23,-0.55000001192092896,16.208666065999999,4.7739717979999998,13.098877324
415,O,oc23,-0.55000001192092896,1.8040547060000001,10.962574980999999,9.587560882
416,O,oc23,-0.55000001192092896,0.528256642,16.398865867000001,1.8716007560000001
417,Si,sc4,1.1000000238418579,4.7529077229999999,11.310411866999999,14.32518204
418,Si,sc4,1.1000000238418579,15.186276152,18.832155133000001,5.7355038140000003
419,Si,sc4,1.1000000238418579,16.197134039000002,19.173185114999999,15.201966777999999
420,Si,sc4,1.1000000238418579,7.1960134260000004,7.7285553929999997,-2.5625499199999999
421,Si,sc4,1.1000000238418579,13.877921862000001,1.8024026120000001,3.467569379
422,Si,sc4,1.1000000238418579,7.3524202680000004,19.228318677000001,9.2402718470000007
423,Si,sc4,1.1000000238418579,6.6361487620000004,1.2600078029999999,9.2357210890000001
424,O,oc23,-0.55000001192092896,5.1128046469999999,18.184579582000001,11.854602242
425,O,oc23,-0.55000001192092896,11.400829316999999,2.5871740719999998,9.7291941469999994
426,O,oc23,-0.55000001192092896,15.473742728,3.963991584,6.9302153520000003
427,O,oc23,-0.55000001192092896,12.931925844,19.584179829,1.545293386
428,O,oc23,-0.55000001192092896,6.0454119029999998,4.257537975,11.589167199
429,O,oc23,-0.55000001192092896,5.736469219,1.590047558,10.453728513
430,O,oc23,-0.55000001192092896,17.910955587,8.1222990060000004,14.122950361999999
431,O,oc23,-0.55000001192092896,5.6896717739999998,3.598282845,5.8776817570000004
432,O,oc23,-0.55000001192092896,6.0193456310000002,6.6305791909999998,-3.1277256410000001
433,O,oc23,-0.55000001192092896,0.43512410000000001,20.021442147999998,0.076493259999999993
434,O,oc23,-0.55000001192092896,20.097140719999999,8.0247863210000006,15.249273429
435,O,oc23,-0.55000001192092896,-0.48614574900000002,9.8581138849999999,13.573453733999999
436,O,oc23,-0.55000001192092896,8.9734990379999999,13.057838719999999,11.068355456999999
437,O,oc23,-0.55000001192092896,11.038393049,16.568251489000001,-3.6439777750000002
438,O,oc23,-0.55000001192092896,12.935946525,7.6553601550000003,-2.0583614610000001
439,O,oc24,-0.67500001192092896,8.4416520849999994,10.895978619999999,-1.627295771
440,Si,sc4,1.1000000238418579,16.633305221000001,1.291663539,15.890209799999999
441,Si,sc4,1.1000000238418579,12.94637513,5.7989801700000001,13.304328241
442,Si,sc4,1.1000000238418579,2.1068126550000001,3.510381288,1.122411544
443,Si,sc4,1.1000000238418579,8.9405341440000008,5.8879175259999998,-0.76570744199999996
444,Si,sc4,1.1000000238418579,6.5859138120000003,3.0139680100000001,4.694149468
445,Si,sc4,1.1000000238418579,10.89551346,5.1404946499999999,7.1654292530000001
446,Si,sc4,1.1000000238418579,14.832933132999999,11.512927904,-2.1771528450000002
447,Si,sc4,1.1000000238418579,5.103125951,5.217514714,-2.7382216989999999
448,O,oc23,-0.55000001192092896,14.394225860000001,19.119987017,11.951142078
449,O,oc23,-0.55000001192092896,5.3792539909999997,10.00845984,13.675635172
450,O,oc23,-0.55000001192092896,1.6392923660000001,15.158198592,-2.9165160490000002
451,O,oc23,-0.55000001192092896,7.069743774,10.177413974,6.090372264
452,O,oc23,-0.55000001192092896,17.407354170000001,3.4459878289999999,8.4509877220000007
453,O,oc23,-0.55000001192092896,10.27769868,18.85552367,-2.3489578990000002
454,O,oc23,-0.55000001192092896,17.923135589000001,1.109272206,9.1106141849999993
455,O,oc23,-0.55000001192092896,10.819733701000001,19.769795879,4.3015007709999997
456,O,oc23,-0.55000001192092896,2.9872849800000001,16.6570964,15.614354875
457,O,oc23,-0.55000001192092896,18.706862403999999,10.965530643999999,-2.1344047430000002
458,O,oc23,-0.55000001192092896,13.263308861000001,8.6657025910000005,3.7476193439999999
459,O,oc24,-0.89999997615814209,1.9939228490000001,7.9093338580000001,-3.68596207
460,O,oc23,-0.55000001192092896,7.1856475450000001,9.8988461749999992,0.69094096900000002
461,O,oc23,-0.55000001192092896,10.705087385000001,0.448334169,2.2971635949999998
462,O,oc23,-0.55000001192092896,10.052030239,1.5198782369999999,4.715321715
463,O,oc23,-0.55000001192092896,11.566893285000001,4.3879142099999999,1.5308342749999999
464,Si,sc4,1.1000000238418579,12.215737126000001,11.373876532000001,12.673566155
465,Si,sc4,1.1000000238418579,12.486329722000001,5.3243973740000001,16.185212671999999
466,Si,sc4,1.1000000238418579,5.4915195060000004,3.4292294989999998,7.4460487129999997
467,Si,sc4,1.1000000238418579,7.4540672419999998,14.029828515,4.7479409989999999
468,Si,sc4,1.1000000238418579,12.542029397,17.998541338999999,1.552763568
469,Si,sc4,1.1000000238418579,17.579742927000002,10.347761011999999,3.2093873610000001
470,Si,sc4,1.1000000238418579,9.0936968080000007,7.5052888040000001,6.5888275280000004
471,Si,sc4,1.1000000238418579,11.461207015999999,8.1042623989999996,-2.481877882
472,O,oc23,-0.55000001192092896,4.8670960360000004,20.015579785,3.8572976030000001
473,O,oc23,-0.55000001192092896,4.4128811639999999,16.550952809000002,8.9340425569999997
474,O,oc23,-0.55000001192092896,11.206505141999999,13.368491944000001,10.066374482000001
475,O,oc23,-0.55000001192092896,7.729980888,12.49569438,5.0260588769999996
476,O,oc23,-0.55000001192092896,9.9292176120000004,3.7818632829999999,3.5553479619999999
477,O,oc23,-0.55000001192092896,16.358544615,19.566770658999999,13.625790650000001
478,O,oc23,-0.55000001192092896,17.672626903000001,7.5802305700000003,4.6590838220000004
479,O,oc23,-0.55000001192092896,17.699779254999999,1.1327562900000001,14.660776013
480,O,oc23,-0.55000001192092896,9.9452520829999997,6.2177791520000003,2.7364551129999999
481,O,oc23,-0.55000001192092896,-0.150272552,11.039041406000001,11.257717066
482,O,oc23,-0.55000001192092896,5.4455873400000003,4.8084388540000003,8.2674206990000005
483,O,oc23,-0.55000001192092896,7.5663956539999999,14.479103517,3.2179851259999999
484,O,oc23,-0.55000001192092896,18.403309707999998,6.0215459640000004,15.491613054
485,O,oc23,-0.55000001192092896,13.784137938000001,3.4268064840000001,3.5317116309999999
486,O,oc23,-0.55000001192092896,7.4618402000000001,1.8502933859999999,12.161488027000001
487,O,oc23,-0.55000001192092896,5.0949341160000001,8.6490515779999999,6.7894774150000003
488,Si,sc4,1.1000000238418579,4.9678717160000003,19.543201451000002,12.702555619
489,Si,sc4,1.1000000238418579,9.4602193359999998,9.0031020460000004,11.190508680000001
490,Si,sc4,1.1000000238418579,13.832776355,1.9299945279999999,12.358981243000001
491,Si,sc4,1.1000000238418579,8.1564142159999999,13.456844428,0.252194486
492,Si,sc4,1.1000000238418579,7.2494365419999998,16.443670256000001,-4.2171719950000002
493,Si,sc4,1.1000000238418579,15.882786482,15.768300941,-1.855599395
494,Si,sc4,1.1000000238418579,18.593156051000001,7.5901775870000003,15.433088948
495,Si,sc4,1.1000000238418579,16.232014637999999,12.793936672999999,1.8703981519999999
496,O,oc23,-0.55000001192092896,1.0889968299999999,0.144131549,10.10612379
497,O,oc24,-0.67500001192092896,12.063270481,11.769823112999999,-4.3614231139999999
498,O,oc24,-0.67500001192092896,9.8003988799999995,18.839700667999999,15.730627638
499,O,oc23,-0.55000001192092896,4.9411801540000004,12.940985525,-2.3895431610000002
500,O,oc23,-0.55000001192092896,13.155016875999999,12.588596982,13.173949799000001
501,O,oc23,-0.55000001192092896,8.6977145700000005,8.4855745779999996,12.537883854
502,O,oc23,-0.55000001192092896,4.5265978530000002,9.4074875480000006,0.11007460199999999
503,O,oc23,-0.55000001192092896,10.439711106000001,4.8305154579999998,8.6895174399999995
504,O,oc23,-0.55000001192092896,8.5160453500000006,6.8135078,14.649678457
505,O,oc23,-0.55000001192092896,17.994445965000001,15.519756143,15.621586261999999
506,O,oc23,-0.55000001192092896,15.676400374,12.754468847,13.597572339999999
507,O,oc23,-0.55000001192092896,3.4768830469999998,5.3650341499999996,-2.5626219940000001
508,O,oc23,-0.55000001192092896,10.708214095000001,13.845459443999999,-3.3920309209999999
509,O,oc23,-0.55000001192092896,5.9240882790000002,10.904568318000001,-1.296671439
510,O,oc23,-0.55000001192092896,7.639597159,9.1589671619999997,-3.4391170080000002
511,O,oc23,-0.55000001192092896,4.3164089450000001,5.528289215,3.1045580849999999
512,Si,sc4,1.1000000238418579,5.712930633,12.471566822,-1.101456851
513,Si,sc4,0.72500002384185791,9.7428542189999998,11.454522689999999,15.521606587999999
514,Si,sc4,1.1000000238418579,2.822943473,9.3990331660000006,2.717206977
515,Si,sc4,1.1000000238418579,5.0995307790000002,11.167603810999999,3.4122484769999999
516,Si,sc4,1.1000000238418579,2.0482429940000002,12.648192141000001,13.809577003999999
517,Si,sc4,1.1000000238418579,2.5325914890000001,7.6893404949999997,13.220194557999999
518,Si,sc4,1.1000000238418579,7.3329980319999999,12.694520732000001,13.751273681000001
519,Si,sc4,1.1000000238418579,13.591444516999999,16.89004525,7.3094147539999996
520,O,oc23,-0.55000001192092896,13.701123621000001,9.7155023729999996,15.323035175999999
521,O,oc23,-0.55000001192092896,8.0424658900000008,1.4883210849999999,9.7805932630000001
522,O,oc23,-0.55000001192092896,7.7321456629999998,12.41919654,1.4017615210000001
523,O,oc23,-0.55000001192092896,3.4595146130000001,11.884679841000001,13.495426481000001
524,O,oc23,-0.55000001192092896,10.267410369,10.212294919,4.855735191
525,O,oc23,-0.55000001192092896,6.3900615030000001,7.5790477210000002,13.193438685
526,O,oc23,-0.55000001192092896,18.235703098999998,17.184629607000002,10.800768581
527,O,oc23,-0.55000001192092896,19.304630726999999,5.2173740149999999,8.5929430240000002
528,O,oc23,-0.55000001192092896,7.8640304419999998,4.7888759719999996,-0.72236715299999998
529,O,oc23,-0.55000001192092896,7.1286063640000004,13.179534304000001,-0.91959018400000003
530,O,oc23,-0.55000001192092896,14.947575033,0.83879490899999998,12.780359231
531,O,oc23,-0.55000001192092896,18.706433967999999,1.2383122470000001,4.056929308
532,O,oc23,-0.55000001192092896,11.028353525,17.700789359000002,2.0552836409999999
533,O,oc23,-0.55000001192092896,10.122749829,19.141383098999999,11.607703990999999
534,O,oc23,-0.55000001192092896,9.7057947910000006,10.060177646,14.837152998000001
535,O,oc23,-0.55000001192092896,11.126229606000001,9.0446816929999994,11.453462858
536,Si,sc4,1.1000000238418579,8.0401646709999994,11.829862904000001,11.000933449
537,Si,sc4,1.1000000238418579,13.23676523,10.195320235000001,3.1628417170000001
538,Si,sc4,1.1000000238418579,7.9020054000000002,7.2247016329999996,13.201567859000001
539,Si,sc4,1.1000000238418579,8.6158762339999999,0.91459827999999999,-4.3309660650000001
540,Si,sc4,1.1000000238418579,10.005210289000001,6.3052862239999996,14.731665531000001
541,Si,sc4,1.1000000238418579,12.561709068000001,13.619725806,9.2504042290000008
542,Si,sc4,1.1000000238418579,12.547627283000001,8.2526907279999993,11.902365828000001
543,Si,sc4,1.1000000238418579,6.2340904650000004,17.165363150000001,11.358096121999999
544,O,oc23,-0.55000001192092896,11.687020323,14.253319482,5.1137895320000002
545,O,oc23,-0.55000001192092896,9.7424237359999992,13.243302681999999,-0.14882165
546,O,oc23,-0.55000001192092896,3.3951713159999999,1.4533173580000001,4.1412173729999999
547,O,oc23,-0.55000001192092896,3.7901780829999998,16.847087705,-2.859152194
548,O,oc23,-0.55000001192092896,1.00747765,16.919584924999999,4.3610432960000001
549,O,oc23,-0.55000001192092896,1.6412722529999999,9.8644365670000003,3.6723058879999999
550,O,oc23,-0.55000001192092896,18.472650125000001,13.287175797,-1.39210261
551,O,oc23,-0.55000001192092896,11.890164043,5.1401648089999998,3.9979337660000001
552,O,oc23,-0.55000001192092896,13.108812736999999,7.4910145119999996,10.635847137000001
553,O,oc23,-0.55000001192092896,4.7080552369999999,1.1452972589999999,1.9221092399999999
554,O,oc23,-0.55000001192092896,6.9895591599999998,17.863750091,10.080361883
555,O,oc23,-0.55000001192092896,18.381045803999999,15.757449016000001,2.9172203059999999
556,O,oc23,-0.55000001192092896,3.0133799400000001,17.151650156999999,2.4423147119999999
557,O,oc23,-0.55000001192092896,9.1542467419999998,11.357354389999999,6.8433094329999999
558,O,oc24,-0.67500001192092896,13.094106035999999,1.1188725319999999,15.896190506
559,O,oc23,-0.55000001192092896,10.881665843,5.7114277959999997,15.982472737
560,Si,sc4,1.1000000238418579,10.052962341000001,19.453233303000001,10.103303931999999
561,Si,sc4,1.1000000238418579,10.176794941000001,15.717822486999999,13.615742194999999
562,Si,sc4,1.1000000238418579,4.7908999479999999,18.109560536,-3.1497918340000002
563,Si,sc4,1.1000000238418579,14.240838728,13.114382449000001,14.215479866000001
564,Si,sc4,1.1000000238418579,1.0975934279999999,0.68026305600000003,-3.1935631799999999
565,Si,sc4,1.1000000238418579,0.164832653,6.5806788049999998,2.6766121369999998
566,Si,sc4,1.1000000238418579,10.405881406000001,13.407118837000001,11.467277834000001
567,Si,sc4,1.1000000238418579,9.3221858629999996,7.3661797,1.8199890569999999
568,O,oc23,-0.55000001192092896,5.467034419,3.9144382289999999,-3.7127799380000002
569,O,oc23,-0.55000001192092896,10.362316486999999,14.849849596,12.229798199999999
570,O,oc24,-0.67500001192092896,2.660784386,0.29041351900000001,-3.3966955030000001
571,O,oc23,-0.55000001192092896,1.785426476,8.9262306040000006,13.799045291000001
572,O,oc23,-0.55000001192092896,6.4350427110000004,2.2749968200000001,8.0156007519999992
573,O,oc23,-0.55000001192092896,-0.224095607,14.612536824999999,4.4570970269999997
574,O,oc23,-0.55000001192092896,10.654677605,7.6493339550000004,14.161987565
575,O,oc23,-0.55000001192092896,4.2212212569999998,0.0079021549999999992,11.91752016
576,O,oc23,-0.55000001192092896,10.886314533,12.171985405999999,12.351346207000001
577,O,oc23,-0.55000001192092896,8.5283375899999996,7.7223505760000002,5.1160651000000001
578,O,oc23,-0.55000001192092896,15.515543753999999,15.060285642,-3.2466406440000002
579,O,oc23,-0.55000001192092896,12.531621921999999,1.202433919,4.1207815090000004
580,O,oc23,-0.55000001192092896,3.6935788970000001,19.025378905,-3.8497021089999999
581,O,oc23,-0.55000001192092896,6.6705424750000004,2.8503400339999998,0.17058632800000001
582,O,oc23,-0.55000001192092896,6.8369808330000001,0.40517579199999998,-0.848913637
583,O,oc23,-0.55000001192092896,2.6927588469999999,13.675372041999999,-1.169678625
584,Si,sc4,1.1000000238418579,6.3206173310000002,2.5491944040000001,-3.463300882
585,Si,sc4,1.1000000238418579,9.1633891419999998,3.0401591140000002,-2.6570968609999999
586,Si,sc4,1.1000000238418579,11.261968018999999,13.908788272000001,3.5957655740000001
587,Si,sc4,1.1000000238418579,10.832770350000001,4.8941821660000002,2.8914517279999998
588,Si,sc4,1.1000000238418579,11.164040764999999,3.7719969419999999,0.115599586
589,Si,sc4,1.1000000238418579,10.953481253,9.1515497050000008,14.622607077
590,Si,sc4,1.1000000238418579,11.654916561,15.162924449,-3.1102193960000002
591,O,oc23,-0.55000001192092896,10.377922531999999,5.0562353089999998,-0.64504530400000004
592,O,oc23,-0.55000001192092896,12.070436115,15.30769828,-1.537470997
593,O,oc23,-0.55000001192092896,13.49809718,15.625009063,6.3682722170000003
594,O,oc23,-0.55000001192092896,3.9504403469999998,15.073906664000001,3.643397379
595,O,oc23,-0.55000001192092896,8.9457958959999999,0.105861047,-2.949435426
596,O,oc23,-0.55000001192092896,12.176274018999999,4.4595703650000003,13.03318252
597,O,oc23,-0.55000001192092896,8.7023246570000001,15.610300482,14.374784604
598,O,oc23,-0.55000001192092896,15.282013729999999,6.2526754740000001,-1.8374657459999999
599,O,oc23,-0.55000001192092896,5.4628733059999997,1.4052907690000001,-2.6204734429999998
600,O,oc23,-0.55000001192092896,10.670103698,8.6523516330000003,-1.2126226529999999
601,O,oc24,-0.67500001192092896,3.1230238969999999,15.544541102,-5.0543805580000001
602,O,oc23,-0.55000001192092896,12.208817065,17.043917086,8.0149172839999991
603,O,oc23,-0.55000001192092896,11.530269847,15.53036328,14.477974843
604,O,oc23,-0.55000001192092896,7.0225429100000003,12.300606508,9.8544882650000005
605,Si,sc4,1.1000000238418579,4.751664828,18.818756261000001,4.8842770900000003
606,Si,sc4,1.1000000238418579,0.59321849100000001,13.019645942,1.5913023529999999
607,Si,sc4,1.1000000238418579,10.722224678,17.470381828000001,7.8523086470000001
608,Si,sc4,1.1000000238418579,7.6600510000000002,1.6391483140000001,-0.25119355100000001
609,Si,sc4,1.1000000238418579,14.499150824999999,15.773230684,9.8112627040000007
610,Si,sc4,1.1000000238418579,10.041860940999999,18.634468629000001,5.1744175529999996
611,Si,sc4,1.1000000238418579,7.6421115840000002,7.4257002969999997,9.2072678349999997
612,Si,sc4,1.1000000238418579,4.8032184500000001,0.85599188199999998,3.5190892460000001
613,O,oc23,-0.55000001192092896,12.507418995,4.6456028439999999,10.332122138000001
614,O,oc23,-0.55000001192092896,10.461289075,8.3854637079999996,1.4074787369999999
615,O,oc23,-0.55000001192092896,7.1154833289999999,6.0397207750000002,9.8740285270000001
616,O,oc23,-0.55000001192092896,6.7521187490000001,12.396205677999999,7.3429517940000002
617,O,oc23,-0.55000001192092896,15.120074708000001,1.306698887,4.4056665019999999
618,O,oc23,-0.55000001192092896,9.8835020809999996,20.628084715,-0.27832853800000001
619,O,oc23,-0.55000001192092896,13.669601362,12.477976371,9.5429584799999994
620,O,oc23,-0.55000001192092896,9.1192850389999993,10.500981616000001,2.4895320729999999
621,O,oc23,-0.55000001192092896,14.305625435,1.8116855430000001,6.7263738880000004
622,O,oc23,-0.55000001192092896,15.387236932,20.286122548000002,0.62706638199999998
623,O,oc23,-0.55000001192092896,3.9856533280000002,8.0640775199999997,12.926388525
624,O,oc23,-0.55000001192092896,18.920015753000001,3.2132049110000001,-3.2506865290000002
625,O,oc23,-0.55000001192092896,16.870062382,11.767441451,2.920980439
626,O,oc23,-0.55000001192092896,7.096047757,16.78550847,12.661622768000001
627,O,oc23,-0.55000001192092896,17.580329152000001,12.68943105,15.225236035
628,O,oc23,-0.55000001192092896,0.89604537299999998,4.5603334540000002,-2.1034035339999999
629,O,oc24,-0.67500001192092896,19.191901578,13.734005139000001,17.085996508000001
630,Si,sc4,1.1000000238418579,20.326248602,3.1484212949999999,11.794993422999999
631,O,oc23,-0.55000001192092896,5.1081436050000004,18.209283138,16.138672263
632,O,oc23,-0.55000001192092896,5.8087547150000001,15.837584194,14.9774636
633,O,oc24,-0.67500001192092896,14.166553431000001,18.228982488,17.971010122999999
634,O,oc24,-0.67500001192092896,14.632685183,1.6662624859999999,-5.146898331
635,O,oc24,-0.67500001192092896,13.161880672000001,11.011503414,17.642620616999999
636,O,oc23,-0.55000001192092896,7.0978557660000003,11.999242411999999,-3.6414609410000001
637,O,oc24,-0.67500001192092896,9.8259533539999993,18.470522149000001,-4.9715302750000001
638,H,hoy,0.40000000596046448,5.2961166860000004,7.1202776180000003,15.412126789
639,H,hoy,0.40000000596046448,14.255488938999999,13.993920339000001,-5.9173869970000004
640,O,oc24,-0.67500001192092896,17.03775199,3.8973428029999999,-4.9747578179999996
641,H,hoy,0.40000000596046448,1.298751888,13.205914839,15.706209507000001
642,H,hoy,0.40000000596046448,0.97779959299999997,9.9360001649999994,16.608769595999998
643,O,oc24,-0.89999997615814209,19.346021217000001,9.5975847840000004,-4.3385740960000003
644,O,oc24,-0.67500001192092896,15.982062692,9.4540088509999993,-5.4223233979999996
645,O,oc23,-0.55000001192092896,14.694833554000001,7.7194754909999999,-3.8231130279999999
646,H,hoy,0.40000000596046448,3.5288585989999999,11.512506037,16.021507253999999
647,O,oc23,-0.55000001192092896,1.233840244,20.155130113999999,-4.2851981849999996
648,O,oc24,-0.67500001192092896,11.001905759,5.1822752000000003,-5.1359688029999999
649,H,hoy,0.40000000596046448,17.772067882000002,7.2975231640000002,-3.2253229939999999
650,Na,na+,1,1.9444364679999999,9.8913339679999996,-4.304473539
651,O,oc24,-0.67500001192092896,13.123392538999999,6.0923781029999997,17.469622263000002
652,O,oc23,-0.55000001192092896,6.9301702040000004,14.836831782999999,-3.9193943400000002
653,O,oc24,-0.67500001192092896,7.7560579599999997,16.509381175000001,-5.7670840070000002
654,O,oc24,-0.67500001192092896,17.903009718,8.3515501689999994,16.699418443999999
655,H,hoy,0.40000000596046448,12.125084369,10.839472235000001,-4.2119721720000003
656,H,hoy,0.40000000596046448,9.5171405100000008,19.164438199999999,16.565397503
657,O,oc24,-0.89999997615814209,9.1188358100000002,11.100913925,17.004583921999998
658,O,oc23,-0.55000001192092896,11.432788244999999,11.686121016,15.584685558
659,O,oc24,-0.67500001192092896,2.6389624899999999,6.8290901589999997,14.575360160000001
660,O,oc24,-0.67500001192092896,9.2660150530000003,0.22942779399999999,-5.6626234990000004
661,O,oc23,-0.55000001192092896,7.1578319700000002,1.6460023800000001,-4.5092666479999997
662,O,oc24,-0.67500001192092896,0.33416950899999998,0.63568388099999995,-4.62288064
663,H,hoy,0.40000000596046448,3.1491535609999999,1.094096186,-3.3668355449999998
664,O,oc24,-0.67500001192092896,11.456138485,8.9805437260000005,16.161968507000001
665,H,hoy,0.40000000596046448,4.0586649450000003,15.609387567000001,-5.0431342560000001
666,H,hoy,0.40000000596046448,19.109058298000001,14.518622946000001,17.59132477
667,H,hoy,0.40000000596046448,13.96601036,17.396790665000001,18.349819134000001
668,H,hoy,0.40000000596046448,15.231125547,2.334583072,-5.4353384609999997
669,H,hoy,0.40000000596046448,13.257536451,10.103127478999999,17.859949356000001
670,H,hoy,0.40000000596046448,9.373879831,19.317346039,-4.918988905
671,Na,na+,1,18.216235627,9.6706796960000005,-6.0570692360000002
672,H,hoy,0.40000000596046448,15.244859426,9.9890764099999991,-5.6747239179999998
673,H,hoy,0.40000000596046448,10.171933331,5.5705402660000001,-5.3321070370000001
674,H,hoy,0.40000000596046448,13.898493113000001,6.527812215,17.169154301999999
675,H,hoy,0.40000000596046448,8.3319092650000002,17.259618809999999,-5.8377198029999997
676,H,hoy,0.40000000596046448,17.439158135,9.1035606090000005,16.379084892000002
677,Na,na+,1,7.2303353689999996,10.313645197,16.601746312
678,H,hoy,0.40000000596046448,3.2860098880000002,7.2295366740000002,15.131807835
679,H,hoy,0.40000000596046448,10.903840847,9.5728393579999995,16.663459236000001
680,Si,sc4,1.1000000238418579,4.6935622820000003,16.677237422000001,15.963329091
681,O,oc24,-0.67500001192092896,4.8647030359999999,15.997672456,17.434396254999999
682,H,hoy,0.40000000596046448,5.5821650959999998,15.395057008,17.378295795
683,Si,sc4,1.1000000238418579,6.7447125879999996,13.322561223999999,-4.601783599
684,O,oc24,-0.67500001192092896,7.4715118140000003,13.221892968000001,-6.0582561070000001
685,H,hoy,0.40000000596046448,7.4419963080000002,14.074097545000001,-6.4560522369999997
686,O,oc23,-0.55000001192092896,5.1918549240000003,13.092074397999999,-4.7797891659999996
687,Si,sc4,1.1000000238418579,9.6953763500000001,1.660551519,14.854516519000001
688,O,oc24,-0.67500001192092896,9.419009355,2.7173152649999999,16.065392438
689,H,hoy,0.40000000596046448,9.8175186149999991,2.3776754879999999,16.844939150999998
690,O,oc24,-0.67500001192092896,2.8606506920000001,19.394137952000001,16.461250656000001
691,H,hoy,0.40000000596046448,2.9757043520000002,19.645406719,17.359464197000001
692,O,oc23,-0.55000001192092896,21.490419285000002,3.352938167,12.844897737
693,O,oc23,-0.55000001192092896,19.368509603,2.421340077,12.959553984999999
694,O,oc23,-0.55000001192092896,20.138632956999999,4.7527343870000003,11.449597807
695,Si,sc4,1.1000000238418579,21.320839222,4.3115325660000003,14.175787006
696,O,oc23,-0.55000001192092896,2.4396432799999999,4.5128580810000001,15.068652218
697,O,oc23,-0.55000001192092896,20.801043457999999,5.6927813330000001,13.576461025
698,Si,sc4,1.1000000238418579,20.518517975000002,6.2029648599999998,12.119827042000001
699,O,oc23,-0.55000001192092896,19.367750155,7.3655628479999997,12.019789413
700,Si,sc4,0.72500002384185791,19.258495054000001,1.422558953,14.331566455000001
701,Si,sc4,1.1000000238418579,3.982541243,4.4525052059999997,14.845198369
702,O,oc24,-0.67500001192092896,4.7028309459999997,5.5764852439999997,15.792442275000001
703,O,oc24,-0.89999997615814209,19.779380504999999,2.0054418429999998,15.802734641000001
704,H,hoy,0.40000000596046448,13.70057257,0.71065072399999996,16.483609387000001
705,O,oc24,-0.67500001192092896,17.555709116999999,1.742665643,17.164462176000001
706,H,hoy,0.40000000596046448,18.399842540000002,1.923708185,16.739148987
707,H,hoy,0.40000000596046448,17.710367579,3.673670623,16.461739653999999
708,H,hoy,0.40000000596046448,9.1066786939999993,10.270172003000001,-1.404322278
709,O,oc24,-0.67500001192092896,4.2033468279999999,10.827468812999999,-3.8246945559999999
710,H,hoy,0.40000000596046448,5.0349428019999998,10.499476864,-3.5214494009999999
711,H,hoy,0.40000000596046448,11.957101044,8.7705881980000004,-4.4074047680000001
712,H,hoy,0.40000000596046448,17.427073588999999,4.7576319079999996,-4.9700725239999999
713,H,hoy,0.40000000596046448,4.33520108,5.4756916240000004,16.653273544000001
714,Si,sc4,1.1000000238418579,15.679338609,40.896265450000001,12.404190582
715,Si,sc4,1.1000000238418579,14.22903882,27.757363487999999,9.9884054760000005
716,Si,sc4,1.1000000238418579,18.667102608,34.771092574000001,15.640738983
717,Si,sc4,1.1000000238418579,17.142727589,35.243862645999997,10.439885702
718,Si,sc4,1.1000000238418579,8.4079719140000009,22.962775327999999,11.135692271
719,Si,sc4,1.1000000238418579,17.788758012999999,22.845841152999999,7.6822306029999998
720,Si,sc4,1.1000000238418579,0.32795267500000003,20.156584449,11.408358874999999
721,Si,sc4,1.1000000238418579,13.751384523,23.238433836999999,15.343775009
722,O,oc23,-0.55000001192092896,8.5797657510000001,40.503939051000003,9.9432666560000005
723,O,oc23,-0.55000001192092896,14.187157462,26.723593806,4.3838831479999998
724,O,oc23,-0.55000001192092896,12.544750239000001,33.259417638999999,0.23780663499999999
725,O,oc23,-0.55000001192092896,8.0680163710000006,23.740109839999999,5.387647383
726,O,oc23,-0.55000001192092896,16.559076339000001,38.684288258999999,6.050074274
727,O,oc23,-0.55000001192092896,2.0134336620000002,39.728740811999998,14.271044324
728,O,oc23,-0.55000001192092896,3.6866146249999998,25.81888897,10.553155031999999
729,O,oc23,-0.55000001192092896,8.228363903,28.735562811000001,2.6936276860000001
730,O,oc23,-0.55000001192092896,17.961919034000001,38.368562140000002,8.1575723490000005
731,O,oc23,-0.55000001192092896,16.412451682,34.504823367999997,3.3076759519999999
732,O,oc23,-0.55000001192092896,8.8185499360000001,22.896166112,-3.9734311039999999
733,O,oc23,-0.55000001192092896,12.015935691999999,30.905729416,13.819730158
734,O,oc24,-0.67500001192092896,14.097784683,22.965202301000001,-5.188539145
735,O,oc23,-0.55000001192092896,19.119737790999999,23.094801047000001,6.6881728550000004
736,O,oc23,-0.55000001192092896,0.091149364999999996,21.194185790999999,5.7093093960000001
737,O,oc23,-0.55000001192092896,2.3145381739999999,33.998038989999998,1.3853895439999999
738,Si,sc4,1.1000000238418579,7.4829544019999998,28.359877424,4.0723237460000004
739,Si,sc4,1.1000000238418579,13.215195208000001,25.418392576999999,4.3880096850000001
740,Si,sc4,1.1000000238418579,14.987397919999999,28.320422054000002,-3.117079817
741,Si,sc4,1.1000000238418579,14.609792148,28.257310837999999,3.9278139009999999
742,Si,sc4,1.1000000238418579,17.665507172000002,21.678771281,10.768073939000001
743,Si,sc4,1.1000000238418579,17.660989932,27.210280714,-2.2966241620000001
744,Si,sc4,1.1000000238418579,2.4511461809999999,25.804126133,6.3828509090000001
745,Si,sc4,1.1000000238418579,11.370575558000001,29.666061412000001,0.21202390600000001
746,O,oc23,-0.55000001192092896,13.516597166,23.414540643999999,13.753470208
747,O,oc23,-0.55000001192092896,18.422475948999999,25.104273817999999,0.30973557499999999
748,O,oc23,-0.55000001192092896,10.402729948999999,37.953783565000002,4.5478231549999997
749,O,oc23,-0.55000001192092896,18.313971038999998,25.091756743000001,13.105868343999999
750,O,oc23,-0.55000001192092896,15.532148407999999,29.228622494,0.42621057299999998
751,O,oc24,-0.67500001192092896,17.648939906999999,24.421687596000002,15.581742625
752,O,oc23,-0.55000001192092896,20.23386094,23.104226294,10.200075825000001
753,O,oc23,-0.55000001192092896,17.108965704999999,23.076140749,11.627377405000001
754,O,oc23,-0.55000001192092896,2.8534926829999998,24.505464099000001,5.5118666899999997
755,O,oc23,-0.55000001192092896,10.90151842,31.215615598999999,0.36093583000000001
756,O,oc23,-0.55000001192092896,10.012850387,23.260796878000001,0.34105590899999999
757,O,oc23,-0.55000001192092896,12.942503961,29.484608037000001,0.34651591100000001
758,O,oc23,-0.55000001192092896,8.5094193760000003,23.171110431999999,-1.390554362
759,O,oc23,-0.55000001192092896,16.536189277999998,20.562978510000001,11.107365285
760,O,oc23,-0.55000001192092896,0.12496188699999999,37.854788386999999,9.3285175549999995
761,Si,sc4,1.1000000238418579,17.618652178000001,33.889558602999998,6.0262681310000001
762,Si,sc4,1.1000000238418579,1.4727951130000001,28.644738781000001,-2.023659812
763,Si,sc4,1.1000000238418579,13.839611221,38.412661417000002,12.116658634
764,Si,sc4,1.1000000238418579,14.783613633,32.544540339000001,5.5265079620000002
765,Si,sc4,1.1000000238418579,0.59162925700000002,32.625475213999998,10.175544929000001
766,Si,sc4,1.1000000238418579,3.2906016729999998,33.395603815999998,0.25542440900000002
767,Si,sc4,1.1000000238418579,4.3764199020000003,40.295975335000001,15.777973717
768,Si,sc4,1.1000000238418579,11.216907325999999,22.034433450000002,10.685310641999999
769,O,oc23,-0.55000001192092896,3.3794751120000002,35.264886271000002,10.30681354
770,O,oc23,-0.55000001192092896,14.383762862999999,31.183968927999999,-1.0995052890000001
771,O,oc23,-0.55000001192092896,19.891492965000001,26.983486768999999,1.367647705
772,O,oc23,-0.55000001192092896,2.374261712,37.559440963,7.6682180280000001
773,O,oc23,-0.55000001192092896,17.274564434999998,27.280244417999999,1.084262514
774,O,oc23,-0.55000001192092896,16.838634575,37.809027401999998,-1.8085572379999999
775,O,oc23,-0.55000001192092896,5.6332725010000004,39.931044413999999,-2.3463708140000001
776,O,oc23,-0.55000001192092896,0.39764244500000001,41.153609996999997,-2.1201212819999999
777,O,oc23,-0.55000001192092896,0.89855433600000001,25.868514809000001,6.6107797130000003
778,O,oc23,-0.55000001192092896,14.672533547,37.223849872000002,8.5911968890000008
779,O,oc23,-0.55000001192092896,-0.060382866,21.143933316999998,2.3785265029999998
780,O,oc23,-0.55000001192092896,14.623530136999999,26.203503403999999,10.025709577000001
781,O,oc23,-0.55000001192092896,18.926039475,27.228875127999999,6.4815985869999997
782,O,oc23,-0.55000001192092896,7.8988855139999998,35.241718992000003,8.4686821959999996
783,O,oc23,-0.55000001192092896,5.9229088939999999,22.313528676000001,4.4569237319999999
784,O,oc23,-0.55000001192092896,10.312062914,24.979128265,11.331685413000001
785,Si,sc4,1.1000000238418579,13.688813691,38.883527618999999,16.512911768999999
786,Si,sc4,1.1000000238418579,16.181357754,29.951976863999999,10.338590923
787,Si,sc4,1.1000000238418579,0.633039464,39.723858102000001,-1.495658011
788,Si,sc4,1.1000000238418579,14.804181400999999,29.923930144,14.144154006000001
789,Si,sc4,1.1000000238418579,13.872413483000001,24.821890856,10.012489497000001
790,Si,sc4,1.1000000238418579,1.80585905,35.377744006,10.364464343
791,Si,sc4,1.1000000238418579,14.249504328,23.511132995000001,-3.6488056059999998
792,Si,sc4,1.1000000238418579,14.281436749999999,34.674707042000001,-3.698433546
793,O,oc23,-0.55000001192092896,14.259818365999999,33.494227101,-2.587333154
794,O,oc23,-0.55000001192092896,8.8930439949999993,28.696035292000001,10.165551797999999
795,O,oc24,-0.67500001192092896,11.615540187000001,29.021115772999998,-3.8932862610000001
796,O,oc23,-0.55000001192092896,-0.12664061600000001,24.828162219999999,14.980791196
797,O,oc23,-0.55000001192092896,13.201357086,26.561471885,14.864194393
798,O,oc23,-0.55000001192092896,-0.149299186,35.080990814000003,14.708322543
799,O,oc23,-0.55000001192092896,5.8825318170000003,36.825576044000002,2.2448421239999998
800,O,oc23,-0.55000001192092896,16.221475745999999,30.978564462000001,14.234810338999999
801,O,oc23,-0.55000001192092896,5.4577564199999999,34.787742536000003,8.8740689760000002
802,O,oc23,-0.55000001192092896,4.1108775399999997,20.691230744999999,-0.18157040299999999
803,O,oc23,-0.55000001192092896,8.6399167250000009,39.476096747,5.4137643139999998
804,O,oc23,-0.55000001192092896,1.35495516,20.608767689,12.492998221000001
805,O,oc23,-0.55000001192092896,8.8381706209999997,33.341017047000001,14.79379911
806,O,oc23,-0.55000001192092896,10.221632948,38.031288357000001,13.132047815
807,O,oc23,-0.55000001192092896,1.4137470560000001,36.750162328000002,11.082739044
808,O,oc23,-0.55000001192092896,14.442310227,31.893998412999998,4.0588894519999998
809,Si,sc4,1.1000000238418579,10.129688411,37.417209116000002,3.0873376079999999
810,Si,sc4,1.1000000238418579,13.128198902999999,31.987047189999998,15.990601550999999
811,Si,sc4,1.1000000238418579,16.768338246999999,29.726775712999999,5.2100952019999998
812,Si,sc4,1.1000000238418579,7.8166302639999996,31.488008413999999,1.9976132719999999
813,Si,sc4,1.1000000238418579,7.3508919400000003,31.532391315000002,-3.7315779309999999
814,Si,sc4,1.1000000238418579,13.401106918,34.158863199999999,1.29039843
815,Si,sc4,1.1000000238418579,14.309531906,30.268878111999999,0.27620407000000002
816,Si,sc4,1.1000000238418579,7.4708432399999998,36.299020214999999,2.3675305729999998
817,O,oc23,-0.55000001192092896,12.175354905000001,23.632589253999999,-0.82112345399999997
818,O,oc23,-0.55000001192092896,13.802065079,29.844994753999998,12.744959333000001
819,O,oc23,-0.55000001192092896,2.8517061859999999,31.893037101000001,-0.11630615900000001
820,O,oc23,-0.55000001192092896,8.0391829480000006,35.579218664000003,1.0715765239999999
821,O,oc23,-0.55000001192092896,2.5843563920000001,35.173626712999997,6.8175711320000003
822,O,oc23,-0.55000001192092896,19.224973853000002,31.053012080999999,3.6095142880000002
823,O,oc23,-0.55000001192092896,1.7486286660000001,34.843886187999999,13.108281359999999
824,O,oc23,-0.55000001192092896,18.277306161999999,37.846238063999998,13.622115775999999
825,O,oc23,-0.55000001192092896,16.996348083000001,26.324945830000001,5.4325198480000001
826,O,oc23,-0.55000001192092896,14.839114965,33.433247930999997,1.5323893820000001
827,O,oc23,-0.55000001192092896,17.732932783999999,33.836131864000002,10.194406922000001
828,O,oc23,-0.55000001192092896,17.323920911999998,35.329309531,5.3341425679999999
829,O,oc23,-0.55000001192092896,16.053788435000001,35.667853061000002,-0.87345660000000003
830,O,oc23,-0.55000001192092896,13.583393465,35.648522657000001,0.64649852699999999
831,O,oc23,-0.55000001192092896,13.195080092,30.724962860000002,8.8653227349999995
832,Si,sc4,1.1000000238418579,-0.47350777700000002,31.987816349999999,12.912562234999999
833,Si,sc4,1.1000000238418579,2.5575802240000001,33.683511545999998,6.3768048239999997
834,Si,sc4,1.1000000238418579,0.61802550199999995,35.866400828000003,13.460352674999999
835,Si,sc4,1.1000000238418579,15.013153582999999,38.240436680999998,3.195292706
836,Si,sc4,1.1000000238418579,13.058357718,30.691541876999999,7.2746846859999996
837,Si,sc4,1.1000000238418579,17.985627769000001,38.316298453999998,-0.72849524300000001
838,Si,sc4,1.1000000238418579,-0.090899245000000004,26.756256514,7.4577050199999997
839,Si,sc4,1.1000000238418579,18.324910768999999,33.187074862000003,8.8988515540000002
840,O,oc23,-0.55000001192092896,8.8029393089999992,31.162560620000001,10.861534280000001
841,O,oc23,-0.55000001192092896,16.395741125000001,32.819686527999998,5.7414839940000002
842,O,oc23,-0.55000001192092896,6.2919960350000004,26.095651472,1.4827653199999999
843,O,oc23,-0.55000001192092896,13.139452586999999,35.669859219000003,9.8085416720000005
844,O,oc23,-0.55000001192092896,0.74581070199999999,23.423087835,4.6421360409999997
845,O,oc23,-0.55000001192092896,15.643803581,35.344106570000001,10.007174297000001
846,O,oc23,-0.55000001192092896,3.3439000399999999,33.086949377000003,-3.2711526370000001
847,O,oc23,-0.55000001192092896,12.766255644999999,35.210650518000001,-3.7938735220000002
848,O,oc23,-0.55000001192092896,4.102711974,27.933436933999999,8.9303568720000008
849,O,oc23,-0.55000001192092896,5.2713518319999997,25.772256922,-0.94667560799999995
850,O,oc23,-0.55000001192092896,12.286701547,34.398939061999997,7.6308362939999999
851,O,oc23,-0.55000001192092896,10.402067296,33.315435526999998,3.6770359959999999
852,O,oc23,-0.55000001192092896,17.955397348999998,34.056934022999997,7.5956768190000004
853,O,oc23,-0.55000001192092896,12.330958691999999,38.615637972999998,11.790795792999999
854,O,oc23,-0.55000001192092896,16.915628612999999,29.662871879000001,8.9787876289999993
855,O,oc23,-0.55000001192092896,1.370703622,37.230213429999999,13.790956866
856,Si,sc4,1.1000000238418579,7.1654168230000002,36.506928766000001,13.802648197
857,Si,sc4,1.1000000238418579,3.1139053190000001,22.264239052000001,8.1240057980000007
858,Si,sc4,1.1000000238418579,10.60838631,24.825820166,12.887169876
859,Si,sc4,1.1000000238418579,15.426439626000001,21.792540850000002,5.9060910670000002
860,Si,sc4,1.1000000238418579,18.617576837000001,37.575472884,9.3751017829999999
861,Si,sc4,1.1000000238418579,11.104131374,39.197518252000002,12.600308062
862,Si,sc4,1.1000000238418579,13.143754291,36.715114401000001,14.622590367000001
863,Si,sc4,1.1000000238418579,10.236494867999999,38.490301135000003,-3.6568590599999999
864,O,oc23,-0.55000001192092896,2.5064716730000001,38.621921600999997,9.8867563910000005
865,O,oc23,-0.55000001192092896,5.5417313579999998,36.517074727000001,10.890562986000001
866,O,oc23,-0.55000001192092896,16.816933798000001,22.370685955999999,6.4541877239999996
867,O,oc23,-0.55000001192092896,8.6749273749999993,27.558996196999999,0.40796118199999998
868,O,oc23,-0.55000001192092896,15.37426582,23.088246113,15.634477922
869,O,oc23,-0.55000001192092896,6.9082783709999998,26.905949293999999,3.9431136489999998
870,O,oc23,-0.55000001192092896,19.299363460999999,26.639838485999999,3.9462875039999998
871,O,oc23,-0.55000001192092896,-0.44095978200000002,36.202948081000002,12.33291899
872,O,oc23,-0.55000001192092896,17.58380828,38.966010474000001,15.78431833
873,O,oc23,-0.55000001192092896,12.390096058999999,26.451830182999998,7.2439181230000003
874,O,oc23,-0.55000001192092896,11.969563448000001,31.455943873999999,2.8832922660000002
875,O,oc23,-0.55000001192092896,1.10673278,33.375641752,5.7141418450000003
876,O,oc23,-0.55000001192092896,13.229410892000001,37.443940071,16.038963602999999
877,O,oc23,-0.55000001192092896,8.7202213180000001,37.909999380000002,-3.6708968529999999
878,O,oc23,-0.55000001192092896,0.87292963499999998,33.308355810000002,-2.2241301729999998
879,O,oc24,-0.67500001192092896,4.2329586240000001,29.121574144,15.281308580999999
880,Si,sc4,1.1000000238418579,2.3175646379999999,33.987584275000003,-2.4403858199999999
881,Si,sc4,1.1000000238418579,19.179373365,36.578819107000001,1.63725798
882,Si,sc4,1.1000000238418579,17.775249076000001,30.482415169999999,7.9997732580000003
883,Si,sc4,1.1000000238418579,11.086578567,32.712022425999997,-0.190289811
884,Si,sc4,1.1000000238418579,10.033340555000001,32.971106652000003,-2.9919698989999999
885,Si,sc4,1.1000000238418579,1.214608245,40.628131924000002,1.4813582670000001
886,Si,sc4,1.1000000238418579,3.1588853729999999,27.235082327000001,3.8528155329999998
887,Si,sc4,1.1000000238418579,18.587788835000001,26.680383358,0.45003947500000002
888,O,oc23,-0.55000001192092896,2.4948417489999999,29.822274148000002,1.3519953490000001
889,O,oc23,-0.55000001192092896,16.178811089,31.890336048000002,-3.0166002170000001
890,O,oc23,-0.55000001192092896,8.5154737489999999,32.287344767999997,-2.8084256299999999
891,O,oc23,-0.55000001192092896,8.1302761970000006,21.786595541000001,14.516688535
892,O,oc23,-0.55000001192092896,6.4185976389999997,20.179191233000001,13.004080831
893,O,oc23,-0.55000001192092896,15.857243427,23.670740823999999,-3.3195007419999998
894,O,oc23,-0.55000001192092896,8.4101212640000007,27.569005600000001,-2.1719959009999998
895,O,oc23,-0.55000001192092896,2.218437604,37.587226301999998,-4.3071135480000002
896,O,oc23,-0.55000001192092896,14.202893418,31.076288232,1.636360633
897,O,oc23,-0.55000001192092896,17.577040252,20.338523390999999,2.2697015060000001
898,O,oc24,-0.67500001192092896,14.741861364,34.049208810000003,-5.1380758020000004
899,O,oc23,-0.55000001192092896,7.5405269319999997,26.524645094,12.640111283
900,O,oc23,-0.55000001192092896,16.791546814,26.509496914,8.0946447480000003
901,O,oc23,-0.55000001192092896,10.951892604999999,32.551944720999998,-1.7649783530000001
902,O,oc23,-0.55000001192092896,1.2913282319999999,35.581007346,8.9032024060000001
903,O,oc23,-0.55000001192092896,14.943412377,39.116297652,15.549031187000001
904,Si,sc4,1.1000000238418579,16.938593806,35.871956214000001,3.8667536999999998
905,Si,sc4,1.1000000238418579,-0.0067620839999999998,41.001662621999998,6.8531420709999997
906,Si,sc4,1.1000000238418579,11.029506661999999,24.812161648,9.9383568059999998
907,Si,sc4,1.1000000238418579,1.577503664,20.497934730000001,14.017173688
908,Si,sc4,1.1000000238418579,13.036164994,36.695757321000002,-0.48468557200000001
909,Si,sc4,1.1000000238418579,0.52292762100000001,21.937068626999999,9.2697610150000003
910,Si,sc4,1.1000000238418579,16.505666934000001,40.072828645999998,1.3121978560000001
911,Si,sc4,1.1000000238418579,11.248240035,40.407017003,15.33945522
912,O,oc23,-0.55000001192092896,17.095908615999999,30.486325346000001,6.5645541889999999
913,O,oc23,-0.55000001192092896,5.4866823480000004,22.242809537999999,13.848189686
914,O,oc23,-0.55000001192092896,15.669580343,36.906661049999997,3.8652363190000001
915,O,oc23,-0.55000001192092896,1.336446553,40.164072515000001,7.0072392900000002
916,O,oc23,-0.55000001192092896,0.59745570199999998,28.138150969000002,7.7879108979999998
917,O,oc23,-0.55000001192092896,3.6947694929999999,39.589175052000002,7.9090705879999996
918,O,oc23,-0.55000001192092896,6.224873358,38.161596217000003,-4.5032523290000004
919,O,oc23,-0.55000001192092896,8.5443066709999993,37.410214734999997,2.780802719
920,O,oc23,-0.55000001192092896,18.842526406000001,37.630166248999998,5.5890997159999998
921,O,oc23,-0.55000001192092896,4.8933954210000001,33.506428311000001,0.29097599099999999
922,O,oc23,-0.55000001192092896,15.433552401,40.9675042,6.3572500590000001
923,O,oc23,-0.55000001192092896,16.004739425,38.761726748999997,2.071666429
924,O,oc23,-0.55000001192092896,1.8071311139999999,39.193887941,-2.4495852180000002
925,O,oc23,-0.55000001192092896,12.939495528,29.169622407999999,6.6942861660000004
926,O,oc23,-0.55000001192092896,18.405125696999999,32.361887381999999,13.025926966
927,O,oc23,-0.55000001192092896,0.058859027000000001,38.194746834999997,15.555568973
928,Si,sc4,1.1000000238418579,3.2062584510000001,36.493083228000003,-3.846766771
929,Si,sc4,1.1000000238418579,4.9107737130000002,29.259037161999998,8.4761926150000004
930,Si,sc4,1.1000000238418579,17.212317085999999,24.569825446999999,-3.5079857830000001
931,Si,sc4,1.1000000238418579,18.5869888,37.814669127999998,15.230034830999999
932,Si,sc4,1.1000000238418579,4.2905927620000002,24.86621594,11.742372419000001
933,Si,sc4,1.1000000238418579,18.486615391000001,25.444305232000001,14.670426916
934,Si,sc4,1.1000000238418579,-0.46981926499999999,22.579460631,5.3265772389999997
935,Si,sc4,1.1000000238418579,4.1782777199999996,21.972834088999999,10.934189288000001
936,O,oc23,-0.55000001192092896,17.982262269,30.096698706000002,-3.3412776759999998
937,O,oc24,-0.67500001192092896,2.1834167199999999,34.030030195000002,15.468607107
938,O,oc23,-0.55000001192092896,0.43759521400000001,22.386893675,-3.1015055330000001
939,O,oc23,-0.55000001192092896,8.1894388080000002,21.979569968,0.93666267800000003
940,O,oc23,-0.55000001192092896,16.066581854999999,33.121287135000003,-0.82367545499999995
941,O,oc23,-0.55000001192092896,8.2378328490000001,24.562538225000001,10.955624089000001
942,O,oc23,-0.55000001192092896,12.526189089000001,40.007481816000002,16.273199495
943,O,oc23,-0.55000001192092896,12.15861076,27.763527978999999,12.927018623
944,O,oc23,-0.55000001192092896,14.178381179000001,35.461034626999997,14.467360651
945,O,oc23,-0.55000001192092896,11.001497095,20.685698639999998,9.8805903290000003
946,O,oc23,-0.55000001192092896,19.895550409999998,32.925686788999997,9.0937991349999994
947,O,oc23,-0.55000001192092896,19.020489722000001,20.956536243999999,11.474666468000001
948,O,oc24,-0.67500001192092896,1.4195828180000001,30.882400309000001,15.630608593
949,O,oc23,-0.55000001192092896,2.410565316,20.549038788000001,1.724469861
950,O,oc23,-0.55000001192092896,10.035548257,26.989718571000001,6.4503075450000003
951,O,oc23,-0.55000001192092896,6.3491227669999999,24.570966565999999,3.5246332429999998
952,Si,sc4,1.1000000238418579,2.9250780710000002,40.390407568000001,6.8331399130000001
953,Si,sc4,1.1000000238418579,6.2254023639999998,30.331988921000001,-0.36198087299999998
954,Si,sc4,1.1000000238418579,5.1518294400000002,20.684049295000001,-1.3939207840000001
955,Si,sc4,1.1000000238418579,0.47115332599999998,29.604355712,7.1700554749999998
956,Si,sc4,1.1000000238418579,3.1592748849999999,30.321921209999999,0.010261922
957,Si,sc4,1.1000000238418579,6.3602106249999997,25.294568315999999,0.079284928000000005
958,Si,sc4,1.1000000238418579,12.523336763,22.174081934,-1.5579435850000001
959,Si,sc4,1.1000000238418579,2.3355813109999999,23.575211165999999,4.2900292149999997
960,O,oc23,-0.55000001192092896,1.6887784509999999,27.449317947000001,11.788669999
961,O,oc23,-0.55000001192092896,17.606674674000001,29.721180145000002,1.9670264660000001
962,O,oc23,-0.55000001192092896,10.611260824,24.489516409,6.1613296130000004
963,O,oc23,-0.55000001192092896,0.018434268,28.837346174,3.0741355050000001
964,O,oc23,-0.55000001192092896,2.602662209,22.767176961000001,0.60231302399999997
965,O,oc23,-0.55000001192092896,14.138022993,33.083002741000001,15.447219180999999
966,O,oc23,-0.55000001192092896,9.8636129080000003,22.374137338000001,11.438562881999999
967,O,oc23,-0.55000001192092896,18.38684714,22.710179370999999,1.371153034
968,O,oc23,-0.55000001192092896,7.8844010400000002,39.677831617999999,7.7734797130000004
969,O,oc23,-0.55000001192092896,18.590232568000001,27.299535403,-1.006810787
970,O,oc23,-0.55000001192092896,11.589707106000001,40.088333769999998,13.819013400999999
971,O,oc23,-0.55000001192092896,15.712089604000001,28.085348504999999,2.795267124
972,O,oc23,-0.55000001192092896,0.31538630699999998,32.838208303999998,0.42033831999999999
973,O,oc23,-0.55000001192092896,3.9129395050000002,23.533608323999999,7.6789625209999999
974,O,oc23,-0.55000001192092896,13.122536073999999,24.76208214,5.8722107110000001
975,O,oc23,-0.55000001192092896,1.759990435,26.851887092999998,3.1017460560000001
976,Si,sc4,1.1000000238418579,5.7905477899999998,30.124704006000002,5.7021013890000001
977,Si,sc4,1.1000000238418579,13.442317750999999,27.726465606000001,7.1653926200000004
978,Si,sc4,1.1000000238418579,7.1822764589999997,25.736790005,11.249733048
979,Si,sc4,1.1000000238418579,17.862624438000001,28.732914975,12.256802468
980,Si,sc4,1.1000000238418579,10.306879098,30.990002386,6.5036079180000002
981,Si,sc4,1.1000000238418579,1.67112971,36.191293784999999,7.5182993710000003
982,Si,sc4,1.1000000238418579,9.7307863280000007,21.767881249999999,0.88929686299999999
983,Si,sc4,1.1000000238418579,7.7089393240000001,32.240275001000001,6.4937253789999998
984,O,oc23,-0.55000001192092896,6.5192515499999999,29.049373266,-1.305987078
985,O,oc23,-0.55000001192092896,4.0238165419999996,31.192768095000002,2.7199228299999998
986,O,oc23,-0.55000001192092896,8.0344240770000006,27.857748884999999,7.7914889120000002
987,O,oc23,-0.55000001192092896,6.0024229399999998,34.863391487999998,5.2874236310000002
988,O,oc23,-0.55000001192092896,6.3753477380000003,29.182853087000002,9.1868480259999998
989,O,oc23,-0.55000001192092896,13.535655385,38.013124662999999,2.5655598550000001
990,O,oc23,-0.55000001192092896,12.484177432999999,38.005258151,0.21274159600000001
991,O,oc23,-0.55000001192092896,5.1429128549999996,33.391621923000002,3.4762473580000002
992,O,oc23,-0.55000001192092896,17.374616374999999,35.915542756000001,11.859993576000001
993,O,oc23,-0.55000001192092896,17.294412090000002,29.938080181,11.434313091
994,O,oc23,-0.55000001192092896,16.703473225,27.677268069,12.140397331999999
995,O,oc23,-0.55000001192092896,3.6559859920000002,33.617650941999997,5.3041684120000001
996,O,oc23,-0.55000001192092896,15.388436234,28.996847799000001,5.0952228069999999
997,O,oc23,-0.55000001192092896,12.984187836,24.438164842999999,16.188101758999998
998,O,oc23,-0.55000001192092896,1.6670246470000001,22.62284666,8.4736612460000007
999,O,oc23,-0.55000001192092896,10.399551881000001,38.829113223999997,9.3670775319999997
1000,Si,sc4,1.1000000238418579,16.531036226000001,28.611148052000001,1.5330826420000001
1001,Si,sc4,1.1000000238418579,6.8314396359999998,34.029473643000003,8.7553370610000005
1002,Si,sc4,1.1000000238418579,4.304715496,22.111848733999999,14.911895170999999
1003,Si,sc4,1.1000000238418579,18.389603416,37.066793648999997,12.231973566000001
1004,Si,sc4,1.1000000238418579,17.185670123000001,24.741153324999999,12.039424306000001
1005,Si,sc4,1.1000000238418579,1.644828146,38.256402795,14.934462619
1006,Si,sc4,1.1000000238418579,15.621546694999999,27.046271292,13.068172206
1007,Si,sc4,1.1000000238418579,13.692860638000001,31.677185469000001,10.041535487999999
1008,O,oc23,-0.55000001192092896,12.716279187,31.524569578000001,11.308449976
1009,O,oc23,-0.55000001192092896,-0.025506304,29.245331209,-2.0515170060000001
1010,O,oc23,-0.55000001192092896,16.153380448,20.529894291000002,16.035896817000001
1011,O,oc23,-0.55000001192092896,6.3500561089999996,20.419586668000001,9.1369274960000002
1012,O,oc23,-0.55000001192092896,3.7105001799999999,23.362751538000001,11.57418084
1013,O,oc23,-0.55000001192092896,14.804569472000001,27.261789200999999,6.523782153
1014,O,oc23,-0.55000001192092896,9.8924451869999999,36.846694124999999,7.6628119799999999
1015,O,oc23,-0.55000001192092896,11.727803483000001,31.423223824000001,6.9601938590000003
1016,O,oc23,-0.55000001192092896,14.239703162,26.727464734000002,12.525632017
1017,O,oc23,-0.55000001192092896,11.697061432,26.763062112,-2.5337521569999999
1018,O,oc23,-0.55000001192092896,18.022721368999999,36.114456861000001,9.4207280499999992
1019,O,oc23,-0.55000001192092896,4.3109773059999998,40.071822537000003,14.176646349
1020,O,oc23,-0.55000001192092896,15.214294090999999,31.250803736999998,10.370406464
1021,O,oc23,-0.55000001192092896,12.445205037999999,21.960808174,11.752786318
1022,O,oc23,-0.55000001192092896,2.3197125089999999,25.215789855000001,0.034907841000000002
1023,O,oc23,-0.55000001192092896,15.321289270999999,28.67738752,10.604158496
1024,Si,sc4,1.1000000238418579,19.341742039,30.608815612000001,-2.6666039170000002
1025,Si,sc4,1.1000000238418579,16.908665543000001,34.418080058999998,-0.54655253100000001
1026,Si,sc4,1.1000000238418579,5.9480895790000003,25.997240392999998,3.050707542
1027,Si,sc4,1.1000000238418579,0.0077270890000000004,33.821471066999997,4.58623504
1028,Si,sc4,1.1000000238418579,19.488398904,33.182357218,-1.17613817
1029,Si,sc4,1.1000000238418579,9.6370743529999991,23.743330351000001,5.0196644829999997
1030,Si,sc4,1.1000000238418579,10.488186987000001,31.706481312000001,3.5106937870000001
1031,Si,sc4,1.1000000238418579,0.202920922,30.057678566,4.0742796190000004
1032,O,oc23,-0.55000001192092896,10.652775859,35.899252468,2.8886646169999999
1033,O,oc23,-0.55000001192092896,0.40545273300000001,33.304227654000002,3.1088409709999998
1034,O,oc23,-0.55000001192092896,9.9701762590000005,29.528945007000001,7.0772059629999999
1035,O,oc23,-0.55000001192092896,18.298562638,37.097822117,0.34317412800000002
1036,O,oc24,-0.67500001192092896,8.1118394029999994,25.170615614999999,-3.2119363299999999
1037,O,oc23,-0.55000001192092896,7.4465866859999998,32.549073720000003,12.643645017000001
1038,O,oc23,-0.55000001192092896,6.0187609269999998,32.988735036000001,14.690971223
1039,O,oc23,-0.55000001192092896,7.0530821719999999,34.959207120000002,13.418268324
1040,O,oc23,-0.55000001192092896,1.8333747330000001,30.431727743,7.3830930749999997
1041,O,oc24,-0.67500001192092896,14.762944152999999,27.145519431,-4.2197704439999999
1042,O,oc23,-0.55000001192092896,15.315087567000001,28.264744598,14.233138553
1043,O,oc23,-0.55000001192092896,13.904890995000001,22.048873899,1.871945687
1044,O,oc23,-0.55000001192092896,12.672137485,34.239440788000003,2.7471148699999999
1045,O,oc23,-0.55000001192092896,-0.215285429,35.119399964999999,1.2840578460000001
1046,O,oc23,-0.55000001192092896,19.363513819000001,30.192592334,8.0519629889999997
1047,O,oc23,-0.55000001192092896,17.06340672,34.434236155999997,0.96291625300000006
1048,Si,sc4,1.1000000238418579,2.685633878,31.359158357999998,8.3833356089999995
1049,Si,sc4,1.1000000238418579,12.895511272,34.911063296000002,6.2162112809999996
1050,Si,sc4,1.1000000238418579,17.706864715999998,25.590368978000001,9.0255982709999998
1051,Si,sc4,1.1000000238418579,4.5156062930000003,37.100330784000001,3.1530404380000001
1052,Si,sc4,1.1000000238418579,16.017578336,26.257146850000002,6.702611557
1053,Si,sc4,1.1000000238418579,4.6936229909999998,34.462649343999999,4.5006475899999998
1054,Si,sc4,1.1000000238418579,0.75545430000000002,29.902801790000002,14.501806819
1055,Si,sc4,1.1000000238418579,7.4624961540000001,39.061378978,6.4230368650000003
1056,O,oc23,-0.55000001192092896,6.2536721359999996,29.219078980999999,4.500754616
1057,O,oc23,-0.55000001192092896,10.741573214000001,39.173464351,6.7996195840000002
1058,O,oc23,-0.55000001192092896,0.66451829900000003,32.766144336000004,13.781918215999999
1059,O,oc23,-0.55000001192092896,5.0122714879999997,31.270195600000001,4.9922156680000001
1060,O,oc23,-0.55000001192092896,17.481752407999998,39.595441800000003,0.122446245
1061,O,oc23,-0.55000001192092896,13.709658281999999,37.876869239000001,13.624333473
1062,O,oc23,-0.55000001192092896,6.6671004869999999,31.306119535000001,3.0782435540000002
1063,O,oc23,-0.55000001192092896,3.4947160290000001,28.762484254,3.5200348300000002
1064,O,oc23,-0.55000001192092896,4.0401157660000004,30.578391903,8.835917534
1065,O,oc23,-0.55000001192092896,14.249308492999999,37.216579893000002,-1.36500281
1066,O,oc23,-0.55000001192092896,18.963492844000001,33.303957111999999,5.3607270319999998
1067,O,oc23,-0.55000001192092896,3.5722185139999998,21.644643979000001,9.5083766139999994
1068,O,oc23,-0.55000001192092896,1.1104202999999999,34.013580574999999,10.809020861
1069,O,oc23,-0.55000001192092896,4.204496979,25.386687021,13.295246455999999
1070,O,oc23,-0.55000001192092896,10.652189847000001,24.322150334,-2.8555294710000001
1071,O,oc23,-0.55000001192092896,13.143613888999999,21.105088007999999,-0.52064650899999998
1072,Si,sc4,1.1000000238418579,5.006609525,29.203548400999999,13.843228809999999
1073,Si,sc4,1.1000000238418579,4.0312841449999999,26.316795510999999,9.0129032630000001
1074,Si,sc4,1.1000000238418579,4.9180206630000001,33.185722165000001,-3.4893410239999998
1075,Si,sc4,1.1000000238418579,18.056174663,38.681875206999997,6.5771626850000002
1076,Si,sc4,1.1000000238418579,16.615064201999999,30.679787073,-3.9331513710000001
1077,Si,sc4,1.1000000238418579,3.466444171,21.501169567000002,1.0381786690000001
1078,Si,sc4,1.1000000238418579,3.336574148,38.289393634,8.6203394010000007
1079,Si,sc4,1.1000000238418579,-0.29260097099999999,23.590775835999999,-2.3583026930000002
1080,O,oc23,-0.55000001192092896,19.322632756000001,38.777464406999997,-1.5149514209999999
1081,O,oc23,-0.55000001192092896,18.789039008,40.095079980999998,6.480534875
1082,O,oc24,-0.89999997615814209,4.0724709199999998,31.594389726999999,15.801325151
1083,O,oc23,-0.55000001192092896,4.7821756019999997,20.947808107,15.871940263999999
1084,O,oc23,-0.55000001192092896,2.9822609170000001,32.736445226000001,7.6128354170000003
1085,O,oc23,-0.55000001192092896,0.36337098800000001,23.992950689000001,1.329233321
1086,O,oc23,-0.55000001192092896,17.384024889999999,25.622539604,10.648543870999999
1087,O,oc23,-0.55000001192092896,8.4929558529999998,35.439674779999997,5.9413890690000004
1088,O,oc23,-0.55000001192092896,1.486330537,27.221557723,-1.3427146320000001
1089,O,oc23,-0.55000001192092896,-0.378778118,21.133233145999998,8.1910211840000002
1090,O,oc23,-0.55000001192092896,14.569493437,37.320147165000002,11.221533135
1091,O,oc23,-0.55000001192092896,14.318172670999999,23.768079349000001,11.195885263999999
1092,O,oc23,-0.55000001192092896,0.049518408,20.881678827000002,14.440864313000001
1093,O,oc23,-0.55000001192092896,11.204219556,21.453272731999999,-2.2440071389999998
1094,O,oc23,-0.55000001192092896,1.2899447959999999,39.610103297000002,2.6920843049999998
1095,Si,sc4,1.1000000238418579,1.5824638099999999,38.077913918999997,2.9143752479999998
1096,Si,sc4,1.1000000238418579,10.281255583,41.178635694999997,-2.0266847710000002
1097,Si,sc4,1.1000000238418579,4.7118764899999999,35.905827948000002,9.7199639340000008
1098,Si,sc4,1.1000000238418579,18.275177115000002,27.161120090000001,5.0836110080000001
1099,Si,sc4,1.1000000238418579,2.2457874790000001,39.090397021999998,-4.011409446
1100,Si,sc4,1.1000000238418579,11.771553340000001,25.403379438000002,-3.4087007530000002
1101,Si,sc4,1.1000000238418579,6.9198547479999997,21.642631098999999,13.413419136
1102,Si,sc4,1.1000000238418579,18.624603184000001,21.597607745000001,2.4969728149999999
1103,O,oc23,-0.55000001192092896,2.5974521049999999,29.586704234999999,-1.333265959
1104,O,oc23,-0.55000001192092896,4.3218688179999996,23.607188673,15.434879855
1105,O,oc23,-0.55000001192092896,10.201648747,23.358435111999999,13.570709572
1106,O,oc23,-0.55000001192092896,2.4980103040000001,24.273257335,2.7665587280000001
1107,O,oc23,-0.55000001192092896,7.438363324,37.491812783999997,6.8583774240000004
1108,O,oc23,-0.55000001192092896,2.7703382809999999,21.671702403000001,14.359234453999999
1109,O,oc23,-0.55000001192092896,3.1092454429999998,21.167133227000001,6.9999631920000001
1110,O,oc24,-0.67500001192092896,18.472442473000001,27.60534071,-3.65841036
1111,O,oc23,-0.55000001192092896,14.288744352,31.512037763999999,6.6523647390000002
1112,O,oc23,-0.55000001192092896,14.060001443000001,33.969998324999999,5.6497300709999996
1113,O,oc23,-0.55000001192092896,9.9373857280000006,26.055657852,13.585437408000001
1114,O,oc23,-0.55000001192092896,13.978196873,28.159722627000001,8.5400919329999994
1115,O,oc23,-0.55000001192092896,17.586864958,31.869532930999998,8.6398952560000009
1116,O,oc23,-0.55000001192092896,0.42149728600000003,36.409878997,6.6651462700000002
1117,O,oc23,-0.55000001192092896,10.674597806,21.332995095000001,15.356446215
1118,Si,sc4,1.1000000238418579,19.223980691000001,23.735709362000001,0.46583577399999998
1119,Si,sc4,1.1000000238418579,8.4307287399999993,36.267404956999997,7.2858177059999996
1120,Si,sc4,1.1000000238418579,17.054425690999999,32.511729997000003,13.993720547000001
1121,Si,sc4,1.1000000238418579,14.068134785,24.079978403999998,7.0028350640000001
1122,Si,sc4,1.1000000238418579,1.9834077880000001,25.719076867999998,-1.5259387040000001
1123,Si,sc4,1.1000000238418579,10.953870476000001,21.315623222999999,3.8333293240000001
1124,Si,sc4,1.1000000238418579,1.143152569,38.188902650999999,10.485861538
1125,Si,sc4,1.1000000238418579,-0.020474236999999999,36.823422155000003,5.2451688839999999
1126,O,oc23,-0.55000001192092896,2.930641504,25.855063131000001,7.9392375079999997
1127,O,oc23,-0.55000001192092896,2.9218572159999998,27.014683850000001,5.4397884420000002
1128,O,oc23,-0.55000001192092896,3.4795730200000001,39.827711088999997,5.49531656
1129,O,oc23,-0.55000001192092896,4.9486977689999998,38.072682565999997,4.3164775149999999
1130,O,oc23,-0.55000001192092896,14.051588070999999,38.879863958999998,6.6761944839999998
1131,O,oc23,-0.55000001192092896,14.896310023,39.372536625999999,4.3084990980000004
1132,O,oc23,-0.55000001192092896,13.624005155000001,22.393137320000001,-2.7069126539999999
1133,O,oc23,-0.55000001192092896,6.0387179169999996,39.678562530999997,5.9571220919999996
1134,O,oc23,-0.55000001192092896,0.47778042399999998,39.366004527999998,11.364349509
1135,O,oc23,-0.55000001192092896,16.798766273999998,30.751782486,4.0623841049999996
1136,O,oc23,-0.55000001192092896,0.11703862399999999,29.469558214999999,5.5909751160000001
1137,O,oc23,-0.55000001192092896,17.236524325000001,25.714647309,-2.4548171889999999
1138,O,oc23,-0.55000001192092896,13.66141651,24.163461406,8.5569664010000004
1139,O,oc23,-0.55000001192092896,16.136813837999998,25.499566183999999,13.085646615
1140,O,oc23,-0.55000001192092896,1.8135294609999999,31.727521023000001,9.6651255840000001
1141,O,oc23,-0.55000001192092896,0.58666399499999999,37.427522416999999,1.854637149
1142,Si,sc4,0.72500002384185791,4.723021922,32.071813431000002,14.358873064000001
1143,Si,sc4,1.1000000238418579,15.226425361,39.510496594999999,5.8443960969999997
1144,Si,sc4,1.1000000238418579,16.314291441999998,39.883200205000001,15.294860106
1145,Si,sc4,1.1000000238418579,7.0714271770000003,28.410247116000001,-2.6848585150000002
1146,Si,sc4,1.1000000238418579,13.812598765000001,22.544801939999999,3.4130983549999998
1147,Si,sc4,1.1000000238418579,7.3603648870000002,39.929200184999999,9.2034097680000002
1148,Si,sc4,1.1000000238418579,6.5402535320000004,21.980435371999999,9.3039284359999996
1149,O,oc23,-0.55000001192092896,5.1618105080000003,38.929165587999996,11.920850004
1150,O,oc23,-0.55000001192092896,11.302065023000001,23.275596419999999,9.7313823060000004
1151,O,oc23,-0.55000001192092896,15.431013460000001,24.811537829999999,6.8155942239999998
1152,O,oc23,-0.55000001192092896,12.773860624999999,40.320035304999998,1.5213896010000001
1153,O,oc23,-0.55000001192092896,5.8422770279999998,24.867907220999999,11.426729129
1154,O,oc23,-0.55000001192092896,5.611073298,22.296288749999999,10.494349443999999
1155,O,oc23,-0.55000001192092896,17.974076926999999,29.095209783000001,13.798497568
1156,O,oc23,-0.55000001192092896,5.6650102230000003,24.387025173000001,6.0116127720000003
1157,O,oc23,-0.55000001192092896,5.840840858,27.247226817000001,-3.0866426730000001
1158,O,oc23,-0.55000001192092896,0.99147516999999996,39.784318675000002,0.096186645000000001
1159,O,oc23,-0.55000001192092896,19.818827532,28.691620421,15.415872382
1160,O,oc23,-0.55000001192092896,-0.35941982700000003,30.627499520000001,13.659686543999999
1161,O,oc23,-0.55000001192092896,8.9713865770000005,33.760462165,11.184312144
1162,O,oc23,-0.55000001192092896,11.169933432000001,37.186803447000003,-3.6073923259999998
1163,O,oc23,-0.55000001192092896,13.598954317,28.555063782000001,-2.314762204
1164,O,oc23,-0.55000001192092896,5.8031383480000001,31.867611055000001,-3.4154212880000001
1165,Si,sc4,1.1000000238418579,16.625821686999998,22.022580688000001,15.910025522
1166,Si,sc4,1.1000000238418579,12.934226485,26.499231492,13.310494759999999
1167,Si,sc4,1.1000000238418579,1.9611534930000001,24.10487621,1.1940007690000001
1168,Si,sc4,1.1000000238418579,8.8375504029999998,26.635547986999999,-0.863465865
1169,Si,sc4,1.1000000238418579,6.5321931969999998,23.738516764,4.8405430029999996
1170,Si,sc4,1.1000000238418579,10.859498692000001,25.844710052,7.1138252099999999
1171,Si,sc4,1.1000000238418579,15.181028046,32.386548150000003,-1.8772074620000001
1172,Si,sc4,1.1000000238418579,5.0022581879999999,25.834153286999999,-2.5058495459999999
1173,O,oc23,-0.55000001192092896,14.556403362999999,39.851631996000002,11.919298073
1174,O,oc23,-0.55000001192092896,5.1960419309999999,30.755006003999998,13.642751247
1175,O,oc23,-0.55000001192092896,2.316213243,35.435273819000003,-3.0574306080000002
1176,O,oc23,-0.55000001192092896,7.0716182190000003,30.816644251,6.2635418769999998
1177,O,oc23,-0.55000001192092896,17.299198540999999,24.197823687,8.3688013560000005
1178,O,oc23,-0.55000001192092896,10.585414091000001,39.618519421000002,-2.4909599390000001
1179,O,oc23,-0.55000001192092896,17.851948799999999,21.844438166,9.0607471109999995
1180,O,oc23,-0.55000001192092896,11.032369689999999,40.509232308999998,4.5416276370000004
1181,O,oc23,-0.55000001192092896,3.0282916599999998,37.542807687,15.702563023
1182,O,oc23,-0.55000001192092896,18.952266727000001,31.789422637000001,-1.6848469509999999
1183,O,oc23,-0.55000001192092896,13.532422281000001,29.366305414999999,3.4800776940000002
1184,O,oc24,-0.67500001192092896,1.9042746989999999,28.455476602000001,-3.5940860589999999
1185,O,oc23,-0.55000001192092896,7.3832981240000004,30.557247027999999,0.74575964900000002
1186,O,oc23,-0.55000001192092896,10.622637558999999,21.410659200000001,2.2318596940000002
1187,O,oc23,-0.55000001192092896,10.029503734,22.228929906000001,4.7601615390000003
1188,O,oc23,-0.55000001192092896,11.394776645,24.97205546,1.47311587
1189,Si,sc4,1.1000000238418579,12.234550488,32.155208887000001,12.715908586999999
1190,Si,sc4,1.1000000238418579,12.527016225000001,26.011550903,16.175603819999999
1191,Si,sc4,1.1000000238418579,5.3499437399999996,24.129267189,7.5451586529999997
1192,Si,sc4,1.1000000238418579,7.5272224950000002,34.662983251,4.949438958
1193,Si,sc4,1.1000000238418579,12.431682515,38.724572610999999,1.6206306580000001
1194,Si,sc4,1.1000000238418579,17.768669389999999,31.011138035999998,2.8990045160000002
1195,Si,sc4,1.1000000238418579,9.1228828009999994,28.233642556,6.6746314939999998
1196,Si,sc4,1.1000000238418579,12.003597979,28.344217011000001,-2.4622534049999998
1197,O,oc23,-0.55000001192092896,4.9945098080000001,40.697782861,3.7303298659999999
1198,O,oc23,-0.55000001192092896,4.4451710059999998,37.211139363000001,8.8603846659999999
1199,O,oc23,-0.55000001192092896,11.150454057999999,34.10874115,10.06959805
1200,O,oc23,-0.55000001192092896,7.7480334659999999,33.124288229999998,5.1887296279999999
1201,O,oc23,-0.55000001192092896,9.8538330179999996,24.403870144999999,3.5801351210000001
1202,O,oc23,-0.55000001192092896,16.438675760999999,40.247328731000003,13.697875448
1203,O,oc23,-0.55000001192092896,17.850937185999999,28.649443715,4.8153219480000002
1204,O,oc23,-0.55000001192092896,17.734732942000001,21.977176970999999,14.715353114999999
1205,O,oc23,-0.55000001192092896,9.7084324399999993,26.717312725999999,2.5806507729999999
1206,O,oc23,-0.55000001192092896,-0.102538579,31.839425422000001,11.368445276999999
1207,O,oc23,-0.55000001192092896,5.279732439,25.474829827000001,8.4392989289999996
1208,O,oc23,-0.55000001192092896,7.6685909560000001,35.118027642999998,3.4371784359999999
1209,O,oc23,-0.55000001192092896,17.939256479000001,26.895160858000001,15.04860774
1210,O,oc23,-0.55000001192092896,13.712913543000001,24.184564067,3.465286871
1211,O,oc23,-0.55000001192092896,7.3157114600000002,22.520710031,12.181465208000001
1212,O,oc23,-0.55000001192092896,5.0510727879999999,29.308508394,6.869627468
1213,Si,sc4,1.1000000238418579,5.0548227460000001,40.311157594999997,12.740991915
1214,Si,sc4,1.1000000238418579,9.3054992260000002,29.678881258000001,11.393054362999999
1215,Si,sc4,1.1000000238418579,13.779744257000001,22.691259950999999,12.330760948
1216,Si,sc4,1.1000000238418579,8.3752063200000002,34.091212083999999,0.58402936900000002
1217,Si,sc4,1.1000000238418579,7.6042551620000003,37.256161919999997,-4.669267037
1218,Si,sc4,1.1000000238418579,15.634113298000001,36.721636244999999,-1.9166898610000001
1219,Si,sc4,1.1000000238418579,18.287912411000001,28.440106924999998,15.201671806
1220,Si,sc4,1.1000000238418579,16.365967082000001,33.619554807,2.0452554260000002
1221,O,oc23,-0.55000001192092896,0.96776803499999997,20.741806309000001,10.122605897
1222,O,oc24,-0.67500001192092896,10.699952329,32.267439005999996,-4.3077271560000003
1223,O,oc24,-0.67500001192092896,10.017226956,39.436749826000003,15.776375014999999
1224,O,oc23,-0.55000001192092896,5.4252059309999998,33.864978921000002,-2.1987827000000002
1225,O,oc23,-0.55000001192092896,13.318021106,33.30118908,13.086260649
1226,O,oc23,-0.55000001192092896,8.4439335789999994,29.157684978999999,12.710063893999999
1227,O,oc23,-0.55000001192092896,4.7565471290000003,30.118906905999999,0.25612032099999998
1228,O,oc23,-0.55000001192092896,10.405908255,25.531160047,8.6292007850000001
1229,O,oc23,-0.55000001192092896,8.5601517820000002,27.474144477999999,14.808588036
1230,O,oc23,-0.55000001192092896,18.094885159,36.297643188000002,15.678219313
1231,O,oc23,-0.55000001192092896,15.869184616,33.496631583999999,13.533718221999999
1232,O,oc23,-0.55000001192092896,3.3443949590000002,25.85048098,-2.5002858319999999
1233,O,oc23,-0.55000001192092896,10.247759477000001,34.609794633,-3.0799645130000002
1234,O,oc23,-0.55000001192092896,6.1575517660000001,31.714466035000001,-1.1197761690000001
1235,O,oc23,-0.55000001192092896,7.407949458,29.788394615000001,-3.7129030310000002
1236,O,oc23,-0.55000001192092896,4.35823786,26.253156383,3.336159291
1237,Si,sc4,1.1000000238418579,6.0004377189999998,33.285674913999998,-0.87235814199999995
1238,Si,sc4,1.1000000238418579,9.8815546459999997,32.363214608,15.677817054
1239,Si,sc4,1.1000000238418579,2.8953505549999998,30.087136539999999,2.855047683
1240,Si,sc4,1.1000000238418579,5.2090726060000003,31.825274047000001,3.526710934
1241,Si,sc4,1.1000000238418579,2.0785314650000002,33.552601357999997,13.896775953000001
1242,Si,sc4,1.1000000238418579,2.5728734549999999,28.227249391000001,12.890441144
1243,Si,sc4,1.1000000238418579,7.3831124700000004,33.462374605000001,13.939172251
1244,Si,sc4,1.1000000238418579,13.674557608000001,37.559877618000002,7.4276377499999997
1245,O,oc23,-0.55000001192092896,13.759780805,30.536854341000002,15.333273297
1246,O,oc23,-0.55000001192092896,7.9346581919999997,22.328546286000002,9.8195634110000007
1247,O,oc23,-0.55000001192092896,7.8221725510000004,33.030450064,1.6227801850000001
1248,O,oc23,-0.55000001192092896,3.4974807999999999,32.808470538999998,13.584208222000001
1249,O,oc23,-0.55000001192092896,10.348014914,30.917018749,4.9067367419999997
1250,O,oc23,-0.55000001192092896,6.3108862630000004,28.356203743999998,14.059136938
1251,O,oc23,-0.55000001192092896,18.346498688,37.985722834999997,10.881295802
1252,O,oc23,-0.55000001192092896,19.224202517999998,25.927758899000001,8.6355690650000003
1253,O,oc23,-0.55000001192092896,7.703859102,25.588363957999999,-0.663831693
1254,O,oc23,-0.55000001192092896,7.4441374109999998,33.861267974,-0.62715533499999998
1255,O,oc23,-0.55000001192092896,14.879124402,21.573240647999999,12.724189999
1256,O,oc23,-0.55000001192092896,18.629926359999999,22.243377765000002,4.0119389639999996
1257,O,oc23,-0.55000001192092896,10.945143255,38.426642313000002,2.1570129690000002
1258,O,oc23,-0.55000001192092896,10.238480226,40.010274664999997,11.639691286
1259,O,oc23,-0.55000001192092896,9.8120848729999999,30.906091791000001,15.137527237
1260,O,oc23,-0.55000001192092896,10.969456111,29.765841539,11.72902184
1261,Si,sc4,1.1000000238418579,8.0138803079999992,32.559306515999999,11.178206024
1262,Si,sc4,1.1000000238418579,13.508861377000001,30.951550122,3.0793047410000001
1263,Si,sc4,1.1000000238418579,7.7000946619999997,27.904725315,13.514852553000001
1264,Si,sc4,0.72500002384185791,8.0803372499999995,21.534884349999999,-4.0509570640000003
1265,Si,sc4,1.1000000238418579,10.062824767,27.106240540000002,14.756822986
1266,Si,sc4,1.1000000238418579,12.510616917,34.339129126000003,9.2443473940000001
1267,Si,sc4,1.1000000238418579,12.445199991000001,28.988420190999999,12.023525161
1268,Si,sc4,1.1000000238418579,6.2226147369999998,37.891376915999999,11.301639146999999
1269,O,oc23,-0.55000001192092896,11.744287586,35.024644573000003,5.1034137819999996
1270,O,oc23,-0.55000001192092896,9.9528712309999996,33.774762889000002,0.31653689299999999
1271,O,oc23,-0.55000001192092896,3.237268823,22.194780980000001,4.3217792199999998
1272,O,oc23,-0.55000001192092896,4.3172060529999996,37.397928964999998,-3.0165876319999998
1273,O,oc23,-0.55000001192092896,1.1311710210000001,37.636560568999997,4.4262678160000002
1274,O,oc23,-0.55000001192092896,1.649500553,30.588789185,3.7129811140000002
1275,O,oc23,-0.55000001192092896,18.314983824999999,34.254868285999997,-1.2182470809999999
1276,O,oc23,-0.55000001192092896,11.818577296999999,25.914689295999999,3.865471764
1277,O,oc23,-0.55000001192092896,12.912811461,28.182344941,10.73972202
1278,O,oc23,-0.55000001192092896,4.5323801039999996,21.881415177000001,2.1670145010000001
1279,O,oc23,-0.55000001192092896,6.8718925090000003,38.571808812,9.9662908300000002
1280,O,oc23,-0.55000001192092896,18.273547868000001,36.41318923,3.0300616260000002
1281,O,oc23,-0.55000001192092896,3.14883041,37.722213889999999,2.5173385029999999
1282,O,oc23,-0.55000001192092896,9.1864629549999997,31.997898951,6.9546403919999999
1283,O,oc24,-0.67500001192092896,13.072689461,21.850915098000002,15.783473996
1284,O,oc23,-0.55000001192092896,10.942370558,26.404437016999999,15.950383449
1285,Si,sc4,1.1000000238418579,10.078000162,40.197278349000001,10.122423269
1286,Si,sc4,1.1000000238418579,10.197419708,36.538749817000003,13.587463208000001
1287,Si,sc4,1.1000000238418579,5.0831387240000003,38.774020812000003,-3.4687778439999999
1288,Si,sc4,1.1000000238418579,14.396819477999999,33.888712263999999,14.111251737
1289,Si,sc4,1.1000000238418579,0.0056208689999999997,20.983406178999999,-3.6964758029999998
1290,Si,sc4,1.1000000238418579,0.20223164399999999,27.271828730999999,2.8357700170000002
1291,Si,sc4,1.1000000238418579,10.397930233,34.178237576999997,11.509392684
1292,Si,sc4,1.1000000238418579,9.3241441439999999,28.011500117000001,1.759097446
1293,O,oc23,-0.55000001192092896,5.5834268659999999,24.366329912000001,-3.114666696
1294,O,oc23,-0.55000001192092896,10.313011487000001,35.651118066000002,12.215497554000001
1295,O,oc24,-0.67500001192092896,-1.223540646,21.119549569,-4.7564345350000004
1296,O,oc23,-0.55000001192092896,1.814953985,29.479220276,13.421249607
1297,O,oc23,-0.55000001192092896,6.262626772,22.938870036000001,8.0656488300000007
1298,O,oc23,-0.55000001192092896,-0.19800031500000001,35.416977342999999,4.4932853489999998
1299,O,oc23,-0.55000001192092896,10.644156456999999,28.526750105000001,14.283669279
1300,O,oc23,-0.55000001192092896,4.1193301020000002,20.664263128000002,11.898750624
1301,O,oc23,-0.55000001192092896,10.933827982,33.023621587000001,12.476129204999999
1302,O,oc23,-0.55000001192092896,8.5399524150000001,28.568334898,5.2387273729999997
1303,O,oc23,-0.55000001192092896,15.311820316,35.858295208000001,-3.2446701280000001
1304,O,oc23,-0.55000001192092896,12.479269696999999,21.861334425999999,4.0672293350000004
1305,O,oc23,-0.55000001192092896,3.8089995339999998,39.413334706000001,-4.1864746549999996
1306,O,oc23,-0.55000001192092896,6.3737272880000004,23.707538326000002,0.17431582600000001
1307,O,oc23,-0.55000001192092896,6.5670780799999999,21.256076594,-0.90547913300000005
1308,O,oc23,-0.55000001192092896,2.918699003,34.197719331000002,-1.0236845809999999
1309,Si,sc4,1.1000000238418579,5.2162130519999996,22.791048093000001,-3.6160340729999998
1310,Si,sc4,1.1000000238418579,9.050540797,23.917691728000001,-2.8048173169999999
1311,Si,sc4,1.1000000238418579,11.348041126,34.631147417999998,3.5962880369999999
1312,Si,sc4,1.1000000238418579,10.708261638,25.512534884000001,2.8356239240000001
1313,Si,sc4,1.1000000238418579,11.006149225,24.444708961,0.0075365349999999996
1314,Si,sc4,1.1000000238418579,13.851232739,20.762369891999999,0.88953843700000002
1315,Si,sc4,1.1000000238418579,11.016280031000001,29.986609174000002,14.792047911999999
1316,Si,sc4,1.1000000238418579,11.478752748,35.735721765999998,-2.965872117
1317,O,oc23,-0.55000001192092896,10.237284618,25.715131769999999,-0.79711781199999998
1318,O,oc23,-0.55000001192092896,11.928048505,35.972230066999998,-1.425721381
1319,O,oc23,-0.55000001192092896,13.569008480999999,36.345291310999997,6.4163852129999999
1320,O,oc23,-0.55000001192092896,4.0803690399999999,35.724636756000002,3.7992691199999999
1321,O,oc23,-0.55000001192092896,8.5977716839999996,20.836530459999999,-2.6867376709999999
1322,O,oc23,-0.55000001192092896,12.126540581,25.196049031000001,12.989033707999999
1323,O,oc23,-0.55000001192092896,8.7152561649999996,36.497117363999998,14.360967253
1324,O,oc23,-0.55000001192092896,13.31546137,24.823664582999999,-3.3992976760000002
1325,O,oc23,-0.55000001192092896,16.252451692000001,27.968150556000001,-2.2005088599999998
1326,O,oc23,-0.55000001192092896,4.6416558480000001,21.787330888,-2.4794833810000001
1327,O,oc23,-0.55000001192092896,11.146522429999999,29.052006992999999,-1.261697896
1328,O,oc24,-0.67500001192092896,3.834799002,35.874760518000002,-5.2178478879999997
1329,O,oc23,-0.55000001192092896,12.289504485,37.687151686999997,8.1496589499999992
1330,O,oc23,-0.55000001192092896,11.566284380000001,36.282379243999998,14.427556167000001
1331,O,oc23,-0.55000001192092896,6.9983678329999996,33.071359862000001,10.055831761
1332,Si,sc4,1.1000000238418579,4.8832542390000002,39.564684907,4.8485884639999997
1333,Si,sc4,1.1000000238418579,0.71848423800000005,33.838737678999998,1.6173725510000001
1334,Si,sc4,1.1000000238418579,10.801713369,38.139693444000002,7.9939604710000003
1335,Si,sc4,1.1000000238418579,7.3512513200000003,22.53328132,-0.31457997799999998
1336,Si,sc4,1.1000000238418579,14.512881033999999,36.414706252999999,9.9248085180000007
1337,Si,sc4,1.1000000238418579,10.220182707999999,39.329704915999997,5.315497004
1338,Si,sc4,1.1000000238418579,7.6079962840000004,28.139384341,9.3129452060000002
1339,Si,sc4,1.1000000238418579,4.6562504349999996,21.604902170999999,3.7287957729999999
1340,O,oc23,-0.55000001192092896,12.441343303,25.324190991999998,10.245180335000001
1341,O,oc23,-0.55000001192092896,10.638122574,28.843022164000001,1.3872955119999999
1342,O,oc23,-0.55000001192092896,7.0583166799999999,26.770138925000001,9.9972960230000005
1343,O,oc23,-0.55000001192092896,6.811660314,33.047954976,7.5201905260000004
1344,O,oc23,-0.55000001192092896,15.080279954,22.061386896999998,4.331867108
1345,O,oc23,-0.55000001192092896,10.146415853000001,41.349604180999997,-0.38097581800000002
1346,O,oc23,-0.55000001192092896,13.571841027,33.180533752999999,9.5452983390000004
1347,O,oc23,-0.55000001192092896,9.2948551869999996,31.161062719,2.5529419899999999
1348,O,oc23,-0.55000001192092896,14.327457511,22.58679893,6.6583648130000004
1349,O,oc23,-0.55000001192092896,15.228034801,40.780036735000003,0.66071830399999998
1350,O,oc23,-0.55000001192092896,4.0673845159999997,28.590364866000002,12.727628553000001
1351,O,oc23,-0.55000001192092896,18.653654083999999,23.842736582000001,-3.3774110930000001
1352,O,oc23,-0.55000001192092896,17.293405574000001,32.308166268000001,2.1054094879999998
1353,O,oc23,-0.55000001192092896,7.2124599859999998,37.425244116999998,12.465281792000001
1354,O,oc23,-0.55000001192092896,17.660507054,33.449838866,15.25108045
1355,O,oc23,-0.55000001192092896,0.73939157600000005,24.897435521999999,-2.3048582390000001
1356,O,oc24,-0.67500001192092896,19.268799117,34.444633115000002,17.114475847000001
1357,H,hoy,0.40000000596046448,14.64795625,22.201262501999999,-5.2593022349999998
1358,Si,sc4,1.1000000238418579,20.229270435,23.886199386000001,11.706128738
1359,O,oc23,-0.55000001192092896,5.1348505390000003,39.008595634000002,16.27510225
1360,O,oc23,-0.55000001192092896,5.7235749240000002,36.979438533,14.626129153000001
1361,O,oc24,-0.67500001192092896,14.148912256999999,38.813707917000002,18.073868288
1362,H,hoy,0.40000000596046448,12.389460933000001,29.446918648,-4.2187084559999999
1363,O,oc24,-0.67500001192092896,13.272236378000001,31.900813156000002,17.614023796000001
1364,O,oc23,-0.55000001192092896,7.4912497269999996,32.606237395000001,-5.0090705069999997
1365,O,oc24,-0.67500001192092896,10.472501839,39.213822815,-5.1086336189999999
1366,H,hoy,0.40000000596046448,4.2413385830000001,30.027868019,15.605108405999999
1367,H,hoy,0.40000000596046448,15.273744941,33.286144454999999,-5.0095247709999997
1368,O,oc24,-0.67500001192092896,17.192988855999999,25.301070803999998,-4.9712762609999999
1369,H,hoy,0.40000000596046448,1.285689598,34.035780752999997,15.771423612
1370,H,hoy,0.40000000596046448,2.369165169,30.910047458000001,15.544637998000001
1371,O,oc24,-0.67500001192092896,20.296233759,31.190566026999999,-3.8630071319999999
1372,H,hoy,0.40000000596046448,15.591690571000001,26.787097157000002,-4.4887140360000002
1373,O,oc24,-0.67500001192092896,16.871331563999998,31.229500672,-5.4435153249999999
1374,O,oc23,-0.55000001192092896,15.439412708000001,29.611026229,-3.9081973759999999
1375,Na,na+,1,4.2111595260000003,33.596646419999999,16.567018887
1376,O,oc24,-0.67500001192092896,1.244225548,39.782759953000003,-5.0936823840000001
1377,O,oc24,-0.67500001192092896,11.347509083,25.807609313,-4.9369863550000002
1378,H,hoy,0.40000000596046448,18.340238211999999,26.949780654000001,-4.3165150270000003
1379,H,hoy,0.40000000596046448,2.8430967909999998,28.536843571999999,-3.6317234730000001
1380,O,oc24,-0.67500001192092896,13.157436293,26.826301047000001,17.438836706
1381,O,oc23,-0.55000001192092896,7.5184253510000003,35.546217659,-4.6362916170000004
1382,O,oc24,-0.67500001192092896,8.0899618239999995,37.579822096000001,-6.2044350259999996
1383,O,oc24,-0.67500001192092896,17.389305575000002,29.182279187999999,16.336029536000002
1384,H,hoy,0.40000000596046448,10.753640138,31.344526551000001,-4.1355885749999999
1385,H,hoy,0.40000000596046448,9.4117408069999993,39.954071384000002,16.266858633999998
1386,O,oc24,-0.67500001192092896,9.4641738019999995,32.338542656000001,17.256810206000001
1387,O,oc23,-0.55000001192092896,11.562602909000001,32.562736418999997,15.571760864
1388,O,oc24,-0.67500001192092896,2.5758854759999998,27.371265644000001,14.247677324
1389,O,oc24,-0.89999997615814209,8.7181282959999997,20.757846949000001,-5.351389899
1390,O,oc23,-0.55000001192092896,6.5085777709999997,21.956833913000001,-4.1992706660000003
1391,H,hoy,0.40000000596046448,-1.939113979,21.553946547999999,-4.3318086469999999
1392,O,oc24,-0.67500001192092896,11.714944534000001,29.695375983999998,16.236530267999999
1393,H,hoy,0.40000000596046448,4.5405028720000002,35.268477373000003,-5.0580118230000002
1394,H,hoy,0.40000000596046448,18.814544180999999,33.689862411,17.44553561
1395,H,hoy,0.40000000596046448,14.013915141,37.929729125999998,18.358540354999999
1396,H,hoy,0.40000000596046448,9.9295260679999995,39.982394464000002,-5.1903130270000002
1397,H,hoy,0.40000000596046448,20.935789977999999,30.513315107,-4.0314042130000001
1398,H,hoy,0.40000000596046448,17.784901510000001,31.137409795,-5.6341408380000004
1399,H,hoy,0.40000000596046448,0.83390978400000004,39.066865667999998,-5.5504573309999996
1400,H,hoy,0.40000000596046448,11.340022282,26.750039125000001,-4.9727627090000004
1401,H,hoy,0.40000000596046448,13.65372634,26.223587708,17.960041571000001
1402,H,hoy,0.40000000596046448,7.464868461,38.207692946999998,-6.5309143169999997
1403,Na,na+,1,21.378593026000001,0.78701386399999995,16.532379300999999
1404,H,hoy,0.40000000596046448,10.027191985,31.71520537,17.680121564
1405,H,hoy,0.40000000596046448,1.7488625739999999,27.525458317999998,14.673927358
1406,Na,na+,1,9.7267755630000003,22.460470295,-6.0984724010000004
1407,H,hoy,0.40000000596046448,12.420822418,29.082657822000002,16.112835426
1408,Si,sc4,1.1000000238418579,4.7559476829999996,37.491170992999997,15.916379512000001
1409,O,oc24,-0.67500001192092896,5.0920807290000001,36.526392225000002,17.200100464999998
1410,H,hoy,0.40000000596046448,5.6401823369999997,37.021721341000003,17.782883533
1411,Si,sc4,0.72500002384185791,6.8800913479999997,34.152327081000003,-5.3584109399999997
1412,O,oc24,-0.89999997615814209,6.8563918719999997,34.405487393999998,-6.9799251660000001
1413,Na,na+,1,8.6682466399999996,35.438513399000001,-7.1614184319999996
1414,O,oc23,-0.55000001192092896,5.4309838680000002,34.022126210000003,-4.7355652829999997
1415,Si,sc4,0.72500002384185791,9.5975798210000001,22.482626299,14.847160441
1416,O,oc24,-0.89999997615814209,9.293646034,23.579905743000001,16.053243246000001
1417,Na,na+,1,7.5402467919999996,24.696002621000002,16.238952662999999
1418,O,oc24,-0.67500001192092896,2.9161460859999999,40.287076304999999,16.509706405999999
1419,H,hoy,0.40000000596046448,3.0035927089999999,40.642518301999999,17.375071238
1420,O,oc23,-0.55000001192092896,21.396026268,24.242813056999999,12.754292559
1421,O,oc23,-0.55000001192092896,19.310786570000001,23.069552208000001,12.827849698
1422,O,oc23,-0.55000001192092896,19.943934509999998,25.471387992,11.294718901
1423,Si,sc4,1.1000000238418579,21.285537186999999,25.351519825,13.982292000999999
1424,O,oc23,-0.55000001192092896,2.3967582649999999,25.154082019000001,15.04253726
1425,O,oc23,-0.55000001192092896,20.752913926000002,26.646306994,13.243459106
1426,Si,sc4,1.1000000238418579,20.366940804999999,27.000139008000001,11.757628146
1427,O,oc23,-0.55000001192092896,19.212021045,28.119482325,11.644178825999999
1428,Si,sc4,1.1000000238418579,19.277732001,22.263345185999999,14.310928909999999
1429,Si,sc4,1.1000000238418579,3.9422530230000001,25.075111002,14.892796544999999
1430,O,oc24,-0.67500001192092896,4.6830682049999997,26.188399272000002,15.827973605
1431,H,hoy,0.40000000596046448,4.2474892229999996,27.020080054000001,15.672620201999999
1432,O,oc24,-0.67500001192092896,19.889377356000001,23.105292298999998,15.546843483
1433,H,hoy,0.40000000596046448,12.134059289,21.949766924999999,15.671440979
1434,O,oc24,-0.67500001192092896,17.353806761000001,22.375577478,17.326560155999999
1435,H,hoy,0.40000000596046448,17.006454445999999,21.766252532999999,17.953374495999999
1436,H,hoy,0.40000000596046448,16.731390866999998,24.500070773000001,15.376990288
1437,H,hoy,0.40000000596046448,7.2513934820000001,24.824963093000001,-3.3910539530000001
1438,O,oc24,-0.67500001192092896,4.1383234059999996,22.875099692999999,-4.8337874579999998
1439,H,hoy,0.40000000596046448,4.2196122999999996,22.080454638999999,-5.3295881700000001
1440,H,hoy,0.40000000596046448,16.873823180999999,29.832282768999999,15.89627559
1441,H,hoy,0.40000000596046448,17.733054215999999,24.789036804999999,-5.5523584320000001
1442,H,hoy,0.40000000596046448,13.582423102,31.044025774000001,17.845578355000001
1443,H,hoy,0.40000000596046448,19.165646433999999,23.370090264000002,16.096616315999999
1444,Si,sc4,1.1000000238418579,35.685757635999998,20.170058118,12.422397606000001
1445,Si,sc4,1.1000000238418579,34.529396693000002,7.1557254300000004,9.9560698950000006
1446,Si,sc4,1.1000000238418579,38.840724334000001,13.992385503,15.643607875000001
1447,Si,sc4,1.1000000238418579,37.217082646999998,14.394449692,10.232625216000001
1448,Si,sc4,1.1000000238418579,28.663569540000001,2.2351005549999998,11.378554254999999
1449,Si,sc4,1.1000000238418579,38.035675214999998,2.1120691709999999,7.7461694909999999
1450,Si,sc4,1.1000000238418579,33.865636866000003,2.570897955,15.349229797
1451,O,oc23,-0.55000001192092896,28.628749762000002,19.786358987,9.9805095319999992
1452,O,oc23,-0.55000001192092896,34.443128848000001,5.8268273109999997,4.1062276510000002
1453,O,oc23,-0.55000001192092896,32.473091992000001,12.301914949,0.48579931799999998
1454,O,oc23,-0.55000001192092896,28.330022545999999,3.1325811579999998,5.3723868269999997
1455,O,oc23,-0.55000001192092896,36.619562531,17.933687552999999,6.1476427400000002
1456,O,oc23,-0.55000001192092896,22.027049889000001,18.870648315,14.208449098000001
1457,O,oc23,-0.55000001192092896,23.820539156999999,5.1301612079999996,10.435918557999999
1458,O,oc23,-0.55000001192092896,28.710728995,8.0457900579999997,2.7554560220000002
1459,O,oc23,-0.55000001192092896,38.096677995999997,17.603330072999999,8.1793240619999992
1460,O,oc23,-0.55000001192092896,36.491745215000002,14.283226527,2.4717065960000002
1461,O,oc23,-0.55000001192092896,29.280278712000001,1.9349837050000001,-3.8384409420000001
1462,O,oc23,-0.55000001192092896,32.170362930000003,10.157028475000001,13.795590129000001
1463,O,oc23,-0.55000001192092896,39.291283417999999,2.3877560519999999,6.6299305940000002
1464,O,oc23,-0.55000001192092896,20.410568785999999,0.40476670399999998,5.6806091739999998
1465,O,oc23,-0.55000001192092896,22.132822984000001,13.198950075000001,1.116844782
1466,Si,sc4,1.1000000238418579,27.658321621999999,7.7700061790000001,3.9449184819999998
1467,Si,sc4,1.1000000238418579,33.486384229999999,4.5065369029999998,4.3100163309999999
1468,Si,sc4,1.1000000238418579,34.796321089999999,6.9514126870000004,-3.3130067009999999
1469,Si,sc4,1.1000000238418579,34.639969176999998,7.4621276500000002,3.7894982879999999
1470,Si,sc4,1.1000000238418579,37.946591785999999,1.0472727479999999,10.855828408000001
1471,Si,sc4,1.1000000238418579,37.515698927999999,6.0940396320000003,-2.4208591909999999
1472,Si,sc4,1.1000000238418579,22.566513473000001,5.0602825789999999,6.2865383540000002
1473,Si,sc4,1.1000000238418579,31.415029060999998,8.8819939380000008,-0.11801318500000001
1474,O,oc23,-0.55000001192092896,33.511485509000003,2.6386499890000001,13.76391686
1475,O,oc23,-0.55000001192092896,38.462534105000003,4.5083806649999998,0.55227959900000001
1476,O,oc23,-0.55000001192092896,30.382896805000001,17.214190910999999,4.5170331619999997
1477,O,oc23,-0.55000001192092896,38.524886991999999,4.5661121820000004,13.166731305000001
1478,O,oc23,-0.55000001192092896,35.647825509999997,8.8134957160000003,0.24378223600000001
1479,O,oc24,-0.67500001192092896,37.721416232999999,3.6700329630000001,15.546306921999999
1480,O,oc23,-0.55000001192092896,40.396512610999999,2.418838439,10.346911468
1481,O,oc23,-0.55000001192092896,37.417029839999998,2.4584465080000002,11.717115656000001
1482,O,oc23,-0.55000001192092896,22.99623849,3.7514033539999998,5.5164490380000002
1483,O,oc23,-0.55000001192092896,30.775992355,10.388181597000001,-0.067300709
1484,O,oc23,-0.55000001192092896,30.204895251,2.3665293329999999,0.056524757000000002
1485,O,oc23,-0.55000001192092896,33.015545615999997,8.8833390950000002,-0.11404521400000001
1486,O,oc23,-0.55000001192092896,28.234369308000002,2.3304740810000002,-1.4829731850000001
1487,O,oc23,-0.55000001192092896,20.114223397,17.070656829000001,9.2916436050000009
1488,Si,sc4,1.1000000238418579,37.548806710999997,13.022569874,5.6898060130000001
1489,Si,sc4,1.1000000238418579,21.104146515,8.0508510980000008,-1.9547141429999999
1490,Si,sc4,1.1000000238418579,33.896754537,17.657380729,12.114511241000001
1491,Si,sc4,1.1000000238418579,34.667706524000003,11.775873697,5.4734511479999997
1492,Si,sc4,1.1000000238418579,20.817666274,11.858983705,10.028018947
1493,Si,sc4,1.1000000238418579,23.15509729,12.777910919,-0.050164217999999997
1494,Si,sc4,1.1000000238418579,24.375710727000001,19.427662257000001,15.792880781999999
1495,Si,sc4,1.1000000238418579,31.438373936000001,1.3986810110000001,10.606751221
1496,O,oc23,-0.55000001192092896,23.444782025999999,14.528715368,10.266991424
1497,O,oc23,-0.55000001192092896,34.400815086000001,10.972142941,-0.88432147500000002
1498,O,oc23,-0.55000001192092896,39.928087286999997,6.4436719140000003,1.165223986
1499,O,oc23,-0.55000001192092896,22.732407379000001,16.257775424999998,7.52163073
1500,O,oc23,-0.55000001192092896,37.313358665000003,6.7950213020000003,1.0740305999999999
1501,O,oc23,-0.55000001192092896,37.224432387,16.930641130000001,-1.656295101
1502,O,oc23,-0.55000001192092896,25.609467037999998,19.176767023,-2.0096915399999999
1503,O,oc23,-0.55000001192092896,19.784868812999999,20.149387787999999,-2.5165081659999999
1504,O,oc23,-0.55000001192092896,21.024849862,5.0442176129999998,6.5216964390000003
1505,O,oc23,-0.55000001192092896,34.691133235000002,16.547673639999999,8.5448742269999993
1506,O,oc23,-0.55000001192092896,34.858148675000002,5.6001129509999998,10.092965967
1507,O,oc23,-0.55000001192092896,39.276282795999997,6.4803894529999999,6.2611595040000001
1508,O,oc23,-0.55000001192092896,28.068070783,14.614644597,8.4272339449999993
1509,O,oc23,-0.55000001192092896,26.287769283999999,2.0345980670000001,3.944514748
1510,O,oc23,-0.55000001192092896,30.419359460999999,4.2950975769999999,11.277591363999999
1511,Si,sc4,1.1000000238418579,33.753432533000002,18.190869115000002,16.490358664999999
1512,Si,sc4,1.1000000238418579,36.480293072000002,9.3395504129999996,10.507061259
1513,Si,sc4,1.1000000238418579,20.499242612,19.205258156999999,-1.4506877920000001
1514,Si,sc4,1.1000000238418579,34.920930329000001,9.2006501669999992,14.148516706000001
1515,Si,sc4,1.1000000238418579,34.056850941,4.2521167120000003,10.087144629000001
1516,Si,sc4,1.1000000238418579,21.859994636,14.666964767,10.386621626
1517,Si,sc4,0.72500002384185791,35.551338262000002,1.12408423,-3.2416842140000002
1518,Si,sc4,1.1000000238418579,34.636463509999999,14.132287374000001,-3.7933600869999999
1519,O,oc23,-0.55000001192092896,34.397964786999999,12.910497498,-2.7765626390000002
1520,O,oc23,-0.55000001192092896,29.160142660999998,7.8784863720000002,10.152862692999999
1521,O,oc24,-0.67500001192092896,31.56421271,8.3764062280000005,-4.1039313509999999
1522,O,oc23,-0.55000001192092896,20.065476696000001,4.1190024589999998,15.032825509
1523,O,oc23,-0.55000001192092896,33.311414348,5.93256812,14.810353716
1524,O,oc23,-0.55000001192092896,19.865787181999998,14.212751655,14.594038620999999
1525,O,oc23,-0.55000001192092896,25.984599052,16.158179713999999,1.996190465
1526,O,oc23,-0.55000001192092896,36.299832561000002,10.294867073000001,14.212535314
1527,O,oc23,-0.55000001192092896,25.605338563,14.15279883,8.9513417850000003
1528,O,oc23,-0.55000001192092896,28.663748292000001,18.807651448000001,5.4307132239999998
1529,O,oc23,-0.55000001192092896,28.960108162000001,12.574465207999999,14.743781415000001
1530,O,oc23,-0.55000001192092896,30.302055511999999,17.233922655000001,13.243956719
1531,O,oc23,-0.55000001192092896,21.495939004,16.025391097,11.100635186
1532,O,oc23,-0.55000001192092896,34.044339067999999,11.248368841,4.0439175159999996
1533,Si,sc4,1.1000000238418579,30.244541127000002,16.680217703,3.0214563459999999
1534,Si,sc4,1.1000000238418579,33.228122137,11.211719593,16.029141564
1535,Si,sc4,1.1000000238418579,36.911594422,8.610417258,5.2683467200000003
1536,Si,sc4,1.1000000238418579,27.6046169,10.977021757999999,1.973227756
1537,Si,sc4,1.1000000238418579,28.301104625000001,10.787666517,-3.1260189450000002
1538,Si,sc4,1.1000000238418579,33.373995270999998,13.299321554,1.404302452
1539,Si,sc4,1.1000000238418579,34.323155364999998,9.7341744749999997,0.18277111600000001
1540,Si,sc4,1.1000000238418579,27.583905613999999,15.618556608,2.0937763930000002
1541,O,oc23,-0.55000001192092896,32.263156881999997,2.9718456579999999,-1.147707901
1542,O,oc23,-0.55000001192092896,33.943484929999997,9.1419690869999997,12.734320475000001
1543,O,oc23,-0.55000001192092896,22.833448468,11.289155584,-0.472558847
1544,O,oc23,-0.55000001192092896,28.105512811000001,14.885868726,0.76223523999999998
1545,O,oc23,-0.55000001192092896,21.936528101,13.713652623,7.2560011920000003
1546,O,oc23,-0.55000001192092896,39.332359234000002,10.390686956,3.6183491129999998
1547,O,oc23,-0.55000001192092896,21.788782499,14.058705192,13.040199568
1548,O,oc23,-0.55000001192092896,38.288341516999999,16.905316596999999,13.5871265
1549,O,oc23,-0.55000001192092896,37.297575451999997,5.35875536,5.3852136179999999
1550,O,oc23,-0.55000001192092896,34.774693128999999,12.553403448999999,1.715866933
1551,O,oc23,-0.55000001192092896,37.625264913000002,12.94857463,9.8274923629999993
1552,O,oc23,-0.55000001192092896,37.236735478,14.429191532999999,4.9946974290000004
1553,O,oc23,-0.55000001192092896,36.503252912000001,14.597689519999999,-0.81923220699999999
1554,O,oc23,-0.55000001192092896,33.684537452000001,14.724972018000001,0.67359819600000004
1555,O,oc23,-0.55000001192092896,33.348318362000001,9.9625917919999996,8.8445132110000007
1556,Si,sc4,1.1000000238418579,19.665279738999999,11.181836038,12.740681776000001
1557,Si,sc4,1.1000000238418579,22.64738899,12.821867258999999,6.2578793450000001
1558,Si,sc4,1.1000000238418579,20.646915893999999,15.042252037000001,13.400427730000001
1559,Si,sc4,1.1000000238418579,35.253449031000002,17.616947841999998,3.2163188599999999
1560,Si,sc4,1.1000000238418579,33.100129662000001,9.8768241430000003,7.2472039290000003
1561,Si,sc4,1.1000000238418579,38.302804332999997,17.489886532,-0.56451589899999999
1562,Si,sc4,1.1000000238418579,20.037952893,5.9269990410000002,7.3552181399999998
1563,Si,sc4,1.1000000238418579,38.292596386,12.352823954,8.5281688879999997
1564,O,oc23,-0.55000001192092896,28.963958012999999,10.398158064,10.790272134
1565,O,oc23,-0.55000001192092896,36.292472009000001,11.976741783,5.5029093659999999
1566,O,oc23,-0.55000001192092896,26.272539457000001,5.4326298800000004,1.3315261089999999
1567,O,oc23,-0.55000001192092896,33.224028281000002,14.966980713,9.8153364009999997
1568,O,oc23,-0.55000001192092896,20.990225857999999,2.563494403,4.4992695720000002
1569,O,oc23,-0.55000001192092896,35.724596593999998,14.635093598999999,9.8517737879999991
1570,O,oc23,-0.55000001192092896,22.991594296999999,13.002976163,-3.7883858930000001
1571,O,oc23,-0.55000001192092896,33.253630420999997,14.900855796,-3.9008151039999999
1572,O,oc23,-0.55000001192092896,24.30824046,7.1248506359999997,8.6994504379999995
1573,O,oc23,-0.55000001192092896,25.239789429000002,4.8481004619999997,-0.96010887
1574,O,oc23,-0.55000001192092896,32.285901142999997,13.740856362000001,7.69974969
1575,O,oc23,-0.55000001192092896,30.386144416,12.552939114000001,3.5916436040000002
1576,O,oc23,-0.55000001192092896,37.973615019999997,13.241358719000001,7.235731361
1577,O,oc23,-0.55000001192092896,32.372365586000001,17.789243509999999,11.797997070999999
1578,O,oc23,-0.55000001192092896,37.451041982,8.9939644229999995,9.3195847999999994
1579,O,oc23,-0.55000001192092896,21.390650228999998,16.39427439,13.748645779
1580,Si,sc4,1.1000000238418579,27.259123283000001,15.709362081,13.902363432
1581,Si,sc4,1.1000000238418579,23.447520939,1.432518344,8.0353010840000003
1582,Si,sc4,1.1000000238418579,30.719931339999999,4.1479496649999996,12.844666036
1583,Si,sc4,1.1000000238418579,35.531608384999998,1.0068274290000001,6.2197448700000004
1584,Si,sc4,1.1000000238418579,38.751530469999999,16.761942115,9.3465083149999995
1585,Si,sc4,1.1000000238418579,31.152069614999998,18.372646827000001,12.613804814
1586,Si,sc4,1.1000000238418579,33.204920934,15.982197987999999,14.668771756
1587,Si,sc4,1.1000000238418579,30.219982820999999,17.690431369999999,-3.4247357040000002
1588,O,oc23,-0.55000001192092896,22.480396566,17.815387400999999,9.6367616690000002
1589,O,oc23,-0.55000001192092896,25.611029654999999,15.780257635,11.045009801999999
1590,O,oc23,-0.55000001192092896,37.006149422,1.376329052,6.7352772439999997
1591,O,oc23,-0.55000001192092896,28.821725600000001,6.6436207620000003,0.52612045200000002
1592,O,oc23,-0.55000001192092896,35.479031294999999,2.3758627730000001,15.537165191
1593,O,oc23,-0.55000001192092896,26.446409151000001,6.9562454950000001,3.373519688
1594,O,oc23,-0.55000001192092896,39.495634375999998,5.8148694179999998,3.7124073869999998
1595,O,oc23,-0.55000001192092896,19.621308641999999,15.412432217999999,12.257799559
1596,O,oc23,-0.55000001192092896,37.635158523000001,18.153698840000001,15.730588675
1597,O,oc23,-0.55000001192092896,32.682491849999998,5.7573008569999997,7.3222307730000002
1598,O,oc23,-0.55000001192092896,31.784689372999999,10.496476777,2.7442709390000002
1599,O,oc23,-0.55000001192092896,21.540850644999999,12.456362287999999,5.1161804469999996
1600,O,oc23,-0.55000001192092896,33.276535324000001,16.742190555000001,16.064739777
1601,O,oc23,-0.55000001192092896,28.733729272000001,17.058872419,-3.31824567
1602,O,oc23,-0.55000001192092896,20.656237876999999,12.843513335000001,-2.5676768449999998
1603,O,oc24,-0.67500001192092896,24.647983705000001,8.5774384230000003,15.707837138
1604,Si,sc4,1.1000000238418579,22.034175885,13.665052529,-2.7007863460000001
1605,Si,sc4,1.1000000238418579,39.424362938000002,15.701977314000001,1.7034368980000001
1606,Si,sc4,1.1000000238418579,37.985948194999999,9.5206908719999994,7.9780516119999998
1607,Si,sc4,1.1000000238418579,31.138001107000001,11.937156740000001,-0.37067875900000002
1608,Si,sc4,1.1000000238418579,31.075685143000001,12.119426710000001,-3.4085537640000001
1609,Si,sc4,1.1000000238418579,21.108758727000001,20.073785399999998,1.533025981
1610,Si,sc4,1.1000000238418579,23.141476690000001,6.4658584149999996,3.662758196
1611,Si,sc4,1.1000000238418579,38.563325480000003,6.0777850219999996,0.39401638
1612,O,oc23,-0.55000001192092896,22.40362876,9.3058731689999998,1.220957962
1613,O,oc23,-0.55000001192092896,35.330415598000002,10.569589517000001,-3.3599046640000001
1614,O,oc23,-0.55000001192092896,29.74910307,11.191325082000001,-3.7291538919999998
1615,O,oc23,-0.55000001192092896,28.324673639,1.0978943809999999,14.586614862999999
1616,O,oc23,-0.55000001192092896,36.872543684999997,2.0118765889999999,-3.0019735719999998
1617,O,oc23,-0.55000001192092896,28.510911922999998,6.8322015299999999,-2.034534163
1618,O,oc23,-0.55000001192092896,22.067830452999999,17.548569659999998,-4.2274609549999997
1619,O,oc23,-0.55000001192092896,34.138962499000002,10.244297641999999,1.691047228
1620,O,oc24,-0.67500001192092896,35.095570670999997,13.587777365000001,-5.2610170319999998
1621,O,oc23,-0.55000001192092896,27.184093233999999,6.1194031109999996,12.720226657
1622,O,oc23,-0.55000001192092896,37.050605159,5.7776694930000003,8.0237917579999998
1623,O,oc23,-0.55000001192092896,31.556842946,11.867963129,-1.9129974999999999
1624,O,oc23,-0.55000001192092896,21.207935297999999,15.009891052,9.0214928170000004
1625,O,oc23,-0.55000001192092896,34.988517708000003,18.378168986999999,15.503086572000001
1626,Si,sc4,1.1000000238418579,37.071565788000001,15.224518911000001,3.6078079879999998
1627,Si,sc4,1.1000000238418579,20.039525574999999,20.189237935000001,6.7494011379999996
1628,Si,sc4,1.1000000238418579,31.221913456999999,4.2137138539999999,9.940153681
1629,Si,sc4,1.1000000238418579,33.310889379000002,15.825802510000001,-0.47281935899999999
1630,Si,sc4,1.1000000238418579,20.867548436,1.268523971,9.1911553139999995
1631,Si,sc4,1.1000000238418579,36.831925585,19.402753996000001,1.3772579819999999
1632,Si,sc4,1.1000000238418579,31.348958482,19.755473085999999,15.267753051
1633,O,oc23,-0.55000001192092896,37.188780981999997,8.7547398689999998,6.8248229010000001
1634,O,oc23,-0.55000001192092896,25.747001807,1.554558289,13.789030291
1635,O,oc23,-0.55000001192092896,35.972494685999997,16.359423528000001,3.862028998
1636,O,oc23,-0.55000001192092896,21.389164235999999,19.323025795,6.8185523449999996
1637,O,oc23,-0.55000001192092896,20.725228349000002,7.2908931419999998,7.7038901759999998
1638,O,oc23,-0.55000001192092896,23.749294299999999,18.600570184999999,7.6555340919999999
1639,O,oc23,-0.55000001192092896,26.270398706999998,17.563886248999999,-4.1665179380000001
1640,O,oc23,-0.55000001192092896,28.694030212000001,16.721491688,2.5233487050000001
1641,O,oc23,-0.55000001192092896,38.869597511999999,16.798971014999999,5.6040691899999997
1642,O,oc23,-0.55000001192092896,24.747670800000002,12.830690627999999,0.052312761999999999
1643,O,oc23,-0.55000001192092896,35.588485284000001,20.261286396999999,6.445032361
1644,O,oc23,-0.55000001192092896,36.229467716999999,18.126553487999999,2.0864185260000001
1645,O,oc23,-0.55000001192092896,21.899266303000001,18.955668917000001,-2.2118007689999999
1646,O,oc23,-0.55000001192092896,33.157152588000002,8.3679908300000001,6.6653073599999999
1647,O,oc23,-0.55000001192092896,38.265872934999997,11.800072302,12.949685473000001
1648,O,oc23,-0.55000001192092896,20.097807859,17.334055384999999,15.525158741
1649,Si,sc4,1.1000000238418579,22.878811477999999,16.264411450000001,-3.8341976529999999
1650,Si,sc4,1.1000000238418579,25.229262888000001,8.3738230359999992,8.3608596740000003
1651,Si,sc4,1.1000000238418579,37.668737630000003,3.3277958409999999,-3.5055309380000002
1652,Si,sc4,1.1000000238418579,38.654603977999997,16.995126808999999,15.17783904
1653,Si,sc4,1.1000000238418579,24.37993414,4.1927149210000003,11.654864017
1654,Si,sc4,1.1000000238418579,38.690006034,4.6749608230000002,14.777252220999999
1655,Si,sc4,1.1000000238418579,19.790325869,1.7202972940000001,5.2112668080000004
1656,Si,sc4,1.1000000238418579,24.449729266999999,1.311416183,10.901749062
1657,O,oc23,-0.55000001192092896,37.604830751000001,9.2343770779999996,-3.0363033210000001
1658,O,oc24,-0.67500001192092896,22.176161519000001,13.215869684999999,15.414106162
1659,O,oc23,-0.55000001192092896,21.076418360000002,2.1375134130000002,-2.5686368169999998
1660,O,oc23,-0.55000001192092896,28.353638491000002,1.1370412649999999,0.86510693400000005
1661,O,oc23,-0.55000001192092896,36.534292018999999,12.163025519,-1.7780056449999999
1662,O,oc23,-0.55000001192092896,28.339685209999999,3.7895843949999999,11.799529646
1663,O,oc23,-0.55000001192092896,32.569623124000003,19.293268443999999,16.241637851
1664,O,oc23,-0.55000001192092896,32.308364726999997,7.0588767859999999,12.783341314999999
1665,O,oc23,-0.55000001192092896,34.230324887999998,14.733943869999999,14.58015514
1666,O,oc23,-0.55000001192092896,39.864770513000003,12.153132373,8.8651395060000002
1667,O,oc23,-0.55000001192092896,39.271449740999998,0.29754671900000002,11.574193945999999
1668,O,oc24,-0.67500001192092896,21.120650170000001,10.393112365,15.682586978
1669,O,oc23,-0.55000001192092896,22.249028358,0.31646198800000003,1.607670484
1670,O,oc23,-0.55000001192092896,30.427654774000001,6.479213326,6.4980206489999999
1671,O,oc23,-0.55000001192092896,26.847786283000001,4.5043068249999996,3.679922339
1672,Si,sc4,1.1000000238418579,22.978064191000001,19.509201896,6.6559995799999996
1673,Si,sc4,1.1000000238418579,26.043976895,9.6134956620000001,-0.35619963399999999
1674,Si,sc4,1.1000000238418579,20.647456251000001,8.7645599399999998,7.1206616939999998
1675,Si,sc4,1.1000000238418579,22.961733269,9.7175303209999999,-0.211275085
1676,Si,sc4,1.1000000238418579,26.382342543,4.4873508910000002,0.046724004999999999
1677,Si,sc4,1.1000000238418579,33.066932715999997,1.5527068559999999,-1.43448799
1678,Si,sc4,1.1000000238418579,22.582336566999999,2.8579972250000001,4.274924897
1679,O,oc23,-0.55000001192092896,21.992199206999999,6.8382824659999999,12.068766018
1680,O,oc23,-0.55000001192092896,37.483658730000002,9.30681738,2.063673128
1681,O,oc23,-0.55000001192092896,30.890020795000002,3.919136258,6.120007266
1682,O,oc23,-0.55000001192092896,20.088801194999999,8.1012768350000002,2.9962677559999999
1683,O,oc23,-0.55000001192092896,22.956717775000001,2.4261867129999999,0.59376217200000003
1684,O,oc23,-0.55000001192092896,34.213645014000001,12.333181087,15.543683313000001
1685,O,oc23,-0.55000001192092896,30.151345555999999,1.6639184380000001,11.493432546999999
1686,O,oc23,-0.55000001192092896,38.622790086000002,2.0463721050000001,1.4154601550000001
1687,O,oc23,-0.55000001192092896,27.908995464,18.932084059000001,7.8183873909999999
1688,O,oc23,-0.55000001192092896,38.456132453999999,6.4056411410000003,-1.1587570469999999
1689,O,oc23,-0.55000001192092896,31.668690391999998,19.322977650999999,13.776540302000001
1690,O,oc23,-0.55000001192092896,35.438772120000003,7.5476995750000002,2.4277266150000001
1691,O,oc23,-0.55000001192092896,20.125311404000001,12.016726928000001,0.019462882000000001
1692,O,oc23,-0.55000001192092896,24.211440966000001,2.7077688179999999,7.5535635589999996
1693,O,oc23,-0.55000001192092896,33.385216513000003,4.0220911060000004,5.8777240629999996
1694,O,oc23,-0.55000001192092896,21.751909950999998,6.0929169849999996,2.8890229619999999
1695,Si,sc4,1.1000000238418579,26.077111142,9.5330149439999996,5.7161435489999999
1696,Si,sc4,1.1000000238418579,33.760990397999997,6.9697114630000003,7.1283825270000003
1697,Si,sc4,1.1000000238418579,27.302798208999999,5.016529362,11.515191606
1698,Si,sc4,1.1000000238418579,37.996817874000001,8.0351964690000006,12.510638776
1699,Si,sc4,1.1000000238418579,30.216658525,10.253321022,6.357117412
1700,Si,sc4,1.1000000238418579,21.595637382,15.178421074999999,7.5635586569999997
1701,Si,sc4,1.1000000238418579,29.932924800999999,1.0160715629999999,0.89456458299999997
1702,Si,sc4,1.1000000238418579,27.762279156000002,11.766651964999999,6.4506088469999998
1703,O,oc23,-0.55000001192092896,26.772545697000002,8.3914090540000004,-1.082508638
1704,O,oc23,-0.55000001192092896,24.125794620000001,10.459711958,2.6902703830000001
1705,O,oc23,-0.55000001192092896,28.318195703000001,6.8230957249999999,7.8485354789999997
1706,O,oc23,-0.55000001192092896,26.140473862,14.433529365,5.0845782069999998
1707,O,oc23,-0.55000001192092896,26.603806403,8.1658027180000001,9.2393132730000005
1708,O,oc23,-0.55000001192092896,33.814380610000001,17.245521966999998,2.6002711590000001
1709,O,oc23,-0.55000001192092896,32.790287859000003,17.176472232999998,0.22279585099999999
1710,O,oc23,-0.55000001192092896,24.708510186000002,12.775474308,3.6784626500000002
1711,O,oc23,-0.55000001192092896,37.505030089999998,14.932136782000001,11.719528511
1712,O,oc23,-0.55000001192092896,37.430778840000002,9.3036145500000007,11.75455844
1713,O,oc23,-0.55000001192092896,36.858417793999998,7.0036924870000004,12.218127228
1714,O,oc23,-0.55000001192092896,23.750121248999999,13.801275577,5.7432579849999996
1715,O,oc23,-0.55000001192092896,35.482817377000003,8.1099333070000004,4.939340305
1716,O,oc23,-0.55000001192092896,33.170125529000003,3.8183657989999999,16.179786761999999
1717,O,oc23,-0.55000001192092896,22.012200280999998,1.843434598,8.3403842519999998
1718,O,oc23,-0.55000001192092896,30.382598870999999,18.108122927,9.3407264540000003
1719,Si,sc4,1.1000000238418579,36.524834705000004,8.1505475989999994,1.431836554
1720,Si,sc4,1.1000000238418579,26.992491587,13.440322452,8.7611779100000007
1721,Si,sc4,1.1000000238418579,24.534747588999998,1.487614714,14.840399510999999
1722,Si,sc4,1.1000000238418579,38.482263201000002,16.10726872,12.181713829
1723,Si,sc4,1.1000000238418579,37.449151264999998,4.1412812810000004,12.05739559
1724,Si,sc4,1.1000000238418579,21.683263842999999,17.398783405,14.896292551
1725,Si,sc4,1.1000000238418579,35.756007703000002,6.3388764540000002,13.07927557
1726,Si,sc4,1.1000000238418579,33.879188202000002,10.967909327999999,10.009030373
1727,O,oc23,-0.55000001192092896,32.913777373999999,10.818774694,11.302928289
1728,O,oc23,-0.55000001192092896,19.580248744999999,8.5535945620000007,-1.9971184799999999
1729,O,oc23,-0.55000001192092896,36.203522227000001,-0.173821009,15.977963207
1730,O,oc23,-0.55000001192092896,23.849604376999999,2.6840927680000002,11.457785534999999
1731,O,oc23,-0.55000001192092896,35.043864829,6.4103818549999998,6.3866322560000004
1732,O,oc23,-0.55000001192092896,30.004788481999999,16.168835942000001,7.5440051400000003
1733,O,oc23,-0.55000001192092896,31.692915636999999,10.540220295999999,6.9013606239999996
1734,O,oc23,-0.55000001192092896,34.389758039,5.99455852,12.502904869
1735,O,oc23,-0.55000001192092896,31.078478958000002,6.0080423920000001,-3.0697249379999998
1736,O,oc23,-0.55000001192092896,38.186089944000003,15.287117334,9.3135478349999996
1737,O,oc23,-0.55000001192092896,24.302148682999999,19.276465314999999,14.195419013
1738,O,oc23,-0.55000001192092896,35.457463152999999,10.611971471,10.347330873000001
1739,O,oc23,-0.55000001192092896,32.717151377,1.255978246,11.590709630999999
1740,O,oc23,-0.55000001192092896,22.359086294000001,4.8926368980000001,0.33598847399999998
1741,O,oc23,-0.55000001192092896,35.603708105000003,8.0547211609999998,10.638479062
1742,Si,sc4,1.1000000238418579,39.147056577999997,9.7013297539999996,-2.7527695350000001
1743,Si,sc4,1.1000000238418579,37.204724425000002,13.179321923,-0.78341826800000003
1744,Si,sc4,1.1000000238418579,25.955560244000001,5.5597467370000002,2.8867380319999998
1745,Si,sc4,1.1000000238418579,20.198946081999999,12.976666858,4.3177294430000002
1746,Si,sc4,1.1000000238418579,39.874919939000002,12.173225928999999,-1.123249347
1747,Si,sc4,1.1000000238418579,29.908441131,3.1007163329999998,5.03614374
1748,Si,sc4,1.1000000238418579,30.364691786000002,10.942605766,3.3731143619999999
1749,Si,sc4,1.1000000238418579,20.301295371999998,9.3052570709999998,4.0184128650000002
1750,O,oc23,-0.55000001192092896,30.702180820999999,15.136007848,2.8956559120000001
1751,O,oc23,-0.55000001192092896,20.250069748000001,12.453457458999999,2.7802487490000001
1752,O,oc23,-0.55000001192092896,29.581105081,8.8750485179999998,6.9063467950000001
1753,O,oc23,-0.55000001192092896,38.568739778999998,16.287759979,0.47218543400000001
1754,O,oc23,-0.55000001192092896,26.920325877,2.651522682,-3.7589368790000002
1755,O,oc23,-0.55000001192092896,27.50970732,11.786542857000001,12.568270632000001
1756,O,oc23,-0.55000001192092896,26.146083617999999,12.391197763999999,14.671059083999999
1757,O,oc23,-0.55000001192092896,27.254845041999999,14.219172427,13.353064424999999
1758,O,oc23,-0.55000001192092896,22.074042481999999,9.4494593909999995,7.3531449279999999
1759,O,oc24,-0.67500001192092896,34.571606189999997,5.678206984,-4.3178118689999998
1760,O,oc23,-0.55000001192092896,35.430126110000003,7.5413349670000001,14.249678353
1761,O,oc23,-0.55000001192092896,34.573108726000001,0.81524381300000004,2.2998730979999999
1762,O,oc23,-0.55000001192092896,32.695881663999998,13.531879506999999,2.845355461
1763,O,oc23,-0.55000001192092896,19.625017263,14.268521623,1.0781246799999999
1764,O,oc23,-0.55000001192092896,39.587977594000002,9.4580749710000003,7.8924629990000001
1765,O,oc23,-0.55000001192092896,37.080260097,12.591924469,0.63880214599999996
1766,Si,sc4,1.1000000238418579,22.975341359000002,10.480139697,8.1962913020000006
1767,Si,sc4,1.1000000238418579,32.876046836,14.192908286,6.2674933040000003
1768,Si,sc4,1.1000000238418579,37.981488843999998,4.9055343779999996,8.9775356950000003
1769,Si,sc4,1.1000000238418579,24.659670312999999,16.563176223999999,2.9236666260000002
1770,Si,sc4,1.1000000238418579,36.285423899999998,5.4373369350000003,6.6383085829999997
1771,Si,sc4,1.1000000238418579,24.700247067999999,14.082157253,4.5576968149999999
1772,Si,sc4,1.1000000238418579,20.782726469,9.2638071409999991,14.561654655
1773,Si,sc4,1.1000000238418579,27.496026238999999,18.362141129000001,6.4366868750000004
1774,O,oc23,-0.55000001192092896,26.974708216,9.0262244749999994,4.5241744519999996
1775,O,oc23,-0.55000001192092896,30.769480909999999,18.482372681000001,6.7711085009999996
1776,O,oc23,-0.55000001192092896,20.834166386,11.861046075999999,13.657464027
1777,O,oc23,-0.55000001192092896,25.041303924000001,10.515520234,5.0586164880000002
1778,O,oc23,-0.55000001192092896,37.760134010000002,18.827351976999999,0.19153710800000001
1779,O,oc23,-0.55000001192092896,33.789053013999997,17.114668130999998,13.629259944999999
1780,O,oc23,-0.55000001192092896,26.630862129,11.132371714,3.2103522619999998
1781,O,oc23,-0.55000001192092896,23.510885309999999,7.9871039010000002,3.2731812410000001
1782,O,oc23,-0.55000001192092896,24.351286528999999,9.7128809730000008,8.6730287080000004
1783,O,oc23,-0.55000001192092896,34.648339200000002,16.287578253,-1.2244887310000001
1784,O,oc23,-0.55000001192092896,38.872267588,12.469921629,4.9911866619999996
1785,O,oc23,-0.55000001192092896,23.923918898,0.88119861200000005,9.4519635750000006
1786,O,oc23,-0.55000001192092896,21.178219399,13.264453250000001,10.733835029
1787,O,oc23,-0.55000001192092896,24.248944415,4.7397523069999998,13.194654661
1788,O,oc23,-0.55000001192092896,28.927028440000001,4.3590862039999996,-3.194021335
1789,O,oc23,-0.55000001192092896,33.765659513000003,1.1856329960000001,-0.057421194000000002
1790,Si,sc4,1.1000000238418579,25.244194095000001,8.6717486019999992,14.193974645000001
1791,Si,sc4,1.1000000238418579,24.183842264999999,5.5450022130000001,8.8792206680000003
1792,Si,sc4,1.1000000238418579,24.475099289999999,12.450581572000001,-3.8140296720000002
1793,Si,sc4,1.1000000238418579,38.136977321000003,17.897341572999999,6.5912293890000004
1794,Si,sc4,1.1000000238418579,36.295171291999999,9.4762929790000001,-3.9827665919999999
1795,Si,sc4,1.1000000238418579,23.515320490000001,0.97871365499999996,0.90938959799999997
1796,Si,sc4,1.1000000238418579,23.418696788999998,17.332733373,8.4553458829999997
1797,Si,sc4,1.1000000238418579,20.065150961000001,3.2066449100000001,-2.115949391
1798,O,oc23,-0.55000001192092896,39.715850357999997,17.911668806000002,-1.191360762
1799,O,oc23,-0.55000001192092896,38.863256557,19.322270364000001,6.4429475580000002
1800,O,oc24,-0.67500001192092896,24.163330993999999,11.232062263,15.965132149
1801,O,oc23,-0.55000001192092896,24.92514254,0.35435117300000002,15.882609650999999
1802,O,oc23,-0.55000001192092896,23.295290824999999,11.610872372999999,7.0934122540000004
1803,O,oc23,-0.55000001192092896,20.581077660999998,3.2655376989999998,1.478030556
1804,O,oc23,-0.55000001192092896,37.673825235000002,4.9887179240000004,10.629432631
1805,O,oc23,-0.55000001192092896,28.606930952999999,14.786034213000001,5.7839197779999996
1806,O,oc23,-0.55000001192092896,21.291610745,6.8159776250000004,-1.0320915159999999
1807,O,oc23,-0.55000001192092896,19.959816768,0.42813989000000002,8.1609767550000001
1808,O,oc23,-0.55000001192092896,34.674695507000003,16.609373626,11.191617426000001
1809,O,oc23,-0.55000001192092896,34.490399074999999,3.17518659,11.259377538000001
1810,O,oc23,-0.55000001192092896,20.319363121999999,0.18876631299999999,14.342674689000001
1811,O,oc23,-0.55000001192092896,32.115218615000003,0.27031279800000002,-1.901184523
1812,O,oc23,-0.55000001192092896,21.016409459999998,18.735187175,2.391544305
1813,Si,sc4,1.1000000238418579,21.624183306999999,17.302094509,2.7095132209999999
1814,Si,sc4,1.1000000238418579,30.203280351,20.243246014,-1.729073289
1815,Si,sc4,1.1000000238418579,24.819955559,15.208858678,9.828753377
1816,Si,sc4,1.1000000238418579,38.519151049000001,6.2320300240000002,4.9249443279999996
1817,Si,sc4,1.1000000238418579,22.369999814,19.004214742999999,-3.7556571179999998
1818,Si,sc4,1.1000000238418579,30.038718511999999,5.2143205100000003,-4.0160582849999997
1819,Si,sc4,1.1000000238418579,27.143042765000001,0.83843020700000004,13.489324127
1820,Si,sc4,1.1000000238418579,38.947537226000001,0.81361044999999999,2.3641746060000002
1821,O,oc23,-0.55000001192092896,22.152178817999999,9.1265170649999998,-1.446149855
1822,O,oc23,-0.55000001192092896,24.536844016,2.9823377949999998,15.35041715
1823,O,oc23,-0.55000001192092896,30.301518985000001,2.7007023029999999,13.530767942000001
1824,O,oc23,-0.55000001192092896,22.722297761,3.6616925259999999,2.8509490249999998
1825,O,oc23,-0.55000001192092896,27.528974741999999,16.784186301999998,6.7946282729999998
1826,O,oc23,-0.55000001192092896,22.994161651999999,0.99665403699999999,14.316145798000001
1827,O,oc23,-0.55000001192092896,19.414619576,2.6928592419999999,-0.75459098599999996
1828,O,oc23,-0.55000001192092896,23.466457290000001,0.29899864599999998,6.9163108319999997
1829,O,oc24,-0.67500001192092896,38.266150762999999,6.6595507119999997,-3.7546031690000001
1830,O,oc23,-0.55000001192092896,34.274506076000002,10.738138157,6.6075463640000001
1831,O,oc23,-0.55000001192092896,34.084021225999997,13.238480919000001,5.804850257
1832,O,oc23,-0.55000001192092896,30.034279129000002,5.3556798060000004,13.533850767000001
1833,O,oc23,-0.55000001192092896,34.416555074999998,7.4433024259999998,8.4554164549999999
1834,O,oc23,-0.55000001192092896,37.631799751999999,11.010925538,8.1024616730000005
1835,O,oc23,-0.55000001192092896,20.489868237,15.686339867999999,6.6218429719999996
1836,O,oc23,-0.55000001192092896,30.878781536000002,0.696250127,15.198077715
1837,Si,sc4,1.1000000238418579,39.374473621999996,3.1927946060000001,0.58723031999999997
1838,Si,sc4,1.1000000238418579,28.55633551,15.585449679,7.1788217769999996
1839,Si,sc4,1.1000000238418579,37.047835331999998,11.858388108,14.007394864
1840,Si,sc4,1.1000000238418579,34.267396531000003,3.4036859279999998,7.1004886650000003
1841,Si,sc4,1.1000000238418579,22.012429015999999,5.4632973109999998,-1.167991717
1842,Si,sc4,1.1000000238418579,31.073550031,0.60617639800000001,3.8643252769999998
1843,Si,sc4,1.1000000238418579,21.171156974999999,17.415334932,10.405534734
1844,Si,sc4,1.1000000238418579,20.129534914000001,16.022712071000001,5.1327222069999996
1845,O,oc23,-0.55000001192092896,23.067623354999998,5.1088699469999996,7.8247801609999996
1846,O,oc23,-0.55000001192092896,22.939361990999998,6.2716070520000002,5.2740204359999998
1847,O,oc23,-0.55000001192092896,23.554240238999999,19.057805728999998,5.2917672470000001
1848,O,oc23,-0.55000001192092896,25.227010171,17.571265870000001,3.9914742649999999
1849,O,oc23,-0.55000001192092896,34.104624452000003,18.190499939999999,6.62676716
1850,O,oc23,-0.55000001192092896,35.093969862999998,18.745496917000001,4.3279732940000004
1851,O,oc23,-0.55000001192092896,34.202935895000003,1.7490199879999999,-2.5880761369999998
1852,O,oc23,-0.55000001192092896,26.063700558000001,18.945674116999999,5.962339557
1853,O,oc23,-0.55000001192092896,20.550217570000001,18.603656632,11.282552498999999
1854,O,oc23,-0.55000001192092896,37.095746839,9.9091408189999992,4.5201744010000002
1855,O,oc23,-0.55000001192092896,20.204605584999999,8.7029695490000005,5.5393899739999997
1856,O,oc23,-0.55000001192092896,37.306590739000001,4.5428455339999996,-2.5767907210000001
1857,O,oc23,-0.55000001192092896,33.791299942999999,3.6452619770000001,8.6112594229999999
1858,O,oc23,-0.55000001192092896,36.339861511000002,4.8421516249999996,13.066601956
1859,O,oc23,-0.55000001192092896,22.159560554999999,11.107226462,9.4767489139999999
1860,O,oc23,-0.55000001192092896,20.713963574000001,16.425913376,1.7380867470000001
1861,Si,sc4,1.1000000238418579,24.799647445000002,11.543010699,14.494756110000001
1862,Si,sc4,1.1000000238418579,35.340823387999997,18.820900870999999,5.8865921910000001
1863,Si,sc4,1.1000000238418579,36.368109912999998,19.106736787999999,15.260684151
1864,Si,sc4,1.1000000238418579,27.225682157000001,7.7676313239999999,-2.466759245
1865,Si,sc4,1.1000000238418579,34.067922856999999,1.530862816,3.6266054749999999
1866,Si,sc4,1.1000000238418579,27.416306525,19.175967530000001,9.2693952999999993
1867,Si,sc4,1.1000000238418579,26.91790705,1.4722010409999999,9.3915993879999995
1868,O,oc23,-0.55000001192092896,25.206077620999999,18.204381904000002,11.98016329
1869,O,oc23,-0.55000001192092896,31.507749596,2.6903183849999999,9.7258961540000008
1870,O,oc23,-0.55000001192092896,35.661436911999999,4.0369293290000003,6.8829220490000003
1871,O,oc23,-0.55000001192092896,33.084584333000002,19.489340998999999,1.608597678
1872,O,oc23,-0.55000001192092896,25.936478825999998,4.1958323679999996,11.379613386000001
1873,O,oc23,-0.55000001192092896,25.886346614000001,1.7758437949999999,10.511193474000001
1874,O,oc23,-0.55000001192092896,37.962409565000002,8.2257967910000005,14.089206934
1875,O,oc23,-0.55000001192092896,25.879134812,3.705248713,5.93634313
1876,O,oc23,-0.55000001192092896,25.908828918000001,6.7368104740000003,-2.8893618609999998
1877,O,oc23,-0.55000001192092896,20.629443384000002,19.992633310999999,-0.027657839
1878,O,oc23,-0.55000001192092896,40.096921141000003,8.0747783000000002,15.326089413
1879,O,oc23,-0.55000001192092896,19.761298414999999,9.837494371,13.511198159999999
1880,O,oc23,-0.55000001192092896,29.091689754000001,12.994777646999999,11.171174666000001
1881,O,oc23,-0.55000001192092896,31.252002746999999,16.475978622,-3.6319632140000002
1882,O,oc23,-0.55000001192092896,33.384595533000002,7.2881197200000001,-2.558461452
1883,O,oc24,-0.67500001192092896,28.570009077000002,10.866875957,-1.5172355289999999
1884,Si,sc4,1.1000000238418579,36.700623084,1.305714888,15.848010188
1885,Si,sc4,1.1000000238418579,33.063737091999997,5.8167590560000004,13.251458619999999
1886,Si,sc4,1.1000000238418579,22.160539671999999,3.6048338740000001,1.308429547
1887,Si,sc4,1.1000000238418579,28.900382023999999,5.8030285660000001,-0.82237285500000001
1888,Si,sc4,1.1000000238418579,26.842164565000001,3.3268600369999999,4.7365662009999996
1889,Si,sc4,1.1000000238418579,31.144447051,5.2352334799999998,7.1118985759999997
1890,Si,sc4,1.1000000238418579,35.130245985000002,11.614774430000001,-2.1905784439999998
1891,Si,sc4,1.1000000238418579,24.873547254000002,5.4304327370000003,-2.387647834
1892,O,oc23,-0.55000001192092896,34.551523752999998,19.130239407000001,11.943832727
1893,O,oc23,-0.55000001192092896,25.208329363000001,10.182541219999999,13.842780706999999
1894,O,oc23,-0.55000001192092896,21.937349040000001,15.190035722999999,-3.1250885859999999
1895,O,oc23,-0.55000001192092896,27.056285070000001,10.403406975999999,6.4890183009999998
1896,O,oc23,-0.55000001192092896,37.536443359000003,3.4818741800000002,8.390643699
1897,O,oc23,-0.55000001192092896,30.599763400000001,18.725832739000001,-2.2069209769999998
1898,O,oc23,-0.55000001192092896,38.233030356,1.2238628149999999,9.1813659179999991
1899,O,oc23,-0.55000001192092896,31.075366726999999,19.738573623000001,4.5398031589999999
1900,O,oc23,-0.55000001192092896,23.075723781000001,16.680950776,15.661080291999999
1901,O,oc23,-0.55000001192092896,39.189029783000002,10.805098126000001,-1.5950597520000001
1902,O,oc23,-0.55000001192092896,33.446434570999998,8.5391479369999992,3.599403487
1903,O,oc24,-0.67500001192092896,21.481624650000001,7.6811130439999999,-3.4933733920000001
1904,O,oc23,-0.55000001192092896,26.856705183999999,9.9055523549999993,1.010941139
1905,O,oc23,-0.55000001192092896,30.707829605000001,1.1458002570000001,2.351173712
1906,O,oc23,-0.55000001192092896,30.366422509,1.5834495689999999,4.9154544830000004
1907,O,oc23,-0.55000001192092896,31.565128282,4.1283836300000001,1.3064854560000001
1908,Si,sc4,1.1000000238418579,32.368024882999997,11.419271587000001,12.712903025999999
1909,Si,sc4,1.1000000238418579,32.663667122,5.3731374609999998,16.128556843999998
1910,Si,sc4,1.1000000238418579,25.606391272,3.382152628,7.4693427520000002
1911,Si,sc4,1.1000000238418579,27.617985675,14.065231949999999,4.7461306800000003
1912,Si,sc4,1.1000000238418579,32.708698761999997,17.898603699999999,1.6417987469999999
1913,Si,sc4,1.1000000238418579,37.764467445999998,10.400187268,3.2308708679999998
1914,Si,sc4,1.1000000238418579,29.141697656000002,7.3470566159999997,6.5928906400000002
1915,Si,sc4,1.1000000238418579,31.777766093,7.4397987390000004,-2.7880402000000002
1916,O,oc23,-0.55000001192092896,25.217161736000001,20.202381074000002,3.782888802
1917,O,oc23,-0.55000001192092896,24.602171459000001,16.529329665999999,9.0156191250000006
1918,O,oc23,-0.55000001192092896,31.265388099999999,13.3685744,10.114411513
1919,O,oc23,-0.55000001192092896,27.704028097999998,12.52605866,5.074540464
1920,O,oc23,-0.55000001192092896,30.099077293000001,3.6486815350000001,3.5432255380000002
1921,O,oc23,-0.55000001192092896,36.491842327999997,19.519956641,13.684341119999999
1922,O,oc23,-0.55000001192092896,37.900486393999998,7.610007854,4.6170780540000003
1923,O,oc23,-0.55000001192092896,37.864968824000002,1.1713842370000001,14.705177604999999
1924,O,oc23,-0.55000001192092896,30.113505107000002,5.9908184530000002,2.6039503229999998
1925,O,oc23,-0.55000001192092896,20.119126100999999,11.020865571,11.20000138
1926,O,oc23,-0.55000001192092896,25.452082381,4.7081676870000004,8.3637439919999998
1927,O,oc23,-0.55000001192092896,27.778836219999999,14.459080588000001,3.2032813930000001
1928,O,oc23,-0.55000001192092896,38.366293474000003,6.0902353480000002,15.419856139
1929,O,oc23,-0.55000001192092896,33.877976209000003,3.1590605790000001,3.4650294189999999
1930,O,oc23,-0.55000001192092896,27.689099097,1.282499557,12.120306031
1931,O,oc23,-0.55000001192092896,25.539841120999998,8.4438375259999994,6.7729324479999997
1932,Si,sc4,1.1000000238418579,25.077541825000001,19.569135857999999,12.806145509
1933,Si,sc4,1.1000000238418579,29.523790866999999,8.9391543559999995,11.337327062
1934,Si,sc4,1.1000000238418579,33.946766588000003,2.0286924389999998,12.316047522
1935,Si,sc4,1.1000000238418579,28.320686506000001,13.388508493,0.21520292499999999
1936,Si,sc4,1.1000000238418579,27.530682706,16.498493585999999,-4.2418088090000001
1937,Si,sc4,1.1000000238418579,36.063781812999999,15.789838375,-1.7606612399999999
1938,Si,sc4,1.1000000238418579,38.586862099999998,7.6486590520000002,15.410097342
1939,Si,sc4,1.1000000238418579,36.334218604,12.79172748,1.9784917289999999
1940,O,oc23,-0.55000001192092896,21.318237984,0.107499767,10.049422411
1941,O,oc24,-0.67500001192092896,32.254923878,11.628743516,-4.4256514100000004
1942,O,oc24,-0.67500001192092896,30.069086227,18.876459493999999,15.760430268
1943,O,oc23,-0.55000001192092896,25.098022667999999,12.942232436999999,-2.4435014979999998
1944,O,oc23,-0.55000001192092896,33.377079651000003,12.608303592,13.154332673000001
1945,O,oc23,-0.55000001192092896,28.718595789999998,8.4640308300000004,12.709506374
1946,O,oc23,-0.55000001192092896,24.503013233000001,9.2174059150000005,-0.166541789
1947,O,oc23,-0.55000001192092896,30.639520520000001,4.9127115659999996,8.6072527179999998
1948,O,oc23,-0.55000001192092896,28.704131358000001,6.7696687019999997,14.790336416000001
1949,O,oc23,-0.55000001192092896,38.236898758000002,15.494041138,15.702200673
1950,O,oc23,-0.55000001192092896,35.876052297999998,12.852753355999999,13.640552333
1951,O,oc23,-0.55000001192092896,23.326158862,5.8068159660000003,-2.1060713199999999
1952,O,oc23,-0.55000001192092896,30.944717101999998,13.749259443,-3.484231657
1953,O,oc23,-0.55000001192092896,26.011940135,10.92967511,-1.23609462
1954,O,oc23,-0.55000001192092896,27.660150087000002,9.1969036479999993,-3.3447964809999999
1955,O,oc23,-0.55000001192092896,24.374317700999999,5.5101800750000001,3.2024277539999999
1956,Si,sc4,1.1000000238418579,25.821664069000001,12.506122834999999,-1.1083589279999999
1957,Si,sc4,0.72500002384185791,29.980817772000002,11.599935443,15.653768727999999
1958,Si,sc4,1.1000000238418579,22.943097492,9.3923453749999997,2.7221381739999999
1959,Si,sc4,1.1000000238418579,25.101601244000001,11.241188206,3.654326932
1960,Si,sc4,1.1000000238418579,22.154128113999999,12.791317156,13.839465583000001
1961,Si,sc4,1.1000000238418579,22.799507559999999,7.5876092289999999,13.265799522
1962,Si,sc4,1.1000000238418579,27.502745067999999,12.718369726000001,13.878859488
1963,Si,sc4,1.1000000238418579,33.683843394,16.888801526999998,7.3933801990000001
1964,O,oc23,-0.55000001192092896,33.877921499000003,9.7800967819999993,15.348504908000001
1965,O,oc23,-0.55000001192092896,28.249774824999999,1.9871436929999999,9.9366355469999998
1966,O,oc23,-0.55000001192092896,27.729804562999998,12.430277654999999,1.3470233089999999
1967,O,oc23,-0.55000001192092896,23.616296390999999,12.179811608,13.600044358
1968,O,oc23,-0.55000001192092896,30.223056589999999,10.162573591999999,4.7656343659999996
1969,O,oc23,-0.55000001192092896,26.695608278000002,8.1475603870000004,14.295619889999999
1970,O,oc23,-0.55000001192092896,38.447571727000003,17.069909869,10.878558743999999
1971,O,oc23,-0.55000001192092896,39.509867946,5.2327081379999996,8.5210074030000005
1972,O,oc23,-0.55000001192092896,27.702297625,4.800545037,-0.72794542600000001
1973,O,oc23,-0.55000001192092896,27.253119301000002,13.190973027,-0.93865639899999997
1974,O,oc23,-0.55000001192092896,35.069373374999998,0.941338075,12.709769238
1975,O,oc23,-0.55000001192092896,38.983464484999999,1.3659052,3.937196079
1976,O,oc23,-0.55000001192092896,31.198744462000001,17.644363485,2.1578475689999999
1977,O,oc23,-0.55000001192092896,30.246238134999999,19.156707110999999,11.662375716
1978,O,oc23,-0.55000001192092896,29.952235637000001,10.1299736,15.117019386000001
1979,O,oc23,-0.55000001192092896,31.175616844,9.0757452060000006,11.627427408000001
1980,Si,sc4,1.1000000238418579,28.149346868999999,11.789556078,11.113544841
1981,Si,sc4,1.1000000238418579,33.326547363000003,10.102663145999999,3.076482312
1982,Si,sc4,1.1000000238418579,27.828195523000002,7.357200959,13.586079977000001
1983,Si,sc4,1.1000000238418579,29.547901546999999,0.422704941,-4.0086211819999997
1984,Si,sc4,1.1000000238418579,30.181534110000001,6.3840374110000004,14.702246811
1985,Si,sc4,1.1000000238418579,32.600011381000002,13.630409287999999,9.2776903050000001
1986,Si,sc4,1.1000000238418579,32.634327788,8.3133297719999995,11.933037968000001
1987,Si,sc4,1.1000000238418579,26.278146340999999,17.16209186,11.437658370999999
1988,O,oc23,-0.55000001192092896,31.714214106,14.203692736000001,5.15740205
1989,O,oc23,-0.55000001192092896,29.903715395999999,13.031462045,-0.16751891999999999
1990,O,oc23,-0.55000001192092896,23.615220018999999,1.5815906790000001,4.2531649749999998
1991,O,oc23,-0.55000001192092896,24.096011947000001,16.902192607,-2.929495959
1992,O,oc23,-0.55000001192092896,21.239448592999999,16.882620912,4.2696974059999997
1993,O,oc23,-0.55000001192092896,21.760703335999999,9.8386098139999998,3.680545811
1994,O,oc23,-0.55000001192092896,38.725755880999998,13.230279034,-1.0818852290000001
1995,O,oc23,-0.55000001192092896,32.113227043999999,5.0128326899999998,3.7603216310000001
1996,O,oc23,-0.55000001192092896,33.169099265,7.6112794130000001,10.618023088999999
1997,O,oc23,-0.55000001192092896,24.728440732999999,1.075009844,1.983271024
1998,O,oc23,-0.55000001192092896,26.963722703999998,17.820067050999999,10.092430200000001
1999,O,oc23,-0.55000001192092896,38.477493144999997,15.794234948,3.0229060080000001
2000,O,oc23,-0.55000001192092896,23.247494691,17.173425321,2.3218133160000001
2001,O,oc23,-0.55000001192092896,29.253339991000001,11.434848240999999,6.7824378000000003
2002,O,oc24,-0.67500001192092896,33.209932875,1.2371524700000001,15.985849094000001
2003,O,oc23,-0.55000001192092896,31.071508535,5.6814295359999996,15.882360733000001
2004,Si,sc4,1.1000000238418579,30.108720497,19.446050976999999,10.160133833
2005,Si,sc4,1.1000000238418579,30.278452007999999,15.734041697,13.654245142000001
2006,Si,sc4,1.1000000238418579,25.080928321999998,18.181524545999999,-3.2136607659999998
2007,Si,sc4,1.1000000238418579,34.430827915000002,13.177422597,14.219191694999999
2008,Si,sc4,1.1000000238418579,21.023357907000001,0.70774825200000002,-3.146735708
2009,Si,sc4,1.1000000238418579,20.196758792000001,6.5370458749999996,2.7085714310000002
2010,Si,sc4,1.1000000238418579,30.510658803999998,13.402471857,11.537643511000001
2011,Si,sc4,1.1000000238418579,29.647364397,7.2214692429999996,1.743639226
2012,O,oc23,-0.55000001192092896,24.844503862,4.1114894550000001,-3.3644819720000001
2013,O,oc23,-0.55000001192092896,30.417155179000002,14.872222961,12.267349464
2014,O,oc24,-0.67500001192092896,22.550569878000001,0.27337334499999999,-3.4230168500000002
2015,O,oc23,-0.55000001192092896,22.044061846000002,8.8786875779999992,13.702357393
2016,O,oc23,-0.55000001192092896,26.571733719000001,2.2593633,8.0481777210000001
2017,O,oc23,-0.55000001192092896,20.009772632000001,14.602499367,4.3313295180000004
2018,O,oc23,-0.55000001192092896,30.802912811999999,7.7696032940000004,14.217056222
2019,O,oc23,-0.55000001192092896,24.386903793999998,0.061618451999999997,11.971429265999999
2020,O,oc23,-0.55000001192092896,31.042358476,12.219095187000001,12.449539093
2021,O,oc23,-0.55000001192092896,28.331584298999999,7.0837158469999997,5.2196074729999999
2022,O,oc23,-0.55000001192092896,35.750044420000002,15.125635505,-3.1877007279999998
2023,O,oc23,-0.55000001192092896,32.689724964,0.76634471199999998,4.0992518919999998
2024,O,oc23,-0.55000001192092896,23.964313956000002,19.088551166999999,-3.9072662920000001
2025,O,oc23,-0.55000001192092896,26.456584647,2.916714609,0.314067765
2026,O,oc23,-0.55000001192092896,26.463550948000002,0.510879003,-0.84848443799999995
2027,O,oc23,-0.55000001192092896,22.771863150000001,13.670720852000001,-1.2959911230000001
2028,Si,sc4,1.1000000238418579,25.341041023999999,2.5788246309999998,-3.6572815329999999
2029,Si,sc4,1.1000000238418579,28.321257697,2.8698879179999999,-3.026450192
2030,Si,sc4,1.1000000238418579,31.352478007999999,13.862650887999999,3.6314650450000001
2031,Si,sc4,1.1000000238418579,30.980283169,4.6837683639999996,2.735158669
2032,Si,sc4,1.1000000238418579,31.116230760000001,3.6462640240000002,-0.18855124000000001
2033,Si,sc4,1.1000000238418579,31.16710561,9.2231270470000002,14.739930987999999
2034,Si,sc4,1.1000000238418579,31.868568505999999,15.084493239,-3.1237189910000001
2035,O,oc23,-0.55000001192092896,30.277533254000002,4.892640632,-0.89806968799999998
2036,O,oc23,-0.55000001192092896,32.237521481999998,15.203033158,-1.539101023
2037,O,oc23,-0.55000001192092896,33.498617469999999,15.662859389999999,6.3990357680000001
2038,O,oc23,-0.55000001192092896,24.180794820999999,15.281256512000001,3.6997780599999999
2039,O,oc23,-0.55000001192092896,29.677069571000001,-0.095155201999999994,-2.5296852689999998
2040,O,oc23,-0.55000001192092896,32.240271305999997,4.5025514739999997,12.969088327
2041,O,oc23,-0.55000001192092896,28.809396022000001,15.674209425999999,14.425719238999999
2042,O,oc24,-0.67500001192092896,30.944032617000001,4.2151136530000004,-4.9197531510000001
2043,O,oc23,-0.55000001192092896,36.016104566999999,6.6593439190000003,-2.3267279580000002
2044,O,oc23,-0.55000001192092896,24.796424448,1.3454845479999999,-2.6787267699999999
2045,O,oc23,-0.55000001192092896,31.065429059,8.1621419799999995,-1.5141978439999999
2046,O,oc24,-0.67500001192092896,23.485233121,15.626115784,-5.208300081
2047,O,oc23,-0.55000001192092896,32.337938139999999,17.087446839999998,8.1457687980000006
2048,O,oc23,-0.55000001192092896,31.640280124,15.531743895,14.495875694
2049,O,oc23,-0.55000001192092896,27.197856235,12.319096029000001,9.9368773150000003
2050,Si,sc4,1.1000000238418579,25.015709089000001,18.947784489,4.7346530019999999
2051,Si,sc4,1.1000000238418579,20.540861901,12.96601396,1.285722029
2052,Si,sc4,1.1000000238418579,30.845466031000001,17.467792433,7.9650049159999998
2053,Si,sc4,1.1000000238418579,27.342458125,1.7041621849999999,-0.25522513800000002
2054,Si,sc4,1.1000000238418579,34.599035016999999,15.718986782,9.8733309590000005
2055,Si,sc4,1.1000000238418579,30.231700496999999,18.597031215000001,5.2944924929999999
2056,Si,sc4,1.1000000238418579,27.910860722999999,7.1777840910000004,9.3586951060000008
2057,Si,sc4,1.1000000238418579,25.022301895999998,1.0823474390000001,3.5719384870000002
2058,O,oc23,-0.55000001192092896,32.614867685999997,4.7378070179999998,10.341687432000001
2059,O,oc23,-0.55000001192092896,30.892929744,8.0481006530000005,1.1585363769999999
2060,O,oc23,-0.55000001192092896,27.574761262999999,5.7763996390000001,10.105878038
2061,O,oc23,-0.55000001192092896,26.947033619999999,12.634403419,7.4467905339999998
2062,O,oc23,-0.55000001192092896,35.262113370999998,1.2953977759999999,4.6830951880000002
2063,O,oc23,-0.55000001192092896,30.05555859,20.481052227999999,-0.096305357999999994
2064,O,oc23,-0.55000001192092896,33.688444195000002,12.468429292,9.4953519649999993
2065,O,oc23,-0.55000001192092896,29.10815277,10.538505504,2.4198674969999998
2066,O,oc23,-0.55000001192092896,34.487424167999997,1.8810195359999999,6.9396350340000001
2067,O,oc23,-0.55000001192092896,35.564256753999999,20.174606542999999,0.75710725000000001
2068,O,oc23,-0.55000001192092896,24.322682858,7.8911791029999998,13.182031638
2069,O,oc23,-0.55000001192092896,39.254357894999998,3.2288194570000002,-3.3807629260000001
2070,O,oc23,-0.55000001192092896,37.06203352,11.82399682,2.9993404469999998
2071,O,oc23,-0.55000001192092896,27.225918757999999,16.760756096000001,12.658591311
2072,O,oc23,-0.55000001192092896,37.801423532999998,12.694080176,15.25052004
2073,O,oc23,-0.55000001192092896,20.881974463999999,4.5915950939999997,-1.950741037
2074,O,oc24,-0.67500001192092896,39.412276810000002,13.686738896,17.135658134
2075,Si,sc4,1.1000000238418579,40.425948308000002,3.2169621410000002,11.832206246
2076,O,oc23,-0.55000001192092896,25.193371006,18.163038965999998,16.207720655999999
2077,O,oc23,-0.55000001192092896,25.864255779000001,15.846000837,14.901997771
2078,O,oc24,-0.67500001192092896,34.272451820000001,18.231596356000001,18.034705743
2079,O,oc24,-0.89999997615814209,35.275685215999999,1.009253942,-4.8600822670000001
2080,O,oc24,-0.67500001192092896,33.329960694999997,11.079225082000001,17.658422544
2081,O,oc23,-0.55000001192092896,27.356963449999999,12.079508319,-3.5506849649999999
2082,O,oc24,-0.67500001192092896,30.246389092000001,18.493469997999998,-4.8503773450000001
2083,H,hoy,0.40000000596046448,25.322655261000001,8.1612036939999992,16.218707579
2084,H,hoy,0.40000000596046448,35.712040631999997,14.205014725,-5.6077483419999998
2085,O,oc24,-0.67500001192092896,37.194067988,3.6500255949999998,-5.0315938339999997
2086,H,hoy,0.40000000596046448,22.665665173000001,12.564501104,15.898438235
2087,O,oc24,-0.67500001192092896,39.750217716999998,10.388293730999999,-4.1292401390000002
2088,H,hoy,0.40000000596046448,35.409908031999997,5.2962580270000004,-4.5242397240000001
2089,O,oc24,-0.67500001192092896,36.789648456000002,10.007567818,-5.4479962889999998
2090,O,oc23,-0.55000001192092896,35.352635243999998,8.1876469289999996,-4.1548138459999997
2091,H,hoy,0.40000000596046448,24.160771951000001,10.292498113000001,16.099703723000001
2092,O,oc23,-0.55000001192092896,21.463507429,20.139777975000001,-4.3964366210000003
2093,O,oc24,-0.67500001192092896,29.296636742,6.2392619270000003,-5.0370912140000002
2094,H,hoy,0.40000000596046448,39.173808117,6.8019772920000001,-3.5211487250000002
2095,H,hoy,0.40000000596046448,21.011488476,8.3328860880000004,-4.0001204680000004
2096,O,oc24,-0.67500001192092896,33.235101110999999,6.2231533639999999,17.405806405
2097,O,oc23,-0.55000001192092896,27.201072836000002,14.900827937000001,-3.9283716879999999
2098,O,oc24,-0.67500001192092896,28.098683231999999,16.570204687,-5.7843427270000003
2099,O,oc24,-0.67500001192092896,37.878597245000002,8.3661746810000004,16.693170234
2100,H,hoy,0.40000000596046448,32.113240460999997,12.015607923999999,-5.2715680520000001
2101,H,hoy,0.40000000596046448,30.372970876,18.029570848999999,16.034050448999999
2102,O,oc24,-0.89999997615814209,29.537909447000001,11.510481066000001,17.2380958
2103,O,oc23,-0.55000001192092896,31.664108172999999,11.797156064999999,15.59963052
2104,O,oc24,-0.67500001192092896,22.662667484,6.7937906010000004,14.665516864000001
2105,O,oc24,-0.67500001192092896,30.928251345,0.14711817799999999,-4.8397808949999996
2106,O,oc24,-0.67500001192092896,28.298568136,-0.30247646299999997,-4.7530300939999997
2107,O,oc24,-0.67500001192092896,20.202646725000001,0.68850486600000005,-4.5446973389999998
2108,H,hoy,0.40000000596046448,23.037347786000002,1.049182641,-3.6357829069999998
2109,O,oc24,-0.67500001192092896,31.856676627999999,8.8996989150000001,16.194837240999998
2110,H,hoy,0.40000000596046448,31.841927294000001,4.360162313,-4.6695414409999998
2111,H,hoy,0.40000000596046448,38.997982022000002,14.286819066,17.72818741
2112,H,hoy,0.40000000596046448,34.678141492999998,19.069376679000001,18.161998230999998
2113,Na,na+,1,33.236293175999997,0.59396994000000003,-4.5997189909999996
2114,H,hoy,0.40000000596046448,34.064857771,11.603478493000001,17.927835718000001
2115,H,hoy,0.40000000596046448,30.086862677999999,19.435730391,-4.7315870479999997
2116,H,hoy,0.40000000596046448,36.808251886000001,2.8417588779999998,-5.3330025320000001
2117,H,hoy,0.40000000596046448,36.070409656999999,9.8712993210000004,-6.03943984
2118,H,hoy,0.40000000596046448,29.733778463,6.178391467,-5.8643468890000001
2119,H,hoy,0.40000000596046448,34.078940725000002,5.8743764609999998,17.627484669000001
2120,H,hoy,0.40000000596046448,28.498263044000002,15.732889134000001,-5.9674570740000004
2121,Na,na+,1,30.722302151000001,9.9633195590000003,17.978920170999999
2122,H,hoy,0.40000000596046448,21.744120872,6.7734472879999998,14.896217968
2123,H,hoy,0.40000000596046448,32.762244279999997,8.6722102470000006,16.020265834
2124,Si,sc4,1.1000000238418579,24.789596290999999,16.632701561000001,15.971071118999999
2125,O,oc24,-0.67500001192092896,25.000243886,15.857314073,17.390395957999999
2126,H,hoy,0.40000000596046448,25.414722939000001,15.033260771,17.197627608000001
2127,Si,sc4,1.1000000238418579,27.032171076000001,13.36826464,-4.5653004770000001
2128,O,oc24,-0.67500001192092896,27.834849674000001,13.244392627,-5.98502081
2129,H,hoy,0.40000000596046448,27.247626799999999,12.822461961,-6.5877472360000002
2130,O,oc23,-0.55000001192092896,25.498792419000001,13.108040851,-4.8174851360000002
2131,Si,sc4,1.1000000238418579,29.778162570999999,1.8283787419999999,14.825570832
2132,O,oc24,-0.67500001192092896,29.613378990000001,2.836670588,16.086132814999999
2133,H,hoy,0.40000000596046448,28.703382693999998,2.8827715239999998,16.312797108000002
2134,O,oc24,-0.67500001192092896,22.923741245999999,19.322629417999998,16.516710862
2135,H,hoy,0.40000000596046448,23.035452705000001,18.785958073,17.280081454000001
2136,O,oc23,-0.55000001192092896,39.479559754999997,2.4643751360000001,12.981664851
2137,O,oc23,-0.55000001192092896,40.214169345000002,4.8154348239999996,11.474686760000001
2138,O,oc23,-0.55000001192092896,22.600179128000001,4.4585147589999998,15.044173131999999
2139,O,oc23,-0.55000001192092896,40.904228113999999,5.8185837999999999,13.564270580000001
2140,Si,sc4,1.1000000238418579,40.568366308000002,6.2913388360000004,12.111301857000001
2141,O,oc23,-0.55000001192092896,39.415313544,7.4444613970000004,11.989188776000001
2142,Si,sc4,1.1000000238418579,39.411032783000003,1.5232831499999999,14.382542709999999
2143,Si,sc4,1.1000000238418579,24.126674047000002,4.4374163969999998,14.816492894
2144,O,oc24,-0.67500001192092896,24.797127128,5.6326394019999997,15.692571045999999
2145,H,hoy,0.40000000596046448,24.145026860000002,6.3199150130000001,15.645878833999999
2146,O,oc24,-0.67500001192092896,39.875540973,2.2010073640000001,15.78115607
2147,H,hoy,0.40000000596046448,39.887521264,1.5108273290000001,16.419619459
2148,H,hoy,0.40000000596046448,32.273085420000001,1.3225230729999999,15.918959902999999
2149,O,oc24,-0.67500001192092896,37.406602835999998,1.657003837,17.283144108999998
2150,H,hoy,0.40000000596046448,36.922754109000003,1.1912723590000001,17.941701618
2151,H,hoy,0.40000000596046448,38.239955801999997,3.28272231,16.236204979
2152,H,hoy,0.40000000596046448,27.644874896000001,-0.50294296800000005,-4.1094130880000002
2153,O,oc24,-0.67500001192092896,24.802209156,2.2356731160000001,-5.1483194699999997
2154,H,hoy,0.40000000596046448,24.920646434999998,3.0050357289999998,-5.6718698520000004
2155,H,hoy,0.40000000596046448,29.192013712000001,10.200212430000001,-1.2742756690000001
2156,O,oc24,-0.67500001192092896,24.539150253999999,10.826630948,-3.877927261
2157,H,hoy,0.40000000596046448,25.131871188000002,10.521695449999999,-3.2163311050000001
2158,H,hoy,0.40000000596046448,31.971448207000002,9.2118420640000007,-3.9685856390000001
2159,H,hoy,0.40000000596046448,22.815456365999999,15.10041974,-5.6026753940000003
2160,H,hoy,0.40000000596046448,39.024368596000002,10.488664309000001,-4.7297411299999998
2161,H,hoy,0.40000000596046448,20.708903856999999,11.202888121000001,15.42546505
2162,H,hoy,0.40000000596046448,38.054949108999999,9.2844556619999992,16.651139331
2163,Si,sc4,1.1000000238418579,35.743984464999997,40.977512992999998,12.312214988999999
2164,Si,sc4,1.1000000238418579,34.477151395,27.80470068,10.108571055000001
2165,Si,sc4,1.1000000238418579,38.842080719000002,34.877812173000002,15.656536300000001
2166,Si,sc4,1.1000000238418579,37.318169005999998,35.325660141,10.222307783
2167,Si,sc4,1.1000000238418579,28.557260964000001,22.905052721000001,11.232009364
2168,Si,sc4,1.1000000238418579,37.950934748000002,22.885124642000001,7.8280384920000001
2169,Si,sc4,1.1000000238418579,20.516285946,20.202566115,11.332074796000001
2170,Si,sc4,0.72500002384185791,33.792662823000001,23.245027133000001,15.499450416
2171,O,oc23,-0.55000001192092896,28.977099169999999,40.366225038000003,8.9240523679999999
2172,O,oc23,-0.55000001192092896,34.452549472999998,26.608890115000001,4.2831357380000004
2173,O,oc23,-0.55000001192092896,32.626463743000002,33.065516471000002,0.41970217700000001
2174,O,oc23,-0.55000001192092896,28.302539951,23.822035663000001,5.4745335400000004
2175,O,oc23,-0.55000001192092896,36.698989754000003,38.768108492000003,6.1262027000000003
2176,O,oc23,-0.55000001192092896,22.153997998000001,39.612536603000002,14.219544146
2177,O,oc23,-0.55000001192092896,23.907135190999998,25.818492939999999,10.627655967000001
2178,O,oc23,-0.55000001192092896,28.812160924000001,28.853291726999998,2.9661183009999998
2179,O,oc23,-0.55000001192092896,38.205855956999997,38.451807326000001,8.1433526599999997
2180,O,oc23,-0.55000001192092896,36.593572254000001,35.069857515000002,2.4462083140000002
2181,O,oc23,-0.55000001192092896,29.396570119,22.523342126999999,-3.6337012180000001
2182,O,oc23,-0.55000001192092896,32.122986025000003,30.952861688999999,13.86640708
2183,O,oc24,-0.67500001192092896,34.033856862,23.210453629,-5.036546854
2184,O,oc23,-0.55000001192092896,39.268338987999996,23.106078945,6.825266805
2185,O,oc23,-0.55000001192092896,20.293400415000001,21.190298328000001,5.5883037590000004
2186,O,oc23,-0.55000001192092896,22.240031641000002,33.690468234999997,1.439307731
2187,Si,sc4,1.1000000238418579,27.640939361000001,28.440709897000001,3.9660122640000002
2188,Si,sc4,1.1000000238418579,33.513254860000004,25.306495877,4.5047881509999996
2189,Si,sc4,1.1000000238418579,35.035471842,27.936554451999999,-3.2530231629999999
2190,Si,sc4,1.1000000238418579,34.691010986000002,28.173941087999999,3.8188320149999999
2191,Si,sc4,1.1000000238418579,37.822737195999999,21.716452888999999,10.911055405999999
2192,Si,sc4,0.72500002384185791,37.751572973999998,27.102513664,-2.3213364900000002
2193,Si,sc4,1.1000000238418579,22.565675992999999,25.753064017,6.4303125220000004
2194,Si,sc4,1.1000000238418579,31.575514918,29.549305352000001,0.048723676
2195,O,oc23,-0.55000001192092896,33.424237149,23.260825597,13.912264781999999
2196,O,oc23,-0.55000001192092896,38.512232478000001,25.169167952999999,0.45073109
2197,O,oc23,-0.55000001192092896,30.065680643,37.976935320999999,4.3173194090000004
2198,O,oc23,-0.55000001192092896,38.478649441000002,25.234457331000002,13.236567027
2199,O,oc23,-0.55000001192092896,35.769678321000001,29.432632451,0.31272860699999999
2200,O,oc24,-0.67500001192092896,37.717499793000002,24.335237812999999,15.617141062
2201,O,oc23,-0.55000001192092896,40.227753946,22.954226447,10.410905601
2202,O,oc23,-0.55000001192092896,37.301757817999999,23.140380364999999,11.791139782
2203,O,oc23,-0.55000001192092896,23.022246293999999,24.532656678999999,5.4755214419999998
2204,O,oc23,-0.55000001192092896,30.95010319,31.063014991999999,0.051740940999999999
2205,O,oc23,-0.55000001192092896,30.220261473000001,23.163873663,0.69164070300000002
2206,O,oc23,-0.55000001192092896,33.166645756000001,29.517144283,0.035832136000000001
2207,O,oc23,-0.55000001192092896,28.825210562999999,22.681936802999999,-1.0292212869999999
2208,O,oc23,-0.55000001192092896,36.684821583000002,20.605204479000001,11.224404566
2209,O,oc23,-0.55000001192092896,20.172045699000002,37.708067145999998,9.3276191629999996
2210,Si,sc4,1.1000000238418579,37.59610713,33.861112761999998,5.7390037380000001
2211,Si,sc4,1.1000000238418579,21.585837781999999,28.689655878,-1.9538027609999999
2212,Si,sc4,1.1000000238418579,33.901054848999998,38.503275293999998,11.969842518
2213,Si,sc4,1.1000000238418579,34.810484780000003,32.368650782000003,5.4462390740000002
2214,Si,sc4,1.1000000238418579,21.018653454999999,32.677967604999999,10.22507412
2215,Si,sc4,1.1000000238418579,23.215015917999999,33.193454522000003,0.26226546099999998
2216,Si,sc4,0.72500002384185791,24.397360774999999,40.307469327,15.811856956
2217,Si,sc4,1.1000000238418579,31.347821628999998,22.018023513999999,10.726736502
2218,O,oc23,-0.55000001192092896,23.707302260999999,35.376189545999999,10.458970758
2219,O,oc23,-0.55000001192092896,34.520847435999997,31.511131258999999,-1.0313254629999999
2220,O,oc23,-0.55000001192092896,40.064273591000003,27.040019376,1.311116274
2221,O,oc23,-0.55000001192092896,22.963239211000001,36.897655831999998,7.5561799159999996
2222,O,oc23,-0.55000001192092896,37.503229447999999,27.491533901,1.163016686
2223,O,oc23,-0.55000001192092896,37.237010963000003,37.668376371999997,-1.7910131490000001
2224,O,oc23,-0.55000001192092896,25.291200536000002,39.979274724,-2.0984226189999999
2225,O,oc23,-0.55000001192092896,20.339258344000001,41.180513259000001,-2.0759221409999999
2226,O,oc23,-0.55000001192092896,21.002993135000001,25.800000666999999,6.5978872600000003
2227,O,oc23,-0.55000001192092896,34.737378767999999,37.417746194000003,8.4287081780000008
2228,O,oc23,-0.55000001192092896,20.146189728,21.128543826000001,2.2673258660000002
2229,O,oc23,-0.55000001192092896,34.807904225999998,26.237034469000001,10.226277392
2230,O,oc23,-0.55000001192092896,39.165857013,27.243231664,6.4353367649999997
2231,O,oc23,-0.55000001192092896,28.226663319,35.167179730000001,8.4192347850000004
2232,O,oc23,-0.55000001192092896,26.245378499000001,22.560972484000001,4.2007820320000002
2233,O,oc23,-0.55000001192092896,30.446008535000001,25.031088351000001,11.432587785999999
2234,Si,sc4,1.1000000238418579,33.693309839000001,39.041170909999998,16.228173053999999
2235,Si,sc4,1.1000000238418579,36.509090624000002,29.997544745999999,10.605427554
2236,Si,sc4,1.1000000238418579,20.626284354999999,39.748968582000003,-1.4682051540000001
2237,Si,sc4,1.1000000238418579,34.942714825000003,29.986547822999999,14.260317424
2238,Si,sc4,1.1000000238418579,34.028891874999999,24.848641104999999,10.205761361
2239,Si,sc4,1.1000000238418579,22.110788463999999,35.462455370000001,10.530413951
2240,Si,sc4,1.1000000238418579,34.187159608000002,23.578605142000001,-3.4533679880000001
2241,Si,sc4,1.1000000238418579,34.727657149000002,34.786615509000001,-3.8022016889999999
2242,O,oc23,-0.55000001192092896,34.580631695000001,33.630953968,-2.71475036
2243,O,oc23,-0.55000001192092896,29.084865197999999,28.571537807999999,10.238387244
2244,O,oc24,-0.67500001192092896,31.777302888000001,29.520814376000001,-3.7751174399999998
2245,O,oc23,-0.55000001192092896,20.024788665999999,25.280420159999998,14.904927942
2246,O,oc23,-0.55000001192092896,33.244350468,26.66758334,15.033976076
2247,O,oc23,-0.55000001192092896,19.952750472000002,34.965333227999999,14.667568430999999
2248,O,oc23,-0.55000001192092896,25.952254835000002,36.616987268999999,1.922346372
2249,O,oc23,-0.55000001192092896,36.333109106000002,31.072187314000001,14.282767541
2250,O,oc23,-0.55000001192092896,25.740983051000001,34.953174937999997,8.9166334139999996
2251,O,oc23,-0.55000001192092896,24.277930375,20.807768539000001,-0.36385295200000001
2252,O,oc23,-0.55000001192092896,28.475997227000001,39.526044769000002,5.6338252290000002
2253,O,oc23,-0.55000001192092896,21.513439683000001,20.634779231,12.443850866
2254,O,oc23,-0.55000001192092896,29.147824847999999,33.466339820999998,14.707869942
2255,O,oc23,-0.55000001192092896,30.285915397,38.083393219000001,13.000251621
2256,O,oc23,-0.55000001192092896,21.672305957999999,36.838006972000002,11.155817474999999
2257,O,oc23,-0.55000001192092896,34.545794141000002,31.546248829,4.0696540069999996
2258,Si,sc4,1.1000000238418579,30.191320602000001,37.455451773999997,2.8357979000000002
2259,Si,sc4,1.1000000238418579,33.274133685999999,32.080093708,16.097888888
2260,Si,sc4,1.1000000238418579,36.862871263999999,29.399239572999999,5.338113538
2261,Si,sc4,1.1000000238418579,27.878905810999999,31.624492814,2.1009511879999998
2262,Si,sc4,1.1000000238418579,28.373491495,31.351606393000001,-2.9227040930000001
2263,Si,sc4,1.1000000238418579,33.473965194999998,34.055523919000002,1.398379888
2264,Si,sc4,1.1000000238418579,34.477601657999998,30.379143692,0.16986633200000001
2265,Si,sc4,1.1000000238418579,27.594764734000002,36.210929481999997,2.0466850409999999
2266,O,oc23,-0.55000001192092896,32.327585190999997,23.516462561000001,-0.63672421000000001
2267,O,oc23,-0.55000001192092896,33.921023933999997,29.889411338999999,12.86114252
2268,O,oc23,-0.55000001192092896,22.874228266999999,31.692112705,-0.152132198
2269,O,oc23,-0.55000001192092896,28.142944055000001,35.448609216999998,0.75275591500000005
2270,O,oc23,-0.55000001192092896,22.038159695000001,34.429534433000001,7.282794515
2271,O,oc23,-0.55000001192092896,39.360508015000001,31.115463575,3.7113971380000002
2272,O,oc23,-0.55000001192092896,21.847361547999999,34.763441706999998,13.146240780999999
2273,O,oc23,-0.55000001192092896,38.389522012,37.862592329000002,13.561170386000001
2274,O,oc23,-0.55000001192092896,37.262274822999998,26.085411816000001,5.5197777500000003
2275,O,oc23,-0.55000001192092896,34.898371015999999,33.327897200999999,1.701469141
2276,O,oc23,-0.55000001192092896,37.713362152999999,33.855985162000003,9.8970291820000007
2277,O,oc23,-0.55000001192092896,37.252471565999997,35.258912940000002,4.9833102069999997
2278,O,oc23,-0.55000001192092896,36.653361037000003,35.355563167,-0.83505316399999996
2279,O,oc23,-0.55000001192092896,33.747630805,35.487402195000001,0.68956630900000004
2280,O,oc23,-0.55000001192092896,33.506263589,30.655491816000001,8.9703629889999998
2281,Si,sc4,1.1000000238418579,19.983492382000001,31.794355545999998,12.921644422
2282,Si,sc4,1.1000000238418579,22.779347153,33.574103749999999,6.2854367360000003
2283,Si,sc4,1.1000000238418579,20.724544872999999,35.782440653000002,13.463047878999999
2284,Si,sc4,1.1000000238418579,35.373795184999999,38.455515536,3.0041455720000001
2285,Si,sc4,1.1000000238418579,33.195357065000003,30.588721380999999,7.3881087120000002
2286,Si,sc4,1.1000000238418579,38.397353222,38.281462497,-0.82294037399999997
2287,Si,sc4,1.1000000238418579,19.991110340999999,26.665713787000001,7.441756206
2288,Si,sc4,1.1000000238418579,38.322925843,33.183071446,8.5970515489999997
2289,O,oc23,-0.55000001192092896,28.918259411000001,31.070032822999998,10.836721133999999
2290,O,oc23,-0.55000001192092896,36.390767553000003,32.750433080000001,5.6460023789999996
2291,O,oc23,-0.55000001192092896,25.889899012000001,25.842648009000001,1.347277225
2292,O,oc23,-0.55000001192092896,33.346999510000003,35.723161488000002,9.6807489810000007
2293,O,oc23,-0.55000001192092896,20.948166479000001,23.426668451000001,4.5052806670000001
2294,O,oc23,-0.55000001192092896,35.852030175000003,35.559342446000002,9.7397513539999991
2295,O,oc23,-0.55000001192092896,22.942502022999999,33.292454454999998,-3.4214371940000001
2296,O,oc23,-0.55000001192092896,33.305314543000001,35.487247961000001,-3.9178807349999998
2297,O,oc23,-0.55000001192092896,24.309269450999999,27.859110880999999,8.8191554130000007
2298,O,oc23,-0.55000001192092896,25.443973646,25.262461978000001,-1.146097827
2299,O,oc23,-0.55000001192092896,32.557030357000002,34.289192004,7.5833096639999997
2300,O,oc23,-0.55000001192092896,30.538701237000001,33.367025245999997,3.789763615
2301,O,oc23,-0.55000001192092896,38.065971996000002,34.079213000999999,7.2792757149999998
2302,O,oc23,-0.55000001192092896,32.375603261000002,38.646963358000001,11.604994301
2303,O,oc23,-0.55000001192092896,37.448610111999997,29.723487066000001,9.3772703029999995
2304,O,oc23,-0.55000001192092896,21.509045039,37.110854570999997,13.81089643
2305,Si,sc4,1.1000000238418579,27.359822628,36.567822538999998,13.990335194
2306,Si,sc4,1.1000000238418579,23.354718408,22.11342075,8.0400950580000003
2307,Si,sc4,1.1000000238418579,30.714961801000001,24.879917042999999,12.994132893
2308,Si,sc4,1.1000000238418579,35.593608713999998,21.776963975000001,6.0621690719999997
2309,Si,sc4,1.1000000238418579,38.887062769000003,37.648799685999997,9.3221417229999997
2310,Si,sc4,1.1000000238418579,31.052843032999998,39.226224135999999,12.261148861000001
2311,Si,sc4,1.1000000238418579,33.227427691000003,36.803774961999999,14.490989520999999
2312,Si,sc4,1.1000000238418579,30.239694893999999,38.189839141999997,-3.1972347189999999
2313,O,oc23,-0.55000001192092896,22.571589513999999,38.569593396999998,9.5436363100000001
2314,O,oc23,-0.55000001192092896,25.985932751,36.600923821000002,10.965619950000001
2315,O,oc23,-0.55000001192092896,36.949139858999999,22.447065313,6.6116298709999999
2316,O,oc23,-0.55000001192092896,28.922615926999999,27.458045206000001,0.762533766
2317,O,oc23,-0.55000001192092896,35.430995512999999,23.062331954000001,15.712472574
2318,O,oc23,-0.55000001192092896,26.698496751,27.507359313999999,3.1041279749999999
2319,O,oc23,-0.55000001192092896,39.504658439000004,26.540143838999999,3.8828533959999998
2320,O,oc23,-0.55000001192092896,19.698934306000002,36.188190032999998,12.325261942999999
2321,O,oc23,-0.55000001192092896,37.700854581999998,39.055017169999999,15.672899733
2322,O,oc23,-0.55000001192092896,32.628659106999997,26.414252201,7.4393539950000003
2323,O,oc23,-0.55000001192092896,32.038056545000003,31.431702111,2.8836792409999998
2324,O,oc23,-0.55000001192092896,21.679815073,33.327508420000001,5.1216648449999997
2325,O,oc23,-0.55000001192092896,33.189417313,37.602456924999998,15.854317998999999
2326,O,oc23,-0.55000001192092896,28.745946464999999,37.558942088999999,-3.026903313
2327,O,oc23,-0.55000001192092896,20.610445139999999,33.633538377000001,-2.205681824
2328,O,oc24,-0.89999997615814209,24.110097940999999,29.582813023,15.067667925
2329,Si,sc4,1.1000000238418579,22.101208026999998,34.138901154999999,-2.3520471110000001
2330,Si,sc4,1.1000000238418579,39.560929229999999,36.600940891,1.6182769100000001
2331,Si,sc4,1.1000000238418579,37.929192446000002,30.343540165,8.0424883939999994
2332,Si,sc4,1.1000000238418579,31.270913256,32.595022407000002,-0.35621834299999999
2333,Si,sc4,1.1000000238418579,31.128305048000001,32.676467271,-3.3699757840000002
2334,Si,sc4,1.1000000238418579,21.226580611999999,40.544064609000003,1.5596571619999999
2335,Si,sc4,1.1000000238418579,23.274950369999999,27.260561987999999,3.9918195299999999
2336,Si,sc4,1.1000000238418579,38.734246005999999,26.774470276999999,0.45140686299999999
2337,O,oc23,-0.55000001192092896,22.567264983000001,29.837713052000002,1.5829810849999999
2338,O,oc23,-0.55000001192092896,35.693250802000001,31.495313759999998,-3.475931391
2339,O,oc23,-0.55000001192092896,29.780788820000001,31.768678088000001,-3.6095249630000001
2340,O,oc23,-0.55000001192092896,28.327043276000001,21.75172134,14.597657947
2341,O,oc23,-0.55000001192092896,26.531137052999998,20.195630698999999,13.152401660000001
2342,O,oc23,-0.55000001192092896,35.797969703,23.752396682000001,-3.0926257939999999
2343,O,oc23,-0.55000001192092896,28.605693935000001,27.424219489999999,-1.8058866410000001
2344,O,oc23,-0.55000001192092896,22.252529461999998,37.616133550000001,-4.3661296490000003
2345,O,oc23,-0.55000001192092896,34.260860868999998,31.005710057000002,1.612316393
2346,O,oc23,-0.55000001192092896,37.689701036000002,20.325625222999999,2.4472003409999998
2347,O,oc24,-0.67500001192092896,35.237953269999998,34.173930486000003,-5.2247637879999997
2348,O,oc23,-0.55000001192092896,27.485480799000001,26.498611866000001,12.693746655
2349,O,oc23,-0.55000001192092896,37.002548240000003,26.513705176999999,8.1576916130000008
2350,O,oc23,-0.55000001192092896,31.648297489000001,32.424398867000001,-1.8951878959999999
2351,O,oc23,-0.55000001192092896,21.473883887,35.732373437,9.1362214749999993
2352,O,oc23,-0.55000001192092896,35.076937141999998,39.082768186999999,15.440314071
2353,Si,sc4,1.1000000238418579,37.146698923000002,36.043424792000003,3.5490864929999999
2354,Si,sc4,1.1000000238418579,20.139651434000001,40.886974438000003,6.8627149230000004
2355,Si,sc4,1.1000000238418579,31.184262269000001,24.843728762000001,10.048704451000001
2356,Si,sc4,1.1000000238418579,21.738729042999999,20.493583782000002,13.973424558
2357,Si,sc4,1.1000000238418579,33.362411788000003,36.505040587000003,-0.51034502800000003
2358,Si,sc4,1.1000000238418579,20.763233290999999,21.933162577000001,9.1553258369999995
2359,Si,sc4,1.1000000238418579,36.953516819000001,40.155727200999998,1.0875228640000001
2360,Si,sc4,1.1000000238418579,31.294443179999998,40.570679525000003,14.953687934
2361,O,oc23,-0.55000001192092896,37.087144983000002,29.621485262,6.8925440140000003
2362,O,oc23,-0.55000001192092896,25.697576864999998,22.311245530000001,14.075810584999999
2363,O,oc23,-0.55000001192092896,36.025863028000003,37.177034978999998,3.6953364369999999
2364,O,oc23,-0.55000001192092896,21.484680682,40.006690374999998,6.8952344769999998
2365,O,oc23,-0.55000001192092896,20.658639823000001,28.017786764,7.8292765429999998
2366,O,oc23,-0.55000001192092896,23.88996929,39.293245349000003,7.5466670630000001
2367,O,oc23,-0.55000001192092896,26.319633505999999,38.212918018000003,-3.9906222140000001
2368,O,oc23,-0.55000001192092896,28.665791950999999,37.394725817000001,2.2743118440000001
2369,O,oc23,-0.55000001192092896,38.955020394999998,37.677803451999999,5.5583454110000003
2370,O,oc23,-0.55000001192092896,24.817345607,33.248337976999998,0.32638459199999997
2371,O,oc23,-0.55000001192092896,35.276833414000002,40.924559084999999,6.4435911060000004
2372,O,oc23,-0.55000001192092896,36.373888891,38.888719359,1.851014449
2373,O,oc23,-0.55000001192092896,21.733936605,39.211484687999999,-2.5153632319999999
2374,O,oc23,-0.55000001192092896,33.170254049999997,29.069947769999999,6.798034103
2375,O,oc23,-0.55000001192092896,38.322350499999999,32.556555260000003,13.048409533999999
2376,O,oc23,-0.55000001192092896,20.253306673000001,38.092550860000003,15.606134248
2377,Si,sc4,0.72500002384185791,23.146080957999999,36.549604874000003,-3.6868669879999998
2378,Si,sc4,1.1000000238418579,25.181420064000001,29.150085993000001,8.3822984809999994
2379,Si,sc4,1.1000000238418579,37.236329185000002,24.491986154999999,-3.3933046199999999
2380,Si,sc4,1.1000000238418579,38.719395151999997,37.891808404999999,15.155039054
2381,Si,sc4,1.1000000238418579,24.464038994999999,24.732048314,11.734218552
2382,Si,sc4,1.1000000238418579,38.710576922999998,25.318223964000001,14.829160962
2383,Si,sc4,1.1000000238418579,19.726409690000001,22.577519550000002,5.1909429950000003
2384,Si,sc4,1.1000000238418579,24.321454150000001,21.894097017,10.894751616000001
2385,O,oc23,-0.55000001192092896,37.843214971000002,30.018175295999999,-3.0227412920000001
2386,O,oc24,-0.67500001192092896,22.221388780000002,34.122993880999999,15.569140379
2387,O,oc23,-0.55000001192092896,20.667695520999999,22.364686829,-3.252523466
2388,O,oc23,-0.55000001192092896,28.468211595,21.765948094999999,1.304869101
2389,O,oc23,-0.55000001192092896,36.727072772,32.873027096000001,-1.6665693660000001
2390,O,oc23,-0.55000001192092896,28.394813454000001,24.502774367000001,11.101699656999999
2391,O,oc23,-0.55000001192092896,32.700498854000003,40.191719327000001,15.671592871
2392,O,oc23,-0.55000001192092896,32.276265518999999,27.810317228999999,13.003791881
2393,O,oc23,-0.55000001192092896,34.264815669000001,35.564039518999998,14.488609536
2394,O,oc23,-0.55000001192092896,31.048603488000001,20.693173573999999,9.896189584
2395,O,oc23,-0.55000001192092896,39.880662632000003,32.895485526000002,8.9378867759999991
2396,O,oc23,-0.55000001192092896,39.174758599,20.954107391000001,11.607328012
2397,O,oc24,-0.67500001192092896,21.681421603,30.514927014000001,15.681732402
2398,O,oc23,-0.55000001192092896,22.622969033,20.575653079999999,1.610124747
2399,O,oc23,-0.55000001192092896,30.360131485,27.057139707000001,6.5322458970000001
2400,O,oc23,-0.55000001192092896,26.825275179999998,25.025584964,3.660756793
2401,Si,sc4,1.1000000238418579,23.063524814000001,40.222831921999997,6.6046528039999997
2402,Si,sc4,1.1000000238418579,26.244098685000001,30.130365811000001,-0.073218323000000002
2403,Si,sc4,1.1000000238418579,25.531446381999999,20.713412226999999,-1.3431965340000001
2404,Si,sc4,1.1000000238418579,20.584017425999999,29.509200048,7.2792836760000004
2405,Si,sc4,1.1000000238418579,23.207590618000001,30.165500713,0.193491833
2406,Si,sc4,1.1000000238418579,26.443597378,25.015991445000001,0.083824292999999994
2407,Si,sc4,1.1000000238418579,32.669790394000003,22.076806171000001,-1.402064459
2408,Si,sc4,1.1000000238418579,22.549450457999999,23.639994598000001,4.2039294749999998
2409,O,oc23,-0.55000001192092896,21.789893766999999,27.684112376000002,11.477840800999999
2410,O,oc23,-0.55000001192092896,37.58529077,30.023251434999999,2.110745943
2411,O,oc23,-0.55000001192092896,30.859149039999998,24.490219755999998,6.2881881699999997
2412,O,oc23,-0.55000001192092896,20.266383510000001,28.837247434999998,3.123883374
2413,O,oc23,-0.55000001192092896,22.803534776999999,22.830492646,0.51389530299999997
2414,O,oc23,-0.55000001192092896,34.242590249000003,33.191014369999998,15.548627272999999
2415,O,oc23,-0.55000001192092896,30.018469969000002,22.344889346999999,11.539973120999999
2416,O,oc23,-0.55000001192092896,38.454884471,22.720510143999999,1.5129835490000001
2417,O,oc23,-0.55000001192092896,26.882159379000001,39.552379447,7.7292779920000001
2418,O,oc23,-0.55000001192092896,38.706503288,27.311458153,-1.057829862
2419,O,oc23,-0.55000001192092896,31.395278826999999,40.315202450000001,13.376234083
2420,O,oc23,-0.55000001192092896,35.684607292999999,28.144120921999999,2.5862731860000001
2421,O,oc23,-0.55000001192092896,20.025979994,32.988562399000003,0.33622317099999999
2422,O,oc23,-0.55000001192092896,24.133465052999998,23.407942301999999,7.5995798270000003
2423,O,oc23,-0.55000001192092896,33.422856238999998,24.775529155000001,6.0459434569999999
2424,O,oc23,-0.55000001192092896,21.90154957,26.859777682000001,3.2048989269999999
2425,Si,sc4,1.1000000238418579,26.051358219000001,30.265573957000001,5.6990469709999996
2426,Si,sc4,1.1000000238418579,33.715282623,27.640847853,7.2629194520000002
2427,Si,sc4,1.1000000238418579,27.291925755000001,25.647648718999999,11.298502904999999
2428,Si,sc4,1.1000000238418579,38.037823396999997,28.659858894999999,12.570478053
2429,Si,sc4,1.1000000238418579,30.362301764000001,30.935405841000001,6.5061592340000001
2430,Si,sc4,1.1000000238418579,21.779988313,35.897342008999999,7.6516255529999997
2431,Si,sc4,1.1000000238418579,29.986062159999999,21.61195614,1.1301754390000001
2432,Si,sc4,1.1000000238418579,27.884592165000001,32.391583197000003,6.476239853
2433,O,oc23,-0.55000001192092896,26.650953255000001,28.831484590999999,-0.93609770199999998
2434,O,oc23,-0.55000001192092896,24.164748938999999,31.298119661000001,2.8717450169999998
2435,O,oc23,-0.55000001192092896,28.320410566,27.544844853000001,7.9146384730000001
2436,O,oc23,-0.55000001192092896,26.386445118000001,35.147466579000003,5.2632571910000001
2437,O,oc23,-0.55000001192092896,26.621975677999998,29.047146821999998,9.1336874750000003
2438,O,oc23,-0.55000001192092896,33.871548810999997,38.165474187999997,2.4389703169999999
2439,O,oc23,-0.55000001192092896,32.754517800999999,37.848935406999999,0.112213992
2440,O,oc23,-0.55000001192092896,24.948843836000002,33.692836522999997,3.7242159620000002
2441,O,oc23,-0.55000001192092896,37.539331496000003,35.912888641000002,11.710070998999999
2442,O,oc23,-0.55000001192092896,37.490492867,29.936072444000001,11.834296604
2443,O,oc23,-0.55000001192092896,36.840538997000003,27.686750502999999,12.354698018000001
2444,O,oc23,-0.55000001192092896,23.963946217,34.530083060000003,5.8818583489999998
2445,O,oc23,-0.55000001192092896,35.433812269999997,28.900687594000001,4.9934976390000001
2446,O,oc23,-0.55000001192092896,32.959594699,24.472135640000001,16.304119156999999
2447,O,oc23,-0.55000001192092896,21.913831352999999,22.500640019999999,8.3130946269999999
2448,O,oc23,-0.55000001192092896,31.172119536,39.078097335000002,8.9166901280000008
2449,Si,sc4,1.1000000238418579,36.665285797999999,28.816618733999999,1.5104959469999999
2450,Si,sc4,1.1000000238418579,27.054018478,34.097887522999997,8.7543168290000004
2451,Si,sc4,1.1000000238418579,24.405174763000002,22.082447645999999,15.012158034
2452,Si,sc4,1.1000000238418579,38.551409427000003,37.050578057999999,12.160836482000001
2453,Si,sc4,1.1000000238418579,37.359201464000002,24.829352371999999,12.163891626
2454,Si,sc4,1.1000000238418579,21.809645737,38.150900604999997,14.930090093
2455,Si,sc4,1.1000000238418579,35.740713094999997,27.079432047000001,13.243282090999999
2456,Si,sc4,1.1000000238418579,33.984718907999998,31.677122845,10.121517697
2457,O,oc23,-0.55000001192092896,32.955029516000003,31.556449703999998,11.363064032
2458,O,oc23,-0.55000001192092896,20.204458053,29.514056793999998,-1.863981892
2459,O,oc23,-0.55000001192092896,36.228411543,20.438638575999999,16.107725395999999
2460,O,oc23,-0.55000001192092896,26.478161085,20.408102092,9.1219945330000005
2461,O,oc23,-0.55000001192092896,23.820457750999999,23.288354556000002,11.45412563
2462,O,oc23,-0.55000001192092896,35.008260599000003,27.113758371999999,6.5198564210000001
2463,O,oc23,-0.55000001192092896,29.962011089000001,37.052382786000003,7.8141599240000001
2464,O,oc23,-0.55000001192092896,31.768313620000001,31.224429101999998,7.168696357
2465,O,oc23,-0.55000001192092896,34.360572636000001,26.757828512,12.698878370999999
2466,O,oc23,-0.55000001192092896,31.447755599000001,26.922536632,-3.2934999980000002
2467,O,oc23,-0.55000001192092896,38.328115496000002,36.174227907999999,9.3146324899999993
2468,O,oc23,-0.55000001192092896,24.348084476,40.031887892999997,14.214290632000001
2469,O,oc23,-0.55000001192092896,35.509724364,31.282472369000001,10.524629156
2470,O,oc23,-0.55000001192092896,32.608556682,21.881861807,11.739421122
2471,O,oc23,-0.55000001192092896,22.488262421999998,25.320890188,-0.060841650999999997
2472,O,oc23,-0.55000001192092896,35.605047302999999,28.705237243999999,10.742772877
2473,Si,sc4,1.1000000238418579,39.362582693999997,30.432699152000001,-2.6117217300000002
2474,Si,sc4,1.1000000238418579,37.406633493999998,33.960967682000003,-0.76092562100000005
2475,Si,sc4,1.1000000238418579,25.960872271,26.136652120000001,2.9208352930000001
2476,Si,sc4,1.1000000238418579,20.228457968000001,33.823598607999998,4.5257964169999996
2477,Si,sc4,1.1000000238418579,40.081476682999998,32.932291612,-1.100930425
2478,Si,sc4,1.1000000238418579,29.876273842,23.745932467999999,5.1467595780000002
2479,Si,sc4,1.1000000238418579,30.604226172000001,31.752990641,3.5670137400000002
2480,Si,sc4,1.1000000238418579,20.363827145999998,30.050427175999999,4.1462632309999998
2481,O,oc23,-0.55000001192092896,30.754619036000001,35.928570092000001,2.827118311
2482,O,oc23,-0.55000001192092896,20.118273949999999,33.381543819000001,2.9946731309999999
2483,O,oc23,-0.55000001192092896,29.688483228999999,29.534568825000001,6.9843748620000001
2484,O,oc23,-0.55000001192092896,38.759471541000003,37.124275429999997,0.28691655199999999
2485,O,oc23,-0.55000001192092896,27.603333661000001,23.861690506999999,-2.5911054259999999
2486,O,oc23,-0.55000001192092896,27.673818484000002,32.644408313,12.601781805
2487,O,oc23,-0.55000001192092896,26.420996510999998,33.239559880000002,14.729792632000001
2488,O,oc23,-0.55000001192092896,27.354786201,35.096884780000003,13.388636963
2489,O,oc23,-0.55000001192092896,22.026054629000001,30.177562930000001,7.5392887740000001
2490,O,oc24,-0.67500001192092896,34.847526176999999,26.646826083000001,-4.2316123430000001
2491,O,oc23,-0.55000001192092896,35.454989150999999,28.321222801000001,14.38849684
2492,O,oc23,-0.55000001192092896,34.093101257000001,21.926584719000001,2.013596035
2493,O,oc23,-0.55000001192092896,32.759265640000002,34.266883753000002,2.832207012
2494,O,oc23,-0.55000001192092896,20.076877781,35.298175372999999,1.232615426
2495,O,oc23,-0.55000001192092896,39.530912262000001,30.278825843,7.8976682370000004
2496,O,oc23,-0.55000001192092896,37.289497203000003,33.410253593,0.68049910400000002
2497,Si,sc4,1.1000000238418579,22.981356203000001,31.250873432999999,8.2605828609999996
2498,Si,sc4,1.1000000238418579,33.119133271000003,34.792082794999999,6.1356756460000001
2499,Si,sc4,1.1000000238418579,37.936615556,25.658979522999999,9.1275438960000006
2500,Si,sc4,1.1000000238418579,24.612106587,37.171741025999999,2.7738036840000002
2501,Si,sc4,1.1000000238418579,36.250251032000001,26.152591351000002,6.7719221149999997
2502,Si,sc4,1.1000000238418579,24.931956053,34.935622785,4.731742798
2503,Si,sc4,1.1000000238418579,20.901993867000002,29.532333489999999,14.647628221
2504,Si,sc4,1.1000000238418579,27.220480084999998,38.806502285000001,6.395059023
2505,O,oc23,-0.55000001192092896,26.677725044999999,29.576062229000001,4.4250791280000001
2506,O,oc23,-0.55000001192092896,30.910853787000001,39.119771964000002,6.3659451100000002
2507,O,oc23,-0.55000001192092896,21.113242176,32.510087958,13.858902998
2508,O,oc23,-0.55000001192092896,25.162695236000001,31.425566781000001,5.1127625630000004
2509,O,oc23,-0.55000001192092896,37.883409790999998,39.60212464,-0.082086040999999998
2510,O,oc23,-0.55000001192092896,33.803575870000003,37.940171540999998,13.466449541999999
2511,O,oc23,-0.55000001192092896,26.787935715,31.802243688000001,3.2605729509999999
2512,O,oc23,-0.55000001192092896,23.659547258,28.795339082999998,3.689719835
2513,O,oc23,-0.55000001192092896,24.333345381000001,30.478176197,8.7251554650000003
2514,O,oc23,-0.55000001192092896,34.705930449,36.976257066000002,-1.2472818450000001
2515,O,oc23,-0.55000001192092896,38.892164588,33.293397566000003,5.0224525169999996
2516,O,oc23,-0.55000001192092896,23.765213033999999,21.515034435,9.4542448320000005
2517,O,oc23,-0.55000001192092896,21.407184104999999,34.081291667000002,10.912935452999999
2518,O,oc23,-0.55000001192092896,24.661795226999999,25.027140817999999,13.351034276
2519,O,oc23,-0.55000001192092896,30.353713621000001,24.607120144,-2.4626581760000001
2520,O,oc23,-0.55000001192092896,33.403718085999998,21.032653282999998,-0.43047568899999999
2521,Si,sc4,0.72500002384185791,25.021382796000001,29.620777905000001,13.677870762
2522,Si,sc4,1.1000000238418579,24.194132647,26.251443892000001,9.0334101600000007
2523,Si,sc4,1.1000000238418579,24.441828904000001,32.782519501000003,-3.4781102480000001
2524,Si,sc4,1.1000000238418579,38.234392655999997,38.761491479,6.5572815000000002
2525,Si,sc4,1.1000000238418579,36.592096228000003,30.327386225000001,-4.02928073
2526,Si,sc4,1.1000000238418579,23.668524529999999,21.550158978999999,0.91628230799999999
2527,Si,sc4,1.1000000238418579,23.579508426,38.056964053000002,8.4197095940000004
2528,Si,sc4,1.1000000238418579,20.011353776,23.580403169,-2.4878987619999999
2529,O,oc23,-0.55000001192092896,39.685199654999998,38.748374515000002,-1.6521258640000001
2530,O,oc23,-0.55000001192092896,38.976363620999997,40.174461632000003,6.4467957069999997
2531,O,oc24,-0.67500001192092896,24.604212987,31.862689598999999,16.003190257
2532,O,oc23,-0.55000001192092896,24.831868372999999,20.909202334,15.988687709000001
2533,O,oc23,-0.55000001192092896,23.312183262000001,32.290576958999999,7.0792227050000003
2534,O,oc23,-0.55000001192092896,20.597932484000001,24.021058472,1.2304600960000001
2535,O,oc23,-0.55000001192092896,37.5762669,25.715171656999999,10.759664157
2536,O,oc23,-0.55000001192092896,28.840714575,35.54746935,5.8400672360000003
2537,O,oc23,-0.55000001192092896,21.407816874000002,27.157879477000002,-1.6036519250000001
2538,O,oc23,-0.55000001192092896,19.849208660999999,21.125306996999999,8.0829985190000002
2539,O,oc23,-0.55000001192092896,34.700937592000002,37.470432076999998,11.062543604
2540,O,oc23,-0.55000001192092896,34.409379891999997,23.813407228999999,11.430856202999999
2541,O,oc23,-0.55000001192092896,20.253014087,20.972376554,14.400116255
2542,O,oc23,-0.55000001192092896,31.369779024,21.326216353,-2.0432248660000001
2543,O,oc23,-0.55000001192092896,21.818831334999999,39.463027134999997,2.5496757209999998
2544,Si,sc4,1.1000000238418579,21.661781986000001,37.915808132000002,2.7979289289999998
2545,Si,sc4,1.1000000238418579,30.783194930000001,40.802354338000001,-1.5465011909999999
2546,Si,sc4,1.1000000238418579,25.05125202,36.021148394999997,9.8580474480000007
2547,Si,sc4,1.1000000238418579,38.474335938000003,26.978324421,5.061821857
2548,Si,sc4,1.1000000238418579,22.234974659999999,39.138272649999998,-4.0756496340000004
2549,Si,sc4,1.1000000238418579,31.564369425999999,25.29381601,-3.3902223029999998
2550,Si,sc4,1.1000000238418579,27.069051698999999,21.647433726999999,13.553960501000001
2551,Si,sc4,1.1000000238418579,38.721400985999999,21.603995515000001,2.6393640390000002
2552,O,oc23,-0.55000001192092896,22.759504349,29.22569313,-1.013577862
2553,O,oc23,-0.55000001192092896,24.196557507000001,23.551288501999998,15.561346527
2554,O,oc23,-0.55000001192092896,30.306908572000001,23.390073058999999,13.61593607
2555,O,oc23,-0.55000001192092896,22.717465848,24.356266391999998,2.686253046
2556,O,oc23,-0.55000001192092896,27.534925691000002,37.326985311999998,6.9479913690000004
2557,O,oc23,-0.55000001192092896,22.992133598999999,21.604190963000001,14.253168643
2558,O,oc23,-0.55000001192092896,19.579933559000001,23.151834527999998,-0.990068952
2559,O,oc23,-0.55000001192092896,23.384482212000002,21.009105677000001,6.9195468819999997
2560,O,oc24,-0.89999997615814209,38.468967272,27.353221250000001,-3.806310291
2561,O,oc23,-0.55000001192092896,34.340414912,31.470820473,6.6911343219999999
2562,O,oc23,-0.55000001192092896,33.966484936000001,33.692985577000002,5.377155481
2563,O,oc23,-0.55000001192092896,29.963242942000001,26.074038586,13.695308541999999
2564,O,oc23,-0.55000001192092896,34.361773008999997,28.087875249,8.6091071790000004
2565,O,oc23,-0.55000001192092896,37.580844943999999,31.846155125999999,8.2356059330000004
2566,O,oc23,-0.55000001192092896,20.637796726000001,36.493522724999998,6.7943192659999996
2567,O,oc23,-0.55000001192092896,30.892791623000001,21.332180106999999,15.326747367999999
2568,Si,sc4,1.1000000238418579,39.278033858000001,23.757128815000002,0.593678916
2569,Si,sc4,1.1000000238418579,28.68036279,36.260084657999997,7.2747209100000001
2570,Si,sc4,1.1000000238418579,37.087050150000003,32.640579156999998,14.080409399000001
2571,Si,sc4,1.1000000238418579,34.285424581999997,24.042688169000002,7.1932625640000003
2572,Si,sc4,1.1000000238418579,22.177320126000001,25.771817258999999,-1.647982614
2573,Si,sc4,1.1000000238418579,31.182553340999998,21.254683306,4.0222851090000002
2574,Si,sc4,1.1000000238418579,21.281947829,38.155246503000001,10.366263569999999
2575,Si,sc4,1.1000000238418579,20.212499480000002,36.820248034000002,5.3158865909999999
2576,O,oc23,-0.55000001192092896,23.070721568,25.748754439999999,7.9884224960000001
2577,O,oc23,-0.55000001192092896,23.000960796000001,27.018403594999999,5.5603103799999998
2578,O,oc23,-0.55000001192092896,23.541106078999999,39.816954000000003,5.1498045489999997
2579,O,oc23,-0.55000001192092896,24.855822273000001,38.680913349000001,3.1813113359999998
2580,O,oc23,-0.55000001192092896,34.188811315999999,38.654271352000002,6.1800595080000003
2581,O,oc23,-0.55000001192092896,35.314696026,39.570751346000002,4.1327395649999996
2582,O,oc23,-0.55000001192092896,33.659809134,22.365317607000001,-2.6036137479999999
2583,O,oc23,-0.55000001192092896,25.919444589000001,38.794392809999998,5.4526711920000004
2584,O,oc23,-0.55000001192092896,20.659874977000001,39.355062773,11.216857498
2585,O,oc23,-0.55000001192092896,37.093922544999998,30.669453136000001,4.5460648709999996
2586,O,oc23,-0.55000001192092896,20.167421336,29.499339123999999,5.6816160809999996
2587,O,oc23,-0.55000001192092896,37.413734482000002,25.602282513999999,-2.3494027220000002
2588,O,oc23,-0.55000001192092896,33.85926714,24.144472126,8.7521814530000004
2589,O,oc23,-0.55000001192092896,36.301777874999999,25.556352506,13.235371911
2590,O,oc23,-0.55000001192092896,22.314419545,31.982155328000001,9.5501732050000001
2591,O,oc23,-0.55000001192092896,20.3487738,37.615911341999997,1.918762804
2592,Si,sc4,1.1000000238418579,25.091875027,32.391734866999997,14.547478325
2593,Si,sc4,1.1000000238418579,35.380560727000002,39.537966580000003,5.7137597949999996
2594,Si,sc4,1.1000000238418579,36.393083349000001,39.910085528000003,15.169896398000001
2595,Si,sc4,1.1000000238418579,27.304770585,28.307572057000002,-2.3100658169999999
2596,Si,sc4,1.1000000238418579,34.014398536000002,22.429961359,3.5519158879999999
2597,Si,sc4,1.1000000238418579,27.47345795,39.969618883999999,9.1265212049999995
2598,Si,sc4,1.1000000238418579,26.717887112,21.958105797999998,9.3235638260000009
2599,O,oc23,-0.55000001192092896,25.311191045000001,38.975833518000002,11.930704723
2600,O,oc23,-0.55000001192092896,31.426022669999998,23.303144418999999,9.8201383779999993
2601,O,oc23,-0.55000001192092896,35.659580437000002,24.732813630999999,7.0215232199999997
2602,O,oc23,-0.55000001192092896,33.058168139999999,40.315710780000003,1.135766182
2603,O,oc23,-0.55000001192092896,25.973994187999999,24.746988057999999,11.307899676
2604,O,oc23,-0.55000001192092896,25.762183896,22.236899458,10.504602835
2605,O,oc23,-0.55000001192092896,38.108401245000003,28.859708474000001,14.138845098999999
2606,O,oc23,-0.55000001192092896,25.876608324999999,24.422013791000001,6.0164369679999998
2607,O,oc23,-0.55000001192092896,26.131658216999998,27.229711723000001,-2.9434181430000002
2608,O,oc23,-0.55000001192092896,21.217894093000002,39.855863536000001,0.066929560999999999
2609,O,oc23,-0.55000001192092896,40.354476890999997,28.673733137999999,15.197268351
2610,O,oc23,-0.55000001192092896,20.107632295999998,30.338651675000001,13.518184107
2611,O,oc23,-0.55000001192092896,29.226905161000001,33.684835544000002,10.990363804999999
2612,O,oc23,-0.55000001192092896,31.243010379000001,37.002224507999998,-3.5639646709999999
2613,O,oc23,-0.55000001192092896,33.631552511999999,28.283426404,-2.4991510250000002
2614,O,oc24,-0.67500001192092896,28.701597677999999,31.378131471,-1.327025597
2615,Si,sc4,1.1000000238418579,36.671287059999997,21.945022134999999,15.989330494000001
2616,Si,sc4,1.1000000238418579,33.036999215999998,26.565490230000002,13.464020449
2617,Si,sc4,1.1000000238418579,22.185887427000001,24.181276452999999,1.101979662
2618,Si,sc4,1.1000000238418579,29.02536117,26.513442902000001,-0.50693614499999995
2619,Si,sc4,1.1000000238418579,26.821232242000001,23.944560231000001,4.8270812669999996
2620,Si,sc4,1.1000000238418579,31.101069936999998,25.856645096000001,7.2255681640000002
2621,Si,sc4,1.1000000238418579,35.345006969000003,32.337691726000003,-2.1890984040000001
2622,Si,sc4,1.1000000238418579,25.186224923000001,25.820013504999999,-2.6386876290000001
2623,O,oc23,-0.55000001192092896,34.577918742000001,39.970083602999999,11.833713734
2624,O,oc23,-0.55000001192092896,25.486253528999999,31.104129959000002,13.709383079
2625,O,oc23,-0.55000001192092896,22.180822096,35.610217272,-2.8684697039999998
2626,O,oc23,-0.55000001192092896,27.247725939999999,30.982219984,6.3439939189999999
2627,O,oc23,-0.55000001192092896,37.528528807999997,24.235753665000001,8.5467090310000007
2628,O,oc23,-0.55000001192092896,30.793818692999999,39.206132111000002,-1.9914585229999999
2629,O,oc23,-0.55000001192092896,38.002228391000003,21.876275814,9.20444292
2630,O,oc23,-0.55000001192092896,30.543109111,40.513353674000001,4.0993698839999997
2631,O,oc23,-0.55000001192092896,23.206609046000001,37.436715821999996,15.693708501
2632,O,oc23,-0.55000001192092896,39.385317559999997,31.569267886999999,-1.5147508810000001
2633,O,oc23,-0.55000001192092896,33.523683728000002,29.200358214000001,3.4005954260000002
2634,O,oc24,-0.67500001192092896,22.111987956,28.860174025999999,-3.4872610669999999
2635,O,oc23,-0.55000001192092896,27.350077558999999,30.505584673000001,1.049704548
2636,O,oc23,-0.55000001192092896,30.875251491,21.224445743,2.4304422140000002
2637,O,oc23,-0.55000001192092896,30.228948403,22.208183347999999,4.8891779379999996
2638,O,oc23,-0.55000001192092896,31.683009471999998,24.91559621,1.6629636510000001
2639,Si,sc4,1.1000000238418579,32.385565477,32.193504335999997,12.748986369000001
2640,Si,sc4,1.1000000238418579,32.525907912999998,26.080756502,16.312445338
2641,Si,sc4,1.1000000238418579,25.543950024000001,24.082682146,7.5368513090000002
2642,Si,sc4,1.1000000238418579,27.839204952999999,34.790745940000001,4.8267197209999999
2643,Si,sc4,1.1000000238418579,32.713551914999996,38.727678556999997,1.45049187
2644,Si,sc4,1.1000000238418579,37.818070915,31.135179329,3.2741346280000001
2645,Si,sc4,1.1000000238418579,29.138786627000002,28.027784273999998,6.6443788780000004
2646,Si,sc4,1.1000000238418579,32.021107262999998,28.319726802999998,-2.6946829110000001
2647,O,oc23,-0.55000001192092896,25.475191961,41.048466986999998,4.0544305490000001
2648,O,oc23,-0.55000001192092896,24.771302624,37.339929189999999,9.0643047469999996
2649,O,oc23,-0.55000001192092896,31.432188506999999,34.090763199000001,10.024393902
2650,O,oc23,-0.55000001192092896,27.925404408999999,33.239360906999998,5.1392839559999999
2651,O,oc23,-0.55000001192092896,30.108219012999999,24.417865065000001,3.7262444110000001
2652,O,oc23,-0.55000001192092896,36.510932859999997,40.300486220000003,13.588539641000001
2653,O,oc23,-0.55000001192092896,37.870366165,28.366629686,4.7299764079999997
2654,O,oc23,-0.55000001192092896,37.778900763000003,21.841993475999999,14.796233209
2655,O,oc23,-0.55000001192092896,30.190213359000001,26.804637961000001,2.8407961429999999
2656,O,oc23,-0.55000001192092896,20.450960669000001,31.751760954000002,11.389503396
2657,O,oc23,-0.55000001192092896,25.425017175000001,25.398888053,8.456349865
2658,O,oc23,-0.55000001192092896,27.917050194000002,35.156887316000002,3.2518157859999999
2659,O,oc23,-0.55000001192092896,38.569767605000003,26.750393679999998,15.504928744000001
2660,O,oc23,-0.55000001192092896,33.930873923999997,24.044616519000002,3.5859293390000002
2661,O,oc23,-0.55000001192092896,27.464385185000001,22.473582580999999,12.284128178
2662,O,oc23,-0.55000001192092896,25.393682654999999,29.250801673000002,6.7795095679999999
2663,Si,sc4,1.1000000238418579,25.139842245000001,40.298279286000003,12.81202601
2664,Si,sc4,1.1000000238418579,29.435359191,29.618787242,11.427527676
2665,Si,sc4,1.1000000238418579,33.852392577000003,22.644330605,12.460209307
2666,Si,sc4,1.1000000238418579,28.429233907,33.96113879,0.256018515
2667,Si,sc4,1.1000000238418579,27.490105335999999,37.035975700000002,-3.9456082299999999
2668,Si,sc4,1.1000000238418579,36.123370049999998,36.497436901999997,-1.800627333
2669,Si,sc4,1.1000000238418579,38.831644091000001,28.311878158999999,15.423731522000001
2670,Si,sc4,1.1000000238418579,36.464094148000001,33.570930824999998,1.9824165579999999
2671,O,oc23,-0.55000001192092896,21.176717028999999,20.780147399000001,10.063200191
2672,O,oc24,-0.67500001192092896,32.242650296000001,32.159068382000001,-4.4372134839999999
2673,O,oc24,-0.67500001192092896,30.110454847,39.602985840999999,15.531679130000001
2674,O,oc23,-0.55000001192092896,25.063612294999999,33.325121701,-2.1478670489999998
2675,O,oc23,-0.55000001192092896,33.410376925999998,33.382110025000003,13.167708283
2676,O,oc23,-0.55000001192092896,28.515482796000001,29.120259326999999,12.720045442
2677,O,oc23,-0.55000001192092896,24.772572107999999,29.952841370000002,0.50735503699999995
2678,O,oc23,-0.55000001192092896,30.589360087999999,25.562400951000001,8.7284585579999998
2679,O,oc23,-0.55000001192092896,28.501447621000001,27.517735613999999,14.839485183000001
2680,O,oc23,-0.55000001192092896,38.240879677000002,36.387945934999998,15.645687014
2681,O,oc23,-0.55000001192092896,35.913223107999997,33.616937348999997,13.648710931
2682,O,oc23,-0.55000001192092896,23.557928715999999,26.06817036,-2.5463654149999999
2683,O,oc23,-0.55000001192092896,31.003306531,34.300603572,-3.4327387539999998
2684,O,oc23,-0.55000001192092896,26.088944363,31.386874102,-0.99102486499999998
2685,O,oc23,-0.55000001192092896,27.735437266000002,29.764238605999999,-3.151310434
2686,O,oc23,-0.55000001192092896,24.468748315999999,26.254865373000001,3.5441172430000001
2687,Si,sc4,1.1000000238418579,25.866042342,32.945244547000001,-0.86327041800000004
2688,Si,sc4,1.1000000238418579,30.081052204999999,32.508383045999999,15.704085419
2689,Si,sc4,1.1000000238418579,23.062924786,30.139115581999999,3.0496849429999999
2690,Si,sc4,1.1000000238418579,25.254418340000001,32.109735753999999,3.691568894
2691,Si,sc4,1.1000000238418579,22.316491654,33.578689156999999,14.034238402
2692,Si,sc4,1.1000000238418579,22.773406128000001,28.234419617,12.638301565000001
2693,Si,sc4,1.1000000238418579,27.694862462,33.603451845999999,13.875861702
2694,Si,sc4,1.1000000238418579,33.911154431,37.422893189,7.0932791809999998
2695,O,oc23,-0.55000001192092896,33.901342829000001,30.621616785000001,15.450085507000001
2696,O,oc23,-0.55000001192092896,28.108450440999999,22.278117459000001,9.8948651559999998
2697,O,oc23,-0.55000001192092896,28.040317553000001,33.064447348999998,1.4885891710000001
2698,O,oc23,-0.55000001192092896,23.846184526999998,33.110267202999999,13.790003057
2699,O,oc23,-0.55000001192092896,30.556325393000002,30.906909734999999,4.9251614500000001
2700,O,oc23,-0.55000001192092896,26.16111239,28.477272232000001,13.888348904000001
2701,O,oc23,-0.55000001192092896,38.558699089999998,37.995582196999997,10.852784722999999
2702,O,oc23,-0.55000001192092896,39.458895263000002,26.039232522999999,8.7022039739999997
2703,O,oc23,-0.55000001192092896,27.895534949999998,25.428785451,-0.36573416600000003
2704,O,oc23,-0.55000001192092896,27.287694918,33.667794147000002,-0.79265613400000001
2705,O,oc23,-0.55000001192092896,34.995371882000001,21.560353229,12.825082157000001
2706,O,oc23,-0.55000001192092896,38.744263414999999,22.240672568000001,4.1595541169999999
2707,O,oc23,-0.55000001192092896,31.204610934000002,38.492445574000001,2.0608968459999999
2708,O,oc23,-0.55000001192092896,30.163106682999999,39.821803289000002,11.124758092
2709,O,oc23,-0.55000001192092896,29.961595080999999,31.015430446,15.257950428999999
2710,O,oc23,-0.55000001192092896,31.095062201000001,29.763090988999998,11.794562490000001
2711,Si,sc4,1.1000000238418579,28.213115758000001,32.527852836000001,11.115578862
2712,Si,sc4,1.1000000238418579,33.533525124999997,30.789716911999999,3.0304888829999999
2713,Si,sc4,1.1000000238418579,27.648516994000001,27.929010373000001,13.511938155999999
2714,Si,sc4,0.72500002384185791,28.537429795000001,21.335703484,-4.0824122230000004
2715,Si,sc4,1.1000000238418579,30.041389871,27.185507256000001,14.828182193
2716,Si,sc4,1.1000000238418579,32.794319479999999,34.321496451999998,9.2012219010000003
2717,Si,sc4,1.1000000238418579,32.589671408999997,29.025993184000001,12.089790974
2718,Si,sc4,1.1000000238418579,26.502382012999998,38.025525250999998,11.468866781999999
2719,O,oc23,-0.55000001192092896,31.931773784000001,35.146860924999999,5.1142070229999996
2720,O,oc23,-0.55000001192092896,30.000694855999999,33.659934937999999,-0.20903548499999999
2721,O,oc23,-0.55000001192092896,23.512888422,22.307378491000001,4.2123945369999998
2722,O,oc23,-0.55000001192092896,24.194754412999998,37.462192135000002,-2.839970986
2723,O,oc23,-0.55000001192092896,21.290741394000001,37.640088460000001,4.3891596420000001
2724,O,oc23,-0.55000001192092896,21.818246071000001,30.603134010000002,3.9109202110000001
2725,O,oc23,-0.55000001192092896,38.933424404,34.004758316,-1.126215226
2726,O,oc23,-0.55000001192092896,32.125316130999998,25.784550296999999,4.0554671549999997
2727,O,oc23,-0.55000001192092896,33.114774308000001,28.284902162000002,10.777755285
2728,O,oc23,-0.55000001192092896,24.759899193999999,21.954122251000001,2.0199035919999999
2729,O,oc23,-0.55000001192092896,27.391853879999999,38.807840732999999,10.311583873
2730,O,oc23,-0.55000001192092896,38.573197016000002,36.616304681999999,2.941481279
2731,O,oc23,-0.55000001192092896,23.059594231999998,37.182419709999998,2.262293074
2732,O,oc23,-0.55000001192092896,29.360228419999999,32.094832797999999,6.8906985770000002
2733,O,oc24,-0.89999997615814209,33.196044399999998,21.879535743999998,16.171959701999999
2734,O,oc23,-0.55000001192092896,30.923066229,26.473266546000001,16.045889278000001
2735,Si,sc4,1.1000000238418579,30.377417085000001,40.226199960999999,9.6317588409999999
2736,Si,sc4,1.1000000238418579,30.32645226,36.574235342000001,13.460023516
2737,Si,sc4,1.1000000238418579,24.983440514000002,38.821462001999997,-3.244017301
2738,Si,sc4,1.1000000238418579,34.466229136999999,33.985426037000003,14.204332608
2739,Si,sc4,1.1000000238418579,20.230392346999999,20.960695749999999,-3.8110090840000002
2740,Si,sc4,1.1000000238418579,20.355479141,27.273931795999999,2.8989932450000002
2741,Si,sc4,1.1000000238418579,30.602466303,34.177889329000003,11.421213925
2742,Si,sc4,1.1000000238418579,29.760534454999998,28.036936641,1.966653811
2743,O,oc23,-0.55000001192092896,25.511600834999999,24.496123196999999,-3.5854203999999998
2744,O,oc23,-0.55000001192092896,30.371165065,35.658620433999999,12.100685486
2745,O,oc24,-0.67500001192092896,19.038662261999999,21.066604844,-4.9170663929999998
2746,O,oc23,-0.55000001192092896,21.947781845000002,28.552586011999999,13.975490809
2747,O,oc23,-0.55000001192092896,26.486741079000002,22.936834283,8.0918018140000001
2748,O,oc23,-0.55000001192092896,20.040366798000001,35.425800037000002,4.5358262380000003
2749,O,oc23,-0.55000001192092896,30.650542389999998,28.602073493999999,14.319469767999999
2750,O,oc23,-0.55000001192092896,24.249698092999999,20.671841500999999,11.954976879
2751,O,oc23,-0.55000001192092896,31.085172268000001,33.049080465000003,12.435933235
2752,O,oc23,-0.55000001192092896,28.23312894,27.796190983999999,5.311992332
2753,O,oc23,-0.55000001192092896,35.807318522000003,35.818046426999999,-3.2169970729999999
2754,O,oc23,-0.55000001192092896,32.686975293000003,21.817517799000001,4.2380473260000002
2755,O,oc23,-0.55000001192092896,23.817911041999999,39.438816342999999,-4.1558575219999998
2756,O,oc23,-0.55000001192092896,26.620698904000001,23.453392373,0.39612962200000001
2757,O,oc23,-0.55000001192092896,26.815663485000002,20.992490162999999,-0.47668306700000002
2758,O,oc23,-0.55000001192092896,22.814245893999999,34.095033901999997,-0.94912010099999999
2759,Si,sc4,1.1000000238418579,26.322568029999999,23.121201583000001,-3.238511393
2760,Si,sc4,1.1000000238418579,29.135557642999999,23.484425306999999,-2.4170421969999998
2761,Si,sc4,1.1000000238418579,31.445993596000001,34.707756042,3.6476759240000001
2762,Si,sc4,1.1000000238418579,31.029756587000001,25.483982595000001,3.0159635489999999
2763,Si,sc4,1.1000000238418579,31.210884711999999,24.335276829000001,0.25416790500000003
2764,Si,sc4,1.1000000238418579,34.038937353999998,20.661478664000001,1.0002013009999999
2765,Si,sc4,1.1000000238418579,31.119146798999999,30.041893108,14.847626127
2766,Si,sc4,1.1000000238418579,31.927282231,35.628532628000002,-3.1138055150000001
2767,O,oc23,-0.55000001192092896,30.439299037000001,25.636852895000001,-0.47148500599999998
2768,O,oc23,-0.55000001192092896,32.325801534,35.777070178000002,-1.5436921109999999
2769,O,oc23,-0.55000001192092896,34.047216911,36.057844076000002,6.3468876300000003
2770,O,oc23,-0.55000001192092896,24.48985983,36.302767381999999,4.0820746889999997
2771,O,oc23,-0.55000001192092896,28.868101979999999,20.543438473999998,-2.6869012309999998
2772,O,oc23,-0.55000001192092896,32.222859270999997,25.262084252000001,13.150296063000001
2773,O,oc23,-0.55000001192092896,28.942648476999999,36.505473111999997,14.363609024000001
2774,O,oc23,-0.55000001192092896,33.116388065000002,24.774872461000001,-3.0827954370000001
2775,O,oc23,-0.55000001192092896,36.285021630000003,27.725155382000001,-2.2700387580000001
2776,O,oc23,-0.55000001192092896,25.464985423000002,22.057068961999999,-2.3043236070000002
2777,O,oc23,-0.55000001192092896,31.256941107999999,28.759766013,-1.3174150309999999
2778,O,oc24,-0.89999997615814209,23.877639393999999,35.702615242999997,-4.8925827350000004
2779,O,oc23,-0.55000001192092896,32.429438507999997,37.383903195000002,7.5354705009999998
2780,O,oc23,-0.55000001192092896,31.70719253,36.307140767999996,14.236116775999999
2781,O,oc23,-0.55000001192092896,27.197170592999999,33.057275883000003,9.9974919409999998
2782,Si,sc4,1.1000000238418579,24.952661285000001,39.602391762000003,4.4484216119999997
2783,Si,sc4,1.1000000238418579,20.627180681999999,33.832698311000001,1.5521177509999999
2784,Si,sc4,1.1000000238418579,31.101391529000001,38.167161974999999,7.6340727700000004
2785,Si,sc4,1.1000000238418579,27.635746962999999,22.234855113999998,0.062550955000000005
2786,Si,sc4,1.1000000238418579,34.669313351,36.578234532000003,9.7512137669999994
2787,Si,sc4,1.1000000238418579,29.996335863999999,39.343358911999999,5.1069935190000004
2788,Si,sc4,1.1000000238418579,27.826616708,27.978294872999999,9.3643709150000003
2789,Si,sc4,1.1000000238418579,24.946701132000001,21.773114522,3.5939576469999999
2790,O,oc23,-0.55000001192092896,32.588365861,25.357893772000001,10.392083613
2791,O,oc23,-0.55000001192092896,31.027860347000001,28.808706384000001,1.3653762819999999
2792,O,oc23,-0.55000001192092896,27.216892530999999,26.667740634000001,10.066590244
2793,O,oc23,-0.55000001192092896,26.988597438999999,33.202218748999996,7.4838714409999998
2794,O,oc23,-0.55000001192092896,35.270725792999997,21.98555558,4.4854139770000003
2795,O,oc23,-0.55000001192092896,30.374307330000001,41.168959420999997,-0.016379682
2796,O,oc23,-0.55000001192092896,33.865676985,33.185098441999997,9.5822212310000001
2797,O,oc23,-0.55000001192092896,29.353485851999999,31.259439188999998,2.6623521459999999
2798,O,oc23,-0.55000001192092896,34.480833984,22.547874951000001,6.8101285799999998
2799,O,oc23,-0.55000001192092896,35.638736180000002,40.858819527000001,0.496001566
2800,O,oc23,-0.55000001192092896,23.966559452999999,29.248771664,12.527927980999999
2801,O,oc23,-0.55000001192092896,38.628661651000002,23.688271494999999,-3.2279960679999999
2802,O,oc23,-0.55000001192092896,37.169086774,32.587313670999997,3.0154748179999999
2803,O,oc23,-0.55000001192092896,27.270897293000001,37.685809218000003,12.826912087
2804,O,oc23,-0.55000001192092896,37.814481176999998,33.544658828999999,15.307217499
2805,O,oc23,-0.55000001192092896,21.114653671999999,24.796396519000002,-2.4619514100000002
2806,O,oc24,-0.67500001192092896,39.424338288000001,34.604917587000003,17.154259077999999
2807,H,hoy,0.40000000596046448,34.365865896999999,23.924211343,-5.5463102190000004
2808,Si,sc4,1.1000000238418579,40.337284175999997,23.777511444000002,11.872359848
2809,O,oc23,-0.55000001192092896,25.192802686,39.046320035000001,16.302682732000001
2810,O,oc23,-0.55000001192092896,26.117609318,36.67360111,15.1762304
2811,O,oc24,-0.67500001192092896,33.935366919000003,39.240902654000003,17.826211140000002
2812,H,hoy,0.40000000596046448,32.576645884999998,30.018597084,-3.827755545
2813,O,oc24,-0.67500001192092896,33.370499762000001,32.079459071999999,17.725829000000001
2814,O,oc23,-0.55000001192092896,27.404230138999999,32.654952170999998,-3.2303316510000002
2815,O,oc24,-0.67500001192092896,30.162456997,39.026043143000003,-4.59736615
2816,Na,na+,1,23.377112013000001,27.787157520000001,15.835867731
2817,H,hoy,0.40000000596046448,36.153861417000002,34.352369801999998,-5.3164877920000002
2818,O,oc24,-0.67500001192092896,37.209193077999998,25.297226260999999,-4.8127947989999997
2819,H,hoy,0.40000000596046448,21.320250089999998,34.062972696000003,15.837116203000001
2820,H,hoy,0.40000000596046448,22.605728733999999,30.499833204000002,15.44965524
2821,O,oc24,-0.67500001192092896,40.116577192999998,30.984935194999998,-3.9562056010000002
2822,H,hoy,0.40000000596046448,35.704328285999999,26.281348768000001,-4.3944278639999999
2823,O,oc24,-0.67500001192092896,37.136558096999998,30.69406485,-5.5211498179999996
2824,O,oc23,-0.55000001192092896,35.558735978000001,29.129713021000001,-4.1484959369999999
2825,H,hoy,0.40000000596046448,24.509649741,30.926054628999999,15.853820606999999
2826,O,oc24,-0.67500001192092896,21.268360870999999,39.864863827999997,-5.178474681
2827,O,oc24,-0.67500001192092896,31.257815029,24.867967062999998,-4.9387038309999998
2828,Na,na+,1,40.087278920000003,28.341465229000001,-4.6860452180000003
2829,H,hoy,0.40000000596046448,23.049004294,28.969460449,-3.456111317
2830,O,oc24,-0.67500001192092896,33.117567538999999,26.805059692,17.649984007
2831,O,oc23,-0.55000001192092896,27.052572039000001,35.448057574000003,-3.6300424279999999
2832,O,oc24,-0.67500001192092896,28.062663116,37.012621566999997,-5.4759164140000003
2833,O,oc24,-0.67500001192092896,38.270749719999998,29.041249096000001,16.771346128000001
2834,H,hoy,0.40000000596046448,29.638500715999999,39.220173551000002,14.811741941999999
2835,O,oc24,-0.67500001192092896,29.572598074999998,32.613098266000002,17.246641580999999
2836,O,oc23,-0.55000001192092896,31.748339290000001,32.658226585999998,15.633815779000001
2837,O,oc24,-0.67500001192092896,23.623082959000001,27.000655728000002,13.106503397000001
2838,O,oc24,-0.89999997615814209,29.121541270000002,20.565551148000001,-5.418661073
2839,O,oc23,-0.55000001192092896,27.112122306,22.122879348000001,-4.2427717659999997
2840,H,hoy,0.40000000596046448,19.304149354,20.555327524999999,-5.6595040210000001
2841,O,oc24,-0.67500001192092896,31.880137994999998,29.669368684999998,16.237203075
2842,Na,na+,1,22.448752037999999,34.376553891,-5.5667726100000001
2843,H,hoy,0.40000000596046448,38.817639991,34.038736401000001,17.595277702000001
2844,H,hoy,0.40000000596046448,33.146280718,32.934660989000001,18.047571017999999
2845,H,hoy,0.40000000596046448,29.723854883000001,38.444903644,-5.2036255550000003
2846,H,hoy,0.40000000596046448,37.743003277,26.073762478999999,-4.6203904370000002
2847,H,hoy,0.40000000596046448,40.200836858000002,31.925552235000001,-3.8997302070000002
2848,H,hoy,0.40000000596046448,36.437117469,30.466005407000001,-6.1100715709999998
2849,H,hoy,0.40000000596046448,21.025536546000001,39.191191054000001,-5.7888501559999996
2850,H,hoy,0.40000000596046448,31.252492693000001,23.927263262,-5.0107594129999997
2851,H,hoy,0.40000000596046448,34.030683166999999,26.973182239,17.506167925
2852,H,hoy,0.40000000596046448,27.350567141999999,37.335709719999997,-6.0043626320000003
2853,H,hoy,0.40000000596046448,29.169071554999999,31.794287778000001,17.467705649999999
2854,H,hoy,0.40000000596046448,24.521529504,27.29116763,13.07198681
2855,Na,na+,1,28.543298241999999,18.842645521000001,-6.4558399189999998
2856,H,hoy,0.40000000596046448,32.813777508000001,29.702158058999999,16.095676903000001
2857,Si,sc4,1.1000000238418579,24.899335872000002,37.490898831999999,16.066865889999999
2858,O,oc24,-0.67500001192092896,24.944902540000001,36.882930770000002,17.585862412000001
2859,H,hoy,0.40000000596046448,25.528805731999999,36.137938187000003,17.558088532999999
2860,Si,sc4,1.1000000238418579,26.948154651999999,33.888467484000003,-4.2538878130000004
2861,O,oc24,-0.67500001192092896,27.793837165999999,33.802047791,-5.6484361280000002
2862,H,hoy,0.40000000596046448,28.006076989,34.681436169999998,-5.9077642670000001
2863,O,oc23,-0.55000001192092896,25.429205616000001,33.457660101999998,-4.4977070689999996
2864,Si,sc4,1.1000000238418579,29.794321681,22.448833917000002,14.869815902999999
2865,O,oc24,-0.67500001192092896,29.633596119,23.433248797000001,16.173385582000002
2866,H,hoy,0.40000000596046448,28.946845411000002,24.042004861999999,15.978109012999999
2867,O,oc24,-0.89999997615814209,22.903529562999999,40.313758878999998,16.589370716000001
2868,Na,na+,1,23.189562903999999,38.683091226000002,17.987509382999999
2869,O,oc23,-0.55000001192092896,39.406508619999997,23.110252525,13.089248871000001
2870,O,oc23,-0.55000001192092896,40.125551418000001,25.355304427,11.464891596999999
2871,O,oc23,-0.55000001192092896,22.602239568000002,25.518184558000002,14.853902671
2872,O,oc23,-0.55000001192092896,40.898505815,26.409945175000001,13.488169161
2873,Si,sc4,1.1000000238418579,40.542367269000003,26.841613572,12.013735498999999
2874,O,oc23,-0.55000001192092896,39.394900718999999,28.010312734999999,11.945218612
2875,Si,sc4,1.1000000238418579,39.331555514999998,22.130705626000001,14.470534367999999
2876,Si,sc4,1.1000000238418579,24.094862289999998,25.002120574999999,14.883597145
2877,O,oc24,-0.67500001192092896,24.939625112000002,26.060561485000001,15.807282251
2878,H,hoy,0.40000000596046448,25.755823209999999,25.657888201999999,16.047192598999999
2879,O,oc24,-0.67500001192092896,39.829149106999999,22.77244361,15.895641482
2880,H,hoy,0.40000000596046448,40.024394422,23.681652234000001,15.817319556999999
2881,Na,na+,1,31.627738282999999,22.571770820000001,17.331999875000001
2882,O,oc24,-0.67500001192092896,37.478270207999998,22.315382622000001,17.357187403000001
2883,H,hoy,0.40000000596046448,38.302142375999999,22.673039842000001,17.067198721
2884,H,hoy,0.40000000596046448,36.835587234000002,24.37702483,15.276276454
2885,H,hoy,0.40000000596046448,29.414584286,30.784033787999999,-1.1611891889999999
2886,O,oc24,-0.67500001192092896,24.532862833999999,31.151215611000001,-3.4933102759999999
2887,H,hoy,0.40000000596046448,25.380002348000001,30.919061238000001,-3.1484884270000002
2888,H,hoy,0.40000000596046448,31.803969170999999,31.528515416000001,-4.9843109400000003
2889,H,hoy,0.40000000596046448,33.796748676,40.150462093000002,18.021378067000001
2890,H,hoy,0.40000000596046448,38.785597862000003,28.761839350999999,17.504362801999999
2891,Si,sc4,1.1000000238418579,0.43704589199999999,40.983188558000002,11.382719925
2892,O,oc24,-0.67500001192092896,15.014341144999999,-0.33772058700000002,-3.5164152409999998
2893,O,oc23,-0.55000001192092896,16.684378844000001,41.303680925999998,11.19500534
2894,O,oc23,-0.55000001192092896,0.11840276,41.795304719000001,1.8204469059999999
2895,O,oc23,-0.55000001192092896,4.2514046419999998,41.622574604,-0.612571431
2896,O,oc23,-0.55000001192092896,1.4458835750000001,41.439730887000003,12.473928756999999
2897,O,oc23,-0.55000001192092896,6.5151094069999997,40.941517288999997,12.985092187999999
2898,O,oc23,-0.55000001192092896,17.233251103000001,41.087400287000001,2.359035483
2899,Si,sc4,1.1000000238418579,1.6783910660000001,41.329683865,13.998725181999999
2900,O,oc23,-0.55000001192092896,11.008830214,41.425785941999997,9.8156628999999995
2901,Si,sc4,1.1000000238418579,5.5088287830000002,41.501998884999999,-1.6475719790000001
2902,O,oc23,-0.55000001192092896,6.3982909760000002,41.146867104999998,9.0289291009999992
2903,Si,sc4,1.1000000238418579,13.793049001,41.449536680999998,0.91556904800000005
2904,H,hoy,0.40000000596046448,14.767635824999999,-0.64584226700000003,-4.3660652290000002
2905,H,hoy,0.40000000596046448,9.8698996599999997,0.849213934,-6.0376214279999996
2906,H,hoy,0.40000000596046448,0.64882727299999998,-0.13602778900000001,-5.073240244
2907,Si,sc4,1.1000000238418579,20.661001496000001,40.948805913999998,11.301290254
2908,O,oc24,-0.67500001192092896,35.742484253000001,-0.39577963599999999,-2.7349651640000001
2909,O,oc23,-0.55000001192092896,36.769236272000001,41.389128202999999,11.128675416
2910,O,oc23,-0.55000001192092896,19.7595055,40.927253401000002,2.1715709699999999
2911,O,oc23,-0.55000001192092896,23.954633916999999,41.634790692999999,-0.43293263199999998
2912,O,oc23,-0.55000001192092896,21.678719301000001,41.332913566999999,12.390832169999999
2913,O,oc23,-0.55000001192092896,26.596520254000001,40.813283011000003,13.250994754000001
2914,O,oc23,-0.55000001192092896,37.814559533999997,41.071953428,2.1474177499999998
2915,Si,sc4,1.1000000238418579,21.841851850000001,41.222488720999998,13.910497915000001
2916,O,oc23,-0.55000001192092896,31.198376784000001,41.570490337999999,9.6683907770000008
2917,Si,sc4,1.1000000238418579,25.096548275,41.558779248999997,-1.5710772609999999
2918,O,oc23,-0.55000001192092896,26.762161421999998,41.325061931,9.4308911000000002
2919,Si,sc4,1.1000000238418579,34.230951738999998,41.472687067000003,0.94777341800000003
2920,H,hoy,0.40000000596046448,36.466938284999998,-0.74611377999999995,-3.224024971
2921,H,hoy,0.40000000596046448,30.675397050000001,-0.57003564299999998,-5.4070405069999996
2922,H,hoy,0.40000000596046448,20.508550473,-0.075221331000000002,-5.0138850929999998
2923,O,oc23,-0.55000001192092896,39.704743178999998,2.7348416869999999,-0.89811276100000004
2924,O,oc23,-0.55000001192092896,39.623639582999999,23.159192216000001,-0.85854549700000005
2925,O,oc23,-0.55000001192092896,1.2771596919999999,3.4458539830000001,12.876692240000001
2926,Si,sc4,1.1000000238418579,1.142171016,4.4513037549999996,14.174593261
2927,O,oc23,-0.55000001192092896,1.2463340460000001,24.023086101000001,12.845483674
2928,Si,sc4,1.1000000238418579,1.1365370690000001,25.048777616999999,14.116181856000001
