id,element,ff_type,charge,x,y,z
1,Al,ac2,1.2000000476837158,0.034665134,-0.0042918059999999996,21.489555359000001
2,Ca,ca+e,1.6000000238418579,0.125981018,9.159270287,18.816146850999999
3,Ca,ca+e,1.6000000238418579,9.7153015140000001,-4.8286743159999999,2.350708961
4,O,oc8,-0.89999997615814209,-0.016052611000000001,1.4978812930000001,20.307487488
5,O,oc5,-0.89999997615814209,0.089109181999999995,-1.499236107,22.676124572999999
6,O,oc7,-0.89999997615814209,0.025412266999999999,1.499849677,17.316917418999999
7,O,oc8,-0.89999997615814209,-0.011228551,-1.494620085,4.200231552
8,O,o*,-0.81999999284744263,-0.010171128999999999,4.0779285429999996,22.449644089
9,O,o*,-0.81999999284744263,0.060213535999999998,7.2134232520000001,20.509458542000001
10,O,o*,-0.81999999284744263,9.6746397020000003,-1.5411505700000001,4.4275050159999996
11,O,o*,-0.81999999284744263,10.353960037,1.6427193879999999,17.191308974999998
12,O,o*,-0.81999999284744263,2.6375741960000001,3.1241242890000001,13.188644409
13,O,o*,-0.81999999284744263,6.7242221830000002,2.4405736920000001,8.0963563920000006
14,O,o*,-0.81999999284744263,2.2663633820000002,3.2159161570000001,24.259382248000001
15,O,o*,-0.81999999284744263,7.3428845410000001,2.2583858970000001,18.459564209
16,O,oc11,-0.60000002384185791,3.2005004879999999,5.6322703360000004,9.0384225849999993
17,O,oc11,-0.60000002384185791,3.2683947089999998,5.6168203349999999,17.353961944999998
18,O,oc11,-0.60000002384185791,3.2206099030000002,5.6237120630000001,23.116851807
19,O,oc11,-0.60000002384185791,1.865476608,5.8737483020000001,11.055822372
20,O,oc11,-0.60000002384185791,1.9188979859999999,5.9564695360000002,15.363320351
21,O,oc11,-0.60000002384185791,1.8889659640000001,5.374361038,21.105646133
22,O,o*,-0.81999999284744263,1.6864264010000001,6.1490392680000001,5.4465041159999998
23,S,s',0.60000002384185791,3.2325601580000001,5.6229162219999997,10.526865959
24,S,s',0.60000002384185791,3.2710177900000001,5.6182794569999999,15.867196083
25,S,s',0.60000002384185791,3.2539217470000001,5.6359024050000004,21.631536484000002
26,H,h*,0.40999999642372131,0.78748256000000005,6.5662274360000001,20.697391509999999
27,H,h*,0.40999999642372131,-0.70122224099999997,6.7118101120000002,20.899671555000001
28,H,h*,0.40999999642372131,10.333478928,-0.89693367499999999,4.7738041879999997
29,H,h*,0.40999999642372131,8.8722305299999995,-0.95877432799999995,4.477469921
30,H,h*,0.40999999642372131,9.6458053590000006,0.99669623399999996,16.968538284000001
31,H,h*,0.40999999642372131,11.07948494,1.2309492829999999,16.656618118000001
32,H,h*,0.40999999642372131,2.962804556,3.688350201,12.441667557000001
33,H,h*,0.40999999642372131,3.020765543,3.6254329680000001,13.954041481000001
34,H,h*,0.40999999642372131,6.5124554630000002,2.0036058429999999,8.9586906430000006
35,H,h*,0.40999999642372131,6.662479877,1.6442989109999999,7.5140852929999999
36,H,h*,0.40999999642372131,3.0883989330000001,2.734028339,24.081073760999999
37,H,h*,0.40999999642372131,2.4379870889999999,4.094799042,23.849737167000001
38,H,h*,0.40999999642372131,6.9989614490000003,1.5071600679999999,19.009820938000001
39,H,h*,0.40999999642372131,6.6282443999999998,2.9239161010000001,18.602659225
40,H,h*,0.40999999642372131,0.74080395700000001,4.561668396,22.020683289000001
41,H,h*,0.40999999642372131,-0.74995017100000005,4.6966633800000004,22.219640731999998
42,H,h*,0.40999999642372131,2.1239268779999998,6.7409272189999996,6.1061468120000004
43,H,h*,0.40999999642372131,1.8668788670000001,6.6599440569999997,4.6197972299999996
44,Al,ac2,1.2000000476837158,9.786114693,-5.6342916489999997,21.489555359000001
45,Ca,ca+e,1.6000000238418579,9.8774309159999998,3.5292706489999999,18.816146850999999
46,Ca,ca+e,1.6000000238418579,19.341882706,-9.0666913989999998,23.912513733000001
47,O,oc8,-0.89999997615814209,9.7353973390000004,-4.1321187019999996,20.307487488
48,O,oc5,-0.89999997615814209,9.8405590059999994,-7.1292362210000002,22.676124572999999
49,O,oc7,-0.89999997615814209,9.7768621440000008,-4.1301503180000001,17.316917418999999
50,O,oc8,-0.89999997615814209,9.7402210240000002,-7.1246199609999996,4.200231552
51,O,o*,-0.81999999284744263,9.7412786479999998,-1.5520715709999999,22.449644089
52,O,o*,-0.81999999284744263,9.8116636279999998,1.5834231379999999,20.509458542000001
53,O,o*,-0.81999999284744263,19.426090240000001,-7.1711506839999997,4.4275050159999996
54,O,o*,-0.81999999284744263,20.105409622,-3.9872806070000002,17.191308974999998
55,O,o*,-0.81999999284744263,12.389024733999999,-2.5058755869999998,13.188644409
56,O,o*,-0.81999999284744263,16.475671768000002,-3.1894264219999999,8.0963563920000006
57,O,o*,-0.81999999284744263,12.086186409,-6.0306549069999997,1.9620261189999999
58,O,o*,-0.81999999284744263,17.094333648999999,-3.3716139790000001,18.459564209
59,O,oc11,-0.60000002384185791,12.951950073000001,0.0022704069999999999,9.0384225849999993
60,O,oc11,-0.60000002384185791,13.019845009000001,-0.013179481999999999,17.353961944999998
61,O,oc11,-0.60000002384185791,12.972060204,-0.0062880729999999999,23.116851807
62,O,oc11,-0.60000002384185791,11.616926192999999,0.243748456,11.055822372
63,O,oc11,-0.60000002384185791,11.670348167,0.32646963000000001,15.363320351
64,O,oc11,-0.60000002384185791,11.640416145,-0.25563883799999998,21.105646133
65,O,o*,-0.81999999284744263,11.437876701,0.51903909400000003,5.4465041159999998
66,S,s',0.60000002384185791,12.984009743,-0.0070840110000000003,10.526865959
67,S,s',0.60000002384185791,13.022467613,-0.011720516,15.867196083
68,S,s',0.60000002384185791,13.005372047,0.0059022939999999998,21.631536484000002
69,H,h*,0.40999999642372131,10.5389328,0.93622767900000003,20.697391509999999
70,H,h*,0.40999999642372131,9.0502281189999998,1.081810355,20.899671555000001
71,H,h*,0.40999999642372131,20.084928513000001,-6.52693367,4.7738041879999997
72,H,h*,0.40999999642372131,18.623680114999999,-6.5887742039999999,4.477469921
73,H,h*,0.40999999642372131,19.397254944,-4.6333036420000004,16.968538284000001
74,H,h*,0.40999999642372131,20.830934525,-4.3990507130000003,16.656618118000001
75,H,h*,0.40999999642372131,12.714254379,-1.9416496750000001,12.441667557000001
76,H,h*,0.40999999642372131,12.772215843,-2.0045671459999999,13.954041481000001
77,H,h*,0.40999999642372131,16.263904572000001,-3.626394033,8.9586906430000006
78,H,h*,0.40999999642372131,16.413930893,-3.985701084,7.5140852929999999
79,H,h*,0.40999999642372131,12.043003082,-6.029767036,2.9826736450000002
80,H,h*,0.40999999642372131,12.831715583999999,-6.7171974179999996,1.899719954
81,H,h*,0.40999999642372131,16.750411987,-4.1228399280000003,19.009820938000001
82,H,h*,0.40999999642372131,16.379693984999999,-2.7060840129999999,18.602659225
83,H,h*,0.40999999642372131,10.492254257000001,-1.068331718,22.020683289000001
84,H,h*,0.40999999642372131,9.0015001300000002,-0.93333643700000002,22.219640731999998
85,H,h*,0.40999999642372131,11.875376701,1.110927105,6.1061468120000004
86,H,h*,0.40999999642372131,11.618329048,1.029944301,4.6197967530000001
87,Al,ac2,1.2000000476837158,0.034665134,11.255707741,21.489555359000001
88,Ca,ca+e,1.6000000238418579,0.125981018,20.419271469000002,18.816146850999999
89,Ca,ca+e,1.6000000238418579,9.7232837679999999,5.4885497089999999,2.45745945
90,O,oc8,-0.89999997615814209,-0.016052611000000001,12.757881165000001,20.307487488
91,O,oc5,-0.89999997615814209,0.089109181999999995,9.7607641219999994,22.676124572999999
92,O,oc7,-0.89999997615814209,0.025412266999999999,12.759849548,17.316917418999999
93,O,oc8,-0.89999997615814209,-0.011228551,9.7653799059999997,4.200231552
94,O,o*,-0.81999999284744263,-0.010171128999999999,15.337928772,22.449644089
95,O,o*,-0.81999999284744263,0.060213535999999998,18.473423004000001,20.509458542000001
96,O,o*,-0.81999999284744263,9.6746397020000003,9.7188491819999996,4.4275050159999996
97,O,o*,-0.81999999284744263,10.353960037,12.902719498,17.191308974999998
98,O,o*,-0.81999999284744263,2.6375741960000001,14.384124756,13.188644409
99,O,o*,-0.81999999284744263,6.7242221830000002,13.700573921,8.0963563920000006
100,O,o*,-0.81999999284744263,1.844911218,14.898830414000001,24.630605698
101,O,o*,-0.81999999284744263,7.3428845410000001,13.518385887000001,18.459564209
102,O,oc11,-0.60000002384185791,3.2005004879999999,16.892271042000001,9.0384225849999993
103,O,oc11,-0.60000002384185791,3.2683947089999998,16.876819610999998,17.353961944999998
104,O,oc11,-0.60000002384185791,3.2206099030000002,16.883712768999999,23.116851807
105,O,oc11,-0.60000002384185791,1.865476608,17.133749007999999,11.055822372
106,O,oc11,-0.60000002384185791,1.9188979859999999,17.216468810999999,15.363320351
107,O,oc11,-0.60000002384185791,1.8889659640000001,16.634361266999999,21.105646133
108,O,o*,-0.81999999284744263,1.6864264010000001,17.409038544000001,5.4465041159999998
109,S,s',0.60000002384185791,3.2325601580000001,16.882915496999999,10.526865959
110,S,s',0.60000002384185791,3.2710177900000001,16.878278731999998,15.867196083
111,S,s',0.60000002384185791,3.2539217470000001,16.895902633999999,21.631536484000002
112,H,h*,0.40999999642372131,0.78748256000000005,17.826227188000001,20.697391509999999
113,H,h*,0.40999999642372131,-0.70122224099999997,17.971809387,20.899671555000001
114,H,h*,0.40999999642372131,10.333478928,10.363066673000001,4.7738041879999997
115,H,h*,0.40999999642372131,8.8722305299999995,10.301225662,4.477469921
116,H,h*,0.40999999642372131,9.6458053590000006,12.256696700999999,16.968538284000001
117,H,h*,0.40999999642372131,11.07948494,12.490949630999999,16.656618118000001
118,H,h*,0.40999999642372131,2.962804556,14.948349952999999,12.441667557000001
119,H,h*,0.40999999642372131,3.020765543,14.885433196999999,13.954041481000001
120,H,h*,0.40999999642372131,6.5124554630000002,13.263606071,8.9586906430000006
121,H,h*,0.40999999642372131,6.662479877,12.904298782,7.5140852929999999
122,H,h*,0.40999999642372131,2.8098475930000002,14.683064461000001,24.579126358
123,H,h*,0.40999999642372131,1.912724018,15.831354141,24.304389954000001
124,H,h*,0.40999999642372131,6.9989614490000003,12.767160415999999,19.009820938000001
125,H,h*,0.40999999642372131,6.6282443999999998,14.183916092,18.602659225
126,H,h*,0.40999999642372131,0.74080395700000001,15.821668624999999,22.020683289000001
127,H,h*,0.40999999642372131,-0.74995017100000005,15.956663131999999,22.219640731999998
128,H,h*,0.40999999642372131,2.1239268779999998,18.000926970999998,6.1061468120000004
129,H,h*,0.40999999642372131,1.8668788670000001,17.919944763,4.6197972299999996
130,Al,ac2,1.2000000476837158,9.786114693,5.625708103,21.489555359000001
131,Ca,ca+e,1.6000000238418579,9.8774309159999998,14.789270401,18.816146850999999
132,Ca,ca+e,1.6000000238418579,19.679731368999999,2.2187538149999999,23.894632339000001
133,O,oc8,-0.89999997615814209,9.7353973390000004,7.1278815270000004,20.307487488
134,O,oc5,-0.89999997615814209,9.8405590059999994,4.1307640079999999,22.676124572999999
135,O,oc7,-0.89999997615814209,9.7768621440000008,7.1298494339999996,17.316917418999999
136,O,oc8,-0.89999997615814209,9.7402210240000002,4.1353797910000001,4.200231552
137,O,o*,-0.81999999284744263,9.7412786479999998,9.7079286580000002,22.449644089
138,O,o*,-0.81999999284744263,9.8116636279999998,12.843422889999999,20.509458542000001
139,O,o*,-0.81999999284744263,19.426090240000001,4.0888495450000004,4.4275050159999996
140,O,o*,-0.81999999284744263,20.105409622,7.2727193830000001,17.191308974999998
141,O,o*,-0.81999999284744263,12.389024733999999,8.7541246410000007,13.188644409
142,O,o*,-0.81999999284744263,16.475671768000002,8.0705738070000006,8.0963563920000006
143,O,o*,-0.81999999284744263,12.052487373,4.3498773570000004,2.21970892
144,O,o*,-0.81999999284744263,17.094333648999999,7.8883857730000004,18.459564209
145,O,oc11,-0.60000002384185791,12.951950073000001,11.262269974000001,9.0384225849999993
146,O,oc11,-0.60000002384185791,13.019845009000001,11.24682045,17.353961944999998
147,O,oc11,-0.60000002384185791,12.972060204,11.2537117,23.116851807
148,O,oc11,-0.60000002384185791,11.616926192999999,11.503748893999999,11.055822372
149,O,oc11,-0.60000002384185791,11.670348167,11.58646965,15.363320351
150,O,oc11,-0.60000002384185791,11.640416145,11.004361153,21.105646133
151,O,o*,-0.81999999284744263,11.437876701,11.779039383000001,5.4465041159999998
152,S,s',0.60000002384185791,12.984009743,11.252916336,10.526865959
153,S,s',0.60000002384185791,13.022467613,11.248279572,15.867196083
154,S,s',0.60000002384185791,13.005372047,11.265902519000001,21.631536484000002
155,H,h*,0.40999999642372131,10.5389328,12.196228027,20.697391509999999
156,H,h*,0.40999999642372131,9.0502281189999998,12.341810226,20.899671555000001
157,H,h*,0.40999999642372131,20.084928513000001,4.7330660819999997,4.7738041879999997
158,H,h*,0.40999999642372131,18.623680114999999,4.6712255479999998,4.477469921
159,H,h*,0.40999999642372131,19.397254944,6.6266961100000001,16.968538284000001
160,H,h*,0.40999999642372131,20.830934525,6.8609495159999998,16.656618118000001
161,H,h*,0.40999999642372131,12.714254379,9.3183498379999996,12.441667557000001
162,H,h*,0.40999999642372131,12.772215843,9.2554330829999998,13.954041481000001
163,H,h*,0.40999999642372131,16.263904572000001,7.6336059570000003,8.9586906430000006
164,H,h*,0.40999999642372131,16.413930893,7.2742986680000001,7.5140852929999999
165,H,h*,0.40999999642372131,12.492076874,4.9811272620000002,2.902421951
166,H,h*,0.40999999642372131,12.456093788,3.5767288210000001,2.6492547989999999
167,H,h*,0.40999999642372131,16.750411987,7.1371598240000003,19.009820938000001
168,H,h*,0.40999999642372131,16.379693984999999,8.5539159770000008,18.602659225
169,H,h*,0.40999999642372131,10.492254257000001,10.19166851,22.020683289000001
170,H,h*,0.40999999642372131,9.0015001300000002,10.326663971,22.219640731999998
171,H,h*,0.40999999642372131,11.875376701,12.370926857000001,6.1061468120000004
172,H,h*,0.40999999642372131,11.618329048,12.289944649000001,4.6197967530000001
173,Al,ac2,1.2000000476837158,0.034665134,22.515708922999998,21.489555359000001
174,Ca,ca+e,1.6000000238418579,0.125981018,31.679269790999999,18.816146850999999
175,Ca,ca+e,1.6000000238418579,9.7412996290000002,19.096330643000002,23.907894134999999
176,O,oc8,-0.89999997615814209,-0.016052611000000001,24.017881393,20.307487488
177,O,oc5,-0.89999997615814209,0.089109181999999995,21.020763397,22.676124572999999
178,O,oc7,-0.89999997615814209,0.025412266999999999,24.019849777000001,17.316917418999999
179,O,oc8,-0.89999997615814209,-0.011228551,21.025379181000002,4.200231552
180,O,o*,-0.81999999284744263,-0.010171128999999999,26.597929001000001,22.449644089
181,O,o*,-0.81999999284744263,0.060213535999999998,29.733423233,20.509458542000001
182,O,o*,-0.81999999284744263,9.6746397020000003,20.978849410999999,4.4275050159999996
183,O,o*,-0.81999999284744263,10.353960037,24.162719726999999,17.191308974999998
184,O,o*,-0.81999999284744263,2.6375741960000001,25.644124985000001,13.188644409
185,O,o*,-0.81999999284744263,6.7242221830000002,24.960573195999999,8.0963563920000006
186,O,o*,-0.81999999284744263,2.5848824979999998,25.778522491,24.195468902999998
187,O,o*,-0.81999999284744263,7.3428845410000001,24.778385161999999,18.459564209
188,O,oc11,-0.60000002384185791,3.2005004879999999,28.152271271,9.0384225849999993
189,O,oc11,-0.60000002384185791,3.2683947089999998,28.136819839000001,17.353961944999998
190,O,oc11,-0.60000002384185791,3.2206099030000002,28.14371109,23.116851807
191,O,oc11,-0.60000002384185791,1.865476608,28.393749237000002,11.055822372
192,O,oc11,-0.60000002384185791,1.9188979859999999,28.476469040000001,15.363320351
193,O,oc11,-0.60000002384185791,1.8889659640000001,27.894361495999998,21.105646133
194,O,o*,-0.81999999284744263,1.6864264010000001,28.669038773,5.4465041159999998
195,S,s',0.60000002384185791,3.2325601580000001,28.142915725999998,10.526865959
196,S,s',0.60000002384185791,3.2710177900000001,28.138278961000001,15.867196083
197,S,s',0.60000002384185791,3.2539217470000001,28.155902863000001,21.631536484000002
198,H,h*,0.40999999642372131,0.78748256000000005,29.086227417,20.697391509999999
199,H,h*,0.40999999642372131,-0.70122224099999997,29.231809616,20.899671555000001
200,H,h*,0.40999999642372131,10.333478928,21.623065948000001,4.7738041879999997
201,H,h*,0.40999999642372131,8.8722305299999995,21.561225890999999,4.477469921
202,H,h*,0.40999999642372131,9.6458053590000006,23.516696929999998,16.968538284000001
203,H,h*,0.40999999642372131,11.07948494,23.750949859999999,16.656618118000001
204,H,h*,0.40999999642372131,2.962804556,26.208351135000001,12.441667557000001
205,H,h*,0.40999999642372131,3.020765543,26.145433426,13.954041481000001
206,H,h*,0.40999999642372131,6.5124554630000002,24.523605347,8.9586906430000006
207,H,h*,0.40999999642372131,6.662479877,24.164299011000001,7.5140852929999999
208,H,h*,0.40999999642372131,3.3347690110000001,25.317630768000001,23.732374191000002
209,H,h*,0.40999999642372131,2.742120028,26.686225890999999,23.820453644000001
210,H,h*,0.40999999642372131,6.9989614490000003,24.027160644999999,19.009820938000001
211,H,h*,0.40999999642372131,6.6282443999999998,25.443916321,18.602659225
212,H,h*,0.40999999642372131,0.74080395700000001,27.081668854,22.020683289000001
213,H,h*,0.40999999642372131,-0.74995017100000005,27.216663360999998,22.219640731999998
214,H,h*,0.40999999642372131,2.1239268779999998,29.260927200000001,6.1061468120000004
215,H,h*,0.40999999642372131,1.8668788670000001,29.179944991999999,4.6197972299999996
216,Al,ac2,1.2000000476837158,9.786114693,16.885707855,21.489555359000001
217,Ca,ca+e,1.6000000238418579,9.8774309159999998,26.049270629999999,18.816146850999999
218,Ca,ca+e,1.6000000238418579,19.570278168000002,13.443734169000001,23.909988403
219,O,oc8,-0.89999997615814209,9.7353973390000004,18.387882232999999,20.307487488
220,O,oc5,-0.89999997615814209,9.8405590059999994,15.390764236000001,22.676124572999999
221,O,oc7,-0.89999997615814209,9.7768621440000008,18.389848708999999,17.316917418999999
222,O,oc8,-0.89999997615814209,9.7402210240000002,15.395380019999999,4.200231552
223,O,o*,-0.81999999284744263,9.7412786479999998,20.967927932999999,22.449644089
224,O,o*,-0.81999999284744263,9.8116636279999998,24.103422165000001,20.509458542000001
225,O,o*,-0.81999999284744263,19.426090240000001,15.348849296999999,4.4275050159999996
226,O,o*,-0.81999999284744263,20.105409622,18.532718658,17.191308974999998
227,O,o*,-0.81999999284744263,12.389024733999999,20.014123916999999,13.188644409
228,O,o*,-0.81999999284744263,16.475671768000002,19.330574036000002,8.0963563920000006
229,O,o*,-0.81999999284744263,12.209030151,20.083292007000001,24.273065567
230,O,o*,-0.81999999284744263,17.094333648999999,19.148386001999999,18.459564209
231,O,oc11,-0.60000002384185791,12.951950073000001,22.522270203000001,9.0384225849999993
232,O,oc11,-0.60000002384185791,13.019845009000001,22.506820679,17.353961944999998
233,O,oc11,-0.60000002384185791,12.972060204,22.513711928999999,23.116851807
234,O,oc11,-0.60000002384185791,11.616926192999999,22.763748168999999,11.055822372
235,O,oc11,-0.60000002384185791,11.670348167,22.846469879000001,15.363320351
236,O,oc11,-0.60000002384185791,11.640416145,22.264360428,21.105646133
237,O,o*,-0.81999999284744263,11.437876701,23.039039612,5.4465041159999998
238,S,s',0.60000002384185791,12.984009743,22.512916565000001,10.526865959
239,S,s',0.60000002384185791,13.022467613,22.5082798,15.867196083
240,S,s',0.60000002384185791,13.005372047,22.525901793999999,21.631536484000002
241,H,h*,0.40999999642372131,10.5389328,23.456228255999999,20.697391509999999
242,H,h*,0.40999999642372131,9.0502281189999998,23.601810454999999,20.899671555000001
243,H,h*,0.40999999642372131,20.084928513000001,15.993065833999999,4.7738041879999997
244,H,h*,0.40999999642372131,18.623680114999999,15.931225777,4.477469921
245,H,h*,0.40999999642372131,19.397254944,17.886695862,16.968538284000001
246,H,h*,0.40999999642372131,20.830934525,18.120948792,16.656618118000001
247,H,h*,0.40999999642372131,12.714254379,20.578350066999999,12.441667557000001
248,H,h*,0.40999999642372131,12.772215843,20.515432358000002,13.954041481000001
249,H,h*,0.40999999642372131,16.263904572000001,18.893606186,8.9586906430000006
250,H,h*,0.40999999642372131,16.413930893,18.534297942999999,7.5140852929999999
251,H,h*,0.40999999642372131,12.828374863000001,19.491758347000001,23.801536559999999
252,H,h*,0.40999999642372131,12.489336013999999,20.949583054000001,23.876491547000001
253,H,h*,0.40999999642372131,16.750411987,18.397159576,19.009820938000001
254,H,h*,0.40999999642372131,16.379693984999999,19.813915253000001,18.602659225
255,H,h*,0.40999999642372131,10.492254257000001,21.451667786000002,22.020683289000001
256,H,h*,0.40999999642372131,9.0015001300000002,21.586664200000001,22.219640731999998
257,H,h*,0.40999999642372131,11.875376701,23.630928040000001,6.1061468120000004
258,H,h*,0.40999999642372131,11.618329048,23.549943924000001,4.6197967530000001
259,Al,ac2,1.2000000476837158,0.034665134,33.775707245,21.489555359000001
260,Ca,ca+e,1.6000000238418579,0.125981018,42.939270020000002,18.816146850999999
261,Ca,ca+e,1.6000000238418579,9.581838608,30.333173752,23.795469283999999
262,O,oc8,-0.89999997615814209,-0.016052611000000001,35.277881622000002,20.307487488
263,O,oc5,-0.89999997615814209,0.089109181999999995,32.280765533,22.676124572999999
264,O,oc7,-0.89999997615814209,0.025412266999999999,35.279850005999997,17.316917418999999
265,O,oc8,-0.89999997615814209,-0.011228551,32.285381317000002,4.200231552
266,O,o*,-0.81999999284744263,-0.010171128999999999,37.857929230000003,22.449644089
267,O,o*,-0.81999999284744263,0.060213535999999998,40.993423462000003,20.509458542000001
268,O,o*,-0.81999999284744263,9.6746397020000003,32.238849639999998,4.4275050159999996
269,O,o*,-0.81999999284744263,10.353960037,35.422718048,17.191308974999998
270,O,o*,-0.81999999284744263,2.6375741960000001,36.904125213999997,13.188644409
271,O,o*,-0.81999999284744263,6.7242221830000002,36.220573424999998,8.0963563920000006
272,O,o*,-0.81999999284744263,1.985324979,32.451045989999997,2.3814263339999999
273,O,o*,-0.81999999284744263,7.3428845410000001,36.038387299,18.459564209
274,O,oc11,-0.60000002384185791,3.2005004879999999,39.412269592000001,9.0384225849999993
275,O,oc11,-0.60000002384185791,3.2683947089999998,39.396820067999997,17.353961944999998
276,O,oc11,-0.60000002384185791,3.2206099030000002,39.403713226000001,23.116851807
277,O,oc11,-0.60000002384185791,1.865476608,39.653747559000003,11.055822372
278,O,oc11,-0.60000002384185791,1.9188979859999999,39.736469268999997,15.363320351
279,O,oc11,-0.60000002384185791,1.8889659640000001,39.154361725000001,21.105646133
280,O,o*,-0.81999999284744263,1.6864264010000001,39.929039001,5.4465041159999998
281,S,s',0.60000002384185791,3.2325601580000001,39.402915954999997,10.526865959
282,S,s',0.60000002384185791,3.2710177900000001,39.398281097000002,15.867196083
283,S,s',0.60000002384185791,3.2539217470000001,39.415901183999999,21.631536484000002
284,H,h*,0.40999999642372131,0.78748256000000005,40.346225738999998,20.697391509999999
285,H,h*,0.40999999642372131,-0.70122224099999997,40.491809844999999,20.899671555000001
286,H,h*,0.40999999642372131,10.333478928,32.883068084999998,4.7738041879999997
287,H,h*,0.40999999642372131,8.8722305299999995,32.821224213000001,4.477469921
288,H,h*,0.40999999642372131,9.6458053590000006,34.776695251,16.968538284000001
289,H,h*,0.40999999642372131,11.07948494,35.010948181000003,16.656618118000001
290,H,h*,0.40999999642372131,2.962804556,37.468349457000002,12.441667557000001
291,H,h*,0.40999999642372131,3.020765543,37.405433655000003,13.954041481000001
292,H,h*,0.40999999642372131,6.5124554630000002,35.783607482999997,8.9586906430000006
293,H,h*,0.40999999642372131,6.662479877,35.424297332999998,7.5140852929999999
294,H,h*,0.40999999642372131,2.1808369160000001,33.19078064,3.0501053329999999
295,H,h*,0.40999999642372131,2.609449863,31.847999572999999,2.8974454399999998
296,H,h*,0.40999999642372131,6.9989614490000003,35.287158966,19.009820938000001
297,H,h*,0.40999999642372131,6.6282443999999998,36.703914642000001,18.602659225
298,H,h*,0.40999999642372131,0.74080395700000001,38.341667174999998,22.020683289000001
299,H,h*,0.40999999642372131,-0.74995017100000005,38.476661682,22.219640731999998
300,H,h*,0.40999999642372131,2.1239268779999998,40.520927428999997,6.1061468120000004
301,H,h*,0.40999999642372131,1.8668788670000001,40.439945221000002,4.6197972299999996
302,Al,ac2,1.2000000476837158,9.786114693,28.145708083999999,21.489555359000001
303,Ca,ca+e,1.6000000238418579,9.8774309159999998,37.309268951,18.816146850999999
304,Ca,ca+e,1.6000000238418579,19.167171478,22.300199508999999,2.4397988320000001
305,O,oc8,-0.89999997615814209,9.7353973390000004,29.647880554,20.307487488
306,O,oc5,-0.89999997615814209,9.8405590059999994,26.650764465000002,22.676124572999999
307,O,oc7,-0.89999997615814209,9.7768621440000008,29.649848938000002,17.316917418999999
308,O,oc8,-0.89999997615814209,9.7402210240000002,26.655380249,4.200231552
309,O,o*,-0.81999999284744263,9.7412786479999998,32.227928161999998,22.449644089
310,O,o*,-0.81999999284744263,9.8116636279999998,35.363422393999997,20.509458542000001
311,O,o*,-0.81999999284744263,19.426090240000001,26.608848571999999,4.4275050159999996
312,O,o*,-0.81999999284744263,20.105409622,29.792718886999999,17.191308974999998
313,O,o*,-0.81999999284744263,12.389024733999999,31.274124145999998,13.188644409
314,O,o*,-0.81999999284744263,16.475671768000002,30.590574265000001,8.0963563920000006
315,O,o*,-0.81999999284744263,11.911909102999999,31.316919327000001,24.352806091000001
316,O,o*,-0.81999999284744263,17.094333648999999,30.408386230000001,18.459564209
317,O,oc11,-0.60000002384185791,12.951950073000001,33.782268524000003,9.0384225849999993
318,O,oc11,-0.60000002384185791,13.019845009000001,33.766818999999998,17.353961944999998
319,O,oc11,-0.60000002384185791,12.972060204,33.773712158000002,23.116851807
320,O,oc11,-0.60000002384185791,11.616926192999999,34.023750305,11.055822372
321,O,oc11,-0.60000002384185791,11.670348167,34.106468200999998,15.363320351
322,O,oc11,-0.60000002384185791,11.640416145,33.524360657000003,21.105646133
323,O,o*,-0.81999999284744263,11.437876701,34.299037933000001,5.4465041159999998
324,S,s',0.60000002384185791,12.984009743,33.772914886000002,10.526865959
325,S,s',0.60000002384185791,13.022467613,33.768280029000003,15.867196083
326,S,s',0.60000002384185791,13.005372047,33.785903931,21.631536484000002
327,H,h*,0.40999999642372131,10.5389328,34.716228485000002,20.697391509999999
328,H,h*,0.40999999642372131,9.0502281189999998,34.861808777,20.899671555000001
329,H,h*,0.40999999642372131,20.084928513000001,27.253067016999999,4.7738041879999997
330,H,h*,0.40999999642372131,18.623680114999999,27.191225052,4.477469921
331,H,h*,0.40999999642372131,19.397254944,29.146696090999999,16.968538284000001
332,H,h*,0.40999999642372131,20.830934525,29.380949019999999,16.656618118000001
333,H,h*,0.40999999642372131,12.714254379,31.838350296000002,12.441667557000001
334,H,h*,0.40999999642372131,12.772215843,31.775432587000001,13.954041481000001
335,H,h*,0.40999999642372131,16.263904572000001,30.153606414999999,8.9586906430000006
336,H,h*,0.40999999642372131,16.413930893,29.794298172000001,7.5140852929999999
337,H,h*,0.40999999642372131,12.69904232,30.828460693,24.107702255
338,H,h*,0.40999999642372131,12.207953453,32.189788817999997,23.959241866999999
339,H,h*,0.40999999642372131,16.750411987,29.657159804999999,19.009820938000001
340,H,h*,0.40999999642372131,16.379693984999999,31.073915482,18.602659225
341,H,h*,0.40999999642372131,10.492254257000001,32.711669921999999,22.020683289000001
342,H,h*,0.40999999642372131,9.0015001300000002,32.846664429,22.219640731999998
343,H,h*,0.40999999642372131,11.875376701,34.890926360999998,6.1061468120000004
344,H,h*,0.40999999642372131,11.618329048,34.809944152999996,4.6197967530000001
345,Al,ac2,1.2000000476837158,19.537565230999999,-0.0042918059999999996,21.489555359000001
346,Ca,ca+e,1.6000000238418579,19.628881453999998,9.159270287,18.816146850999999
347,Ca,ca+e,1.6000000238418579,29.038307190000001,-3.4217133519999998,23.886035919000001
348,O,oc8,-0.89999997615814209,19.486846924000002,1.4978812930000001,20.307487488
349,O,oc5,-0.89999997615814209,19.592008590999999,-1.499236107,22.676124572999999
350,O,oc7,-0.89999997615814209,19.528312682999999,1.499849677,17.316917418999999
351,O,oc8,-0.89999997615814209,19.491670609,-1.494620085,4.200231552
352,O,o*,-0.81999999284744263,19.492729186999998,4.0779285429999996,22.449644089
353,O,o*,-0.81999999284744263,19.563114165999998,7.2134232520000001,20.509458542000001
354,O,o*,-0.81999999284744263,29.177539825,-1.5411505700000001,4.4275050159999996
355,O,o*,-0.81999999284744263,29.856859206999999,1.6427193879999999,17.191308974999998
356,O,o*,-0.81999999284744263,22.140474318999999,3.1241242890000001,13.188644409
357,O,o*,-0.81999999284744263,26.227121353000001,2.4405736920000001,8.0963563920000006
358,O,o*,-0.81999999284744263,22.089767456000001,3.197224855,24.343933105000001
359,O,o*,-0.81999999284744263,26.845785141,2.2583858970000001,18.459564209
360,O,oc11,-0.60000002384185791,22.703399657999999,5.6322703360000004,9.0384225849999993
361,O,oc11,-0.60000002384185791,22.771295547000001,5.6168203349999999,17.353961944999998
362,O,oc11,-0.60000002384185791,22.723510741999998,5.6237120630000001,23.116851807
363,O,oc11,-0.60000002384185791,21.368375778000001,5.8737483020000001,11.055822372
364,O,oc11,-0.60000002384185791,21.421798706000001,5.9564695360000002,15.363320351
365,O,oc11,-0.60000002384185791,21.391866684,5.374361038,21.105646133
366,O,o*,-0.81999999284744263,21.189327240000001,6.1490392680000001,5.4465041159999998
367,S,s',0.60000002384185791,22.735460281000002,5.6229162219999997,10.526865959
368,S,s',0.60000002384185791,22.773918152,5.6182794569999999,15.867196083
369,S,s',0.60000002384185791,22.756822585999998,5.6359024050000004,21.631536484000002
370,H,h*,0.40999999642372131,20.290382385000001,6.5662274360000001,20.697391509999999
371,H,h*,0.40999999642372131,18.801677703999999,6.7118101120000002,20.899671555000001
372,H,h*,0.40999999642372131,29.836378098000001,-0.89693367499999999,4.7738041879999997
373,H,h*,0.40999999642372131,28.375129699999999,-0.95877432799999995,4.477469921
374,H,h*,0.40999999642372131,29.148706436000001,0.99669623399999996,16.968538284000001
375,H,h*,0.40999999642372131,30.582386017000001,1.2309492829999999,16.656618118000001
376,H,h*,0.40999999642372131,22.465703963999999,3.688350201,12.441667557000001
377,H,h*,0.40999999642372131,22.523666381999998,3.6254329680000001,13.954041481000001
378,H,h*,0.40999999642372131,26.015356063999999,2.0036058429999999,8.9586906430000006
379,H,h*,0.40999999642372131,26.165380477999999,1.6442989109999999,7.5140852929999999
380,H,h*,0.40999999642372131,22.884700774999999,2.746509552,23.993106842
381,H,h*,0.40999999642372131,22.250627518000002,4.1085424420000001,23.914297103999999
382,H,h*,0.40999999642372131,26.501861571999999,1.5071600679999999,19.009820938000001
383,H,h*,0.40999999642372131,26.131145477,2.9239161010000001,18.602659225
384,H,h*,0.40999999642372131,20.243703841999999,4.561668396,22.020683289000001
385,H,h*,0.40999999642372131,18.752950668,4.6966633800000004,22.219640731999998
386,H,h*,0.40999999642372131,21.626827240000001,6.7409272189999996,6.1061468120000004
387,H,h*,0.40999999642372131,21.369779587,6.6599440569999997,4.6197972299999996
388,Al,ac2,1.2000000476837158,29.289014816000002,-5.6342916489999997,21.489555359000001
389,Ca,ca+e,1.6000000238418579,29.380331039000001,3.5292706489999999,18.816146850999999
390,Ca,ca+e,1.6000000238418579,38.689769745,-11.506409645,2.443686724
391,O,oc8,-0.89999997615814209,29.238296509000001,-4.1321187019999996,20.307487488
392,O,oc5,-0.89999997615814209,29.343460083,-7.1292362210000002,22.676124572999999
393,O,oc7,-0.89999997615814209,29.279762267999999,-4.1301503180000001,17.316917418999999
394,O,oc8,-0.89999997615814209,29.243122101000001,-7.1246199609999996,4.200231552
395,O,o*,-0.81999999284744263,29.244178772000001,-1.5520715709999999,22.449644089
396,O,o*,-0.81999999284744263,29.314563751000001,1.5834231379999999,20.509458542000001
397,O,o*,-0.81999999284744263,38.92898941,-7.1711506839999997,4.4275050159999996
398,O,o*,-0.81999999284744263,39.608310699,-3.9872806070000002,17.191308974999998
399,O,o*,-0.81999999284744263,31.891923903999999,-2.5058755869999998,13.188644409
400,O,o*,-0.81999999284744263,35.978572845000002,-3.1894264219999999,8.0963563920000006
401,O,o*,-0.81999999284744263,31.479394913,-2.3438880439999998,24.244672775000002
402,O,o*,-0.81999999284744263,36.597232818999998,-3.3716139790000001,18.459564209
403,O,oc11,-0.60000002384185791,32.454849242999998,0.0022704069999999999,9.0384225849999993
404,O,oc11,-0.60000002384185791,32.522743224999999,-0.013179481999999999,17.353961944999998
405,O,oc11,-0.60000002384185791,32.474960326999998,-0.0062880729999999999,23.116851807
406,O,oc11,-0.60000002384185791,31.119827270999998,0.243748456,11.055822372
407,O,oc11,-0.60000002384185791,31.173248291,0.32646963000000001,15.363320351
408,O,oc11,-0.60000002384185791,31.143316269,-0.25563883799999998,21.105646133
409,O,o*,-0.81999999284744263,30.940776825,0.51903909400000003,5.4465041159999998
410,S,s',0.60000002384185791,32.486911773999999,-0.0070840110000000003,10.526865959
411,S,s',0.60000002384185791,32.525367737000003,-0.011720516,15.867196083
412,S,s',0.60000002384185791,32.508270263999997,0.0059022939999999998,21.631536484000002
413,H,h*,0.40999999642372131,30.04183197,0.93622767900000003,20.697391509999999
414,H,h*,0.40999999642372131,28.553127288999999,1.081810355,20.899671555000001
415,H,h*,0.40999999642372131,39.587829589999998,-6.52693367,4.7738041879999997
416,H,h*,0.40999999642372131,38.126579284999998,-6.5887742039999999,4.477469921
417,H,h*,0.40999999642372131,38.900154114000003,-4.6333036420000004,16.968538284000001
418,H,h*,0.40999999642372131,40.333835602000001,-4.3990507130000003,16.656618118000001
419,H,h*,0.40999999642372131,32.217155456999997,-1.9416496750000001,12.441667557000001
420,H,h*,0.40999999642372131,32.275115966999998,-2.0045671459999999,13.954041481000001
421,H,h*,0.40999999642372131,35.766803740999997,-3.626394033,8.9586906430000006
422,H,h*,0.40999999642372131,35.916828156000001,-3.985701084,7.5140852929999999
423,H,h*,0.40999999642372131,32.365470885999997,-2.4900941849999998,23.866594315
424,H,h*,0.40999999642372131,31.506135941,-1.36550653,23.990039825
425,H,h*,0.40999999642372131,36.253311156999999,-4.1228399280000003,19.009820938000001
426,H,h*,0.40999999642372131,35.882595062,-2.7060840129999999,18.602659225
427,H,h*,0.40999999642372131,29.995153427000002,-1.068331718,22.020683289000001
428,H,h*,0.40999999642372131,28.504400253,-0.93333643700000002,22.219640731999998
429,H,h*,0.40999999642372131,31.378276825,1.110927105,6.1061468120000004
430,H,h*,0.40999999642372131,31.121229172,1.029944301,4.6197967530000001
431,Al,ac2,1.2000000476837158,19.537565230999999,11.255707741,21.489555359000001
432,Ca,ca+e,1.6000000238418579,19.628881453999998,20.419271469000002,18.816146850999999
433,Ca,ca+e,1.6000000238418579,29.319622039999999,7.790750504,23.910390853999999
434,O,oc8,-0.89999997615814209,19.486846924000002,12.757881165000001,20.307487488
435,O,oc5,-0.89999997615814209,19.592008590999999,9.7607641219999994,22.676124572999999
436,O,oc7,-0.89999997615814209,19.528312682999999,12.759849548,17.316917418999999
437,O,oc8,-0.89999997615814209,19.491670609,9.7653799059999997,4.200231552
438,O,o*,-0.81999999284744263,19.492729186999998,15.337928772,22.449644089
439,O,o*,-0.81999999284744263,19.563114165999998,18.473423004000001,20.509458542000001
440,O,o*,-0.81999999284744263,29.177539825,9.7188491819999996,4.4275050159999996
441,O,o*,-0.81999999284744263,29.856859206999999,12.902719498,17.191308974999998
442,O,o*,-0.81999999284744263,22.140474318999999,14.384124756,13.188644409
443,O,o*,-0.81999999284744263,26.227121353000001,13.700573921,8.0963563920000006
444,O,o*,-0.81999999284744263,21.969430923000001,14.520895958000001,24.292934418000002
445,O,o*,-0.81999999284744263,26.845785141,13.518385887000001,18.459564209
446,O,oc11,-0.60000002384185791,22.703399657999999,16.892271042000001,9.0384225849999993
447,O,oc11,-0.60000002384185791,22.771295547000001,16.876819610999998,17.353961944999998
448,O,oc11,-0.60000002384185791,22.723510741999998,16.883712768999999,23.116851807
449,O,oc11,-0.60000002384185791,21.368375778000001,17.133749007999999,11.055822372
450,O,oc11,-0.60000002384185791,21.421798706000001,17.216468810999999,15.363320351
451,O,oc11,-0.60000002384185791,21.391866684,16.634361266999999,21.105646133
452,O,o*,-0.81999999284744263,21.189327240000001,17.409038544000001,5.4465041159999998
453,S,s',0.60000002384185791,22.735460281000002,16.882915496999999,10.526865959
454,S,s',0.60000002384185791,22.773918152,16.878278731999998,15.867196083
455,S,s',0.60000002384185791,22.756822585999998,16.895902633999999,21.631536484000002
456,H,h*,0.40999999642372131,20.290382385000001,17.826227188000001,20.697391509999999
457,H,h*,0.40999999642372131,18.801677703999999,17.971809387,20.899671555000001
458,H,h*,0.40999999642372131,29.836378098000001,10.363066673000001,4.7738041879999997
459,H,h*,0.40999999642372131,28.375129699999999,10.301225662,4.477469921
460,H,h*,0.40999999642372131,29.148706436000001,12.256696700999999,16.968538284000001
461,H,h*,0.40999999642372131,30.582386017000001,12.490949630999999,16.656618118000001
462,H,h*,0.40999999642372131,22.465703963999999,14.948349952999999,12.441667557000001
463,H,h*,0.40999999642372131,22.523666381999998,14.885433196999999,13.954041481000001
464,H,h*,0.40999999642372131,26.015356063999999,13.263606071,8.9586906430000006
465,H,h*,0.40999999642372131,26.165380477999999,12.904298782,7.5140852929999999
466,H,h*,0.40999999642372131,22.648416519000001,13.942522049000001,23.877498627000001
467,H,h*,0.40999999642372131,22.183696746999999,15.388683319,23.825931549
468,H,h*,0.40999999642372131,26.501861571999999,12.767160415999999,19.009820938000001
469,H,h*,0.40999999642372131,26.131145477,14.183916092,18.602659225
470,H,h*,0.40999999642372131,20.243703841999999,15.821668624999999,22.020683289000001
471,H,h*,0.40999999642372131,18.752950668,15.956663131999999,22.219640731999998
472,H,h*,0.40999999642372131,21.626827240000001,18.000926970999998,6.1061468120000004
473,H,h*,0.40999999642372131,21.369779587,17.919944763,4.6197972299999996
474,Al,ac2,1.2000000476837158,29.289014816000002,5.625708103,21.489555359000001
475,Ca,ca+e,1.6000000238418579,29.380331039000001,14.789270401,18.816146850999999
476,Ca,ca+e,1.6000000238418579,38.668003081999998,2.2714304919999999,23.874589919999998
477,O,oc8,-0.89999997615814209,29.238296509000001,7.1278815270000004,20.307487488
478,O,oc5,-0.89999997615814209,29.343460083,4.1307640079999999,22.676124572999999
479,O,oc7,-0.89999997615814209,29.279762267999999,7.1298494339999996,17.316917418999999
480,O,oc8,-0.89999997615814209,29.243122101000001,4.1353797910000001,4.200231552
481,O,o*,-0.81999999284744263,29.244178772000001,9.7079286580000002,22.449644089
482,O,o*,-0.81999999284744263,29.314563751000001,12.843422889999999,20.509458542000001
483,O,o*,-0.81999999284744263,38.92898941,4.0888495450000004,4.4275050159999996
484,O,o*,-0.81999999284744263,39.608310699,7.2727193830000001,17.191308974999998
485,O,o*,-0.81999999284744263,31.891923903999999,8.7541246410000007,13.188644409
486,O,o*,-0.81999999284744263,35.978572845000002,8.0705738070000006,8.0963563920000006
487,O,o*,-0.81999999284744263,31.727590561,8.8449697490000005,24.403463364
488,O,o*,-0.81999999284744263,36.597232818999998,7.8883857730000004,18.459564209
489,O,oc11,-0.60000002384185791,32.454849242999998,11.262269974000001,9.0384225849999993
490,O,oc11,-0.60000002384185791,32.522743224999999,11.24682045,17.353961944999998
491,O,oc11,-0.60000002384185791,32.474960326999998,11.2537117,23.116851807
492,O,oc11,-0.60000002384185791,31.119827270999998,11.503748893999999,11.055822372
493,O,oc11,-0.60000002384185791,31.173248291,11.58646965,15.363320351
494,O,oc11,-0.60000002384185791,31.143316269,11.004361153,21.105646133
495,O,o*,-0.81999999284744263,30.940776825,11.779039383000001,5.4465041159999998
496,S,s',0.60000002384185791,32.486911773999999,11.252916336,10.526865959
497,S,s',0.60000002384185791,32.525367737000003,11.248279572,15.867196083
498,S,s',0.60000002384185791,32.508270263999997,11.265902519000001,21.631536484000002
499,H,h*,0.40999999642372131,30.04183197,12.196228027,20.697391509999999
500,H,h*,0.40999999642372131,28.553127288999999,12.341810226,20.899671555000001
501,H,h*,0.40999999642372131,39.587829589999998,4.7330660819999997,4.7738041879999997
502,H,h*,0.40999999642372131,38.126579284999998,4.6712255479999998,4.477469921
503,H,h*,0.40999999642372131,38.900154114000003,6.6266961100000001,16.968538284000001
504,H,h*,0.40999999642372131,40.333835602000001,6.8609495159999998,16.656618118000001
505,H,h*,0.40999999642372131,32.217155456999997,9.3183498379999996,12.441667557000001
506,H,h*,0.40999999642372131,32.275115966999998,9.2554330829999998,13.954041481000001
507,H,h*,0.40999999642372131,35.766803740999997,7.6336059570000003,8.9586906430000006
508,H,h*,0.40999999642372131,35.916828156000001,7.2742986680000001,7.5140852929999999
509,H,h*,0.40999999642372131,32.500885009999998,8.2628297810000007,24.259704589999998
510,H,h*,0.40999999642372131,32.035541533999996,9.6120595929999997,23.836307525999999
511,H,h*,0.40999999642372131,36.253311156999999,7.1371598240000003,19.009820938000001
512,H,h*,0.40999999642372131,35.882595062,8.5539159770000008,18.602659225
513,H,h*,0.40999999642372131,29.995153427000002,10.19166851,22.020683289000001
514,H,h*,0.40999999642372131,28.504400253,10.326663971,22.219640731999998
515,H,h*,0.40999999642372131,31.378276825,12.370926857000001,6.1061468120000004
516,H,h*,0.40999999642372131,31.121229172,12.289944649000001,4.6197967530000001
517,Al,ac2,1.2000000476837158,19.537565230999999,22.515708922999998,21.489555359000001
518,Ca,ca+e,1.6000000238418579,19.628881453999998,31.679269790999999,18.816146850999999
519,Ca,ca+e,1.6000000238418579,28.899562836000001,16.539558411000002,2.4274613860000001
520,O,oc8,-0.89999997615814209,19.486846924000002,24.017881393,20.307487488
521,O,oc5,-0.89999997615814209,19.592008590999999,21.020763397,22.676124572999999
522,O,oc7,-0.89999997615814209,19.528312682999999,24.019849777000001,17.316917418999999
523,O,oc8,-0.89999997615814209,19.491670609,21.025379181000002,4.200231552
524,O,o*,-0.81999999284744263,19.492729186999998,26.597929001000001,22.449644089
525,O,o*,-0.81999999284744263,19.563114165999998,29.733423233,20.509458542000001
526,O,o*,-0.81999999284744263,29.177539825,20.978849410999999,4.4275050159999996
527,O,o*,-0.81999999284744263,29.856859206999999,24.162719726999999,17.191308974999998
528,O,o*,-0.81999999284744263,22.140474318999999,25.644124985000001,13.188644409
529,O,o*,-0.81999999284744263,26.227121353000001,24.960573195999999,8.0963563920000006
530,O,o*,-0.81999999284744263,21.518064499000001,21.294826508,2.4681549070000002
531,O,o*,-0.81999999284744263,26.845785141,24.778385161999999,18.459564209
532,O,oc11,-0.60000002384185791,22.703399657999999,28.152271271,9.0384225849999993
533,O,oc11,-0.60000002384185791,22.771295547000001,28.136819839000001,17.353961944999998
534,O,oc11,-0.60000002384185791,22.723510741999998,28.14371109,23.116851807
535,O,oc11,-0.60000002384185791,21.368375778000001,28.393749237000002,11.055822372
536,O,oc11,-0.60000002384185791,21.421798706000001,28.476469040000001,15.363320351
537,O,oc11,-0.60000002384185791,21.391866684,27.894361495999998,21.105646133
538,O,o*,-0.81999999284744263,21.189327240000001,28.669038773,5.4465041159999998
539,S,s',0.60000002384185791,22.735460281000002,28.142915725999998,10.526865959
540,S,s',0.60000002384185791,22.773918152,28.138278961000001,15.867196083
541,S,s',0.60000002384185791,22.756822585999998,28.155902863000001,21.631536484000002
542,H,h*,0.40999999642372131,20.290382385000001,29.086227417,20.697391509999999
543,H,h*,0.40999999642372131,18.801677703999999,29.231809616,20.899671555000001
544,H,h*,0.40999999642372131,29.836378098000001,21.623065948000001,4.7738041879999997
545,H,h*,0.40999999642372131,28.375129699999999,21.561225890999999,4.477469921
546,H,h*,0.40999999642372131,29.148706436000001,23.516696929999998,16.968538284000001
547,H,h*,0.40999999642372131,30.582386017000001,23.750949859999999,16.656618118000001
548,H,h*,0.40999999642372131,22.465703963999999,26.208351135000001,12.441667557000001
549,H,h*,0.40999999642372131,22.523666381999998,26.145433426,13.954041481000001
550,H,h*,0.40999999642372131,26.015356063999999,24.523605347,8.9586906430000006
551,H,h*,0.40999999642372131,26.165380477999999,24.164299011000001,7.5140852929999999
552,H,h*,0.40999999642372131,21.333402633999999,21.820238112999998,3.3374109270000001
553,H,h*,0.40999999642372131,22.359312057,20.905467987000002,2.8823864459999999
554,H,h*,0.40999999642372131,26.501861571999999,24.027160644999999,19.009820938000001
555,H,h*,0.40999999642372131,26.131145477,25.443916321,18.602659225
556,H,h*,0.40999999642372131,20.243703841999999,27.081668854,22.020683289000001
557,H,h*,0.40999999642372131,18.752950668,27.216663360999998,22.219640731999998
558,H,h*,0.40999999642372131,21.626827240000001,29.260927200000001,6.1061468120000004
559,H,h*,0.40999999642372131,21.369779587,29.179944991999999,4.6197972299999996
560,Al,ac2,1.2000000476837158,29.289014816000002,16.885707855,21.489555359000001
561,Ca,ca+e,1.6000000238418579,29.380331039000001,26.049270629999999,18.816146850999999
562,Ca,ca+e,1.6000000238418579,38.723411560000002,13.477870941000001,23.918867111000001
563,O,oc8,-0.89999997615814209,29.238296509000001,18.387882232999999,20.307487488
564,O,oc5,-0.89999997615814209,29.343460083,15.390764236000001,22.676124572999999
565,O,oc7,-0.89999997615814209,29.279762267999999,18.389848708999999,17.316917418999999
566,O,oc8,-0.89999997615814209,29.243122101000001,15.395380019999999,4.200231552
567,O,o*,-0.81999999284744263,29.244178772000001,20.967927932999999,22.449644089
568,O,o*,-0.81999999284744263,29.314563751000001,24.103422165000001,20.509458542000001
569,O,o*,-0.81999999284744263,38.92898941,15.348849296999999,4.4275050159999996
570,O,o*,-0.81999999284744263,39.608310699,18.532718658,17.191308974999998
571,O,o*,-0.81999999284744263,31.891923903999999,20.014123916999999,13.188644409
572,O,o*,-0.81999999284744263,35.978572845000002,19.330574036000002,8.0963563920000006
573,O,o*,-0.81999999284744263,31.422735213999999,15.451062201999999,2.1219663620000002
574,O,o*,-0.81999999284744263,36.597232818999998,19.148386001999999,18.459564209
575,O,oc11,-0.60000002384185791,32.454849242999998,22.522270203000001,9.0384225849999993
576,O,oc11,-0.60000002384185791,32.522743224999999,22.506820679,17.353961944999998
577,O,oc11,-0.60000002384185791,32.474960326999998,22.513711928999999,23.116851807
578,O,oc11,-0.60000002384185791,31.119827270999998,22.763748168999999,11.055822372
579,O,oc11,-0.60000002384185791,31.173248291,22.846469879000001,15.363320351
580,O,oc11,-0.60000002384185791,31.143316269,22.264360428,21.105646133
581,O,o*,-0.81999999284744263,30.940776825,23.039039612,5.4465041159999998
582,S,s',0.60000002384185791,32.486911773999999,22.512916565000001,10.526865959
583,S,s',0.60000002384185791,32.525367737000003,22.5082798,15.867196083
584,S,s',0.60000002384185791,32.508270263999997,22.525901793999999,21.631536484000002
585,H,h*,0.40999999642372131,30.04183197,23.456228255999999,20.697391509999999
586,H,h*,0.40999999642372131,28.553127288999999,23.601810454999999,20.899671555000001
587,H,h*,0.40999999642372131,39.587829589999998,15.993065833999999,4.7738041879999997
588,H,h*,0.40999999642372131,38.126579284999998,15.931225777,4.477469921
589,H,h*,0.40999999642372131,38.900154114000003,17.886695862,16.968538284000001
590,H,h*,0.40999999642372131,40.333835602000001,18.120948792,16.656618118000001
591,H,h*,0.40999999642372131,32.217155456999997,20.578350066999999,12.441667557000001
592,H,h*,0.40999999642372131,32.275115966999998,20.515432358000002,13.954041481000001
593,H,h*,0.40999999642372131,35.766803740999997,18.893606186,8.9586906430000006
594,H,h*,0.40999999642372131,35.916828156000001,18.534297942999999,7.5140852929999999
595,H,h*,0.40999999642372131,31.471355438,15.419184684999999,3.0960664750000002
596,H,h*,0.40999999642372131,32.411373138000002,15.390280724,2.031326532
597,H,h*,0.40999999642372131,36.253311156999999,18.397159576,19.009820938000001
598,H,h*,0.40999999642372131,35.882595062,19.813915253000001,18.602659225
599,H,h*,0.40999999642372131,29.995153427000002,21.451667786000002,22.020683289000001
600,H,h*,0.40999999642372131,28.504400253,21.586664200000001,22.219640731999998
601,H,h*,0.40999999642372131,31.378276825,23.630928040000001,6.1061468120000004
602,H,h*,0.40999999642372131,31.121229172,23.549943924000001,4.6197967530000001
603,Al,ac2,1.2000000476837158,19.537565230999999,33.775707245,21.489555359000001
604,Ca,ca+e,1.6000000238418579,19.628881453999998,42.939270020000002,18.816146850999999
605,Ca,ca+e,1.6000000238418579,29.231357574,30.295898437999998,23.902849196999998
606,O,oc8,-0.89999997615814209,19.486846924000002,35.277881622000002,20.307487488
607,O,oc5,-0.89999997615814209,19.592008590999999,32.280765533,22.676124572999999
608,O,oc7,-0.89999997615814209,19.528312682999999,35.279850005999997,17.316917418999999
609,O,oc8,-0.89999997615814209,19.491670609,32.285381317000002,4.200231552
610,O,o*,-0.81999999284744263,19.492729186999998,37.857929230000003,22.449644089
611,O,o*,-0.81999999284744263,19.563114165999998,40.993423462000003,20.509458542000001
612,O,o*,-0.81999999284744263,29.177539825,32.238849639999998,4.4275050159999996
613,O,o*,-0.81999999284744263,29.856859206999999,35.422718048,17.191308974999998
614,O,o*,-0.81999999284744263,22.140474318999999,36.904125213999997,13.188644409
615,O,o*,-0.81999999284744263,26.227121353000001,36.220573424999998,8.0963563920000006
616,O,o*,-0.81999999284744263,21.782064437999999,37.056381225999999,24.310590743999999
617,O,o*,-0.81999999284744263,26.845785141,36.038387299,18.459564209
618,O,oc11,-0.60000002384185791,22.703399657999999,39.412269592000001,9.0384225849999993
619,O,oc11,-0.60000002384185791,22.771295547000001,39.396820067999997,17.353961944999998
620,O,oc11,-0.60000002384185791,22.723510741999998,39.403713226000001,23.116851807
621,O,oc11,-0.60000002384185791,21.368375778000001,39.653747559000003,11.055822372
622,O,oc11,-0.60000002384185791,21.421798706000001,39.736469268999997,15.363320351
623,O,oc11,-0.60000002384185791,21.391866684,39.154361725000001,21.105646133
624,O,o*,-0.81999999284744263,21.189327240000001,39.929039001,5.4465041159999998
625,S,s',0.60000002384185791,22.735460281000002,39.402915954999997,10.526865959
626,S,s',0.60000002384185791,22.773918152,39.398281097000002,15.867196083
627,S,s',0.60000002384185791,22.756822585999998,39.415901183999999,21.631536484000002
628,H,h*,0.40999999642372131,20.290382385000001,40.346225738999998,20.697391509999999
629,H,h*,0.40999999642372131,18.801677703999999,40.491809844999999,20.899671555000001
630,H,h*,0.40999999642372131,29.836378098000001,32.883068084999998,4.7738041879999997
631,H,h*,0.40999999642372131,28.375129699999999,32.821224213000001,4.477469921
632,H,h*,0.40999999642372131,29.148706436000001,34.776695251,16.968538284000001
633,H,h*,0.40999999642372131,30.582386017000001,35.010948181000003,16.656618118000001
634,H,h*,0.40999999642372131,22.465703963999999,37.468349457000002,12.441667557000001
635,H,h*,0.40999999642372131,22.523666381999998,37.405433655000003,13.954041481000001
636,H,h*,0.40999999642372131,26.015356063999999,35.783607482999997,8.9586906430000006
637,H,h*,0.40999999642372131,26.165380477999999,35.424297332999998,7.5140852929999999
638,H,h*,0.40999999642372131,22.587108612000002,36.759826660000002,23.849752425999998
639,H,h*,0.40999999642372131,22.031259537,38.009521483999997,24.172048569000001
640,H,h*,0.40999999642372131,26.501861571999999,35.287158966,19.009820938000001
641,H,h*,0.40999999642372131,26.131145477,36.703914642000001,18.602659225
642,H,h*,0.40999999642372131,20.243703841999999,38.341667174999998,22.020683289000001
643,H,h*,0.40999999642372131,18.752950668,38.476661682,22.219640731999998
644,H,h*,0.40999999642372131,21.626827240000001,40.520927428999997,6.1061468120000004
645,H,h*,0.40999999642372131,21.369779587,40.439945221000002,4.6197972299999996
646,Al,ac2,1.2000000476837158,29.289014816000002,28.145708083999999,21.489555359000001
647,Ca,ca+e,1.6000000238418579,29.380331039000001,37.309268951,18.816146850999999
648,Ca,ca+e,1.6000000238418579,39.106990814,24.670406342,23.882730484
649,O,oc8,-0.89999997615814209,29.238296509000001,29.647880554,20.307487488
650,O,oc5,-0.89999997615814209,29.343460083,26.650764465000002,22.676124572999999
651,O,oc7,-0.89999997615814209,29.279762267999999,29.649848938000002,17.316917418999999
652,O,oc8,-0.89999997615814209,29.243122101000001,26.655380249,4.200231552
653,O,o*,-0.81999999284744263,29.244178772000001,32.227928161999998,22.449644089
654,O,o*,-0.81999999284744263,29.314563751000001,35.363422393999997,20.509458542000001
655,O,o*,-0.81999999284744263,38.92898941,26.608848571999999,4.4275050159999996
656,O,o*,-0.81999999284744263,39.608310699,29.792718886999999,17.191308974999998
657,O,o*,-0.81999999284744263,31.891923903999999,31.274124145999998,13.188644409
658,O,o*,-0.81999999284744263,35.978572845000002,30.590574265000001,8.0963563920000006
659,O,o*,-0.81999999284744263,31.656845093000001,31.393968581999999,24.200363158999998
660,O,o*,-0.81999999284744263,36.597232818999998,30.408386230000001,18.459564209
661,O,oc11,-0.60000002384185791,32.454849242999998,33.782268524000003,9.0384225849999993
662,O,oc11,-0.60000002384185791,32.522743224999999,33.766818999999998,17.353961944999998
663,O,oc11,-0.60000002384185791,32.474960326999998,33.773712158000002,23.116851807
664,O,oc11,-0.60000002384185791,31.119827270999998,34.023750305,11.055822372
665,O,oc11,-0.60000002384185791,31.173248291,34.106468200999998,15.363320351
666,O,oc11,-0.60000002384185791,31.143316269,33.524360657000003,21.105646133
667,O,o*,-0.81999999284744263,30.940776825,34.299037933000001,5.4465041159999998
668,S,s',0.60000002384185791,32.486911773999999,33.772914886000002,10.526865959
669,S,s',0.60000002384185791,32.525367737000003,33.768280029000003,15.867196083
670,S,s',0.60000002384185791,32.508270263999997,33.785903931,21.631536484000002
671,H,h*,0.40999999642372131,30.04183197,34.716228485000002,20.697391509999999
672,H,h*,0.40999999642372131,28.553127288999999,34.861808777,20.899671555000001
673,H,h*,0.40999999642372131,39.587829589999998,27.253067016999999,4.7738041879999997
674,H,h*,0.40999999642372131,38.126579284999998,27.191225052,4.477469921
675,H,h*,0.40999999642372131,38.900154114000003,29.146696090999999,16.968538284000001
676,H,h*,0.40999999642372131,40.333835602000001,29.380949019999999,16.656618118000001
677,H,h*,0.40999999642372131,32.217155456999997,31.838350296000002,12.441667557000001
678,H,h*,0.40999999642372131,32.275115966999998,31.775432587000001,13.954041481000001
679,H,h*,0.40999999642372131,35.766803740999997,30.153606414999999,8.9586906430000006
680,H,h*,0.40999999642372131,35.916828156000001,29.794298172000001,7.5140852929999999
681,H,h*,0.40999999642372131,32.306667328000003,30.938711166000001,23.625986098999999
682,H,h*,0.40999999642372131,31.802665709999999,32.328464508000003,23.861326217999999
683,H,h*,0.40999999642372131,36.253311156999999,29.657159804999999,19.009820938000001
684,H,h*,0.40999999642372131,35.882595062,31.073915482,18.602659225
685,H,h*,0.40999999642372131,29.995153427000002,32.711669921999999,22.020683289000001
686,H,h*,0.40999999642372131,28.504400253,32.846664429,22.219640731999998
687,H,h*,0.40999999642372131,31.378276825,34.890926360999998,6.1061468120000004
688,H,h*,0.40999999642372131,31.121229172,34.809944152999996,4.6197967530000001
689,Al,ac2,1.2000000476837158,-0.028984874000000001,0.0066085620000000001,5.3845252989999999
690,Al,ac2,1.2000000476837158,9.7224655149999997,-5.6233916280000003,5.3845252989999999
691,Al,ac2,1.2000000476837158,-0.028984874000000001,11.266608238,5.3845252989999999
692,Al,ac2,1.2000000476837158,9.7224655149999997,5.6366086009999998,5.3845252989999999
693,Al,ac2,1.2000000476837158,-0.028984874000000001,22.526609421,5.3845252989999999
694,Al,ac2,1.2000000476837158,9.7224655149999997,16.896608353000001,5.3845252989999999
695,Al,ac2,1.2000000476837158,-0.028984874000000001,33.786609650000003,5.3845252989999999
696,Al,ac2,1.2000000476837158,9.7224655149999997,28.156608582,5.3845252989999999
697,Al,ac2,1.2000000476837158,19.473915099999999,0.0066085620000000001,5.3845252989999999
698,Al,ac2,1.2000000476837158,29.225364684999999,-5.6233916280000003,5.3845252989999999
699,Al,ac2,1.2000000476837158,19.473915099999999,11.266608238,5.3845252989999999
700,Al,ac2,1.2000000476837158,29.225364684999999,5.6366086009999998,5.3845252989999999
701,Al,ac2,1.2000000476837158,19.473915099999999,22.526609421,5.3845252989999999
702,Al,ac2,1.2000000476837158,29.225364684999999,16.896608353000001,5.3845252989999999
703,Al,ac2,1.2000000476837158,19.473915099999999,33.786609650000003,5.3845252989999999
704,Al,ac2,1.2000000476837158,29.225364684999999,28.156608582,5.3845252989999999
705,H,hoc,0.34999999403953552,0.074836306000000005,-2.345371246,22.252286910999999
706,H,hoc,0.34999999403953552,9.8262863159999991,-7.9753708840000002,22.252286910999999
707,H,hoc,0.34999999403953552,0.074836306000000005,8.9146289830000001,22.252286910999999
708,H,hoc,0.34999999403953552,9.8262863159999991,3.284628868,22.252286910999999
709,H,hoc,0.34999999403953552,0.074836306000000005,20.174629210999999,22.252286910999999
710,H,hoc,0.34999999403953552,9.8262863159999991,14.544629097,22.252286910999999
711,H,hoc,0.34999999403953552,0.074836306000000005,31.434629439999998,22.252286910999999
712,H,hoc,0.34999999403953552,9.8262863159999991,25.804628372,22.252286910999999
713,H,hoc,0.34999999403953552,19.577735901,-2.345371246,22.252286910999999
714,H,hoc,0.34999999403953552,29.329185486,-7.9753708840000002,22.252286910999999
715,H,hoc,0.34999999403953552,19.577735901,8.9146289830000001,22.252286910999999
716,H,hoc,0.34999999403953552,29.329185486,3.284628868,22.252286910999999
717,H,hoc,0.34999999403953552,19.577735901,20.174629210999999,22.252286910999999
718,H,hoc,0.34999999403953552,29.329185486,14.544629097,22.252286910999999
719,H,hoc,0.34999999403953552,19.577735901,31.434629439999998,22.252286910999999
720,H,hoc,0.34999999403953552,29.329185486,25.804628372,22.252286910999999
721,H,hoc,0.34999999403953552,0.042707328000000003,2.3545339109999999,16.908580780000001
722,H,hoc,0.34999999403953552,-0.0087447150000000001,-2.3425273899999999,4.6212286950000001
723,H,hoc,0.34999999403953552,-0.024546432999999999,2.3455913069999998,20.729642867999999
724,H,hoc,0.34999999403953552,9.7941570280000008,-3.275465965,16.908580780000001
725,H,hoc,0.34999999403953552,9.7427053449999992,-7.9725275040000003,4.6212286950000001
726,H,hoc,0.34999999403953552,9.7269039149999994,-3.2844088079999998,20.729642867999999
727,H,hoc,0.34999999403953552,0.042707328000000003,13.614534378,16.908580780000001
728,H,hoc,0.34999999403953552,-0.0087447150000000001,8.9174728390000002,4.6212286950000001
729,H,hoc,0.34999999403953552,-0.024546432999999999,13.60559082,20.729642867999999
730,H,hoc,0.34999999403953552,9.7941570280000008,7.9845337870000002,16.908580780000001
731,H,hoc,0.34999999403953552,9.7427053449999992,3.2874727250000002,4.6212286950000001
732,H,hoc,0.34999999403953552,9.7269039149999994,7.9755911829999997,20.729642867999999
733,H,hoc,0.34999999403953552,0.042707328000000003,24.874534607000001,16.908580780000001
734,H,hoc,0.34999999403953552,-0.0087447150000000001,20.177473068000001,4.6212286950000001
735,H,hoc,0.34999999403953552,-0.024546432999999999,24.865591048999999,20.729642867999999
736,H,hoc,0.34999999403953552,9.7941570280000008,19.244533538999999,16.908580780000001
737,H,hoc,0.34999999403953552,9.7427053449999992,14.547472954,4.6212286950000001
738,H,hoc,0.34999999403953552,9.7269039149999994,19.235591887999998,20.729642867999999
739,H,hoc,0.34999999403953552,0.042707328000000003,36.134532927999999,16.908580780000001
740,H,hoc,0.34999999403953552,-0.0087447150000000001,31.437473297,4.6212286950000001
741,H,hoc,0.34999999403953552,-0.024546432999999999,36.125591278000002,20.729642867999999
742,H,hoc,0.34999999403953552,9.7941570280000008,30.504533768000002,16.908580780000001
743,H,hoc,0.34999999403953552,9.7427053449999992,25.807472228999998,4.6212286950000001
744,H,hoc,0.34999999403953552,9.7269039149999994,30.495592117000001,20.729642867999999
745,H,hoc,0.34999999403953552,19.545606613,2.3545339109999999,16.908580780000001
746,H,hoc,0.34999999403953552,19.494155884000001,-2.3425273899999999,4.6212286950000001
747,H,hoc,0.34999999403953552,19.478353500000001,2.3455913069999998,20.729642867999999
748,H,hoc,0.34999999403953552,29.297058105000001,-3.275465965,16.908580780000001
749,H,hoc,0.34999999403953552,29.245605469000001,-7.9725275040000003,4.6212286950000001
750,H,hoc,0.34999999403953552,29.229803085,-3.2844088079999998,20.729642867999999
751,H,hoc,0.34999999403953552,19.545606613,13.614534378,16.908580780000001
752,H,hoc,0.34999999403953552,19.494155884000001,8.9174728390000002,4.6212286950000001
753,H,hoc,0.34999999403953552,19.478353500000001,13.60559082,20.729642867999999
754,H,hoc,0.34999999403953552,29.297058105000001,7.9845337870000002,16.908580780000001
755,H,hoc,0.34999999403953552,29.245605469000001,3.2874727250000002,4.6212286950000001
756,H,hoc,0.34999999403953552,29.229803085,7.9755911829999997,20.729642867999999
757,H,hoc,0.34999999403953552,19.545606613,24.874534607000001,16.908580780000001
758,H,hoc,0.34999999403953552,19.494155884000001,20.177473068000001,4.6212286950000001
759,H,hoc,0.34999999403953552,19.478353500000001,24.865591048999999,20.729642867999999
760,H,hoc,0.34999999403953552,29.297058105000001,19.244533538999999,16.908580780000001
761,H,hoc,0.34999999403953552,29.245605469000001,14.547472954,4.6212286950000001
762,H,hoc,0.34999999403953552,29.229803085,19.235591887999998,20.729642867999999
763,H,hoc,0.34999999403953552,19.545606613,36.134532927999999,16.908580780000001
764,H,hoc,0.34999999403953552,19.494155884000001,31.437473297,4.6212286950000001
765,H,hoc,0.34999999403953552,19.478353500000001,36.125591278000002,20.729642867999999
766,H,hoc,0.34999999403953552,29.297058105000001,30.504533768000002,16.908580780000001
767,H,hoc,0.34999999403953552,29.245605469000001,25.807472228999998,4.6212286950000001
768,H,hoc,0.34999999403953552,29.229803085,30.495592117000001,20.729642867999999
769,Ca,ca+e,1.6000000238418579,1.8407374620000001,1.1202325820000001,18.816135406000001
770,Ca,ca+e,1.6000000238418579,7.862690926,4.5822029110000004,23.912412643
771,O,oc9,-0.89999997615814209,-1.23044157,-0.80358195300000002,20.298030853
772,O,oc6,-0.89999997615814209,1.283777833,0.79811686299999995,22.687429428000002
773,O,oc6,-0.89999997615814209,-1.2474949360000001,-0.75522130700000001,17.326152801999999
774,O,oc9,-0.89999997615814209,1.281139016,0.76116269800000003,4.2130103109999997
775,O,o*,-0.81999999284744263,6.2905731200000004,3.5253672599999999,22.412694931000001
776,O,o*,-0.81999999284744263,3.454780102,2.108950138,20.564767838000002
777,O,o*,-0.81999999284744263,6.2656130790000004,3.5083405970000001,4.3818497660000002
778,O,o*,-0.81999999284744263,3.306108236,2.4082617759999998,17.187791824000001
779,O,o*,-0.81999999284744263,5.7285261150000002,6.3935475349999997,13.188404083
780,O,o*,-0.81999999284744263,4.1891989709999997,-0.99499410399999999,8.1027259829999991
781,O,o*,-0.81999999284744263,5.7049994469999996,6.0896482470000004,24.113931655999998
782,O,o*,-0.81999999284744263,4.0692853930000004,-0.42879504000000002,18.666492462000001
783,O,oc11,-0.60000002384185791,3.7133045199999999,4.3015913960000001,11.010802268999999
784,O,oc11,-0.60000002384185791,3.6551432610000001,4.2781472210000002,15.364478111
785,O,oc11,-0.60000002384185791,4.1885600089999997,4.5831513399999997,21.156311035000002
786,O,o*,-0.81999999284744263,3.5805535320000001,4.0627593989999999,5.2381410600000002
787,H,h*,0.40999999642372131,3.673324585,3.058153629,20.745685577
788,H,h*,0.40999999642372131,4.28142786,1.6841901539999999,20.910713196
789,H,h*,0.40999999642372131,6.1413559910000002,2.5257091520000001,4.4472246169999998
790,H,h*,0.40999999642372131,5.3852715489999996,3.7791936399999999,4.7302169799999998
791,H,h*,0.40999999642372131,4.1235990520000003,1.98255074,16.835691451999999
792,H,h*,0.40999999642372131,3.3413071630000002,3.2435970310000002,16.656185149999999
793,H,h*,0.40999999642372131,5.0798420909999997,6.3835759159999999,12.43927002
794,H,h*,0.40999999642372131,5.0992798810000002,6.4341702459999999,13.953650475
795,H,h*,0.40999999642372131,4.6925191880000003,-0.96766507599999996,8.9545259480000006
796,H,h*,0.40999999642372131,4.906925201,-0.67330771700000003,7.5044889450000003
797,H,h*,0.40999999642372131,5.8328914640000002,6.9515776630000001,23.651704788
798,H,h*,0.40999999642372131,4.8267359729999999,5.8390641209999998,23.725318908999999
799,H,h*,0.40999999642372131,3.9357900620000001,-1.402817607,18.727010727
800,H,h*,0.40999999642372131,4.9684505459999997,-0.33810558899999998,19.070478438999999
801,H,h*,0.40999999642372131,5.4913969040000001,3.9502172469999999,22.009691237999998
802,H,h*,0.40999999642372131,6.1050214770000002,2.580212355,22.177907944000001
803,H,h*,0.40999999642372131,2.8137929439999998,4.4449687000000004,5.7283248899999997
804,H,h*,0.40999999642372131,3.1222050189999999,3.8231625560000002,4.3947277070000004
805,H,hoc,0.34999999403953552,2.0283164980000001,1.202825069,22.266992568999999
806,H,hoc,0.34999999403953552,-1.9996747969999999,-1.1628147360000001,16.918989182000001
807,H,hoc,0.34999999403953552,2.0118074419999998,1.1852947469999999,4.6398601529999999
808,H,hoc,0.34999999403953552,-1.9613434080000001,-1.238019824,20.715040207000001
809,Ca,ca+e,1.6000000238418579,7.9214458470000002,6.6349458690000001,18.819103241000001
810,Ca,ca+e,1.6000000238418579,1.829896331,-1.26576829,23.948867797999998
811,O,oc10,-0.89999997615814209,1.369233251,-0.70627278100000002,20.314546584999999
812,O,oc7,-0.89999997615814209,-1.2920147179999999,0.69606173000000005,22.665941237999998
813,O,oc5,-0.89999997615814209,1.339808702,-0.72818297099999996,17.305372238
814,O,oc10,-0.89999997615814209,-1.320448399,0.75491535700000001,4.188868523
815,O,o*,-0.81999999284744263,3.5685529709999999,-2.0096068379999998,22.501998901
816,O,o*,-0.81999999284744263,6.2352318760000003,7.5662174220000002,20.538789748999999
817,O,o*,-0.81999999284744263,3.5441584590000001,-1.911515117,4.4675641060000002
818,O,o*,-0.81999999284744263,6.0453939439999997,-4.0502862930000001,17.194374084
819,O,o*,-0.81999999284744263,1.3088020090000001,7.3924293519999997,13.214537621
820,O,o*,-0.81999999284744263,8.4533748630000005,-1.4716931579999999,8.0529832839999997
821,O,o*,-0.81999999284744263,1.4844703669999999,7.5072579380000004,24.330020905000001
822,O,o*,-0.81999999284744263,8.1114788059999992,-1.9037276510000001,18.587924956999998
823,O,oc11,-0.60000002384185791,4.1506142620000004,6.6857986450000002,11.014084816
824,O,oc11,-0.60000002384185791,4.2393403049999998,6.6254854200000004,15.371795654
825,O,oc11,-0.60000002384185791,3.7264540199999998,6.9649972919999996,21.166484832999998
826,O,o*,-0.81999999284744263,4.5198841090000004,6.7323174479999999,4.9738936420000002
827,H,h*,0.40999999642372131,6.1793241500000002,8.4916143420000001,20.892089844000001
828,H,h*,0.40999999642372131,5.3064732550000002,7.2729063030000001,20.721385955999999
829,H,h*,0.40999999642372131,4.4602875710000003,-1.535811901,4.533311844
830,H,h*,0.40999999642372131,3.7751972679999999,-2.8525354859999998,4.6528854370000001
831,H,h*,0.40999999642372131,5.908277988,-3.1057147980000002,16.950977325
832,H,h*,0.40999999642372131,5.3133378029999996,-4.4442787170000004,16.654855728000001
833,H,h*,0.40999999642372131,1.6048336030000001,6.8232836719999996,13.970795631
834,H,h*,0.40999999642372131,1.6347193719999999,6.8402118679999999,12.458625793
835,H,h*,0.40999999642372131,8.1901855470000005,-1.0517593620000001,8.9101161960000006
836,H,h*,0.40999999642372131,7.7915816309999997,-1.023933411,7.4697875979999999
837,H,h*,0.40999999642372131,2.066681623,6.7313103679999999,24.087142944
838,H,h*,0.40999999642372131,0.60611069200000001,7.2154641149999996,23.991941451999999
839,H,h*,0.40999999642372131,9.0316972730000007,-1.5624570849999999,18.676839827999999
840,H,h*,0.40999999642372131,7.6034035680000001,-1.1889511349999999,19.049650192000001
841,H,h*,0.40999999642372131,3.5956010819999999,-2.898123741,22.06394577
842,H,h*,0.40999999642372131,4.4638056759999998,-1.6764009,22.235748291
843,H,h*,0.40999999642372131,4.2798295020000001,5.8354210850000001,5.3009548190000002
844,H,h*,0.40999999642372131,4.9507827759999996,6.4747686389999997,4.1243147850000001
845,H,hoc,0.34999999403953552,-2.0037574770000002,1.1431140900000001,22.232242584000002
846,H,hoc,0.34999999403953552,2.0806276800000001,-1.149490237,16.891521453999999
847,H,hoc,0.34999999403953552,-2.0603330139999998,1.1771054270000001,4.6016683580000004
848,H,hoc,0.34999999403953552,2.1293938159999999,-1.0808039899999999,20.737716675000001
849,Al,ac2,1.2000000476837158,-0.034670650999999997,-0.0042917989999999998,10.749554634000001
850,Ca,ca+e,1.6000000238418579,7.9107069970000001,-4.5097675319999997,8.076135635
851,Ca,ca+e,1.6000000238418579,1.801991463,10.143392563000001,13.410577774
852,O,oc10,-0.89999997615814209,1.230436087,-0.80358189300000005,9.5580301280000004
853,O,oc7,-0.89999997615814209,-1.2837833169999999,0.79811686299999995,11.947429657000001
854,O,oc7,-0.89999997615814209,1.2474894519999999,-0.75522124800000001,6.5861525539999999
855,O,oc8,-0.89999997615814209,-1.2811444999999999,0.76116269800000003,14.953010559000001
856,O,o*,-0.81999999284744263,3.4608714580000002,-2.104632616,11.67269516
857,O,o*,-0.81999999284744263,6.2966647150000004,-3.5210497379999999,9.8247680660000007
858,O,o*,-0.81999999284744263,3.485831261,9.1383409499999999,15.121850014
859,O,o*,-0.81999999284744263,6.4453363420000001,8.0382623669999997,6.4477910999999999
860,O,o*,-0.81999999284744263,3.96544981,0.47875922900000001,23.9448452
861,O,o*,-0.81999999284744263,5.5622453690000002,4.6350059510000001,18.842725754
862,O,o*,-0.81999999284744263,4.0119614600000002,0.51816791299999998,13.269468307
863,O,o*,-0.81999999284744263,5.6821589469999996,5.2012052539999996,7.9264931680000004
864,O,oc11,-0.60000002384185791,6.5509443279999999,0.0022703430000000002,19.778423309000001
865,O,oc11,-0.60000002384185791,6.4830498700000003,-0.013179422,6.6139626500000004
866,O,oc11,-0.60000002384185791,6.5308346750000004,-0.0062880899999999997,12.376851082
867,O,oc11,-0.60000002384185791,6.0381398199999996,-1.32840848,21.750802994000001
868,O,oc11,-0.60000002384185791,6.0963010789999998,-1.351852536,4.6244783399999996
869,O,oc11,-0.60000002384185791,5.5628848079999997,-1.0468485359999999,10.41631031
870,O,o*,-0.81999999284744263,6.1708912849999997,-1.567240596,15.978141785
871,S,s',0.60000002384185791,6.5188841819999999,-0.0070840360000000002,21.266866684
872,S,s',0.60000002384185791,6.4804267879999999,-0.011720451999999999,5.1271958350000002
873,S,s',0.60000002384185791,6.4975228310000004,0.0059023060000000004,10.891535759
874,H,h*,0.40999999642372131,6.0781202319999998,-2.571846485,10.00568676
875,H,h*,0.40999999642372131,5.4700164789999999,-3.945809841,10.170713425000001
876,H,h*,0.40999999642372131,4.3661727910000003,9.4091939930000006,15.470216751000001
877,H,h*,0.40999999642372131,3.6100888250000001,8.1557092670000007,15.187224388000001
878,H,h*,0.40999999642372131,6.4101376529999996,8.8735971449999997,5.9161858560000002
879,H,h*,0.40999999642372131,5.6278452870000004,7.6125507350000001,6.0956912040000004
880,H,h*,0.40999999642372131,4.193344593,0.67247498000000006,22.990596771
881,H,h*,0.40999999642372131,4.8849463460000004,0.35746577400000001,24.204727172999998
882,H,h*,0.40999999642372131,4.8445191379999999,4.9566922189999998,18.24448967
883,H,h*,0.40999999642372131,5.0589251519999996,4.6623349190000001,19.694526671999999
884,H,h*,0.40999999642372131,4.8721542360000001,0.392108291,12.792200089
885,H,h*,0.40999999642372131,3.7609112260000002,1.427099586,12.987094879000001
886,H,h*,0.40999999642372131,5.8156542780000002,4.2271823880000001,7.9870114330000002
887,H,h*,0.40999999642372131,4.7829942699999997,5.2918944359999998,8.3304786679999996
888,H,h*,0.40999999642372131,4.2600474359999998,-1.679782748,11.269692421
889,H,h*,0.40999999642372131,3.6464231009999999,-3.0497877600000001,11.437907219
890,H,h*,0.40999999642372131,6.9376516339999998,-1.1850316519999999,16.468326568999998
891,H,h*,0.40999999642372131,6.6292395590000002,-1.80683744,15.134727478
892,Al,ac2,1.2000000476837158,0.028979386999999999,0.0066085329999999998,16.124525070000001
893,H,hoc,0.34999999403953552,-2.0283219809999999,1.202825069,11.526992798
894,H,hoc,0.34999999403953552,1.9996693130000001,-1.1628147360000001,6.1789889340000004
895,H,hoc,0.34999999403953552,-2.0118129250000001,1.1852947469999999,15.379859924
896,H,hoc,0.34999999403953552,1.961337924,-1.2380197049999999,9.9750404360000005
897,Ca,ca+e,1.6000000238418579,1.8299984929999999,1.004945636,8.0791025160000007
898,Ca,ca+e,1.6000000238418579,7.8782501219999999,4.6245918269999997,13.453540801999999
899,O,oc9,-0.89999997615814209,-1.3692387340000001,-0.70627272100000005,9.5745458600000006
900,O,oc6,-0.89999997615814209,1.292009234,0.69606173000000005,11.925941466999999
901,O,oc6,-0.89999997615814209,-1.3398141859999999,-0.72818291199999996,6.5653729439999999
902,O,oc9,-0.89999997615814209,1.320442796,0.75491529700000004,14.928868294000001
903,O,o*,-0.81999999284744263,6.182891369,3.6203932760000002,11.76199913
904,O,o*,-0.81999999284744263,3.516212463,1.936217308,9.7987899780000003
905,O,o*,-0.81999999284744263,6.2072858809999998,3.718484879,15.207564354000001
906,O,o*,-0.81999999284744263,3.7060506339999999,1.5797140599999999,6.4543738370000003
907,O,o*,-0.81999999284744263,8.2212104799999999,1.9383784529999999,24.094690322999998
908,O,o*,-0.81999999284744263,1.2980694770000001,4.1583065990000003,18.792982101
909,O,o*,-0.81999999284744263,8.1359767909999992,1.8159438370000001,13.600291252
910,O,o*,-0.81999999284744263,1.639965653,3.7262723449999999,7.8479251860000003
911,O,oc11,-0.60000002384185791,5.6008305549999999,1.0557986500000001,21.754085540999998
912,O,oc11,-0.60000002384185791,5.512104034,0.99548536499999996,4.6317958829999997
913,O,oc11,-0.60000002384185791,6.0249905589999999,1.3349972960000001,10.426484108
914,O,o*,-0.81999999284744263,5.2315602300000004,1.102317572,15.71389389
915,H,h*,0.40999999642372131,4.4449710849999997,1.6429063079999999,9.9813871380000005
916,H,h*,0.40999999642372131,3.5721201900000001,2.861614704,10.152090073
917,H,h*,0.40999999642372131,5.9762473109999998,2.7774646280000002,15.392885207999999
918,H,h*,0.40999999642372131,5.2911567689999996,4.0941882129999998,15.273311615000001
919,H,h*,0.40999999642372131,3.8431663509999998,2.5242855550000001,6.2109775540000003
920,H,h*,0.40999999642372131,4.4381065370000004,1.185721397,5.9148554799999999
921,H,h*,0.40999999642372131,7.7320795059999998,1.5164425370000001,23.335218430000001
922,H,h*,0.40999999642372131,8.958508492,1.2913284300000001,24.132556914999999
923,H,h*,0.40999999642372131,1.9598630669999999,4.6060667039999998,18.209787369000001
924,H,h*,0.40999999642372131,1.561259151,4.5782403949999999,19.650115967000001
925,H,h*,0.40999999642372131,7.6066884989999997,1.159056187,13.0776968
926,H,h*,0.40999999642372131,9.0493822099999992,1.605516672,13.298969269000001
927,H,h*,0.40999999642372131,0.71974748399999999,4.0675430300000004,7.9368410110000003
928,H,h*,0.40999999642372131,2.1480407709999998,4.4410490989999998,8.3096504210000006
929,H,h*,0.40999999642372131,5.2876391409999997,3.9535992150000001,11.495748519999999
930,H,h*,0.40999999642372131,6.155843258,2.731876373,11.323945045
931,H,h*,0.40999999642372131,4.8006615640000003,0.84476834499999998,14.864315033
932,H,h*,0.40999999642372131,5.4716153140000001,0.20542112000000001,16.040954589999998
933,H,hoc,0.34999999403953552,2.0037519929999998,1.1431140900000001,11.492242813000001
934,H,hoc,0.34999999403953552,-2.0806331629999999,-1.149490237,6.151521206
935,H,hoc,0.34999999403953552,2.0603275299999999,1.1771054270000001,15.341668129
936,H,hoc,0.34999999403953552,-2.1293993000000002,-1.0808039899999999,9.9977159499999999
937,Ca,ca+e,1.6000000238418579,9.6254634859999992,3.5292706489999999,8.0761470790000001
938,Ca,ca+e,1.6000000238418579,0.053363197000000001,2.1348152159999998,13.435070992
939,O,oc8,-0.89999997615814209,0.016047120000000002,1.497881413,9.5674867629999998
940,O,oc5,-0.89999997615814209,-0.089114681000000001,-1.499236107,11.936125755000001
941,O,oc5,-0.89999997615814209,-0.025417750999999999,1.499849677,6.5769176480000002
942,O,oc10,-0.89999997615814209,0.011223059000000001,-1.494620085,14.940231323000001
943,O,o*,-0.81999999284744263,0.010165627999999999,4.0779285429999996,11.709644318
944,O,o*,-0.81999999284744263,9.6912307739999992,1.5834231379999999,9.769458771
945,O,o*,-0.81999999284744263,0.076804577999999998,4.0888495450000004,15.167505264000001
946,O,o*,-0.81999999284744263,-0.60251533999999995,7.2727193830000001,6.4513087269999998
947,O,o*,-0.81999999284744263,7.668496609,-2.7423524860000001,2.2094163889999998
948,O,o*,-0.81999999284744263,3.0272223949999999,8.0705738070000006,18.836357116999999
949,O,o*,-0.81999999284744263,7.2470655439999998,-2.374905348,13.486528397000001
950,O,o*,-0.81999999284744263,2.4085602760000002,7.8883857730000004,7.7195644379999999
951,O,oc11,-0.60000002384185791,7.885967731,0.24374844100000001,21.795822143999999
952,O,oc11,-0.60000002384185791,7.8325462339999996,0.32646968999999998,4.6233205799999997
953,O,oc11,-0.60000002384185791,7.8624787329999997,-0.25563883799999998,10.365646362
954,O,o*,-0.81999999284744263,8.0650186539999993,0.51903909400000003,16.186504364000001
955,H,h*,0.40999999642372131,8.9639616009999994,0.93622767900000003,9.9573926929999992
956,H,h*,0.40999999642372131,10.452666282999999,1.081810355,10.15967083
957,H,h*,0.40999999642372131,-0.58203422999999999,4.7330660819999997,15.513804435999999
958,H,h*,0.40999999642372131,0.87921410799999999,4.6712255479999998,15.217470169
959,H,h*,0.40999999642372131,-1.3280406,6.8609495159999998,5.9166173930000001
960,H,h*,0.40999999642372131,0.10563882400000001,6.6266961100000001,6.2285385130000002
961,H,h*,0.40999999642372131,7.7150549890000004,-2.2141120430000001,3.0447165969999999
962,H,h*,0.40999999642372131,6.7705211639999998,-2.4631702899999999,2.0101914409999999
963,H,h*,0.40999999642372131,3.0889644619999999,7.2742986680000001,18.254085540999998
964,H,h*,0.40999999642372131,3.238989353,7.6336059570000003,19.698690414000001
965,H,h*,0.40999999642372131,6.6121969219999999,-3.056631565,13.167042732000001
966,H,h*,0.40999999642372131,6.9601140020000001,-1.580487132,12.965379714999999
967,H,h*,0.40999999642372131,2.752483368,7.1371603009999998,8.2698202129999991
968,H,h*,0.40999999642372131,3.1231999400000001,8.5539159770000008,7.8626589779999998
969,H,h*,0.40999999642372131,-0.74080944100000001,4.561668396,11.280682563999999
970,H,h*,0.40999999642372131,0.74994462699999997,4.6966633800000004,11.479640960999999
971,H,h*,0.40999999642372131,7.6275177000000003,1.110927105,16.846147537
972,H,h*,0.40999999642372131,7.8845658299999997,1.0299441810000001,15.359796524
973,H,hoc,0.34999999403953552,-0.074841797000000002,-2.345371246,11.512286186000001
974,H,hoc,0.34999999403953552,-0.042712792999999999,2.3545339109999999,6.168580532
975,H,hoc,0.34999999403953552,0.008739218,-2.3425273899999999,15.361228943
976,H,hoc,0.34999999403953552,0.024540982999999999,2.3455913069999998,9.9896421429999993
977,Ca,ca+e,1.6000000238418579,11.592187880999999,-4.5097675319999997,18.816135406000001
978,Ca,ca+e,1.6000000238418579,17.740066528,-1.2465187310000001,23.874618529999999
979,O,oc9,-0.89999997615814209,8.521008492,-6.4335818290000004,20.298030853
980,O,oc6,-0.89999997615814209,11.035227775999999,-4.8318829540000001,22.687429428000002
981,O,oc6,-0.89999997615814209,8.5039548870000008,-6.3852214810000003,17.326152801999999
982,O,oc9,-0.89999997615814209,11.032588959,-4.8688373570000003,4.2130103109999997
983,O,o*,-0.81999999284744263,16.042022705000001,-2.104632616,22.412694931000001
984,O,o*,-0.81999999284744263,13.206230164000001,-3.5210497379999999,20.564767838000002
985,O,o*,-0.81999999284744263,16.017063141000001,-2.1216595169999999,4.3818497660000002
986,O,o*,-0.81999999284744263,13.05755806,-3.2217381,17.187791824000001
987,O,o*,-0.81999999284744263,15.479975700000001,0.76354730100000001,13.188404083
988,O,o*,-0.81999999284744263,13.940649033,-6.624994278,8.1027259829999991
989,O,o*,-0.81999999284744263,15.427640915,0.49636155399999998,23.876081466999999
990,O,o*,-0.81999999284744263,13.820735931,-6.0587949749999996,18.666492462000001
991,O,oc11,-0.60000002384185791,13.464755058,-1.32840848,11.010802268999999
992,O,oc11,-0.60000002384185791,13.406593322999999,-1.351852536,15.364478111
993,O,oc11,-0.60000002384185791,13.940010071,-1.0468485359999999,21.156311035000002
994,O,o*,-0.81999999284744263,13.332003593,-1.567240596,5.2381410600000002
995,H,h*,0.40999999642372131,13.424774169999999,-2.571846485,20.745685577
996,H,h*,0.40999999642372131,14.032877922000001,-3.945809841,20.910713196
997,H,h*,0.40999999642372131,15.892806052999999,-3.1042909619999999,4.4472246169999998
998,H,h*,0.40999999642372131,15.136721611,-1.850806355,4.7302169799999998
999,H,h*,0.40999999642372131,13.875049591,-3.6474492550000002,16.835691451999999
1000,H,h*,0.40999999642372131,13.092757225,-2.3864028450000001,16.656185149999999
1001,H,h*,0.40999999642372131,14.831292152,0.75357580199999996,12.43927002
1002,H,h*,0.40999999642372131,14.850729941999999,0.80417019099999998,13.953650475
1003,H,h*,0.40999999642372131,14.443969727000001,-6.59766531,8.9545259480000006
1004,H,h*,0.40999999642372131,14.658374786,-6.3033080100000003,7.5044889450000003
1005,H,h*,0.40999999642372131,15.322478294,0.45720520599999998,22.899118423000001
1006,H,h*,0.40999999642372131,14.442588806,0.40040215800000001,24.044612884999999
1007,H,h*,0.40999999642372131,13.687240600999999,-7.032817841,18.727010727
1008,H,h*,0.40999999642372131,14.719900130999999,-5.9681057930000003,19.070478438999999
1009,H,h*,0.40999999642372131,15.242846489,-1.679782748,22.009691237999998
1010,H,h*,0.40999999642372131,15.856471062000001,-3.0497877600000001,22.177907944000001
1011,H,h*,0.40999999642372131,12.565242767000001,-1.1850312949999999,5.7283253670000001
1012,H,h*,0.40999999642372131,12.873655318999999,-1.80683744,4.3947277070000004
1013,H,hoc,0.34999999403953552,11.779766083,-4.4271750450000003,22.266992568999999
1014,H,hoc,0.34999999403953552,7.751775265,-6.7928147320000001,16.918989182000001
1015,H,hoc,0.34999999403953552,11.763257027,-4.4447050089999998,4.6398601529999999
1016,H,hoc,0.34999999403953552,7.7901067729999998,-6.8680195810000004,20.715040207000001
1017,Ca,ca+e,1.6000000238418579,17.672895432000001,1.004945636,18.819103241000001
1018,Ca,ca+e,1.6000000238418579,11.839389800999999,-6.4018459319999996,24.023956299000002
1019,O,oc10,-0.89999997615814209,11.12068367,-6.3362727169999999,20.314546584999999
1020,O,oc7,-0.89999997615814209,8.4594354630000002,-4.9339380259999999,22.665941237999998
1021,O,oc5,-0.89999997615814209,11.091259002999999,-6.3581829069999998,17.305372238
1022,O,oc10,-0.89999997615814209,8.431001663,-4.8750844000000004,4.188868523
1023,O,o*,-0.81999999284744263,13.320003509999999,-7.639606476,22.501998901
1024,O,o*,-0.81999999284744263,15.986681938,1.936217308,20.538789748999999
1025,O,o*,-0.81999999284744263,13.295608521,-7.5415153500000001,4.4675641060000002
1026,O,o*,-0.81999999284744263,15.796843529,-9.6802864070000005,17.194374084
1027,O,o*,-0.81999999284744263,11.06025219,1.762429357,13.214537621
1028,O,o*,-0.81999999284744263,18.204824448,-7.1016931530000003,8.0529832839999997
1029,O,o*,-0.81999999284744263,11.524271011,1.9039968249999999,24.404293060000001
1030,O,o*,-0.81999999284744263,17.862928391000001,-7.533727646,18.587924956999998
1031,O,oc11,-0.60000002384185791,13.902064322999999,1.0557986500000001,11.014084816
1032,O,oc11,-0.60000002384185791,13.990790367000001,0.99548530599999996,15.371795654
1033,O,oc11,-0.60000002384185791,13.47790432,1.3349972960000001,21.166484832999998
1034,O,o*,-0.81999999284744263,14.271333694000001,1.102317572,4.9738936420000002
1035,H,h*,0.40999999642372131,15.930774689,2.861614704,20.892089844000001
1036,H,h*,0.40999999642372131,15.057923317,1.6429063079999999,20.721385955999999
1037,H,h*,0.40999999642372131,14.211737633,-7.1658120160000003,4.533311844
1038,H,h*,0.40999999642372131,13.526647568,-8.4825353620000001,4.6528854370000001
1039,H,h*,0.40999999642372131,15.65972805,-8.7357149120000006,16.950977325
1040,H,h*,0.40999999642372131,15.064787865,-10.074278831000001,16.654855728000001
1041,H,h*,0.40999999642372131,11.356283188000001,1.193283796,13.970795631
1042,H,h*,0.40999999642372131,11.386169433999999,1.2102117539999999,12.458625793
1043,H,h*,0.40999999642372131,17.941635131999998,-6.6817593569999998,8.9101161960000006
1044,H,h*,0.40999999642372131,17.543031693,-6.6539335250000002,7.4697875979999999
1045,H,h*,0.40999999642372131,12.05642128,1.576736331,23.636686324999999
1046,H,h*,0.40999999642372131,11.320471764000001,1.002656341,24.716402054
1047,H,h*,0.40999999642372131,18.783147811999999,-7.1924571989999997,18.676839827999999
1048,H,h*,0.40999999642372131,17.354854584000002,-6.8189511300000003,19.049650192000001
1049,H,h*,0.40999999642372131,13.34705162,-8.5281238560000006,22.06394577
1050,H,h*,0.40999999642372131,14.215255737,-7.3064007760000003,22.235748291
1051,H,h*,0.40999999642372131,14.031279564,0.20542120899999999,5.3009548190000002
1052,H,h*,0.40999999642372131,14.702233315000001,0.84476846500000002,4.1243147850000001
1053,H,hoc,0.34999999403953552,7.7476925850000002,-4.4868860240000004,22.232242584000002
1054,H,hoc,0.34999999403953552,11.832077979999999,-6.7794904709999999,16.891521453999999
1055,H,hoc,0.34999999403953552,7.6911168099999996,-4.4528946879999998,4.6016683580000004
1056,H,hoc,0.34999999403953552,11.880844116,-6.7108039860000002,20.737716675000001
1057,Al,ac2,1.2000000476837158,9.7167797090000008,-5.6342916489999997,10.749554634000001
1058,Ca,ca+e,1.6000000238418579,17.662157058999998,-10.139767646999999,8.076135635
1059,Ca,ca+e,1.6000000238418579,11.553441048,4.5133924480000003,13.410577774
1060,O,oc10,-0.89999997615814209,10.981885910000001,-6.4335818290000004,9.5580301280000004
1061,O,oc7,-0.89999997615814209,8.4676666259999998,-4.8318829540000001,11.947429657000001
1062,O,oc7,-0.89999997615814209,10.998939514,-6.3852214810000003,6.5861525539999999
1063,O,oc8,-0.89999997615814209,8.4703054430000009,-4.8688373570000003,14.953010559000001
1064,O,o*,-0.81999999284744263,13.212321280999999,-7.7346324920000002,11.67269516
1065,O,o*,-0.81999999284744263,16.048114776999999,-9.1510496139999997,9.8247680660000007
1066,O,o*,-0.81999999284744263,13.237280846000001,3.5083405970000001,15.121850014
1067,O,o*,-0.81999999284744263,16.196786880000001,2.408262014,6.4477910999999999
1068,O,o*,-0.81999999284744263,13.705158234000001,-4.6228957179999997,23.779573441
1069,O,o*,-0.81999999284744263,15.313695908,-0.99499422299999996,18.842725754
1070,O,o*,-0.81999999284744263,13.763411522,-5.1118321419999999,13.269468307
1071,O,o*,-0.81999999284744263,15.433609009,-0.42879497999999999,7.9264931680000004
1072,O,oc11,-0.60000002384185791,16.302394867,-5.6277294160000002,19.778423309000001
1073,O,oc11,-0.60000002384185791,16.234498978000001,-5.6431794169999998,6.6139626500000004
1074,O,oc11,-0.60000002384185791,16.282283783,-5.6362881659999999,12.376851082
1075,O,oc11,-0.60000002384185791,15.789589882,-6.9584083559999996,21.750802994000001
1076,O,oc11,-0.60000002384185791,15.847751617,-6.9818525310000004,4.6244783399999996
1077,O,oc11,-0.60000002384185791,15.314334869,-6.676848412,10.41631031
1078,O,o*,-0.81999999284744263,15.922341347,-7.1972408290000001,15.978141785
1079,S,s',0.60000002384185791,16.270334244000001,-5.6370840070000003,21.266866684
1080,S,s',0.60000002384185791,16.231876372999999,-5.6417202949999998,5.1271958350000002
1081,S,s',0.60000002384185791,16.248971939,-5.6240978239999997,10.891535759
1082,H,h*,0.40999999642372131,15.829569816999999,-8.2018461229999993,10.00568676
1083,H,h*,0.40999999642372131,15.221467018,-9.5758094790000001,10.170713425000001
1084,H,h*,0.40999999642372131,14.117623329000001,3.7791936399999999,15.470216751000001
1085,H,h*,0.40999999642372131,13.361538887,2.5257091520000001,15.187224388000001
1086,H,h*,0.40999999642372131,16.161586760999999,3.2435972689999999,5.9161858560000002
1087,H,h*,0.40999999642372131,15.379295349,1.9825508590000001,6.0956912040000004
1088,H,h*,0.40999999642372131,14.522717476,-4.7455306049999999,23.211988449
1089,H,h*,0.40999999642372131,13.567705154,-3.6957194809999998,23.544719696000001
1090,H,h*,0.40999999642372131,14.595969200000001,-0.67330783599999999,18.24448967
1091,H,h*,0.40999999642372131,14.810375214,-0.96766513600000004,19.694526671999999
1092,H,h*,0.40999999642372131,14.623604774,-5.2378916740000001,12.792200089
1093,H,h*,0.40999999642372131,13.512361525999999,-4.2029004099999998,12.987094879000001
1094,H,h*,0.40999999642372131,15.56710434,-1.402817607,7.9870114330000002
1095,H,h*,0.40999999642372131,14.534443854999999,-0.33810552999999999,8.3304786679999996
1096,H,h*,0.40999999642372131,14.011497498000001,-7.3097825050000003,11.269692421
1097,H,h*,0.40999999642372131,13.397872925,-8.6797876360000004,11.437907219
1098,H,h*,0.40999999642372131,16.689102172999998,-6.8150315279999996,16.468324661
1099,H,h*,0.40999999642372131,16.380689620999998,-7.4368376730000003,15.134727478
1100,Al,ac2,1.2000000476837158,9.78042984,-5.6233916280000003,16.124525070000001
1101,H,hoc,0.34999999403953552,7.7231278420000002,-4.4271750450000003,11.526992798
1102,H,hoc,0.34999999403953552,11.751119614,-6.7928147320000001,6.1789889340000004
1103,H,hoc,0.34999999403953552,7.7396368979999997,-4.4447050089999998,15.379859924
1104,H,hoc,0.34999999403953552,11.712787627999999,-6.8680195810000004,9.9750404360000005
1105,Ca,ca+e,1.6000000238418579,11.581448555,-4.6250543589999999,8.0791025160000007
1106,Ca,ca+e,1.6000000238418579,17.629699707,-1.0054080489999999,13.453540801999999
1107,O,oc9,-0.89999997615814209,8.3822116849999997,-6.3362727169999999,9.5745458600000006
1108,O,oc6,-0.89999997615814209,11.043458939000001,-4.9339380259999999,11.925941466999999
1109,O,oc6,-0.89999997615814209,8.4116353989999997,-6.3581829069999998,6.5653729439999999
1110,O,oc9,-0.89999997615814209,11.071892738000001,-4.8750848769999999,14.928868294000001
1111,O,o*,-0.81999999284744263,15.934341431,-2.0096066000000001,11.76199913
1112,O,o*,-0.81999999284744263,13.267663002000001,-3.693782568,9.7987899780000003
1113,O,o*,-0.81999999284744263,15.958736419999999,-1.9115152360000001,15.207564354000001
1114,O,o*,-0.81999999284744263,13.457500458,-4.0502858159999997,6.4543738370000003
1115,O,o*,-0.81999999284744263,18.048925400000002,-3.9599630829999999,24.010984421
1116,O,o*,-0.81999999284744263,11.049519539,-1.471693277,18.792982101
1117,O,o*,-0.81999999284744263,17.887426376000001,-3.8140561580000001,13.600291252
1118,O,o*,-0.81999999284744263,11.391415596,-1.9037276510000001,7.8479251860000003
1119,O,oc11,-0.60000002384185791,15.352280617,-4.5742011070000004,21.754085540999998
1120,O,oc11,-0.60000002384185791,15.263553619,-4.6345148089999997,4.6317958829999997
1121,O,oc11,-0.60000002384185791,15.776440620000001,-4.2950029369999996,10.426484108
1122,O,o*,-0.81999999284744263,14.983010291999999,-4.5276823039999998,15.71389389
1123,H,h*,0.40999999642372131,14.196421623000001,-3.9870936870000002,9.9813871380000005
1124,H,h*,0.40999999642372131,13.323570251,-2.76838541,10.152090073
1125,H,h*,0.40999999642372131,15.727697372,-2.8525354859999998,15.392885207999999
1126,H,h*,0.40999999642372131,15.042606354,-1.535811901,15.273311615000001
1127,H,h*,0.40999999642372131,13.594615936,-3.10571456,6.2109780309999998
1128,H,h*,0.40999999642372131,14.189557076,-4.4442787170000004,5.9148554799999999
1129,H,h*,0.40999999642372131,18.965797424000002,-4.3261165620000002,24.002340317000002
1130,H,h*,0.40999999642372131,17.908041000000001,-4.1355404849999999,23.040973662999999
1131,H,h*,0.40999999642372131,11.711313248,-1.023933411,18.209787369000001
1132,H,h*,0.40999999642372131,11.312708855,-1.0517594809999999,19.650115967000001
1133,H,h*,0.40999999642372131,17.358139038000001,-4.4709439279999996,13.0776968
1134,H,h*,0.40999999642372131,18.800832748000001,-4.024483204,13.298969269000001
1135,H,h*,0.40999999642372131,10.471197128,-1.5624570849999999,7.9368410110000003
1136,H,h*,0.40999999642372131,11.899490355999999,-1.1889511349999999,8.3096504210000006
1137,H,h*,0.40999999642372131,15.039089203,-1.6764009,11.495748519999999
1138,H,h*,0.40999999642372131,15.907293320000001,-2.8981235029999999,11.323945045
1139,H,h*,0.40999999642372131,14.552111626,-4.7852315900000004,14.864315033
1140,H,h*,0.40999999642372131,15.223065375999999,-5.4245786669999996,16.040954589999998
1141,H,hoc,0.34999999403953552,11.755202293,-4.4868860240000004,11.492242813000001
1142,H,hoc,0.34999999403953552,7.670816898,-6.7794904709999999,6.151521206
1143,H,hoc,0.34999999403953552,11.811778069000001,-4.4528946879999998,15.341668129
1144,H,hoc,0.34999999403953552,7.6220507619999998,-6.7108039860000002,9.9977159499999999
1145,Ca,ca+e,1.6000000238418579,19.376913071000001,-2.1007294650000001,8.0761470790000001
1146,Ca,ca+e,1.6000000238418579,9.8048133849999992,-3.4951846600000001,13.435071945000001
1147,O,oc8,-0.89999997615814209,9.7674970630000004,-4.1321187019999996,9.5674867629999998
1148,O,oc5,-0.89999997615814209,9.6623353959999996,-7.1292362210000002,11.936125755000001
1149,O,oc5,-0.89999997615814209,9.726032257,-4.1301503180000001,6.5769176480000002
1150,O,oc10,-0.89999997615814209,9.7626733780000006,-7.1246199609999996,14.940231323000001
1151,O,o*,-0.81999999284744263,9.7616157529999992,-1.5520715709999999,11.709644318
1152,O,o*,-0.81999999284744263,19.442680359000001,-4.046576977,9.769458771
1153,O,o*,-0.81999999284744263,9.8282547000000005,-1.5411505700000001,15.167505264000001
1154,O,o*,-0.81999999284744263,9.1489343640000005,1.6427193879999999,6.4513087269999998
1155,O,o*,-0.81999999284744263,16.894184113000001,-8.3033046719999994,23.854652405
1156,O,o*,-0.81999999284744263,12.778672218000001,2.4405736920000001,18.836357116999999
1157,O,o*,-0.81999999284744263,16.998516082999998,-8.0049057010000002,13.486528397000001
1158,O,o*,-0.81999999284744263,12.160010337999999,2.2583858970000001,7.7195644379999999
1159,O,oc11,-0.60000002384185791,17.637418747000002,-5.3862514499999996,21.795822143999999
1160,O,oc11,-0.60000002384185791,17.583995818999998,-5.3035302160000004,4.6233205799999997
1161,O,oc11,-0.60000002384185791,17.613927840999999,-5.8856387139999997,10.365646362
1162,O,o*,-0.81999999284744263,17.816467285000002,-5.1109609599999999,16.186504364000001
1163,H,h*,0.40999999642372131,18.715412140000002,-4.6937723159999996,9.9573926929999992
1164,H,h*,0.40999999642372131,20.204116821,-4.5481896400000004,10.15967083
1165,H,h*,0.40999999642372131,9.1694154739999991,-0.89693367499999999,15.513804435999999
1166,H,h*,0.40999999642372131,10.630663872,-0.95877438800000003,15.217470169
1167,H,h*,0.40999999642372131,8.4234094620000004,1.230949402,5.9166173930000001
1168,H,h*,0.40999999642372131,9.8570890430000002,0.99669623399999996,6.2285385130000002
1169,H,h*,0.40999999642372131,16.135379790999998,-8.846643448,23.540637969999999
1170,H,h*,0.40999999642372131,16.769758224,-7.5622186659999997,23.198961258000001
1171,H,h*,0.40999999642372131,12.840415001,1.6442987920000001,18.254085540999998
1172,H,h*,0.40999999642372131,12.990439415000001,2.0036058429999999,19.698690414000001
1173,H,h*,0.40999999642372131,16.363647460999999,-8.6866312029999992,13.167042732000001
1174,H,h*,0.40999999642372131,16.71156311,-7.2104873659999997,12.965379714999999
1175,H,h*,0.40999999642372131,12.503932953,1.5071600679999999,8.2698202129999991
1176,H,h*,0.40999999642372131,12.874650001999999,2.9239161010000001,7.8626589779999998
1177,H,h*,0.40999999642372131,9.0106401439999999,-1.068331718,11.280682563999999
1178,H,h*,0.40999999642372131,10.501394272000001,-0.93333643700000002,11.479640960999999
1179,H,h*,0.40999999642372131,17.378967285000002,-4.5190730090000004,16.846147537
1180,H,h*,0.40999999642372131,17.636014937999999,-4.600055695,15.359796524
1181,H,hoc,0.34999999403953552,9.6766080859999999,-7.9753708840000002,11.512286186000001
1182,H,hoc,0.34999999403953552,9.7087373729999999,-3.275465965,6.168580532
1183,H,hoc,0.34999999403953552,9.7601890559999998,-7.9725275040000003,15.361228943
1184,H,hoc,0.34999999403953552,9.7759914400000003,-3.2844088079999998,9.9896421429999993
1185,Ca,ca+e,1.6000000238418579,1.8407374620000001,12.380232811000001,18.816135406000001
1186,Ca,ca+e,1.6000000238418579,7.9426288600000001,15.586824417000001,23.850727080999999
1187,O,oc9,-0.89999997615814209,-1.23044157,10.456418037000001,20.298030853
1188,O,oc6,-0.89999997615814209,1.283777833,12.058116912999999,22.687429428000002
1189,O,oc6,-0.89999997615814209,-1.2474949360000001,10.504778862,17.326152801999999
1190,O,oc9,-0.89999997615814209,1.281139016,12.021162987,4.2130103109999997
1191,O,o*,-0.81999999284744263,6.2905731200000004,14.785367012,22.412694931000001
1192,O,o*,-0.81999999284744263,3.454780102,13.36894989,20.564767838000002
1193,O,o*,-0.81999999284744263,6.2656130790000004,14.768340111000001,4.3818497660000002
1194,O,o*,-0.81999999284744263,3.306108236,13.668261528,17.187791824000001
1195,O,o*,-0.81999999284744263,5.7285261150000002,17.653547286999999,13.188404083
1196,O,o*,-0.81999999284744263,4.1891989709999997,10.265006065,8.1027259829999991
1197,O,o*,-0.81999999284744263,5.7180118560000004,17.093767165999999,24.12836647
1198,O,o*,-0.81999999284744263,4.0692853930000004,10.831205368000001,18.666492462000001
1199,O,oc11,-0.60000002384185791,3.7133045199999999,15.561591148,11.010802268999999
1200,O,oc11,-0.60000002384185791,3.6551432610000001,15.538146973,15.364478111
1201,O,oc11,-0.60000002384185791,4.1885600089999997,15.843151092999999,21.156311035000002
1202,O,o*,-0.81999999284744263,3.5805535320000001,15.322759628,5.2381410600000002
1203,H,h*,0.40999999642372131,3.673324585,14.318153381,20.745685577
1204,H,h*,0.40999999642372131,4.28142786,12.944190024999999,20.910713196
1205,H,h*,0.40999999642372131,6.1413559910000002,13.785709381,4.4472246169999998
1206,H,h*,0.40999999642372131,5.3852715489999996,15.039194107,4.7302169799999998
1207,H,h*,0.40999999642372131,4.1235990520000003,13.242550850000001,16.835691451999999
1208,H,h*,0.40999999642372131,3.3413071630000002,14.503597259999999,16.656185149999999
1209,H,h*,0.40999999642372131,5.0798420909999997,17.643575668,12.43927002
1210,H,h*,0.40999999642372131,5.0992798810000002,17.694169998,13.953650475
1211,H,h*,0.40999999642372131,4.6925191880000003,10.292334557,8.9545259480000006
1212,H,h*,0.40999999642372131,4.906925201,10.586691856,7.5044889450000003
1213,H,h*,0.40999999642372131,5.5104351039999999,18.065828323000002,24.093551636000001
1214,H,h*,0.40999999642372131,4.85591507,16.816297531,23.679683685000001
1215,H,h*,0.40999999642372131,3.9357900620000001,9.8571825030000007,18.727010727
1216,H,h*,0.40999999642372131,4.9684505459999997,10.921894073000001,19.070478438999999
1217,H,h*,0.40999999642372131,5.4913969040000001,15.210217476,22.009691237999998
1218,H,h*,0.40999999642372131,6.1050214770000002,13.840211868000001,22.177907944000001
1219,H,h*,0.40999999642372131,2.8137929439999998,15.704968451999999,5.7283248899999997
1220,H,h*,0.40999999642372131,3.1222050189999999,15.083162308,4.3947277070000004
1221,H,hoc,0.34999999403953552,2.0283164980000001,12.462824821,22.266992568999999
1222,H,hoc,0.34999999403953552,-1.9996747969999999,10.097185135,16.918989182000001
1223,H,hoc,0.34999999403953552,2.0118074419999998,12.44529438,4.6398601529999999
1224,H,hoc,0.34999999403953552,-1.9613434080000001,10.021980286,20.715040207000001
1225,Ca,ca+e,1.6000000238418579,7.9214458470000002,17.894945145000001,18.819103241000001
1226,Ca,ca+e,1.6000000238418579,1.8689169880000001,10.124732018,23.902633667
1227,O,oc10,-0.89999997615814209,1.369233251,10.55372715,20.314546584999999
1228,O,oc7,-0.89999997615814209,-1.2920147179999999,11.956061363,22.665941237999998
1229,O,oc5,-0.89999997615814209,1.339808702,10.531817436000001,17.305372238
1230,O,oc10,-0.89999997615814209,-1.320448399,12.014915466,4.188868523
1231,O,o*,-0.81999999284744263,3.5685529709999999,9.2503929140000007,22.501998901
1232,O,o*,-0.81999999284744263,6.2352318760000003,18.826217651,20.538789748999999
1233,O,o*,-0.81999999284744263,3.5441584590000001,9.3484849929999996,4.4675641060000002
1234,O,o*,-0.81999999284744263,6.0453939439999997,7.209713936,17.194374084
1235,O,o*,-0.81999999284744263,1.3088020090000001,18.652429581,13.214537621
1236,O,o*,-0.81999999284744263,8.4533748630000005,9.7883071899999994,8.0529832839999997
1237,O,o*,-0.81999999284744263,-2.0521814819999999,21.110860825,2.3102934359999998
1238,O,o*,-0.81999999284744263,8.1114788059999992,9.3562726969999996,18.587924956999998
1239,O,oc11,-0.60000002384185791,4.1506142620000004,17.945798874000001,11.014084816
1240,O,oc11,-0.60000002384185791,4.2393403049999998,17.885484694999999,15.371795654
1241,O,oc11,-0.60000002384185791,3.7264540199999998,18.224996567000002,21.166484832999998
1242,O,o*,-0.81999999284744263,4.5198841090000004,17.992317199999999,4.9738936420000002
1243,H,h*,0.40999999642372131,6.1793241500000002,19.751615524000002,20.892089844000001
1244,H,h*,0.40999999642372131,5.3064732550000002,18.532905579000001,20.721385955999999
1245,H,h*,0.40999999642372131,4.4602875710000003,9.7241878509999999,4.533311844
1246,H,h*,0.40999999642372131,3.7751972679999999,8.4074649810000004,4.6528854370000001
1247,H,h*,0.40999999642372131,5.908277988,8.1542854309999999,16.950977325
1248,H,h*,0.40999999642372131,5.3133378029999996,6.8157210350000001,16.654855728000001
1249,H,h*,0.40999999642372131,1.6048336030000001,18.083284377999998,13.970795631
1250,H,h*,0.40999999642372131,1.6347193719999999,18.100212097,12.458625793
1251,H,h*,0.40999999642372131,8.1901855470000005,10.208240508999999,8.9101161960000006
1252,H,h*,0.40999999642372131,7.7915816309999997,10.236066817999999,7.4697875979999999
1253,H,h*,0.40999999642372131,-2.8435599800000002,20.942466736,2.9076480870000001
1254,H,h*,0.40999999642372131,-1.384715557,20.782585143999999,2.9949553010000001
1255,H,h*,0.40999999642372131,9.0316972730000007,9.6975431440000008,18.676839827999999
1256,H,h*,0.40999999642372131,7.6034035680000001,10.071048737,19.049650192000001
1257,H,h*,0.40999999642372131,3.5956010819999999,8.3618764880000001,22.06394577
1258,H,h*,0.40999999642372131,4.4638056759999998,9.583599091,22.235748291
1259,H,h*,0.40999999642372131,4.2798295020000001,17.095420836999999,5.3009548190000002
1260,H,h*,0.40999999642372131,4.9507827759999996,17.734767913999999,4.1243147850000001
1261,H,hoc,0.34999999403953552,-2.0037574770000002,12.403114319,22.232242584000002
1262,H,hoc,0.34999999403953552,2.0806276800000001,10.110509872,16.891521453999999
1263,H,hoc,0.34999999403953552,-2.0603330139999998,12.437105179,4.6016683580000004
1264,H,hoc,0.34999999403953552,2.1293938159999999,10.179196358,20.737716675000001
1265,Al,ac2,1.2000000476837158,-0.034670650999999997,11.255707741,10.749554634000001
1266,Ca,ca+e,1.6000000238418579,7.9107069970000001,6.7502326970000004,8.076135635
1267,Ca,ca+e,1.6000000238418579,1.801991463,21.403392791999998,13.410577774
1268,O,oc10,-0.89999997615814209,1.230436087,10.456418037000001,9.5580301280000004
1269,O,oc7,-0.89999997615814209,-1.2837833169999999,12.058116912999999,11.947429657000001
1270,O,oc7,-0.89999997615814209,1.2474894519999999,10.504778862,6.5861525539999999
1271,O,oc8,-0.89999997615814209,-1.2811444999999999,12.021162987,14.953010559000001
1272,O,o*,-0.81999999284744263,3.4608714580000002,9.1553668980000005,11.67269516
1273,O,o*,-0.81999999284744263,6.2966647150000004,7.7389502529999996,9.8247680660000007
1274,O,o*,-0.81999999284744263,3.485831261,20.398340224999998,15.121850014
1275,O,o*,-0.81999999284744263,6.4453363420000001,19.298261642,6.4477910999999999
1276,O,o*,-0.81999999284744263,4.076792717,11.624654769999999,24.015298843
1277,O,o*,-0.81999999284744263,5.5622453690000002,15.895006179999999,18.842725754
1278,O,o*,-0.81999999284744263,4.0119614600000002,11.778167724999999,13.269468307
1279,O,o*,-0.81999999284744263,5.6821589469999996,16.461204529,7.9264931680000004
1280,O,oc11,-0.60000002384185791,6.5509443279999999,11.262269974000001,19.778423309000001
1281,O,oc11,-0.60000002384185791,6.4830498700000003,11.24682045,6.6139626500000004
1282,O,oc11,-0.60000002384185791,6.5308346750000004,11.2537117,12.376851082
1283,O,oc11,-0.60000002384185791,6.0381398199999996,9.9315919879999992,21.750802994000001
1284,O,oc11,-0.60000002384185791,6.0963010789999998,9.9081478119999993,4.6244783399999996
1285,O,oc11,-0.60000002384185791,5.5628848079999997,10.213151932000001,10.41631031
1286,O,o*,-0.81999999284744263,6.1708912849999997,9.6927595140000005,15.978141785
1287,S,s',0.60000002384185791,6.5188841819999999,11.252916336,21.266866684
1288,S,s',0.60000002384185791,6.4804267879999999,11.248279572,5.1271958350000002
1289,S,s',0.60000002384185791,6.4975228310000004,11.265902519000001,10.891535759
1290,H,h*,0.40999999642372131,6.0781202319999998,8.6881532670000006,10.00568676
1291,H,h*,0.40999999642372131,5.4700164789999999,7.3141903880000001,10.170713425000001
1292,H,h*,0.40999999642372131,4.3661727910000003,20.669193268000001,15.470216751000001
1293,H,h*,0.40999999642372131,3.6100888250000001,19.415708542000001,15.187224388000001
1294,H,h*,0.40999999642372131,6.4101376529999996,20.13359642,5.9161858560000002
1295,H,h*,0.40999999642372131,5.6278452870000004,18.872550963999998,6.0956912040000004
1296,H,h*,0.40999999642372131,4.3856925960000002,11.93029213,23.115467072000001
1297,H,h*,0.40999999642372131,4.9583835599999997,11.359663962999999,24.327632904000001
1298,H,h*,0.40999999642372131,4.8445191379999999,16.216691970999999,18.24448967
1299,H,h*,0.40999999642372131,5.0589251519999996,15.922334671,19.694526671999999
1300,H,h*,0.40999999642372131,4.8721542360000001,11.652108192,12.792200089
1301,H,h*,0.40999999642372131,3.7609112260000002,12.687099457,12.987094879000001
1302,H,h*,0.40999999642372131,5.8156542780000002,15.487182617,7.9870114330000002
1303,H,h*,0.40999999642372131,4.7829942699999997,16.551895141999999,8.3304786679999996
1304,H,h*,0.40999999642372131,4.2600474359999998,9.5802173610000008,11.269692421
1305,H,h*,0.40999999642372131,3.6464231009999999,8.2102127080000002,11.437907219
1306,H,h*,0.40999999642372131,6.9376516339999998,10.074968338,16.468326568999998
1307,H,h*,0.40999999642372131,6.6292395590000002,9.4531621930000007,15.134727478
1308,Al,ac2,1.2000000476837158,0.028979386999999999,11.266608238,16.124525070000001
1309,H,hoc,0.34999999403953552,-2.0283219809999999,12.462824821,11.526992798
1310,H,hoc,0.34999999403953552,1.9996693130000001,10.097185135,6.1789889340000004
1311,H,hoc,0.34999999403953552,-2.0118129250000001,12.44529438,15.379859924
1312,H,hoc,0.34999999403953552,1.961337924,10.021980286,9.9750404360000005
1313,Ca,ca+e,1.6000000238418579,1.8299984929999999,12.264945984000001,8.0791025160000007
1314,Ca,ca+e,1.6000000238418579,7.8782501219999999,15.884592056000001,13.453540801999999
1315,O,oc9,-0.89999997615814209,-1.3692387340000001,10.55372715,9.5745458600000006
1316,O,oc6,-0.89999997615814209,1.292009234,11.956061363,11.925941466999999
1317,O,oc6,-0.89999997615814209,-1.3398141859999999,10.531817436000001,6.5653729439999999
1318,O,oc9,-0.89999997615814209,1.320442796,12.014915466,14.928868294000001
1319,O,o*,-0.81999999284744263,6.182891369,14.880393028,11.76199913
1320,O,o*,-0.81999999284744263,3.516212463,13.196217537000001,9.7987899780000003
1321,O,o*,-0.81999999284744263,6.2072858809999998,14.978485106999999,15.207564354000001
1322,O,o*,-0.81999999284744263,3.7060506339999999,12.83971405,6.4543738370000003
1323,O,o*,-0.81999999284744263,8.6054372790000002,12.938747405999999,23.977296829
1324,O,o*,-0.81999999284744263,1.2980694770000001,15.418306351,18.792982101
1325,O,o*,-0.81999999284744263,8.1359767909999992,13.075943947000001,13.600291252
1326,O,o*,-0.81999999284744263,1.639965653,14.986271858,7.8479251860000003
1327,O,oc11,-0.60000002384185791,5.6008305549999999,12.315798759,21.754085540999998
1328,O,oc11,-0.60000002384185791,5.512104034,12.255485535,4.6317958829999997
1329,O,oc11,-0.60000002384185791,6.0249905589999999,12.594997405999999,10.426484108
1330,O,o*,-0.81999999284744263,5.2315602300000004,12.362317085000001,15.71389389
1331,H,h*,0.40999999642372131,4.4449710849999997,12.902906418000001,9.9813871380000005
1332,H,h*,0.40999999642372131,3.5721201900000001,14.121614456,10.152090073
1333,H,h*,0.40999999642372131,5.9762473109999998,14.037464141999999,15.392885207999999
1334,H,h*,0.40999999642372131,5.2911567689999996,15.354187964999999,15.273311615000001
1335,H,h*,0.40999999642372131,3.8431663509999998,13.784285544999999,6.2109775540000003
1336,H,h*,0.40999999642372131,4.4381065370000004,12.445721625999999,5.9148554799999999
1337,H,h*,0.40999999642372131,9.238582611,12.247465134,24.262334824
1338,H,h*,0.40999999642372131,8.5807142259999996,12.657073974999999,23.022512436
1339,H,h*,0.40999999642372131,1.9598630669999999,15.866066933000001,18.209787369000001
1340,H,h*,0.40999999642372131,1.561259151,15.838240623000001,19.650115967000001
1341,H,h*,0.40999999642372131,7.6066884989999997,12.419055939,13.0776968
1342,H,h*,0.40999999642372131,9.0493822099999992,12.865516662999999,13.298969269000001
1343,H,h*,0.40999999642372131,0.71974748399999999,15.327543259,7.9368410110000003
1344,H,h*,0.40999999642372131,2.1480407709999998,15.701048850999999,8.3096504210000006
1345,H,h*,0.40999999642372131,5.2876391409999997,15.213599205,11.495748519999999
1346,H,h*,0.40999999642372131,6.155843258,13.991876602,11.323945045
1347,H,h*,0.40999999642372131,4.8006615640000003,12.104768753,14.864315033
1348,H,h*,0.40999999642372131,5.4716153140000001,11.465420722999999,16.040954589999998
1349,H,hoc,0.34999999403953552,2.0037519929999998,12.403114319,11.492242813000001
1350,H,hoc,0.34999999403953552,-2.0806331629999999,10.110509872,6.151521206
1351,H,hoc,0.34999999403953552,2.0603275299999999,12.437105179,15.341668129
1352,H,hoc,0.34999999403953552,-2.1293993000000002,10.179196358,9.9977159499999999
1353,Ca,ca+e,1.6000000238418579,9.6254634859999992,14.789270401,8.0761470790000001
1354,Ca,ca+e,1.6000000238418579,0.053363197000000001,13.394815445000001,13.435070992
1355,O,oc8,-0.89999997615814209,0.016047120000000002,12.757881165000001,9.5674867629999998
1356,O,oc5,-0.89999997615814209,-0.089114681000000001,9.7607641219999994,11.936125755000001
1357,O,oc5,-0.89999997615814209,-0.025417750999999999,12.759849548,6.5769176480000002
1358,O,oc10,-0.89999997615814209,0.011223059000000001,9.7653799059999997,14.940231323000001
1359,O,o*,-0.81999999284744263,0.010165627999999999,15.337928772,11.709644318
1360,O,o*,-0.81999999284744263,9.6912307739999992,12.843422889999999,9.769458771
1361,O,o*,-0.81999999284744263,0.076804577999999998,15.348849296999999,15.167505264000001
1362,O,o*,-0.81999999284744263,-0.60251533999999995,18.532718658,6.4513087269999998
1363,O,o*,-0.81999999284744263,9.2466630940000005,8.1832733149999992,1.93535459
1364,O,o*,-0.81999999284744263,3.0272223949999999,19.330574036000002,18.836357116999999
1365,O,o*,-0.81999999284744263,7.2470655439999998,8.8850946430000004,13.486528397000001
1366,O,o*,-0.81999999284744263,2.4085602760000002,19.148386001999999,7.7195644379999999
1367,O,oc11,-0.60000002384185791,7.885967731,11.503748893999999,21.795822143999999
1368,O,oc11,-0.60000002384185791,7.8325462339999996,11.58646965,4.6233205799999997
1369,O,oc11,-0.60000002384185791,7.8624787329999997,11.004361153,10.365646362
1370,O,o*,-0.81999999284744263,8.0650186539999993,11.779039383000001,16.186504364000001
1371,H,h*,0.40999999642372131,8.9639616009999994,12.196228027,9.9573926929999992
1372,H,h*,0.40999999642372131,10.452666282999999,12.341810226,10.15967083
1373,H,h*,0.40999999642372131,-0.58203422999999999,15.993065833999999,15.513804435999999
1374,H,h*,0.40999999642372131,0.87921410799999999,15.931225777,15.217470169
1375,H,h*,0.40999999642372131,-1.3280406,18.120948792,5.9166173930000001
1376,H,h*,0.40999999642372131,0.10563882400000001,17.886695862,6.2285385130000002
1377,H,h*,0.40999999642372131,8.4391412730000006,8.7276792529999998,1.8031286
1378,H,h*,0.40999999642372131,9.4439039230000006,8.4654607770000005,2.8644053939999998
1379,H,h*,0.40999999642372131,3.0889644619999999,18.534297942999999,18.254085540999998
1380,H,h*,0.40999999642372131,3.238989353,18.893606186,19.698690414000001
1381,H,h*,0.40999999642372131,6.6121969219999999,8.2033681870000006,13.167042732000001
1382,H,h*,0.40999999642372131,6.9601140020000001,9.679512978,12.965379714999999
1383,H,h*,0.40999999642372131,2.752483368,18.397159576,8.2698202129999991
1384,H,h*,0.40999999642372131,3.1231999400000001,19.813915253000001,7.8626589779999998
1385,H,h*,0.40999999642372131,-0.74080944100000001,15.821668624999999,11.280682563999999
1386,H,h*,0.40999999642372131,0.74994462699999997,15.956663131999999,11.479640960999999
1387,H,h*,0.40999999642372131,7.6275177000000003,12.370926857000001,16.846147537
1388,H,h*,0.40999999642372131,7.8845658299999997,12.289944649000001,15.359796524
1389,H,hoc,0.34999999403953552,-0.074841797000000002,8.9146289830000001,11.512286186000001
1390,H,hoc,0.34999999403953552,-0.042712792999999999,13.614534378,6.168580532
1391,H,hoc,0.34999999403953552,0.008739218,8.9174728390000002,15.361228943
1392,H,hoc,0.34999999403953552,0.024540982999999999,13.60559082,9.9896421429999993
1393,Ca,ca+e,1.6000000238418579,11.592187880999999,6.7502326970000004,18.816135406000001
1394,Ca,ca+e,1.6000000238418579,17.696311950999998,10.047229766999999,23.837888717999999
1395,O,oc9,-0.89999997615814209,8.521008492,4.8264179230000002,20.298030853
1396,O,oc6,-0.89999997615814209,11.035227775999999,6.4281167979999996,22.687429428000002
1397,O,oc6,-0.89999997615814209,8.5039548870000008,4.8747787479999998,17.326152801999999
1398,O,oc9,-0.89999997615814209,11.032588959,6.3911628719999998,4.2130103109999997
1399,O,o*,-0.81999999284744263,16.042022705000001,9.1553668980000005,22.412694931000001
1400,O,o*,-0.81999999284744263,13.206230164000001,7.7389502529999996,20.564767838000002
1401,O,o*,-0.81999999284744263,16.017063141000001,9.1383409499999999,4.3818497660000002
1402,O,o*,-0.81999999284744263,13.05755806,8.0382623669999997,17.187791824000001
1403,O,o*,-0.81999999284744263,15.479975700000001,12.023547173000001,13.188404083
1404,O,o*,-0.81999999284744263,13.940649033,4.6350059510000001,8.1027259829999991
1405,O,o*,-0.81999999284744263,15.501472473,11.541249275,24.242851257000002
1406,O,o*,-0.81999999284744263,13.820735931,5.2012047770000001,18.666492462000001
1407,O,oc11,-0.60000002384185791,13.464755058,9.9315919879999992,11.010802268999999
1408,O,oc11,-0.60000002384185791,13.406593322999999,9.9081478119999993,15.364478111
1409,O,oc11,-0.60000002384185791,13.940010071,10.213150978,21.156311035000002
1410,O,o*,-0.81999999284744263,13.332003593,9.6927595140000005,5.2381410600000002
1411,H,h*,0.40999999642372131,13.424774169999999,8.6881532670000006,20.745685577
1412,H,h*,0.40999999642372131,14.032877922000001,7.3141903880000001,20.910713196
1413,H,h*,0.40999999642372131,15.892806052999999,8.1557092670000007,4.4472246169999998
1414,H,h*,0.40999999642372131,15.136721611,9.4091939930000006,4.7302169799999998
1415,H,h*,0.40999999642372131,13.875049591,7.6125507350000001,16.835691451999999
1416,H,h*,0.40999999642372131,13.092757225,8.8735971449999997,16.656185149999999
1417,H,h*,0.40999999642372131,14.831292152,12.013575554000001,12.43927002
1418,H,h*,0.40999999642372131,14.850729941999999,12.064169884,13.953650475
1419,H,h*,0.40999999642372131,14.443969727000001,4.6623349190000001,8.9545259480000006
1420,H,h*,0.40999999642372131,14.658374786,4.9566922189999998,7.5044889450000003
1421,H,h*,0.40999999642372131,15.092066765,12.258433342,24.763559341000001
1422,H,h*,0.40999999642372131,14.683326721,11.392854691,23.647779464999999
1423,H,h*,0.40999999642372131,13.687240600999999,4.2271823880000001,18.727010727
1424,H,h*,0.40999999642372131,14.719900130999999,5.2918944359999998,19.070478438999999
1425,H,h*,0.40999999642372131,15.242846489,9.5802173610000008,22.009691237999998
1426,H,h*,0.40999999642372131,15.856471062000001,8.2102127080000002,22.177907944000001
1427,H,h*,0.40999999642372131,12.565242767000001,10.074968338,5.7283253670000001
1428,H,h*,0.40999999642372131,12.873655318999999,9.4531621930000007,4.3947277070000004
1429,H,hoc,0.34999999403953552,11.779766083,6.8328251839999998,22.266992568999999
1430,H,hoc,0.34999999403953552,7.751775265,4.4671850199999996,16.918989182000001
1431,H,hoc,0.34999999403953552,11.763257027,6.8152947429999999,4.6398601529999999
1432,H,hoc,0.34999999403953552,7.7901067729999998,4.3919801710000002,20.715040207000001
1433,Ca,ca+e,1.6000000238418579,17.672895432000001,12.264945984000001,18.819103241000001
1434,Ca,ca+e,1.6000000238418579,11.682624817000001,4.7579331399999996,23.921691894999999
1435,O,oc10,-0.89999997615814209,11.12068367,4.9237270359999998,20.314546584999999
1436,O,oc7,-0.89999997615814209,8.4594354630000002,6.3260617259999998,22.665941237999998
1437,O,oc5,-0.89999997615814209,11.091259002999999,4.9018168449999999,17.305372238
1438,O,oc10,-0.89999997615814209,8.431001663,6.3849153520000002,4.188868523
1439,O,o*,-0.81999999284744263,13.320003509999999,3.6203932760000002,22.501998901
1440,O,o*,-0.81999999284744263,15.986681938,13.196217537000001,20.538789748999999
1441,O,o*,-0.81999999284744263,13.295608521,3.718484879,4.4675641060000002
1442,O,o*,-0.81999999284744263,15.796843529,1.5797139410000001,17.194374084
1443,O,o*,-0.81999999284744263,11.06025219,13.022429466,13.214537621
1444,O,o*,-0.81999999284744263,18.204824448,4.1583065990000003,8.0529832839999997
1445,O,o*,-0.81999999284744263,7.956332207,15.099164963,2.3170638079999999
1446,O,o*,-0.81999999284744263,17.862928391000001,3.7262723449999999,18.587924956999998
1447,O,oc11,-0.60000002384185791,13.902064322999999,12.315798759,11.014084816
1448,O,oc11,-0.60000002384185791,13.990790367000001,12.255485535,15.371795654
1449,O,oc11,-0.60000002384185791,13.47790432,12.594997405999999,21.166484832999998
1450,O,o*,-0.81999999284744263,14.271333694000001,12.362318039,4.9738936420000002
1451,H,h*,0.40999999642372131,15.930774689,14.121614456,20.892089844000001
1452,H,h*,0.40999999642372131,15.057923317,12.902906418000001,20.721385955999999
1453,H,h*,0.40999999642372131,14.211737633,4.0941882129999998,4.533311844
1454,H,h*,0.40999999642372131,13.526647568,2.7774646280000002,4.6528854370000001
1455,H,h*,0.40999999642372131,15.65972805,2.5242853159999998,16.950977325
1456,H,h*,0.40999999642372131,15.064787865,1.1857212779999999,16.654855728000001
1457,H,h*,0.40999999642372131,11.356283188000001,12.45328331,13.970795631
1458,H,h*,0.40999999642372131,11.386169433999999,12.470211983,12.458625793
1459,H,h*,0.40999999642372131,17.941635131999998,4.5782403949999999,8.9101161960000006
1460,H,h*,0.40999999642372131,17.543031693,4.6060667039999998,7.4697875979999999
1461,H,h*,0.40999999642372131,7.0780186650000001,15.002379417,2.7598581310000001
1462,H,h*,0.40999999642372131,8.4733915329999991,15.026150703000001,3.157500744
1463,H,h*,0.40999999642372131,18.783147811999999,4.0675430300000004,18.676839827999999
1464,H,h*,0.40999999642372131,17.354854584000002,4.4410490989999998,19.049650192000001
1465,H,h*,0.40999999642372131,13.34705162,2.731876373,22.06394577
1466,H,h*,0.40999999642372131,14.215255737,3.9535992150000001,22.235748291
1467,H,h*,0.40999999642372131,14.031279564,11.465421677,5.3009548190000002
1468,H,h*,0.40999999642372131,14.702233315000001,12.104768753,4.1243147850000001
1469,H,hoc,0.34999999403953552,7.7476925850000002,6.7731142039999996,22.232242584000002
1470,H,hoc,0.34999999403953552,11.832077979999999,4.4805097580000002,16.891521453999999
1471,H,hoc,0.34999999403953552,7.6911168099999996,6.8071055410000003,4.6016683580000004
1472,H,hoc,0.34999999403953552,11.880844116,4.5491957660000004,20.737716675000001
1473,Al,ac2,1.2000000476837158,9.7167797090000008,5.625708103,10.749554634000001
1474,Ca,ca+e,1.6000000238418579,17.662157058999998,1.1202325820000001,8.076135635
1475,Ca,ca+e,1.6000000238418579,11.553441048,15.773392677,13.410577774
1476,O,oc10,-0.89999997615814209,10.981885910000001,4.8264179230000002,9.5580301280000004
1477,O,oc7,-0.89999997615814209,8.4676666259999998,6.4281167979999996,11.947429657000001
1478,O,oc7,-0.89999997615814209,10.998939514,4.8747787479999998,6.5861525539999999
1479,O,oc8,-0.89999997615814209,8.4703054430000009,6.3911628719999998,14.953010559000001
1480,O,o*,-0.81999999284744263,13.212321280999999,3.5253672599999999,11.67269516
1481,O,o*,-0.81999999284744263,16.048114776999999,2.108950138,9.8247680660000007
1482,O,o*,-0.81999999284744263,13.237280846000001,14.768340111000001,15.121850014
1483,O,o*,-0.81999999284744263,16.196786880000001,13.668261528,6.4477910999999999
1484,O,o*,-0.81999999284744263,13.887740135,6.2108454699999998,23.954181671000001
1485,O,o*,-0.81999999284744263,15.313695908,10.265006065,18.842725754
1486,O,o*,-0.81999999284744263,13.763411522,6.1481680870000002,13.269468307
1487,O,o*,-0.81999999284744263,15.433609009,10.831205368000001,7.9264931680000004
1488,O,oc11,-0.60000002384185791,16.302394867,5.6322703360000004,19.778423309000001
1489,O,oc11,-0.60000002384185791,16.234498978000001,5.6168203349999999,6.6139626500000004
1490,O,oc11,-0.60000002384185791,16.282283783,5.6237120630000001,12.376851082
1491,O,oc11,-0.60000002384185791,15.789589882,4.3015913960000001,21.750802994000001
1492,O,oc11,-0.60000002384185791,15.847751617,4.2781472210000002,4.6244783399999996
1493,O,oc11,-0.60000002384185791,15.314334869,4.5831513399999997,10.41631031
1494,O,o*,-0.81999999284744263,15.922341347,4.0627593989999999,15.978141785
1495,S,s',0.60000002384185791,16.270334244000001,5.6229157450000002,21.266866684
1496,S,s',0.60000002384185791,16.231876372999999,5.6182794569999999,5.1271958350000002
1497,S,s',0.60000002384185791,16.248971939,5.6359024050000004,10.891535759
1498,H,h*,0.40999999642372131,15.829569816999999,3.058153629,10.00568676
1499,H,h*,0.40999999642372131,15.221467018,1.6841901539999999,10.170713425000001
1500,H,h*,0.40999999642372131,14.117623329000001,15.039193152999999,15.470216751000001
1501,H,h*,0.40999999642372131,13.361538887,13.785709381,15.187224388000001
1502,H,h*,0.40999999642372131,16.161586760999999,14.503597259999999,5.9161858560000002
1503,H,h*,0.40999999642372131,15.379295349,13.242550850000001,6.0956912040000004
1504,H,h*,0.40999999642372131,14.356868744,6.2324628830000002,23.068353652999999
1505,H,h*,0.40999999642372131,13.985022545,7.1744189260000004,24.134471893000001
1506,H,h*,0.40999999642372131,14.595969200000001,10.586691856,18.24448967
1507,H,h*,0.40999999642372131,14.810375214,10.292334557,19.694526671999999
1508,H,h*,0.40999999642372131,14.623604774,6.0221080779999996,12.792200089
1509,H,h*,0.40999999642372131,13.512361525999999,7.0570998190000003,12.987094879000001
1510,H,h*,0.40999999642372131,15.56710434,9.8571825030000007,7.9870114330000002
1511,H,h*,0.40999999642372131,14.534443854999999,10.921894073000001,8.3304786679999996
1512,H,h*,0.40999999642372131,14.011497498000001,3.9502172469999999,11.269692421
1513,H,h*,0.40999999642372131,13.397872925,2.580212355,11.437907219
1514,H,h*,0.40999999642372131,16.689102172999998,4.4449687000000004,16.468324661
1515,H,h*,0.40999999642372131,16.380689620999998,3.8231625560000002,15.134727478
1516,Al,ac2,1.2000000476837158,9.78042984,5.6366086009999998,16.124525070000001
1517,H,hoc,0.34999999403953552,7.7231278420000002,6.8328251839999998,11.526992798
1518,H,hoc,0.34999999403953552,11.751119614,4.467185497,6.1789889340000004
1519,H,hoc,0.34999999403953552,7.7396368979999997,6.8152947429999999,15.379859924
1520,H,hoc,0.34999999403953552,11.712787627999999,4.3919801710000002,9.9750404360000005
1521,Ca,ca+e,1.6000000238418579,11.581448555,6.6349458690000001,8.0791025160000007
1522,Ca,ca+e,1.6000000238418579,17.629699707,10.254591941999999,13.453540801999999
1523,O,oc9,-0.89999997615814209,8.3822116849999997,4.9237275120000001,9.5745458600000006
1524,O,oc6,-0.89999997615814209,11.043458939000001,6.3260617259999998,11.925941466999999
1525,O,oc6,-0.89999997615814209,8.4116353989999997,4.9018173220000003,6.5653729439999999
1526,O,oc9,-0.89999997615814209,11.071892738000001,6.3849153520000002,14.928868294000001
1527,O,o*,-0.81999999284744263,15.934341431,9.2503929140000007,11.76199913
1528,O,o*,-0.81999999284744263,13.267663002000001,7.5662174220000002,9.7987899780000003
1529,O,o*,-0.81999999284744263,15.958736419999999,9.3484849929999996,15.207564354000001
1530,O,o*,-0.81999999284744263,13.457500458,7.209713936,6.4543738370000003
1531,O,o*,-0.81999999284744263,18.248624801999998,7.5043897629999998,23.919944763
1532,O,o*,-0.81999999284744263,11.049519539,9.7883071899999994,18.792982101
1533,O,o*,-0.81999999284744263,17.887426376000001,7.4459438320000002,13.600291252
1534,O,o*,-0.81999999284744263,11.391415596,9.3562726969999996,7.8479251860000003
1535,O,oc11,-0.60000002384185791,15.352280617,6.6857986450000002,21.754085540999998
1536,O,oc11,-0.60000002384185791,15.263553619,6.6254854200000004,4.6317958829999997
1537,O,oc11,-0.60000002384185791,15.776440620000001,6.9649972919999996,10.426484108
1538,O,o*,-0.81999999284744263,14.983010291999999,6.7323174479999999,15.71389389
1539,H,h*,0.40999999642372131,14.196421623000001,7.2729063030000001,9.9813871380000005
1540,H,h*,0.40999999642372131,13.323570251,8.4916143420000001,10.152090073
1541,H,h*,0.40999999642372131,15.727697372,8.4074649810000004,15.392885207999999
1542,H,h*,0.40999999642372131,15.042606354,9.7241878509999999,15.273311615000001
1543,H,h*,0.40999999642372131,13.594615936,8.1542854309999999,6.2109780309999998
1544,H,h*,0.40999999642372131,14.189557076,6.8157215119999996,5.9148554799999999
1545,H,h*,0.40999999642372131,19.086198806999999,7.0643100739999998,24.171257018999999
1546,H,h*,0.40999999642372131,17.951774597,6.8673443790000004,23.213727950999999
1547,H,h*,0.40999999642372131,11.711313248,10.236066817999999,18.209787369000001
1548,H,h*,0.40999999642372131,11.312708855,10.208240508999999,19.650115967000001
1549,H,h*,0.40999999642372131,17.358139038000001,6.7890563009999996,13.0776968
1550,H,h*,0.40999999642372131,18.800832748000001,7.2355165479999997,13.298969269000001
1551,H,h*,0.40999999642372131,10.471197128,9.6975431440000008,7.9368410110000003
1552,H,h*,0.40999999642372131,11.899490355999999,10.071048737,8.3096504210000006
1553,H,h*,0.40999999642372131,15.039089203,9.583599091,11.495748519999999
1554,H,h*,0.40999999642372131,15.907293320000001,8.3618764880000001,11.323945045
1555,H,h*,0.40999999642372131,14.552111626,6.4747681620000002,14.864315033
1556,H,h*,0.40999999642372131,15.223065375999999,5.8354210850000001,16.040954589999998
1557,H,hoc,0.34999999403953552,11.755202293,6.7731142039999996,11.492242813000001
1558,H,hoc,0.34999999403953552,7.670816898,4.4805097580000002,6.151521206
1559,H,hoc,0.34999999403953552,11.811778069000001,6.8071055410000003,15.341668129
1560,H,hoc,0.34999999403953552,7.6220507619999998,4.5491962429999999,9.9977159499999999
1561,Ca,ca+e,1.6000000238418579,19.376913071000001,9.159270287,8.0761470790000001
1562,Ca,ca+e,1.6000000238418579,9.8048133849999992,7.7648153310000003,13.435071945000001
1563,O,oc8,-0.89999997615814209,9.7674970630000004,7.1278815270000004,9.5674867629999998
1564,O,oc5,-0.89999997615814209,9.6623353959999996,4.1307640079999999,11.936125755000001
1565,O,oc5,-0.89999997615814209,9.726032257,7.129849911,6.5769176480000002
1566,O,oc10,-0.89999997615814209,9.7626733780000006,4.1353797910000001,14.940231323000001
1567,O,o*,-0.81999999284744263,9.7616157529999992,9.7079286580000002,11.709644318
1568,O,o*,-0.81999999284744263,19.442680359000001,7.2134232520000001,9.769458771
1569,O,o*,-0.81999999284744263,9.8282547000000005,9.7188491819999996,15.167505264000001
1570,O,o*,-0.81999999284744263,9.1489343640000005,12.902719498,6.4513087269999998
1571,O,o*,-0.81999999284744263,16.997135161999999,3.1056823730000001,23.855606079000001
1572,O,o*,-0.81999999284744263,12.778672218000001,13.700573921,18.836357116999999
1573,O,o*,-0.81999999284744263,16.998516082999998,3.2550947670000001,13.486528397000001
1574,O,o*,-0.81999999284744263,12.160010337999999,13.518385887000001,7.7195644379999999
1575,O,oc11,-0.60000002384185791,17.637418747000002,5.8737483020000001,21.795822143999999
1576,O,oc11,-0.60000002384185791,17.583995818999998,5.9564695360000002,4.6233205799999997
1577,O,oc11,-0.60000002384185791,17.613927840999999,5.374361038,10.365646362
1578,O,o*,-0.81999999284744263,17.816467285000002,6.1490392680000001,16.186504364000001
1579,H,h*,0.40999999642372131,18.715412140000002,6.5662274360000001,9.9573926929999992
1580,H,h*,0.40999999642372131,20.204116821,6.7118101120000002,10.15967083
1581,H,h*,0.40999999642372131,9.1694154739999991,10.363066673000001,15.513804435999999
1582,H,h*,0.40999999642372131,10.630663872,10.301225662,15.217470169
1583,H,h*,0.40999999642372131,8.4234094620000004,12.490949630999999,5.9166173930000001
1584,H,h*,0.40999999642372131,9.8570890430000002,12.256695747,6.2285385130000002
1585,H,h*,0.40999999642372131,16.19108963,2.5203001500000002,23.785579681000002
1586,H,h*,0.40999999642372131,16.808919907,3.710483789,23.046960831
1587,H,h*,0.40999999642372131,12.840415001,12.904298782,18.254085540999998
1588,H,h*,0.40999999642372131,12.990439415000001,13.263606071,19.698690414000001
1589,H,h*,0.40999999642372131,16.363647460999999,2.573368549,13.167042732000001
1590,H,h*,0.40999999642372131,16.71156311,4.0495128630000004,12.965379714999999
1591,H,h*,0.40999999642372131,12.503932953,12.767160415999999,8.2698202129999991
1592,H,h*,0.40999999642372131,12.874650001999999,14.183916092,7.8626589779999998
1593,H,h*,0.40999999642372131,9.0106401439999999,10.19166851,11.280682563999999
1594,H,h*,0.40999999642372131,10.501394272000001,10.326663971,11.479640960999999
1595,H,h*,0.40999999642372131,17.378967285000002,6.7409272189999996,16.846147537
1596,H,h*,0.40999999642372131,17.636014937999999,6.6599440569999997,15.359796524
1597,H,hoc,0.34999999403953552,9.6766080859999999,3.284628868,11.512286186000001
1598,H,hoc,0.34999999403953552,9.7087373729999999,7.9845337870000002,6.168580532
1599,H,hoc,0.34999999403953552,9.7601890559999998,3.2874727250000002,15.361228943
1600,H,hoc,0.34999999403953552,9.7759914400000003,7.9755911829999997,9.9896421429999993
1601,Ca,ca+e,1.6000000238418579,1.8407374620000001,23.640232086000001,18.816135406000001
1602,Ca,ca+e,1.6000000238418579,9.8057870860000005,28.228193283,2.3394825460000002
1603,O,oc9,-0.89999997615814209,-1.23044157,21.716417313000001,20.298030853
1604,O,oc6,-0.89999997615814209,1.283777833,23.318117141999998,22.687429428000002
1605,O,oc6,-0.89999997615814209,-1.2474949360000001,21.764778137,17.326152801999999
1606,O,oc9,-0.89999997615814209,1.281139016,23.281162261999999,4.2130103109999997
1607,O,o*,-0.81999999284744263,6.2905731200000004,26.045368194999998,22.412694931000001
1608,O,o*,-0.81999999284744263,3.454780102,24.628950118999999,20.564767838000002
1609,O,o*,-0.81999999284744263,6.2656130790000004,26.028341293,4.3818497660000002
1610,O,o*,-0.81999999284744263,3.306108236,24.928262710999999,17.187791824000001
1611,O,o*,-0.81999999284744263,5.7285261150000002,28.913547516000001,13.188404083
1612,O,o*,-0.81999999284744263,4.1891989709999997,21.525005341,8.1027259829999991
1613,O,o*,-0.81999999284744263,10.389076233000001,30.938894271999999,2.0503225330000001
1614,O,o*,-0.81999999284744263,4.0692853930000004,22.091205596999998,18.666492462000001
1615,O,oc11,-0.60000002384185791,3.7133045199999999,26.821592331000002,11.010802268999999
1616,O,oc11,-0.60000002384185791,3.6551432610000001,26.798147201999999,15.364478111
1617,O,oc11,-0.60000002384185791,4.1885600089999997,27.103151320999999,21.156311035000002
1618,O,o*,-0.81999999284744263,3.5805535320000001,26.582759856999999,5.2381410600000002
1619,H,h*,0.40999999642372131,3.673324585,25.578153610000001,20.745685577
1620,H,h*,0.40999999642372131,4.28142786,24.204189301,20.910713196
1621,H,h*,0.40999999642372131,6.1413559910000002,25.045709609999999,4.4472246169999998
1622,H,h*,0.40999999642372131,5.3852715489999996,26.299194335999999,4.7302169799999998
1623,H,h*,0.40999999642372131,4.1235990520000003,24.502550124999999,16.835691451999999
1624,H,h*,0.40999999642372131,3.3413071630000002,25.763597487999998,16.656185149999999
1625,H,h*,0.40999999642372131,5.0798420909999997,28.903575897,12.43927002
1626,H,h*,0.40999999642372131,5.0992798810000002,28.954170226999999,13.953650475
1627,H,h*,0.40999999642372131,4.6925191880000003,21.552335739,8.9545259480000006
1628,H,h*,0.40999999642372131,4.906925201,21.846693039000002,7.5044889450000003
1629,H,h*,0.40999999642372131,10.480607986000001,31.010976791000001,3.046275616
1630,H,h*,0.40999999642372131,9.9942588810000004,31.843765259000001,1.9727220539999999
1631,H,h*,0.40999999642372131,3.9357900620000001,21.117181777999999,18.727010727
1632,H,h*,0.40999999642372131,4.9684505459999997,22.181894302,19.070478438999999
1633,H,h*,0.40999999642372131,5.4913969040000001,26.470216750999999,22.009691237999998
1634,H,h*,0.40999999642372131,6.1050214770000002,25.100212097,22.177907944000001
1635,H,h*,0.40999999642372131,2.8137929439999998,26.964969634999999,5.7283248899999997
1636,H,h*,0.40999999642372131,3.1222050189999999,26.343162537000001,4.3947277070000004
1637,H,hoc,0.34999999403953552,2.0283164980000001,23.722824097,22.266992568999999
1638,H,hoc,0.34999999403953552,-1.9996747969999999,21.357185363999999,16.918989182000001
1639,H,hoc,0.34999999403953552,2.0118074419999998,23.705295563,4.6398601529999999
1640,H,hoc,0.34999999403953552,-1.9613434080000001,21.281980515000001,20.715040207000001
1641,Ca,ca+e,1.6000000238418579,7.9214458470000002,29.154945374,18.819103241000001
1642,Ca,ca+e,1.6000000238418579,-0.21545873600000001,22.971841812000001,2.3040568829999999
1643,O,oc10,-0.89999997615814209,1.369233251,21.813726424999999,20.314546584999999
1644,O,oc7,-0.89999997615814209,-1.2920147179999999,23.216062546,22.665941237999998
1645,O,oc5,-0.89999997615814209,1.339808702,21.791816710999999,17.305372238
1646,O,oc10,-0.89999997615814209,-1.320448399,23.274915695000001,4.188868523
1647,O,o*,-0.81999999284744263,3.5685529709999999,20.510393143000002,22.501998901
1648,O,o*,-0.81999999284744263,6.2352318760000003,30.08621788,20.538789748999999
1649,O,o*,-0.81999999284744263,3.5441584590000001,20.608484268000002,4.4675641060000002
1650,O,o*,-0.81999999284744263,6.0453939439999997,18.469713210999998,17.194374084
1651,O,o*,-0.81999999284744263,1.3088020090000001,29.912429809999999,13.214537621
1652,O,o*,-0.81999999284744263,8.4533748630000005,21.048307419,8.0529832839999997
1653,O,o*,-0.81999999284744263,1.7863254550000001,30.265527724999998,24.469949721999999
1654,O,o*,-0.81999999284744263,8.1114788059999992,20.616271973,18.587924956999998
1655,O,oc11,-0.60000002384185791,4.1506142620000004,29.205799103,11.014084816
1656,O,oc11,-0.60000002384185791,4.2393403049999998,29.145484924000002,15.371795654
1657,O,oc11,-0.60000002384185791,3.7264540199999998,29.484996796000001,21.166484832999998
1658,O,o*,-0.81999999284744263,4.5198841090000004,29.252317429000001,4.9738936420000002
1659,H,h*,0.40999999642372131,6.1793241500000002,31.011613845999999,20.892089844000001
1660,H,h*,0.40999999642372131,5.3064732550000002,29.792905807,20.721385955999999
1661,H,h*,0.40999999642372131,4.4602875710000003,20.984188079999999,4.533311844
1662,H,h*,0.40999999642372131,3.7751972679999999,19.66746521,4.6528854370000001
1663,H,h*,0.40999999642372131,5.908277988,19.414285660000001,16.950977325
1664,H,h*,0.40999999642372131,5.3133378029999996,18.075721740999999,16.654855728000001
1665,H,h*,0.40999999642372131,1.6048336030000001,29.343284607000001,13.970795631
1666,H,h*,0.40999999642372131,1.6347193719999999,29.360212325999999,12.458625793
1667,H,h*,0.40999999642372131,8.1901855470000005,21.468240737999999,8.9101161960000006
1668,H,h*,0.40999999642372131,7.7915816309999997,21.496067047,7.4697875979999999
1669,H,h*,0.40999999642372131,2.5321424010000002,29.676891327,24.156326293999999
1670,H,h*,0.40999999642372131,1.049194336,29.577173233,24.351369858000002
1671,H,h*,0.40999999642372131,9.0316972730000007,20.957542418999999,18.676839827999999
1672,H,h*,0.40999999642372131,7.6034035680000001,21.331048965000001,19.049650192000001
1673,H,h*,0.40999999642372131,3.5956010819999999,19.621875762999998,22.06394577
1674,H,h*,0.40999999642372131,4.4638056759999998,20.843599318999999,22.235748291
1675,H,h*,0.40999999642372131,4.2798295020000001,28.355421066000002,5.3009548190000002
1676,H,h*,0.40999999642372131,4.9507827759999996,28.994768143000002,4.1243147850000001
1677,H,hoc,0.34999999403953552,-2.0037574770000002,23.663114547999999,22.232242584000002
1678,H,hoc,0.34999999403953552,2.0806276800000001,21.370510101000001,16.891521453999999
1679,H,hoc,0.34999999403953552,-2.0603330139999998,23.697105407999999,4.6016683580000004
1680,H,hoc,0.34999999403953552,2.1293938159999999,21.439195633000001,20.737716675000001
1681,Al,ac2,1.2000000476837158,-0.034670650999999997,22.515708922999998,10.749554634000001
1682,Ca,ca+e,1.6000000238418579,7.9107069970000001,18.010232925,8.076135635
1683,Ca,ca+e,1.6000000238418579,1.801991463,32.663391113000003,13.410577774
1684,O,oc10,-0.89999997615814209,1.230436087,21.716417313000001,9.5580301280000004
1685,O,oc7,-0.89999997615814209,-1.2837833169999999,23.318117141999998,11.947429657000001
1686,O,oc7,-0.89999997615814209,1.2474894519999999,21.764778137,6.5861525539999999
1687,O,oc8,-0.89999997615814209,-1.2811444999999999,23.281162261999999,14.953010559000001
1688,O,o*,-0.81999999284744263,3.4608714580000002,20.415367126,11.67269516
1689,O,o*,-0.81999999284744263,6.2966647150000004,18.998950958000002,9.8247680660000007
1690,O,o*,-0.81999999284744263,3.485831261,31.658340454000001,15.121850014
1691,O,o*,-0.81999999284744263,6.4453363420000001,30.558261870999999,6.4477910999999999
1692,O,o*,-0.81999999284744263,2.1148285869999999,22.403711318999999,2.0949237350000001
1693,O,o*,-0.81999999284744263,5.5622453690000002,27.155006408999999,18.842725754
1694,O,o*,-0.81999999284744263,4.0119614600000002,23.038167952999999,13.269468307
1695,O,o*,-0.81999999284744263,5.6821589469999996,27.721204757999999,7.9264931680000004
1696,O,oc11,-0.60000002384185791,6.5509443279999999,22.522270203000001,19.778423309000001
1697,O,oc11,-0.60000002384185791,6.4830498700000003,22.506820679,6.6139626500000004
1698,O,oc11,-0.60000002384185791,6.5308346750000004,22.513711928999999,12.376851082
1699,O,oc11,-0.60000002384185791,6.0381398199999996,21.191591262999999,21.750802994000001
1700,O,oc11,-0.60000002384185791,6.0963010789999998,21.168148040999998,4.6244783399999996
1701,O,oc11,-0.60000002384185791,5.5628848079999997,21.473152161000002,10.41631031
1702,O,o*,-0.81999999284744263,6.1708912849999997,20.952758789000001,15.978141785
1703,S,s',0.60000002384185791,6.5188841819999999,22.512916565000001,21.266866684
1704,S,s',0.60000002384185791,6.4804267879999999,22.5082798,5.1271958350000002
1705,S,s',0.60000002384185791,6.4975228310000004,22.525901793999999,10.891535759
1706,H,h*,0.40999999642372131,6.0781202319999998,19.948154449,10.00568676
1707,H,h*,0.40999999642372131,5.4700164789999999,18.574190139999999,10.170713425000001
1708,H,h*,0.40999999642372131,4.3661727910000003,31.929193497,15.470216751000001
1709,H,h*,0.40999999642372131,3.6100888250000001,30.675708771,15.187224388000001
1710,H,h*,0.40999999642372131,6.4101376529999996,31.393596648999999,5.9161858560000002
1711,H,h*,0.40999999642372131,5.6278452870000004,30.132551193000001,6.0956912040000004
1712,H,h*,0.40999999642372131,1.9535962339999999,22.555242538000002,3.0676209929999998
1713,H,h*,0.40999999642372131,3.0726051330000002,22.312644958,2.1791846750000001
1714,H,h*,0.40999999642372131,4.8445191379999999,27.476692199999999,18.24448967
1715,H,h*,0.40999999642372131,5.0589251519999996,27.182334900000001,19.694526671999999
1716,H,h*,0.40999999642372131,4.8721542360000001,22.912107467999999,12.792200089
1717,H,h*,0.40999999642372131,3.7609112260000002,23.947099686000001,12.987094879000001
1718,H,h*,0.40999999642372131,5.8156542780000002,26.747182846000001,7.9870114330000002
1719,H,h*,0.40999999642372131,4.7829942699999997,27.811895369999998,8.3304786679999996
1720,H,h*,0.40999999642372131,4.2600474359999998,20.840217590000002,11.269692421
1721,H,h*,0.40999999642372131,3.6464231009999999,19.470212935999999,11.437907219
1722,H,h*,0.40999999642372131,6.9376516339999998,21.334968567000001,16.468326568999998
1723,H,h*,0.40999999642372131,6.6292395590000002,20.713163376000001,15.134727478
1724,Al,ac2,1.2000000476837158,0.028979386999999999,22.526609421,16.124525070000001
1725,H,hoc,0.34999999403953552,-2.0283219809999999,23.722826004000002,11.526992798
1726,H,hoc,0.34999999403953552,1.9996693130000001,21.357185363999999,6.1789889340000004
1727,H,hoc,0.34999999403953552,-2.0118129250000001,23.705295563,15.379859924
1728,H,hoc,0.34999999403953552,1.961337924,21.281980515000001,9.9750404360000005
1729,Ca,ca+e,1.6000000238418579,1.8299984929999999,23.524946213,8.0791025160000007
1730,Ca,ca+e,1.6000000238418579,7.8782501219999999,27.144592285000002,13.453540801999999
1731,O,oc9,-0.89999997615814209,-1.3692387340000001,21.813726424999999,9.5745458600000006
1732,O,oc6,-0.89999997615814209,1.292009234,23.216062546,11.925941466999999
1733,O,oc6,-0.89999997615814209,-1.3398141859999999,21.791816710999999,6.5653729439999999
1734,O,oc9,-0.89999997615814209,1.320442796,23.274915695000001,14.928868294000001
1735,O,o*,-0.81999999284744263,6.182891369,26.140394211,11.76199913
1736,O,o*,-0.81999999284744263,3.516212463,24.456216812000001,9.7987899780000003
1737,O,o*,-0.81999999284744263,6.2072858809999998,26.238485336,15.207564354000001
1738,O,o*,-0.81999999284744263,3.7060506339999999,24.099714279000001,6.4543738370000003
1739,O,o*,-0.81999999284744263,7.4604825970000004,26.588703156000001,1.8472249510000001
1740,O,o*,-0.81999999284744263,1.2980694770000001,26.678306580000001,18.792982101
1741,O,o*,-0.81999999284744263,8.1359767909999992,24.335943222000001,13.600291252
1742,O,o*,-0.81999999284744263,1.639965653,26.246273040999998,7.8479251860000003
1743,O,oc11,-0.60000002384185791,5.6008305549999999,23.575798034999998,21.754085540999998
1744,O,oc11,-0.60000002384185791,5.512104034,23.515485764000001,4.6317958829999997
1745,O,oc11,-0.60000002384185791,6.0249905589999999,23.854997635,10.426484108
1746,O,o*,-0.81999999284744263,5.2315602300000004,23.622318268000001,15.71389389
1747,H,h*,0.40999999642372131,4.4449710849999997,24.162906647,9.9813871380000005
1748,H,h*,0.40999999642372131,3.5721201900000001,25.381614684999999,10.152090073
1749,H,h*,0.40999999642372131,5.9762473109999998,25.297464371,15.392885207999999
1750,H,h*,0.40999999642372131,5.2911567689999996,26.614187241,15.273311615000001
1751,H,h*,0.40999999642372131,3.8431663509999998,25.044284821000002,6.2109775540000003
1752,H,h*,0.40999999642372131,4.4381065370000004,23.705720900999999,5.9148554799999999
1753,H,h*,0.40999999642372131,7.9717693330000001,25.937364578,2.3783118719999998
1754,H,h*,0.40999999642372131,6.6440773010000003,26.49687767,2.383630991
1755,H,h*,0.40999999642372131,1.9598630669999999,27.126066208000001,18.209787369000001
1756,H,h*,0.40999999642372131,1.561259151,27.098239898999999,19.650115967000001
1757,H,h*,0.40999999642372131,7.6066884989999997,23.679056167999999,13.0776968
1758,H,h*,0.40999999642372131,9.0493822099999992,24.125516891,13.298969269000001
1759,H,h*,0.40999999642372131,0.71974748399999999,26.587543488000001,7.9368410110000003
1760,H,h*,0.40999999642372131,2.1480407709999998,26.961048126000001,8.3096504210000006
1761,H,h*,0.40999999642372131,5.2876391409999997,26.47359848,11.495748519999999
1762,H,h*,0.40999999642372131,6.155843258,25.251876831000001,11.323945045
1763,H,h*,0.40999999642372131,4.8006615640000003,23.364768982000001,14.864315033
1764,H,h*,0.40999999642372131,5.4716153140000001,22.725421906000001,16.040954589999998
1765,H,hoc,0.34999999403953552,2.0037519929999998,23.663114547999999,11.492242813000001
1766,H,hoc,0.34999999403953552,-2.0806331629999999,21.370510101000001,6.151521206
1767,H,hoc,0.34999999403953552,2.0603275299999999,23.697105407999999,15.341668129
1768,H,hoc,0.34999999403953552,-2.1293993000000002,21.439195633000001,9.9977159499999999
1769,Ca,ca+e,1.6000000238418579,9.6254634859999992,26.049270629999999,8.0761470790000001
1770,Ca,ca+e,1.6000000238418579,0.053363197000000001,24.654815674000002,13.435070992
1771,O,oc8,-0.89999997615814209,0.016047120000000002,24.017881393,9.5674867629999998
1772,O,oc5,-0.89999997615814209,-0.089114681000000001,21.020763397,11.936125755000001
1773,O,oc5,-0.89999997615814209,-0.025417750999999999,24.019849777000001,6.5769176480000002
1774,O,oc10,-0.89999997615814209,0.011223059000000001,21.025379181000002,14.940231323000001
1775,O,o*,-0.81999999284744263,0.010165627999999999,26.597929001000001,11.709644318
1776,O,o*,-0.81999999284744263,9.6912307739999992,24.103422165000001,9.769458771
1777,O,o*,-0.81999999284744263,0.076804577999999998,26.608848571999999,15.167505264000001
1778,O,o*,-0.81999999284744263,-0.60251533999999995,29.792718886999999,6.4513087269999998
1779,O,o*,-0.81999999284744263,7.2925276759999997,20.167657852000001,24.080698012999999
1780,O,o*,-0.81999999284744263,3.0272223949999999,30.590574265000001,18.836357116999999
1781,O,o*,-0.81999999284744263,7.2470655439999998,20.145093918000001,13.486528397000001
1782,O,o*,-0.81999999284744263,2.4085602760000002,30.408386230000001,7.7195644379999999
1783,O,oc11,-0.60000002384185791,7.885967731,22.763748168999999,21.795822143999999
1784,O,oc11,-0.60000002384185791,7.8325462339999996,22.846469879000001,4.6233205799999997
1785,O,oc11,-0.60000002384185791,7.8624787329999997,22.264360428,10.365646362
1786,O,o*,-0.81999999284744263,8.0650186539999993,23.039039612,16.186504364000001
1787,H,h*,0.40999999642372131,8.9639616009999994,23.456228255999999,9.9573926929999992
1788,H,h*,0.40999999642372131,10.452666282999999,23.601810454999999,10.15967083
1789,H,h*,0.40999999642372131,-0.58203422999999999,27.253067016999999,15.513804435999999
1790,H,h*,0.40999999642372131,0.87921410799999999,27.191225052,15.217470169
1791,H,h*,0.40999999642372131,-1.3280406,29.380949019999999,5.9166173930000001
1792,H,h*,0.40999999642372131,0.10563882400000001,29.146696090999999,6.2285385130000002
1793,H,h*,0.40999999642372131,6.7616019249999999,20.954635620000001,24.381277084000001
1794,H,h*,0.40999999642372131,7.1194229130000002,20.305973052999999,23.117404938
1795,H,h*,0.40999999642372131,3.0889644619999999,29.794298172000001,18.254085540999998
1796,H,h*,0.40999999642372131,3.238989353,30.153606414999999,19.698690414000001
1797,H,h*,0.40999999642372131,6.6121969219999999,19.463369369999999,13.167042732000001
1798,H,h*,0.40999999642372131,6.9601140020000001,20.939512253,12.965379714999999
1799,H,h*,0.40999999642372131,2.752483368,29.657159804999999,8.2698202129999991
1800,H,h*,0.40999999642372131,3.1231999400000001,31.073915482,7.8626589779999998
1801,H,h*,0.40999999642372131,-0.74080944100000001,27.081668854,11.280682563999999
1802,H,h*,0.40999999642372131,0.74994462699999997,27.216663360999998,11.479640960999999
1803,H,h*,0.40999999642372131,7.6275177000000003,23.630928040000001,16.846147537
1804,H,h*,0.40999999642372131,7.8845658299999997,23.549943924000001,15.359796524
1805,H,hoc,0.34999999403953552,-0.074841797000000002,20.174629210999999,11.512286186000001
1806,H,hoc,0.34999999403953552,-0.042712792999999999,24.874534607000001,6.168580532
1807,H,hoc,0.34999999403953552,0.008739218,20.177473068000001,15.361228943
1808,H,hoc,0.34999999403953552,0.024540982999999999,24.865591048999999,9.9896421429999993
1809,Ca,ca+e,1.6000000238418579,11.592187880999999,18.010232925,18.816135406000001
1810,Ca,ca+e,1.6000000238418579,17.700798034999998,21.476795197000001,23.930450439000001
1811,O,oc9,-0.89999997615814209,8.521008492,16.086418152,20.298030853
1812,O,oc6,-0.89999997615814209,11.035227775999999,17.688116074,22.687429428000002
1813,O,oc6,-0.89999997615814209,8.5039548870000008,16.134778976,17.326152801999999
1814,O,oc9,-0.89999997615814209,11.032588959,17.651163101000002,4.2130103109999997
1815,O,o*,-0.81999999284744263,16.042022705000001,20.415367126,22.412694931000001
1816,O,o*,-0.81999999284744263,13.206230164000001,18.998950958000002,20.564767838000002
1817,O,o*,-0.81999999284744263,16.017063141000001,20.398340224999998,4.3818497660000002
1818,O,o*,-0.81999999284744263,13.05755806,19.298261642,17.187791824000001
1819,O,o*,-0.81999999284744263,15.479975700000001,23.283546447999999,13.188404083
1820,O,o*,-0.81999999284744263,13.940649033,15.895006179999999,8.1027259829999991
1821,O,o*,-0.81999999284744263,15.526197433,22.954660415999999,24.171342849999998
1822,O,o*,-0.81999999284744263,13.820735931,16.461204529,18.666492462000001
1823,O,oc11,-0.60000002384185791,13.464755058,21.191591262999999,11.010802268999999
1824,O,oc11,-0.60000002384185791,13.406593322999999,21.168148040999998,15.364478111
1825,O,oc11,-0.60000002384185791,13.940010071,21.473152161000002,21.156311035000002
1826,O,o*,-0.81999999284744263,13.332003593,20.952758789000001,5.2381410600000002
1827,H,h*,0.40999999642372131,13.424774169999999,19.948154449,20.745685577
1828,H,h*,0.40999999642372131,14.032877922000001,18.574190139999999,20.910713196
1829,H,h*,0.40999999642372131,15.892806052999999,19.415708542000001,4.4472246169999998
1830,H,h*,0.40999999642372131,15.136721611,20.669193268000001,4.7302169799999998
1831,H,h*,0.40999999642372131,13.875049591,18.872550963999998,16.835691451999999
1832,H,h*,0.40999999642372131,13.092757225,20.13359642,16.656185149999999
1833,H,h*,0.40999999642372131,14.831292152,23.273576735999999,12.43927002
1834,H,h*,0.40999999642372131,14.850729941999999,23.324171066000002,13.953650475
1835,H,h*,0.40999999642372131,14.443969727000001,15.922334671,8.9545259480000006
1836,H,h*,0.40999999642372131,14.658374786,16.216691970999999,7.5044889450000003
1837,H,h*,0.40999999642372131,15.698057175000001,23.785505295,23.660451889000001
1838,H,h*,0.40999999642372131,14.582938194,22.775926590000001,23.858963013
1839,H,h*,0.40999999642372131,13.687240600999999,15.487182617,18.727010727
1840,H,h*,0.40999999642372131,14.719900130999999,16.551895141999999,19.070478438999999
1841,H,h*,0.40999999642372131,15.242846489,20.840217590000002,22.009691237999998
1842,H,h*,0.40999999642372131,15.856471062000001,19.470212935999999,22.177907944000001
1843,H,h*,0.40999999642372131,12.565242767000001,21.334968567000001,5.7283253670000001
1844,H,h*,0.40999999642372131,12.873655318999999,20.713163376000001,4.3947277070000004
1845,H,hoc,0.34999999403953552,11.779766083,18.092824936,22.266992568999999
1846,H,hoc,0.34999999403953552,7.751775265,15.727185249,16.918989182000001
1847,H,hoc,0.34999999403953552,11.763257027,18.075294495000001,4.6398601529999999
1848,H,hoc,0.34999999403953552,7.7901067729999998,15.651980399999999,20.715040207000001
1849,Ca,ca+e,1.6000000238418579,17.672895432000001,23.524946213,18.819103241000001
1850,Ca,ca+e,1.6000000238418579,9.6250190730000007,17.337453841999999,2.295927286
1851,O,oc10,-0.89999997615814209,11.12068367,16.183727264000002,20.314546584999999
1852,O,oc7,-0.89999997615814209,8.4594354630000002,17.586061478000001,22.665941237999998
1853,O,oc5,-0.89999997615814209,11.091259002999999,16.161817550999999,17.305372238
1854,O,oc10,-0.89999997615814209,8.431001663,17.644914626999999,4.188868523
1855,O,o*,-0.81999999284744263,13.320003509999999,14.880393028,22.501998901
1856,O,o*,-0.81999999284744263,15.986681938,24.456216812000001,20.538789748999999
1857,O,o*,-0.81999999284744263,13.295608521,14.978485106999999,4.4675641060000002
1858,O,o*,-0.81999999284744263,15.796843529,12.83971405,17.194374084
1859,O,o*,-0.81999999284744263,11.06025219,24.282428741,13.214537621
1860,O,o*,-0.81999999284744263,18.204824448,15.418306351,8.0529832839999997
1861,O,o*,-0.81999999284744263,11.355607986000001,24.434877396000001,24.249961852999999
1862,O,o*,-0.81999999284744263,17.862928391000001,14.986271858,18.587924956999998
1863,O,oc11,-0.60000002384185791,13.902064322999999,23.575798034999998,11.014084816
1864,O,oc11,-0.60000002384185791,13.990790367000001,23.515485764000001,15.371795654
1865,O,oc11,-0.60000002384185791,13.47790432,23.854997635,21.166484832999998
1866,O,o*,-0.81999999284744263,14.271333694000001,23.622318268000001,4.9738936420000002
1867,H,h*,0.40999999642372131,15.930774689,25.381614684999999,20.892089844000001
1868,H,h*,0.40999999642372131,15.057923317,24.162906647,20.721385955999999
1869,H,h*,0.40999999642372131,14.211737633,15.354187964999999,4.533311844
1870,H,h*,0.40999999642372131,13.526647568,14.037464141999999,4.6528854370000001
1871,H,h*,0.40999999642372131,15.65972805,13.784285544999999,16.950977325
1872,H,h*,0.40999999642372131,15.064787865,12.445721625999999,16.654855728000001
1873,H,h*,0.40999999642372131,11.356283188000001,23.713283538999999,13.970795631
1874,H,h*,0.40999999642372131,11.386169433999999,23.730211258000001,12.458625793
1875,H,h*,0.40999999642372131,17.941635131999998,15.838240623000001,8.9101161960000006
1876,H,h*,0.40999999642372131,17.543031693,15.866066933000001,7.4697875979999999
1877,H,h*,0.40999999642372131,11.954939842,23.832265853999999,23.748107910000002
1878,H,h*,0.40999999642372131,10.471232413999999,24.053375244000001,24.053535460999999
1879,H,h*,0.40999999642372131,18.783147811999999,15.327543259,18.676839827999999
1880,H,h*,0.40999999642372131,17.354854584000002,15.701048850999999,19.049650192000001
1881,H,h*,0.40999999642372131,13.34705162,13.991876602,22.06394577
1882,H,h*,0.40999999642372131,14.215255737,15.213599205,22.235748291
1883,H,h*,0.40999999642372131,14.031279564,22.725421906000001,5.3009548190000002
1884,H,h*,0.40999999642372131,14.702233315000001,23.364768982000001,4.1243147850000001
1885,H,hoc,0.34999999403953552,7.7476925850000002,18.033113480000001,22.232242584000002
1886,H,hoc,0.34999999403953552,11.832077979999999,15.740509986999999,16.891521453999999
1887,H,hoc,0.34999999403953552,7.6911168099999996,18.067106247000002,4.6016683580000004
1888,H,hoc,0.34999999403953552,11.880844116,15.809195517999999,20.737716675000001
1889,Al,ac2,1.2000000476837158,9.7167797090000008,16.885707855,10.749554634000001
1890,Ca,ca+e,1.6000000238418579,17.662157058999998,12.380232811000001,8.076135635
1891,Ca,ca+e,1.6000000238418579,11.553441048,27.033391952999999,13.410577774
1892,O,oc10,-0.89999997615814209,10.981885910000001,16.086418152,9.5580301280000004
1893,O,oc7,-0.89999997615814209,8.4676666259999998,17.688116074,11.947429657000001
1894,O,oc7,-0.89999997615814209,10.998939514,16.134778976,6.5861525539999999
1895,O,oc8,-0.89999997615814209,8.4703054430000009,17.651163101000002,14.953010559000001
1896,O,o*,-0.81999999284744263,13.212321280999999,14.785367012,11.67269516
1897,O,o*,-0.81999999284744263,16.048114776999999,13.36894989,9.8247680660000007
1898,O,o*,-0.81999999284744263,13.237280846000001,26.028341293,15.121850014
1899,O,o*,-0.81999999284744263,16.196786880000001,24.928262710999999,6.4477910999999999
1900,O,o*,-0.81999999284744263,11.967087746000001,16.335205078000001,1.876937866
1901,O,o*,-0.81999999284744263,15.313695908,21.525005341,18.842725754
1902,O,o*,-0.81999999284744263,13.763411522,17.408168793000002,13.269468307
1903,O,o*,-0.81999999284744263,15.433609009,22.091205596999998,7.9264931680000004
1904,O,oc11,-0.60000002384185791,16.302394867,16.892271042000001,19.778423309000001
1905,O,oc11,-0.60000002384185791,16.234498978000001,16.876819610999998,6.6139626500000004
1906,O,oc11,-0.60000002384185791,16.282283783,16.883712768999999,12.376851082
1907,O,oc11,-0.60000002384185791,15.789589882,15.561591148,21.750802994000001
1908,O,oc11,-0.60000002384185791,15.847751617,15.538147926000001,4.6244783399999996
1909,O,oc11,-0.60000002384185791,15.314334869,15.843151092999999,10.41631031
1910,O,o*,-0.81999999284744263,15.922341347,15.322759628,15.978141785
1911,S,s',0.60000002384185791,16.270334244000001,16.882915496999999,21.266866684
1912,S,s',0.60000002384185791,16.231876372999999,16.878278731999998,5.1271958350000002
1913,S,s',0.60000002384185791,16.248971939,16.895902633999999,10.891535759
1914,H,h*,0.40999999642372131,15.829569816999999,14.318153381,10.00568676
1915,H,h*,0.40999999642372131,15.221467018,12.944190024999999,10.170713425000001
1916,H,h*,0.40999999642372131,14.117623329000001,26.299194335999999,15.470216751000001
1917,H,h*,0.40999999642372131,13.361538887,25.045709609999999,15.187224388000001
1918,H,h*,0.40999999642372131,16.161586760999999,25.763597487999998,5.9161858560000002
1919,H,h*,0.40999999642372131,15.379295349,24.502550124999999,6.0956912040000004
1920,H,h*,0.40999999642372131,11.998364449,16.287101746000001,2.87459445
1921,H,h*,0.40999999642372131,12.872940063,16.010379790999998,1.7045471670000001
1922,H,h*,0.40999999642372131,14.595969200000001,21.846693039000002,18.24448967
1923,H,h*,0.40999999642372131,14.810375214,21.552335739,19.694526671999999
1924,H,h*,0.40999999642372131,14.623604774,17.282108307000001,12.792200089
1925,H,h*,0.40999999642372131,13.512361525999999,18.317100525000001,12.987094879000001
1926,H,h*,0.40999999642372131,15.56710434,21.117181777999999,7.9870114330000002
1927,H,h*,0.40999999642372131,14.534443854999999,22.181894302,8.3304786679999996
1928,H,h*,0.40999999642372131,14.011497498000001,15.210217476,11.269692421
1929,H,h*,0.40999999642372131,13.397872925,13.840211868000001,11.437907219
1930,H,h*,0.40999999642372131,16.689102172999998,15.704968451999999,16.468324661
1931,H,h*,0.40999999642372131,16.380689620999998,15.083162308,15.134727478
1932,Al,ac2,1.2000000476837158,9.78042984,16.896608353000001,16.124525070000001
1933,H,hoc,0.34999999403953552,7.7231278420000002,18.092824936,11.526992798
1934,H,hoc,0.34999999403953552,11.751119614,15.727185249,6.1789889340000004
1935,H,hoc,0.34999999403953552,7.7396368979999997,18.075294495000001,15.379859924
1936,H,hoc,0.34999999403953552,11.712787627999999,15.651980399999999,9.9750404360000005
1937,Ca,ca+e,1.6000000238418579,11.581448555,17.894945145000001,8.0791025160000007
1938,Ca,ca+e,1.6000000238418579,17.629699707,21.514591217,13.453540801999999
1939,O,oc9,-0.89999997615814209,8.3822116849999997,16.183727264000002,9.5745458600000006
1940,O,oc6,-0.89999997615814209,11.043458939000001,17.586061478000001,11.925941466999999
1941,O,oc6,-0.89999997615814209,8.4116353989999997,16.161817550999999,6.5653729439999999
1942,O,oc9,-0.89999997615814209,11.071892738000001,17.644914626999999,14.928868294000001
1943,O,o*,-0.81999999284744263,15.934341431,20.510393143000002,11.76199913
1944,O,o*,-0.81999999284744263,13.267663002000001,18.826217651,9.7987899780000003
1945,O,o*,-0.81999999284744263,15.958736419999999,20.608484268000002,15.207564354000001
1946,O,o*,-0.81999999284744263,13.457500458,18.469713210999998,6.4543738370000003
1947,O,o*,-0.81999999284744263,17.941781998,18.815389632999999,24.009519576999999
1948,O,o*,-0.81999999284744263,11.049519539,21.048307419,18.792982101
1949,O,o*,-0.81999999284744263,17.887426376000001,18.705944061,13.600291252
1950,O,o*,-0.81999999284744263,11.391415596,20.616271973,7.8479251860000003
1951,O,oc11,-0.60000002384185791,15.352280617,17.945798874000001,21.754085540999998
1952,O,oc11,-0.60000002384185791,15.263553619,17.885484694999999,4.6317958829999997
1953,O,oc11,-0.60000002384185791,15.776440620000001,18.224996567000002,10.426484108
1954,O,o*,-0.81999999284744263,14.983010291999999,17.992317199999999,15.71389389
1955,H,h*,0.40999999642372131,14.196421623000001,18.532905579000001,9.9813871380000005
1956,H,h*,0.40999999642372131,13.323570251,19.751615524000002,10.152090073
1957,H,h*,0.40999999642372131,15.727697372,19.66746521,15.392885207999999
1958,H,h*,0.40999999642372131,15.042606354,20.984188079999999,15.273311615000001
1959,H,h*,0.40999999642372131,13.594615936,19.414285660000001,6.2109780309999998
1960,H,h*,0.40999999642372131,14.189557076,18.075721740999999,5.9148554799999999
1961,H,h*,0.40999999642372131,17.711000443,18.458421706999999,23.120731354
1962,H,h*,0.40999999642372131,17.53960228,18.059343338000001,24.536697388
1963,H,h*,0.40999999642372131,11.711313248,21.496067047,18.209787369000001
1964,H,h*,0.40999999642372131,11.312708855,21.468240737999999,19.650115967000001
1965,H,h*,0.40999999642372131,17.358139038000001,18.049057006999998,13.0776968
1966,H,h*,0.40999999642372131,18.800832748000001,18.495515823000002,13.298969269000001
1967,H,h*,0.40999999642372131,10.471197128,20.957542418999999,7.9368410110000003
1968,H,h*,0.40999999642372131,11.899490355999999,21.331048965000001,8.3096504210000006
1969,H,h*,0.40999999642372131,15.039089203,20.843599318999999,11.495748519999999
1970,H,h*,0.40999999642372131,15.907293320000001,19.621875762999998,11.323945045
1971,H,h*,0.40999999642372131,14.552111626,17.734767913999999,14.864315033
1972,H,h*,0.40999999642372131,15.223065375999999,17.095420836999999,16.040954589999998
1973,H,hoc,0.34999999403953552,11.755202293,18.033113480000001,11.492242813000001
1974,H,hoc,0.34999999403953552,7.670816898,15.740509986999999,6.151521206
1975,H,hoc,0.34999999403953552,11.811778069000001,18.067106247000002,15.341668129
1976,H,hoc,0.34999999403953552,7.6220507619999998,15.809196472,9.9977159499999999
1977,Ca,ca+e,1.6000000238418579,19.376913071000001,20.419271469000002,8.0761470790000001
1978,Ca,ca+e,1.6000000238418579,9.8048133849999992,19.024814606,13.435071945000001
1979,O,oc8,-0.89999997615814209,9.7674970630000004,18.387882232999999,9.5674867629999998
1980,O,oc5,-0.89999997615814209,9.6623353959999996,15.390764236000001,11.936125755000001
1981,O,oc5,-0.89999997615814209,9.726032257,18.389850616,6.5769176480000002
1982,O,oc10,-0.89999997615814209,9.7626733780000006,15.395380019999999,14.940231323000001
1983,O,o*,-0.81999999284744263,9.7616157529999992,20.967927932999999,11.709644318
1984,O,o*,-0.81999999284744263,19.442680359000001,18.473423004000001,9.769458771
1985,O,o*,-0.81999999284744263,9.8282547000000005,20.978849410999999,15.167505264000001
1986,O,o*,-0.81999999284744263,9.1489343640000005,24.162719726999999,6.4513087269999998
1987,O,o*,-0.81999999284744263,16.905944823999999,14.400580406,23.943027495999999
1988,O,o*,-0.81999999284744263,12.778672218000001,24.960573195999999,18.836357116999999
1989,O,o*,-0.81999999284744263,16.998516082999998,14.515094757,13.486528397000001
1990,O,o*,-0.81999999284744263,12.160010337999999,24.778385161999999,7.7195644379999999
1991,O,oc11,-0.60000002384185791,17.637418747000002,17.133749007999999,21.795822143999999
1992,O,oc11,-0.60000002384185791,17.583995818999998,17.216468810999999,4.6233205799999997
1993,O,oc11,-0.60000002384185791,17.613927840999999,16.634361266999999,10.365646362
1994,O,o*,-0.81999999284744263,17.816467285000002,17.409038544000001,16.186504364000001
1995,H,h*,0.40999999642372131,18.715412140000002,17.826227188000001,9.9573926929999992
1996,H,h*,0.40999999642372131,20.204116821,17.971811294999998,10.15967083
1997,H,h*,0.40999999642372131,9.1694154739999991,21.623065948000001,15.513804435999999
1998,H,h*,0.40999999642372131,10.630663872,21.561225890999999,15.217470169
1999,H,h*,0.40999999642372131,8.4234094620000004,23.750949859999999,5.9166173930000001
2000,H,h*,0.40999999642372131,9.8570890430000002,23.516696929999998,6.2285385130000002
2001,H,h*,0.40999999642372131,15.963946342,14.226228713999999,24.181715012000002
2002,H,h*,0.40999999642372131,16.699155807,14.934700965999999,23.110237122000001
2003,H,h*,0.40999999642372131,12.840415001,24.164299011000001,18.254085540999998
2004,H,h*,0.40999999642372131,12.990439415000001,24.523605347,19.698690414000001
2005,H,h*,0.40999999642372131,16.363647460999999,13.833368301,13.167042732000001
2006,H,h*,0.40999999642372131,16.71156311,15.309513092,12.965379714999999
2007,H,h*,0.40999999642372131,12.503932953,24.027160644999999,8.2698202129999991
2008,H,h*,0.40999999642372131,12.874650001999999,25.443916321,7.8626589779999998
2009,H,h*,0.40999999642372131,9.0106401439999999,21.451667786000002,11.280682563999999
2010,H,h*,0.40999999642372131,10.501394272000001,21.586664200000001,11.479640960999999
2011,H,h*,0.40999999642372131,17.378967285000002,18.000926970999998,16.846147537
2012,H,h*,0.40999999642372131,17.636014937999999,17.919944763,15.359796524
2013,H,hoc,0.34999999403953552,9.6766080859999999,14.544629097,11.512286186000001
2014,H,hoc,0.34999999403953552,9.7087373729999999,19.244533538999999,6.168580532
2015,H,hoc,0.34999999403953552,9.7601890559999998,14.547472954,15.361228943
2016,H,hoc,0.34999999403953552,9.7759914400000003,19.235591887999998,9.9896421429999993
2017,Ca,ca+e,1.6000000238418579,1.8407374620000001,34.900234222000002,18.816135406000001
2018,Ca,ca+e,1.6000000238418579,7.8706898689999996,38.365249634000001,23.857818603999998
2019,O,oc9,-0.89999997615814209,-1.23044157,32.976417542,20.298030853
2020,O,oc6,-0.89999997615814209,1.283777833,34.578117370999998,22.687429428000002
2021,O,oc6,-0.89999997615814209,-1.2474949360000001,33.024780272999998,17.326152801999999
2022,O,oc9,-0.89999997615814209,1.281139016,34.541164397999999,4.2130103109999997
2023,O,o*,-0.81999999284744263,6.2905731200000004,37.305366515999999,22.412694931000001
2024,O,o*,-0.81999999284744263,3.454780102,35.888950348000002,20.564767838000002
2025,O,o*,-0.81999999284744263,6.2656130790000004,37.288341522000003,4.3818497660000002
2026,O,o*,-0.81999999284744263,3.306108236,36.188262938999998,17.187791824000001
2027,O,o*,-0.81999999284744263,5.7285261150000002,40.173545836999999,13.188404083
2028,O,o*,-0.81999999284744263,4.1891989709999997,32.785007477000001,8.1027259829999991
2029,O,o*,-0.81999999284744263,5.5055532459999998,39.400745391999997,24.485202788999999
2030,O,o*,-0.81999999284744263,4.0692853930000004,33.351203918000003,18.666492462000001
2031,O,oc11,-0.60000002384185791,3.7133045199999999,38.081592559999997,11.010802268999999
2032,O,oc11,-0.60000002384185791,3.6551432610000001,38.058147429999998,15.364478111
2033,O,oc11,-0.60000002384185791,4.1885600089999997,38.363151549999998,21.156311035000002
2034,O,o*,-0.81999999284744263,3.5805535320000001,37.842758179,5.2381410600000002
2035,H,h*,0.40999999642372131,3.673324585,36.838153839,20.745685577
2036,H,h*,0.40999999642372131,4.28142786,35.464191436999997,20.910713196
2037,H,h*,0.40999999642372131,6.1413559910000002,36.305709839000002,4.4472246169999998
2038,H,h*,0.40999999642372131,5.3852715489999996,37.559192656999997,4.7302169799999998
2039,H,h*,0.40999999642372131,4.1235990520000003,35.762550353999998,16.835691451999999
2040,H,h*,0.40999999642372131,3.3413071630000002,37.023597717000001,16.656185149999999
2041,H,h*,0.40999999642372131,5.0798420909999997,40.163574218999997,12.43927002
2042,H,h*,0.40999999642372131,5.0992798810000002,40.214168549,13.953650475
2043,H,h*,0.40999999642372131,4.6925191880000003,32.812335967999999,8.9545259480000006
2044,H,h*,0.40999999642372131,4.906925201,33.106693268000001,7.5044889450000003
2045,H,h*,0.40999999642372131,5.3703727719999996,40.348594665999997,24.236610413000001
2046,H,h*,0.40999999642372131,4.6773905750000004,39.125228882000002,23.994186401
2047,H,h*,0.40999999642372131,3.9357900620000001,32.377182007000002,18.727010727
2048,H,h*,0.40999999642372131,4.9684505459999997,33.441894531000003,19.070478438999999
2049,H,h*,0.40999999642372131,5.4913969040000001,37.730216980000002,22.009691237999998
2050,H,h*,0.40999999642372131,6.1050214770000002,36.360210418999998,22.177907944000001
2051,H,h*,0.40999999642372131,2.8137929439999998,38.224967956999997,5.7283248899999997
2052,H,h*,0.40999999642372131,3.1222050189999999,37.603160858000003,4.3947277070000004
2053,H,hoc,0.34999999403953552,2.0283164980000001,34.982826232999997,22.266992568999999
2054,H,hoc,0.34999999403953552,-1.9996747969999999,32.617183685000001,16.918989182000001
2055,H,hoc,0.34999999403953552,2.0118074419999998,34.965293883999998,4.6398601529999999
2056,H,hoc,0.34999999403953552,-1.9613434080000001,32.541980743000003,20.715040207000001
2057,Ca,ca+e,1.6000000238418579,7.9214458470000002,40.414947509999998,18.819103241000001
2058,Ca,ca+e,1.6000000238418579,2.0172970289999999,32.880950927999997,23.971420288000001
2059,O,oc10,-0.89999997615814209,1.369233251,33.073726653999998,20.314546584999999
2060,O,oc7,-0.89999997615814209,-1.2920147179999999,34.476062775000003,22.665941237999998
2061,O,oc5,-0.89999997615814209,1.339808702,33.051818848000003,17.305372238
2062,O,oc10,-0.89999997615814209,-1.320448399,34.534915924000003,4.188868523
2063,O,o*,-0.81999999284744263,3.5685529709999999,31.770393372000001,22.501998901
2064,O,o*,-0.81999999284744263,6.2352318760000003,41.346218108999999,20.538789748999999
2065,O,o*,-0.81999999284744263,3.5441584590000001,31.868484497000001,4.4675641060000002
2066,O,o*,-0.81999999284744263,6.0453939439999997,29.729713440000001,17.194374084
2067,O,o*,-0.81999999284744263,1.3088020090000001,41.172428130999997,13.214537621
2068,O,o*,-0.81999999284744263,8.4533748630000005,32.308307648000003,8.0529832839999997
2069,O,o*,-0.81999999284744263,1.58023417,41.215747833000002,24.347059250000001
2070,O,o*,-0.81999999284744263,8.1114788059999992,31.876272201999999,18.587924956999998
2071,O,oc11,-0.60000002384185791,4.1506142620000004,40.465797424000002,11.014084816
2072,O,oc11,-0.60000002384185791,4.2393403049999998,40.405487061000002,15.371795654
2073,O,oc11,-0.60000002384185791,3.7264540199999998,40.744998932000001,21.166484832999998
2074,O,o*,-0.81999999284744263,4.5198841090000004,40.512317656999997,4.9738936420000002
2075,H,h*,0.40999999642372131,6.1793241500000002,42.271614075000002,20.892089844000001
2076,H,h*,0.40999999642372131,5.3064732550000002,41.052906036000003,20.721385955999999
2077,H,h*,0.40999999642372131,4.4602875710000003,32.244186401,4.533311844
2078,H,h*,0.40999999642372131,3.7751972679999999,30.927465438999999,4.6528854370000001
2079,H,h*,0.40999999642372131,5.908277988,30.674285889,16.950977325
2080,H,h*,0.40999999642372131,5.3133378029999996,29.335721970000002,16.654855728000001
2081,H,h*,0.40999999642372131,1.6048336030000001,40.603282927999999,13.970795631
2082,H,h*,0.40999999642372131,1.6347193719999999,40.620212555000002,12.458625793
2083,H,h*,0.40999999642372131,8.1901855470000005,32.728240966999998,8.9101161960000006
2084,H,h*,0.40999999642372131,7.7915816309999997,32.756065368999998,7.4697875979999999
2085,H,h*,0.40999999642372131,2.2986717219999999,40.584117888999998,24.046447753999999
2086,H,h*,0.40999999642372131,0.81416344600000001,40.686523438000002,24.019123077
2087,H,h*,0.40999999642372131,9.0316972730000007,32.217544556,18.676839827999999
2088,H,h*,0.40999999642372131,7.6034035680000001,32.591049194,19.049650192000001
2089,H,h*,0.40999999642372131,3.5956010819999999,30.881875992000001,22.06394577
2090,H,h*,0.40999999642372131,4.4638056759999998,32.103599547999998,22.235748291
2091,H,h*,0.40999999642372131,4.2798295020000001,39.615421294999997,5.3009548190000002
2092,H,h*,0.40999999642372131,4.9507827759999996,40.254768372000001,4.1243147850000001
2093,H,hoc,0.34999999403953552,-2.0037574770000002,34.923114777000002,22.232242584000002
2094,H,hoc,0.34999999403953552,2.0806276800000001,32.630508423000002,16.891521453999999
2095,H,hoc,0.34999999403953552,-2.0603330139999998,34.957103729000004,4.6016683580000004
2096,H,hoc,0.34999999403953552,2.1293938159999999,32.699195862000003,20.737716675000001
2097,Al,ac2,1.2000000476837158,-0.034670650999999997,33.775707245,10.749554634000001
2098,Ca,ca+e,1.6000000238418579,7.9107069970000001,29.270233154,8.076135635
2099,Ca,ca+e,1.6000000238418579,1.801991463,43.923393249999997,13.410577774
2100,O,oc10,-0.89999997615814209,1.230436087,32.976417542,9.5580301280000004
2101,O,oc7,-0.89999997615814209,-1.2837833169999999,34.578117370999998,11.947429657000001
2102,O,oc7,-0.89999997615814209,1.2474894519999999,33.024780272999998,6.5861525539999999
2103,O,oc8,-0.89999997615814209,-1.2811444999999999,34.541164397999999,14.953010559000001
2104,O,o*,-0.81999999284744263,3.4608714580000002,31.675367354999999,11.67269516
2105,O,o*,-0.81999999284744263,6.2966647150000004,30.25894928,9.8247680660000007
2106,O,o*,-0.81999999284744263,3.485831261,42.918338775999999,15.121850014
2107,O,o*,-0.81999999284744263,6.4453363420000001,41.818260193,6.4477910999999999
2108,O,o*,-0.81999999284744263,4.0060648920000004,34.533905029000003,24.292881011999999
2109,O,o*,-0.81999999284744263,5.5622453690000002,38.41500473,18.842725754
2110,O,o*,-0.81999999284744263,4.0119614600000002,34.298168181999998,13.269468307
2111,O,o*,-0.81999999284744263,5.6821589469999996,38.981204986999998,7.9264931680000004
2112,O,oc11,-0.60000002384185791,6.5509443279999999,33.782268524000003,19.778423309000001
2113,O,oc11,-0.60000002384185791,6.4830498700000003,33.766818999999998,6.6139626500000004
2114,O,oc11,-0.60000002384185791,6.5308346750000004,33.773712158000002,12.376851082
2115,O,oc11,-0.60000002384185791,6.0381398199999996,32.451591491999999,21.750802994000001
2116,O,oc11,-0.60000002384185791,6.0963010789999998,32.428146362,4.6244783399999996
2117,O,oc11,-0.60000002384185791,5.5628848079999997,32.733150481999999,10.41631031
2118,O,o*,-0.81999999284744263,6.1708912849999997,32.212760924999998,15.978141785
2119,S,s',0.60000002384185791,6.5188841819999999,33.772914886000002,21.266866684
2120,S,s',0.60000002384185791,6.4804267879999999,33.768280029000003,5.1271958350000002
2121,S,s',0.60000002384185791,6.4975228310000004,33.785903931,10.891535759
2122,H,h*,0.40999999642372131,6.0781202319999998,31.208152771000002,10.00568676
2123,H,h*,0.40999999642372131,5.4700164789999999,29.834190369000002,10.170713425000001
2124,H,h*,0.40999999642372131,4.3661727910000003,43.189193725999999,15.470216751000001
2125,H,h*,0.40999999642372131,3.6100888250000001,41.935710907000001,15.187224388000001
2126,H,h*,0.40999999642372131,6.4101376529999996,42.653598785,5.9161858560000002
2127,H,h*,0.40999999642372131,5.6278452870000004,41.392551421999997,6.0956912040000004
2128,H,h*,0.40999999642372131,3.7142152789999998,35.464931487999998,24.190944672000001
2129,H,h*,0.40999999642372131,4.8371629709999997,34.542148589999996,23.754179001000001
2130,H,h*,0.40999999642372131,4.8445191379999999,38.736690521,18.24448967
2131,H,h*,0.40999999642372131,5.0589251519999996,38.442333220999998,19.694526671999999
2132,H,h*,0.40999999642372131,4.8721542360000001,34.172107697000001,12.792200089
2133,H,h*,0.40999999642372131,3.7609112260000002,35.207099915000001,12.987094879000001
2134,H,h*,0.40999999642372131,5.8156542780000002,38.007183075,7.9870114330000002
2135,H,h*,0.40999999642372131,4.7829942699999997,39.071895599000001,8.3304786679999996
2136,H,h*,0.40999999642372131,4.2600474359999998,32.100215912000003,11.269692421
2137,H,h*,0.40999999642372131,3.6464231009999999,30.730213164999999,11.437907219
2138,H,h*,0.40999999642372131,6.9376516339999998,32.594966888000002,16.468326568999998
2139,H,h*,0.40999999642372131,6.6292395590000002,31.973161696999998,15.134727478
2140,Al,ac2,1.2000000476837158,0.028979386999999999,33.786609650000003,16.124525070000001
2141,H,hoc,0.34999999403953552,-2.0283219809999999,34.982826232999997,11.526992798
2142,H,hoc,0.34999999403953552,1.9996693130000001,32.617183685000001,6.1789889340000004
2143,H,hoc,0.34999999403953552,-2.0118129250000001,34.965293883999998,15.379859924
2144,H,hoc,0.34999999403953552,1.961337924,32.541980743000003,9.9750404360000005
2145,Ca,ca+e,1.6000000238418579,1.8299984929999999,34.784946441999999,8.0791025160000007
2146,Ca,ca+e,1.6000000238418579,7.8782501219999999,38.404590607000003,13.453540801999999
2147,O,oc9,-0.89999997615814209,-1.3692387340000001,33.073726653999998,9.5745458600000006
2148,O,oc6,-0.89999997615814209,1.292009234,34.476062775000003,11.925941466999999
2149,O,oc6,-0.89999997615814209,-1.3398141859999999,33.051818848000003,6.5653729439999999
2150,O,oc9,-0.89999997615814209,1.320442796,34.534915924000003,14.928868294000001
2151,O,o*,-0.81999999284744263,6.182891369,37.400394439999999,11.76199913
2152,O,o*,-0.81999999284744263,3.516212463,35.716217041,9.7987899780000003
2153,O,o*,-0.81999999284744263,6.2072858809999998,37.498485565000003,15.207564354000001
2154,O,o*,-0.81999999284744263,3.7060506339999999,35.359714508000003,6.4543738370000003
2155,O,o*,-0.81999999284744263,8.3437747959999999,35.61328125,24.057844161999999
2156,O,o*,-0.81999999284744263,1.2980694770000001,37.938304901000002,18.792982101
2157,O,o*,-0.81999999284744263,8.1359767909999992,35.595943450999997,13.600291252
2158,O,o*,-0.81999999284744263,1.639965653,37.506271362,7.8479251860000003
2159,O,oc11,-0.60000002384185791,5.6008305549999999,34.835800171000002,21.754085540999998
2160,O,oc11,-0.60000002384185791,5.512104034,34.775485992,4.6317958829999997
2161,O,oc11,-0.60000002384185791,6.0249905589999999,35.114997864000003,10.426484108
2162,O,o*,-0.81999999284744263,5.2315602300000004,34.882316588999998,15.71389389
2163,H,h*,0.40999999642372131,4.4449710849999997,35.422904967999997,9.9813871380000005
2164,H,h*,0.40999999642372131,3.5721201900000001,36.641613006999997,10.152090073
2165,H,h*,0.40999999642372131,5.9762473109999998,36.557464600000003,15.392885207999999
2166,H,h*,0.40999999642372131,5.2911567689999996,37.874187468999999,15.273311615000001
2167,H,h*,0.40999999642372131,3.8431663509999998,36.304286957000002,6.2109775540000003
2168,H,h*,0.40999999642372131,4.4381065370000004,34.965721129999999,5.9148554799999999
2169,H,h*,0.40999999642372131,7.6089811330000003,34.989547729000002,23.775018692
2170,H,h*,0.40999999642372131,9.0182037350000002,35.177764893000003,23.465305327999999
2171,H,h*,0.40999999642372131,1.9598630669999999,38.386066436999997,18.209787369000001
2172,H,h*,0.40999999642372131,1.561259151,38.358242035000004,19.650115967000001
2173,H,h*,0.40999999642372131,7.6066884989999997,34.939056395999998,13.0776968
2174,H,h*,0.40999999642372131,9.0493822099999992,35.385517120000003,13.298969269000001
2175,H,h*,0.40999999642372131,0.71974748399999999,37.847541808999999,7.9368410110000003
2176,H,h*,0.40999999642372131,2.1480407709999998,38.221050261999999,8.3096504210000006
2177,H,h*,0.40999999642372131,5.2876391409999997,37.733600615999997,11.495748519999999
2178,H,h*,0.40999999642372131,6.155843258,36.511875152999998,11.323945045
2179,H,h*,0.40999999642372131,4.8006615640000003,34.624767302999999,14.864315033
2180,H,h*,0.40999999642372131,5.4716153140000001,33.985420226999999,16.040954589999998
2181,H,hoc,0.34999999403953552,2.0037519929999998,34.923114777000002,11.492242813000001
2182,H,hoc,0.34999999403953552,-2.0806331629999999,32.630508423000002,6.151521206
2183,H,hoc,0.34999999403953552,2.0603275299999999,34.957103729000004,15.341668129
2184,H,hoc,0.34999999403953552,-2.1293993000000002,32.699195862000003,9.9977159499999999
2185,Ca,ca+e,1.6000000238418579,9.6254634859999992,37.309268951,8.0761470790000001
2186,Ca,ca+e,1.6000000238418579,0.053363197000000001,35.914813995000003,13.435070992
2187,O,oc8,-0.89999997615814209,0.016047120000000002,35.277881622000002,9.5674867629999998
2188,O,oc5,-0.89999997615814209,-0.089114681000000001,32.280765533,11.936125755000001
2189,O,oc5,-0.89999997615814209,-0.025417750999999999,35.279850005999997,6.5769176480000002
2190,O,oc10,-0.89999997615814209,0.011223059000000001,32.285381317000002,14.940231323000001
2191,O,o*,-0.81999999284744263,0.010165627999999999,37.857929230000003,11.709644318
2192,O,o*,-0.81999999284744263,9.6912307739999992,35.363422393999997,9.769458771
2193,O,o*,-0.81999999284744263,0.076804577999999998,37.868850707999997,15.167505264000001
2194,O,o*,-0.81999999284744263,-0.60251533999999995,41.052719115999999,6.4513087269999998
2195,O,o*,-0.81999999284744263,7.1338734629999996,31.193624496000002,23.916236876999999
2196,O,o*,-0.81999999284744263,3.0272223949999999,41.850574493000003,18.836357116999999
2197,O,o*,-0.81999999284744263,7.2470655439999998,31.405094147,13.486528397000001
2198,O,o*,-0.81999999284744263,2.4085602760000002,41.668384551999999,7.7195644379999999
2199,O,oc11,-0.60000002384185791,7.885967731,34.023750305,21.795822143999999
2200,O,oc11,-0.60000002384185791,7.8325462339999996,34.106468200999998,4.6233205799999997
2201,O,oc11,-0.60000002384185791,7.8624787329999997,33.524360657000003,10.365646362
2202,O,o*,-0.81999999284744263,8.0650186539999993,34.299037933000001,16.186504364000001
2203,H,h*,0.40999999642372131,8.9639616009999994,34.716228485000002,9.9573926929999992
2204,H,h*,0.40999999642372131,10.452666282999999,34.861808777,10.15967083
2205,H,h*,0.40999999642372131,-0.58203422999999999,38.513065337999997,15.513804435999999
2206,H,h*,0.40999999642372131,0.87921410799999999,38.451225280999999,15.217470169
2207,H,h*,0.40999999642372131,-1.3280406,40.640949249000002,5.9166173930000001
2208,H,h*,0.40999999642372131,0.10563882400000001,40.406696320000002,6.2285385130000002
2209,H,h*,0.40999999642372131,6.566324711,30.38948822,23.950805664000001
2210,H,h*,0.40999999642372131,6.656976223,31.801603317000001,23.274566650000001
2211,H,h*,0.40999999642372131,3.0889644619999999,41.054298400999997,18.254085540999998
2212,H,h*,0.40999999642372131,3.238989353,41.413604736000003,19.698690414000001
2213,H,h*,0.40999999642372131,6.6121969219999999,30.723367691,13.167042732000001
2214,H,h*,0.40999999642372131,6.9601140020000001,32.199512482000003,12.965379714999999
2215,H,h*,0.40999999642372131,2.752483368,40.917160033999998,8.2698202129999991
2216,H,h*,0.40999999642372131,3.1231999400000001,42.333915709999999,7.8626589779999998
2217,H,h*,0.40999999642372131,-0.74080944100000001,38.341667174999998,11.280682563999999
2218,H,h*,0.40999999642372131,0.74994462699999997,38.476661682,11.479640960999999
2219,H,h*,0.40999999642372131,7.6275177000000003,34.890926360999998,16.846147537
2220,H,h*,0.40999999642372131,7.8845658299999997,34.809944152999996,15.359796524
2221,H,hoc,0.34999999403953552,-0.074841797000000002,31.434629439999998,11.512286186000001
2222,H,hoc,0.34999999403953552,-0.042712792999999999,36.134532927999999,6.168580532
2223,H,hoc,0.34999999403953552,0.008739218,31.437473297,15.361228943
2224,H,hoc,0.34999999403953552,0.024540982999999999,36.125591278000002,9.9896421429999993
2225,Ca,ca+e,1.6000000238418579,11.592187880999999,29.270233154,18.816135406000001
2226,Ca,ca+e,1.6000000238418579,19.724021912000001,34.014575958000002,2.2623546120000002
2227,O,oc9,-0.89999997615814209,8.521008492,27.346418380999999,20.298030853
2228,O,oc6,-0.89999997615814209,11.035227775999999,28.948116301999999,22.687429428000002
2229,O,oc6,-0.89999997615814209,8.5039548870000008,27.394779204999999,17.326152801999999
2230,O,oc9,-0.89999997615814209,11.032588959,28.911163330000001,4.2130103109999997
2231,O,o*,-0.81999999284744263,16.042022705000001,31.675367354999999,22.412694931000001
2232,O,o*,-0.81999999284744263,13.206230164000001,30.25894928,20.564767838000002
2233,O,o*,-0.81999999284744263,16.017063141000001,31.658340454000001,4.3818497660000002
2234,O,o*,-0.81999999284744263,13.05755806,30.558261870999999,17.187791824000001
2235,O,o*,-0.81999999284744263,15.479975700000001,34.543548584,13.188404083
2236,O,o*,-0.81999999284744263,13.940649033,27.155006408999999,8.1027259829999991
2237,O,o*,-0.81999999284744263,19.110948563000001,36.485321044999999,2.0672643179999999
2238,O,o*,-0.81999999284744263,13.820735931,27.721204757999999,18.666492462000001
2239,O,oc11,-0.60000002384185791,13.464755058,32.451591491999999,11.010802268999999
2240,O,oc11,-0.60000002384185791,13.406593322999999,32.428146362,15.364478111
2241,O,oc11,-0.60000002384185791,13.940010071,32.733150481999999,21.156311035000002
2242,O,o*,-0.81999999284744263,13.332003593,32.212760924999998,5.2381410600000002
2243,H,h*,0.40999999642372131,13.424774169999999,31.208152771000002,20.745685577
2244,H,h*,0.40999999642372131,14.032877922000001,29.834190369000002,20.910713196
2245,H,h*,0.40999999642372131,15.892806052999999,30.675708771,4.4472246169999998
2246,H,h*,0.40999999642372131,15.136721611,31.929193497,4.7302169799999998
2247,H,h*,0.40999999642372131,13.875049591,30.132551193000001,16.835691451999999
2248,H,h*,0.40999999642372131,13.092757225,31.393596648999999,16.656185149999999
2249,H,h*,0.40999999642372131,14.831292152,34.533576965000002,12.43927002
2250,H,h*,0.40999999642372131,14.850729941999999,34.584171294999997,13.953650475
2251,H,h*,0.40999999642372131,14.443969727000001,27.182334900000001,8.9545259480000006
2252,H,h*,0.40999999642372131,14.658374786,27.476692199999999,7.5044889450000003
2253,H,h*,0.40999999642372131,19.282552719000002,36.716773987000003,3.003773689
2254,H,h*,0.40999999642372131,18.402284622,37.127971649000003,1.9148256779999999
2255,H,h*,0.40999999642372131,13.687240600999999,26.747182846000001,18.727010727
2256,H,h*,0.40999999642372131,14.719900130999999,27.811895369999998,19.070478438999999
2257,H,h*,0.40999999642372131,15.242846489,32.100215912000003,22.009691237999998
2258,H,h*,0.40999999642372131,15.856471062000001,30.730213164999999,22.177907944000001
2259,H,h*,0.40999999642372131,12.565242767000001,32.594966888000002,5.7283253670000001
2260,H,h*,0.40999999642372131,12.873655318999999,31.973161696999998,4.3947277070000004
2261,H,hoc,0.34999999403953552,11.779766083,29.352825164999999,22.266992568999999
2262,H,hoc,0.34999999403953552,7.751775265,26.987184525,16.918989182000001
2263,H,hoc,0.34999999403953552,11.763257027,29.335294724000001,4.6398601529999999
2264,H,hoc,0.34999999403953552,7.7901067729999998,26.911979675000001,20.715040207000001
2265,Ca,ca+e,1.6000000238418579,17.672895432000001,34.784946441999999,18.819103241000001
2266,Ca,ca+e,1.6000000238418579,11.601962090000001,27.017456055,23.974351883000001
2267,O,oc10,-0.89999997615814209,11.12068367,27.443727493000001,20.314546584999999
2268,O,oc7,-0.89999997615814209,8.4594354630000002,28.846061707,22.665941237999998
2269,O,oc5,-0.89999997615814209,11.091259002999999,27.421817780000001,17.305372238
2270,O,oc10,-0.89999997615814209,8.431001663,28.904914856000001,4.188868523
2271,O,o*,-0.81999999284744263,13.320003509999999,26.140394211,22.501998901
2272,O,o*,-0.81999999284744263,15.986681938,35.716217041,20.538789748999999
2273,O,o*,-0.81999999284744263,13.295608521,26.238485336,4.4675641060000002
2274,O,o*,-0.81999999284744263,15.796843529,24.099714279000001,17.194374084
2275,O,o*,-0.81999999284744263,11.06025219,35.542430877999998,13.214537621
2276,O,o*,-0.81999999284744263,18.204824448,26.678306580000001,8.0529832839999997
2277,O,o*,-0.81999999284744263,11.932080269,35.920803069999998,24.549047470000001
2278,O,o*,-0.81999999284744263,17.862928391000001,26.246273040999998,18.587924956999998
2279,O,oc11,-0.60000002384185791,13.902064322999999,34.835800171000002,11.014084816
2280,O,oc11,-0.60000002384185791,13.990790367000001,34.775485992,15.371795654
2281,O,oc11,-0.60000002384185791,13.47790432,35.114997864000003,21.166484832999998
2282,O,o*,-0.81999999284744263,14.271333694000001,34.882316588999998,4.9738936420000002
2283,H,h*,0.40999999642372131,15.930774689,36.641613006999997,20.892089844000001
2284,H,h*,0.40999999642372131,15.057923317,35.422904967999997,20.721385955999999
2285,H,h*,0.40999999642372131,14.211737633,26.614187241,4.533311844
2286,H,h*,0.40999999642372131,13.526647568,25.297464371,4.6528854370000001
2287,H,h*,0.40999999642372131,15.65972805,25.044284821000002,16.950977325
2288,H,h*,0.40999999642372131,15.064787865,23.705720900999999,16.654855728000001
2289,H,h*,0.40999999642372131,11.356283188000001,34.973285675,13.970795631
2290,H,h*,0.40999999642372131,11.386169433999999,34.990211487000003,12.458625793
2291,H,h*,0.40999999642372131,17.941635131999998,27.098239898999999,8.9101161960000006
2292,H,h*,0.40999999642372131,17.543031693,27.126066208000001,7.4697875979999999
2293,H,h*,0.40999999642372131,11.936360359,35.185920715000002,25.183599472000001
2294,H,h*,0.40999999642372131,12.372973441999999,35.403530121000003,23.839881897000001
2295,H,h*,0.40999999642372131,18.783147811999999,26.587543488000001,18.676839827999999
2296,H,h*,0.40999999642372131,17.354854584000002,26.961048126000001,19.049650192000001
2297,H,h*,0.40999999642372131,13.34705162,25.251876831000001,22.06394577
2298,H,h*,0.40999999642372131,14.215255737,26.47359848,22.235748291
2299,H,h*,0.40999999642372131,14.031279564,33.985420226999999,5.3009548190000002
2300,H,h*,0.40999999642372131,14.702233315000001,34.624767302999999,4.1243147850000001
2301,H,hoc,0.34999999403953552,7.7476925850000002,29.293113708,22.232242584000002
2302,H,hoc,0.34999999403953552,11.832077979999999,27.000509262000001,16.891521453999999
2303,H,hoc,0.34999999403953552,7.6911168099999996,29.327104567999999,4.6016683580000004
2304,H,hoc,0.34999999403953552,11.880844116,27.069196700999999,20.737716675000001
2305,Al,ac2,1.2000000476837158,9.7167797090000008,28.145708083999999,10.749554634000001
2306,Ca,ca+e,1.6000000238418579,17.662157058999998,23.640232086000001,8.076135635
2307,Ca,ca+e,1.6000000238418579,11.553441048,38.293392181000002,13.410577774
2308,O,oc10,-0.89999997615814209,10.981885910000001,27.346418380999999,9.5580301280000004
2309,O,oc7,-0.89999997615814209,8.4676666259999998,28.948116301999999,11.947429657000001
2310,O,oc7,-0.89999997615814209,10.998939514,27.394779204999999,6.5861525539999999
2311,O,oc8,-0.89999997615814209,8.4703054430000009,28.911163330000001,14.953010559000001
2312,O,o*,-0.81999999284744263,13.212321280999999,26.045368194999998,11.67269516
2313,O,o*,-0.81999999284744263,16.048114776999999,24.628950118999999,9.8247680660000007
2314,O,o*,-0.81999999284744263,13.237280846000001,37.288341522000003,15.121850014
2315,O,o*,-0.81999999284744263,16.196786880000001,36.188262938999998,6.4477910999999999
2316,O,o*,-0.81999999284744263,13.811063766,28.723491669000001,24.026933669999998
2317,O,o*,-0.81999999284744263,15.313695908,32.785007477000001,18.842725754
2318,O,o*,-0.81999999284744263,13.763411522,28.668167113999999,13.269468307
2319,O,o*,-0.81999999284744263,15.433609009,33.351203918000003,7.9264931680000004
2320,O,oc11,-0.60000002384185791,16.302394867,28.152271271,19.778423309000001
2321,O,oc11,-0.60000002384185791,16.234498978000001,28.136819839000001,6.6139626500000004
2322,O,oc11,-0.60000002384185791,16.282283783,28.14371109,12.376851082
2323,O,oc11,-0.60000002384185791,15.789589882,26.821592331000002,21.750802994000001
2324,O,oc11,-0.60000002384185791,15.847751617,26.798147201999999,4.6244783399999996
2325,O,oc11,-0.60000002384185791,15.314334869,27.103151320999999,10.41631031
2326,O,o*,-0.81999999284744263,15.922341347,26.582759856999999,15.978141785
2327,S,s',0.60000002384185791,16.270334244000001,28.142915725999998,21.266866684
2328,S,s',0.60000002384185791,16.231876372999999,28.138278961000001,5.1271958350000002
2329,S,s',0.60000002384185791,16.248971939,28.155902863000001,10.891535759
2330,H,h*,0.40999999642372131,15.829569816999999,25.578153610000001,10.00568676
2331,H,h*,0.40999999642372131,15.221467018,24.204189301,10.170713425000001
2332,H,h*,0.40999999642372131,14.117623329000001,37.559192656999997,15.470216751000001
2333,H,h*,0.40999999642372131,13.361538887,36.305709839000002,15.187224388000001
2334,H,h*,0.40999999642372131,16.161586760999999,37.023597717000001,5.9161858560000002
2335,H,h*,0.40999999642372131,15.379295349,35.762550353999998,6.0956912040000004
2336,H,h*,0.40999999642372131,14.119460106,28.703451157,23.061733245999999
2337,H,h*,0.40999999642372131,14.697546005,28.715488434000001,24.442684174
2338,H,h*,0.40999999642372131,14.595969200000001,33.106693268000001,18.24448967
2339,H,h*,0.40999999642372131,14.810375214,32.812335967999999,19.694526671999999
2340,H,h*,0.40999999642372131,14.623604774,28.542108536000001,12.792200089
2341,H,h*,0.40999999642372131,13.512361525999999,29.577098845999998,12.987094879000001
2342,H,h*,0.40999999642372131,15.56710434,32.377182007000002,7.9870114330000002
2343,H,h*,0.40999999642372131,14.534443854999999,33.441894531000003,8.3304786679999996
2344,H,h*,0.40999999642372131,14.011497498000001,26.470216750999999,11.269692421
2345,H,h*,0.40999999642372131,13.397872925,25.100212097,11.437907219
2346,H,h*,0.40999999642372131,16.689102172999998,26.964967728000001,16.468324661
2347,H,h*,0.40999999642372131,16.380689620999998,26.343162537000001,15.134727478
2348,Al,ac2,1.2000000476837158,9.78042984,28.156608582,16.124525070000001
2349,H,hoc,0.34999999403953552,7.7231278420000002,29.352825164999999,11.526992798
2350,H,hoc,0.34999999403953552,11.751119614,26.987184525,6.1789889340000004
2351,H,hoc,0.34999999403953552,7.7396368979999997,29.335294724000001,15.379859924
2352,H,hoc,0.34999999403953552,11.712787627999999,26.911979675000001,9.9750404360000005
2353,Ca,ca+e,1.6000000238418579,11.581448555,29.154945374,8.0791025160000007
2354,Ca,ca+e,1.6000000238418579,17.629699707,32.774593353,13.453540801999999
2355,O,oc9,-0.89999997615814209,8.3822116849999997,27.443727493000001,9.5745458600000006
2356,O,oc6,-0.89999997615814209,11.043458939000001,28.846061707,11.925941466999999
2357,O,oc6,-0.89999997615814209,8.4116353989999997,27.421817780000001,6.5653729439999999
2358,O,oc9,-0.89999997615814209,11.071892738000001,28.904914856000001,14.928868294000001
2359,O,o*,-0.81999999284744263,15.934341431,31.770393372000001,11.76199913
2360,O,o*,-0.81999999284744263,13.267663002000001,30.08621788,9.7987899780000003
2361,O,o*,-0.81999999284744263,15.958736419999999,31.868484497000001,15.207564354000001
2362,O,o*,-0.81999999284744263,13.457500458,29.729713440000001,6.4543738370000003
2363,O,o*,-0.81999999284744263,17.847562790000001,32.562580109000002,1.9313063619999999
2364,O,o*,-0.81999999284744263,11.049519539,32.308307648000003,18.792982101
2365,O,o*,-0.81999999284744263,17.887426376000001,29.965944289999999,13.600291252
2366,O,o*,-0.81999999284744263,11.391415596,31.876272201999999,7.8479251860000003
2367,O,oc11,-0.60000002384185791,15.352280617,29.205799103,21.754085540999998
2368,O,oc11,-0.60000002384185791,15.263553619,29.145484924000002,4.6317958829999997
2369,O,oc11,-0.60000002384185791,15.776440620000001,29.484996796000001,10.426484108
2370,O,o*,-0.81999999284744263,14.983010291999999,29.252317429000001,15.71389389
2371,H,h*,0.40999999642372131,14.196421623000001,29.792905807,9.9813871380000005
2372,H,h*,0.40999999642372131,13.323570251,31.011613845999999,10.152090073
2373,H,h*,0.40999999642372131,15.727697372,30.927465438999999,15.392885207999999
2374,H,h*,0.40999999642372131,15.042606354,32.244186401,15.273311615000001
2375,H,h*,0.40999999642372131,13.594615936,30.674285889,6.2109780309999998
2376,H,h*,0.40999999642372131,14.189557076,29.335721970000002,5.9148554799999999
2377,H,h*,0.40999999642372131,18.150117873999999,32.153850554999998,2.7932770250000001
2378,H,h*,0.40999999642372131,16.890205383000001,32.406890869000001,2.0991711620000002
2379,H,h*,0.40999999642372131,11.711313248,32.756065368999998,18.209787369000001
2380,H,h*,0.40999999642372131,11.312708855,32.728240966999998,19.650115967000001
2381,H,h*,0.40999999642372131,17.358139038000001,29.309055327999999,13.0776968
2382,H,h*,0.40999999642372131,18.800832748000001,29.755516052000001,13.298969269000001
2383,H,h*,0.40999999642372131,10.471197128,32.217544556,7.9368410110000003
2384,H,h*,0.40999999642372131,11.899490355999999,32.591049194,8.3096504210000006
2385,H,h*,0.40999999642372131,15.039089203,32.103599547999998,11.495748519999999
2386,H,h*,0.40999999642372131,15.907293320000001,30.881875992000001,11.323945045
2387,H,h*,0.40999999642372131,14.552111626,28.994768143000002,14.864315033
2388,H,h*,0.40999999642372131,15.223065375999999,28.355421066000002,16.040954589999998
2389,H,hoc,0.34999999403953552,11.755202293,29.293113708,11.492242813000001
2390,H,hoc,0.34999999403953552,7.670816898,27.000509262000001,6.151521206
2391,H,hoc,0.34999999403953552,11.811778069000001,29.327104567999999,15.341668129
2392,H,hoc,0.34999999403953552,7.6220507619999998,27.069196700999999,9.9977159499999999
2393,Ca,ca+e,1.6000000238418579,19.376913071000001,31.679269790999999,8.0761470790000001
2394,Ca,ca+e,1.6000000238418579,9.8048133849999992,30.284814834999999,13.435071945000001
2395,O,oc8,-0.89999997615814209,9.7674970630000004,29.647880554,9.5674867629999998
2396,O,oc5,-0.89999997615814209,9.6623353959999996,26.650764465000002,11.936125755000001
2397,O,oc5,-0.89999997615814209,9.726032257,29.649848938000002,6.5769176480000002
2398,O,oc10,-0.89999997615814209,9.7626733780000006,26.655380249,14.940231323000001
2399,O,o*,-0.81999999284744263,9.7616157529999992,32.227928161999998,11.709644318
2400,O,o*,-0.81999999284744263,19.442680359000001,29.733423233,9.769458771
2401,O,o*,-0.81999999284744263,9.8282547000000005,32.238849639999998,15.167505264000001
2402,O,o*,-0.81999999284744263,9.1489343640000005,35.422718048,6.4513087269999998
2403,O,o*,-0.81999999284744263,19.280254364000001,25.001829146999999,1.7277677060000001
2404,O,o*,-0.81999999284744263,12.778672218000001,36.220573424999998,18.836357116999999
2405,O,o*,-0.81999999284744263,16.998516082999998,25.775094985999999,13.486528397000001
2406,O,o*,-0.81999999284744263,12.160010337999999,36.038387299,7.7195644379999999
2407,O,oc11,-0.60000002384185791,17.637418747000002,28.393749237000002,21.795822143999999
2408,O,oc11,-0.60000002384185791,17.583995818999998,28.476469040000001,4.6233205799999997
2409,O,oc11,-0.60000002384185791,17.613927840999999,27.894361495999998,10.365646362
2410,O,o*,-0.81999999284744263,17.816467285000002,28.669038773,16.186504364000001
2411,H,h*,0.40999999642372131,18.715412140000002,29.086227417,9.9573926929999992
2412,H,h*,0.40999999642372131,20.204116821,29.231809616,10.15967083
2413,H,h*,0.40999999642372131,9.1694154739999991,32.883068084999998,15.513804435999999
2414,H,h*,0.40999999642372131,10.630663872,32.821224213000001,15.217470169
2415,H,h*,0.40999999642372131,8.4234094620000004,35.010948181000003,5.9166173930000001
2416,H,h*,0.40999999642372131,9.8570890430000002,34.776695251,6.2285385130000002
2417,H,h*,0.40999999642372131,18.722139359,25.800893783999999,1.7781343460000001
2418,H,h*,0.40999999642372131,19.887657166,25.214279175000001,2.4996387960000002
2419,H,h*,0.40999999642372131,12.840415001,35.424297332999998,18.254085540999998
2420,H,h*,0.40999999642372131,12.990439415000001,35.783607482999997,19.698690414000001
2421,H,h*,0.40999999642372131,16.363647460999999,25.093368529999999,13.167042732000001
2422,H,h*,0.40999999642372131,16.71156311,26.569513320999999,12.965379714999999
2423,H,h*,0.40999999642372131,12.503932953,35.287158966,8.2698202129999991
2424,H,h*,0.40999999642372131,12.874650001999999,36.703914642000001,7.8626589779999998
2425,H,h*,0.40999999642372131,9.0106401439999999,32.711669921999999,11.280682563999999
2426,H,h*,0.40999999642372131,10.501394272000001,32.846664429,11.479640960999999
2427,H,h*,0.40999999642372131,17.378967285000002,29.260927200000001,16.846147537
2428,H,h*,0.40999999642372131,17.636014937999999,29.179944991999999,15.359796524
2429,H,hoc,0.34999999403953552,9.6766080859999999,25.804628372,11.512286186000001
2430,H,hoc,0.34999999403953552,9.7087373729999999,30.504533768000002,6.168580532
2431,H,hoc,0.34999999403953552,9.7601890559999998,25.807472228999998,15.361228943
2432,H,hoc,0.34999999403953552,9.7759914400000003,30.495592117000001,9.9896421429999993
2433,Ca,ca+e,1.6000000238418579,21.343637466000001,1.1202325820000001,18.816135406000001
2434,Ca,ca+e,1.6000000238418579,27.539402008,4.2551002499999999,23.946186065999999
2435,O,oc9,-0.89999997615814209,18.27245903,-0.80358195300000002,20.298030853
2436,O,oc6,-0.89999997615814209,20.786678314,0.79811686299999995,22.687429428000002
2437,O,oc6,-0.89999997615814209,18.255405425999999,-0.75522130700000001,17.326152801999999
2438,O,oc9,-0.89999997615814209,20.784038544000001,0.76116269800000003,4.2130103109999997
2439,O,o*,-0.81999999284744263,25.79347229,3.5253672599999999,22.412694931000001
2440,O,o*,-0.81999999284744263,22.957679749,2.108950138,20.564767838000002
2441,O,o*,-0.81999999284744263,25.768512726000001,3.5083405970000001,4.3818497660000002
2442,O,o*,-0.81999999284744263,22.809007645000001,2.4082617759999998,17.187791824000001
2443,O,o*,-0.81999999284744263,25.231426239000001,6.3935475349999997,13.188404083
2444,O,o*,-0.81999999284744263,23.692098617999999,-0.99499410399999999,8.1027259829999991
2445,O,o*,-0.81999999284744263,25.257562636999999,5.5193586349999997,24.392740249999999
2446,O,o*,-0.81999999284744263,23.572185516000001,-0.42879504000000002,18.666492462000001
2447,O,oc11,-0.60000002384185791,23.21620369,4.3015913960000001,11.010802268999999
2448,O,oc11,-0.60000002384185791,23.158042907999999,4.2781472210000002,15.364478111
2449,O,oc11,-0.60000002384185791,23.691459655999999,4.5831513399999997,21.156311035000002
2450,O,o*,-0.81999999284744263,23.083454132,4.0627593989999999,5.2381410600000002
2451,H,h*,0.40999999642372131,23.176223754999999,3.058153629,20.745685577
2452,H,h*,0.40999999642372131,23.784328461000001,1.6841901539999999,20.910713196
2453,H,h*,0.40999999642372131,25.644256592000001,2.5257091520000001,4.4472246169999998
2454,H,h*,0.40999999642372131,24.888172149999999,3.7791936399999999,4.7302169799999998
2455,H,h*,0.40999999642372131,23.626499175999999,1.98255074,16.835691451999999
2456,H,h*,0.40999999642372131,22.844207764,3.2435970310000002,16.656185149999999
2457,H,h*,0.40999999642372131,24.582742691,6.3835759159999999,12.43927002
2458,H,h*,0.40999999642372131,24.602180481000001,6.4341702459999999,13.953650475
2459,H,h*,0.40999999642372131,24.195419311999999,-0.96766507599999996,8.9545259480000006
2460,H,h*,0.40999999642372131,24.409824370999999,-0.67330771700000003,7.5044889450000003
2461,H,h*,0.40999999642372131,24.676877975,5.415699482,23.577001572
2462,H,h*,0.40999999642372131,24.546276092999999,5.9933037760000003,24.886297226
2463,H,h*,0.40999999642372131,23.438690185999999,-1.402817607,18.727010727
2464,H,h*,0.40999999642372131,24.471349715999999,-0.33810558899999998,19.070478438999999
2465,H,h*,0.40999999642372131,24.994297027999998,3.9502172469999999,22.009691237999998
2466,H,h*,0.40999999642372131,25.607921600000001,2.580212355,22.177907944000001
2467,H,h*,0.40999999642372131,22.316692352,4.4449687000000004,5.7283248899999997
2468,H,h*,0.40999999642372131,22.625104904000001,3.8231625560000002,4.3947277070000004
2469,H,hoc,0.34999999403953552,21.531215668000002,1.202825069,22.266992568999999
2470,H,hoc,0.34999999403953552,17.503225326999999,-1.1628147360000001,16.918989182000001
2471,H,hoc,0.34999999403953552,21.514707564999998,1.1852947469999999,4.6398601529999999
2472,H,hoc,0.34999999403953552,17.541557311999998,-1.238019824,20.715040207000001
2473,Ca,ca+e,1.6000000238418579,27.424346924000002,6.6349458690000001,18.819103241000001
2474,Ca,ca+e,1.6000000238418579,19.223192215000001,-0.044962904999999997,2.3647472860000001
2475,O,oc10,-0.89999997615814209,20.872133255000001,-0.70627278100000002,20.314546584999999
2476,O,oc7,-0.89999997615814209,18.210886001999999,0.69606173000000005,22.665941237999998
2477,O,oc5,-0.89999997615814209,20.842708588000001,-0.72818297099999996,17.305372238
2478,O,oc10,-0.89999997615814209,18.182451248,0.75491535700000001,4.188868523
2479,O,o*,-0.81999999284744263,23.071453093999999,-2.0096068379999998,22.501998901
2480,O,o*,-0.81999999284744263,25.738132477000001,7.5662174220000002,20.538789748999999
2481,O,o*,-0.81999999284744263,23.047058105000001,-1.911515117,4.4675641060000002
2482,O,o*,-0.81999999284744263,25.548294067,-4.0502862930000001,17.194374084
2483,O,o*,-0.81999999284744263,20.811702728,7.3924293519999997,13.214537621
2484,O,o*,-0.81999999284744263,27.956275940000001,-1.4716931579999999,8.0529832839999997
2485,O,o*,-0.81999999284744263,17.148830413999999,10.052845955,2.0525612830000002
2486,O,o*,-0.81999999284744263,27.614377975,-1.9037276510000001,18.587924956999998
2487,O,oc11,-0.60000002384185791,23.653514862000002,6.6857986450000002,11.014084816
2488,O,oc11,-0.60000002384185791,23.742240905999999,6.6254854200000004,15.371795654
2489,O,oc11,-0.60000002384185791,23.229354858000001,6.9649972919999996,21.166484832999998
2490,O,o*,-0.81999999284744263,24.022785187,6.7323174479999999,4.9738936420000002
2491,H,h*,0.40999999642372131,25.682224273999999,8.4916143420000001,20.892089844000001
2492,H,h*,0.40999999642372131,24.809373856000001,7.2729063030000001,20.721385955999999
2493,H,h*,0.40999999642372131,23.963188170999999,-1.535811901,4.533311844
2494,H,h*,0.40999999642372131,23.278097153000001,-2.8525354859999998,4.6528854370000001
2495,H,h*,0.40999999642372131,25.411178588999999,-3.1057147980000002,16.950977325
2496,H,h*,0.40999999642372131,24.816238403,-4.4442787170000004,16.654855728000001
2497,H,h*,0.40999999642372131,21.107732772999999,6.8232836719999996,13.970795631
2498,H,h*,0.40999999642372131,21.137619018999999,6.8402118679999999,12.458625793
2499,H,h*,0.40999999642372131,27.693084717000001,-1.0517593620000001,8.9101161960000006
2500,H,h*,0.40999999642372131,27.294481276999999,-1.023933411,7.4697875979999999
2501,H,h*,0.40999999642372131,16.533401488999999,10.103293419,2.8435990809999998
2502,H,h*,0.40999999642372131,17.501358031999999,9.2116975780000008,2.395875931
2503,H,h*,0.40999999642372131,28.534597396999999,-1.5624570849999999,18.676839827999999
2504,H,h*,0.40999999642372131,27.106304169000001,-1.1889511349999999,19.049650192000001
2505,H,h*,0.40999999642372131,23.098501205000002,-2.898123741,22.06394577
2506,H,h*,0.40999999642372131,23.966705321999999,-1.6764009,22.235748291
2507,H,h*,0.40999999642372131,23.782730102999999,5.8354210850000001,5.3009548190000002
2508,H,h*,0.40999999642372131,24.453683853000001,6.4747686389999997,4.1243147850000001
2509,H,hoc,0.34999999403953552,17.499141692999999,1.1431140900000001,22.232242584000002
2510,H,hoc,0.34999999403953552,21.583528519000001,-1.149490237,16.891521453999999
2511,H,hoc,0.34999999403953552,17.442567825000001,1.1771054270000001,4.6016683580000004
2512,H,hoc,0.34999999403953552,21.632293700999998,-1.0808039899999999,20.737716675000001
2513,Al,ac2,1.2000000476837158,19.468229294,-0.0042917989999999998,10.749554634000001
2514,Ca,ca+e,1.6000000238418579,27.413606644000001,-4.5097675319999997,8.076135635
2515,Ca,ca+e,1.6000000238418579,21.304891586,10.143392563000001,13.410577774
2516,O,oc10,-0.89999997615814209,20.733335494999999,-0.80358189300000005,9.5580301280000004
2517,O,oc7,-0.89999997615814209,18.219116210999999,0.79811686299999995,11.947429657000001
2518,O,oc7,-0.89999997615814209,20.750389099,-0.75522124800000001,6.5861525539999999
2519,O,oc8,-0.89999997615814209,18.221755981000001,0.76116269800000003,14.953010559000001
2520,O,o*,-0.81999999284744263,22.963771820000002,-2.104632616,11.67269516
2521,O,o*,-0.81999999284744263,25.799564362000002,-3.5210497379999999,9.8247680660000007
2522,O,o*,-0.81999999284744263,22.988731384000001,9.1383409499999999,15.121850014
2523,O,o*,-0.81999999284744263,25.948236465000001,8.0382623669999997,6.4477910999999999
2524,O,o*,-0.81999999284744263,21.670040131,-1.0156775709999999,2.1735849379999999
2525,O,o*,-0.81999999284744263,25.065145492999999,4.6350059510000001,18.842725754
2526,O,o*,-0.81999999284744263,23.514862060999999,0.51816791299999998,13.269468307
2527,O,o*,-0.81999999284744263,25.185058594000001,5.2012052539999996,7.9264931680000004
2528,O,oc11,-0.60000002384185791,26.053844452,0.0022703430000000002,19.778423309000001
2529,O,oc11,-0.60000002384185791,25.985950469999999,-0.013179422,6.6139626500000004
2530,O,oc11,-0.60000002384185791,26.033735275000002,-0.0062880899999999997,12.376851082
2531,O,oc11,-0.60000002384185791,25.541040421000002,-1.32840848,21.750802994000001
2532,O,oc11,-0.60000002384185791,25.599201202,-1.351852536,4.6244783399999996
2533,O,oc11,-0.60000002384185791,25.065784453999999,-1.0468485359999999,10.41631031
2534,O,o*,-0.81999999284744263,25.673791885,-1.567240596,15.978141785
2535,S,s',0.60000002384185791,26.021783829,-0.0070840360000000002,21.266866684
2536,S,s',0.60000002384185791,25.983325958000002,-0.011720451999999999,5.1271958350000002
2537,S,s',0.60000002384185791,26.000423431000002,0.0059023060000000004,10.891535759
2538,H,h*,0.40999999642372131,25.581020355,-2.571846485,10.00568676
2539,H,h*,0.40999999642372131,24.972917556999999,-3.945809841,10.170713425000001
2540,H,h*,0.40999999642372131,23.869073868000001,9.4091939930000006,15.470216751000001
2541,H,h*,0.40999999642372131,23.112989425999999,8.1557092670000007,15.187224388000001
2542,H,h*,0.40999999642372131,25.913038254,8.8735971449999997,5.9161858560000002
2543,H,h*,0.40999999642372131,25.130744933999999,7.6125507350000001,6.0956912040000004
2544,H,h*,0.40999999642372131,22.027204514000001,-1.7537453169999999,2.6885912420000002
2545,H,h*,0.40999999642372131,21.748836517000001,-0.400467515,2.93475771
2546,H,h*,0.40999999642372131,24.347419738999999,4.9566922189999998,18.24448967
2547,H,h*,0.40999999642372131,24.561824799,4.6623349190000001,19.694526671999999
2548,H,h*,0.40999999642372131,24.375053405999999,0.392108291,12.792200089
2549,H,h*,0.40999999642372131,23.263811110999999,1.427099586,12.987094879000001
2550,H,h*,0.40999999642372131,25.318553925,4.2271823880000001,7.9870114330000002
2551,H,h*,0.40999999642372131,24.285894394,5.2918944359999998,8.3304786679999996
2552,H,h*,0.40999999642372131,23.762947083,-1.679782748,11.269692421
2553,H,h*,0.40999999642372131,23.149322510000001,-3.0497877600000001,11.437907219
2554,H,h*,0.40999999642372131,26.440551758000002,-1.1850316519999999,16.468326568999998
2555,H,h*,0.40999999642372131,26.132139206000002,-1.80683744,15.134727478
2556,Al,ac2,1.2000000476837158,19.531879425,0.0066085329999999998,16.124525070000001
2557,H,hoc,0.34999999403953552,17.474578857000001,1.202825069,11.526992798
2558,H,hoc,0.34999999403953552,21.502569199,-1.1628147360000001,6.1789889340000004
2559,H,hoc,0.34999999403953552,17.491086960000001,1.1852947469999999,15.379859924
2560,H,hoc,0.34999999403953552,21.464237213000001,-1.2380197049999999,9.9750404360000005
2561,Ca,ca+e,1.6000000238418579,21.332899093999998,1.004945636,8.0791025160000007
2562,Ca,ca+e,1.6000000238418579,27.381149292,4.6245918269999997,13.453540801999999
2563,O,oc9,-0.89999997615814209,18.133661270000001,-0.70627272100000005,9.5745458600000006
2564,O,oc6,-0.89999997615814209,20.794908524,0.69606173000000005,11.925941466999999
2565,O,oc6,-0.89999997615814209,18.163085937999998,-0.72818291199999996,6.5653729439999999
2566,O,oc9,-0.89999997615814209,20.823343276999999,0.75491529700000004,14.928868294000001
2567,O,o*,-0.81999999284744263,25.685791016,3.6203932760000002,11.76199913
2568,O,o*,-0.81999999284744263,23.019111633000001,1.936217308,9.7987899780000003
2569,O,o*,-0.81999999284744263,25.710186005000001,3.718484879,15.207564354000001
2570,O,o*,-0.81999999284744263,23.208950043000002,1.5797140599999999,6.4543738370000003
2571,O,o*,-0.81999999284744263,27.381229400999999,1.6316763160000001,23.978921889999999
2572,O,o*,-0.81999999284744263,20.800970077999999,4.1583065990000003,18.792982101
2573,O,o*,-0.81999999284744263,27.638875961,1.8159438370000001,13.600291252
2574,O,o*,-0.81999999284744263,21.142866134999998,3.7262723449999999,7.8479251860000003
2575,O,oc11,-0.60000002384185791,25.103731154999998,1.0557986500000001,21.754085540999998
2576,O,oc11,-0.60000002384185791,25.015003203999999,0.99548536499999996,4.6317958829999997
2577,O,oc11,-0.60000002384185791,25.527891158999999,1.3349972960000001,10.426484108
2578,O,o*,-0.81999999284744263,24.734460831,1.102317572,15.71389389
2579,H,h*,0.40999999642372131,23.947872161999999,1.6429063079999999,9.9813871380000005
2580,H,h*,0.40999999642372131,23.075019835999999,2.861614704,10.152090073
2581,H,h*,0.40999999642372131,25.479146957000001,2.7774646280000002,15.392885207999999
2582,H,h*,0.40999999642372131,24.794055939,4.0941882129999998,15.273311615000001
2583,H,h*,0.40999999642372131,23.346065521,2.5242855550000001,6.2109775540000003
2584,H,h*,0.40999999642372131,23.941007614,1.185721397,5.9148554799999999
2585,H,h*,0.40999999642372131,26.634580612000001,1.0056161880000001,24.175750732000001
2586,H,h*,0.40999999642372131,27.564205170000001,1.1931488509999999,23.106361389
2587,H,h*,0.40999999642372131,21.462762832999999,4.6060667039999998,18.209787369000001
2588,H,h*,0.40999999642372131,21.064159393000001,4.5782403949999999,19.650115967000001
2589,H,h*,0.40999999642372131,27.109588623,1.159056187,13.0776968
2590,H,h*,0.40999999642372131,28.552282333000001,1.605516672,13.298969269000001
2591,H,h*,0.40999999642372131,20.222646713,4.0675430300000004,7.9368410110000003
2592,H,h*,0.40999999642372131,21.650939941000001,4.4410490989999998,8.3096504210000006
2593,H,h*,0.40999999642372131,24.790538787999999,3.9535992150000001,11.495748519999999
2594,H,h*,0.40999999642372131,25.658742905,2.731876373,11.323945045
2595,H,h*,0.40999999642372131,24.303562163999999,0.84476834499999998,14.864315033
2596,H,h*,0.40999999642372131,24.974515915000001,0.20542112000000001,16.040954589999998
2597,H,hoc,0.34999999403953552,21.506652832,1.1431140900000001,11.492242813000001
2598,H,hoc,0.34999999403953552,17.422266006000001,-1.149490237,6.151521206
2599,H,hoc,0.34999999403953552,21.563226700000001,1.1771054270000001,15.341668129
2600,H,hoc,0.34999999403953552,17.373500824000001,-1.0808039899999999,9.9977159499999999
2601,Ca,ca+e,1.6000000238418579,29.128362656,3.5292706489999999,8.0761470790000001
2602,Ca,ca+e,1.6000000238418579,19.556262969999999,2.1348152159999998,13.435070992
2603,O,oc8,-0.89999997615814209,19.518947601000001,1.497881413,9.5674867629999998
2604,O,oc5,-0.89999997615814209,19.413785934,-1.499236107,11.936125755000001
2605,O,oc5,-0.89999997615814209,19.477481842,1.499849677,6.5769176480000002
2606,O,oc10,-0.89999997615814209,19.514123916999999,-1.494620085,14.940231323000001
2607,O,o*,-0.81999999284744263,19.513065338000001,4.0779285429999996,11.709644318
2608,O,o*,-0.81999999284744263,29.194131851000002,1.5834231379999999,9.769458771
2609,O,o*,-0.81999999284744263,19.579704284999998,4.0888495450000004,15.167505264000001
2610,O,o*,-0.81999999284744263,18.900384902999999,7.2727193830000001,6.4513087269999998
2611,O,o*,-0.81999999284744263,26.512674332,-2.5178933140000002,23.968856811999999
2612,O,o*,-0.81999999284744263,22.530122757000001,8.0705738070000006,18.836357116999999
2613,O,o*,-0.81999999284744263,26.749965668000002,-2.374905348,13.486528397000001
2614,O,o*,-0.81999999284744263,21.911460876,7.8883857730000004,7.7195644379999999
2615,O,oc11,-0.60000002384185791,27.388868332000001,0.24374844100000001,21.795822143999999
2616,O,oc11,-0.60000002384185791,27.335447310999999,0.32646968999999998,4.6233205799999997
2617,O,oc11,-0.60000002384185791,27.365379333,-0.25563883799999998,10.365646362
2618,O,o*,-0.81999999284744263,27.567918776999999,0.51903909400000003,16.186504364000001
2619,H,h*,0.40999999642372131,28.466861725000001,0.93622767900000003,9.9573926929999992
2620,H,h*,0.40999999642372131,29.955566405999999,1.081810355,10.15967083
2621,H,h*,0.40999999642372131,18.920866013000001,4.7330660819999997,15.513804435999999
2622,H,h*,0.40999999642372131,20.38211441,4.6712255479999998,15.217470169
2623,H,h*,0.40999999642372131,18.174860000999999,6.8609495159999998,5.9166173930000001
2624,H,h*,0.40999999642372131,19.608539580999999,6.6266961100000001,6.2285385130000002
2625,H,h*,0.40999999642372131,25.559719086000001,-2.6669964789999998,24.193357467999999
2626,H,h*,0.40999999642372131,26.349531173999999,-1.9453154800000001,23.171403885
2627,H,h*,0.40999999642372131,22.591863631999999,7.2742986680000001,18.254085540999998
2628,H,h*,0.40999999642372131,22.741889954000001,7.6336059570000003,19.698690414000001
2629,H,h*,0.40999999642372131,26.115097045999999,-3.056631565,13.167042732000001
2630,H,h*,0.40999999642372131,26.463014603000001,-1.580487132,12.965379714999999
2631,H,h*,0.40999999642372131,22.255382537999999,7.1371603009999998,8.2698202129999991
2632,H,h*,0.40999999642372131,22.626100539999999,8.5539159770000008,7.8626589779999998
2633,H,h*,0.40999999642372131,18.762090683,4.561668396,11.280682563999999
2634,H,h*,0.40999999642372131,20.252843856999998,4.6966633800000004,11.479640960999999
2635,H,h*,0.40999999642372131,27.130416870000001,1.110927105,16.846147537
2636,H,h*,0.40999999642372131,27.387466431,1.0299441810000001,15.359796524
2637,H,hoc,0.34999999403953552,19.428058623999998,-2.345371246,11.512286186000001
2638,H,hoc,0.34999999403953552,19.460187911999999,2.3545339109999999,6.168580532
2639,H,hoc,0.34999999403953552,19.511638641000001,-2.3425273899999999,15.361228943
2640,H,hoc,0.34999999403953552,19.527441025000002,2.3455913069999998,9.9896421429999993
2641,Ca,ca+e,1.6000000238418579,31.095087051,-4.5097675319999997,18.816135406000001
2642,Ca,ca+e,1.6000000238418579,39.131240845000001,0.357240856,2.3778312210000001
2643,O,oc9,-0.89999997615814209,28.023908615,-6.4335818290000004,20.298030853
2644,O,oc6,-0.89999997615814209,30.538127898999999,-4.8318829540000001,22.687429428000002
2645,O,oc6,-0.89999997615814209,28.006855010999999,-6.3852214810000003,17.326152801999999
2646,O,oc9,-0.89999997615814209,30.535488129000001,-4.8688373570000003,4.2130103109999997
2647,O,o*,-0.81999999284744263,35.544921875,-2.104632616,22.412694931000001
2648,O,o*,-0.81999999284744263,32.709129333,-3.5210497379999999,20.564767838000002
2649,O,o*,-0.81999999284744263,35.519962311,-2.1216595169999999,4.3818497660000002
2650,O,o*,-0.81999999284744263,32.560459137000002,-3.2217381,17.187791824000001
2651,O,o*,-0.81999999284744263,34.982875823999997,0.76354730100000001,13.188404083
2652,O,o*,-0.81999999284744263,33.443550109999997,-6.624994278,8.1027259829999991
2653,O,o*,-0.81999999284744263,37.397972107000001,3.0419583320000001,1.836443901
2654,O,o*,-0.81999999284744263,33.323635101000001,-6.0587949749999996,18.666492462000001
2655,O,oc11,-0.60000002384185791,32.967655182000001,-1.32840848,11.010802268999999
2656,O,oc11,-0.60000002384185791,32.909492493000002,-1.351852536,15.364478111
2657,O,oc11,-0.60000002384185791,33.442909241000002,-1.0468485359999999,21.156311035000002
2658,O,o*,-0.81999999284744263,32.834903717000003,-1.567240596,5.2381410600000002
2659,H,h*,0.40999999642372131,32.927673339999998,-2.571846485,20.745685577
2660,H,h*,0.40999999642372131,33.535778045999997,-3.945809841,20.910713196
2661,H,h*,0.40999999642372131,35.395706177000001,-3.1042909619999999,4.4472246169999998
2662,H,h*,0.40999999642372131,34.639621734999999,-1.850806355,4.7302169799999998
2663,H,h*,0.40999999642372131,33.377948760999999,-3.6474492550000002,16.835691451999999
2664,H,h*,0.40999999642372131,32.595657349,-2.3864028450000001,16.656185149999999
2665,H,h*,0.40999999642372131,34.334190368999998,0.75357580199999996,12.43927002
2666,H,h*,0.40999999642372131,34.353630066000001,0.80417019099999998,13.953650475
2667,H,h*,0.40999999642372131,33.946868895999998,-6.59766531,8.9545259480000006
2668,H,h*,0.40999999642372131,34.161273956000002,-6.3033080100000003,7.5044889450000003
2669,H,h*,0.40999999642372131,37.724472046000002,3.1838738919999998,2.7522141929999999
2670,H,h*,0.40999999642372131,36.488174438000001,3.3456981180000001,2.0221855639999999
2671,H,h*,0.40999999642372131,33.190139770999998,-7.032817841,18.727010727
2672,H,h*,0.40999999642372131,34.222801208,-5.9681057930000003,19.070478438999999
2673,H,h*,0.40999999642372131,34.745746613000001,-1.679782748,22.009691237999998
2674,H,h*,0.40999999642372131,35.359371185000001,-3.0497877600000001,22.177907944000001
2675,H,h*,0.40999999642372131,32.068141937,-1.1850312949999999,5.7283253670000001
2676,H,h*,0.40999999642372131,32.376556395999998,-1.80683744,4.3947277070000004
2677,H,hoc,0.34999999403953552,31.282667159999999,-4.4271750450000003,22.266992568999999
2678,H,hoc,0.34999999403953552,27.254674910999999,-6.7928147320000001,16.918989182000001
2679,H,hoc,0.34999999403953552,31.266157150000002,-4.4447050089999998,4.6398601529999999
2680,H,hoc,0.34999999403953552,27.293006897000001,-6.8680195810000004,20.715040207000001
2681,Ca,ca+e,1.6000000238418579,37.175796509000001,1.004945636,18.819103241000001
2682,Ca,ca+e,1.6000000238418579,31.189910889,-6.673487186,23.936220168999998
2683,O,oc10,-0.89999997615814209,30.623582840000001,-6.3362727169999999,20.314546584999999
2684,O,oc7,-0.89999997615814209,27.962335586999998,-4.9339380259999999,22.665941237999998
2685,O,oc5,-0.89999997615814209,30.594158173,-6.3581829069999998,17.305372238
2686,O,oc10,-0.89999997615814209,27.933900832999999,-4.8750844000000004,4.188868523
2687,O,o*,-0.81999999284744263,32.822902679000002,-7.639606476,22.501998901
2688,O,o*,-0.81999999284744263,35.489582061999997,1.936217308,20.538789748999999
2689,O,o*,-0.81999999284744263,32.798507690000001,-7.5415153500000001,4.4675641060000002
2690,O,o*,-0.81999999284744263,35.299743651999997,-9.6802864070000005,17.194374084
2691,O,o*,-0.81999999284744263,30.563152313,1.762429357,13.214537621
2692,O,o*,-0.81999999284744263,37.707725525000001,-7.1016931530000003,8.0529832839999997
2693,O,o*,-0.81999999284744263,26.870586395,4.6155881880000003,2.2117474079999999
2694,O,o*,-0.81999999284744263,37.365829468000001,-7.533727646,18.587924956999998
2695,O,oc11,-0.60000002384185791,33.404964446999998,1.0557986500000001,11.014084816
2696,O,oc11,-0.60000002384185791,33.493690491000002,0.99548530599999996,15.371795654
2697,O,oc11,-0.60000002384185791,32.980804442999997,1.3349972960000001,21.166484832999998
2698,O,o*,-0.81999999284744263,33.774234772,1.102317572,4.9738936420000002
2699,H,h*,0.40999999642372131,35.433673859000002,2.861614704,20.892089844000001
2700,H,h*,0.40999999642372131,34.560821533000002,1.6429063079999999,20.721385955999999
2701,H,h*,0.40999999642372131,33.714637756000002,-7.1658120160000003,4.533311844
2702,H,h*,0.40999999642372131,33.029548644999998,-8.4825353620000001,4.6528854370000001
2703,H,h*,0.40999999642372131,35.162628173999998,-8.7357149120000006,16.950977325
2704,H,h*,0.40999999642372131,34.567687988000003,-10.074278831000001,16.654855728000001
2705,H,h*,0.40999999642372131,30.859184265,1.193283796,13.970795631
2706,H,h*,0.40999999642372131,30.889068603999998,1.2102117539999999,12.458625793
2707,H,h*,0.40999999642372131,37.444534302000001,-6.6817593569999998,8.9101161960000006
2708,H,h*,0.40999999642372131,37.04593277,-6.6539335250000002,7.4697875979999999
2709,H,h*,0.40999999642372131,25.978431702000002,4.2252373700000003,2.254504442
2710,H,h*,0.40999999642372131,27.135610580000002,4.3166513440000003,3.1590161320000001
2711,H,h*,0.40999999642372131,38.286045074,-7.1924571989999997,18.676839827999999
2712,H,h*,0.40999999642372131,36.857753754000001,-6.8189511300000003,19.049650192000001
2713,H,h*,0.40999999642372131,32.849952698000003,-8.5281238560000006,22.06394577
2714,H,h*,0.40999999642372131,33.718154906999999,-7.3064007760000003,22.235748291
2715,H,h*,0.40999999642372131,33.534179688000002,0.20542120899999999,5.3009548190000002
2716,H,h*,0.40999999642372131,34.205131530999999,0.84476846500000002,4.1243147850000001
2717,H,hoc,0.34999999403953552,27.250593185,-4.4868860240000004,22.232242584000002
2718,H,hoc,0.34999999403953552,31.334978104000001,-6.7794904709999999,16.891521453999999
2719,H,hoc,0.34999999403953552,27.194017410000001,-4.4528946879999998,4.6016683580000004
2720,H,hoc,0.34999999403953552,31.383743286000001,-6.7108039860000002,20.737716675000001
2721,Al,ac2,1.2000000476837158,29.219678879,-5.6342916489999997,10.749554634000001
2722,Ca,ca+e,1.6000000238418579,37.165058135999999,-10.139767646999999,8.076135635
2723,Ca,ca+e,1.6000000238418579,31.056341171,4.5133924480000003,13.410577774
2724,O,oc10,-0.89999997615814209,30.484786987,-6.4335818290000004,9.5580301280000004
2725,O,oc7,-0.89999997615814209,27.970565795999999,-4.8318829540000001,11.947429657000001
2726,O,oc7,-0.89999997615814209,30.501838683999999,-6.3852214810000003,6.5861525539999999
2727,O,oc8,-0.89999997615814209,27.973205566000001,-4.8688373570000003,14.953010559000001
2728,O,o*,-0.81999999284744263,32.715221405000001,-7.7346324920000002,11.67269516
2729,O,o*,-0.81999999284744263,35.551013947000001,-9.1510496139999997,9.8247680660000007
2730,O,o*,-0.81999999284744263,32.740180969000001,3.5083405970000001,15.121850014
2731,O,o*,-0.81999999284744263,35.699687957999998,2.408262014,6.4477910999999999
2732,O,o*,-0.81999999284744263,33.312541961999997,-5.1180663109999998,24.161436081000002
2733,O,o*,-0.81999999284744263,34.816596984999997,-0.99499422299999996,18.842725754
2734,O,o*,-0.81999999284744263,33.266311645999998,-5.1118321419999999,13.269468307
2735,O,o*,-0.81999999284744263,34.936508179,-0.42879497999999999,7.9264931680000004
2736,O,oc11,-0.60000002384185791,35.805294037000003,-5.6277294160000002,19.778423309000001
2737,O,oc11,-0.60000002384185791,35.737400055000002,-5.6431794169999998,6.6139626500000004
2738,O,oc11,-0.60000002384185791,35.785182953000003,-5.6362881659999999,12.376851082
2739,O,oc11,-0.60000002384185791,35.292488098,-6.9584083559999996,21.750802994000001
2740,O,oc11,-0.60000002384185791,35.350650786999999,-6.9818525310000004,4.6244783399999996
2741,O,oc11,-0.60000002384185791,34.817234038999999,-6.676848412,10.41631031
2742,O,o*,-0.81999999284744263,35.425239562999998,-7.1972408290000001,15.978141785
2743,S,s',0.60000002384185791,35.773235321000001,-5.6370840070000003,21.266866684
2744,S,s',0.60000002384185791,35.734775542999998,-5.6417202949999998,5.1271958350000002
2745,S,s',0.60000002384185791,35.751873015999998,-5.6240978239999997,10.891535759
2746,H,h*,0.40999999642372131,35.332469940000003,-8.2018461229999993,10.00568676
2747,H,h*,0.40999999642372131,34.724365233999997,-9.5758094790000001,10.170713425000001
2748,H,h*,0.40999999642372131,33.620521545000003,3.7791936399999999,15.470216751000001
2749,H,h*,0.40999999642372131,32.864437103,2.5257091520000001,15.187224388000001
2750,H,h*,0.40999999642372131,35.664485931000002,3.2435972689999999,5.9161858560000002
2751,H,h*,0.40999999642372131,34.882194519000002,1.9825508590000001,6.0956912040000004
2752,H,h*,0.40999999642372131,33.823295592999997,-5.4824190140000004,23.417238234999999
2753,H,h*,0.40999999642372131,33.885047913000001,-4.3458476069999996,24.313995361
2754,H,h*,0.40999999642372131,34.098869323999999,-0.67330783599999999,18.24448967
2755,H,h*,0.40999999642372131,34.313274384000003,-0.96766513600000004,19.694526671999999
2756,H,h*,0.40999999642372131,34.126502991000002,-5.2378916740000001,12.792200089
2757,H,h*,0.40999999642372131,33.015262604,-4.2029004099999998,12.987094879000001
2758,H,h*,0.40999999642372131,35.070003509999999,-1.402817607,7.9870114330000002
2759,H,h*,0.40999999642372131,34.037345885999997,-0.33810552999999999,8.3304786679999996
2760,H,h*,0.40999999642372131,33.514396667,-7.3097825050000003,11.269692421
2761,H,h*,0.40999999642372131,32.900772095000001,-8.6797876360000004,11.437907219
2762,H,h*,0.40999999642372131,36.192001343000001,-6.8150315279999996,16.468324661
2763,H,h*,0.40999999642372131,35.883590697999999,-7.4368376730000003,15.134727478
2764,Al,ac2,1.2000000476837158,29.283329009999999,-5.6233916280000003,16.124525070000001
2765,H,hoc,0.34999999403953552,27.226028442,-4.4271750450000003,11.526992798
2766,H,hoc,0.34999999403953552,31.254018783999999,-6.7928147320000001,6.1789889340000004
2767,H,hoc,0.34999999403953552,27.242536545,-4.4447050089999998,15.379859924
2768,H,hoc,0.34999999403953552,31.215688705000002,-6.8680195810000004,9.9750404360000005
2769,Ca,ca+e,1.6000000238418579,31.084348679000001,-4.6250543589999999,8.0791025160000007
2770,Ca,ca+e,1.6000000238418579,37.132598877,-1.0054080489999999,13.453540801999999
2771,O,oc9,-0.89999997615814209,27.885110855000001,-6.3362727169999999,9.5745458600000006
2772,O,oc6,-0.89999997615814209,30.546360016000001,-4.9339380259999999,11.925941466999999
2773,O,oc6,-0.89999997615814209,27.914535522000001,-6.3581829069999998,6.5653729439999999
2774,O,oc9,-0.89999997615814209,30.574792861999999,-4.8750848769999999,14.928868294000001
2775,O,o*,-0.81999999284744263,35.437240600999999,-2.0096066000000001,11.76199913
2776,O,o*,-0.81999999284744263,32.770561217999997,-3.693782568,9.7987899780000003
2777,O,o*,-0.81999999284744263,35.46163559,-1.9115152360000001,15.207564354000001
2778,O,o*,-0.81999999284744263,32.960399627999998,-4.0502858159999997,6.4543738370000003
2779,O,o*,-0.81999999284744263,37.141864777000002,-1.5172560209999999,1.8316371440000001
2780,O,o*,-0.81999999284744263,30.552419661999998,-1.471693277,18.792982101
2781,O,o*,-0.81999999284744263,37.390327454000001,-3.8140561580000001,13.600291252
2782,O,o*,-0.81999999284744263,30.894315720000002,-1.9037276510000001,7.8479251860000003
2783,O,oc11,-0.60000002384185791,34.855178832999997,-4.5742011070000004,21.754085540999998
2784,O,oc11,-0.60000002384185791,34.766452788999999,-4.6345148089999997,4.6317958829999997
2785,O,oc11,-0.60000002384185791,35.279338836999997,-4.2950029369999996,10.426484108
2786,O,o*,-0.81999999284744263,34.485908508000001,-4.5276823039999998,15.71389389
2787,H,h*,0.40999999642372131,33.699321746999999,-3.9870936870000002,9.9813871380000005
2788,H,h*,0.40999999642372131,32.826469420999999,-2.76838541,10.152090073
2789,H,h*,0.40999999642372131,35.230598450000002,-2.8525354859999998,15.392885207999999
2790,H,h*,0.40999999642372131,34.545505523999999,-1.535811901,15.273311615000001
2791,H,h*,0.40999999642372131,33.097515106000003,-3.10571456,6.2109780309999998
2792,H,h*,0.40999999642372131,33.692455291999998,-4.4442787170000004,5.9148554799999999
2793,H,h*,0.40999999642372131,36.198482513000002,-1.668934226,2.0072617529999999
2794,H,h*,0.40999999642372131,37.469062805,-1.9564442630000001,2.650723696
2795,H,h*,0.40999999642372131,31.214212417999999,-1.023933411,18.209787369000001
2796,H,h*,0.40999999642372131,30.815608978,-1.0517594809999999,19.650115967000001
2797,H,h*,0.40999999642372131,36.861038207999997,-4.4709439279999996,13.0776968
2798,H,h*,0.40999999642372131,38.303733825999998,-4.024483204,13.298969269000001
2799,H,h*,0.40999999642372131,29.974098206000001,-1.5624570849999999,7.9368410110000003
2800,H,h*,0.40999999642372131,31.402391433999998,-1.1889511349999999,8.3096504210000006
2801,H,h*,0.40999999642372131,34.541988373000002,-1.6764009,11.495748519999999
2802,H,h*,0.40999999642372131,35.410194396999998,-2.8981235029999999,11.323945045
2803,H,h*,0.40999999642372131,34.055011749000002,-4.7852315900000004,14.864315033
2804,H,h*,0.40999999642372131,34.725963593000003,-5.4245786669999996,16.040954589999998
2805,H,hoc,0.34999999403953552,31.258102417,-4.4868860240000004,11.492242813000001
2806,H,hoc,0.34999999403953552,27.173717498999999,-6.7794904709999999,6.151521206
2807,H,hoc,0.34999999403953552,31.314678191999999,-4.4528946879999998,15.341668129
2808,H,hoc,0.34999999403953552,27.124950409,-6.7108039860000002,9.9977159499999999
2809,Ca,ca+e,1.6000000238418579,38.879814148000001,-2.1007294650000001,8.0761470790000001
2810,Ca,ca+e,1.6000000238418579,29.307712554999998,-3.4951846600000001,13.435071945000001
2811,O,oc8,-0.89999997615814209,29.270397186,-4.1321187019999996,9.5674867629999998
2812,O,oc5,-0.89999997615814209,29.165235518999999,-7.1292362210000002,11.936125755000001
2813,O,oc5,-0.89999997615814209,29.228931426999999,-4.1301503180000001,6.5769176480000002
2814,O,oc10,-0.89999997615814209,29.265573501999999,-7.1246199609999996,14.940231323000001
2815,O,o*,-0.81999999284744263,29.264514923,-1.5520715709999999,11.709644318
2816,O,o*,-0.81999999284744263,38.945579529,-4.046576977,9.769458771
2817,O,o*,-0.81999999284744263,29.331153870000001,-1.5411505700000001,15.167505264000001
2818,O,o*,-0.81999999284744263,28.651834487999999,1.6427193879999999,6.4513087269999998
2819,O,o*,-0.81999999284744263,38.851154327000003,-8.9947204589999998,1.969505429
2820,O,o*,-0.81999999284744263,32.281574249000002,2.4405736920000001,18.836357116999999
2821,O,o*,-0.81999999284744263,36.501415252999998,-8.0049057010000002,13.486528397000001
2822,O,o*,-0.81999999284744263,31.662910460999999,2.2583858970000001,7.7195644379999999
2823,O,oc11,-0.60000002384185791,37.140316009999999,-5.3862514499999996,21.795822143999999
2824,O,oc11,-0.60000002384185791,37.086894989000001,-5.3035302160000004,4.6233205799999997
2825,O,oc11,-0.60000002384185791,37.116828918000003,-5.8856387139999997,10.365646362
2826,O,o*,-0.81999999284744263,37.319366455000001,-5.1109609599999999,16.186504364000001
2827,H,h*,0.40999999642372131,38.218311309999997,-4.6937723159999996,9.9573926929999992
2828,H,h*,0.40999999642372131,39.707015990999999,-4.5481896400000004,10.15967083
2829,H,h*,0.40999999642372131,28.672315598000001,-0.89693367499999999,15.513804435999999
2830,H,h*,0.40999999642372131,30.133563994999999,-0.95877438800000003,15.217470169
2831,H,h*,0.40999999642372131,27.926309585999999,1.230949402,5.9166173930000001
2832,H,h*,0.40999999642372131,29.359989165999998,0.99669623399999996,6.2285385130000002
2833,H,h*,0.40999999642372131,38.459663390999999,-8.6875610349999999,2.8476052279999999
2834,H,h*,0.40999999642372131,39.700260161999999,-8.5150413510000007,2.0732054710000001
2835,H,h*,0.40999999642372131,32.343315124999997,1.6442987920000001,18.254085540999998
2836,H,h*,0.40999999642372131,32.493339538999997,2.0036058429999999,19.698690414000001
2837,H,h*,0.40999999642372131,35.866546630999999,-8.6866312029999992,13.167042732000001
2838,H,h*,0.40999999642372131,36.214462279999999,-7.2104873659999997,12.965379714999999
2839,H,h*,0.40999999642372131,32.006832123000002,1.5071600679999999,8.2698202129999991
2840,H,h*,0.40999999642372131,32.377548218000001,2.9239161010000001,7.8626589779999998
2841,H,h*,0.40999999642372131,28.513540268,-1.068331718,11.280682563999999
2842,H,h*,0.40999999642372131,30.004295349,-0.93333643700000002,11.479640960999999
2843,H,h*,0.40999999642372131,36.881866455000001,-4.5190730090000004,16.846147537
2844,H,h*,0.40999999642372131,37.138916016000003,-4.600055695,15.359796524
2845,H,hoc,0.34999999403953552,29.179508209000002,-7.9753708840000002,11.512286186000001
2846,H,hoc,0.34999999403953552,29.211637497000002,-3.275465965,6.168580532
2847,H,hoc,0.34999999403953552,29.263090133999999,-7.9725275040000003,15.361228943
2848,H,hoc,0.34999999403953552,29.278890610000001,-3.2844088079999998,9.9896421429999993
2849,Ca,ca+e,1.6000000238418579,21.343637466000001,12.380232811000001,18.816135406000001
2850,Ca,ca+e,1.6000000238418579,27.399772643999999,15.872254372,23.894784927
2851,O,oc9,-0.89999997615814209,18.27245903,10.456418037000001,20.298030853
2852,O,oc6,-0.89999997615814209,20.786678314,12.058116912999999,22.687429428000002
2853,O,oc6,-0.89999997615814209,18.255405425999999,10.504778862,17.326152801999999
2854,O,oc9,-0.89999997615814209,20.784038544000001,12.021162987,4.2130103109999997
2855,O,o*,-0.81999999284744263,25.79347229,14.785367012,22.412694931000001
2856,O,o*,-0.81999999284744263,22.957679749,13.36894989,20.564767838000002
2857,O,o*,-0.81999999284744263,25.768512726000001,14.768340111000001,4.3818497660000002
2858,O,o*,-0.81999999284744263,22.809007645000001,13.668261528,17.187791824000001
2859,O,o*,-0.81999999284744263,25.231426239000001,17.653547286999999,13.188404083
2860,O,o*,-0.81999999284744263,23.692098617999999,10.265006065,8.1027259829999991
2861,O,o*,-0.81999999284744263,25.190710068000001,17.237430573000001,24.154346466
2862,O,o*,-0.81999999284744263,23.572185516000001,10.831205368000001,18.666492462000001
2863,O,oc11,-0.60000002384185791,23.21620369,15.561591148,11.010802268999999
2864,O,oc11,-0.60000002384185791,23.158042907999999,15.538146973,15.364478111
2865,O,oc11,-0.60000002384185791,23.691459655999999,15.843151092999999,21.156311035000002
2866,O,o*,-0.81999999284744263,23.083454132,15.322759628,5.2381410600000002
2867,H,h*,0.40999999642372131,23.176223754999999,14.318153381,20.745685577
2868,H,h*,0.40999999642372131,23.784328461000001,12.944190024999999,20.910713196
2869,H,h*,0.40999999642372131,25.644256592000001,13.785709381,4.4472246169999998
2870,H,h*,0.40999999642372131,24.888172149999999,15.039194107,4.7302169799999998
2871,H,h*,0.40999999642372131,23.626499175999999,13.242550850000001,16.835691451999999
2872,H,h*,0.40999999642372131,22.844207764,14.503597259999999,16.656185149999999
2873,H,h*,0.40999999642372131,24.582742691,17.643575668,12.43927002
2874,H,h*,0.40999999642372131,24.602180481000001,17.694169998,13.953650475
2875,H,h*,0.40999999642372131,24.195419311999999,10.292334557,8.9545259480000006
2876,H,h*,0.40999999642372131,24.409824370999999,10.586691856,7.5044889450000003
2877,H,h*,0.40999999642372131,25.251062393000002,18.178459167,23.846412658999999
2878,H,h*,0.40999999642372131,24.281167984,17.026378632,23.782773972000001
2879,H,h*,0.40999999642372131,23.438690185999999,9.8571825030000007,18.727010727
2880,H,h*,0.40999999642372131,24.471349715999999,10.921894073000001,19.070478438999999
2881,H,h*,0.40999999642372131,24.994297027999998,15.210217476,22.009691237999998
2882,H,h*,0.40999999642372131,25.607921600000001,13.840211868000001,22.177907944000001
2883,H,h*,0.40999999642372131,22.316692352,15.704968451999999,5.7283248899999997
2884,H,h*,0.40999999642372131,22.625104904000001,15.083162308,4.3947277070000004
2885,H,hoc,0.34999999403953552,21.531215668000002,12.462824821,22.266992568999999
2886,H,hoc,0.34999999403953552,17.503225326999999,10.097185135,16.918989182000001
2887,H,hoc,0.34999999403953552,21.514707564999998,12.44529438,4.6398601529999999
2888,H,hoc,0.34999999403953552,17.541557311999998,10.021980286,20.715040207000001
2889,Ca,ca+e,1.6000000238418579,27.424346924000002,17.894945145000001,18.819103241000001
2890,Ca,ca+e,1.6000000238418579,19.234085083,11.669362068,2.3784136770000002
2891,O,oc10,-0.89999997615814209,20.872133255000001,10.55372715,20.314546584999999
2892,O,oc7,-0.89999997615814209,18.210886001999999,11.956061363,22.665941237999998
2893,O,oc5,-0.89999997615814209,20.842708588000001,10.531817436000001,17.305372238
2894,O,oc10,-0.89999997615814209,18.182451248,12.014915466,4.188868523
2895,O,o*,-0.81999999284744263,23.071453093999999,9.2503929140000007,22.501998901
2896,O,o*,-0.81999999284744263,25.738132477000001,18.826217651,20.538789748999999
2897,O,o*,-0.81999999284744263,23.047058105000001,9.3484849929999996,4.4675641060000002
2898,O,o*,-0.81999999284744263,25.548294067,7.209713936,17.194374084
2899,O,o*,-0.81999999284744263,20.811702728,18.652429581,13.214537621
2900,O,o*,-0.81999999284744263,27.956275940000001,9.7883071899999994,8.0529832839999997
2901,O,o*,-0.81999999284744263,21.167093276999999,18.858587265000001,24.086601257000002
2902,O,o*,-0.81999999284744263,27.614377975,9.3562726969999996,18.587924956999998
2903,O,oc11,-0.60000002384185791,23.653514862000002,17.945798874000001,11.014084816
2904,O,oc11,-0.60000002384185791,23.742240905999999,17.885484694999999,15.371795654
2905,O,oc11,-0.60000002384185791,23.229354858000001,18.224996567000002,21.166484832999998
2906,O,o*,-0.81999999284744263,24.022785187,17.992317199999999,4.9738936420000002
2907,H,h*,0.40999999642372131,25.682224273999999,19.751615524000002,20.892089844000001
2908,H,h*,0.40999999642372131,24.809373856000001,18.532905579000001,20.721385955999999
2909,H,h*,0.40999999642372131,23.963188170999999,9.7241878509999999,4.533311844
2910,H,h*,0.40999999642372131,23.278097153000001,8.4074649810000004,4.6528854370000001
2911,H,h*,0.40999999642372131,25.411178588999999,8.1542854309999999,16.950977325
2912,H,h*,0.40999999642372131,24.816238403,6.8157210350000001,16.654855728000001
2913,H,h*,0.40999999642372131,21.107732772999999,18.083284377999998,13.970795631
2914,H,h*,0.40999999642372131,21.137619018999999,18.100212097,12.458625793
2915,H,h*,0.40999999642372131,27.693084717000001,10.208240508999999,8.9101161960000006
2916,H,h*,0.40999999642372131,27.294481276999999,10.236066817999999,7.4697875979999999
2917,H,h*,0.40999999642372131,21.811618804999998,18.236742020000001,23.645856856999998
2918,H,h*,0.40999999642372131,20.342832564999998,18.454544067,23.72836113
2919,H,h*,0.40999999642372131,28.534597396999999,9.6975431440000008,18.676839827999999
2920,H,h*,0.40999999642372131,27.106304169000001,10.071048737,19.049650192000001
2921,H,h*,0.40999999642372131,23.098501205000002,8.3618764880000001,22.06394577
2922,H,h*,0.40999999642372131,23.966705321999999,9.583599091,22.235748291
2923,H,h*,0.40999999642372131,23.782730102999999,17.095420836999999,5.3009548190000002
2924,H,h*,0.40999999642372131,24.453683853000001,17.734767913999999,4.1243147850000001
2925,H,hoc,0.34999999403953552,17.499141692999999,12.403114319,22.232242584000002
2926,H,hoc,0.34999999403953552,21.583528519000001,10.110509872,16.891521453999999
2927,H,hoc,0.34999999403953552,17.442567825000001,12.437105179,4.6016683580000004
2928,H,hoc,0.34999999403953552,21.632293700999998,10.179196358,20.737716675000001
2929,Al,ac2,1.2000000476837158,19.468229294,11.255707741,10.749554634000001
2930,Ca,ca+e,1.6000000238418579,27.413606644000001,6.7502326970000004,8.076135635
2931,Ca,ca+e,1.6000000238418579,21.304891586,21.403392791999998,13.410577774
2932,O,oc10,-0.89999997615814209,20.733335494999999,10.456418037000001,9.5580301280000004
2933,O,oc7,-0.89999997615814209,18.219116210999999,12.058116912999999,11.947429657000001
2934,O,oc7,-0.89999997615814209,20.750389099,10.504778862,6.5861525539999999
2935,O,oc8,-0.89999997615814209,18.221755981000001,12.021162987,14.953010559000001
2936,O,o*,-0.81999999284744263,22.963771820000002,9.1553668980000005,11.67269516
2937,O,o*,-0.81999999284744263,25.799564362000002,7.7389502529999996,9.8247680660000007
2938,O,o*,-0.81999999284744263,22.988731384000001,20.398340224999998,15.121850014
2939,O,o*,-0.81999999284744263,25.948236465000001,19.298261642,6.4477910999999999
2940,O,o*,-0.81999999284744263,21.641361237000002,10.690568924000001,1.8965672250000001
2941,O,o*,-0.81999999284744263,25.065145492999999,15.895006179999999,18.842725754
2942,O,o*,-0.81999999284744263,23.514862060999999,11.778167724999999,13.269468307
2943,O,o*,-0.81999999284744263,25.185058594000001,16.461204529,7.9264931680000004
2944,O,oc11,-0.60000002384185791,26.053844452,11.262269974000001,19.778423309000001
2945,O,oc11,-0.60000002384185791,25.985950469999999,11.24682045,6.6139626500000004
2946,O,oc11,-0.60000002384185791,26.033735275000002,11.2537117,12.376851082
2947,O,oc11,-0.60000002384185791,25.541040421000002,9.9315919879999992,21.750802994000001
2948,O,oc11,-0.60000002384185791,25.599201202,9.9081478119999993,4.6244783399999996
2949,O,oc11,-0.60000002384185791,25.065784453999999,10.213151932000001,10.41631031
2950,O,o*,-0.81999999284744263,25.673791885,9.6927595140000005,15.978141785
2951,S,s',0.60000002384185791,26.021783829,11.252916336,21.266866684
2952,S,s',0.60000002384185791,25.983325958000002,11.248279572,5.1271958350000002
2953,S,s',0.60000002384185791,26.000423431000002,11.265902519000001,10.891535759
2954,H,h*,0.40999999642372131,25.581020355,8.6881532670000006,10.00568676
2955,H,h*,0.40999999642372131,24.972917556999999,7.3141903880000001,10.170713425000001
2956,H,h*,0.40999999642372131,23.869073868000001,20.669193268000001,15.470216751000001
2957,H,h*,0.40999999642372131,23.112989425999999,19.415708542000001,15.187224388000001
2958,H,h*,0.40999999642372131,25.913038254,20.13359642,5.9161858560000002
2959,H,h*,0.40999999642372131,25.130744933999999,18.872550963999998,6.0956912040000004
2960,H,h*,0.40999999642372131,21.599693297999998,10.337692261000001,2.8409156800000002
2961,H,h*,0.40999999642372131,22.596735000999999,10.845733643000001,1.7974331379999999
2962,H,h*,0.40999999642372131,24.347419738999999,16.216691970999999,18.24448967
2963,H,h*,0.40999999642372131,24.561824799,15.922334671,19.694526671999999
2964,H,h*,0.40999999642372131,24.375053405999999,11.652108192,12.792200089
2965,H,h*,0.40999999642372131,23.263811110999999,12.687099457,12.987094879000001
2966,H,h*,0.40999999642372131,25.318553925,15.487182617,7.9870114330000002
2967,H,h*,0.40999999642372131,24.285894394,16.551895141999999,8.3304786679999996
2968,H,h*,0.40999999642372131,23.762947083,9.5802173610000008,11.269692421
2969,H,h*,0.40999999642372131,23.149322510000001,8.2102127080000002,11.437907219
2970,H,h*,0.40999999642372131,26.440551758000002,10.074968338,16.468326568999998
2971,H,h*,0.40999999642372131,26.132139206000002,9.4531621930000007,15.134727478
2972,Al,ac2,1.2000000476837158,19.531879425,11.266608238,16.124525070000001
2973,H,hoc,0.34999999403953552,17.474578857000001,12.462824821,11.526992798
2974,H,hoc,0.34999999403953552,21.502569199,10.097185135,6.1789889340000004
2975,H,hoc,0.34999999403953552,17.491086960000001,12.44529438,15.379859924
2976,H,hoc,0.34999999403953552,21.464237213000001,10.021980286,9.9750404360000005
2977,Ca,ca+e,1.6000000238418579,21.332899093999998,12.264945984000001,8.0791025160000007
2978,Ca,ca+e,1.6000000238418579,27.381149292,15.884592056000001,13.453540801999999
2979,O,oc9,-0.89999997615814209,18.133661270000001,10.55372715,9.5745458600000006
2980,O,oc6,-0.89999997615814209,20.794908524,11.956061363,11.925941466999999
2981,O,oc6,-0.89999997615814209,18.163085937999998,10.531817436000001,6.5653729439999999
2982,O,oc9,-0.89999997615814209,20.823343276999999,12.014915466,14.928868294000001
2983,O,o*,-0.81999999284744263,25.685791016,14.880393028,11.76199913
2984,O,o*,-0.81999999284744263,23.019111633000001,13.196217537000001,9.7987899780000003
2985,O,o*,-0.81999999284744263,25.710186005000001,14.978485106999999,15.207564354000001
2986,O,o*,-0.81999999284744263,23.208950043000002,12.83971405,6.4543738370000003
2987,O,o*,-0.81999999284744263,27.741733550999999,13.112810135,24.097866058000001
2988,O,o*,-0.81999999284744263,20.800970077999999,15.418306351,18.792982101
2989,O,o*,-0.81999999284744263,27.638875961,13.075943947000001,13.600291252
2990,O,o*,-0.81999999284744263,21.142866134999998,14.986271858,7.8479251860000003
2991,O,oc11,-0.60000002384185791,25.103731154999998,12.315798759,21.754085540999998
2992,O,oc11,-0.60000002384185791,25.015003203999999,12.255485535,4.6317958829999997
2993,O,oc11,-0.60000002384185791,25.527891158999999,12.594997405999999,10.426484108
2994,O,o*,-0.81999999284744263,24.734460831,12.362317085000001,15.71389389
2995,H,h*,0.40999999642372131,23.947872161999999,12.902906418000001,9.9813871380000005
2996,H,h*,0.40999999642372131,23.075019835999999,14.121614456,10.152090073
2997,H,h*,0.40999999642372131,25.479146957000001,14.037464141999999,15.392885207999999
2998,H,h*,0.40999999642372131,24.794055939,15.354187964999999,15.273311615000001
2999,H,h*,0.40999999642372131,23.346065521,13.784285544999999,6.2109775540000003
3000,H,h*,0.40999999642372131,23.941007614,12.445721625999999,5.9148554799999999
3001,H,h*,0.40999999642372131,28.486619949000001,12.676762581,23.606466293
3002,H,h*,0.40999999642372131,27.044435500999999,12.547066688999999,23.685718536
3003,H,h*,0.40999999642372131,21.462762832999999,15.866066933000001,18.209787369000001
3004,H,h*,0.40999999642372131,21.064159393000001,15.838240623000001,19.650115967000001
3005,H,h*,0.40999999642372131,27.109588623,12.419055939,13.0776968
3006,H,h*,0.40999999642372131,28.552282333000001,12.865516662999999,13.298969269000001
3007,H,h*,0.40999999642372131,20.222646713,15.327543259,7.9368410110000003
3008,H,h*,0.40999999642372131,21.650939941000001,15.701048850999999,8.3096504210000006
3009,H,h*,0.40999999642372131,24.790538787999999,15.213599205,11.495748519999999
3010,H,h*,0.40999999642372131,25.658742905,13.991876602,11.323945045
3011,H,h*,0.40999999642372131,24.303562163999999,12.104768753,14.864315033
3012,H,h*,0.40999999642372131,24.974515915000001,11.465420722999999,16.040954589999998
3013,H,hoc,0.34999999403953552,21.506652832,12.403114319,11.492242813000001
3014,H,hoc,0.34999999403953552,17.422266006000001,10.110509872,6.151521206
3015,H,hoc,0.34999999403953552,21.563226700000001,12.437105179,15.341668129
3016,H,hoc,0.34999999403953552,17.373500824000001,10.179196358,9.9977159499999999
3017,Ca,ca+e,1.6000000238418579,29.128362656,14.789270401,8.0761470790000001
3018,Ca,ca+e,1.6000000238418579,19.556262969999999,13.394815445000001,13.435070992
3019,O,oc8,-0.89999997615814209,19.518947601000001,12.757881165000001,9.5674867629999998
3020,O,oc5,-0.89999997615814209,19.413785934,9.7607641219999994,11.936125755000001
3021,O,oc5,-0.89999997615814209,19.477481842,12.759849548,6.5769176480000002
3022,O,oc10,-0.89999997615814209,19.514123916999999,9.7653799059999997,14.940231323000001
3023,O,o*,-0.81999999284744263,19.513065338000001,15.337928772,11.709644318
3024,O,o*,-0.81999999284744263,29.194131851000002,12.843422889999999,9.769458771
3025,O,o*,-0.81999999284744263,19.579704284999998,15.348849296999999,15.167505264000001
3026,O,o*,-0.81999999284744263,18.900384902999999,18.532718658,6.4513087269999998
3027,O,o*,-0.81999999284744263,26.857446671000002,9.0310716630000005,23.978048325
3028,O,o*,-0.81999999284744263,22.530122757000001,19.330574036000002,18.836357116999999
3029,O,o*,-0.81999999284744263,26.749965668000002,8.8850946430000004,13.486528397000001
3030,O,o*,-0.81999999284744263,21.911460876,19.148386001999999,7.7195644379999999
3031,O,oc11,-0.60000002384185791,27.388868332000001,11.503748893999999,21.795822143999999
3032,O,oc11,-0.60000002384185791,27.335447310999999,11.58646965,4.6233205799999997
3033,O,oc11,-0.60000002384185791,27.365379333,11.004361153,10.365646362
3034,O,o*,-0.81999999284744263,27.567918776999999,11.779039383000001,16.186504364000001
3035,H,h*,0.40999999642372131,28.466861725000001,12.196228027,9.9573926929999992
3036,H,h*,0.40999999642372131,29.955566405999999,12.341810226,10.15967083
3037,H,h*,0.40999999642372131,18.920866013000001,15.993065833999999,15.513804435999999
3038,H,h*,0.40999999642372131,20.38211441,15.931225777,15.217470169
3039,H,h*,0.40999999642372131,18.174860000999999,18.120948792,5.9166173930000001
3040,H,h*,0.40999999642372131,19.608539580999999,17.886695862,6.2285385130000002
3041,H,h*,0.40999999642372131,25.964977264000002,8.9644126889999995,24.329179763999999
3042,H,h*,0.40999999642372131,26.638555527000001,9.4283475879999994,23.100605010999999
3043,H,h*,0.40999999642372131,22.591863631999999,18.534297942999999,18.254085540999998
3044,H,h*,0.40999999642372131,22.741889954000001,18.893606186,19.698690414000001
3045,H,h*,0.40999999642372131,26.115097045999999,8.2033681870000006,13.167042732000001
3046,H,h*,0.40999999642372131,26.463014603000001,9.679512978,12.965379714999999
3047,H,h*,0.40999999642372131,22.255382537999999,18.397159576,8.2698202129999991
3048,H,h*,0.40999999642372131,22.626100539999999,19.813915253000001,7.8626589779999998
3049,H,h*,0.40999999642372131,18.762090683,15.821668624999999,11.280682563999999
3050,H,h*,0.40999999642372131,20.252843856999998,15.956663131999999,11.479640960999999
3051,H,h*,0.40999999642372131,27.130416870000001,12.370926857000001,16.846147537
3052,H,h*,0.40999999642372131,27.387466431,12.289944649000001,15.359796524
3053,H,hoc,0.34999999403953552,19.428058623999998,8.9146289830000001,11.512286186000001
3054,H,hoc,0.34999999403953552,19.460187911999999,13.614534378,6.168580532
3055,H,hoc,0.34999999403953552,19.511638641000001,8.9174728390000002,15.361228943
3056,H,hoc,0.34999999403953552,19.527441025000002,13.60559082,9.9896421429999993
3057,Ca,ca+e,1.6000000238418579,31.095087051,6.7502326970000004,18.816135406000001
3058,Ca,ca+e,1.6000000238418579,39.176563262999998,11.177416801,2.4293036460000001
3059,O,oc9,-0.89999997615814209,28.023908615,4.8264179230000002,20.298030853
3060,O,oc6,-0.89999997615814209,30.538127898999999,6.4281167979999996,22.687429428000002
3061,O,oc6,-0.89999997615814209,28.006855010999999,4.8747787479999998,17.326152801999999
3062,O,oc9,-0.89999997615814209,30.535488129000001,6.3911628719999998,4.2130103109999997
3063,O,o*,-0.81999999284744263,35.544921875,9.1553668980000005,22.412694931000001
3064,O,o*,-0.81999999284744263,32.709129333,7.7389502529999996,20.564767838000002
3065,O,o*,-0.81999999284744263,35.519962311,9.1383409499999999,4.3818497660000002
3066,O,o*,-0.81999999284744263,32.560459137000002,8.0382623669999997,17.187791824000001
3067,O,o*,-0.81999999284744263,34.982875823999997,12.023547173000001,13.188404083
3068,O,o*,-0.81999999284744263,33.443550109999997,4.6350059510000001,8.1027259829999991
3069,O,o*,-0.81999999284744263,39.521793365000001,13.961750030999999,2.104211807
3070,O,o*,-0.81999999284744263,33.323635101000001,5.2012047770000001,18.666492462000001
3071,O,oc11,-0.60000002384185791,32.967655182000001,9.9315919879999992,11.010802268999999
3072,O,oc11,-0.60000002384185791,32.909492493000002,9.9081478119999993,15.364478111
3073,O,oc11,-0.60000002384185791,33.442909241000002,10.213150978,21.156311035000002
3074,O,o*,-0.81999999284744263,32.834903717000003,9.6927595140000005,5.2381410600000002
3075,H,h*,0.40999999642372131,32.927673339999998,8.6881532670000006,20.745685577
3076,H,h*,0.40999999642372131,33.535778045999997,7.3141903880000001,20.910713196
3077,H,h*,0.40999999642372131,35.395706177000001,8.1557092670000007,4.4472246169999998
3078,H,h*,0.40999999642372131,34.639621734999999,9.4091939930000006,4.7302169799999998
3079,H,h*,0.40999999642372131,33.377948760999999,7.6125507350000001,16.835691451999999
3080,H,h*,0.40999999642372131,32.595657349,8.8735971449999997,16.656185149999999
3081,H,h*,0.40999999642372131,34.334190368999998,12.013575554000001,12.43927002
3082,H,h*,0.40999999642372131,34.353630066000001,12.064169884,13.953650475
3083,H,h*,0.40999999642372131,33.946868895999998,4.6623349190000001,8.9545259480000006
3084,H,h*,0.40999999642372131,34.161273956000002,4.9566922189999998,7.5044889450000003
3085,H,h*,0.40999999642372131,39.203769684000001,14.086326599,3.060767174
3086,H,h*,0.40999999642372131,39.557189940999997,14.907379150000001,1.8824718
3087,H,h*,0.40999999642372131,33.190139770999998,4.2271823880000001,18.727010727
3088,H,h*,0.40999999642372131,34.222801208,5.2918944359999998,19.070478438999999
3089,H,h*,0.40999999642372131,34.745746613000001,9.5802173610000008,22.009691237999998
3090,H,h*,0.40999999642372131,35.359371185000001,8.2102127080000002,22.177907944000001
3091,H,h*,0.40999999642372131,32.068141937,10.074968338,5.7283253670000001
3092,H,h*,0.40999999642372131,32.376556395999998,9.4531621930000007,4.3947277070000004
3093,H,hoc,0.34999999403953552,31.282667159999999,6.8328251839999998,22.266992568999999
3094,H,hoc,0.34999999403953552,27.254674910999999,4.4671850199999996,16.918989182000001
3095,H,hoc,0.34999999403953552,31.266157150000002,6.8152947429999999,4.6398601529999999
3096,H,hoc,0.34999999403953552,27.293006897000001,4.3919801710000002,20.715040207000001
3097,Ca,ca+e,1.6000000238418579,37.175796509000001,12.264945984000001,18.819103241000001
3098,Ca,ca+e,1.6000000238418579,29.255359649999999,5.900728226,2.421299458
3099,O,oc10,-0.89999997615814209,30.623582840000001,4.9237270359999998,20.314546584999999
3100,O,oc7,-0.89999997615814209,27.962335586999998,6.3260617259999998,22.665941237999998
3101,O,oc5,-0.89999997615814209,30.594158173,4.9018168449999999,17.305372238
3102,O,oc10,-0.89999997615814209,27.933900832999999,6.3849153520000002,4.188868523
3103,O,o*,-0.81999999284744263,32.822902679000002,3.6203932760000002,22.501998901
3104,O,o*,-0.81999999284744263,35.489582061999997,13.196217537000001,20.538789748999999
3105,O,o*,-0.81999999284744263,32.798507690000001,3.718484879,4.4675641060000002
3106,O,o*,-0.81999999284744263,35.299743651999997,1.5797139410000001,17.194374084
3107,O,o*,-0.81999999284744263,30.563152313,13.022429466,13.214537621
3108,O,o*,-0.81999999284744263,37.707725525000001,4.1583065990000003,8.0529832839999997
3109,O,o*,-0.81999999284744263,31.453842163000001,13.509117126,24.649372101000001
3110,O,o*,-0.81999999284744263,37.365829468000001,3.7262723449999999,18.587924956999998
3111,O,oc11,-0.60000002384185791,33.404964446999998,12.315798759,11.014084816
3112,O,oc11,-0.60000002384185791,33.493690491000002,12.255485535,15.371795654
3113,O,oc11,-0.60000002384185791,32.980804442999997,12.594997405999999,21.166484832999998
3114,O,o*,-0.81999999284744263,33.774234772,12.362318039,4.9738936420000002
3115,H,h*,0.40999999642372131,35.433673859000002,14.121614456,20.892089844000001
3116,H,h*,0.40999999642372131,34.560821533000002,12.902906418000001,20.721385955999999
3117,H,h*,0.40999999642372131,33.714637756000002,4.0941882129999998,4.533311844
3118,H,h*,0.40999999642372131,33.029548644999998,2.7774646280000002,4.6528854370000001
3119,H,h*,0.40999999642372131,35.162628173999998,2.5242853159999998,16.950977325
3120,H,h*,0.40999999642372131,34.567687988000003,1.1857212779999999,16.654855728000001
3121,H,h*,0.40999999642372131,30.859184265,12.45328331,13.970795631
3122,H,h*,0.40999999642372131,30.889068603999998,12.470211983,12.458625793
3123,H,h*,0.40999999642372131,37.444534302000001,4.5782403949999999,8.9101161960000006
3124,H,h*,0.40999999642372131,37.04593277,4.6060667039999998,7.4697875979999999
3125,H,h*,0.40999999642372131,32.136253357000001,13.059310912999999,24.078676223999999
3126,H,h*,0.40999999642372131,31.015081406,12.684175491,24.948726654000001
3127,H,h*,0.40999999642372131,38.286045074,4.0675430300000004,18.676839827999999
3128,H,h*,0.40999999642372131,36.857753754000001,4.4410490989999998,19.049650192000001
3129,H,h*,0.40999999642372131,32.849952698000003,2.731876373,22.06394577
3130,H,h*,0.40999999642372131,33.718154906999999,3.9535992150000001,22.235748291
3131,H,h*,0.40999999642372131,33.534179688000002,11.465421677,5.3009548190000002
3132,H,h*,0.40999999642372131,34.205131530999999,12.104768753,4.1243147850000001
3133,H,hoc,0.34999999403953552,27.250593185,6.7731142039999996,22.232242584000002
3134,H,hoc,0.34999999403953552,31.334978104000001,4.4805097580000002,16.891521453999999
3135,H,hoc,0.34999999403953552,27.194017410000001,6.8071055410000003,4.6016683580000004
3136,H,hoc,0.34999999403953552,31.383743286000001,4.5491957660000004,20.737716675000001
3137,Al,ac2,1.2000000476837158,29.219678879,5.625708103,10.749554634000001
3138,Ca,ca+e,1.6000000238418579,37.165058135999999,1.1202325820000001,8.076135635
3139,Ca,ca+e,1.6000000238418579,31.056341171,15.773392677,13.410577774
3140,O,oc10,-0.89999997615814209,30.484786987,4.8264179230000002,9.5580301280000004
3141,O,oc7,-0.89999997615814209,27.970565795999999,6.4281167979999996,11.947429657000001
3142,O,oc7,-0.89999997615814209,30.501838683999999,4.8747787479999998,6.5861525539999999
3143,O,oc8,-0.89999997615814209,27.973205566000001,6.3911628719999998,14.953010559000001
3144,O,o*,-0.81999999284744263,32.715221405000001,3.5253672599999999,11.67269516
3145,O,o*,-0.81999999284744263,35.551013947000001,2.108950138,9.8247680660000007
3146,O,o*,-0.81999999284744263,32.740180969000001,14.768340111000001,15.121850014
3147,O,o*,-0.81999999284744263,35.699687957999998,13.668261528,6.4477910999999999
3148,O,o*,-0.81999999284744263,31.548099518000001,4.5640993119999997,1.9729988570000001
3149,O,o*,-0.81999999284744263,34.816596984999997,10.265006065,18.842725754
3150,O,o*,-0.81999999284744263,33.266311645999998,6.1481680870000002,13.269468307
3151,O,o*,-0.81999999284744263,34.936508179,10.831205368000001,7.9264931680000004
3152,O,oc11,-0.60000002384185791,35.805294037000003,5.6322703360000004,19.778423309000001
3153,O,oc11,-0.60000002384185791,35.737400055000002,5.6168203349999999,6.6139626500000004
3154,O,oc11,-0.60000002384185791,35.785182953000003,5.6237120630000001,12.376851082
3155,O,oc11,-0.60000002384185791,35.292488098,4.3015913960000001,21.750802994000001
3156,O,oc11,-0.60000002384185791,35.350650786999999,4.2781472210000002,4.6244783399999996
3157,O,oc11,-0.60000002384185791,34.817234038999999,4.5831513399999997,10.41631031
3158,O,o*,-0.81999999284744263,35.425239562999998,4.0627593989999999,15.978141785
3159,S,s',0.60000002384185791,35.773235321000001,5.6229157450000002,21.266866684
3160,S,s',0.60000002384185791,35.734775542999998,5.6182794569999999,5.1271958350000002
3161,S,s',0.60000002384185791,35.751873015999998,5.6359024050000004,10.891535759
3162,H,h*,0.40999999642372131,35.332469940000003,3.058153629,10.00568676
3163,H,h*,0.40999999642372131,34.724365233999997,1.6841901539999999,10.170713425000001
3164,H,h*,0.40999999642372131,33.620521545000003,15.039193152999999,15.470216751000001
3165,H,h*,0.40999999642372131,32.864437103,13.785709381,15.187224388000001
3166,H,h*,0.40999999642372131,35.664485931000002,14.503597259999999,5.9161858560000002
3167,H,h*,0.40999999642372131,34.882194519000002,13.242550850000001,6.0956912040000004
3168,H,h*,0.40999999642372131,32.113971710000001,3.851773262,1.660287142
3169,H,h*,0.40999999642372131,31.854793549,4.6106014249999996,2.940550327
3170,H,h*,0.40999999642372131,34.098869323999999,10.586691856,18.24448967
3171,H,h*,0.40999999642372131,34.313274384000003,10.292334557,19.694526671999999
3172,H,h*,0.40999999642372131,34.126502991000002,6.0221080779999996,12.792200089
3173,H,h*,0.40999999642372131,33.015262604,7.0570998190000003,12.987094879000001
3174,H,h*,0.40999999642372131,35.070003509999999,9.8571825030000007,7.9870114330000002
3175,H,h*,0.40999999642372131,34.037345885999997,10.921894073000001,8.3304786679999996
3176,H,h*,0.40999999642372131,33.514396667,3.9502172469999999,11.269692421
3177,H,h*,0.40999999642372131,32.900772095000001,2.580212355,11.437907219
3178,H,h*,0.40999999642372131,36.192001343000001,4.4449687000000004,16.468324661
3179,H,h*,0.40999999642372131,35.883590697999999,3.8231625560000002,15.134727478
3180,Al,ac2,1.2000000476837158,29.283329009999999,5.6366086009999998,16.124525070000001
3181,H,hoc,0.34999999403953552,27.226028442,6.8328251839999998,11.526992798
3182,H,hoc,0.34999999403953552,31.254018783999999,4.467185497,6.1789889340000004
3183,H,hoc,0.34999999403953552,27.242536545,6.8152947429999999,15.379859924
3184,H,hoc,0.34999999403953552,31.215688705000002,4.3919801710000002,9.9750404360000005
3185,Ca,ca+e,1.6000000238418579,31.084348679000001,6.6349458690000001,8.0791025160000007
3186,Ca,ca+e,1.6000000238418579,37.132598877,10.254591941999999,13.453540801999999
3187,O,oc9,-0.89999997615814209,27.885110855000001,4.9237275120000001,9.5745458600000006
3188,O,oc6,-0.89999997615814209,30.546360016000001,6.3260617259999998,11.925941466999999
3189,O,oc6,-0.89999997615814209,27.914535522000001,4.9018173220000003,6.5653729439999999
3190,O,oc9,-0.89999997615814209,30.574792861999999,6.3849153520000002,14.928868294000001
3191,O,o*,-0.81999999284744263,35.437240600999999,9.2503929140000007,11.76199913
3192,O,o*,-0.81999999284744263,32.770561217999997,7.5662174220000002,9.7987899780000003
3193,O,o*,-0.81999999284744263,35.46163559,9.3484849929999996,15.207564354000001
3194,O,o*,-0.81999999284744263,32.960399627999998,7.209713936,6.4543738370000003
3195,O,o*,-0.81999999284744263,36.718021393000001,10.050460814999999,2.0118799209999998
3196,O,o*,-0.81999999284744263,30.552419661999998,9.7883071899999994,18.792982101
3197,O,o*,-0.81999999284744263,37.390327454000001,7.4459438320000002,13.600291252
3198,O,o*,-0.81999999284744263,30.894315720000002,9.3562726969999996,7.8479251860000003
3199,O,oc11,-0.60000002384185791,34.855178832999997,6.6857986450000002,21.754085540999998
3200,O,oc11,-0.60000002384185791,34.766452788999999,6.6254854200000004,4.6317958829999997
3201,O,oc11,-0.60000002384185791,35.279338836999997,6.9649972919999996,10.426484108
3202,O,o*,-0.81999999284744263,34.485908508000001,6.7323174479999999,15.71389389
3203,H,h*,0.40999999642372131,33.699321746999999,7.2729063030000001,9.9813871380000005
3204,H,h*,0.40999999642372131,32.826469420999999,8.4916143420000001,10.152090073
3205,H,h*,0.40999999642372131,35.230598450000002,8.4074649810000004,15.392885207999999
3206,H,h*,0.40999999642372131,34.545505523999999,9.7241878509999999,15.273311615000001
3207,H,h*,0.40999999642372131,33.097515106000003,8.1542854309999999,6.2109780309999998
3208,H,h*,0.40999999642372131,33.692455291999998,6.8157215119999996,5.9148554799999999
3209,H,h*,0.40999999642372131,36.616168975999997,10.389842987,2.9428939820000002
3210,H,h*,0.40999999642372131,36.630584716999998,9.1045589450000008,2.2237093450000001
3211,H,h*,0.40999999642372131,31.214212417999999,10.236066817999999,18.209787369000001
3212,H,h*,0.40999999642372131,30.815608978,10.208240508999999,19.650115967000001
3213,H,h*,0.40999999642372131,36.861038207999997,6.7890563009999996,13.0776968
3214,H,h*,0.40999999642372131,38.303733825999998,7.2355165479999997,13.298969269000001
3215,H,h*,0.40999999642372131,29.974098206000001,9.6975431440000008,7.9368410110000003
3216,H,h*,0.40999999642372131,31.402391433999998,10.071048737,8.3096504210000006
3217,H,h*,0.40999999642372131,34.541988373000002,9.583599091,11.495748519999999
3218,H,h*,0.40999999642372131,35.410194396999998,8.3618764880000001,11.323945045
3219,H,h*,0.40999999642372131,34.055011749000002,6.4747681620000002,14.864315033
3220,H,h*,0.40999999642372131,34.725963593000003,5.8354210850000001,16.040954589999998
3221,H,hoc,0.34999999403953552,31.258102417,6.7731142039999996,11.492242813000001
3222,H,hoc,0.34999999403953552,27.173717498999999,4.4805097580000002,6.151521206
3223,H,hoc,0.34999999403953552,31.314678191999999,6.8071055410000003,15.341668129
3224,H,hoc,0.34999999403953552,27.124950409,4.5491962429999999,9.9977159499999999
3225,Ca,ca+e,1.6000000238418579,38.879814148000001,9.159270287,8.0761470790000001
3226,Ca,ca+e,1.6000000238418579,29.307712554999998,7.7648153310000003,13.435071945000001
3227,O,oc8,-0.89999997615814209,29.270397186,7.1278815270000004,9.5674867629999998
3228,O,oc5,-0.89999997615814209,29.165235518999999,4.1307640079999999,11.936125755000001
3229,O,oc5,-0.89999997615814209,29.228931426999999,7.129849911,6.5769176480000002
3230,O,oc10,-0.89999997615814209,29.265573501999999,4.1353797910000001,14.940231323000001
3231,O,o*,-0.81999999284744263,29.264514923,9.7079286580000002,11.709644318
3232,O,o*,-0.81999999284744263,38.945579529,7.2134232520000001,9.769458771
3233,O,o*,-0.81999999284744263,29.331153870000001,9.7188491819999996,15.167505264000001
3234,O,o*,-0.81999999284744263,28.651834487999999,12.902719498,6.4513087269999998
3235,O,o*,-0.81999999284744263,36.648422240999999,3.8852787019999999,24.057365417
3236,O,o*,-0.81999999284744263,32.281574249000002,13.700573921,18.836357116999999
3237,O,o*,-0.81999999284744263,36.501415252999998,3.2550947670000001,13.486528397000001
3238,O,o*,-0.81999999284744263,31.662910460999999,13.518385887000001,7.7195644379999999
3239,O,oc11,-0.60000002384185791,37.140316009999999,5.8737483020000001,21.795822143999999
3240,O,oc11,-0.60000002384185791,37.086894989000001,5.9564695360000002,4.6233205799999997
3241,O,oc11,-0.60000002384185791,37.116828918000003,5.374361038,10.365646362
3242,O,o*,-0.81999999284744263,37.319366455000001,6.1490392680000001,16.186504364000001
3243,H,h*,0.40999999642372131,38.218311309999997,6.5662274360000001,9.9573926929999992
3244,H,h*,0.40999999642372131,39.707015990999999,6.7118101120000002,10.15967083
3245,H,h*,0.40999999642372131,28.672315598000001,10.363066673000001,15.513804435999999
3246,H,h*,0.40999999642372131,30.133563994999999,10.301225662,15.217470169
3247,H,h*,0.40999999642372131,27.926309585999999,12.490949630999999,5.9166173930000001
3248,H,h*,0.40999999642372131,29.359989165999998,12.256695747,6.2285385130000002
3249,H,h*,0.40999999642372131,36.578598022000001,4.5466275219999996,23.338693619000001
3250,H,h*,0.40999999642372131,35.693813323999997,3.6525118349999999,24.039863585999999
3251,H,h*,0.40999999642372131,32.343315124999997,12.904298782,18.254085540999998
3252,H,h*,0.40999999642372131,32.493339538999997,13.263606071,19.698690414000001
3253,H,h*,0.40999999642372131,35.866546630999999,2.573368549,13.167042732000001
3254,H,h*,0.40999999642372131,36.214462279999999,4.0495128630000004,12.965379714999999
3255,H,h*,0.40999999642372131,32.006832123000002,12.767160415999999,8.2698202129999991
3256,H,h*,0.40999999642372131,32.377548218000001,14.183916092,7.8626589779999998
3257,H,h*,0.40999999642372131,28.513540268,10.19166851,11.280682563999999
3258,H,h*,0.40999999642372131,30.004295349,10.326663971,11.479640960999999
3259,H,h*,0.40999999642372131,36.881866455000001,6.7409272189999996,16.846147537
3260,H,h*,0.40999999642372131,37.138916016000003,6.6599440569999997,15.359796524
3261,H,hoc,0.34999999403953552,29.179508209000002,3.284628868,11.512286186000001
3262,H,hoc,0.34999999403953552,29.211637497000002,7.9845337870000002,6.168580532
3263,H,hoc,0.34999999403953552,29.263090133999999,3.2874727250000002,15.361228943
3264,H,hoc,0.34999999403953552,29.278890610000001,7.9755911829999997,9.9896421429999993
3265,Ca,ca+e,1.6000000238418579,21.343637466000001,23.640232086000001,18.816135406000001
3266,Ca,ca+e,1.6000000238418579,27.506792067999999,26.755371094000001,23.917974472000001
3267,O,oc9,-0.89999997615814209,18.27245903,21.716417313000001,20.298030853
3268,O,oc6,-0.89999997615814209,20.786678314,23.318117141999998,22.687429428000002
3269,O,oc6,-0.89999997615814209,18.255405425999999,21.764778137,17.326152801999999
3270,O,oc9,-0.89999997615814209,20.784038544000001,23.281162261999999,4.2130103109999997
3271,O,o*,-0.81999999284744263,25.79347229,26.045368194999998,22.412694931000001
3272,O,o*,-0.81999999284744263,22.957679749,24.628950118999999,20.564767838000002
3273,O,o*,-0.81999999284744263,25.768512726000001,26.028341293,4.3818497660000002
3274,O,o*,-0.81999999284744263,22.809007645000001,24.928262710999999,17.187791824000001
3275,O,o*,-0.81999999284744263,25.231426239000001,28.913547516000001,13.188404083
3276,O,o*,-0.81999999284744263,23.692098617999999,21.525005341,8.1027259829999991
3277,O,o*,-0.81999999284744263,25.025489807,27.988662720000001,24.473503113
3278,O,o*,-0.81999999284744263,23.572185516000001,22.091205596999998,18.666492462000001
3279,O,oc11,-0.60000002384185791,23.21620369,26.821592331000002,11.010802268999999
3280,O,oc11,-0.60000002384185791,23.158042907999999,26.798147201999999,15.364478111
3281,O,oc11,-0.60000002384185791,23.691459655999999,27.103151320999999,21.156311035000002
3282,O,o*,-0.81999999284744263,23.083454132,26.582759856999999,5.2381410600000002
3283,H,h*,0.40999999642372131,23.176223754999999,25.578153610000001,20.745685577
3284,H,h*,0.40999999642372131,23.784328461000001,24.204189301,20.910713196
3285,H,h*,0.40999999642372131,25.644256592000001,25.045709609999999,4.4472246169999998
3286,H,h*,0.40999999642372131,24.888172149999999,26.299194335999999,4.7302169799999998
3287,H,h*,0.40999999642372131,23.626499175999999,24.502550124999999,16.835691451999999
3288,H,h*,0.40999999642372131,22.844207764,25.763597487999998,16.656185149999999
3289,H,h*,0.40999999642372131,24.582742691,28.903575897,12.43927002
3290,H,h*,0.40999999642372131,24.602180481000001,28.954170226999999,13.953650475
3291,H,h*,0.40999999642372131,24.195419311999999,21.552335739,8.9545259480000006
3292,H,h*,0.40999999642372131,24.409824370999999,21.846693039000002,7.5044889450000003
3293,H,h*,0.40999999642372131,24.419168471999999,28.663211823000001,24.049327850000001
3294,H,h*,0.40999999642372131,24.400964736999999,27.269681931000001,24.326454163000001
3295,H,h*,0.40999999642372131,23.438690185999999,21.117181777999999,18.727010727
3296,H,h*,0.40999999642372131,24.471349715999999,22.181894302,19.070478438999999
3297,H,h*,0.40999999642372131,24.994297027999998,26.470216750999999,22.009691237999998
3298,H,h*,0.40999999642372131,25.607921600000001,25.100212097,22.177907944000001
3299,H,h*,0.40999999642372131,22.316692352,26.964969634999999,5.7283248899999997
3300,H,h*,0.40999999642372131,22.625104904000001,26.343162537000001,4.3947277070000004
3301,H,hoc,0.34999999403953552,21.531215668000002,23.722824097,22.266992568999999
3302,H,hoc,0.34999999403953552,17.503225326999999,21.357185363999999,16.918989182000001
3303,H,hoc,0.34999999403953552,21.514707564999998,23.705295563,4.6398601529999999
3304,H,hoc,0.34999999403953552,17.541557311999998,21.281980515000001,20.715040207000001
3305,Ca,ca+e,1.6000000238418579,27.424346924000002,29.154945374,18.819103241000001
3306,Ca,ca+e,1.6000000238418579,21.614143372000001,21.666898727,23.958093643000002
3307,O,oc10,-0.89999997615814209,20.872133255000001,21.813726424999999,20.314546584999999
3308,O,oc7,-0.89999997615814209,18.210886001999999,23.216062546,22.665941237999998
3309,O,oc5,-0.89999997615814209,20.842708588000001,21.791816710999999,17.305372238
3310,O,oc10,-0.89999997615814209,18.182451248,23.274915695000001,4.188868523
3311,O,o*,-0.81999999284744263,23.071453093999999,20.510393143000002,22.501998901
3312,O,o*,-0.81999999284744263,25.738132477000001,30.08621788,20.538789748999999
3313,O,o*,-0.81999999284744263,23.047058105000001,20.608484268000002,4.4675641060000002
3314,O,o*,-0.81999999284744263,25.548294067,18.469713210999998,17.194374084
3315,O,o*,-0.81999999284744263,20.811702728,29.912429809999999,13.214537621
3316,O,o*,-0.81999999284744263,27.956275940000001,21.048307419,8.0529832839999997
3317,O,o*,-0.81999999284744263,21.020868301,29.959346771,24.361858368
3318,O,o*,-0.81999999284744263,27.614377975,20.616271973,18.587924956999998
3319,O,oc11,-0.60000002384185791,23.653514862000002,29.205799103,11.014084816
3320,O,oc11,-0.60000002384185791,23.742240905999999,29.145484924000002,15.371795654
3321,O,oc11,-0.60000002384185791,23.229354858000001,29.484996796000001,21.166484832999998
3322,O,o*,-0.81999999284744263,24.022785187,29.252317429000001,4.9738936420000002
3323,H,h*,0.40999999642372131,25.682224273999999,31.011613845999999,20.892089844000001
3324,H,h*,0.40999999642372131,24.809373856000001,29.792905807,20.721385955999999
3325,H,h*,0.40999999642372131,23.963188170999999,20.984188079999999,4.533311844
3326,H,h*,0.40999999642372131,23.278097153000001,19.66746521,4.6528854370000001
3327,H,h*,0.40999999642372131,25.411178588999999,19.414285660000001,16.950977325
3328,H,h*,0.40999999642372131,24.816238403,18.075721740999999,16.654855728000001
3329,H,h*,0.40999999642372131,21.107732772999999,29.343284607000001,13.970795631
3330,H,h*,0.40999999642372131,21.137619018999999,29.360212325999999,12.458625793
3331,H,h*,0.40999999642372131,27.693084717000001,21.468240737999999,8.9101161960000006
3332,H,h*,0.40999999642372131,27.294481276999999,21.496067047,7.4697875979999999
3333,H,h*,0.40999999642372131,21.631395340000001,29.294752120999998,23.910593033000001
3334,H,h*,0.40999999642372131,20.18312645,29.760065079,23.879316330000002
3335,H,h*,0.40999999642372131,28.534597396999999,20.957542418999999,18.676839827999999
3336,H,h*,0.40999999642372131,27.106304169000001,21.331048965000001,19.049650192000001
3337,H,h*,0.40999999642372131,23.098501205000002,19.621875762999998,22.06394577
3338,H,h*,0.40999999642372131,23.966705321999999,20.843599318999999,22.235748291
3339,H,h*,0.40999999642372131,23.782730102999999,28.355421066000002,5.3009548190000002
3340,H,h*,0.40999999642372131,24.453683853000001,28.994768143000002,4.1243147850000001
3341,H,hoc,0.34999999403953552,17.499141692999999,23.663114547999999,22.232242584000002
3342,H,hoc,0.34999999403953552,21.583528519000001,21.370510101000001,16.891521453999999
3343,H,hoc,0.34999999403953552,17.442567825000001,23.697105407999999,4.6016683580000004
3344,H,hoc,0.34999999403953552,21.632293700999998,21.439195633000001,20.737716675000001
3345,Al,ac2,1.2000000476837158,19.468229294,22.515708922999998,10.749554634000001
3346,Ca,ca+e,1.6000000238418579,27.413606644000001,18.010232925,8.076135635
3347,Ca,ca+e,1.6000000238418579,21.304891586,32.663391113000003,13.410577774
3348,O,oc10,-0.89999997615814209,20.733335494999999,21.716417313000001,9.5580301280000004
3349,O,oc7,-0.89999997615814209,18.219116210999999,23.318117141999998,11.947429657000001
3350,O,oc7,-0.89999997615814209,20.750389099,21.764778137,6.5861525539999999
3351,O,oc8,-0.89999997615814209,18.221755981000001,23.281162261999999,14.953010559000001
3352,O,o*,-0.81999999284744263,22.963771820000002,20.415367126,11.67269516
3353,O,o*,-0.81999999284744263,25.799564362000002,18.998950958000002,9.8247680660000007
3354,O,o*,-0.81999999284744263,22.988731384000001,31.658340454000001,15.121850014
3355,O,o*,-0.81999999284744263,25.948236465000001,30.558261870999999,6.4477910999999999
3356,O,o*,-0.81999999284744263,23.523723602,23.485143660999999,23.859464644999999
3357,O,o*,-0.81999999284744263,25.065145492999999,27.155006408999999,18.842725754
3358,O,o*,-0.81999999284744263,23.514862060999999,23.038167952999999,13.269468307
3359,O,o*,-0.81999999284744263,25.185058594000001,27.721204757999999,7.9264931680000004
3360,O,oc11,-0.60000002384185791,26.053844452,22.522270203000001,19.778423309000001
3361,O,oc11,-0.60000002384185791,25.985950469999999,22.506820679,6.6139626500000004
3362,O,oc11,-0.60000002384185791,26.033735275000002,22.513711928999999,12.376851082
3363,O,oc11,-0.60000002384185791,25.541040421000002,21.191591262999999,21.750802994000001
3364,O,oc11,-0.60000002384185791,25.599201202,21.168148040999998,4.6244783399999996
3365,O,oc11,-0.60000002384185791,25.065784453999999,21.473152161000002,10.41631031
3366,O,o*,-0.81999999284744263,25.673791885,20.952758789000001,15.978141785
3367,S,s',0.60000002384185791,26.021783829,22.512916565000001,21.266866684
3368,S,s',0.60000002384185791,25.983325958000002,22.5082798,5.1271958350000002
3369,S,s',0.60000002384185791,26.000423431000002,22.525901793999999,10.891535759
3370,H,h*,0.40999999642372131,25.581020355,19.948154449,10.00568676
3371,H,h*,0.40999999642372131,24.972917556999999,18.574190139999999,10.170713425000001
3372,H,h*,0.40999999642372131,23.869073868000001,31.929193497,15.470216751000001
3373,H,h*,0.40999999642372131,23.112989425999999,30.675708771,15.187224388000001
3374,H,h*,0.40999999642372131,25.913038254,31.393596648999999,5.9161858560000002
3375,H,h*,0.40999999642372131,25.130744933999999,30.132551193000001,6.0956912040000004
3376,H,h*,0.40999999642372131,24.322290421000002,23.243656158,23.304851532000001
3377,H,h*,0.40999999642372131,23.529834746999999,24.434150696,23.607591629000002
3378,H,h*,0.40999999642372131,24.347419738999999,27.476692199999999,18.24448967
3379,H,h*,0.40999999642372131,24.561824799,27.182334900000001,19.694526671999999
3380,H,h*,0.40999999642372131,24.375053405999999,22.912107467999999,12.792200089
3381,H,h*,0.40999999642372131,23.263811110999999,23.947099686000001,12.987094879000001
3382,H,h*,0.40999999642372131,25.318553925,26.747182846000001,7.9870114330000002
3383,H,h*,0.40999999642372131,24.285894394,27.811895369999998,8.3304786679999996
3384,H,h*,0.40999999642372131,23.762947083,20.840217590000002,11.269692421
3385,H,h*,0.40999999642372131,23.149322510000001,19.470212935999999,11.437907219
3386,H,h*,0.40999999642372131,26.440551758000002,21.334968567000001,16.468326568999998
3387,H,h*,0.40999999642372131,26.132139206000002,20.713163376000001,15.134727478
3388,Al,ac2,1.2000000476837158,19.531879425,22.526609421,16.124525070000001
3389,H,hoc,0.34999999403953552,17.474578857000001,23.722826004000002,11.526992798
3390,H,hoc,0.34999999403953552,21.502569199,21.357185363999999,6.1789889340000004
3391,H,hoc,0.34999999403953552,17.491086960000001,23.705295563,15.379859924
3392,H,hoc,0.34999999403953552,21.464237213000001,21.281980515000001,9.9750404360000005
3393,Ca,ca+e,1.6000000238418579,21.332899093999998,23.524946213,8.0791025160000007
3394,Ca,ca+e,1.6000000238418579,27.381149292,27.144592285000002,13.453540801999999
3395,O,oc9,-0.89999997615814209,18.133661270000001,21.813726424999999,9.5745458600000006
3396,O,oc6,-0.89999997615814209,20.794908524,23.216062546,11.925941466999999
3397,O,oc6,-0.89999997615814209,18.163085937999998,21.791816710999999,6.5653729439999999
3398,O,oc9,-0.89999997615814209,20.823343276999999,23.274915695000001,14.928868294000001
3399,O,o*,-0.81999999284744263,25.685791016,26.140394211,11.76199913
3400,O,o*,-0.81999999284744263,23.019111633000001,24.456216812000001,9.7987899780000003
3401,O,o*,-0.81999999284744263,25.710186005000001,26.238485336,15.207564354000001
3402,O,o*,-0.81999999284744263,23.208950043000002,24.099714279000001,6.4543738370000003
3403,O,o*,-0.81999999284744263,28.066379547,24.170146941999999,24.040948868000001
3404,O,o*,-0.81999999284744263,20.800970077999999,26.678306580000001,18.792982101
3405,O,o*,-0.81999999284744263,27.638875961,24.335943222000001,13.600291252
3406,O,o*,-0.81999999284744263,21.142866134999998,26.246273040999998,7.8479251860000003
3407,O,oc11,-0.60000002384185791,25.103731154999998,23.575798034999998,21.754085540999998
3408,O,oc11,-0.60000002384185791,25.015003203999999,23.515485764000001,4.6317958829999997
3409,O,oc11,-0.60000002384185791,25.527891158999999,23.854997635,10.426484108
3410,O,o*,-0.81999999284744263,24.734460831,23.622318268000001,15.71389389
3411,H,h*,0.40999999642372131,23.947872161999999,24.162906647,9.9813871380000005
3412,H,h*,0.40999999642372131,23.075019835999999,25.381614684999999,10.152090073
3413,H,h*,0.40999999642372131,25.479146957000001,25.297464371,15.392885207999999
3414,H,h*,0.40999999642372131,24.794055939,26.614187241,15.273311615000001
3415,H,h*,0.40999999642372131,23.346065521,25.044284821000002,6.2109775540000003
3416,H,h*,0.40999999642372131,23.941007614,23.705720900999999,5.9148554799999999
3417,H,h*,0.40999999642372131,27.881645203000001,23.723546981999998,23.147640228
3418,H,h*,0.40999999642372131,28.820997238,23.565240859999999,24.285408019999998
3419,H,h*,0.40999999642372131,21.462762832999999,27.126066208000001,18.209787369000001
3420,H,h*,0.40999999642372131,21.064159393000001,27.098239898999999,19.650115967000001
3421,H,h*,0.40999999642372131,27.109588623,23.679056167999999,13.0776968
3422,H,h*,0.40999999642372131,28.552282333000001,24.125516891,13.298969269000001
3423,H,h*,0.40999999642372131,20.222646713,26.587543488000001,7.9368410110000003
3424,H,h*,0.40999999642372131,21.650939941000001,26.961048126000001,8.3096504210000006
3425,H,h*,0.40999999642372131,24.790538787999999,26.47359848,11.495748519999999
3426,H,h*,0.40999999642372131,25.658742905,25.251876831000001,11.323945045
3427,H,h*,0.40999999642372131,24.303562163999999,23.364768982000001,14.864315033
3428,H,h*,0.40999999642372131,24.974515915000001,22.725421906000001,16.040954589999998
3429,H,hoc,0.34999999403953552,21.506652832,23.663114547999999,11.492242813000001
3430,H,hoc,0.34999999403953552,17.422266006000001,21.370510101000001,6.151521206
3431,H,hoc,0.34999999403953552,21.563226700000001,23.697105407999999,15.341668129
3432,H,hoc,0.34999999403953552,17.373500824000001,21.439195633000001,9.9977159499999999
3433,Ca,ca+e,1.6000000238418579,29.128362656,26.049270629999999,8.0761470790000001
3434,Ca,ca+e,1.6000000238418579,19.556262969999999,24.654815674000002,13.435070992
3435,O,oc8,-0.89999997615814209,19.518947601000001,24.017881393,9.5674867629999998
3436,O,oc5,-0.89999997615814209,19.413785934,21.020763397,11.936125755000001
3437,O,oc5,-0.89999997615814209,19.477481842,24.019849777000001,6.5769176480000002
3438,O,oc10,-0.89999997615814209,19.514123916999999,21.025379181000002,14.940231323000001
3439,O,o*,-0.81999999284744263,19.513065338000001,26.597929001000001,11.709644318
3440,O,o*,-0.81999999284744263,29.194131851000002,24.103422165000001,9.769458771
3441,O,o*,-0.81999999284744263,19.579704284999998,26.608848571999999,15.167505264000001
3442,O,o*,-0.81999999284744263,18.900384902999999,29.792718886999999,6.4513087269999998
3443,O,o*,-0.81999999284744263,28.860666275,19.276605606,2.2709112170000001
3444,O,o*,-0.81999999284744263,22.530122757000001,30.590574265000001,18.836357116999999
3445,O,o*,-0.81999999284744263,26.749965668000002,20.145093918000001,13.486528397000001
3446,O,o*,-0.81999999284744263,21.911460876,30.408386230000001,7.7195644379999999
3447,O,oc11,-0.60000002384185791,27.388868332000001,22.763748168999999,21.795822143999999
3448,O,oc11,-0.60000002384185791,27.335447310999999,22.846469879000001,4.6233205799999997
3449,O,oc11,-0.60000002384185791,27.365379333,22.264360428,10.365646362
3450,O,o*,-0.81999999284744263,27.567918776999999,23.039039612,16.186504364000001
3451,H,h*,0.40999999642372131,28.466861725000001,23.456228255999999,9.9573926929999992
3452,H,h*,0.40999999642372131,29.955566405999999,23.601810454999999,10.15967083
3453,H,h*,0.40999999642372131,18.920866013000001,27.253067016999999,15.513804435999999
3454,H,h*,0.40999999642372131,20.38211441,27.191225052,15.217470169
3455,H,h*,0.40999999642372131,18.174860000999999,29.380949019999999,5.9166173930000001
3456,H,h*,0.40999999642372131,19.608539580999999,29.146696090999999,6.2285385130000002
3457,H,h*,0.40999999642372131,28.724431992,19.066692352,3.232386827
3458,H,h*,0.40999999642372131,28.866950988999999,20.240161896,2.3846561909999999
3459,H,h*,0.40999999642372131,22.591863631999999,29.794298172000001,18.254085540999998
3460,H,h*,0.40999999642372131,22.741889954000001,30.153606414999999,19.698690414000001
3461,H,h*,0.40999999642372131,26.115097045999999,19.463369369999999,13.167042732000001
3462,H,h*,0.40999999642372131,26.463014603000001,20.939512253,12.965379714999999
3463,H,h*,0.40999999642372131,22.255382537999999,29.657159804999999,8.2698202129999991
3464,H,h*,0.40999999642372131,22.626100539999999,31.073915482,7.8626589779999998
3465,H,h*,0.40999999642372131,18.762090683,27.081668854,11.280682563999999
3466,H,h*,0.40999999642372131,20.252843856999998,27.216663360999998,11.479640960999999
3467,H,h*,0.40999999642372131,27.130416870000001,23.630928040000001,16.846147537
3468,H,h*,0.40999999642372131,27.387466431,23.549943924000001,15.359796524
3469,H,hoc,0.34999999403953552,19.428058623999998,20.174629210999999,11.512286186000001
3470,H,hoc,0.34999999403953552,19.460187911999999,24.874534607000001,6.168580532
3471,H,hoc,0.34999999403953552,19.511638641000001,20.177473068000001,15.361228943
3472,H,hoc,0.34999999403953552,19.527441025000002,24.865591048999999,9.9896421429999993
3473,Ca,ca+e,1.6000000238418579,31.095087051,18.010232925,18.816135406000001
3474,Ca,ca+e,1.6000000238418579,37.245399474999999,21.155242919999999,23.939325332999999
3475,O,oc9,-0.89999997615814209,28.023908615,16.086418152,20.298030853
3476,O,oc6,-0.89999997615814209,30.538127898999999,17.688116074,22.687429428000002
3477,O,oc6,-0.89999997615814209,28.006855010999999,16.134778976,17.326152801999999
3478,O,oc9,-0.89999997615814209,30.535488129000001,17.651163101000002,4.2130103109999997
3479,O,o*,-0.81999999284744263,35.544921875,20.415367126,22.412694931000001
3480,O,o*,-0.81999999284744263,32.709129333,18.998950958000002,20.564767838000002
3481,O,o*,-0.81999999284744263,35.519962311,20.398340224999998,4.3818497660000002
3482,O,o*,-0.81999999284744263,32.560459137000002,19.298261642,17.187791824000001
3483,O,o*,-0.81999999284744263,34.982875823999997,23.283546447999999,13.188404083
3484,O,o*,-0.81999999284744263,33.443550109999997,15.895006179999999,8.1027259829999991
3485,O,o*,-0.81999999284744263,34.959793091000002,22.699394225999999,24.189039229999999
3486,O,o*,-0.81999999284744263,33.323635101000001,16.461204529,18.666492462000001
3487,O,oc11,-0.60000002384185791,32.967655182000001,21.191591262999999,11.010802268999999
3488,O,oc11,-0.60000002384185791,32.909492493000002,21.168148040999998,15.364478111
3489,O,oc11,-0.60000002384185791,33.442909241000002,21.473152161000002,21.156311035000002
3490,O,o*,-0.81999999284744263,32.834903717000003,20.952758789000001,5.2381410600000002
3491,H,h*,0.40999999642372131,32.927673339999998,19.948154449,20.745685577
3492,H,h*,0.40999999642372131,33.535778045999997,18.574190139999999,20.910713196
3493,H,h*,0.40999999642372131,35.395706177000001,19.415708542000001,4.4472246169999998
3494,H,h*,0.40999999642372131,34.639621734999999,20.669193268000001,4.7302169799999998
3495,H,h*,0.40999999642372131,33.377948760999999,18.872550963999998,16.835691451999999
3496,H,h*,0.40999999642372131,32.595657349,20.13359642,16.656185149999999
3497,H,h*,0.40999999642372131,34.334190368999998,23.273576735999999,12.43927002
3498,H,h*,0.40999999642372131,34.353630066000001,23.324171066000002,13.953650475
3499,H,h*,0.40999999642372131,33.946868895999998,15.922334671,8.9545259480000006
3500,H,h*,0.40999999642372131,34.161273956000002,16.216691970999999,7.5044889450000003
3501,H,h*,0.40999999642372131,34.941623688,23.409975052,23.516933440999999
3502,H,h*,0.40999999642372131,34.039772034000002,22.350406647,23.954011916999999
3503,H,h*,0.40999999642372131,33.190139770999998,15.487182617,18.727010727
3504,H,h*,0.40999999642372131,34.222801208,16.551895141999999,19.070478438999999
3505,H,h*,0.40999999642372131,34.745746613000001,20.840217590000002,22.009691237999998
3506,H,h*,0.40999999642372131,35.359371185000001,19.470212935999999,22.177907944000001
3507,H,h*,0.40999999642372131,32.068141937,21.334968567000001,5.7283253670000001
3508,H,h*,0.40999999642372131,32.376556395999998,20.713163376000001,4.3947277070000004
3509,H,hoc,0.34999999403953552,31.282667159999999,18.092824936,22.266992568999999
3510,H,hoc,0.34999999403953552,27.254674910999999,15.727185249,16.918989182000001
3511,H,hoc,0.34999999403953552,31.266157150000002,18.075294495000001,4.6398601529999999
3512,H,hoc,0.34999999403953552,27.293006897000001,15.651980399999999,20.715040207000001
3513,Ca,ca+e,1.6000000238418579,37.175796509000001,23.524946213,18.819103241000001
3514,Ca,ca+e,1.6000000238418579,31.390844345000001,16.064720154,23.957885741999998
3515,O,oc10,-0.89999997615814209,30.623582840000001,16.183727264000002,20.314546584999999
3516,O,oc7,-0.89999997615814209,27.962335586999998,17.586061478000001,22.665941237999998
3517,O,oc5,-0.89999997615814209,30.594158173,16.161817550999999,17.305372238
3518,O,oc10,-0.89999997615814209,27.933900832999999,17.644914626999999,4.188868523
3519,O,o*,-0.81999999284744263,32.822902679000002,14.880393028,22.501998901
3520,O,o*,-0.81999999284744263,35.489582061999997,24.456216812000001,20.538789748999999
3521,O,o*,-0.81999999284744263,32.798507690000001,14.978485106999999,4.4675641060000002
3522,O,o*,-0.81999999284744263,35.299743651999997,12.83971405,17.194374084
3523,O,o*,-0.81999999284744263,30.563152313,24.282428741,13.214537621
3524,O,o*,-0.81999999284744263,37.707725525000001,15.418306351,8.0529832839999997
3525,O,o*,-0.81999999284744263,27.767623901,24.947244644000001,2.2053215499999999
3526,O,o*,-0.81999999284744263,37.365829468000001,14.986271858,18.587924956999998
3527,O,oc11,-0.60000002384185791,33.404964446999998,23.575798034999998,11.014084816
3528,O,oc11,-0.60000002384185791,33.493690491000002,23.515485764000001,15.371795654
3529,O,oc11,-0.60000002384185791,32.980804442999997,23.854997635,21.166484832999998
3530,O,o*,-0.81999999284744263,33.774234772,23.622318268000001,4.9738936420000002
3531,H,h*,0.40999999642372131,35.433673859000002,25.381614684999999,20.892089844000001
3532,H,h*,0.40999999642372131,34.560821533000002,24.162906647,20.721385955999999
3533,H,h*,0.40999999642372131,33.714637756000002,15.354187964999999,4.533311844
3534,H,h*,0.40999999642372131,33.029548644999998,14.037464141999999,4.6528854370000001
3535,H,h*,0.40999999642372131,35.162628173999998,13.784285544999999,16.950977325
3536,H,h*,0.40999999642372131,34.567687988000003,12.445721625999999,16.654855728000001
3537,H,h*,0.40999999642372131,30.859184265,23.713283538999999,13.970795631
3538,H,h*,0.40999999642372131,30.889068603999998,23.730211258000001,12.458625793
3539,H,h*,0.40999999642372131,37.444534302000001,15.838240623000001,8.9101161960000006
3540,H,h*,0.40999999642372131,37.04593277,15.866066933000001,7.4697875979999999
3541,H,h*,0.40999999642372131,27.524265288999999,24.069566727000002,2.5492408279999998
3542,H,h*,0.40999999642372131,27.503684998000001,25.518005371000001,2.9352259639999998
3543,H,h*,0.40999999642372131,38.286045074,15.327543259,18.676839827999999
3544,H,h*,0.40999999642372131,36.857753754000001,15.701048850999999,19.049650192000001
3545,H,h*,0.40999999642372131,32.849952698000003,13.991876602,22.06394577
3546,H,h*,0.40999999642372131,33.718154906999999,15.213599205,22.235748291
3547,H,h*,0.40999999642372131,33.534179688000002,22.725421906000001,5.3009548190000002
3548,H,h*,0.40999999642372131,34.205131530999999,23.364768982000001,4.1243147850000001
3549,H,hoc,0.34999999403953552,27.250593185,18.033113480000001,22.232242584000002
3550,H,hoc,0.34999999403953552,31.334978104000001,15.740509986999999,16.891521453999999
3551,H,hoc,0.34999999403953552,27.194017410000001,18.067106247000002,4.6016683580000004
3552,H,hoc,0.34999999403953552,31.383743286000001,15.809195517999999,20.737716675000001
3553,Al,ac2,1.2000000476837158,29.219678879,16.885707855,10.749554634000001
3554,Ca,ca+e,1.6000000238418579,37.165058135999999,12.380232811000001,8.076135635
3555,Ca,ca+e,1.6000000238418579,31.056341171,27.033391952999999,13.410577774
3556,O,oc10,-0.89999997615814209,30.484786987,16.086418152,9.5580301280000004
3557,O,oc7,-0.89999997615814209,27.970565795999999,17.688116074,11.947429657000001
3558,O,oc7,-0.89999997615814209,30.501838683999999,16.134778976,6.5861525539999999
3559,O,oc8,-0.89999997615814209,27.973205566000001,17.651163101000002,14.953010559000001
3560,O,o*,-0.81999999284744263,32.715221405000001,14.785367012,11.67269516
3561,O,o*,-0.81999999284744263,35.551013947000001,13.36894989,9.8247680660000007
3562,O,o*,-0.81999999284744263,32.740180969000001,26.028341293,15.121850014
3563,O,o*,-0.81999999284744263,35.699687957999998,24.928262710999999,6.4477910999999999
3564,O,o*,-0.81999999284744263,33.293163300000003,17.834772109999999,23.929668426999999
3565,O,o*,-0.81999999284744263,34.816596984999997,21.525005341,18.842725754
3566,O,o*,-0.81999999284744263,33.266311645999998,17.408168793000002,13.269468307
3567,O,o*,-0.81999999284744263,34.936508179,22.091205596999998,7.9264931680000004
3568,O,oc11,-0.60000002384185791,35.805294037000003,16.892271042000001,19.778423309000001
3569,O,oc11,-0.60000002384185791,35.737400055000002,16.876819610999998,6.6139626500000004
3570,O,oc11,-0.60000002384185791,35.785182953000003,16.883712768999999,12.376851082
3571,O,oc11,-0.60000002384185791,35.292488098,15.561591148,21.750802994000001
3572,O,oc11,-0.60000002384185791,35.350650786999999,15.538147926000001,4.6244783399999996
3573,O,oc11,-0.60000002384185791,34.817234038999999,15.843151092999999,10.41631031
3574,O,o*,-0.81999999284744263,35.425239562999998,15.322759628,15.978141785
3575,S,s',0.60000002384185791,35.773235321000001,16.882915496999999,21.266866684
3576,S,s',0.60000002384185791,35.734775542999998,16.878278731999998,5.1271958350000002
3577,S,s',0.60000002384185791,35.751873015999998,16.895902633999999,10.891535759
3578,H,h*,0.40999999642372131,35.332469940000003,14.318153381,10.00568676
3579,H,h*,0.40999999642372131,34.724365233999997,12.944190024999999,10.170713425000001
3580,H,h*,0.40999999642372131,33.620521545000003,26.299194335999999,15.470216751000001
3581,H,h*,0.40999999642372131,32.864437103,25.045709609999999,15.187224388000001
3582,H,h*,0.40999999642372131,35.664485931000002,25.763597487999998,5.9161858560000002
3583,H,h*,0.40999999642372131,34.882194519000002,24.502550124999999,6.0956912040000004
3584,H,h*,0.40999999642372131,33.979789734000001,17.669561386000002,23.228128432999998
3585,H,h*,0.40999999642372131,33.377098083,18.817491531000002,23.971231460999999
3586,H,h*,0.40999999642372131,34.098869323999999,21.846693039000002,18.24448967
3587,H,h*,0.40999999642372131,34.313274384000003,21.552335739,19.694526671999999
3588,H,h*,0.40999999642372131,34.126502991000002,17.282108307000001,12.792200089
3589,H,h*,0.40999999642372131,33.015262604,18.317100525000001,12.987094879000001
3590,H,h*,0.40999999642372131,35.070003509999999,21.117181777999999,7.9870114330000002
3591,H,h*,0.40999999642372131,34.037345885999997,22.181894302,8.3304786679999996
3592,H,h*,0.40999999642372131,33.514396667,15.210217476,11.269692421
3593,H,h*,0.40999999642372131,32.900772095000001,13.840211868000001,11.437907219
3594,H,h*,0.40999999642372131,36.192001343000001,15.704968451999999,16.468324661
3595,H,h*,0.40999999642372131,35.883590697999999,15.083162308,15.134727478
3596,Al,ac2,1.2000000476837158,29.283329009999999,16.896608353000001,16.124525070000001
3597,H,hoc,0.34999999403953552,27.226028442,18.092824936,11.526992798
3598,H,hoc,0.34999999403953552,31.254018783999999,15.727185249,6.1789889340000004
3599,H,hoc,0.34999999403953552,27.242536545,18.075294495000001,15.379859924
3600,H,hoc,0.34999999403953552,31.215688705000002,15.651980399999999,9.9750404360000005
3601,Ca,ca+e,1.6000000238418579,31.084348679000001,17.894945145000001,8.0791025160000007
3602,Ca,ca+e,1.6000000238418579,37.132598877,21.514591217,13.453540801999999
3603,O,oc9,-0.89999997615814209,27.885110855000001,16.183727264000002,9.5745458600000006
3604,O,oc6,-0.89999997615814209,30.546360016000001,17.586061478000001,11.925941466999999
3605,O,oc6,-0.89999997615814209,27.914535522000001,16.161817550999999,6.5653729439999999
3606,O,oc9,-0.89999997615814209,30.574792861999999,17.644914626999999,14.928868294000001
3607,O,o*,-0.81999999284744263,35.437240600999999,20.510393143000002,11.76199913
3608,O,o*,-0.81999999284744263,32.770561217999997,18.826217651,9.7987899780000003
3609,O,o*,-0.81999999284744263,35.46163559,20.608484268000002,15.207564354000001
3610,O,o*,-0.81999999284744263,32.960399627999998,18.469713210999998,6.4543738370000003
3611,O,o*,-0.81999999284744263,37.775047301999997,18.522871017,23.907884597999999
3612,O,o*,-0.81999999284744263,30.552419661999998,21.048307419,18.792982101
3613,O,o*,-0.81999999284744263,37.390327454000001,18.705944061,13.600291252
3614,O,o*,-0.81999999284744263,30.894315720000002,20.616271973,7.8479251860000003
3615,O,oc11,-0.60000002384185791,34.855178832999997,17.945798874000001,21.754085540999998
3616,O,oc11,-0.60000002384185791,34.766452788999999,17.885484694999999,4.6317958829999997
3617,O,oc11,-0.60000002384185791,35.279338836999997,18.224996567000002,10.426484108
3618,O,o*,-0.81999999284744263,34.485908508000001,17.992317199999999,15.71389389
3619,H,h*,0.40999999642372131,33.699321746999999,18.532905579000001,9.9813871380000005
3620,H,h*,0.40999999642372131,32.826469420999999,19.751615524000002,10.152090073
3621,H,h*,0.40999999642372131,35.230598450000002,19.66746521,15.392885207999999
3622,H,h*,0.40999999642372131,34.545505523999999,20.984188079999999,15.273311615000001
3623,H,h*,0.40999999642372131,33.097515106000003,19.414285660000001,6.2109780309999998
3624,H,h*,0.40999999642372131,33.692455291999998,18.075721740999999,5.9148554799999999
3625,H,h*,0.40999999642372131,38.685638427999997,18.152330399,23.845960616999999
3626,H,h*,0.40999999642372131,37.397785186999997,18.129976273,23.059495926
3627,H,h*,0.40999999642372131,31.214212417999999,21.496067047,18.209787369000001
3628,H,h*,0.40999999642372131,30.815608978,21.468240737999999,19.650115967000001
3629,H,h*,0.40999999642372131,36.861038207999997,18.049057006999998,13.0776968
3630,H,h*,0.40999999642372131,38.303733825999998,18.495515823000002,13.298969269000001
3631,H,h*,0.40999999642372131,29.974098206000001,20.957542418999999,7.9368410110000003
3632,H,h*,0.40999999642372131,31.402391433999998,21.331048965000001,8.3096504210000006
3633,H,h*,0.40999999642372131,34.541988373000002,20.843599318999999,11.495748519999999
3634,H,h*,0.40999999642372131,35.410194396999998,19.621875762999998,11.323945045
3635,H,h*,0.40999999642372131,34.055011749000002,17.734767913999999,14.864315033
3636,H,h*,0.40999999642372131,34.725963593000003,17.095420836999999,16.040954589999998
3637,H,hoc,0.34999999403953552,31.258102417,18.033113480000001,11.492242813000001
3638,H,hoc,0.34999999403953552,27.173717498999999,15.740509986999999,6.151521206
3639,H,hoc,0.34999999403953552,31.314678191999999,18.067106247000002,15.341668129
3640,H,hoc,0.34999999403953552,27.124950409,15.809196472,9.9977159499999999
3641,Ca,ca+e,1.6000000238418579,38.879814148000001,20.419271469000002,8.0761470790000001
3642,Ca,ca+e,1.6000000238418579,29.307712554999998,19.024814606,13.435071945000001
3643,O,oc8,-0.89999997615814209,29.270397186,18.387882232999999,9.5674867629999998
3644,O,oc5,-0.89999997615814209,29.165235518999999,15.390764236000001,11.936125755000001
3645,O,oc5,-0.89999997615814209,29.228931426999999,18.389850616,6.5769176480000002
3646,O,oc10,-0.89999997615814209,29.265573501999999,15.395380019999999,14.940231323000001
3647,O,o*,-0.81999999284744263,29.264514923,20.967927932999999,11.709644318
3648,O,o*,-0.81999999284744263,38.945579529,18.473423004000001,9.769458771
3649,O,o*,-0.81999999284744263,29.331153870000001,20.978849410999999,15.167505264000001
3650,O,o*,-0.81999999284744263,28.651834487999999,24.162719726999999,6.4513087269999998
3651,O,o*,-0.81999999284744263,36.057266235,13.972450256,23.872175216999999
3652,O,o*,-0.81999999284744263,32.281574249000002,24.960573195999999,18.836357116999999
3653,O,o*,-0.81999999284744263,36.501415252999998,14.515094757,13.486528397000001
3654,O,o*,-0.81999999284744263,31.662910460999999,24.778385161999999,7.7195644379999999
3655,O,oc11,-0.60000002384185791,37.140316009999999,17.133749007999999,21.795822143999999
3656,O,oc11,-0.60000002384185791,37.086894989000001,17.216468810999999,4.6233205799999997
3657,O,oc11,-0.60000002384185791,37.116828918000003,16.634361266999999,10.365646362
3658,O,o*,-0.81999999284744263,37.319366455000001,17.409038544000001,16.186504364000001
3659,H,h*,0.40999999642372131,38.218311309999997,17.826227188000001,9.9573926929999992
3660,H,h*,0.40999999642372131,39.707015990999999,17.971811294999998,10.15967083
3661,H,h*,0.40999999642372131,28.672315598000001,21.623065948000001,15.513804435999999
3662,H,h*,0.40999999642372131,30.133563994999999,21.561225890999999,15.217470169
3663,H,h*,0.40999999642372131,27.926309585999999,23.750949859999999,5.9166173930000001
3664,H,h*,0.40999999642372131,29.359989165999998,23.516696929999998,6.2285385130000002
3665,H,h*,0.40999999642372131,35.795059203999998,14.731648444999999,23.280479431
3666,H,h*,0.40999999642372131,35.272666931000003,13.388266563,23.665327072
3667,H,h*,0.40999999642372131,32.343315124999997,24.164299011000001,18.254085540999998
3668,H,h*,0.40999999642372131,32.493339538999997,24.523605347,19.698690414000001
3669,H,h*,0.40999999642372131,35.866546630999999,13.833368301,13.167042732000001
3670,H,h*,0.40999999642372131,36.214462279999999,15.309513092,12.965379714999999
3671,H,h*,0.40999999642372131,32.006832123000002,24.027160644999999,8.2698202129999991
3672,H,h*,0.40999999642372131,32.377548218000001,25.443916321,7.8626589779999998
3673,H,h*,0.40999999642372131,28.513540268,21.451667786000002,11.280682563999999
3674,H,h*,0.40999999642372131,30.004295349,21.586664200000001,11.479640960999999
3675,H,h*,0.40999999642372131,36.881866455000001,18.000926970999998,16.846147537
3676,H,h*,0.40999999642372131,37.138916016000003,17.919944763,15.359796524
3677,H,hoc,0.34999999403953552,29.179508209000002,14.544629097,11.512286186000001
3678,H,hoc,0.34999999403953552,29.211637497000002,19.244533538999999,6.168580532
3679,H,hoc,0.34999999403953552,29.263090133999999,14.547472954,15.361228943
3680,H,hoc,0.34999999403953552,29.278890610000001,19.235591887999998,9.9896421429999993
3681,Ca,ca+e,1.6000000238418579,21.343637466000001,34.900234222000002,18.816135406000001
3682,Ca,ca+e,1.6000000238418579,29.175081252999998,39.231239318999997,2.37492919
3683,O,oc9,-0.89999997615814209,18.27245903,32.976417542,20.298030853
3684,O,oc6,-0.89999997615814209,20.786678314,34.578117370999998,22.687429428000002
3685,O,oc6,-0.89999997615814209,18.255405425999999,33.024780272999998,17.326152801999999
3686,O,oc9,-0.89999997615814209,20.784038544000001,34.541164397999999,4.2130103109999997
3687,O,o*,-0.81999999284744263,25.79347229,37.305366515999999,22.412694931000001
3688,O,o*,-0.81999999284744263,22.957679749,35.888950348000002,20.564767838000002
3689,O,o*,-0.81999999284744263,25.768512726000001,37.288341522000003,4.3818497660000002
3690,O,o*,-0.81999999284744263,22.809007645000001,36.188262938999998,17.187791824000001
3691,O,o*,-0.81999999284744263,25.231426239000001,40.173545836999999,13.188404083
3692,O,o*,-0.81999999284744263,23.692098617999999,32.785007477000001,8.1027259829999991
3693,O,o*,-0.81999999284744263,28.772134780999998,41.663352965999998,1.889837384
3694,O,o*,-0.81999999284744263,23.572185516000001,33.351203918000003,18.666492462000001
3695,O,oc11,-0.60000002384185791,23.21620369,38.081592559999997,11.010802268999999
3696,O,oc11,-0.60000002384185791,23.158042907999999,38.058147429999998,15.364478111
3697,O,oc11,-0.60000002384185791,23.691459655999999,38.363151549999998,21.156311035000002
3698,O,o*,-0.81999999284744263,23.083454132,37.842758179,5.2381410600000002
3699,H,h*,0.40999999642372131,23.176223754999999,36.838153839,20.745685577
3700,H,h*,0.40999999642372131,23.784328461000001,35.464191436999997,20.910713196
3701,H,h*,0.40999999642372131,25.644256592000001,36.305709839000002,4.4472246169999998
3702,H,h*,0.40999999642372131,24.888172149999999,37.559192656999997,4.7302169799999998
3703,H,h*,0.40999999642372131,23.626499175999999,35.762550353999998,16.835691451999999
3704,H,h*,0.40999999642372131,22.844207764,37.023597717000001,16.656185149999999
3705,H,h*,0.40999999642372131,24.582742691,40.163574218999997,12.43927002
3706,H,h*,0.40999999642372131,24.602180481000001,40.214168549,13.953650475
3707,H,h*,0.40999999642372131,24.195419311999999,32.812335967999999,8.9545259480000006
3708,H,h*,0.40999999642372131,24.409824370999999,33.106693268000001,7.5044889450000003
3709,H,h*,0.40999999642372131,28.605339050000001,41.618125915999997,2.8872783179999999
3710,H,h*,0.40999999642372131,28.790910720999999,42.639533997000001,1.855748892
3711,H,h*,0.40999999642372131,23.438690185999999,32.377182007000002,18.727010727
3712,H,h*,0.40999999642372131,24.471349715999999,33.441894531000003,19.070478438999999
3713,H,h*,0.40999999642372131,24.994297027999998,37.730216980000002,22.009691237999998
3714,H,h*,0.40999999642372131,25.607921600000001,36.360210418999998,22.177907944000001
3715,H,h*,0.40999999642372131,22.316692352,38.224967956999997,5.7283248899999997
3716,H,h*,0.40999999642372131,22.625104904000001,37.603160858000003,4.3947277070000004
3717,H,hoc,0.34999999403953552,21.531215668000002,34.982826232999997,22.266992568999999
3718,H,hoc,0.34999999403953552,17.503225326999999,32.617183685000001,16.918989182000001
3719,H,hoc,0.34999999403953552,21.514707564999998,34.965293883999998,4.6398601529999999
3720,H,hoc,0.34999999403953552,17.541557311999998,32.541980743000003,20.715040207000001
3721,Ca,ca+e,1.6000000238418579,27.424346924000002,40.414947509999998,18.819103241000001
3722,Ca,ca+e,1.6000000238418579,21.376447678000002,32.658733368,23.959766387999998
3723,O,oc10,-0.89999997615814209,20.872133255000001,33.073726653999998,20.314546584999999
3724,O,oc7,-0.89999997615814209,18.210886001999999,34.476062775000003,22.665941237999998
3725,O,oc5,-0.89999997615814209,20.842708588000001,33.051818848000003,17.305372238
3726,O,oc10,-0.89999997615814209,18.182451248,34.534915924000003,4.188868523
3727,O,o*,-0.81999999284744263,23.071453093999999,31.770393372000001,22.501998901
3728,O,o*,-0.81999999284744263,25.738132477000001,41.346218108999999,20.538789748999999
3729,O,o*,-0.81999999284744263,23.047058105000001,31.868484497000001,4.4675641060000002
3730,O,o*,-0.81999999284744263,25.548294067,29.729713440000001,17.194374084
3731,O,o*,-0.81999999284744263,20.811702728,41.172428130999997,13.214537621
3732,O,o*,-0.81999999284744263,27.956275940000001,32.308307648000003,8.0529832839999997
3733,O,o*,-0.81999999284744263,16.795701981000001,43.353549956999998,1.4860783820000001
3734,O,o*,-0.81999999284744263,27.614377975,31.876272201999999,18.587924956999998
3735,O,oc11,-0.60000002384185791,23.653514862000002,40.465797424000002,11.014084816
3736,O,oc11,-0.60000002384185791,23.742240905999999,40.405487061000002,15.371795654
3737,O,oc11,-0.60000002384185791,23.229354858000001,40.744998932000001,21.166484832999998
3738,O,o*,-0.81999999284744263,24.022785187,40.512317656999997,4.9738936420000002
3739,H,h*,0.40999999642372131,25.682224273999999,42.271614075000002,20.892089844000001
3740,H,h*,0.40999999642372131,24.809373856000001,41.052906036000003,20.721385955999999
3741,H,h*,0.40999999642372131,23.963188170999999,32.244186401,4.533311844
3742,H,h*,0.40999999642372131,23.278097153000001,30.927465438999999,4.6528854370000001
3743,H,h*,0.40999999642372131,25.411178588999999,30.674285889,16.950977325
3744,H,h*,0.40999999642372131,24.816238403,29.335721970000002,16.654855728000001
3745,H,h*,0.40999999642372131,21.107732772999999,40.603282927999999,13.970795631
3746,H,h*,0.40999999642372131,21.137619018999999,40.620212555000002,12.458625793
3747,H,h*,0.40999999642372131,27.693084717000001,32.728240966999998,8.9101161960000006
3748,H,h*,0.40999999642372131,27.294481276999999,32.756065368999998,7.4697875979999999
3749,H,h*,0.40999999642372131,16.425636292,42.511501312,1.1020073889999999
3750,H,h*,0.40999999642372131,16.516981125000001,43.185390472000002,2.3850216870000001
3751,H,h*,0.40999999642372131,28.534597396999999,32.217544556,18.676839827999999
3752,H,h*,0.40999999642372131,27.106304169000001,32.591049194,19.049650192000001
3753,H,h*,0.40999999642372131,23.098501205000002,30.881875992000001,22.06394577
3754,H,h*,0.40999999642372131,23.966705321999999,32.103599547999998,22.235748291
3755,H,h*,0.40999999642372131,23.782730102999999,39.615421294999997,5.3009548190000002
3756,H,h*,0.40999999642372131,24.453683853000001,40.254768372000001,4.1243147850000001
3757,H,hoc,0.34999999403953552,17.499141692999999,34.923114777000002,22.232242584000002
3758,H,hoc,0.34999999403953552,21.583528519000001,32.630508423000002,16.891521453999999
3759,H,hoc,0.34999999403953552,17.442567825000001,34.957103729000004,4.6016683580000004
3760,H,hoc,0.34999999403953552,21.632293700999998,32.699195862000003,20.737716675000001
3761,Al,ac2,1.2000000476837158,19.468229294,33.775707245,10.749554634000001
3762,Ca,ca+e,1.6000000238418579,27.413606644000001,29.270233154,8.076135635
3763,Ca,ca+e,1.6000000238418579,21.304891586,43.923393249999997,13.410577774
3764,O,oc10,-0.89999997615814209,20.733335494999999,32.976417542,9.5580301280000004
3765,O,oc7,-0.89999997615814209,18.219116210999999,34.578117370999998,11.947429657000001
3766,O,oc7,-0.89999997615814209,20.750389099,33.024780272999998,6.5861525539999999
3767,O,oc8,-0.89999997615814209,18.221755981000001,34.541164397999999,14.953010559000001
3768,O,o*,-0.81999999284744263,22.963771820000002,31.675367354999999,11.67269516
3769,O,o*,-0.81999999284744263,25.799564362000002,30.25894928,9.8247680660000007
3770,O,o*,-0.81999999284744263,22.988731384000001,42.918338775999999,15.121850014
3771,O,o*,-0.81999999284744263,25.948236465000001,41.818260193,6.4477910999999999
3772,O,o*,-0.81999999284744263,23.635149001999999,34.372917174999998,23.911130905
3773,O,o*,-0.81999999284744263,25.065145492999999,38.41500473,18.842725754
3774,O,o*,-0.81999999284744263,23.514862060999999,34.298168181999998,13.269468307
3775,O,o*,-0.81999999284744263,25.185058594000001,38.981204986999998,7.9264931680000004
3776,O,oc11,-0.60000002384185791,26.053844452,33.782268524000003,19.778423309000001
3777,O,oc11,-0.60000002384185791,25.985950469999999,33.766818999999998,6.6139626500000004
3778,O,oc11,-0.60000002384185791,26.033735275000002,33.773712158000002,12.376851082
3779,O,oc11,-0.60000002384185791,25.541040421000002,32.451591491999999,21.750802994000001
3780,O,oc11,-0.60000002384185791,25.599201202,32.428146362,4.6244783399999996
3781,O,oc11,-0.60000002384185791,25.065784453999999,32.733150481999999,10.41631031
3782,O,o*,-0.81999999284744263,25.673791885,32.212760924999998,15.978141785
3783,S,s',0.60000002384185791,26.021783829,33.772914886000002,21.266866684
3784,S,s',0.60000002384185791,25.983325958000002,33.768280029000003,5.1271958350000002
3785,S,s',0.60000002384185791,26.000423431000002,33.785903931,10.891535759
3786,H,h*,0.40999999642372131,25.581020355,31.208152771000002,10.00568676
3787,H,h*,0.40999999642372131,24.972917556999999,29.834190369000002,10.170713425000001
3788,H,h*,0.40999999642372131,23.869073868000001,43.189193725999999,15.470216751000001
3789,H,h*,0.40999999642372131,23.112989425999999,41.935710907000001,15.187224388000001
3790,H,h*,0.40999999642372131,25.913038254,42.653598785,5.9161858560000002
3791,H,h*,0.40999999642372131,25.130744933999999,41.392551421999997,6.0956912040000004
3792,H,h*,0.40999999642372131,24.063568114999999,34.328056334999999,23.020769119000001
3793,H,h*,0.40999999642372131,24.367195128999999,34.868232726999999,24.322942734000002
3794,H,h*,0.40999999642372131,24.347419738999999,38.736690521,18.24448967
3795,H,h*,0.40999999642372131,24.561824799,38.442333220999998,19.694526671999999
3796,H,h*,0.40999999642372131,24.375053405999999,34.172107697000001,12.792200089
3797,H,h*,0.40999999642372131,23.263811110999999,35.207099915000001,12.987094879000001
3798,H,h*,0.40999999642372131,25.318553925,38.007183075,7.9870114330000002
3799,H,h*,0.40999999642372131,24.285894394,39.071895599000001,8.3304786679999996
3800,H,h*,0.40999999642372131,23.762947083,32.100215912000003,11.269692421
3801,H,h*,0.40999999642372131,23.149322510000001,30.730213164999999,11.437907219
3802,H,h*,0.40999999642372131,26.440551758000002,32.594966888000002,16.468326568999998
3803,H,h*,0.40999999642372131,26.132139206000002,31.973161696999998,15.134727478
3804,Al,ac2,1.2000000476837158,19.531879425,33.786609650000003,16.124525070000001
3805,H,hoc,0.34999999403953552,17.474578857000001,34.982826232999997,11.526992798
3806,H,hoc,0.34999999403953552,21.502569199,32.617183685000001,6.1789889340000004
3807,H,hoc,0.34999999403953552,17.491086960000001,34.965293883999998,15.379859924
3808,H,hoc,0.34999999403953552,21.464237213000001,32.541980743000003,9.9750404360000005
3809,Ca,ca+e,1.6000000238418579,21.332899093999998,34.784946441999999,8.0791025160000007
3810,Ca,ca+e,1.6000000238418579,27.381149292,38.404590607000003,13.453540801999999
3811,O,oc9,-0.89999997615814209,18.133661270000001,33.073726653999998,9.5745458600000006
3812,O,oc6,-0.89999997615814209,20.794908524,34.476062775000003,11.925941466999999
3813,O,oc6,-0.89999997615814209,18.163085937999998,33.051818848000003,6.5653729439999999
3814,O,oc9,-0.89999997615814209,20.823343276999999,34.534915924000003,14.928868294000001
3815,O,o*,-0.81999999284744263,25.685791016,37.400394439999999,11.76199913
3816,O,o*,-0.81999999284744263,23.019111633000001,35.716217041,9.7987899780000003
3817,O,o*,-0.81999999284744263,25.710186005000001,37.498485565000003,15.207564354000001
3818,O,o*,-0.81999999284744263,23.208950043000002,35.359714508000003,6.4543738370000003
3819,O,o*,-0.81999999284744263,27.779212952000002,36.773468018000003,2.1741020679999998
3820,O,o*,-0.81999999284744263,20.800970077999999,37.938304901000002,18.792982101
3821,O,o*,-0.81999999284744263,27.638875961,35.595943450999997,13.600291252
3822,O,o*,-0.81999999284744263,21.142866134999998,37.506271362,7.8479251860000003
3823,O,oc11,-0.60000002384185791,25.103731154999998,34.835800171000002,21.754085540999998
3824,O,oc11,-0.60000002384185791,25.015003203999999,34.775485992,4.6317958829999997
3825,O,oc11,-0.60000002384185791,25.527891158999999,35.114997864000003,10.426484108
3826,O,o*,-0.81999999284744263,24.734460831,34.882316588999998,15.71389389
3827,H,h*,0.40999999642372131,23.947872161999999,35.422904967999997,9.9813871380000005
3828,H,h*,0.40999999642372131,23.075019835999999,36.641613006999997,10.152090073
3829,H,h*,0.40999999642372131,25.479146957000001,36.557464600000003,15.392885207999999
3830,H,h*,0.40999999642372131,24.794055939,37.874187468999999,15.273311615000001
3831,H,h*,0.40999999642372131,23.346065521,36.304286957000002,6.2109775540000003
3832,H,h*,0.40999999642372131,23.941007614,34.965721129999999,5.9148554799999999
3833,H,h*,0.40999999642372131,26.977497101000001,37.109626769999998,2.632426739
3834,H,h*,0.40999999642372131,27.914045334000001,35.994266510000003,2.7693951129999999
3835,H,h*,0.40999999642372131,21.462762832999999,38.386066436999997,18.209787369000001
3836,H,h*,0.40999999642372131,21.064159393000001,38.358242035000004,19.650115967000001
3837,H,h*,0.40999999642372131,27.109588623,34.939056395999998,13.0776968
3838,H,h*,0.40999999642372131,28.552282333000001,35.385517120000003,13.298969269000001
3839,H,h*,0.40999999642372131,20.222646713,37.847541808999999,7.9368410110000003
3840,H,h*,0.40999999642372131,21.650939941000001,38.221050261999999,8.3096504210000006
3841,H,h*,0.40999999642372131,24.790538787999999,37.733600615999997,11.495748519999999
3842,H,h*,0.40999999642372131,25.658742905,36.511875152999998,11.323945045
3843,H,h*,0.40999999642372131,24.303562163999999,34.624767302999999,14.864315033
3844,H,h*,0.40999999642372131,24.974515915000001,33.985420226999999,16.040954589999998
3845,H,hoc,0.34999999403953552,21.506652832,34.923114777000002,11.492242813000001
3846,H,hoc,0.34999999403953552,17.422266006000001,32.630508423000002,6.151521206
3847,H,hoc,0.34999999403953552,21.563226700000001,34.957103729000004,15.341668129
3848,H,hoc,0.34999999403953552,17.373500824000001,32.699195862000003,9.9977159499999999
3849,Ca,ca+e,1.6000000238418579,29.128362656,37.309268951,8.0761470790000001
3850,Ca,ca+e,1.6000000238418579,19.556262969999999,35.914813995000003,13.435070992
3851,O,oc8,-0.89999997615814209,19.518947601000001,35.277881622000002,9.5674867629999998
3852,O,oc5,-0.89999997615814209,19.413785934,32.280765533,11.936125755000001
3853,O,oc5,-0.89999997615814209,19.477481842,35.279850005999997,6.5769176480000002
3854,O,oc10,-0.89999997615814209,19.514123916999999,32.285381317000002,14.940231323000001
3855,O,o*,-0.81999999284744263,19.513065338000001,37.857929230000003,11.709644318
3856,O,o*,-0.81999999284744263,29.194131851000002,35.363422393999997,9.769458771
3857,O,o*,-0.81999999284744263,19.579704284999998,37.868850707999997,15.167505264000001
3858,O,o*,-0.81999999284744263,18.900384902999999,41.052719115999999,6.4513087269999998
3859,O,o*,-0.81999999284744263,26.892242432,31.520864487000001,24.022258759
3860,O,o*,-0.81999999284744263,22.530122757000001,41.850574493000003,18.836357116999999
3861,O,o*,-0.81999999284744263,26.749965668000002,31.405094147,13.486528397000001
3862,O,o*,-0.81999999284744263,21.911460876,41.668384551999999,7.7195644379999999
3863,O,oc11,-0.60000002384185791,27.388868332000001,34.023750305,21.795822143999999
3864,O,oc11,-0.60000002384185791,27.335447310999999,34.106468200999998,4.6233205799999997
3865,O,oc11,-0.60000002384185791,27.365379333,33.524360657000003,10.365646362
3866,O,o*,-0.81999999284744263,27.567918776999999,34.299037933000001,16.186504364000001
3867,H,h*,0.40999999642372131,28.466861725000001,34.716228485000002,9.9573926929999992
3868,H,h*,0.40999999642372131,29.955566405999999,34.861808777,10.15967083
3869,H,h*,0.40999999642372131,18.920866013000001,38.513065337999997,15.513804435999999
3870,H,h*,0.40999999642372131,20.38211441,38.451225280999999,15.217470169
3871,H,h*,0.40999999642372131,18.174860000999999,40.640949249000002,5.9166173930000001
3872,H,h*,0.40999999642372131,19.608539580999999,40.406696320000002,6.2285385130000002
3873,H,h*,0.40999999642372131,26.876974105999999,32.509578705000003,23.903032303
3874,H,h*,0.40999999642372131,26.228116989,31.356658935999999,23.294490814
3875,H,h*,0.40999999642372131,22.591863631999999,41.054298400999997,18.254085540999998
3876,H,h*,0.40999999642372131,22.741889954000001,41.413604736000003,19.698690414000001
3877,H,h*,0.40999999642372131,26.115097045999999,30.723367691,13.167042732000001
3878,H,h*,0.40999999642372131,26.463014603000001,32.199512482000003,12.965379714999999
3879,H,h*,0.40999999642372131,22.255382537999999,40.917160033999998,8.2698202129999991
3880,H,h*,0.40999999642372131,22.626100539999999,42.333915709999999,7.8626589779999998
3881,H,h*,0.40999999642372131,18.762090683,38.341667174999998,11.280682563999999
3882,H,h*,0.40999999642372131,20.252843856999998,38.476661682,11.479640960999999
3883,H,h*,0.40999999642372131,27.130416870000001,34.890926360999998,16.846147537
3884,H,h*,0.40999999642372131,27.387466431,34.809944152999996,15.359796524
3885,H,hoc,0.34999999403953552,19.428058623999998,31.434629439999998,11.512286186000001
3886,H,hoc,0.34999999403953552,19.460187911999999,36.134532927999999,6.168580532
3887,H,hoc,0.34999999403953552,19.511638641000001,31.437473297,15.361228943
3888,H,hoc,0.34999999403953552,19.527441025000002,36.125591278000002,9.9896421429999993
3889,Ca,ca+e,1.6000000238418579,31.095087051,29.270233154,18.816135406000001
3890,Ca,ca+e,1.6000000238418579,37.110401154000002,32.732582092000001,23.838947296000001
3891,O,oc9,-0.89999997615814209,28.023908615,27.346418380999999,20.298030853
3892,O,oc6,-0.89999997615814209,30.538127898999999,28.948116301999999,22.687429428000002
3893,O,oc6,-0.89999997615814209,28.006855010999999,27.394779204999999,17.326152801999999
3894,O,oc9,-0.89999997615814209,30.535488129000001,28.911163330000001,4.2130103109999997
3895,O,o*,-0.81999999284744263,35.544921875,31.675367354999999,22.412694931000001
3896,O,o*,-0.81999999284744263,32.709129333,30.25894928,20.564767838000002
3897,O,o*,-0.81999999284744263,35.519962311,31.658340454000001,4.3818497660000002
3898,O,o*,-0.81999999284744263,32.560459137000002,30.558261870999999,17.187791824000001
3899,O,o*,-0.81999999284744263,34.982875823999997,34.543548584,13.188404083
3900,O,o*,-0.81999999284744263,33.443550109999997,27.155006408999999,8.1027259829999991
3901,O,o*,-0.81999999284744263,35.040760040000002,34.180831908999998,24.030391692999999
3902,O,o*,-0.81999999284744263,33.323635101000001,27.721204757999999,18.666492462000001
3903,O,oc11,-0.60000002384185791,32.967655182000001,32.451591491999999,11.010802268999999
3904,O,oc11,-0.60000002384185791,32.909492493000002,32.428146362,15.364478111
3905,O,oc11,-0.60000002384185791,33.442909241000002,32.733150481999999,21.156311035000002
3906,O,o*,-0.81999999284744263,32.834903717000003,32.212760924999998,5.2381410600000002
3907,H,h*,0.40999999642372131,32.927673339999998,31.208152771000002,20.745685577
3908,H,h*,0.40999999642372131,33.535778045999997,29.834190369000002,20.910713196
3909,H,h*,0.40999999642372131,35.395706177000001,30.675708771,4.4472246169999998
3910,H,h*,0.40999999642372131,34.639621734999999,31.929193497,4.7302169799999998
3911,H,h*,0.40999999642372131,33.377948760999999,30.132551193000001,16.835691451999999
3912,H,h*,0.40999999642372131,32.595657349,31.393596648999999,16.656185149999999
3913,H,h*,0.40999999642372131,34.334190368999998,34.533576965000002,12.43927002
3914,H,h*,0.40999999642372131,34.353630066000001,34.584171294999997,13.953650475
3915,H,h*,0.40999999642372131,33.946868895999998,27.182334900000001,8.9545259480000006
3916,H,h*,0.40999999642372131,34.161273956000002,27.476692199999999,7.5044889450000003
3917,H,h*,0.40999999642372131,35.297786713000001,35.094242096000002,23.741552352999999
3918,H,h*,0.40999999642372131,34.095932007000002,34.174419403000002,23.724721908999999
3919,H,h*,0.40999999642372131,33.190139770999998,26.747182846000001,18.727010727
3920,H,h*,0.40999999642372131,34.222801208,27.811895369999998,19.070478438999999
3921,H,h*,0.40999999642372131,34.745746613000001,32.100215912000003,22.009691237999998
3922,H,h*,0.40999999642372131,35.359371185000001,30.730213164999999,22.177907944000001
3923,H,h*,0.40999999642372131,32.068141937,32.594966888000002,5.7283253670000001
3924,H,h*,0.40999999642372131,32.376556395999998,31.973161696999998,4.3947277070000004
3925,H,hoc,0.34999999403953552,31.282667159999999,29.352825164999999,22.266992568999999
3926,H,hoc,0.34999999403953552,27.254674910999999,26.987184525,16.918989182000001
3927,H,hoc,0.34999999403953552,31.266157150000002,29.335294724000001,4.6398601529999999
3928,H,hoc,0.34999999403953552,27.293006897000001,26.911979675000001,20.715040207000001
3929,Ca,ca+e,1.6000000238418579,37.175796509000001,34.784946441999999,18.819103241000001
3930,Ca,ca+e,1.6000000238418579,29.714412689,27.875707626000001,2.377331495
3931,O,oc10,-0.89999997615814209,30.623582840000001,27.443727493000001,20.314546584999999
3932,O,oc7,-0.89999997615814209,27.962335586999998,28.846061707,22.665941237999998
3933,O,oc5,-0.89999997615814209,30.594158173,27.421817780000001,17.305372238
3934,O,oc10,-0.89999997615814209,27.933900832999999,28.904914856000001,4.188868523
3935,O,o*,-0.81999999284744263,32.822902679000002,26.140394211,22.501998901
3936,O,o*,-0.81999999284744263,35.489582061999997,35.716217041,20.538789748999999
3937,O,o*,-0.81999999284744263,32.798507690000001,26.238485336,4.4675641060000002
3938,O,o*,-0.81999999284744263,35.299743651999997,24.099714279000001,17.194374084
3939,O,o*,-0.81999999284744263,30.563152313,35.542430877999998,13.214537621
3940,O,o*,-0.81999999284744263,37.707725525000001,26.678306580000001,8.0529832839999997
3941,O,o*,-0.81999999284744263,30.837966918999999,35.708751677999999,24.213897705000001
3942,O,o*,-0.81999999284744263,37.365829468000001,26.246273040999998,18.587924956999998
3943,O,oc11,-0.60000002384185791,33.404964446999998,34.835800171000002,11.014084816
3944,O,oc11,-0.60000002384185791,33.493690491000002,34.775485992,15.371795654
3945,O,oc11,-0.60000002384185791,32.980804442999997,35.114997864000003,21.166484832999998
3946,O,o*,-0.81999999284744263,33.774234772,34.882316588999998,4.9738936420000002
3947,H,h*,0.40999999642372131,35.433673859000002,36.641613006999997,20.892089844000001
3948,H,h*,0.40999999642372131,34.560821533000002,35.422904967999997,20.721385955999999
3949,H,h*,0.40999999642372131,33.714637756000002,26.614187241,4.533311844
3950,H,h*,0.40999999642372131,33.029548644999998,25.297464371,4.6528854370000001
3951,H,h*,0.40999999642372131,35.162628173999998,25.044284821000002,16.950977325
3952,H,h*,0.40999999642372131,34.567687988000003,23.705720900999999,16.654855728000001
3953,H,h*,0.40999999642372131,30.859184265,34.973285675,13.970795631
3954,H,h*,0.40999999642372131,30.889068603999998,34.990211487000003,12.458625793
3955,H,h*,0.40999999642372131,37.444534302000001,27.098239898999999,8.9101161960000006
3956,H,h*,0.40999999642372131,37.04593277,27.126066208000001,7.4697875979999999
3957,H,h*,0.40999999642372131,31.571151733000001,35.139724731000001,23.814308167
3958,H,h*,0.40999999642372131,30.059801102000002,35.224151611000003,23.833106995000001
3959,H,h*,0.40999999642372131,38.286045074,26.587543488000001,18.676839827999999
3960,H,h*,0.40999999642372131,36.857753754000001,26.961048126000001,19.049650192000001
3961,H,h*,0.40999999642372131,32.849952698000003,25.251876831000001,22.06394577
3962,H,h*,0.40999999642372131,33.718154906999999,26.47359848,22.235748291
3963,H,h*,0.40999999642372131,33.534179688000002,33.985420226999999,5.3009548190000002
3964,H,h*,0.40999999642372131,34.205131530999999,34.624767302999999,4.1243147850000001
3965,H,hoc,0.34999999403953552,27.250593185,29.293113708,22.232242584000002
3966,H,hoc,0.34999999403953552,31.334978104000001,27.000509262000001,16.891521453999999
3967,H,hoc,0.34999999403953552,27.194017410000001,29.327104567999999,4.6016683580000004
3968,H,hoc,0.34999999403953552,31.383743286000001,27.069196700999999,20.737716675000001
3969,Al,ac2,1.2000000476837158,29.219678879,28.145708083999999,10.749554634000001
3970,Ca,ca+e,1.6000000238418579,37.165058135999999,23.640232086000001,8.076135635
3971,Ca,ca+e,1.6000000238418579,31.056341171,38.293392181000002,13.410577774
3972,O,oc10,-0.89999997615814209,30.484786987,27.346418380999999,9.5580301280000004
3973,O,oc7,-0.89999997615814209,27.970565795999999,28.948116301999999,11.947429657000001
3974,O,oc7,-0.89999997615814209,30.501838683999999,27.394779204999999,6.5861525539999999
3975,O,oc8,-0.89999997615814209,27.973205566000001,28.911163330000001,14.953010559000001
3976,O,o*,-0.81999999284744263,32.715221405000001,26.045368194999998,11.67269516
3977,O,o*,-0.81999999284744263,35.551013947000001,24.628950118999999,9.8247680660000007
3978,O,o*,-0.81999999284744263,32.740180969000001,37.288341522000003,15.121850014
3979,O,o*,-0.81999999284744263,35.699687957999998,36.188262938999998,6.4477910999999999
3980,O,o*,-0.81999999284744263,32.388992309999999,28.324188232000001,2.052867413
3981,O,o*,-0.81999999284744263,34.816596984999997,32.785007477000001,18.842725754
3982,O,o*,-0.81999999284744263,33.266311645999998,28.668167113999999,13.269468307
3983,O,o*,-0.81999999284744263,34.936508179,33.351203918000003,7.9264931680000004
3984,O,oc11,-0.60000002384185791,35.805294037000003,28.152271271,19.778423309000001
3985,O,oc11,-0.60000002384185791,35.737400055000002,28.136819839000001,6.6139626500000004
3986,O,oc11,-0.60000002384185791,35.785182953000003,28.14371109,12.376851082
3987,O,oc11,-0.60000002384185791,35.292488098,26.821592331000002,21.750802994000001
3988,O,oc11,-0.60000002384185791,35.350650786999999,26.798147201999999,4.6244783399999996
3989,O,oc11,-0.60000002384185791,34.817234038999999,27.103151320999999,10.41631031
3990,O,o*,-0.81999999284744263,35.425239562999998,26.582759856999999,15.978141785
3991,S,s',0.60000002384185791,35.773235321000001,28.142915725999998,21.266866684
3992,S,s',0.60000002384185791,35.734775542999998,28.138278961000001,5.1271958350000002
3993,S,s',0.60000002384185791,35.751873015999998,28.155902863000001,10.891535759
3994,H,h*,0.40999999642372131,35.332469940000003,25.578153610000001,10.00568676
3995,H,h*,0.40999999642372131,34.724365233999997,24.204189301,10.170713425000001
3996,H,h*,0.40999999642372131,33.620521545000003,37.559192656999997,15.470216751000001
3997,H,h*,0.40999999642372131,32.864437103,36.305709839000002,15.187224388000001
3998,H,h*,0.40999999642372131,35.664485931000002,37.023597717000001,5.9161858560000002
3999,H,h*,0.40999999642372131,34.882194519000002,35.762550353999998,6.0956912040000004
4000,H,h*,0.40999999642372131,33.282718658,28.537635803000001,1.7201540470000001
4001,H,h*,0.40999999642372131,32.587539673000002,28.066986084,2.9791839119999999
4002,H,h*,0.40999999642372131,34.098869323999999,33.106693268000001,18.24448967
4003,H,h*,0.40999999642372131,34.313274384000003,32.812335967999999,19.694526671999999
4004,H,h*,0.40999999642372131,34.126502991000002,28.542108536000001,12.792200089
4005,H,h*,0.40999999642372131,33.015262604,29.577098845999998,12.987094879000001
4006,H,h*,0.40999999642372131,35.070003509999999,32.377182007000002,7.9870114330000002
4007,H,h*,0.40999999642372131,34.037345885999997,33.441894531000003,8.3304786679999996
4008,H,h*,0.40999999642372131,33.514396667,26.470216750999999,11.269692421
4009,H,h*,0.40999999642372131,32.900772095000001,25.100212097,11.437907219
4010,H,h*,0.40999999642372131,36.192001343000001,26.964967728000001,16.468324661
4011,H,h*,0.40999999642372131,35.883590697999999,26.343162537000001,15.134727478
4012,Al,ac2,1.2000000476837158,29.283329009999999,28.156608582,16.124525070000001
4013,H,hoc,0.34999999403953552,27.226028442,29.352825164999999,11.526992798
4014,H,hoc,0.34999999403953552,31.254018783999999,26.987184525,6.1789889340000004
4015,H,hoc,0.34999999403953552,27.242536545,29.335294724000001,15.379859924
4016,H,hoc,0.34999999403953552,31.215688705000002,26.911979675000001,9.9750404360000005
4017,Ca,ca+e,1.6000000238418579,31.084348679000001,29.154945374,8.0791025160000007
4018,Ca,ca+e,1.6000000238418579,37.132598877,32.774593353,13.453540801999999
4019,O,oc9,-0.89999997615814209,27.885110855000001,27.443727493000001,9.5745458600000006
4020,O,oc6,-0.89999997615814209,30.546360016000001,28.846061707,11.925941466999999
4021,O,oc6,-0.89999997615814209,27.914535522000001,27.421817780000001,6.5653729439999999
4022,O,oc9,-0.89999997615814209,30.574792861999999,28.904914856000001,14.928868294000001
4023,O,o*,-0.81999999284744263,35.437240600999999,31.770393372000001,11.76199913
4024,O,o*,-0.81999999284744263,32.770561217999997,30.08621788,9.7987899780000003
4025,O,o*,-0.81999999284744263,35.46163559,31.868484497000001,15.207564354000001
4026,O,o*,-0.81999999284744263,32.960399627999998,29.729713440000001,6.4543738370000003
4027,O,o*,-0.81999999284744263,37.389240264999998,30.02331543,24.042953490999999
4028,O,o*,-0.81999999284744263,30.552419661999998,32.308307648000003,18.792982101
4029,O,o*,-0.81999999284744263,37.390327454000001,29.965944289999999,13.600291252
4030,O,o*,-0.81999999284744263,30.894315720000002,31.876272201999999,7.8479251860000003
4031,O,oc11,-0.60000002384185791,34.855178832999997,29.205799103,21.754085540999998
4032,O,oc11,-0.60000002384185791,34.766452788999999,29.145484924000002,4.6317958829999997
4033,O,oc11,-0.60000002384185791,35.279338836999997,29.484996796000001,10.426484108
4034,O,o*,-0.81999999284744263,34.485908508000001,29.252317429000001,15.71389389
4035,H,h*,0.40999999642372131,33.699321746999999,29.792905807,9.9813871380000005
4036,H,h*,0.40999999642372131,32.826469420999999,31.011613845999999,10.152090073
4037,H,h*,0.40999999642372131,35.230598450000002,30.927465438999999,15.392885207999999
4038,H,h*,0.40999999642372131,34.545505523999999,32.244186401,15.273311615000001
4039,H,h*,0.40999999642372131,33.097515106000003,30.674285889,6.2109780309999998
4040,H,h*,0.40999999642372131,33.692455291999998,29.335721970000002,5.9148554799999999
4041,H,h*,0.40999999642372131,37.677146911999998,29.578153610000001,23.216726303000002
4042,H,h*,0.40999999642372131,36.592269897000001,29.500808716000002,24.265346526999998
4043,H,h*,0.40999999642372131,31.214212417999999,32.756065368999998,18.209787369000001
4044,H,h*,0.40999999642372131,30.815608978,32.728240966999998,19.650115967000001
4045,H,h*,0.40999999642372131,36.861038207999997,29.309055327999999,13.0776968
4046,H,h*,0.40999999642372131,38.303733825999998,29.755516052000001,13.298969269000001
4047,H,h*,0.40999999642372131,29.974098206000001,32.217544556,7.9368410110000003
4048,H,h*,0.40999999642372131,31.402391433999998,32.591049194,8.3096504210000006
4049,H,h*,0.40999999642372131,34.541988373000002,32.103599547999998,11.495748519999999
4050,H,h*,0.40999999642372131,35.410194396999998,30.881875992000001,11.323945045
4051,H,h*,0.40999999642372131,34.055011749000002,28.994768143000002,14.864315033
4052,H,h*,0.40999999642372131,34.725963593000003,28.355421066000002,16.040954589999998
4053,H,hoc,0.34999999403953552,31.258102417,29.293113708,11.492242813000001
4054,H,hoc,0.34999999403953552,27.173717498999999,27.000509262000001,6.151521206
4055,H,hoc,0.34999999403953552,31.314678191999999,29.327104567999999,15.341668129
4056,H,hoc,0.34999999403953552,27.124950409,27.069196700999999,9.9977159499999999
4057,Ca,ca+e,1.6000000238418579,38.879814148000001,31.679269790999999,8.0761470790000001
4058,Ca,ca+e,1.6000000238418579,29.307712554999998,30.284814834999999,13.435071945000001
4059,O,oc8,-0.89999997615814209,29.270397186,29.647880554,9.5674867629999998
4060,O,oc5,-0.89999997615814209,29.165235518999999,26.650764465000002,11.936125755000001
4061,O,oc5,-0.89999997615814209,29.228931426999999,29.649848938000002,6.5769176480000002
4062,O,oc10,-0.89999997615814209,29.265573501999999,26.655380249,14.940231323000001
4063,O,o*,-0.81999999284744263,29.264514923,32.227928161999998,11.709644318
4064,O,o*,-0.81999999284744263,38.945579529,29.733423233,9.769458771
4065,O,o*,-0.81999999284744263,29.331153870000001,32.238849639999998,15.167505264000001
4066,O,o*,-0.81999999284744263,28.651834487999999,35.422718048,6.4513087269999998
4067,O,o*,-0.81999999284744263,36.520507811999998,25.795457840000001,24.000808716000002
4068,O,o*,-0.81999999284744263,32.281574249000002,36.220573424999998,18.836357116999999
4069,O,o*,-0.81999999284744263,36.501415252999998,25.775094985999999,13.486528397000001
4070,O,o*,-0.81999999284744263,31.662910460999999,36.038387299,7.7195644379999999
4071,O,oc11,-0.60000002384185791,37.140316009999999,28.393749237000002,21.795822143999999
4072,O,oc11,-0.60000002384185791,37.086894989000001,28.476469040000001,4.6233205799999997
4073,O,oc11,-0.60000002384185791,37.116828918000003,27.894361495999998,10.365646362
4074,O,o*,-0.81999999284744263,37.319366455000001,28.669038773,16.186504364000001
4075,H,h*,0.40999999642372131,38.218311309999997,29.086227417,9.9573926929999992
4076,H,h*,0.40999999642372131,39.707015990999999,29.231809616,10.15967083
4077,H,h*,0.40999999642372131,28.672315598000001,32.883068084999998,15.513804435999999
4078,H,h*,0.40999999642372131,30.133563994999999,32.821224213000001,15.217470169
4079,H,h*,0.40999999642372131,27.926309585999999,35.010948181000003,5.9166173930000001
4080,H,h*,0.40999999642372131,29.359989165999998,34.776695251,6.2285385130000002
4081,H,h*,0.40999999642372131,35.555202483999999,25.720005035,24.201717377000001
4082,H,h*,0.40999999642372131,36.365646362,26.150253295999999,23.077190398999999
4083,H,h*,0.40999999642372131,32.343315124999997,35.424297332999998,18.254085540999998
4084,H,h*,0.40999999642372131,32.493339538999997,35.783607482999997,19.698690414000001
4085,H,h*,0.40999999642372131,35.866546630999999,25.093368529999999,13.167042732000001
4086,H,h*,0.40999999642372131,36.214462279999999,26.569513320999999,12.965379714999999
4087,H,h*,0.40999999642372131,32.006832123000002,35.287158966,8.2698202129999991
4088,H,h*,0.40999999642372131,32.377548218000001,36.703914642000001,7.8626589779999998
4089,H,h*,0.40999999642372131,28.513540268,32.711669921999999,11.280682563999999
4090,H,h*,0.40999999642372131,30.004295349,32.846664429,11.479640960999999
4091,H,h*,0.40999999642372131,36.881866455000001,29.260927200000001,16.846147537
4092,H,h*,0.40999999642372131,37.138916016000003,29.179944991999999,15.359796524
4093,H,hoc,0.34999999403953552,29.179508209000002,25.804628372,11.512286186000001
4094,H,hoc,0.34999999403953552,29.211637497000002,30.504533768000002,6.168580532
4095,H,hoc,0.34999999403953552,29.263090133999999,25.807472228999998,15.361228943
4096,H,hoc,0.34999999403953552,29.278890610000001,30.495592117000001,9.9896421429999993
