id,element,ff_type,charge,x,y,z
1,Al,ay1,1.4500000476837158,1.298828125,0.75277757599999995,0.0015956290000000001
2,Si,sy1,1.1000000238418579,2.1406276229999999,8.376114845,2.703195333
3,Si,sy2,1.1000000238418579,2.0730140210000001,2.3268489840000002,2.7043921950000001
4,H,hoy,0.20000000298023224,1.8149970769999999,5.8590435980000004,1.1947274210000001
5,O,oy1,-0.55000001192092896,1.826298237,0.83571833399999995,3.356805086
6,O,oy2,-0.55000001192092896,0.98439377500000003,7.3087038990000002,3.1479771140000001
7,O,oy3,-0.55000001192092896,0.96108233899999995,3.3383655550000002,3.3645837310000002
8,O,oy7,-0.75800001621246338,2.2863931659999999,8.503231049,1.0656808609999999
9,O,oy8,-0.75800001621246338,1.8963888879999999,2.2673480509999999,1.066678166
10,O,oy9,-0.79199999570846558,2.2700593470000001,5.0729093550000002,1.000858426
11,Al,ay1,1.4500000476837158,2.8914127349999998,0.75277757599999995,9.9710874559999993
12,Si,sy1,1.1000000238418579,2.049613237,8.376114845,7.2694873810000002
13,Si,sy2,1.1000000238418579,2.1172268390000002,2.3268489840000002,7.2682905199999999
14,H,hoy,0.20000000298023224,2.3752439019999998,5.8590435980000004,8.7779550549999996
15,O,oy1,-0.55000001192092896,2.3639426229999998,0.83571833399999995,6.6158776279999998
16,O,oy2,-0.55000001192092896,3.2058470250000002,7.3087038990000002,6.8247056009999998
17,O,oy3,-0.55000001192092896,3.2291586400000001,3.3383655550000002,6.6080989839999997
18,O,oy7,-0.75800001621246338,1.903847694,8.503231049,8.9070014949999994
19,O,oy8,-0.75800001621246338,2.2938520910000002,2.2673480509999999,8.9060049059999997
20,O,oy9,-0.68300002813339233,1.920181513,5.0729093550000002,8.971824646
21,Al,ay2,1.4500000476837158,3.8929719920000001,8.2625226969999996,-0.0015956290000000001
22,Al,ay2,1.4500000476837158,0.29726901700000002,8.2625226969999996,9.9742784499999999
23,Si,sy1,1.1000000238418579,1.139068604,0.63918477299999998,12.675878525
24,Si,sy2,1.1000000238418579,1.071455002,6.6884512899999997,12.677074432
25,H,hoy,0.20000000298023224,0.81343799800000005,3.1562564370000001,11.167409897000001
26,O,oy1,-0.55000001192092896,0.82473915799999997,8.1795816420000005,13.329487801000001
27,O,oy2,-0.55000001192092896,-0.017165354000000001,1.706596255,13.120659828000001
28,O,oy3,-0.55000001192092896,-0.040476758000000002,5.6769342419999997,13.337266922
29,O,oy4,-0.75800001621246338,1.2848341459999999,0.51206904600000003,11.038363457000001
30,O,oy5,-0.75800001621246338,0.89482974999999998,6.7479519840000002,11.039361
31,O,oy6,-0.68300002813339233,1.268500328,3.9423906799999999,10.973541259999999
32,Mg,ay1,1.0980000495910645,3.8947281839999999,5.2604274750000002,0.0015956290000000001
33,Si,sy1,1.1000000238418579,4.7365274429999999,3.8684651849999998,2.703195333
34,Si,sy2,1.1000000238418579,4.6689143179999997,6.8344988820000001,2.7043921950000001
35,K,k+,1,15.238887247999999,28.047385955999999,4.9019315609999996
36,H,hoy,0.20000000298023224,4.4108972550000001,1.351393461,1.1947274210000001
37,O,oy1,-0.55000001192092896,4.4221982960000004,5.3433685300000002,3.356805086
38,O,oy2,-0.55000001192092896,3.5802936550000002,2.801053762,3.1479771140000001
39,O,oy3,-0.55000001192092896,3.5569822790000001,7.8460154529999997,3.3645837310000002
40,O,oy7,-0.86699998378753662,4.8822932239999997,3.9955809119999999,1.0656808609999999
41,O,oy8,-0.86699998378753662,4.4922890659999997,6.7749981879999996,1.066678166
42,O,oy9,-0.68300002813339233,4.8659596440000001,0.56525933699999997,1.000858426
43,Al,ay1,1.4500000476837158,0.29551279499999999,5.2604274750000002,9.9710874559999993
44,Si,sy1,1.1000000238418579,-0.54628676200000004,3.8684651849999998,7.2694873810000002
45,Si,sy2,1.1000000238418579,-0.47867319000000003,6.8344988820000001,7.2682905199999999
46,H,hoy,0.20000000298023224,-0.220656186,1.351393461,8.7779550549999996
47,O,oy1,-0.55000001192092896,-0.23195737599999999,5.3433685300000002,6.6158776279999998
48,O,oy2,-0.55000001192092896,0.60994714500000002,2.801053762,6.8247056009999998
49,O,oy3,-0.55000001192092896,0.63325852199999999,7.8460154529999997,6.6080989839999997
50,O,oy7,-0.75800001621246338,-0.69205230500000003,3.9955809119999999,8.9070014949999994
51,O,oy8,-0.75800001621246338,-0.302047968,6.7749981879999996,8.9060049059999997
52,O,oy9,-0.68300002813339233,-0.67571848599999995,0.56525933699999997,8.971824646
53,Al,ay2,1.4500000476837158,1.2970719340000001,3.754872561,-0.0015956290000000001
54,Al,ay2,1.4500000476837158,2.893168926,3.754872561,9.9742784499999999
55,Si,sy1,1.1000000238418579,3.734968662,5.1468348500000003,12.675878525
56,Si,sy2,1.1000000238418579,3.6673550609999999,2.180801153,12.677074432
57,H,hoy,0.20000000298023224,3.4093379970000002,7.6639065740000003,11.167409897000001
58,O,oy1,-0.55000001192092896,3.4206392769999998,3.6719317440000001,13.329487801000001
59,O,oy2,-0.55000001192092896,2.5787346360000001,6.2142462729999997,13.120659828000001
60,O,oy3,-0.55000001192092896,2.55542326,1.1692844630000001,13.337266922
61,O,oy4,-0.86699998378753662,3.880734205,5.0197191239999999,11.038363457000001
62,O,oy5,-0.75800001621246338,3.4907298089999999,2.2403020859999998,11.039361
63,O,oy6,-0.68300002813339233,3.8644003869999999,8.4500408169999996,10.973541259999999
64,Al,ay1,1.4500000476837158,1.298828125,9.7680775759999996,0.0015956290000000001
65,Si,sy1,1.1000000238418579,2.1406276229999999,17.391414845,2.703195333
66,Si,sy2,1.1000000238418579,2.0730140210000001,11.342148984,2.7043921950000001
67,H,hoy,0.20000000298023224,1.8149970769999999,14.874343597999999,1.1947274210000001
68,O,oy1,-0.55000001192092896,1.826298237,9.8510183340000008,3.356805086
69,O,oy2,-0.55000001192092896,0.98439377500000003,16.324003899000001,3.1479771140000001
70,O,oy3,-0.55000001192092896,0.96108233899999995,12.353665554999999,3.3645837310000002
71,O,oy7,-0.86699998378753662,2.2863931659999999,17.518531049,1.0656808609999999
72,O,oy8,-0.75800001621246338,1.8963888879999999,11.282648051000001,1.066678166
73,O,oy9,-0.68300002813339233,2.2700593470000001,14.088209355,1.000858426
74,Al,ay1,1.4500000476837158,2.8914127349999998,9.7680775759999996,9.9710874559999993
75,Si,sy1,1.1000000238418579,2.049613237,17.391414845,7.2694873810000002
76,Si,sy2,1.1000000238418579,2.1172268390000002,11.342148984,7.2682905199999999
77,H,hoy,0.20000000298023224,2.3752439019999998,14.874343597999999,8.7779550549999996
78,O,oy1,-0.55000001192092896,2.3639426229999998,9.8510183340000008,6.6158776279999998
79,O,oy2,-0.55000001192092896,3.2058470250000002,16.324003899000001,6.8247056009999998
80,O,oy3,-0.55000001192092896,3.2291586400000001,12.353665554999999,6.6080989839999997
81,O,oy7,-0.86699998378753662,1.903847694,17.518531049,8.9070014949999994
82,O,oy8,-0.75800001621246338,2.2938520910000002,11.282648051000001,8.9060049059999997
83,O,oy9,-0.68300002813339233,1.920181513,14.088209355,8.971824646
84,Mg,ay2,1.0970000028610229,3.8929719920000001,17.277822697000001,-0.0015956290000000001
85,Al,ay2,1.4500000476837158,0.29726901700000002,17.277822697000001,9.9742784499999999
86,Si,sy1,1.1000000238418579,1.139068604,9.6544847730000001,12.675878525
87,Si,sy2,1.1000000238418579,1.071455002,15.70375129,12.677074432
88,H,hoy,0.20000000298023224,0.81343799800000005,12.171556437,11.167409897000001
89,O,oy1,-0.55000001192092896,0.82473915799999997,17.194881641999999,13.329487801000001
90,O,oy2,-0.55000001192092896,-0.017165354000000001,10.721896255000001,13.120659828000001
91,O,oy3,-0.55000001192092896,-0.040476758000000002,14.692234242,13.337266922
92,O,oy4,-0.75800001621246338,1.2848341459999999,9.5273690460000005,11.038363457000001
93,O,oy5,-0.75800001621246338,0.89482974999999998,15.763251984,11.039361
94,O,oy6,-0.68300002813339233,1.268500328,12.957690680000001,10.973541259999999
95,Al,ay1,1.4500000476837158,3.8947281839999999,14.275727475,0.0015956290000000001
96,Si,sy1,1.1000000238418579,4.7365274429999999,12.883765185,2.703195333
97,Si,sy2,1.1000000238418579,4.6689143179999997,15.849798882,2.7043921950000001
98,K,k+,1,22.911780041,14.224489007000001,4.8718186780000003
99,H,hoy,0.20000000298023224,4.4108972550000001,10.366693461000001,1.1947274210000001
100,O,oy1,-0.55000001192092896,4.4221982960000004,14.358668529999999,3.356805086
101,O,oy2,-0.55000001192092896,3.5802936550000002,11.816353762,3.1479771140000001
102,O,oy3,-0.55000001192092896,3.5569822790000001,16.861315453,3.3645837310000002
103,O,oy7,-0.75800001621246338,4.8822932239999997,13.010880911999999,1.0656808609999999
104,O,oy8,-0.86699998378753662,4.4922890659999997,15.790298188,1.066678166
105,O,oy9,-0.68300002813339233,4.8659596440000001,9.5805593370000004,1.000858426
106,Al,ay1,1.4500000476837158,0.29551279499999999,14.275727475,9.9710874559999993
107,Si,sy1,1.1000000238418579,-0.54628676200000004,12.883765185,7.2694873810000002
108,Si,sy2,1.1000000238418579,-0.47867319000000003,15.849798882,7.2682905199999999
109,H,hoy,0.20000000298023224,-0.220656186,10.366693461000001,8.7779550549999996
110,O,oy1,-0.55000001192092896,-0.23195737599999999,14.358668529999999,6.6158776279999998
111,O,oy2,-0.55000001192092896,0.60994714500000002,11.816353762,6.8247056009999998
112,O,oy3,-0.55000001192092896,0.63325852199999999,16.861315453,6.6080989839999997
113,O,oy7,-0.75800001621246338,-0.69205230500000003,13.010880911999999,8.9070014949999994
114,O,oy8,-0.75800001621246338,-0.302047968,15.790298188,8.9060049059999997
115,O,oy9,-0.68300002813339233,-0.67571848599999995,9.5805593370000004,8.971824646
116,Al,ay2,1.4500000476837158,1.2970719340000001,12.770172561000001,-0.0015956290000000001
117,Al,ay2,1.4500000476837158,2.893168926,12.770172561000001,9.9742784499999999
118,Si,sy1,1.1000000238418579,3.734968662,14.162134849999999,12.675878525
119,Si,sy2,1.1000000238418579,3.6673550609999999,11.196101153000001,12.677074432
120,H,hoy,0.20000000298023224,3.4093379970000002,16.679206573999998,11.167409897000001
121,O,oy1,-0.55000001192092896,3.4206392769999998,12.687231744,13.329487801000001
122,O,oy2,-0.55000001192092896,2.5787346360000001,15.229546273,13.120659828000001
123,O,oy3,-0.55000001192092896,2.55542326,10.184584463,13.337266922
124,O,oy4,-0.75800001621246338,3.880734205,14.035019124,11.038363457000001
125,O,oy5,-0.75800001621246338,3.4907298089999999,11.255602086,11.039361
126,O,oy6,-0.79199999570846558,3.8644003869999999,17.465340817000001,10.973541259999999
127,Al,ay1,1.4500000476837158,1.298828125,18.783377575999999,0.0015956290000000001
128,Si,sy1,1.1000000238418579,2.1406276229999999,26.406714845,2.703195333
129,Si,sy2,1.1000000238418579,2.0730140210000001,20.357448984000001,2.7043921950000001
130,H,hoy,0.20000000298023224,1.8149970769999999,23.889643597999999,1.1947274210000001
131,O,oy1,-0.55000001192092896,1.826298237,18.866318333999999,3.356805086
132,O,oy2,-0.55000001192092896,0.98439377500000003,25.339303899000001,3.1479771140000001
133,O,oy3,-0.55000001192092896,0.96108233899999995,21.368965554999999,3.3645837310000002
134,O,oy7,-0.75800001621246338,2.2863931659999999,26.533831049,1.0656808609999999
135,O,oy8,-0.75800001621246338,1.8963888879999999,20.297948050999999,1.066678166
136,O,oy9,-0.68300002813339233,2.2700593470000001,23.103509355,1.000858426
137,Mg,ay1,1.0970000028610229,2.8914127349999998,18.783377575999999,9.9710874559999993
138,Si,sy1,1.1000000238418579,2.049613237,26.406714845,7.2694873810000002
139,Si,sy2,1.1000000238418579,2.1172268390000002,20.357448984000001,7.2682905199999999
140,H,hoy,0.20000000298023224,2.3752439019999998,23.889643597999999,8.7779550549999996
141,O,oy1,-0.55000001192092896,2.3639426229999998,18.866318333999999,6.6158776279999998
142,O,oy2,-0.55000001192092896,3.2058470250000002,25.339303899000001,6.8247056009999998
143,O,oy3,-0.55000001192092896,3.2291586400000001,21.368965554999999,6.6080989839999997
144,O,oy7,-0.86699998378753662,1.903847694,26.533831049,8.9070014949999994
145,O,oy8,-0.86699998378753662,2.2938520910000002,20.297948050999999,8.9060049059999997
146,O,oy9,-0.68300002813339233,1.920181513,23.103509355,8.971824646
147,Al,ay2,1.4500000476837158,3.8929719920000001,26.293122697000001,-0.0015956290000000001
148,Mg,ay2,1.0980000495910645,0.29726901700000002,26.293122697000001,9.9742784499999999
149,Si,sy1,1.1000000238418579,1.139068604,18.669784773,12.675878525
150,Si,sy2,1.1000000238418579,1.071455002,24.719051289999999,12.677074432
151,H,hoy,0.20000000298023224,0.81343799800000005,21.186856436999999,11.167409897000001
152,O,oy1,-0.55000001192092896,0.82473915799999997,26.210181641999998,13.329487801000001
153,O,oy2,-0.55000001192092896,-0.017165354000000001,19.737196255000001,13.120659828000001
154,O,oy3,-0.55000001192092896,-0.040476758000000002,23.707534242000001,13.337266922
155,O,oy4,-0.86699998378753662,1.2848341459999999,18.542669046,11.038363457000001
156,O,oy5,-0.86699998378753662,0.89482974999999998,24.778551984,11.039361
157,O,oy6,-0.68300002813339233,1.268500328,21.972990679999999,10.973541259999999
158,Al,ay1,1.4500000476837158,3.8947281839999999,23.291027475,0.0015956290000000001
159,Si,sy1,1.1000000238418579,4.7365274429999999,21.899065185000001,2.703195333
160,Si,sy2,1.1000000238418579,4.6689143179999997,24.865098882000002,2.7043921950000001
161,H,hoy,0.20000000298023224,4.4108972550000001,19.381993461,1.1947274210000001
162,O,oy1,-0.55000001192092896,4.4221982960000004,23.373968529999999,3.356805086
163,O,oy2,-0.55000001192092896,3.5802936550000002,20.831653761999998,3.1479771140000001
164,O,oy3,-0.55000001192092896,3.5569822790000001,25.876615452999999,3.3645837310000002
165,O,oy7,-0.75800001621246338,4.8822932239999997,22.026180912000001,1.0656808609999999
166,O,oy8,-0.75800001621246338,4.4922890659999997,24.805598188000001,1.066678166
167,O,oy9,-0.79199999570846558,4.8659596440000001,18.595859337,1.000858426
168,Al,ay1,1.4500000476837158,0.29551279499999999,23.291027475,9.9710874559999993
169,Si,sy1,1.1000000238418579,-0.54628676200000004,21.899065185000001,7.2694873810000002
170,Si,sy2,1.1000000238418579,-0.47867319000000003,24.865098882000002,7.2682905199999999
171,H,hoy,0.20000000298023224,-0.220656186,19.381993461,8.7779550549999996
172,O,oy1,-0.55000001192092896,-0.23195737599999999,23.373968529999999,6.6158776279999998
173,O,oy2,-0.55000001192092896,0.60994714500000002,20.831653761999998,6.8247056009999998
174,O,oy3,-0.55000001192092896,0.63325852199999999,25.876615452999999,6.6080989839999997
175,O,oy7,-0.75800001621246338,-0.69205230500000003,22.026180912000001,8.9070014949999994
176,O,oy8,-0.86699998378753662,-0.302047968,24.805598188000001,8.9060049059999997
177,O,oy9,-0.79199999570846558,-0.67571848599999995,18.595859337,8.971824646
178,Al,ay2,1.4500000476837158,1.2970719340000001,21.785472560999999,-0.0015956290000000001
179,K,k+,1,10.97029489,35.033074992000003,-4.9773690549999996
180,Al,ay2,1.4500000476837158,2.893168926,21.785472560999999,9.9742784499999999
181,Si,sy1,1.1000000238418579,3.734968662,23.177434850000001,12.675878525
182,Si,sy2,1.1000000238418579,3.6673550609999999,20.211401153000001,12.677074432
183,H,hoy,0.20000000298023224,3.4093379970000002,25.694506573999998,11.167409897000001
184,O,oy1,-0.55000001192092896,3.4206392769999998,21.702531744000002,13.329487801000001
185,O,oy2,-0.55000001192092896,2.5787346360000001,24.244846273,13.120659828000001
186,O,oy3,-0.55000001192092896,2.55542326,19.199884463,13.337266922
187,O,oy4,-0.75800001621246338,3.880734205,23.050319124000001,11.038363457000001
188,O,oy5,-0.86699998378753662,3.4907298089999999,20.270902086,11.039361
189,O,oy6,-0.68300002813339233,3.8644003869999999,26.480640817000001,10.973541259999999
190,Al,ay1,1.4500000476837158,1.298828125,27.798677575999999,0.0015956290000000001
191,Si,sy1,1.1000000238418579,2.1406276229999999,35.422014845,2.703195333
192,Si,sy2,1.1000000238418579,2.0730140210000001,29.372748984000001,2.7043921950000001
193,H,hoy,0.20000000298023224,1.8149970769999999,32.904943598000003,1.1947274210000001
194,O,oy1,-0.55000001192092896,1.826298237,27.881618333999999,3.356805086
195,O,oy2,-0.55000001192092896,0.98439377500000003,34.354603898999997,3.1479771140000001
196,O,oy3,-0.55000001192092896,0.96108233899999995,30.384265554999999,3.3645837310000002
197,O,oy7,-0.75800001621246338,2.2863931659999999,35.549131049000003,1.0656808609999999
198,O,oy8,-0.86699998378753662,1.8963888879999999,29.313248050999999,1.066678166
199,O,oy9,-0.79199999570846558,2.2700593470000001,32.118809355000003,1.000858426
200,Al,ay1,1.4500000476837158,2.8914127349999998,27.798677575999999,9.9710874559999993
201,Si,sy1,1.1000000238418579,2.049613237,35.422014845,7.2694873810000002
202,Si,sy2,1.1000000238418579,2.1172268390000002,29.372748984000001,7.2682905199999999
203,H,hoy,0.20000000298023224,2.3752439019999998,32.904943598000003,8.7779550549999996
204,O,oy1,-0.55000001192092896,2.3639426229999998,27.881618333999999,6.6158776279999998
205,O,oy2,-0.55000001192092896,3.2058470250000002,34.354603898999997,6.8247056009999998
206,O,oy3,-0.55000001192092896,3.2291586400000001,30.384265554999999,6.6080989839999997
207,O,oy7,-0.75800001621246338,1.903847694,35.549131049000003,8.9070014949999994
208,O,oy8,-0.75800001621246338,2.2938520910000002,29.313248050999999,8.9060049059999997
209,O,oy9,-0.68300002813339233,1.920181513,32.118809355000003,8.971824646
210,Al,ay2,1.4500000476837158,3.8929719920000001,35.308422696999997,-0.0015956290000000001
211,Al,ay2,1.4500000476837158,0.29726901700000002,35.308422696999997,9.9742784499999999
212,Si,sy1,1.1000000238418579,1.139068604,27.685084773,12.675878525
213,Si,sy2,1.1000000238418579,1.071455002,33.734351289999999,12.677074432
214,H,hoy,0.20000000298023224,0.81343799800000005,30.202156436999999,11.167409897000001
215,O,oy1,-0.55000001192092896,0.82473915799999997,35.225481641999998,13.329487801000001
216,O,oy2,-0.55000001192092896,-0.017165354000000001,28.752496255000001,13.120659828000001
217,O,oy3,-0.55000001192092896,-0.040476758000000002,32.722834241999998,13.337266922
218,O,oy4,-0.86699998378753662,1.2848341459999999,27.557969046,11.038363457000001
219,O,oy5,-0.75800001621246338,0.89482974999999998,33.793851984,11.039361
220,O,oy6,-0.68300002813339233,1.268500328,30.988290679999999,10.973541259999999
221,Al,ay1,1.4500000476837158,3.8947281839999999,32.306327475000003,0.0015956290000000001
222,Si,sy1,1.1000000238418579,4.7365274429999999,30.914365185000001,2.703195333
223,Si,sy2,1.1000000238418579,4.6689143179999997,33.880398882000001,2.7043921950000001
224,K,k+,1,15.091856279,0.98680719699999997,5.0423578229999997
225,H,hoy,0.20000000298023224,4.4108972550000001,28.397293461,1.1947274210000001
226,O,oy1,-0.55000001192092896,4.4221982960000004,32.389268530000002,3.356805086
227,O,oy2,-0.55000001192092896,3.5802936550000002,29.846953761999998,3.1479771140000001
228,O,oy3,-0.55000001192092896,3.5569822790000001,34.891915453000003,3.3645837310000002
229,O,oy7,-0.75800001621246338,4.8822932239999997,31.041480912000001,1.0656808609999999
230,O,oy8,-0.75800001621246338,4.4922890659999997,33.820898188000001,1.066678166
231,O,oy9,-0.68300002813339233,4.8659596440000001,27.611159337,1.000858426
232,Al,ay1,1.4500000476837158,0.29551279499999999,32.306327475000003,9.9710874559999993
233,Si,sy1,1.1000000238418579,-0.54628676200000004,30.914365185000001,7.2694873810000002
234,Si,sy2,1.1000000238418579,-0.47867319000000003,33.880398882000001,7.2682905199999999
235,H,hoy,0.20000000298023224,-0.220656186,28.397293461,8.7779550549999996
236,O,oy1,-0.55000001192092896,-0.23195737599999999,32.389268530000002,6.6158776279999998
237,O,oy2,-0.55000001192092896,0.60994714500000002,29.846953761999998,6.8247056009999998
238,O,oy3,-0.55000001192092896,0.63325852199999999,34.891915453000003,6.6080989839999997
239,O,oy7,-0.75800001621246338,-0.69205230500000003,31.041480912000001,8.9070014949999994
240,O,oy8,-0.75800001621246338,-0.302047968,33.820898188000001,8.9060049059999997
241,O,oy9,-0.79199999570846558,-0.67571848599999995,27.611159337,8.971824646
242,Mg,ay2,1.0980000495910645,1.2970719340000001,30.800772560999999,-0.0015956290000000001
243,Al,ay2,1.4500000476837158,2.893168926,30.800772560999999,9.9742784499999999
244,Si,sy1,1.1000000238418579,3.734968662,32.192734850000001,12.675878525
245,Si,sy2,1.1000000238418579,3.6673550609999999,29.226701153,12.677074432
246,H,hoy,0.20000000298023224,3.4093379970000002,34.709806573999998,11.167409897000001
247,O,oy1,-0.55000001192092896,3.4206392769999998,30.717831744000001,13.329487801000001
248,O,oy2,-0.55000001192092896,2.5787346360000001,33.260146272999997,13.120659828000001
249,O,oy3,-0.55000001192092896,2.55542326,28.215184463,13.337266922
250,O,oy4,-0.75800001621246338,3.880734205,32.065619124000001,11.038363457000001
251,O,oy5,-0.75800001621246338,3.4907298089999999,29.286202085999999,11.039361
252,O,oy6,-0.68300002813339233,3.8644003869999999,35.495940816999997,10.973541259999999
253,Al,ay1,1.4500000476837158,6.4906281249999997,0.75277757599999995,0.0015956290000000001
254,Si,sy1,1.1000000238418579,7.3324276230000001,8.376114845,2.703195333
255,Si,sy2,1.1000000238418579,7.2648140210000003,2.3268489840000002,2.7043921950000001
256,H,hoy,0.20000000298023224,7.0067970769999999,5.8590435980000004,1.1947274210000001
257,O,oy1,-0.55000001192092896,7.0180982370000002,0.83571833399999995,3.356805086
258,O,oy2,-0.55000001192092896,6.1761937749999998,7.3087038990000002,3.1479771140000001
259,O,oy3,-0.55000001192092896,6.1528823389999996,3.3383655550000002,3.3645837310000002
260,O,oy7,-0.86699998378753662,7.4781931659999996,8.503231049,1.0656808609999999
261,O,oy8,-0.75800001621246338,7.0881888880000004,2.2673480509999999,1.066678166
262,O,oy9,-0.68300002813339233,7.4618593469999999,5.0729093550000002,1.000858426
263,Al,ay1,1.4500000476837158,8.083212735,0.75277757599999995,9.9710874559999993
264,Si,sy1,1.1000000238418579,7.2414132369999997,8.376114845,7.2694873810000002
265,Si,sy2,1.1000000238418579,7.3090268390000004,2.3268489840000002,7.2682905199999999
266,H,hoy,0.20000000298023224,7.567043902,5.8590435980000004,8.7779550549999996
267,O,oy1,-0.55000001192092896,7.5557426230000004,0.83571833399999995,6.6158776279999998
268,O,oy2,-0.55000001192092896,8.3976470249999995,7.3087038990000002,6.8247056009999998
269,O,oy3,-0.55000001192092896,8.4209586400000003,3.3383655550000002,6.6080989839999997
270,O,oy7,-0.86699998378753662,7.0956476940000002,8.503231049,8.9070014949999994
271,O,oy8,-0.75800001621246338,7.4856520910000004,2.2673480509999999,8.9060049059999997
272,O,oy9,-0.79199999570846558,7.1119815129999999,5.0729093550000002,8.971824646
273,Mg,ay2,1.0980000495910645,9.0847719920000003,8.2625226969999996,-0.0015956290000000001
274,Al,ay2,1.4500000476837158,5.4890690170000003,8.2625226969999996,9.9742784499999999
275,Si,sy1,1.1000000238418579,6.330868604,0.63918477299999998,12.675878525
276,Si,sy2,1.1000000238418579,6.2632550020000002,6.6884512899999997,12.677074432
277,H,hoy,0.20000000298023224,6.0052379980000001,3.1562564370000001,11.167409897000001
278,O,oy1,-0.55000001192092896,6.0165391579999996,8.1795816420000005,13.329487801000001
279,O,oy2,-0.55000001192092896,5.1746346460000003,1.706596255,13.120659828000001
280,O,oy3,-0.55000001192092896,5.1513232420000001,5.6769342419999997,13.337266922
281,O,oy4,-0.75800001621246338,6.4766341460000003,0.51206904600000003,11.038363457000001
282,O,oy5,-0.86699998378753662,6.0866297500000002,6.7479519840000002,11.039361
283,O,oy6,-0.79199999570846558,6.4603003279999998,3.9423906799999999,10.973541259999999
284,Al,ay1,1.4500000476837158,9.0865281840000005,5.2604274750000002,0.0015956290000000001
285,Si,sy1,1.1000000238418579,9.9283274430000006,3.8684651849999998,2.703195333
286,Si,sy2,1.1000000238418579,9.8607143179999994,6.8344988820000001,2.7043921950000001
287,H,hoy,0.20000000298023224,9.6026972550000007,1.351393461,1.1947274210000001
288,O,oy1,-0.55000001192092896,9.6139982960000001,5.3433685300000002,3.356805086
289,O,oy2,-0.55000001192092896,8.7720936550000008,2.801053762,3.1479771140000001
290,O,oy3,-0.55000001192092896,8.7487822790000003,7.8460154529999997,3.3645837310000002
291,O,oy7,-0.75800001621246338,10.074093224,3.9955809119999999,1.0656808609999999
292,O,oy8,-0.86699998378753662,9.6840890660000003,6.7749981879999996,1.066678166
293,O,oy9,-0.68300002813339233,10.057759644000001,0.56525933699999997,1.000858426
294,Mg,ay1,1.0980000495910645,5.4873127950000002,5.2604274750000002,9.9710874559999993
295,Si,sy1,1.1000000238418579,4.6455132380000004,3.8684651849999998,7.2694873810000002
296,Si,sy2,1.1000000238418579,4.7131268100000003,6.8344988820000001,7.2682905199999999
297,H,hoy,0.20000000298023224,4.9711438140000004,1.351393461,8.7779550549999996
298,O,oy1,-0.55000001192092896,4.9598426240000002,5.3433685300000002,6.6158776279999998
299,O,oy2,-0.55000001192092896,5.8017471450000002,2.801053762,6.8247056009999998
300,O,oy3,-0.55000001192092896,5.825058522,7.8460154529999997,6.6080989839999997
301,O,oy7,-0.86699998378753662,4.4997476949999999,3.9955809119999999,8.9070014949999994
302,O,oy8,-0.86699998378753662,4.8897520319999996,6.7749981879999996,8.9060049059999997
303,O,oy9,-0.68300002813339233,4.5160815139999997,0.56525933699999997,8.971824646
304,Al,ay2,1.4500000476837158,6.4888719339999996,3.754872561,-0.0015956290000000001
305,K,k+,1,15.887295281,16.953045939999999,-5.008161275
306,Al,ay2,1.4500000476837158,8.0849689260000002,3.754872561,9.9742784499999999
307,Si,sy1,1.1000000238418579,8.9267686620000006,5.1468348500000003,12.675878525
308,Si,sy2,1.1000000238418579,8.8591550609999992,2.180801153,12.677074432
309,H,hoy,0.20000000298023224,8.6011379970000004,7.6639065740000003,11.167409897000001
310,O,oy1,-0.55000001192092896,8.612439277,3.6719317440000001,13.329487801000001
311,O,oy2,-0.55000001192092896,7.7705346359999998,6.2142462729999997,13.120659828000001
312,O,oy3,-0.55000001192092896,7.7472232600000002,1.1692844630000001,13.337266922
313,O,oy4,-0.75800001621246338,9.0725342050000002,5.0197191239999999,11.038363457000001
314,O,oy5,-0.75800001621246338,8.682529809,2.2403020859999998,11.039361
315,O,oy6,-0.79199999570846558,9.0562003870000005,8.4500408169999996,10.973541259999999
316,Al,ay1,1.4500000476837158,6.4906281249999997,9.7680775759999996,0.0015956290000000001
317,Si,sy1,1.1000000238418579,7.3324276230000001,17.391414845,2.703195333
318,Si,sy2,1.1000000238418579,7.2648140210000003,11.342148984,2.7043921950000001
319,H,hoy,0.20000000298023224,7.0067970769999999,14.874343597999999,1.1947274210000001
320,O,oy1,-0.55000001192092896,7.0180982370000002,9.8510183340000008,3.356805086
321,O,oy2,-0.55000001192092896,6.1761937749999998,16.324003899000001,3.1479771140000001
322,O,oy3,-0.55000001192092896,6.1528823389999996,12.353665554999999,3.3645837310000002
323,O,oy7,-0.75800001621246338,7.4781931659999996,17.518531049,1.0656808609999999
324,O,oy8,-0.75800001621246338,7.0881888880000004,11.282648051000001,1.066678166
325,O,oy9,-0.68300002813339233,7.4618593469999999,14.088209355,1.000858426
326,Mg,ay1,1.0980000495910645,8.083212735,9.7680775759999996,9.9710874559999993
327,Si,sy1,1.1000000238418579,7.2414132369999997,17.391414845,7.2694873810000002
328,Si,sy2,1.1000000238418579,7.3090268390000004,11.342148984,7.2682905199999999
329,H,hoy,0.20000000298023224,7.567043902,14.874343597999999,8.7779550549999996
330,O,oy1,-0.55000001192092896,7.5557426230000004,9.8510183340000008,6.6158776279999998
331,O,oy2,-0.55000001192092896,8.3976470249999995,16.324003899000001,6.8247056009999998
332,O,oy3,-0.55000001192092896,8.4209586400000003,12.353665554999999,6.6080989839999997
333,O,oy7,-0.75800001621246338,7.0956476940000002,17.518531049,8.9070014949999994
334,O,oy8,-0.86699998378753662,7.4856520910000004,11.282648051000001,8.9060049059999997
335,O,oy9,-0.68300002813339233,7.1119815129999999,14.088209355,8.971824646
336,Al,ay2,1.4500000476837158,9.0847719920000003,17.277822697000001,-0.0015956290000000001
337,Al,ay2,1.4500000476837158,5.4890690170000003,17.277822697000001,9.9742784499999999
338,Si,sy1,1.1000000238418579,6.330868604,9.6544847730000001,12.675878525
339,Si,sy2,1.1000000238418579,6.2632550020000002,15.70375129,12.677074432
340,H,hoy,0.20000000298023224,6.0052379980000001,12.171556437,11.167409897000001
341,O,oy1,-0.55000001192092896,6.0165391579999996,17.194881641999999,13.329487801000001
342,O,oy2,-0.55000001192092896,5.1746346460000003,10.721896255000001,13.120659828000001
343,O,oy3,-0.55000001192092896,5.1513232420000001,14.692234242,13.337266922
344,O,oy4,-0.86699998378753662,6.4766341460000003,9.5273690460000005,11.038363457000001
345,O,oy5,-0.75800001621246338,6.0866297500000002,15.763251984,11.039361
346,O,oy6,-0.68300002813339233,6.4603003279999998,12.957690680000001,10.973541259999999
347,Al,ay1,1.4500000476837158,9.0865281840000005,14.275727475,0.0015956290000000001
348,Si,sy1,1.1000000238418579,9.9283274430000006,12.883765185,2.703195333
349,Si,sy2,1.1000000238418579,9.8607143179999994,15.849798882,2.7043921950000001
350,H,hoy,0.20000000298023224,9.6026972550000007,10.366693461000001,1.1947274210000001
351,O,oy1,-0.55000001192092896,9.6139982960000001,14.358668529999999,3.356805086
352,O,oy2,-0.55000001192092896,8.7720936550000008,11.816353762,3.1479771140000001
353,O,oy3,-0.55000001192092896,8.7487822790000003,16.861315453,3.3645837310000002
354,O,oy7,-0.75800001621246338,10.074093224,13.010880911999999,1.0656808609999999
355,O,oy8,-0.75800001621246338,9.6840890660000003,15.790298188,1.066678166
356,O,oy9,-0.79199999570846558,10.057759644000001,9.5805593370000004,1.000858426
357,Al,ay1,1.4500000476837158,5.4873127950000002,14.275727475,9.9710874559999993
358,Si,sy1,1.1000000238418579,4.6455132380000004,12.883765185,7.2694873810000002
359,Si,sy2,1.1000000238418579,4.7131268100000003,15.849798882,7.2682905199999999
360,H,hoy,0.20000000298023224,4.9711438140000004,10.366693461000001,8.7779550549999996
361,O,oy1,-0.55000001192092896,4.9598426240000002,14.358668529999999,6.6158776279999998
362,O,oy2,-0.55000001192092896,5.8017471450000002,11.816353762,6.8247056009999998
363,O,oy3,-0.55000001192092896,5.825058522,16.861315453,6.6080989839999997
364,O,oy7,-0.75800001621246338,4.4997476949999999,13.010880911999999,8.9070014949999994
365,O,oy8,-0.75800001621246338,4.8897520319999996,15.790298188,8.9060049059999997
366,O,oy9,-0.68300002813339233,4.5160815139999997,9.5805593370000004,8.971824646
367,Al,ay2,1.4500000476837158,6.4888719339999996,12.770172561000001,-0.0015956290000000001
368,K,k+,1,14.263771272,8.0066678539999998,14.932681664
369,Al,ay2,1.4500000476837158,8.0849689260000002,12.770172561000001,9.9742784499999999
370,Si,sy1,1.1000000238418579,8.9267686620000006,14.162134849999999,12.675878525
371,Si,sy2,1.1000000238418579,8.8591550609999992,11.196101153000001,12.677074432
372,H,hoy,0.20000000298023224,8.6011379970000004,16.679206573999998,11.167409897000001
373,O,oy1,-0.55000001192092896,8.612439277,12.687231744,13.329487801000001
374,O,oy2,-0.55000001192092896,7.7705346359999998,15.229546273,13.120659828000001
375,O,oy3,-0.55000001192092896,7.7472232600000002,10.184584463,13.337266922
376,O,oy4,-0.75800001621246338,9.0725342050000002,14.035019124,11.038363457000001
377,O,oy5,-0.86699998378753662,8.682529809,11.255602086,11.039361
378,O,oy6,-0.79199999570846558,9.0562003870000005,17.465340817000001,10.973541259999999
379,Al,ay1,1.4500000476837158,6.4906281249999997,18.783377575999999,0.0015956290000000001
380,Si,sy1,1.1000000238418579,7.3324276230000001,26.406714845,2.703195333
381,Si,sy2,1.1000000238418579,7.2648140210000003,20.357448984000001,2.7043921950000001
382,H,hoy,0.20000000298023224,7.0067970769999999,23.889643597999999,1.1947274210000001
383,O,oy1,-0.55000001192092896,7.0180982370000002,18.866318333999999,3.356805086
384,O,oy2,-0.55000001192092896,6.1761937749999998,25.339303899000001,3.1479771140000001
385,O,oy3,-0.55000001192092896,6.1528823389999996,21.368965554999999,3.3645837310000002
386,O,oy7,-0.75800001621246338,7.4781931659999996,26.533831049,1.0656808609999999
387,O,oy8,-0.75800001621246338,7.0881888880000004,20.297948050999999,1.066678166
388,O,oy9,-0.68300002813339233,7.4618593469999999,23.103509355,1.000858426
389,Al,ay1,1.4500000476837158,8.083212735,18.783377575999999,9.9710874559999993
390,Si,sy1,1.1000000238418579,7.2414132369999997,26.406714845,7.2694873810000002
391,Si,sy2,1.1000000238418579,7.3090268390000004,20.357448984000001,7.2682905199999999
392,H,hoy,0.20000000298023224,7.567043902,23.889643597999999,8.7779550549999996
393,O,oy1,-0.55000001192092896,7.5557426230000004,18.866318333999999,6.6158776279999998
394,O,oy2,-0.55000001192092896,8.3976470249999995,25.339303899000001,6.8247056009999998
395,O,oy3,-0.55000001192092896,8.4209586400000003,21.368965554999999,6.6080989839999997
396,O,oy7,-0.75800001621246338,7.0956476940000002,26.533831049,8.9070014949999994
397,O,oy8,-0.75800001621246338,7.4856520910000004,20.297948050999999,8.9060049059999997
398,O,oy9,-0.68300002813339233,7.1119815129999999,23.103509355,8.971824646
399,Al,ay2,1.4500000476837158,9.0847719920000003,26.293122697000001,-0.0015956290000000001
400,Al,ay2,1.4500000476837158,5.4890690170000003,26.293122697000001,9.9742784499999999
401,Si,sy1,1.1000000238418579,6.330868604,18.669784773,12.675878525
402,Si,sy2,1.1000000238418579,6.2632550020000002,24.719051289999999,12.677074432
403,H,hoy,0.20000000298023224,6.0052379980000001,21.186856436999999,11.167409897000001
404,O,oy1,-0.55000001192092896,6.0165391579999996,26.210181641999998,13.329487801000001
405,O,oy2,-0.55000001192092896,5.1746346460000003,19.737196255000001,13.120659828000001
406,O,oy3,-0.55000001192092896,5.1513232420000001,23.707534242000001,13.337266922
407,O,oy4,-0.75800001621246338,6.4766341460000003,18.542669046,11.038363457000001
408,O,oy5,-0.75800001621246338,6.0866297500000002,24.778551984,11.039361
409,O,oy6,-0.68300002813339233,6.4603003279999998,21.972990679999999,10.973541259999999
410,Al,ay1,1.4500000476837158,9.0865281840000005,23.291027475,0.0015956290000000001
411,Si,sy1,1.1000000238418579,9.9283274430000006,21.899065185000001,2.703195333
412,Si,sy2,1.1000000238418579,9.8607143179999994,24.865098882000002,2.7043921950000001
413,K,k+,1,22.738484101000001,32.49968045,5.1241667770000001
414,H,hoy,0.20000000298023224,9.6026972550000007,19.381993461,1.1947274210000001
415,O,oy1,-0.55000001192092896,9.6139982960000001,23.373968529999999,3.356805086
416,O,oy2,-0.55000001192092896,8.7720936550000008,20.831653761999998,3.1479771140000001
417,O,oy3,-0.55000001192092896,8.7487822790000003,25.876615452999999,3.3645837310000002
418,O,oy7,-0.86699998378753662,10.074093224,22.026180912000001,1.0656808609999999
419,O,oy8,-0.75800001621246338,9.6840890660000003,24.805598188000001,1.066678166
420,O,oy9,-0.68300002813339233,10.057759644000001,18.595859337,1.000858426
421,Al,ay1,1.4500000476837158,5.4873127950000002,23.291027475,9.9710874559999993
422,Si,sy1,1.1000000238418579,4.6455132380000004,21.899065185000001,7.2694873810000002
423,Si,sy2,1.1000000238418579,4.7131268100000003,24.865098882000002,7.2682905199999999
424,H,hoy,0.20000000298023224,4.9711438140000004,19.381993461,8.7779550549999996
425,O,oy1,-0.55000001192092896,4.9598426240000002,23.373968529999999,6.6158776279999998
426,O,oy2,-0.55000001192092896,5.8017471450000002,20.831653761999998,6.8247056009999998
427,O,oy3,-0.55000001192092896,5.825058522,25.876615452999999,6.6080989839999997
428,O,oy7,-0.75800001621246338,4.4997476949999999,22.026180912000001,8.9070014949999994
429,O,oy8,-0.75800001621246338,4.8897520319999996,24.805598188000001,8.9060049059999997
430,O,oy9,-0.79199999570846558,4.5160815139999997,18.595859337,8.971824646
431,Al,ay2,1.4500000476837158,6.4888719339999996,21.785472560999999,-0.0015956290000000001
432,Al,ay2,1.4500000476837158,8.0849689260000002,21.785472560999999,9.9742784499999999
433,Si,sy1,1.1000000238418579,8.9267686620000006,23.177434850000001,12.675878525
434,Si,sy2,1.1000000238418579,8.8591550609999992,20.211401153000001,12.677074432
435,H,hoy,0.20000000298023224,8.6011379970000004,25.694506573999998,11.167409897000001
436,O,oy1,-0.55000001192092896,8.612439277,21.702531744000002,13.329487801000001
437,O,oy2,-0.55000001192092896,7.7705346359999998,24.244846273,13.120659828000001
438,O,oy3,-0.55000001192092896,7.7472232600000002,19.199884463,13.337266922
439,O,oy4,-0.75800001621246338,9.0725342050000002,23.050319124000001,11.038363457000001
440,O,oy5,-0.75800001621246338,8.682529809,20.270902086,11.039361
441,O,oy6,-0.68300002813339233,9.0562003870000005,26.480640817000001,10.973541259999999
442,Al,ay1,1.4500000476837158,6.4906281249999997,27.798677575999999,0.0015956290000000001
443,Si,sy1,1.1000000238418579,7.3324276230000001,35.422014845,2.703195333
444,Si,sy2,1.1000000238418579,7.2648140210000003,29.372748984000001,2.7043921950000001
445,H,hoy,0.20000000298023224,7.0067970769999999,32.904943598000003,1.1947274210000001
446,O,oy1,-0.55000001192092896,7.0180982370000002,27.881618333999999,3.356805086
447,O,oy2,-0.55000001192092896,6.1761937749999998,34.354603898999997,3.1479771140000001
448,O,oy3,-0.55000001192092896,6.1528823389999996,30.384265554999999,3.3645837310000002
449,O,oy7,-0.75800001621246338,7.4781931659999996,35.549131049000003,1.0656808609999999
450,O,oy8,-0.75800001621246338,7.0881888880000004,29.313248050999999,1.066678166
451,O,oy9,-0.79199999570846558,7.4618593469999999,32.118809355000003,1.000858426
452,Al,ay1,1.4500000476837158,8.083212735,27.798677575999999,9.9710874559999993
453,Si,sy1,1.1000000238418579,7.2414132369999997,35.422014845,7.2694873810000002
454,Si,sy2,1.1000000238418579,7.3090268390000004,29.372748984000001,7.2682905199999999
455,H,hoy,0.20000000298023224,7.567043902,32.904943598000003,8.7779550549999996
456,O,oy1,-0.55000001192092896,7.5557426230000004,27.881618333999999,6.6158776279999998
457,O,oy2,-0.55000001192092896,8.3976470249999995,34.354603898999997,6.8247056009999998
458,O,oy3,-0.55000001192092896,8.4209586400000003,30.384265554999999,6.6080989839999997
459,O,oy7,-0.75800001621246338,7.0956476940000002,35.549131049000003,8.9070014949999994
460,O,oy8,-0.86699998378753662,7.4856520910000004,29.313248050999999,8.9060049059999997
461,O,oy9,-0.79199999570846558,7.1119815129999999,32.118809355000003,8.971824646
462,Al,ay2,1.4500000476837158,9.0847719920000003,35.308422696999997,-0.0015956290000000001
463,K,k+,1,24.565202511999999,26.254800262,14.871337644
464,Al,ay2,1.4500000476837158,5.4890690170000003,35.308422696999997,9.9742784499999999
465,Si,sy1,1.1000000238418579,6.330868604,27.685084773,12.675878525
466,Si,sy2,1.1000000238418579,6.2632550020000002,33.734351289999999,12.677074432
467,H,hoy,0.20000000298023224,6.0052379980000001,30.202156436999999,11.167409897000001
468,O,oy1,-0.55000001192092896,6.0165391579999996,35.225481641999998,13.329487801000001
469,O,oy2,-0.55000001192092896,5.1746346460000003,28.752496255000001,13.120659828000001
470,O,oy3,-0.55000001192092896,5.1513232420000001,32.722834241999998,13.337266922
471,O,oy4,-0.75800001621246338,6.4766341460000003,27.557969046,11.038363457000001
472,O,oy5,-0.75800001621246338,6.0866297500000002,33.793851984,11.039361
473,O,oy6,-0.79199999570846558,6.4603003279999998,30.988290679999999,10.973541259999999
474,Mg,ay1,1.0970000028610229,9.0865281840000005,32.306327475000003,0.0015956290000000001
475,Si,sy1,1.1000000238418579,9.9283274430000006,30.914365185000001,2.703195333
476,Si,sy2,1.1000000238418579,9.8607143179999994,33.880398882000001,2.7043921950000001
477,H,hoy,0.20000000298023224,9.6026972550000007,28.397293461,1.1947274210000001
478,O,oy1,-0.55000001192092896,9.6139982960000001,32.389268530000002,3.356805086
479,O,oy2,-0.55000001192092896,8.7720936550000008,29.846953761999998,3.1479771140000001
480,O,oy3,-0.55000001192092896,8.7487822790000003,34.891915453000003,3.3645837310000002
481,O,oy7,-0.86699998378753662,10.074093224,31.041480912000001,1.0656808609999999
482,O,oy8,-0.86699998378753662,9.6840890660000003,33.820898188000001,1.066678166
483,O,oy9,-0.68300002813339233,10.057759644000001,27.611159337,1.000858426
484,Al,ay1,1.4500000476837158,5.4873127950000002,32.306327475000003,9.9710874559999993
485,Si,sy1,1.1000000238418579,4.6455132380000004,30.914365185000001,7.2694873810000002
486,Si,sy2,1.1000000238418579,4.7131268100000003,33.880398882000001,7.2682905199999999
487,H,hoy,0.20000000298023224,4.9711438140000004,28.397293461,8.7779550549999996
488,O,oy1,-0.55000001192092896,4.9598426240000002,32.389268530000002,6.6158776279999998
489,O,oy2,-0.55000001192092896,5.8017471450000002,29.846953761999998,6.8247056009999998
490,O,oy3,-0.55000001192092896,5.825058522,34.891915453000003,6.6080989839999997
491,O,oy7,-0.75800001621246338,4.4997476949999999,31.041480912000001,8.9070014949999994
492,O,oy8,-0.75800001621246338,4.8897520319999996,33.820898188000001,8.9060049059999997
493,O,oy9,-0.68300002813339233,4.5160815139999997,27.611159337,8.971824646
494,Al,ay2,1.4500000476837158,6.4888719339999996,30.800772560999999,-0.0015956290000000001
495,Mg,ay2,1.0970000028610229,8.0849689260000002,30.800772560999999,9.9742784499999999
496,Si,sy1,1.1000000238418579,8.9267686620000006,32.192734850000001,12.675878525
497,Si,sy2,1.1000000238418579,8.8591550609999992,29.226701153,12.677074432
498,H,hoy,0.20000000298023224,8.6011379970000004,34.709806573999998,11.167409897000001
499,O,oy1,-0.55000001192092896,8.612439277,30.717831744000001,13.329487801000001
500,O,oy2,-0.55000001192092896,7.7705346359999998,33.260146272999997,13.120659828000001
501,O,oy3,-0.55000001192092896,7.7472232600000002,28.215184463,13.337266922
502,O,oy4,-0.86699998378753662,9.0725342050000002,32.065619124000001,11.038363457000001
503,O,oy5,-0.86699998378753662,8.682529809,29.286202085999999,11.039361
504,O,oy6,-0.68300002813339233,9.0562003870000005,35.495940816999997,10.973541259999999
505,Al,ay1,1.4500000476837158,11.682428124999999,0.75277757599999995,0.0015956290000000001
506,Si,sy1,1.1000000238418579,12.524227623,8.376114845,2.703195333
507,Si,sy2,1.1000000238418579,12.456614021,2.3268489840000002,2.7043921950000001
508,K,k+,1,33.367532527999998,14.550989313000001,4.9218587820000002
509,H,hoy,0.20000000298023224,12.198597077000001,5.8590435980000004,1.1947274210000001
510,O,oy1,-0.55000001192092896,12.209898237000001,0.83571833399999995,3.356805086
511,O,oy2,-0.55000001192092896,11.367993775,7.3087038990000002,3.1479771140000001
512,O,oy3,-0.55000001192092896,11.344682339,3.3383655550000002,3.3645837310000002
513,O,oy7,-0.75800001621246338,12.669993165999999,8.503231049,1.0656808609999999
514,O,oy8,-0.75800001621246338,12.279988888,2.2673480509999999,1.066678166
515,O,oy9,-0.68300002813339233,12.653659347,5.0729093550000002,1.000858426
516,Mg,ay1,1.0980000495910645,13.275012735000001,0.75277757599999995,9.9710874559999993
517,Si,sy1,1.1000000238418579,12.433213237,8.376114845,7.2694873810000002
518,Si,sy2,1.1000000238418579,12.500826839,2.3268489840000002,7.2682905199999999
519,H,hoy,0.20000000298023224,12.758843902000001,5.8590435980000004,8.7779550549999996
520,O,oy1,-0.55000001192092896,12.747542622999999,0.83571833399999995,6.6158776279999998
521,O,oy2,-0.55000001192092896,13.589447025,7.3087038990000002,6.8247056009999998
522,O,oy3,-0.55000001192092896,13.612758639999999,3.3383655550000002,6.6080989839999997
523,O,oy7,-0.75800001621246338,12.287447694000001,8.503231049,8.9070014949999994
524,O,oy8,-0.86699998378753662,12.677452090999999,2.2673480509999999,8.9060049059999997
525,O,oy9,-0.68300002813339233,12.303781513000001,5.0729093550000002,8.971824646
526,Al,ay2,1.4500000476837158,14.276571991999999,8.2625226969999996,-0.0015956290000000001
527,Al,ay2,1.4500000476837158,10.680869016999999,8.2625226969999996,9.9742784499999999
528,Si,sy1,1.1000000238418579,11.522668604,0.63918477299999998,12.675878525
529,Si,sy2,1.1000000238418579,11.455055002,6.6884512899999997,12.677074432
530,H,hoy,0.20000000298023224,11.197037998000001,3.1562564370000001,11.167409897000001
531,O,oy1,-0.55000001192092896,11.208339157999999,8.1795816420000005,13.329487801000001
532,O,oy2,-0.55000001192092896,10.366434646,1.706596255,13.120659828000001
533,O,oy3,-0.55000001192092896,10.343123242000001,5.6769342419999997,13.337266922
534,O,oy4,-0.86699998378753662,11.668434145999999,0.51206904600000003,11.038363457000001
535,O,oy5,-0.75800001621246338,11.278429750000001,6.7479519840000002,11.039361
536,O,oy6,-0.68300002813339233,11.652100328,3.9423906799999999,10.973541259999999
537,Al,ay1,1.4500000476837158,14.278328183999999,5.2604274750000002,0.0015956290000000001
538,Si,sy1,1.1000000238418579,15.120127442999999,3.8684651849999998,2.703195333
539,Si,sy2,1.1000000238418579,15.052514318,6.8344988820000001,2.7043921950000001
540,K,k+,1,25.371900668999999,27.769720826,5.0430249710000004
541,H,hoy,0.20000000298023224,14.794497255,1.351393461,1.1947274210000001
542,O,oy1,-0.55000001192092896,14.805798296000001,5.3433685300000002,3.356805086
543,O,oy2,-0.55000001192092896,13.963893655,2.801053762,3.1479771140000001
544,O,oy3,-0.55000001192092896,13.940582278999999,7.8460154529999997,3.3645837310000002
545,O,oy7,-0.86699998378753662,15.265893223999999,3.9955809119999999,1.0656808609999999
546,O,oy8,-0.75800001621246338,14.875889065999999,6.7749981879999996,1.066678166
547,O,oy9,-0.68300002813339233,15.249559644,0.56525933699999997,1.000858426
548,Al,ay1,1.4500000476837158,10.679112795,5.2604274750000002,9.9710874559999993
549,Si,sy1,1.1000000238418579,9.8373132380000001,3.8684651849999998,7.2694873810000002
550,Si,sy2,1.1000000238418579,9.9049268099999992,6.8344988820000001,7.2682905199999999
551,H,hoy,0.20000000298023224,10.162943814,1.351393461,8.7779550549999996
552,O,oy1,-0.55000001192092896,10.151642624000001,5.3433685300000002,6.6158776279999998
553,O,oy2,-0.55000001192092896,10.993547145000001,2.801053762,6.8247056009999998
554,O,oy3,-0.55000001192092896,11.016858522,7.8460154529999997,6.6080989839999997
555,O,oy7,-0.75800001621246338,9.6915476950000006,3.9955809119999999,8.9070014949999994
556,O,oy8,-0.75800001621246338,10.081552031999999,6.7749981879999996,8.9060049059999997
557,O,oy9,-0.68300002813339233,9.7078815140000003,0.56525933699999997,8.971824646
558,Al,ay2,1.4500000476837158,11.680671933999999,3.754872561,-0.0015956290000000001
559,Al,ay2,1.4500000476837158,13.276768926000001,3.754872561,9.9742784499999999
560,Si,sy1,1.1000000238418579,14.118568661999999,5.1468348500000003,12.675878525
561,Si,sy2,1.1000000238418579,14.050955061,2.180801153,12.677074432
562,H,hoy,0.20000000298023224,13.792937996999999,7.6639065740000003,11.167409897000001
563,O,oy1,-0.55000001192092896,13.804239277000001,3.6719317440000001,13.329487801000001
564,O,oy2,-0.55000001192092896,12.962334636,6.2142462729999997,13.120659828000001
565,O,oy3,-0.55000001192092896,12.939023260000001,1.1692844630000001,13.337266922
566,O,oy4,-0.75800001621246338,14.264334205000001,5.0197191239999999,11.038363457000001
567,O,oy5,-0.86699998378753662,13.874329809000001,2.2403020859999998,11.039361
568,O,oy6,-0.79199999570846558,14.248000386999999,8.4500408169999996,10.973541259999999
569,Al,ay1,1.4500000476837158,11.682428124999999,9.7680775759999996,0.0015956290000000001
570,Si,sy1,1.1000000238418579,12.524227623,17.391414845,2.703195333
571,Si,sy2,1.1000000238418579,12.456614021,11.342148984,2.7043921950000001
572,K,k+,1,7.1117003250000002,5.2881525199999997,5.0181371779999999
573,H,hoy,0.20000000298023224,12.198597077000001,14.874343597999999,1.1947274210000001
574,O,oy1,-0.55000001192092896,12.209898237000001,9.8510183340000008,3.356805086
575,O,oy2,-0.55000001192092896,11.367993775,16.324003899000001,3.1479771140000001
576,O,oy3,-0.55000001192092896,11.344682339,12.353665554999999,3.3645837310000002
577,O,oy7,-0.75800001621246338,12.669993165999999,17.518531049,1.0656808609999999
578,O,oy8,-0.75800001621246338,12.279988888,11.282648051000001,1.066678166
579,O,oy9,-0.68300002813339233,12.653659347,14.088209355,1.000858426
580,Al,ay1,1.4500000476837158,13.275012735000001,9.7680775759999996,9.9710874559999993
581,Si,sy1,1.1000000238418579,12.433213237,17.391414845,7.2694873810000002
582,Si,sy2,1.1000000238418579,12.500826839,11.342148984,7.2682905199999999
583,H,hoy,0.20000000298023224,12.758843902000001,14.874343597999999,8.7779550549999996
584,O,oy1,-0.55000001192092896,12.747542622999999,9.8510183340000008,6.6158776279999998
585,O,oy2,-0.55000001192092896,13.589447025,16.324003899000001,6.8247056009999998
586,O,oy3,-0.55000001192092896,13.612758639999999,12.353665554999999,6.6080989839999997
587,O,oy7,-0.86699998378753662,12.287447694000001,17.518531049,8.9070014949999994
588,O,oy8,-0.75800001621246338,12.677452090999999,11.282648051000001,8.9060049059999997
589,O,oy9,-0.68300002813339233,12.303781513000001,14.088209355,8.971824646
590,Al,ay2,1.4500000476837158,14.276571991999999,17.277822697000001,-0.0015956290000000001
591,K,k+,1,28.982271068999999,3.4942503980000001,-5.0281520840000002
592,Mg,ay2,1.0980000495910645,10.680869016999999,17.277822697000001,9.9742784499999999
593,Si,sy1,1.1000000238418579,11.522668604,9.6544847730000001,12.675878525
594,Si,sy2,1.1000000238418579,11.455055002,15.70375129,12.677074432
595,H,hoy,0.20000000298023224,11.197037998000001,12.171556437,11.167409897000001
596,O,oy1,-0.55000001192092896,11.208339157999999,17.194881641999999,13.329487801000001
597,O,oy2,-0.55000001192092896,10.366434646,10.721896255000001,13.120659828000001
598,O,oy3,-0.55000001192092896,10.343123242000001,14.692234242,13.337266922
599,O,oy4,-0.75800001621246338,11.668434145999999,9.5273690460000005,11.038363457000001
600,O,oy5,-0.86699998378753662,11.278429750000001,15.763251984,11.039361
601,O,oy6,-0.68300002813339233,11.652100328,12.957690680000001,10.973541259999999
602,Al,ay1,1.4500000476837158,14.278328183999999,14.275727475,0.0015956290000000001
603,Si,sy1,1.1000000238418579,15.120127442999999,12.883765185,2.703195333
604,Si,sy2,1.1000000238418579,15.052514318,15.849798882,2.7043921950000001
605,H,hoy,0.20000000298023224,14.794497255,10.366693461000001,1.1947274210000001
606,O,oy1,-0.55000001192092896,14.805798296000001,14.358668529999999,3.356805086
607,O,oy2,-0.55000001192092896,13.963893655,11.816353762,3.1479771140000001
608,O,oy3,-0.55000001192092896,13.940582278999999,16.861315453,3.3645837310000002
609,O,oy7,-0.86699998378753662,15.265893223999999,13.010880911999999,1.0656808609999999
610,O,oy8,-0.75800001621246338,14.875889065999999,15.790298188,1.066678166
611,O,oy9,-0.68300002813339233,15.249559644,9.5805593370000004,1.000858426
612,Al,ay1,1.4500000476837158,10.679112795,14.275727475,9.9710874559999993
613,Si,sy1,1.1000000238418579,9.8373132380000001,12.883765185,7.2694873810000002
614,Si,sy2,1.1000000238418579,9.9049268099999992,15.849798882,7.2682905199999999
615,H,hoy,0.20000000298023224,10.162943814,10.366693461000001,8.7779550549999996
616,O,oy1,-0.55000001192092896,10.151642624000001,14.358668529999999,6.6158776279999998
617,O,oy2,-0.55000001192092896,10.993547145000001,11.816353762,6.8247056009999998
618,O,oy3,-0.55000001192092896,11.016858522,16.861315453,6.6080989839999997
619,O,oy7,-0.75800001621246338,9.6915476950000006,13.010880911999999,8.9070014949999994
620,O,oy8,-0.86699998378753662,10.081552031999999,15.790298188,8.9060049059999997
621,O,oy9,-0.79199999570846558,9.7078815140000003,9.5805593370000004,8.971824646
622,Al,ay2,1.4500000476837158,11.680671933999999,12.770172561000001,-0.0015956290000000001
623,Al,ay2,1.4500000476837158,13.276768926000001,12.770172561000001,9.9742784499999999
624,Si,sy1,1.1000000238418579,14.118568661999999,14.162134849999999,12.675878525
625,Si,sy2,1.1000000238418579,14.050955061,11.196101153000001,12.677074432
626,H,hoy,0.20000000298023224,13.792937996999999,16.679206573999998,11.167409897000001
627,O,oy1,-0.55000001192092896,13.804239277000001,12.687231744,13.329487801000001
628,O,oy2,-0.55000001192092896,12.962334636,15.229546273,13.120659828000001
629,O,oy3,-0.55000001192092896,12.939023260000001,10.184584463,13.337266922
630,O,oy4,-0.75800001621246338,14.264334205000001,14.035019124,11.038363457000001
631,O,oy5,-0.75800001621246338,13.874329809000001,11.255602086,11.039361
632,O,oy6,-0.68300002813339233,14.248000386999999,17.465340817000001,10.973541259999999
633,Al,ay1,1.4500000476837158,11.682428124999999,18.783377575999999,0.0015956290000000001
634,Si,sy1,1.1000000238418579,12.524227623,26.406714845,2.703195333
635,Si,sy2,1.1000000238418579,12.456614021,20.357448984000001,2.7043921950000001
636,H,hoy,0.20000000298023224,12.198597077000001,23.889643597999999,1.1947274210000001
637,O,oy1,-0.55000001192092896,12.209898237000001,18.866318333999999,3.356805086
638,O,oy2,-0.55000001192092896,11.367993775,25.339303899000001,3.1479771140000001
639,O,oy3,-0.55000001192092896,11.344682339,21.368965554999999,3.3645837310000002
640,O,oy7,-0.75800001621246338,12.669993165999999,26.533831049,1.0656808609999999
641,O,oy8,-0.86699998378753662,12.279988888,20.297948050999999,1.066678166
642,O,oy9,-0.79199999570846558,12.653659347,23.103509355,1.000858426
643,Al,ay1,1.4500000476837158,13.275012735000001,18.783377575999999,9.9710874559999993
644,Si,sy1,1.1000000238418579,12.433213237,26.406714845,7.2694873810000002
645,Si,sy2,1.1000000238418579,12.500826839,20.357448984000001,7.2682905199999999
646,H,hoy,0.20000000298023224,12.758843902000001,23.889643597999999,8.7779550549999996
647,O,oy1,-0.55000001192092896,12.747542622999999,18.866318333999999,6.6158776279999998
648,O,oy2,-0.55000001192092896,13.589447025,25.339303899000001,6.8247056009999998
649,O,oy3,-0.55000001192092896,13.612758639999999,21.368965554999999,6.6080989839999997
650,O,oy7,-0.75800001621246338,12.287447694000001,26.533831049,8.9070014949999994
651,O,oy8,-0.75800001621246338,12.677452090999999,20.297948050999999,8.9060049059999997
652,O,oy9,-0.68300002813339233,12.303781513000001,23.103509355,8.971824646
653,Al,ay2,1.4500000476837158,14.276571991999999,26.293122697000001,-0.0015956290000000001
654,K,k+,1,19.234718684000001,26.301242105,15.102608570999999
655,Al,ay2,1.4500000476837158,10.680869016999999,26.293122697000001,9.9742784499999999
656,Si,sy1,1.1000000238418579,11.522668604,18.669784773,12.675878525
657,Si,sy2,1.1000000238418579,11.455055002,24.719051289999999,12.677074432
658,H,hoy,0.20000000298023224,11.197037998000001,21.186856436999999,11.167409897000001
659,O,oy1,-0.55000001192092896,11.208339157999999,26.210181641999998,13.329487801000001
660,O,oy2,-0.55000001192092896,10.366434646,19.737196255000001,13.120659828000001
661,O,oy3,-0.55000001192092896,10.343123242000001,23.707534242000001,13.337266922
662,O,oy4,-0.86699998378753662,11.668434145999999,18.542669046,11.038363457000001
663,O,oy5,-0.75800001621246338,11.278429750000001,24.778551984,11.039361
664,O,oy6,-0.68300002813339233,11.652100328,21.972990679999999,10.973541259999999
665,Al,ay1,1.4500000476837158,14.278328183999999,23.291027475,0.0015956290000000001
666,Si,sy1,1.1000000238418579,15.120127442999999,21.899065185000001,2.703195333
667,Si,sy2,1.1000000238418579,15.052514318,24.865098882000002,2.7043921950000001
668,H,hoy,0.20000000298023224,14.794497255,19.381993461,1.1947274210000001
669,O,oy1,-0.55000001192092896,14.805798296000001,23.373968529999999,3.356805086
670,O,oy2,-0.55000001192092896,13.963893655,20.831653761999998,3.1479771140000001
671,O,oy3,-0.55000001192092896,13.940582278999999,25.876615452999999,3.3645837310000002
672,O,oy7,-0.75800001621246338,15.265893223999999,22.026180912000001,1.0656808609999999
673,O,oy8,-0.75800001621246338,14.875889065999999,24.805598188000001,1.066678166
674,O,oy9,-0.68300002813339233,15.249559644,18.595859337,1.000858426
675,Al,ay1,1.4500000476837158,10.679112795,23.291027475,9.9710874559999993
676,Si,sy1,1.1000000238418579,9.8373132380000001,21.899065185000001,7.2694873810000002
677,Si,sy2,1.1000000238418579,9.9049268099999992,24.865098882000002,7.2682905199999999
678,H,hoy,0.20000000298023224,10.162943814,19.381993461,8.7779550549999996
679,O,oy1,-0.55000001192092896,10.151642624000001,23.373968529999999,6.6158776279999998
680,O,oy2,-0.55000001192092896,10.993547145000001,20.831653761999998,6.8247056009999998
681,O,oy3,-0.55000001192092896,11.016858522,25.876615452999999,6.6080989839999997
682,O,oy7,-0.75800001621246338,9.6915476950000006,22.026180912000001,8.9070014949999994
683,O,oy8,-0.75800001621246338,10.081552031999999,24.805598188000001,8.9060049059999997
684,O,oy9,-0.79199999570846558,9.7078815140000003,18.595859337,8.971824646
685,Mg,ay2,1.0980000495910645,11.680671933999999,21.785472560999999,-0.0015956290000000001
686,Al,ay2,1.4500000476837158,13.276768926000001,21.785472560999999,9.9742784499999999
687,Si,sy1,1.1000000238418579,14.118568661999999,23.177434850000001,12.675878525
688,Si,sy2,1.1000000238418579,14.050955061,20.211401153000001,12.677074432
689,H,hoy,0.20000000298023224,13.792937996999999,25.694506573999998,11.167409897000001
690,O,oy1,-0.55000001192092896,13.804239277000001,21.702531744000002,13.329487801000001
691,O,oy2,-0.55000001192092896,12.962334636,24.244846273,13.120659828000001
692,O,oy3,-0.55000001192092896,12.939023260000001,19.199884463,13.337266922
693,O,oy4,-0.86699998378753662,14.264334205000001,23.050319124000001,11.038363457000001
694,O,oy5,-0.75800001621246338,13.874329809000001,20.270902086,11.039361
695,O,oy6,-0.68300002813339233,14.248000386999999,26.480640817000001,10.973541259999999
696,Al,ay1,1.4500000476837158,11.682428124999999,27.798677575999999,0.0015956290000000001
697,Si,sy1,1.1000000238418579,12.524227623,35.422014845,2.703195333
698,Si,sy2,1.1000000238418579,12.456614021,29.372748984000001,2.7043921950000001
699,K,k+,1,4.6751918889999997,28.074820726999999,5.0183253729999997
700,H,hoy,0.20000000298023224,12.198597077000001,32.904943598000003,1.1947274210000001
701,O,oy1,-0.55000001192092896,12.209898237000001,27.881618333999999,3.356805086
702,O,oy2,-0.55000001192092896,11.367993775,34.354603898999997,3.1479771140000001
703,O,oy3,-0.55000001192092896,11.344682339,30.384265554999999,3.3645837310000002
704,O,oy7,-0.75800001621246338,12.669993165999999,35.549131049000003,1.0656808609999999
705,O,oy8,-0.75800001621246338,12.279988888,29.313248050999999,1.066678166
706,O,oy9,-0.79199999570846558,12.653659347,32.118809355000003,1.000858426
707,Al,ay1,1.4500000476837158,13.275012735000001,27.798677575999999,9.9710874559999993
708,Si,sy1,1.1000000238418579,12.433213237,35.422014845,7.2694873810000002
709,Si,sy2,1.1000000238418579,12.500826839,29.372748984000001,7.2682905199999999
710,H,hoy,0.20000000298023224,12.758843902000001,32.904943598000003,8.7779550549999996
711,O,oy1,-0.55000001192092896,12.747542622999999,27.881618333999999,6.6158776279999998
712,O,oy2,-0.55000001192092896,13.589447025,34.354603898999997,6.8247056009999998
713,O,oy3,-0.55000001192092896,13.612758639999999,30.384265554999999,6.6080989839999997
714,O,oy7,-0.86699998378753662,12.287447694000001,35.549131049000003,8.9070014949999994
715,O,oy8,-0.86699998378753662,12.677452090999999,29.313248050999999,8.9060049059999997
716,O,oy9,-0.79199999570846558,12.303781513000001,32.118809355000003,8.971824646
717,Al,ay2,1.4500000476837158,14.276571991999999,35.308422696999997,-0.0015956290000000001
718,Al,ay2,1.4500000476837158,10.680869016999999,35.308422696999997,9.9742784499999999
719,Si,sy1,1.1000000238418579,11.522668604,27.685084773,12.675878525
720,Si,sy2,1.1000000238418579,11.455055002,33.734351289999999,12.677074432
721,H,hoy,0.20000000298023224,11.197037998000001,30.202156436999999,11.167409897000001
722,O,oy1,-0.55000001192092896,11.208339157999999,35.225481641999998,13.329487801000001
723,O,oy2,-0.55000001192092896,10.366434646,28.752496255000001,13.120659828000001
724,O,oy3,-0.55000001192092896,10.343123242000001,32.722834241999998,13.337266922
725,O,oy4,-0.75800001621246338,11.668434145999999,27.557969046,11.038363457000001
726,O,oy5,-0.75800001621246338,11.278429750000001,33.793851984,11.039361
727,O,oy6,-0.79199999570846558,11.652100328,30.988290679999999,10.973541259999999
728,Mg,ay1,1.0980000495910645,14.278328183999999,32.306327475000003,0.0015956290000000001
729,Si,sy1,1.1000000238418579,15.120127442999999,30.914365185000001,2.703195333
730,Si,sy2,1.1000000238418579,15.052514318,33.880398882000001,2.7043921950000001
731,H,hoy,0.20000000298023224,14.794497255,28.397293461,1.1947274210000001
732,O,oy1,-0.55000001192092896,14.805798296000001,32.389268530000002,3.356805086
733,O,oy2,-0.55000001192092896,13.963893655,29.846953761999998,3.1479771140000001
734,O,oy3,-0.55000001192092896,13.940582278999999,34.891915453000003,3.3645837310000002
735,O,oy7,-0.86699998378753662,15.265893223999999,31.041480912000001,1.0656808609999999
736,O,oy8,-0.86699998378753662,14.875889065999999,33.820898188000001,1.066678166
737,O,oy9,-0.79199999570846558,15.249559644,27.611159337,1.000858426
738,Al,ay1,1.4500000476837158,10.679112795,32.306327475000003,9.9710874559999993
739,Si,sy1,1.1000000238418579,9.8373132380000001,30.914365185000001,7.2694873810000002
740,Si,sy2,1.1000000238418579,9.9049268099999992,33.880398882000001,7.2682905199999999
741,H,hoy,0.20000000298023224,10.162943814,28.397293461,8.7779550549999996
742,O,oy1,-0.55000001192092896,10.151642624000001,32.389268530000002,6.6158776279999998
743,O,oy2,-0.55000001192092896,10.993547145000001,29.846953761999998,6.8247056009999998
744,O,oy3,-0.55000001192092896,11.016858522,34.891915453000003,6.6080989839999997
745,O,oy7,-0.86699998378753662,9.6915476950000006,31.041480912000001,8.9070014949999994
746,O,oy8,-0.75800001621246338,10.081552031999999,33.820898188000001,8.9060049059999997
747,O,oy9,-0.68300002813339233,9.7078815140000003,27.611159337,8.971824646
748,Al,ay2,1.4500000476837158,11.680671933999999,30.800772560999999,-0.0015956290000000001
749,K,k+,1,8.6352259579999995,8.1009391449999999,14.88974048
750,Mg,ay2,1.0980000495910645,13.276768926000001,30.800772560999999,9.9742784499999999
751,Si,sy1,1.1000000238418579,14.118568661999999,32.192734850000001,12.675878525
752,Si,sy2,1.1000000238418579,14.050955061,29.226701153,12.677074432
753,H,hoy,0.20000000298023224,13.792937996999999,34.709806573999998,11.167409897000001
754,O,oy1,-0.55000001192092896,13.804239277000001,30.717831744000001,13.329487801000001
755,O,oy2,-0.55000001192092896,12.962334636,33.260146272999997,13.120659828000001
756,O,oy3,-0.55000001192092896,12.939023260000001,28.215184463,13.337266922
757,O,oy4,-0.86699998378753662,14.264334205000001,32.065619124000001,11.038363457000001
758,O,oy5,-0.86699998378753662,13.874329809000001,29.286202085999999,11.039361
759,O,oy6,-0.79199999570846558,14.248000386999999,35.495940816999997,10.973541259999999
760,Al,ay1,1.4500000476837158,16.874228124999998,0.75277757599999995,0.0015956290000000001
761,Si,sy1,1.1000000238418579,17.716027622999999,8.376114845,2.703195333
762,Si,sy2,1.1000000238418579,17.648414021000001,2.3268489840000002,2.7043921950000001
763,H,hoy,0.20000000298023224,17.390397076999999,5.8590435980000004,1.1947274210000001
764,O,oy1,-0.55000001192092896,17.401698237000002,0.83571833399999995,3.356805086
765,O,oy2,-0.55000001192092896,16.559793774999999,7.3087038990000002,3.1479771140000001
766,O,oy3,-0.55000001192092896,16.536482338999999,3.3383655550000002,3.3645837310000002
767,O,oy7,-0.75800001621246338,17.861793166000002,8.503231049,1.0656808609999999
768,O,oy8,-0.86699998378753662,17.471788887999999,2.2673480509999999,1.066678166
769,O,oy9,-0.79199999570846558,17.845459346999998,5.0729093550000002,1.000858426
770,Al,ay1,1.4500000476837158,18.466812735000001,0.75277757599999995,9.9710874559999993
771,Si,sy1,1.1000000238418579,17.625013237000001,8.376114845,7.2694873810000002
772,Si,sy2,1.1000000238418579,17.692626838999999,2.3268489840000002,7.2682905199999999
773,H,hoy,0.20000000298023224,17.950643901999999,5.8590435980000004,8.7779550549999996
774,O,oy1,-0.55000001192092896,17.939342623000002,0.83571833399999995,6.6158776279999998
775,O,oy2,-0.55000001192092896,18.781247024999999,7.3087038990000002,6.8247056009999998
776,O,oy3,-0.55000001192092896,18.80455864,3.3383655550000002,6.6080989839999997
777,O,oy7,-0.86699998378753662,17.479247694000001,8.503231049,8.9070014949999994
778,O,oy8,-0.75800001621246338,17.869252091,2.2673480509999999,8.9060049059999997
779,O,oy9,-0.68300002813339233,17.495581513000001,5.0729093550000002,8.971824646
780,Al,ay2,1.4500000476837158,19.468371992000002,8.2625226969999996,-0.0015956290000000001
781,K,k+,1,10.861898288000001,26.296254024,-4.9724186140000004
782,Mg,ay2,1.0980000495910645,15.872669017,8.2625226969999996,9.9742784499999999
783,Si,sy1,1.1000000238418579,16.714468604,0.63918477299999998,12.675878525
784,Si,sy2,1.1000000238418579,16.646855001999999,6.6884512899999997,12.677074432
785,H,hoy,0.20000000298023224,16.388837998,3.1562564370000001,11.167409897000001
786,O,oy1,-0.55000001192092896,16.400139158000002,8.1795816420000005,13.329487801000001
787,O,oy2,-0.55000001192092896,15.558234646000001,1.706596255,13.120659828000001
788,O,oy3,-0.55000001192092896,15.534923242,5.6769342419999997,13.337266922
789,O,oy4,-0.75800001621246338,16.860234146,0.51206904600000003,11.038363457000001
790,O,oy5,-0.86699998378753662,16.470229750000001,6.7479519840000002,11.039361
791,O,oy6,-0.68300002813339233,16.843900328,3.9423906799999999,10.973541259999999
792,Al,ay1,1.4500000476837158,19.470128184,5.2604274750000002,0.0015956290000000001
793,Si,sy1,1.1000000238418579,20.311927442999998,3.8684651849999998,2.703195333
794,Si,sy2,1.1000000238418579,20.244314318000001,6.8344988820000001,2.7043921950000001
795,H,hoy,0.20000000298023224,19.986297255,1.351393461,1.1947274210000001
796,O,oy1,-0.55000001192092896,19.997598296,5.3433685300000002,3.356805086
797,O,oy2,-0.55000001192092896,19.155693655,2.801053762,3.1479771140000001
798,O,oy3,-0.55000001192092896,19.132382279000002,7.8460154529999997,3.3645837310000002
799,O,oy7,-0.75800001621246338,20.457693224,3.9955809119999999,1.0656808609999999
800,O,oy8,-0.75800001621246338,20.067689066,6.7749981879999996,1.066678166
801,O,oy9,-0.68300002813339233,20.441359643999998,0.56525933699999997,1.000858426
802,Al,ay1,1.4500000476837158,15.870912795000001,5.2604274750000002,9.9710874559999993
803,Si,sy1,1.1000000238418579,15.029113238000001,3.8684651849999998,7.2694873810000002
804,Si,sy2,1.1000000238418579,15.09672681,6.8344988820000001,7.2682905199999999
805,H,hoy,0.20000000298023224,15.354743814000001,1.351393461,8.7779550549999996
806,O,oy1,-0.55000001192092896,15.343442624,5.3433685300000002,6.6158776279999998
807,O,oy2,-0.55000001192092896,16.185347145000001,2.801053762,6.8247056009999998
808,O,oy3,-0.55000001192092896,16.208658522,7.8460154529999997,6.6080989839999997
809,O,oy7,-0.75800001621246338,14.883347694999999,3.9955809119999999,8.9070014949999994
810,O,oy8,-0.86699998378753662,15.273352032,6.7749981879999996,8.9060049059999997
811,O,oy9,-0.79199999570846558,14.899681513999999,0.56525933699999997,8.971824646
812,Mg,ay2,1.0980000495910645,16.872471934,3.754872561,-0.0015956290000000001
813,K,k+,1,34.268227125999999,21.602509898000001,-5.0428712300000003
814,Al,ay2,1.4500000476837158,18.468568926,3.754872561,9.9742784499999999
815,Si,sy1,1.1000000238418579,19.310368661999998,5.1468348500000003,12.675878525
816,Si,sy2,1.1000000238418579,19.242755061,2.180801153,12.677074432
817,H,hoy,0.20000000298023224,18.984737997,7.6639065740000003,11.167409897000001
818,O,oy1,-0.55000001192092896,18.996039277000001,3.6719317440000001,13.329487801000001
819,O,oy2,-0.55000001192092896,18.154134635999998,6.2142462729999997,13.120659828000001
820,O,oy3,-0.55000001192092896,18.13082326,1.1692844630000001,13.337266922
821,O,oy4,-0.75800001621246338,19.456134205000001,5.0197191239999999,11.038363457000001
822,O,oy5,-0.75800001621246338,19.066129809,2.2403020859999998,11.039361
823,O,oy6,-0.68300002813339233,19.439800386999998,8.4500408169999996,10.973541259999999
824,Al,ay1,1.4500000476837158,16.874228124999998,9.7680775759999996,0.0015956290000000001
825,Si,sy1,1.1000000238418579,17.716027622999999,17.391414845,2.703195333
826,Si,sy2,1.1000000238418579,17.648414021000001,11.342148984,2.7043921950000001
827,H,hoy,0.20000000298023224,17.390397076999999,14.874343597999999,1.1947274210000001
828,O,oy1,-0.55000001192092896,17.401698237000002,9.8510183340000008,3.356805086
829,O,oy2,-0.55000001192092896,16.559793774999999,16.324003899000001,3.1479771140000001
830,O,oy3,-0.55000001192092896,16.536482338999999,12.353665554999999,3.3645837310000002
831,O,oy7,-0.75800001621246338,17.861793166000002,17.518531049,1.0656808609999999
832,O,oy8,-0.86699998378753662,17.471788887999999,11.282648051000001,1.066678166
833,O,oy9,-0.79199999570846558,17.845459346999998,14.088209355,1.000858426
834,Al,ay1,1.4500000476837158,18.466812735000001,9.7680775759999996,9.9710874559999993
835,Si,sy1,1.1000000238418579,17.625013237000001,17.391414845,7.2694873810000002
836,Si,sy2,1.1000000238418579,17.692626838999999,11.342148984,7.2682905199999999
837,H,hoy,0.20000000298023224,17.950643901999999,14.874343597999999,8.7779550549999996
838,O,oy1,-0.55000001192092896,17.939342623000002,9.8510183340000008,6.6158776279999998
839,O,oy2,-0.55000001192092896,18.781247024999999,16.324003899000001,6.8247056009999998
840,O,oy3,-0.55000001192092896,18.80455864,12.353665554999999,6.6080989839999997
841,O,oy7,-0.75800001621246338,17.479247694000001,17.518531049,8.9070014949999994
842,O,oy8,-0.75800001621246338,17.869252091,11.282648051000001,8.9060049059999997
843,O,oy9,-0.68300002813339233,17.495581513000001,14.088209355,8.971824646
844,Al,ay2,1.4500000476837158,19.468371992000002,17.277822697000001,-0.0015956290000000001
845,Al,ay2,1.4500000476837158,15.872669017,17.277822697000001,9.9742784499999999
846,Si,sy1,1.1000000238418579,16.714468604,9.6544847730000001,12.675878525
847,Si,sy2,1.1000000238418579,16.646855001999999,15.70375129,12.677074432
848,H,hoy,0.20000000298023224,16.388837998,12.171556437,11.167409897000001
849,O,oy1,-0.55000001192092896,16.400139158000002,17.194881641999999,13.329487801000001
850,O,oy2,-0.55000001192092896,15.558234646000001,10.721896255000001,13.120659828000001
851,O,oy3,-0.55000001192092896,15.534923242,14.692234242,13.337266922
852,O,oy4,-0.86699998378753662,16.860234146,9.5273690460000005,11.038363457000001
853,O,oy5,-0.75800001621246338,16.470229750000001,15.763251984,11.039361
854,O,oy6,-0.68300002813339233,16.843900328,12.957690680000001,10.973541259999999
855,Al,ay1,1.4500000476837158,19.470128184,14.275727475,0.0015956290000000001
856,Si,sy1,1.1000000238418579,20.311927442999998,12.883765185,2.703195333
857,Si,sy2,1.1000000238418579,20.244314318000001,15.849798882,2.7043921950000001
858,K,k+,1,15.263580534999999,9.8748728979999996,5.0257715520000001
859,H,hoy,0.20000000298023224,19.986297255,10.366693461000001,1.1947274210000001
860,O,oy1,-0.55000001192092896,19.997598296,14.358668529999999,3.356805086
861,O,oy2,-0.55000001192092896,19.155693655,11.816353762,3.1479771140000001
862,O,oy3,-0.55000001192092896,19.132382279000002,16.861315453,3.3645837310000002
863,O,oy7,-0.75800001621246338,20.457693224,13.010880911999999,1.0656808609999999
864,O,oy8,-0.75800001621246338,20.067689066,15.790298188,1.066678166
865,O,oy9,-0.79199999570846558,20.441359643999998,9.5805593370000004,1.000858426
866,Al,ay1,1.4500000476837158,15.870912795000001,14.275727475,9.9710874559999993
867,Si,sy1,1.1000000238418579,15.029113238000001,12.883765185,7.2694873810000002
868,Si,sy2,1.1000000238418579,15.09672681,15.849798882,7.2682905199999999
869,H,hoy,0.20000000298023224,15.354743814000001,10.366693461000001,8.7779550549999996
870,O,oy1,-0.55000001192092896,15.343442624,14.358668529999999,6.6158776279999998
871,O,oy2,-0.55000001192092896,16.185347145000001,11.816353762,6.8247056009999998
872,O,oy3,-0.55000001192092896,16.208658522,16.861315453,6.6080989839999997
873,O,oy7,-0.75800001621246338,14.883347694999999,13.010880911999999,8.9070014949999994
874,O,oy8,-0.75800001621246338,15.273352032,15.790298188,8.9060049059999997
875,O,oy9,-0.79199999570846558,14.899681513999999,9.5805593370000004,8.971824646
876,Mg,ay2,1.0970000028610229,16.872471934,12.770172561000001,-0.0015956290000000001
877,K,k+,1,21.620067999,12.615765636000001,15.032200770999999
878,Al,ay2,1.4500000476837158,18.468568926,12.770172561000001,9.9742784499999999
879,Si,sy1,1.1000000238418579,19.310368661999998,14.162134849999999,12.675878525
880,Si,sy2,1.1000000238418579,19.242755061,11.196101153000001,12.677074432
881,H,hoy,0.20000000298023224,18.984737997,16.679206573999998,11.167409897000001
882,O,oy1,-0.55000001192092896,18.996039277000001,12.687231744,13.329487801000001
883,O,oy2,-0.55000001192092896,18.154134635999998,15.229546273,13.120659828000001
884,O,oy3,-0.55000001192092896,18.13082326,10.184584463,13.337266922
885,O,oy4,-0.86699998378753662,19.456134205000001,14.035019124,11.038363457000001
886,O,oy5,-0.75800001621246338,19.066129809,11.255602086,11.039361
887,O,oy6,-0.68300002813339233,19.439800386999998,17.465340817000001,10.973541259999999
888,Al,ay1,1.4500000476837158,16.874228124999998,18.783377575999999,0.0015956290000000001
889,Si,sy1,1.1000000238418579,17.716027622999999,26.406714845,2.703195333
890,Si,sy2,1.1000000238418579,17.648414021000001,20.357448984000001,2.7043921950000001
891,K,k+,1,33.239920990999998,5.3278140089999999,4.928189497
892,H,hoy,0.20000000298023224,17.390397076999999,23.889643597999999,1.1947274210000001
893,O,oy1,-0.55000001192092896,17.401698237000002,18.866318333999999,3.356805086
894,O,oy2,-0.55000001192092896,16.559793774999999,25.339303899000001,3.1479771140000001
895,O,oy3,-0.55000001192092896,16.536482338999999,21.368965554999999,3.3645837310000002
896,O,oy7,-0.86699998378753662,17.861793166000002,26.533831049,1.0656808609999999
897,O,oy8,-0.75800001621246338,17.471788887999999,20.297948050999999,1.066678166
898,O,oy9,-0.68300002813339233,17.845459346999998,23.103509355,1.000858426
899,Al,ay1,1.4500000476837158,18.466812735000001,18.783377575999999,9.9710874559999993
900,Si,sy1,1.1000000238418579,17.625013237000001,26.406714845,7.2694873810000002
901,Si,sy2,1.1000000238418579,17.692626838999999,20.357448984000001,7.2682905199999999
902,H,hoy,0.20000000298023224,17.950643901999999,23.889643597999999,8.7779550549999996
903,O,oy1,-0.55000001192092896,17.939342623000002,18.866318333999999,6.6158776279999998
904,O,oy2,-0.55000001192092896,18.781247024999999,25.339303899000001,6.8247056009999998
905,O,oy3,-0.55000001192092896,18.80455864,21.368965554999999,6.6080989839999997
906,O,oy7,-0.75800001621246338,17.479247694000001,26.533831049,8.9070014949999994
907,O,oy8,-0.75800001621246338,17.869252091,20.297948050999999,8.9060049059999997
908,O,oy9,-0.79199999570846558,17.495581513000001,23.103509355,8.971824646
909,Al,ay2,1.4500000476837158,19.468371992000002,26.293122697000001,-0.0015956290000000001
910,Al,ay2,1.4500000476837158,15.872669017,26.293122697000001,9.9742784499999999
911,Si,sy1,1.1000000238418579,16.714468604,18.669784773,12.675878525
912,Si,sy2,1.1000000238418579,16.646855001999999,24.719051289999999,12.677074432
913,H,hoy,0.20000000298023224,16.388837998,21.186856436999999,11.167409897000001
914,O,oy1,-0.55000001192092896,16.400139158000002,26.210181641999998,13.329487801000001
915,O,oy2,-0.55000001192092896,15.558234646000001,19.737196255000001,13.120659828000001
916,O,oy3,-0.55000001192092896,15.534923242,23.707534242000001,13.337266922
917,O,oy4,-0.75800001621246338,16.860234146,18.542669046,11.038363457000001
918,O,oy5,-0.86699998378753662,16.470229750000001,24.778551984,11.039361
919,O,oy6,-0.79199999570846558,16.843900328,21.972990679999999,10.973541259999999
920,Al,ay1,1.4500000476837158,19.470128184,23.291027475,0.0015956290000000001
921,Si,sy1,1.1000000238418579,20.311927442999998,21.899065185000001,2.703195333
922,Si,sy2,1.1000000238418579,20.244314318000001,24.865098882000002,2.7043921950000001
923,K,k+,1,22.830087536000001,5.369644611,5.0639667020000001
924,H,hoy,0.20000000298023224,19.986297255,19.381993461,1.1947274210000001
925,O,oy1,-0.55000001192092896,19.997598296,23.373968529999999,3.356805086
926,O,oy2,-0.55000001192092896,19.155693655,20.831653761999998,3.1479771140000001
927,O,oy3,-0.55000001192092896,19.132382279000002,25.876615452999999,3.3645837310000002
928,O,oy7,-0.86699998378753662,20.457693224,22.026180912000001,1.0656808609999999
929,O,oy8,-0.75800001621246338,20.067689066,24.805598188000001,1.066678166
930,O,oy9,-0.68300002813339233,20.441359643999998,18.595859337,1.000858426
931,Mg,ay1,1.0980000495910645,15.870912795000001,23.291027475,9.9710874559999993
932,Si,sy1,1.1000000238418579,15.029113238000001,21.899065185000001,7.2694873810000002
933,Si,sy2,1.1000000238418579,15.09672681,24.865098882000002,7.2682905199999999
934,H,hoy,0.20000000298023224,15.354743814000001,19.381993461,8.7779550549999996
935,O,oy1,-0.55000001192092896,15.343442624,23.373968529999999,6.6158776279999998
936,O,oy2,-0.55000001192092896,16.185347145000001,20.831653761999998,6.8247056009999998
937,O,oy3,-0.55000001192092896,16.208658522,25.876615452999999,6.6080989839999997
938,O,oy7,-0.86699998378753662,14.883347694999999,22.026180912000001,8.9070014949999994
939,O,oy8,-0.86699998378753662,15.273352032,24.805598188000001,8.9060049059999997
940,O,oy9,-0.68300002813339233,14.899681513999999,18.595859337,8.971824646
941,Al,ay2,1.4500000476837158,16.872471934,21.785472560999999,-0.0015956290000000001
942,K,k+,1,35.022767471999998,7.9141960679999999,14.974200361999999
943,Al,ay2,1.4500000476837158,18.468568926,21.785472560999999,9.9742784499999999
944,Si,sy1,1.1000000238418579,19.310368661999998,23.177434850000001,12.675878525
945,Si,sy2,1.1000000238418579,19.242755061,20.211401153000001,12.677074432
946,H,hoy,0.20000000298023224,18.984737997,25.694506573999998,11.167409897000001
947,O,oy1,-0.55000001192092896,18.996039277000001,21.702531744000002,13.329487801000001
948,O,oy2,-0.55000001192092896,18.154134635999998,24.244846273,13.120659828000001
949,O,oy3,-0.55000001192092896,18.13082326,19.199884463,13.337266922
950,O,oy4,-0.75800001621246338,19.456134205000001,23.050319124000001,11.038363457000001
951,O,oy5,-0.75800001621246338,19.066129809,20.270902086,11.039361
952,O,oy6,-0.68300002813339233,19.439800386999998,26.480640817000001,10.973541259999999
953,Mg,ay1,1.0980000495910645,16.874228124999998,27.798677575999999,0.0015956290000000001
954,Si,sy1,1.1000000238418579,17.716027622999999,35.422014845,2.703195333
955,Si,sy2,1.1000000238418579,17.648414021000001,29.372748984000001,2.7043921950000001
956,H,hoy,0.20000000298023224,17.390397076999999,32.904943598000003,1.1947274210000001
957,O,oy1,-0.55000001192092896,17.401698237000002,27.881618333999999,3.356805086
958,O,oy2,-0.55000001192092896,16.559793774999999,34.354603898999997,3.1479771140000001
959,O,oy3,-0.55000001192092896,16.536482338999999,30.384265554999999,3.3645837310000002
960,O,oy7,-0.75800001621246338,17.861793166000002,35.549131049000003,1.0656808609999999
961,O,oy8,-0.86699998378753662,17.471788887999999,29.313248050999999,1.066678166
962,O,oy9,-0.68300002813339233,17.845459346999998,32.118809355000003,1.000858426
963,Al,ay1,1.4500000476837158,18.466812735000001,27.798677575999999,9.9710874559999993
964,Si,sy1,1.1000000238418579,17.625013237000001,35.422014845,7.2694873810000002
965,Si,sy2,1.1000000238418579,17.692626838999999,29.372748984000001,7.2682905199999999
966,H,hoy,0.20000000298023224,17.950643901999999,32.904943598000003,8.7779550549999996
967,O,oy1,-0.55000001192092896,17.939342623000002,27.881618333999999,6.6158776279999998
968,O,oy2,-0.55000001192092896,18.781247024999999,34.354603898999997,6.8247056009999998
969,O,oy3,-0.55000001192092896,18.80455864,30.384265554999999,6.6080989839999997
970,O,oy7,-0.75800001621246338,17.479247694000001,35.549131049000003,8.9070014949999994
971,O,oy8,-0.75800001621246338,17.869252091,29.313248050999999,8.9060049059999997
972,O,oy9,-0.68300002813339233,17.495581513000001,32.118809355000003,8.971824646
973,Al,ay2,1.4500000476837158,19.468371992000002,35.308422696999997,-0.0015956290000000001
974,Al,ay2,1.4500000476837158,15.872669017,35.308422696999997,9.9742784499999999
975,Si,sy1,1.1000000238418579,16.714468604,27.685084773,12.675878525
976,Si,sy2,1.1000000238418579,16.646855001999999,33.734351289999999,12.677074432
977,H,hoy,0.20000000298023224,16.388837998,30.202156436999999,11.167409897000001
978,O,oy1,-0.55000001192092896,16.400139158000002,35.225481641999998,13.329487801000001
979,O,oy2,-0.55000001192092896,15.558234646000001,28.752496255000001,13.120659828000001
980,O,oy3,-0.55000001192092896,15.534923242,32.722834241999998,13.337266922
981,O,oy4,-0.75800001621246338,16.860234146,27.557969046,11.038363457000001
982,O,oy5,-0.75800001621246338,16.470229750000001,33.793851984,11.039361
983,O,oy6,-0.68300002813339233,16.843900328,30.988290679999999,10.973541259999999
984,Al,ay1,1.4500000476837158,19.470128184,32.306327475000003,0.0015956290000000001
985,Si,sy1,1.1000000238418579,20.311927442999998,30.914365185000001,2.703195333
986,Si,sy2,1.1000000238418579,20.244314318000001,33.880398882000001,2.7043921950000001
987,K,k+,1,20.258898568999999,19.086968149,4.9221805390000002
988,H,hoy,0.20000000298023224,19.986297255,28.397293461,1.1947274210000001
989,O,oy1,-0.55000001192092896,19.997598296,32.389268530000002,3.356805086
990,O,oy2,-0.55000001192092896,19.155693655,29.846953761999998,3.1479771140000001
991,O,oy3,-0.55000001192092896,19.132382279000002,34.891915453000003,3.3645837310000002
992,O,oy7,-0.75800001621246338,20.457693224,31.041480912000001,1.0656808609999999
993,O,oy8,-0.75800001621246338,20.067689066,33.820898188000001,1.066678166
994,O,oy9,-0.79199999570846558,20.441359643999998,27.611159337,1.000858426
995,Al,ay1,1.4500000476837158,15.870912795000001,32.306327475000003,9.9710874559999993
996,Si,sy1,1.1000000238418579,15.029113238000001,30.914365185000001,7.2694873810000002
997,Si,sy2,1.1000000238418579,15.09672681,33.880398882000001,7.2682905199999999
998,H,hoy,0.20000000298023224,15.354743814000001,28.397293461,8.7779550549999996
999,O,oy1,-0.55000001192092896,15.343442624,32.389268530000002,6.6158776279999998
1000,O,oy2,-0.55000001192092896,16.185347145000001,29.846953761999998,6.8247056009999998
1001,O,oy3,-0.55000001192092896,16.208658522,34.891915453000003,6.6080989839999997
1002,O,oy7,-0.86699998378753662,14.883347694999999,31.041480912000001,8.9070014949999994
1003,O,oy8,-0.75800001621246338,15.273352032,33.820898188000001,8.9060049059999997
1004,O,oy9,-0.68300002813339233,14.899681513999999,27.611159337,8.971824646
1005,Al,ay2,1.4500000476837158,16.872471934,30.800772560999999,-0.0015956290000000001
1006,Al,ay2,1.4500000476837158,18.468568926,30.800772560999999,9.9742784499999999
1007,Si,sy1,1.1000000238418579,19.310368661999998,32.192734850000001,12.675878525
1008,Si,sy2,1.1000000238418579,19.242755061,29.226701153,12.677074432
1009,H,hoy,0.20000000298023224,18.984737997,34.709806573999998,11.167409897000001
1010,O,oy1,-0.55000001192092896,18.996039277000001,30.717831744000001,13.329487801000001
1011,O,oy2,-0.55000001192092896,18.154134635999998,33.260146272999997,13.120659828000001
1012,O,oy3,-0.55000001192092896,18.13082326,28.215184463,13.337266922
1013,O,oy4,-0.86699998378753662,19.456134205000001,32.065619124000001,11.038363457000001
1014,O,oy5,-0.75800001621246338,19.066129809,29.286202085999999,11.039361
1015,O,oy6,-0.68300002813339233,19.439800386999998,35.495940816999997,10.973541259999999
1016,Al,ay1,1.4500000476837158,22.066028124999999,0.75277757599999995,0.0015956290000000001
1017,Si,sy1,1.1000000238418579,22.907827622999999,8.376114845,2.703195333
1018,Si,sy2,1.1000000238418579,22.840214021000001,2.3268489840000002,2.7043921950000001
1019,H,hoy,0.20000000298023224,22.582197077,5.8590435980000004,1.1947274210000001
1020,O,oy1,-0.55000001192092896,22.593498236999999,0.83571833399999995,3.356805086
1021,O,oy2,-0.55000001192092896,21.751593775,7.3087038990000002,3.1479771140000001
1022,O,oy3,-0.55000001192092896,21.728282339,3.3383655550000002,3.3645837310000002
1023,O,oy7,-0.86699998378753662,23.053593165999999,8.503231049,1.0656808609999999
1024,O,oy8,-0.75800001621246338,22.663588888,2.2673480509999999,1.066678166
1025,O,oy9,-0.68300002813339233,23.037259346999999,5.0729093550000002,1.000858426
1026,Al,ay1,1.4500000476837158,23.658612734999998,0.75277757599999995,9.9710874559999993
1027,Si,sy1,1.1000000238418579,22.816813237000002,8.376114845,7.2694873810000002
1028,Si,sy2,1.1000000238418579,22.884426839,2.3268489840000002,7.2682905199999999
1029,H,hoy,0.20000000298023224,23.142443902,5.8590435980000004,8.7779550549999996
1030,O,oy1,-0.55000001192092896,23.131142622999999,0.83571833399999995,6.6158776279999998
1031,O,oy2,-0.55000001192092896,23.973047025,7.3087038990000002,6.8247056009999998
1032,O,oy3,-0.55000001192092896,23.99635864,3.3383655550000002,6.6080989839999997
1033,O,oy7,-0.75800001621246338,22.671047693999999,8.503231049,8.9070014949999994
1034,O,oy8,-0.86699998378753662,23.061052091000001,2.2673480509999999,8.9060049059999997
1035,O,oy9,-0.79199999570846558,22.687381512999998,5.0729093550000002,8.971824646
1036,Al,ay2,1.4500000476837158,24.660171991999999,8.2625226969999996,-0.0015956290000000001
1037,Al,ay2,1.4500000476837158,21.064469017,8.2625226969999996,9.9742784499999999
1038,Si,sy1,1.1000000238418579,21.906268604000001,0.63918477299999998,12.675878525
1039,Si,sy2,1.1000000238418579,21.838655001999999,6.6884512899999997,12.677074432
1040,H,hoy,0.20000000298023224,21.580637998,3.1562564370000001,11.167409897000001
1041,O,oy1,-0.55000001192092896,21.591939157999999,8.1795816420000005,13.329487801000001
1042,O,oy2,-0.55000001192092896,20.750034646,1.706596255,13.120659828000001
1043,O,oy3,-0.55000001192092896,20.726723241999998,5.6769342419999997,13.337266922
1044,O,oy4,-0.75800001621246338,22.052034146,0.51206904600000003,11.038363457000001
1045,O,oy5,-0.75800001621246338,21.662029749999999,6.7479519840000002,11.039361
1046,O,oy6,-0.79199999570846558,22.035700328000001,3.9423906799999999,10.973541259999999
1047,Al,ay1,1.4500000476837158,24.661928184000001,5.2604274750000002,0.0015956290000000001
1048,Si,sy1,1.1000000238418579,25.503727442999999,3.8684651849999998,2.703195333
1049,Si,sy2,1.1000000238418579,25.436114318000001,6.8344988820000001,2.7043921950000001
1050,K,k+,1,33.221691542000002,32.511323302999998,4.932892678
1051,H,hoy,0.20000000298023224,25.178097255000001,1.351393461,1.1947274210000001
1052,O,oy1,-0.55000001192092896,25.189398296,5.3433685300000002,3.356805086
1053,O,oy2,-0.55000001192092896,24.347493655000001,2.801053762,3.1479771140000001
1054,O,oy3,-0.55000001192092896,24.324182278999999,7.8460154529999997,3.3645837310000002
1055,O,oy7,-0.75800001621246338,25.649493224,3.9955809119999999,1.0656808609999999
1056,O,oy8,-0.75800001621246338,25.259489066,6.7749981879999996,1.066678166
1057,O,oy9,-0.68300002813339233,25.633159643999999,0.56525933699999997,1.000858426
1058,Al,ay1,1.4500000476837158,21.062712794999999,5.2604274750000002,9.9710874559999993
1059,Si,sy1,1.1000000238418579,20.220913238000001,3.8684651849999998,7.2694873810000002
1060,Si,sy2,1.1000000238418579,20.28852681,6.8344988820000001,7.2682905199999999
1061,H,hoy,0.20000000298023224,20.546543814,1.351393461,8.7779550549999996
1062,O,oy1,-0.55000001192092896,20.535242623999999,5.3433685300000002,6.6158776279999998
1063,O,oy2,-0.55000001192092896,21.377147144999999,2.801053762,6.8247056009999998
1064,O,oy3,-0.55000001192092896,21.400458522000001,7.8460154529999997,6.6080989839999997
1065,O,oy7,-0.75800001621246338,20.075147694999998,3.9955809119999999,8.9070014949999994
1066,O,oy8,-0.75800001621246338,20.465152031999999,6.7749981879999996,8.9060049059999997
1067,O,oy9,-0.68300002813339233,20.091481514000002,0.56525933699999997,8.971824646
1068,Al,ay2,1.4500000476837158,22.064271934000001,3.754872561,-0.0015956290000000001
1069,Mg,ay2,1.0980000495910645,23.660368926,3.754872561,9.9742784499999999
1070,Si,sy1,1.1000000238418579,24.502168661999999,5.1468348500000003,12.675878525
1071,Si,sy2,1.1000000238418579,24.434555061000001,2.180801153,12.677074432
1072,H,hoy,0.20000000298023224,24.176537997000001,7.6639065740000003,11.167409897000001
1073,O,oy1,-0.55000001192092896,24.187839276999998,3.6719317440000001,13.329487801000001
1074,O,oy2,-0.55000001192092896,23.345934635999999,6.2142462729999997,13.120659828000001
1075,O,oy3,-0.55000001192092896,23.32262326,1.1692844630000001,13.337266922
1076,O,oy4,-0.86699998378753662,24.647934204999999,5.0197191239999999,11.038363457000001
1077,O,oy5,-0.86699998378753662,24.257929809,2.2403020859999998,11.039361
1078,O,oy6,-0.68300002813339233,24.631600386999999,8.4500408169999996,10.973541259999999
1079,Mg,ay1,1.0980000495910645,22.066028124999999,9.7680775759999996,0.0015956290000000001
1080,Si,sy1,1.1000000238418579,22.907827622999999,17.391414845,2.703195333
1081,Si,sy2,1.1000000238418579,22.840214021000001,11.342148984,2.7043921950000001
1082,H,hoy,0.20000000298023224,22.582197077,14.874343597999999,1.1947274210000001
1083,O,oy1,-0.55000001192092896,22.593498236999999,9.8510183340000008,3.356805086
1084,O,oy2,-0.55000001192092896,21.751593775,16.324003899000001,3.1479771140000001
1085,O,oy3,-0.55000001192092896,21.728282339,12.353665554999999,3.3645837310000002
1086,O,oy7,-0.75800001621246338,23.053593165999999,17.518531049,1.0656808609999999
1087,O,oy8,-0.86699998378753662,22.663588888,11.282648051000001,1.066678166
1088,O,oy9,-0.79199999570846558,23.037259346999999,14.088209355,1.000858426
1089,Al,ay1,1.4500000476837158,23.658612734999998,9.7680775759999996,9.9710874559999993
1090,Si,sy1,1.1000000238418579,22.816813237000002,17.391414845,7.2694873810000002
1091,Si,sy2,1.1000000238418579,22.884426839,11.342148984,7.2682905199999999
1092,H,hoy,0.20000000298023224,23.142443902,14.874343597999999,8.7779550549999996
1093,O,oy1,-0.55000001192092896,23.131142622999999,9.8510183340000008,6.6158776279999998
1094,O,oy2,-0.55000001192092896,23.973047025,16.324003899000001,6.8247056009999998
1095,O,oy3,-0.55000001192092896,23.99635864,12.353665554999999,6.6080989839999997
1096,O,oy7,-0.75800001621246338,22.671047693999999,17.518531049,8.9070014949999994
1097,O,oy8,-0.75800001621246338,23.061052091000001,11.282648051000001,8.9060049059999997
1098,O,oy9,-0.79199999570846558,22.687381512999998,14.088209355,8.971824646
1099,Al,ay2,1.4500000476837158,24.660171991999999,17.277822697000001,-0.0015956290000000001
1100,Al,ay2,1.4500000476837158,21.064469017,17.277822697000001,9.9742784499999999
1101,Si,sy1,1.1000000238418579,21.906268604000001,9.6544847730000001,12.675878525
1102,Si,sy2,1.1000000238418579,21.838655001999999,15.70375129,12.677074432
1103,H,hoy,0.20000000298023224,21.580637998,12.171556437,11.167409897000001
1104,O,oy1,-0.55000001192092896,21.591939157999999,17.194881641999999,13.329487801000001
1105,O,oy2,-0.55000001192092896,20.750034646,10.721896255000001,13.120659828000001
1106,O,oy3,-0.55000001192092896,20.726723241999998,14.692234242,13.337266922
1107,O,oy4,-0.75800001621246338,22.052034146,9.5273690460000005,11.038363457000001
1108,O,oy5,-0.86699998378753662,21.662029749999999,15.763251984,11.039361
1109,O,oy6,-0.79199999570846558,22.035700328000001,12.957690680000001,10.973541259999999
1110,Mg,ay1,1.0970000028610229,24.661928184000001,14.275727475,0.0015956290000000001
1111,Si,sy1,1.1000000238418579,25.503727442999999,12.883765185,2.703195333
1112,Si,sy2,1.1000000238418579,25.436114318000001,15.849798882,2.7043921950000001
1113,H,hoy,0.20000000298023224,25.178097255000001,10.366693461000001,1.1947274210000001
1114,O,oy1,-0.55000001192092896,25.189398296,14.358668529999999,3.356805086
1115,O,oy2,-0.55000001192092896,24.347493655000001,11.816353762,3.1479771140000001
1116,O,oy3,-0.55000001192092896,24.324182278999999,16.861315453,3.3645837310000002
1117,O,oy7,-0.86699998378753662,25.649493224,13.010880911999999,1.0656808609999999
1118,O,oy8,-0.86699998378753662,25.259489066,15.790298188,1.066678166
1119,O,oy9,-0.68300002813339233,25.633159643999999,9.5805593370000004,1.000858426
1120,Mg,ay1,1.0980000495910645,21.062712794999999,14.275727475,9.9710874559999993
1121,Si,sy1,1.1000000238418579,20.220913238000001,12.883765185,7.2694873810000002
1122,Si,sy2,1.1000000238418579,20.28852681,15.849798882,7.2682905199999999
1123,H,hoy,0.20000000298023224,20.546543814,10.366693461000001,8.7779550549999996
1124,O,oy1,-0.55000001192092896,20.535242623999999,14.358668529999999,6.6158776279999998
1125,O,oy2,-0.55000001192092896,21.377147144999999,11.816353762,6.8247056009999998
1126,O,oy3,-0.55000001192092896,21.400458522000001,16.861315453,6.6080989839999997
1127,O,oy7,-0.86699998378753662,20.075147694999998,13.010880911999999,8.9070014949999994
1128,O,oy8,-0.86699998378753662,20.465152031999999,15.790298188,8.9060049059999997
1129,O,oy9,-0.68300002813339233,20.091481514000002,9.5805593370000004,8.971824646
1130,Al,ay2,1.4500000476837158,22.064271934000001,12.770172561000001,-0.0015956290000000001
1131,Al,ay2,1.4500000476837158,23.660368926,12.770172561000001,9.9742784499999999
1132,Si,sy1,1.1000000238418579,24.502168661999999,14.162134849999999,12.675878525
1133,Si,sy2,1.1000000238418579,24.434555061000001,11.196101153000001,12.677074432
1134,H,hoy,0.20000000298023224,24.176537997000001,16.679206573999998,11.167409897000001
1135,O,oy1,-0.55000001192092896,24.187839276999998,12.687231744,13.329487801000001
1136,O,oy2,-0.55000001192092896,23.345934635999999,15.229546273,13.120659828000001
1137,O,oy3,-0.55000001192092896,23.32262326,10.184584463,13.337266922
1138,O,oy4,-0.75800001621246338,24.647934204999999,14.035019124,11.038363457000001
1139,O,oy5,-0.75800001621246338,24.257929809,11.255602086,11.039361
1140,O,oy6,-0.68300002813339233,24.631600386999999,17.465340817000001,10.973541259999999
1141,Al,ay1,1.4500000476837158,22.066028124999999,18.783377575999999,0.0015956290000000001
1142,Si,sy1,1.1000000238418579,22.907827622999999,26.406714845,2.703195333
1143,Si,sy2,1.1000000238418579,22.840214021000001,20.357448984000001,2.7043921950000001
1144,H,hoy,0.20000000298023224,22.582197077,23.889643597999999,1.1947274210000001
1145,O,oy1,-0.55000001192092896,22.593498236999999,18.866318333999999,3.356805086
1146,O,oy2,-0.55000001192092896,21.751593775,25.339303899000001,3.1479771140000001
1147,O,oy3,-0.55000001192092896,21.728282339,21.368965554999999,3.3645837310000002
1148,O,oy7,-0.86699998378753662,23.053593165999999,26.533831049,1.0656808609999999
1149,O,oy8,-0.86699998378753662,22.663588888,20.297948050999999,1.066678166
1150,O,oy9,-0.79199999570846558,23.037259346999999,23.103509355,1.000858426
1151,Al,ay1,1.4500000476837158,23.658612734999998,18.783377575999999,9.9710874559999993
1152,Si,sy1,1.1000000238418579,22.816813237000002,26.406714845,7.2694873810000002
1153,Si,sy2,1.1000000238418579,22.884426839,20.357448984000001,7.2682905199999999
1154,H,hoy,0.20000000298023224,23.142443902,23.889643597999999,8.7779550549999996
1155,O,oy1,-0.55000001192092896,23.131142622999999,18.866318333999999,6.6158776279999998
1156,O,oy2,-0.55000001192092896,23.973047025,25.339303899000001,6.8247056009999998
1157,O,oy3,-0.55000001192092896,23.99635864,21.368965554999999,6.6080989839999997
1158,O,oy7,-0.86699998378753662,22.671047693999999,26.533831049,8.9070014949999994
1159,O,oy8,-0.75800001621246338,23.061052091000001,20.297948050999999,8.9060049059999997
1160,O,oy9,-0.68300002813339233,22.687381512999998,23.103509355,8.971824646
1161,Al,ay2,1.4500000476837158,24.660171991999999,26.293122697000001,-0.0015956290000000001
1162,K,k+,1,34.432210431000001,12.831198808,-4.915268008
1163,Al,ay2,1.4500000476837158,21.064469017,26.293122697000001,9.9742784499999999
1164,Si,sy1,1.1000000238418579,21.906268604000001,18.669784773,12.675878525
1165,Si,sy2,1.1000000238418579,21.838655001999999,24.719051289999999,12.677074432
1166,H,hoy,0.20000000298023224,21.580637998,21.186856436999999,11.167409897000001
1167,O,oy1,-0.55000001192092896,21.591939157999999,26.210181641999998,13.329487801000001
1168,O,oy2,-0.55000001192092896,20.750034646,19.737196255000001,13.120659828000001
1169,O,oy3,-0.55000001192092896,20.726723241999998,23.707534242000001,13.337266922
1170,O,oy4,-0.75800001621246338,22.052034146,18.542669046,11.038363457000001
1171,O,oy5,-0.75800001621246338,21.662029749999999,24.778551984,11.039361
1172,O,oy6,-0.68300002813339233,22.035700328000001,21.972990679999999,10.973541259999999
1173,Al,ay1,1.4500000476837158,24.661928184000001,23.291027475,0.0015956290000000001
1174,Si,sy1,1.1000000238418579,25.503727442999999,21.899065185000001,2.703195333
1175,Si,sy2,1.1000000238418579,25.436114318000001,24.865098882000002,2.7043921950000001
1176,H,hoy,0.20000000298023224,25.178097255000001,19.381993461,1.1947274210000001
1177,O,oy1,-0.55000001192092896,25.189398296,23.373968529999999,3.356805086
1178,O,oy2,-0.55000001192092896,24.347493655000001,20.831653761999998,3.1479771140000001
1179,O,oy3,-0.55000001192092896,24.324182278999999,25.876615452999999,3.3645837310000002
1180,O,oy7,-0.75800001621246338,25.649493224,22.026180912000001,1.0656808609999999
1181,O,oy8,-0.75800001621246338,25.259489066,24.805598188000001,1.066678166
1182,O,oy9,-0.68300002813339233,25.633159643999999,18.595859337,1.000858426
1183,Al,ay1,1.4500000476837158,21.062712794999999,23.291027475,9.9710874559999993
1184,Si,sy1,1.1000000238418579,20.220913238000001,21.899065185000001,7.2694873810000002
1185,Si,sy2,1.1000000238418579,20.28852681,24.865098882000002,7.2682905199999999
1186,H,hoy,0.20000000298023224,20.546543814,19.381993461,8.7779550549999996
1187,O,oy1,-0.55000001192092896,20.535242623999999,23.373968529999999,6.6158776279999998
1188,O,oy2,-0.55000001192092896,21.377147144999999,20.831653761999998,6.8247056009999998
1189,O,oy3,-0.55000001192092896,21.400458522000001,25.876615452999999,6.6080989839999997
1190,O,oy7,-0.75800001621246338,20.075147694999998,22.026180912000001,8.9070014949999994
1191,O,oy8,-0.75800001621246338,20.465152031999999,24.805598188000001,8.9060049059999997
1192,O,oy9,-0.68300002813339233,20.091481514000002,18.595859337,8.971824646
1193,Mg,ay2,1.0980000495910645,22.064271934000001,21.785472560999999,-0.0015956290000000001
1194,Al,ay2,1.4500000476837158,23.660368926,21.785472560999999,9.9742784499999999
1195,Si,sy1,1.1000000238418579,24.502168661999999,23.177434850000001,12.675878525
1196,Si,sy2,1.1000000238418579,24.434555061000001,20.211401153000001,12.677074432
1197,H,hoy,0.20000000298023224,24.176537997000001,25.694506573999998,11.167409897000001
1198,O,oy1,-0.55000001192092896,24.187839276999998,21.702531744000002,13.329487801000001
1199,O,oy2,-0.55000001192092896,23.345934635999999,24.244846273,13.120659828000001
1200,O,oy3,-0.55000001192092896,23.32262326,19.199884463,13.337266922
1201,O,oy4,-0.75800001621246338,24.647934204999999,23.050319124000001,11.038363457000001
1202,O,oy5,-0.75800001621246338,24.257929809,20.270902086,11.039361
1203,O,oy6,-0.79199999570846558,24.631600386999999,26.480640817000001,10.973541259999999
1204,Mg,ay1,1.0980000495910645,22.066028124999999,27.798677575999999,0.0015956290000000001
1205,Si,sy1,1.1000000238418579,22.907827622999999,35.422014845,2.703195333
1206,Si,sy2,1.1000000238418579,22.840214021000001,29.372748984000001,2.7043921950000001
1207,H,hoy,0.20000000298023224,22.582197077,32.904943598000003,1.1947274210000001
1208,O,oy1,-0.55000001192092896,22.593498236999999,27.881618333999999,3.356805086
1209,O,oy2,-0.55000001192092896,21.751593775,34.354603898999997,3.1479771140000001
1210,O,oy3,-0.55000001192092896,21.728282339,30.384265554999999,3.3645837310000002
1211,O,oy7,-0.75800001621246338,23.053593165999999,35.549131049000003,1.0656808609999999
1212,O,oy8,-0.86699998378753662,22.663588888,29.313248050999999,1.066678166
1213,O,oy9,-0.68300002813339233,23.037259346999999,32.118809355000003,1.000858426
1214,Mg,ay1,1.0980000495910645,23.658612734999998,27.798677575999999,9.9710874559999993
1215,Si,sy1,1.1000000238418579,22.816813237000002,35.422014845,7.2694873810000002
1216,Si,sy2,1.1000000238418579,22.884426839,29.372748984000001,7.2682905199999999
1217,H,hoy,0.20000000298023224,23.142443902,32.904943598000003,8.7779550549999996
1218,O,oy1,-0.55000001192092896,23.131142622999999,27.881618333999999,6.6158776279999998
1219,O,oy2,-0.55000001192092896,23.973047025,34.354603898999997,6.8247056009999998
1220,O,oy3,-0.55000001192092896,23.99635864,30.384265554999999,6.6080989839999997
1221,O,oy7,-0.75800001621246338,22.671047693999999,35.549131049000003,8.9070014949999994
1222,O,oy8,-0.86699998378753662,23.061052091000001,29.313248050999999,8.9060049059999997
1223,O,oy9,-0.79199999570846558,22.687381512999998,32.118809355000003,8.971824646
1224,Al,ay2,1.4500000476837158,24.660171991999999,35.308422696999997,-0.0015956290000000001
1225,K,k+,1,28.968230642000002,12.704381155,-4.9402504949999999
1226,Al,ay2,1.4500000476837158,21.064469017,35.308422696999997,9.9742784499999999
1227,Si,sy1,1.1000000238418579,21.906268604000001,27.685084773,12.675878525
1228,Si,sy2,1.1000000238418579,21.838655001999999,33.734351289999999,12.677074432
1229,H,hoy,0.20000000298023224,21.580637998,30.202156436999999,11.167409897000001
1230,O,oy1,-0.55000001192092896,21.591939157999999,35.225481641999998,13.329487801000001
1231,O,oy2,-0.55000001192092896,20.750034646,28.752496255000001,13.120659828000001
1232,O,oy3,-0.55000001192092896,20.726723241999998,32.722834241999998,13.337266922
1233,O,oy4,-0.86699998378753662,22.052034146,27.557969046,11.038363457000001
1234,O,oy5,-0.86699998378753662,21.662029749999999,33.793851984,11.039361
1235,O,oy6,-0.79199999570846558,22.035700328000001,30.988290679999999,10.973541259999999
1236,Al,ay1,1.4500000476837158,24.661928184000001,32.306327475000003,0.0015956290000000001
1237,Si,sy1,1.1000000238418579,25.503727442999999,30.914365185000001,2.703195333
1238,Si,sy2,1.1000000238418579,25.436114318000001,33.880398882000001,2.7043921950000001
1239,H,hoy,0.20000000298023224,25.178097255000001,28.397293461,1.1947274210000001
1240,O,oy1,-0.55000001192092896,25.189398296,32.389268530000002,3.356805086
1241,O,oy2,-0.55000001192092896,24.347493655000001,29.846953761999998,3.1479771140000001
1242,O,oy3,-0.55000001192092896,24.324182278999999,34.891915453000003,3.3645837310000002
1243,O,oy7,-0.75800001621246338,25.649493224,31.041480912000001,1.0656808609999999
1244,O,oy8,-0.75800001621246338,25.259489066,33.820898188000001,1.066678166
1245,O,oy9,-0.68300002813339233,25.633159643999999,27.611159337,1.000858426
1246,Mg,ay1,1.0970000028610229,21.062712794999999,32.306327475000003,9.9710874559999993
1247,Si,sy1,1.1000000238418579,20.220913238000001,30.914365185000001,7.2694873810000002
1248,Si,sy2,1.1000000238418579,20.28852681,33.880398882000001,7.2682905199999999
1249,H,hoy,0.20000000298023224,20.546543814,28.397293461,8.7779550549999996
1250,O,oy1,-0.55000001192092896,20.535242623999999,32.389268530000002,6.6158776279999998
1251,O,oy2,-0.55000001192092896,21.377147144999999,29.846953761999998,6.8247056009999998
1252,O,oy3,-0.55000001192092896,21.400458522000001,34.891915453000003,6.6080989839999997
1253,O,oy7,-0.86699998378753662,20.075147694999998,31.041480912000001,8.9070014949999994
1254,O,oy8,-0.86699998378753662,20.465152031999999,33.820898188000001,8.9060049059999997
1255,O,oy9,-0.68300002813339233,20.091481514000002,27.611159337,8.971824646
1256,Al,ay2,1.4500000476837158,22.064271934000001,30.800772560999999,-0.0015956290000000001
1257,Al,ay2,1.4500000476837158,23.660368926,30.800772560999999,9.9742784499999999
1258,Si,sy1,1.1000000238418579,24.502168661999999,32.192734850000001,12.675878525
1259,Si,sy2,1.1000000238418579,24.434555061000001,29.226701153,12.677074432
1260,H,hoy,0.20000000298023224,24.176537997000001,34.709806573999998,11.167409897000001
1261,O,oy1,-0.55000001192092896,24.187839276999998,30.717831744000001,13.329487801000001
1262,O,oy2,-0.55000001192092896,23.345934635999999,33.260146272999997,13.120659828000001
1263,O,oy3,-0.55000001192092896,23.32262326,28.215184463,13.337266922
1264,O,oy4,-0.75800001621246338,24.647934204999999,32.065619124000001,11.038363457000001
1265,O,oy5,-0.86699998378753662,24.257929809,29.286202085999999,11.039361
1266,O,oy6,-0.68300002813339233,24.631600386999999,35.495940816999997,10.973541259999999
1267,Al,ay1,1.4500000476837158,27.257828125,0.75277757599999995,0.0015956290000000001
1268,Si,sy1,1.1000000238418579,28.099627623,8.376114845,2.703195333
1269,Si,sy2,1.1000000238418579,28.032014020999998,2.3268489840000002,2.7043921950000001
1270,H,hoy,0.20000000298023224,27.773997077000001,5.8590435980000004,1.1947274210000001
1271,O,oy1,-0.55000001192092896,27.785298236999999,0.83571833399999995,3.356805086
1272,O,oy2,-0.55000001192092896,26.943393775000001,7.3087038990000002,3.1479771140000001
1273,O,oy3,-0.55000001192092896,26.920082339,3.3383655550000002,3.3645837310000002
1274,O,oy7,-0.75800001621246338,28.245393165999999,8.503231049,1.0656808609999999
1275,O,oy8,-0.75800001621246338,27.855388888,2.2673480509999999,1.066678166
1276,O,oy9,-0.68300002813339233,28.229059347,5.0729093550000002,1.000858426
1277,Al,ay1,1.4500000476837158,28.850412734999999,0.75277757599999995,9.9710874559999993
1278,Si,sy1,1.1000000238418579,28.008613236999999,8.376114845,7.2694873810000002
1279,Si,sy2,1.1000000238418579,28.076226839,2.3268489840000002,7.2682905199999999
1280,H,hoy,0.20000000298023224,28.334243902000001,5.8590435980000004,8.7779550549999996
1281,O,oy1,-0.55000001192092896,28.322942622999999,0.83571833399999995,6.6158776279999998
1282,O,oy2,-0.55000001192092896,29.164847025,7.3087038990000002,6.8247056009999998
1283,O,oy3,-0.55000001192092896,29.188158640000001,3.3383655550000002,6.6080989839999997
1284,O,oy7,-0.75800001621246338,27.862847693999999,8.503231049,8.9070014949999994
1285,O,oy8,-0.75800001621246338,28.252852091000001,2.2673480509999999,8.9060049059999997
1286,O,oy9,-0.68300002813339233,27.879181512999999,5.0729093550000002,8.971824646
1287,Al,ay2,1.4500000476837158,29.851971991999999,8.2625226969999996,-0.0015956290000000001
1288,K,k+,1,32.230289669000001,30.553796088999999,15.024341012000001
1289,Al,ay2,1.4500000476837158,26.256269017000001,8.2625226969999996,9.9742784499999999
1290,Si,sy1,1.1000000238418579,27.098068604000002,0.63918477299999998,12.675878525
1291,Si,sy2,1.1000000238418579,27.030455002,6.6884512899999997,12.677074432
1292,H,hoy,0.20000000298023224,26.772437998000001,3.1562564370000001,11.167409897000001
1293,O,oy1,-0.55000001192092896,26.783739157999999,8.1795816420000005,13.329487801000001
1294,O,oy2,-0.55000001192092896,25.941834646,1.706596255,13.120659828000001
1295,O,oy3,-0.55000001192092896,25.918523241999999,5.6769342419999997,13.337266922
1296,O,oy4,-0.75800001621246338,27.243834146000001,0.51206904600000003,11.038363457000001
1297,O,oy5,-0.75800001621246338,26.853829749999999,6.7479519840000002,11.039361
1298,O,oy6,-0.68300002813339233,27.227500328000001,3.9423906799999999,10.973541259999999
1299,Al,ay1,1.4500000476837158,29.853728184000001,5.2604274750000002,0.0015956290000000001
1300,Si,sy1,1.1000000238418579,30.695527443,3.8684651849999998,2.703195333
1301,Si,sy2,1.1000000238418579,30.627914317999998,6.8344988820000001,2.7043921950000001
1302,H,hoy,0.20000000298023224,30.369897255000001,1.351393461,1.1947274210000001
1303,O,oy1,-0.55000001192092896,30.381198296000001,5.3433685300000002,3.356805086
1304,O,oy2,-0.55000001192092896,29.539293655000002,2.801053762,3.1479771140000001
1305,O,oy3,-0.55000001192092896,29.515982278999999,7.8460154529999997,3.3645837310000002
1306,O,oy7,-0.86699998378753662,30.841293224000001,3.9955809119999999,1.0656808609999999
1307,O,oy8,-0.75800001621246338,30.451289066000001,6.7749981879999996,1.066678166
1308,O,oy9,-0.68300002813339233,30.824959644,0.56525933699999997,1.000858426
1309,Al,ay1,1.4500000476837158,26.254512795,5.2604274750000002,9.9710874559999993
1310,Si,sy1,1.1000000238418579,25.412713237999998,3.8684651849999998,7.2694873810000002
1311,Si,sy2,1.1000000238418579,25.480326810000001,6.8344988820000001,7.2682905199999999
1312,H,hoy,0.20000000298023224,25.738343814,1.351393461,8.7779550549999996
1313,O,oy1,-0.55000001192092896,25.727042623999999,5.3433685300000002,6.6158776279999998
1314,O,oy2,-0.55000001192092896,26.568947144999999,2.801053762,6.8247056009999998
1315,O,oy3,-0.55000001192092896,26.592258522000002,7.8460154529999997,6.6080989839999997
1316,O,oy7,-0.86699998378753662,25.266947694999999,3.9955809119999999,8.9070014949999994
1317,O,oy8,-0.75800001621246338,25.656952032,6.7749981879999996,8.9060049059999997
1318,O,oy9,-0.68300002813339233,25.283281513999999,0.56525933699999997,8.971824646
1319,Al,ay2,1.4500000476837158,27.256071934000001,3.754872561,-0.0015956290000000001
1320,Al,ay2,1.4500000476837158,28.852168926000001,3.754872561,9.9742784499999999
1321,Si,sy1,1.1000000238418579,29.693968662,5.1468348500000003,12.675878525
1322,Si,sy2,1.1000000238418579,29.626355061000002,2.180801153,12.677074432
1323,H,hoy,0.20000000298023224,29.368337997000001,7.6639065740000003,11.167409897000001
1324,O,oy1,-0.55000001192092896,29.379639276999999,3.6719317440000001,13.329487801000001
1325,O,oy2,-0.55000001192092896,28.537734636,6.2142462729999997,13.120659828000001
1326,O,oy3,-0.55000001192092896,28.514423260000001,1.1692844630000001,13.337266922
1327,O,oy4,-0.75800001621246338,29.839734204999999,5.0197191239999999,11.038363457000001
1328,O,oy5,-0.75800001621246338,29.449729809000001,2.2403020859999998,11.039361
1329,O,oy6,-0.79199999570846558,29.823400387,8.4500408169999996,10.973541259999999
1330,Al,ay1,1.4500000476837158,27.257828125,9.7680775759999996,0.0015956290000000001
1331,Si,sy1,1.1000000238418579,28.099627623,17.391414845,2.703195333
1332,Si,sy2,1.1000000238418579,28.032014020999998,11.342148984,2.7043921950000001
1333,K,k+,1,4.6029800779999999,18.803240615,5.0252132539999996
1334,H,hoy,0.20000000298023224,27.773997077000001,14.874343597999999,1.1947274210000001
1335,O,oy1,-0.55000001192092896,27.785298236999999,9.8510183340000008,3.356805086
1336,O,oy2,-0.55000001192092896,26.943393775000001,16.324003899000001,3.1479771140000001
1337,O,oy3,-0.55000001192092896,26.920082339,12.353665554999999,3.3645837310000002
1338,O,oy7,-0.75800001621246338,28.245393165999999,17.518531049,1.0656808609999999
1339,O,oy8,-0.75800001621246338,27.855388888,11.282648051000001,1.066678166
1340,O,oy9,-0.68300002813339233,28.229059347,14.088209355,1.000858426
1341,Al,ay1,1.4500000476837158,28.850412734999999,9.7680775759999996,9.9710874559999993
1342,Si,sy1,1.1000000238418579,28.008613236999999,17.391414845,7.2694873810000002
1343,Si,sy2,1.1000000238418579,28.076226839,11.342148984,7.2682905199999999
1344,H,hoy,0.20000000298023224,28.334243902000001,14.874343597999999,8.7779550549999996
1345,O,oy1,-0.55000001192092896,28.322942622999999,9.8510183340000008,6.6158776279999998
1346,O,oy2,-0.55000001192092896,29.164847025,16.324003899000001,6.8247056009999998
1347,O,oy3,-0.55000001192092896,29.188158640000001,12.353665554999999,6.6080989839999997
1348,O,oy7,-0.75800001621246338,27.862847693999999,17.518531049,8.9070014949999994
1349,O,oy8,-0.75800001621246338,28.252852091000001,11.282648051000001,8.9060049059999997
1350,O,oy9,-0.68300002813339233,27.879181512999999,14.088209355,8.971824646
1351,Al,ay2,1.4500000476837158,29.851971991999999,17.277822697000001,-0.0015956290000000001
1352,K,k+,1,18.490781926,30.891193758,-4.9619470520000002
1353,Al,ay2,1.4500000476837158,26.256269017000001,17.277822697000001,9.9742784499999999
1354,Si,sy1,1.1000000238418579,27.098068604000002,9.6544847730000001,12.675878525
1355,Si,sy2,1.1000000238418579,27.030455002,15.70375129,12.677074432
1356,H,hoy,0.20000000298023224,26.772437998000001,12.171556437,11.167409897000001
1357,O,oy1,-0.55000001192092896,26.783739157999999,17.194881641999999,13.329487801000001
1358,O,oy2,-0.55000001192092896,25.941834646,10.721896255000001,13.120659828000001
1359,O,oy3,-0.55000001192092896,25.918523241999999,14.692234242,13.337266922
1360,O,oy4,-0.75800001621246338,27.243834146000001,9.5273690460000005,11.038363457000001
1361,O,oy5,-0.75800001621246338,26.853829749999999,15.763251984,11.039361
1362,O,oy6,-0.68300002813339233,27.227500328000001,12.957690680000001,10.973541259999999
1363,Al,ay1,1.4500000476837158,29.853728184000001,14.275727475,0.0015956290000000001
1364,Si,sy1,1.1000000238418579,30.695527443,12.883765185,2.703195333
1365,Si,sy2,1.1000000238418579,30.627914317999998,15.849798882,2.7043921950000001
1366,H,hoy,0.20000000298023224,30.369897255000001,10.366693461000001,1.1947274210000001
1367,O,oy1,-0.55000001192092896,30.381198296000001,14.358668529999999,3.356805086
1368,O,oy2,-0.55000001192092896,29.539293655000002,11.816353762,3.1479771140000001
1369,O,oy3,-0.55000001192092896,29.515982278999999,16.861315453,3.3645837310000002
1370,O,oy7,-0.75800001621246338,30.841293224000001,13.010880911999999,1.0656808609999999
1371,O,oy8,-0.75800001621246338,30.451289066000001,15.790298188,1.066678166
1372,O,oy9,-0.68300002813339233,30.824959644,9.5805593370000004,1.000858426
1373,Al,ay1,1.4500000476837158,26.254512795,14.275727475,9.9710874559999993
1374,Si,sy1,1.1000000238418579,25.412713237999998,12.883765185,7.2694873810000002
1375,Si,sy2,1.1000000238418579,25.480326810000001,15.849798882,7.2682905199999999
1376,H,hoy,0.20000000298023224,25.738343814,10.366693461000001,8.7779550549999996
1377,O,oy1,-0.55000001192092896,25.727042623999999,14.358668529999999,6.6158776279999998
1378,O,oy2,-0.55000001192092896,26.568947144999999,11.816353762,6.8247056009999998
1379,O,oy3,-0.55000001192092896,26.592258522000002,16.861315453,6.6080989839999997
1380,O,oy7,-0.75800001621246338,25.266947694999999,13.010880911999999,8.9070014949999994
1381,O,oy8,-0.75800001621246338,25.656952032,15.790298188,8.9060049059999997
1382,O,oy9,-0.68300002813339233,25.283281513999999,9.5805593370000004,8.971824646
1383,Al,ay2,1.4500000476837158,27.256071934000001,12.770172561000001,-0.0015956290000000001
1384,Al,ay2,1.4500000476837158,28.852168926000001,12.770172561000001,9.9742784499999999
1385,Si,sy1,1.1000000238418579,29.693968662,14.162134849999999,12.675878525
1386,Si,sy2,1.1000000238418579,29.626355061000002,11.196101153000001,12.677074432
1387,H,hoy,0.20000000298023224,29.368337997000001,16.679206573999998,11.167409897000001
1388,O,oy1,-0.55000001192092896,29.379639276999999,12.687231744,13.329487801000001
1389,O,oy2,-0.55000001192092896,28.537734636,15.229546273,13.120659828000001
1390,O,oy3,-0.55000001192092896,28.514423260000001,10.184584463,13.337266922
1391,O,oy4,-0.75800001621246338,29.839734204999999,14.035019124,11.038363457000001
1392,O,oy5,-0.75800001621246338,29.449729809000001,11.255602086,11.039361
1393,O,oy6,-0.68300002813339233,29.823400387,17.465340817000001,10.973541259999999
1394,Al,ay1,1.4500000476837158,27.257828125,18.783377575999999,0.0015956290000000001
1395,Si,sy1,1.1000000238418579,28.099627623,26.406714845,2.703195333
1396,Si,sy2,1.1000000238418579,28.032014020999998,20.357448984000001,2.7043921950000001
1397,K,k+,1,12.287206223,32.463419029999997,4.9756946260000001
1398,H,hoy,0.20000000298023224,27.773997077000001,23.889643597999999,1.1947274210000001
1399,O,oy1,-0.55000001192092896,27.785298236999999,18.866318333999999,3.356805086
1400,O,oy2,-0.55000001192092896,26.943393775000001,25.339303899000001,3.1479771140000001
1401,O,oy3,-0.55000001192092896,26.920082339,21.368965554999999,3.3645837310000002
1402,O,oy7,-0.75800001621246338,28.245393165999999,26.533831049,1.0656808609999999
1403,O,oy8,-0.75800001621246338,27.855388888,20.297948050999999,1.066678166
1404,O,oy9,-0.68300002813339233,28.229059347,23.103509355,1.000858426
1405,Al,ay1,1.4500000476837158,28.850412734999999,18.783377575999999,9.9710874559999993
1406,Si,sy1,1.1000000238418579,28.008613236999999,26.406714845,7.2694873810000002
1407,Si,sy2,1.1000000238418579,28.076226839,20.357448984000001,7.2682905199999999
1408,H,hoy,0.20000000298023224,28.334243902000001,23.889643597999999,8.7779550549999996
1409,O,oy1,-0.55000001192092896,28.322942622999999,18.866318333999999,6.6158776279999998
1410,O,oy2,-0.55000001192092896,29.164847025,25.339303899000001,6.8247056009999998
1411,O,oy3,-0.55000001192092896,29.188158640000001,21.368965554999999,6.6080989839999997
1412,O,oy7,-0.75800001621246338,27.862847693999999,26.533831049,8.9070014949999994
1413,O,oy8,-0.86699998378753662,28.252852091000001,20.297948050999999,8.9060049059999997
1414,O,oy9,-0.79199999570846558,27.879181512999999,23.103509355,8.971824646
1415,Al,ay2,1.4500000476837158,29.851971991999999,26.293122697000001,-0.0015956290000000001
1416,Al,ay2,1.4500000476837158,26.256269017000001,26.293122697000001,9.9742784499999999
1417,Si,sy1,1.1000000238418579,27.098068604000002,18.669784773,12.675878525
1418,Si,sy2,1.1000000238418579,27.030455002,24.719051289999999,12.677074432
1419,H,hoy,0.20000000298023224,26.772437998000001,21.186856436999999,11.167409897000001
1420,O,oy1,-0.55000001192092896,26.783739157999999,26.210181641999998,13.329487801000001
1421,O,oy2,-0.55000001192092896,25.941834646,19.737196255000001,13.120659828000001
1422,O,oy3,-0.55000001192092896,25.918523241999999,23.707534242000001,13.337266922
1423,O,oy4,-0.75800001621246338,27.243834146000001,18.542669046,11.038363457000001
1424,O,oy5,-0.75800001621246338,26.853829749999999,24.778551984,11.039361
1425,O,oy6,-0.79199999570846558,27.227500328000001,21.972990679999999,10.973541259999999
1426,Al,ay1,1.4500000476837158,29.853728184000001,23.291027475,0.0015956290000000001
1427,Si,sy1,1.1000000238418579,30.695527443,21.899065185000001,2.703195333
1428,Si,sy2,1.1000000238418579,30.627914317999998,24.865098882000002,2.7043921950000001
1429,H,hoy,0.20000000298023224,30.369897255000001,19.381993461,1.1947274210000001
1430,O,oy1,-0.55000001192092896,30.381198296000001,23.373968529999999,3.356805086
1431,O,oy2,-0.55000001192092896,29.539293655000002,20.831653761999998,3.1479771140000001
1432,O,oy3,-0.55000001192092896,29.515982278999999,25.876615452999999,3.3645837310000002
1433,O,oy7,-0.86699998378753662,30.841293224000001,22.026180912000001,1.0656808609999999
1434,O,oy8,-0.75800001621246338,30.451289066000001,24.805598188000001,1.066678166
1435,O,oy9,-0.68300002813339233,30.824959644,18.595859337,1.000858426
1436,Al,ay1,1.4500000476837158,26.254512795,23.291027475,9.9710874559999993
1437,Si,sy1,1.1000000238418579,25.412713237999998,21.899065185000001,7.2694873810000002
1438,Si,sy2,1.1000000238418579,25.480326810000001,24.865098882000002,7.2682905199999999
1439,H,hoy,0.20000000298023224,25.738343814,19.381993461,8.7779550549999996
1440,O,oy1,-0.55000001192092896,25.727042623999999,23.373968529999999,6.6158776279999998
1441,O,oy2,-0.55000001192092896,26.568947144999999,20.831653761999998,6.8247056009999998
1442,O,oy3,-0.55000001192092896,26.592258522000002,25.876615452999999,6.6080989839999997
1443,O,oy7,-0.75800001621246338,25.266947694999999,22.026180912000001,8.9070014949999994
1444,O,oy8,-0.75800001621246338,25.656952032,24.805598188000001,8.9060049059999997
1445,O,oy9,-0.68300002813339233,25.283281513999999,18.595859337,8.971824646
1446,Al,ay2,1.4500000476837158,27.256071934000001,21.785472560999999,-0.0015956290000000001
1447,Mg,ay2,1.0980000495910645,28.852168926000001,21.785472560999999,9.9742784499999999
1448,Si,sy1,1.1000000238418579,29.693968662,23.177434850000001,12.675878525
1449,Si,sy2,1.1000000238418579,29.626355061000002,20.211401153000001,12.677074432
1450,H,hoy,0.20000000298023224,29.368337997000001,25.694506573999998,11.167409897000001
1451,O,oy1,-0.55000001192092896,29.379639276999999,21.702531744000002,13.329487801000001
1452,O,oy2,-0.55000001192092896,28.537734636,24.244846273,13.120659828000001
1453,O,oy3,-0.55000001192092896,28.514423260000001,19.199884463,13.337266922
1454,O,oy4,-0.86699998378753662,29.839734204999999,23.050319124000001,11.038363457000001
1455,O,oy5,-0.86699998378753662,29.449729809000001,20.270902086,11.039361
1456,O,oy6,-0.68300002813339233,29.823400387,26.480640817000001,10.973541259999999
1457,Al,ay1,1.4500000476837158,27.257828125,27.798677575999999,0.0015956290000000001
1458,Si,sy1,1.1000000238418579,28.099627623,35.422014845,2.703195333
1459,Si,sy2,1.1000000238418579,28.032014020999998,29.372748984000001,2.7043921950000001
1460,K,k+,1,33.241990706000003,23.273213800000001,5.0203226030000003
1461,H,hoy,0.20000000298023224,27.773997077000001,32.904943598000003,1.1947274210000001
1462,O,oy1,-0.55000001192092896,27.785298236999999,27.881618333999999,3.356805086
1463,O,oy2,-0.55000001192092896,26.943393775000001,34.354603898999997,3.1479771140000001
1464,O,oy3,-0.55000001192092896,26.920082339,30.384265554999999,3.3645837310000002
1465,O,oy7,-0.75800001621246338,28.245393165999999,35.549131049000003,1.0656808609999999
1466,O,oy8,-0.75800001621246338,27.855388888,29.313248050999999,1.066678166
1467,O,oy9,-0.79199999570846558,28.229059347,32.118809355000003,1.000858426
1468,Al,ay1,1.4500000476837158,28.850412734999999,27.798677575999999,9.9710874559999993
1469,Si,sy1,1.1000000238418579,28.008613236999999,35.422014845,7.2694873810000002
1470,Si,sy2,1.1000000238418579,28.076226839,29.372748984000001,7.2682905199999999
1471,H,hoy,0.20000000298023224,28.334243902000001,32.904943598000003,8.7779550549999996
1472,O,oy1,-0.55000001192092896,28.322942622999999,27.881618333999999,6.6158776279999998
1473,O,oy2,-0.55000001192092896,29.164847025,34.354603898999997,6.8247056009999998
1474,O,oy3,-0.55000001192092896,29.188158640000001,30.384265554999999,6.6080989839999997
1475,O,oy7,-0.75800001621246338,27.862847693999999,35.549131049000003,8.9070014949999994
1476,O,oy8,-0.75800001621246338,28.252852091000001,29.313248050999999,8.9060049059999997
1477,O,oy9,-0.68300002813339233,27.879181512999999,32.118809355000003,8.971824646
1478,Al,ay2,1.4500000476837158,29.851971991999999,35.308422696999997,-0.0015956290000000001
1479,Al,ay2,1.4500000476837158,26.256269017000001,35.308422696999997,9.9742784499999999
1480,Si,sy1,1.1000000238418579,27.098068604000002,27.685084773,12.675878525
1481,Si,sy2,1.1000000238418579,27.030455002,33.734351289999999,12.677074432
1482,H,hoy,0.20000000298023224,26.772437998000001,30.202156436999999,11.167409897000001
1483,O,oy1,-0.55000001192092896,26.783739157999999,35.225481641999998,13.329487801000001
1484,O,oy2,-0.55000001192092896,25.941834646,28.752496255000001,13.120659828000001
1485,O,oy3,-0.55000001192092896,25.918523241999999,32.722834241999998,13.337266922
1486,O,oy4,-0.75800001621246338,27.243834146000001,27.557969046,11.038363457000001
1487,O,oy5,-0.75800001621246338,26.853829749999999,33.793851984,11.039361
1488,O,oy6,-0.68300002813339233,27.227500328000001,30.988290679999999,10.973541259999999
1489,Mg,ay1,1.0980000495910645,29.853728184000001,32.306327475000003,0.0015956290000000001
1490,Si,sy1,1.1000000238418579,30.695527443,30.914365185000001,2.703195333
1491,Si,sy2,1.1000000238418579,30.627914317999998,33.880398882000001,2.7043921950000001
1492,H,hoy,0.20000000298023224,30.369897255000001,28.397293461,1.1947274210000001
1493,O,oy1,-0.55000001192092896,30.381198296000001,32.389268530000002,3.356805086
1494,O,oy2,-0.55000001192092896,29.539293655000002,29.846953761999998,3.1479771140000001
1495,O,oy3,-0.55000001192092896,29.515982278999999,34.891915453000003,3.3645837310000002
1496,O,oy7,-0.86699998378753662,30.841293224000001,31.041480912000001,1.0656808609999999
1497,O,oy8,-0.86699998378753662,30.451289066000001,33.820898188000001,1.066678166
1498,O,oy9,-0.68300002813339233,30.824959644,27.611159337,1.000858426
1499,Al,ay1,1.4500000476837158,26.254512795,32.306327475000003,9.9710874559999993
1500,Si,sy1,1.1000000238418579,25.412713237999998,30.914365185000001,7.2694873810000002
1501,Si,sy2,1.1000000238418579,25.480326810000001,33.880398882000001,7.2682905199999999
1502,H,hoy,0.20000000298023224,25.738343814,28.397293461,8.7779550549999996
1503,O,oy1,-0.55000001192092896,25.727042623999999,32.389268530000002,6.6158776279999998
1504,O,oy2,-0.55000001192092896,26.568947144999999,29.846953761999998,6.8247056009999998
1505,O,oy3,-0.55000001192092896,26.592258522000002,34.891915453000003,6.6080989839999997
1506,O,oy7,-0.75800001621246338,25.266947694999999,31.041480912000001,8.9070014949999994
1507,O,oy8,-0.75800001621246338,25.656952032,33.820898188000001,8.9060049059999997
1508,O,oy9,-0.79199999570846558,25.283281513999999,27.611159337,8.971824646
1509,Al,ay2,1.4500000476837158,27.256071934000001,30.800772560999999,-0.0015956290000000001
1510,K,k+,1,3.62989827,17.245364046999999,14.921148406
1511,Al,ay2,1.4500000476837158,28.852168926000001,30.800772560999999,9.9742784499999999
1512,Si,sy1,1.1000000238418579,29.693968662,32.192734850000001,12.675878525
1513,Si,sy2,1.1000000238418579,29.626355061000002,29.226701153,12.677074432
1514,H,hoy,0.20000000298023224,29.368337997000001,34.709806573999998,11.167409897000001
1515,O,oy1,-0.55000001192092896,29.379639276999999,30.717831744000001,13.329487801000001
1516,O,oy2,-0.55000001192092896,28.537734636,33.260146272999997,13.120659828000001
1517,O,oy3,-0.55000001192092896,28.514423260000001,28.215184463,13.337266922
1518,O,oy4,-0.75800001621246338,29.839734204999999,32.065619124000001,11.038363457000001
1519,O,oy5,-0.75800001621246338,29.449729809000001,29.286202085999999,11.039361
1520,O,oy6,-0.79199999570846558,29.823400387,35.495940816999997,10.973541259999999
1521,Al,ay1,1.4500000476837158,32.449628124999997,0.75277757599999995,0.0015956290000000001
1522,Si,sy1,1.1000000238418579,33.291427622999997,8.376114845,2.703195333
1523,Si,sy2,1.1000000238418579,33.223814021000003,2.3268489840000002,2.7043921950000001
1524,K,k+,1,12.446680775000001,23.253428117999999,4.9262107390000001
1525,H,hoy,0.20000000298023224,32.965797076999998,5.8590435980000004,1.1947274210000001
1526,O,oy1,-0.55000001192092896,32.977098237,0.83571833399999995,3.356805086
1527,O,oy2,-0.55000001192092896,32.135193774999998,7.3087038990000002,3.1479771140000001
1528,O,oy3,-0.55000001192092896,32.111882338999997,3.3383655550000002,3.3645837310000002
1529,O,oy7,-0.75800001621246338,33.437193166,8.503231049,1.0656808609999999
1530,O,oy8,-0.86699998378753662,33.047188888000001,2.2673480509999999,1.066678166
1531,O,oy9,-0.79199999570846558,33.420859346999997,5.0729093550000002,1.000858426
1532,Al,ay1,1.4500000476837158,34.042212735,0.75277757599999995,9.9710874559999993
1533,Si,sy1,1.1000000238418579,33.200413236999999,8.376114845,7.2694873810000002
1534,Si,sy2,1.1000000238418579,33.268026839000001,2.3268489840000002,7.2682905199999999
1535,H,hoy,0.20000000298023224,33.526043901999998,5.8590435980000004,8.7779550549999996
1536,O,oy1,-0.55000001192092896,33.514742622999997,0.83571833399999995,6.6158776279999998
1537,O,oy2,-0.55000001192092896,34.356647025000001,7.3087038990000002,6.8247056009999998
1538,O,oy3,-0.55000001192092896,34.379958639999998,3.3383655550000002,6.6080989839999997
1539,O,oy7,-0.86699998378753662,33.054647694000003,8.503231049,8.9070014949999994
1540,O,oy8,-0.75800001621246338,33.444652091000002,2.2673480509999999,8.9060049059999997
1541,O,oy9,-0.68300002813339233,33.070981513,5.0729093550000002,8.971824646
1542,Al,ay2,1.4500000476837158,35.043771992000003,8.2625226969999996,-0.0015956290000000001
1543,Mg,ay2,1.0970000028610229,31.448069017000002,8.2625226969999996,9.9742784499999999
1544,Si,sy1,1.1000000238418579,32.289868603999999,0.63918477299999998,12.675878525
1545,Si,sy2,1.1000000238418579,32.222255001999997,6.6884512899999997,12.677074432
1546,H,hoy,0.20000000298023224,31.964237998000002,3.1562564370000001,11.167409897000001
1547,O,oy1,-0.55000001192092896,31.975539158,8.1795816420000005,13.329487801000001
1548,O,oy2,-0.55000001192092896,31.133634646000001,1.706596255,13.120659828000001
1549,O,oy3,-0.55000001192092896,31.110323242,5.6769342419999997,13.337266922
1550,O,oy4,-0.86699998378753662,32.435634145999998,0.51206904600000003,11.038363457000001
1551,O,oy5,-0.86699998378753662,32.045629750000003,6.7479519840000002,11.039361
1552,O,oy6,-0.68300002813339233,32.419300327999999,3.9423906799999999,10.973541259999999
1553,Al,ay1,1.4500000476837158,35.045528183999998,5.2604274750000002,0.0015956290000000001
1554,Si,sy1,1.1000000238418579,35.887327442999997,3.8684651849999998,2.703195333
1555,Si,sy2,1.1000000238418579,35.819714318000003,6.8344988820000001,2.7043921950000001
1556,H,hoy,0.20000000298023224,35.561697254999999,1.351393461,1.1947274210000001
1557,O,oy1,-0.55000001192092896,35.572998296000002,5.3433685300000002,3.356805086
1558,O,oy2,-0.55000001192092896,34.731093655000002,2.801053762,3.1479771140000001
1559,O,oy3,-0.55000001192092896,34.707782279,7.8460154529999997,3.3645837310000002
1560,O,oy7,-0.75800001621246338,36.033093223999998,3.9955809119999999,1.0656808609999999
1561,O,oy8,-0.75800001621246338,35.643089066000002,6.7749981879999996,1.066678166
1562,O,oy9,-0.68300002813339233,36.016759643999997,0.56525933699999997,1.000858426
1563,Al,ay1,1.4500000476837158,31.446312795000001,5.2604274750000002,9.9710874559999993
1564,Si,sy1,1.1000000238418579,30.604513237999999,3.8684651849999998,7.2694873810000002
1565,Si,sy2,1.1000000238418579,30.672126810000002,6.8344988820000001,7.2682905199999999
1566,H,hoy,0.20000000298023224,30.930143814000001,1.351393461,8.7779550549999996
1567,O,oy1,-0.55000001192092896,30.918842624,5.3433685300000002,6.6158776279999998
1568,O,oy2,-0.55000001192092896,31.760747145,2.801053762,6.8247056009999998
1569,O,oy3,-0.55000001192092896,31.784058521999999,7.8460154529999997,6.6080989839999997
1570,O,oy7,-0.75800001621246338,30.458747695,3.9955809119999999,8.9070014949999994
1571,O,oy8,-0.86699998378753662,30.848752032,6.7749981879999996,8.9060049059999997
1572,O,oy9,-0.79199999570846558,30.475081513999999,0.56525933699999997,8.971824646
1573,Mg,ay2,1.0980000495910645,32.447871933999998,3.754872561,-0.0015956290000000001
1574,Al,ay2,1.4500000476837158,34.043968925999998,3.754872561,9.9742784499999999
1575,Si,sy1,1.1000000238418579,34.885768661999997,5.1468348500000003,12.675878525
1576,Si,sy2,1.1000000238418579,34.818155060999999,2.180801153,12.677074432
1577,H,hoy,0.20000000298023224,34.560137996999998,7.6639065740000003,11.167409897000001
1578,O,oy1,-0.55000001192092896,34.571439277000003,3.6719317440000001,13.329487801000001
1579,O,oy2,-0.55000001192092896,33.729534635999997,6.2142462729999997,13.120659828000001
1580,O,oy3,-0.55000001192092896,33.706223260000002,1.1692844630000001,13.337266922
1581,O,oy4,-0.75800001621246338,35.031534205,5.0197191239999999,11.038363457000001
1582,O,oy5,-0.75800001621246338,34.641529808999998,2.2403020859999998,11.039361
1583,O,oy6,-0.68300002813339233,35.015200387,8.4500408169999996,10.973541259999999
1584,Al,ay1,1.4500000476837158,32.449628124999997,9.7680775759999996,0.0015956290000000001
1585,Si,sy1,1.1000000238418579,33.291427622999997,17.391414845,2.703195333
1586,Si,sy2,1.1000000238418579,33.223814021000003,11.342148984,2.7043921950000001
1587,H,hoy,0.20000000298023224,32.965797076999998,14.874343597999999,1.1947274210000001
1588,O,oy1,-0.55000001192092896,32.977098237,9.8510183340000008,3.356805086
1589,O,oy2,-0.55000001192092896,32.135193774999998,16.324003899000001,3.1479771140000001
1590,O,oy3,-0.55000001192092896,32.111882338999997,12.353665554999999,3.3645837310000002
1591,O,oy7,-0.75800001621246338,33.437193166,17.518531049,1.0656808609999999
1592,O,oy8,-0.75800001621246338,33.047188888000001,11.282648051000001,1.066678166
1593,O,oy9,-0.79199999570846558,33.420859346999997,14.088209355,1.000858426
1594,Al,ay1,1.4500000476837158,34.042212735,9.7680775759999996,9.9710874559999993
1595,Si,sy1,1.1000000238418579,33.200413236999999,17.391414845,7.2694873810000002
1596,Si,sy2,1.1000000238418579,33.268026839000001,11.342148984,7.2682905199999999
1597,H,hoy,0.20000000298023224,33.526043901999998,14.874343597999999,8.7779550549999996
1598,O,oy1,-0.55000001192092896,33.514742622999997,9.8510183340000008,6.6158776279999998
1599,O,oy2,-0.55000001192092896,34.356647025000001,16.324003899000001,6.8247056009999998
1600,O,oy3,-0.55000001192092896,34.379958639999998,12.353665554999999,6.6080989839999997
1601,O,oy7,-0.86699998378753662,33.054647694000003,17.518531049,8.9070014949999994
1602,O,oy8,-0.75800001621246338,33.444652091000002,11.282648051000001,8.9060049059999997
1603,O,oy9,-0.68300002813339233,33.070981513,14.088209355,8.971824646
1604,Al,ay2,1.4500000476837158,35.043771992000003,17.277822697000001,-0.0015956290000000001
1605,Al,ay2,1.4500000476837158,31.448069017000002,17.277822697000001,9.9742784499999999
1606,Si,sy1,1.1000000238418579,32.289868603999999,9.6544847730000001,12.675878525
1607,Si,sy2,1.1000000238418579,32.222255001999997,15.70375129,12.677074432
1608,H,hoy,0.20000000298023224,31.964237998000002,12.171556437,11.167409897000001
1609,O,oy1,-0.55000001192092896,31.975539158,17.194881641999999,13.329487801000001
1610,O,oy2,-0.55000001192092896,31.133634646000001,10.721896255000001,13.120659828000001
1611,O,oy3,-0.55000001192092896,31.110323242,14.692234242,13.337266922
1612,O,oy4,-0.86699998378753662,32.435634145999998,9.5273690460000005,11.038363457000001
1613,O,oy5,-0.75800001621246338,32.045629750000003,15.763251984,11.039361
1614,O,oy6,-0.68300002813339233,32.419300327999999,12.957690680000001,10.973541259999999
1615,Mg,ay1,1.0980000495910645,35.045528183999998,14.275727475,0.0015956290000000001
1616,Si,sy1,1.1000000238418579,35.887327442999997,12.883765185,2.703195333
1617,Si,sy2,1.1000000238418579,35.819714318000003,15.849798882,2.7043921950000001
1618,H,hoy,0.20000000298023224,35.561697254999999,10.366693461000001,1.1947274210000001
1619,O,oy1,-0.55000001192092896,35.572998296000002,14.358668529999999,3.356805086
1620,O,oy2,-0.55000001192092896,34.731093655000002,11.816353762,3.1479771140000001
1621,O,oy3,-0.55000001192092896,34.707782279,16.861315453,3.3645837310000002
1622,O,oy7,-0.86699998378753662,36.033093223999998,13.010880911999999,1.0656808609999999
1623,O,oy8,-0.86699998378753662,35.643089066000002,15.790298188,1.066678166
1624,O,oy9,-0.68300002813339233,36.016759643999997,9.5805593370000004,1.000858426
1625,Al,ay1,1.4500000476837158,31.446312795000001,14.275727475,9.9710874559999993
1626,Si,sy1,1.1000000238418579,30.604513237999999,12.883765185,7.2694873810000002
1627,Si,sy2,1.1000000238418579,30.672126810000002,15.849798882,7.2682905199999999
1628,H,hoy,0.20000000298023224,30.930143814000001,10.366693461000001,8.7779550549999996
1629,O,oy1,-0.55000001192092896,30.918842624,14.358668529999999,6.6158776279999998
1630,O,oy2,-0.55000001192092896,31.760747145,11.816353762,6.8247056009999998
1631,O,oy3,-0.55000001192092896,31.784058521999999,16.861315453,6.6080989839999997
1632,O,oy7,-0.75800001621246338,30.458747695,13.010880911999999,8.9070014949999994
1633,O,oy8,-0.75800001621246338,30.848752032,15.790298188,8.9060049059999997
1634,O,oy9,-0.79199999570846558,30.475081513999999,9.5805593370000004,8.971824646
1635,Al,ay2,1.4500000476837158,32.447871933999998,12.770172561000001,-0.0015956290000000001
1636,K,k+,1,34.933324126999999,35.271563256,14.988207179
1637,Al,ay2,1.4500000476837158,34.043968925999998,12.770172561000001,9.9742784499999999
1638,Si,sy1,1.1000000238418579,34.885768661999997,14.162134849999999,12.675878525
1639,Si,sy2,1.1000000238418579,34.818155060999999,11.196101153000001,12.677074432
1640,H,hoy,0.20000000298023224,34.560137996999998,16.679206573999998,11.167409897000001
1641,O,oy1,-0.55000001192092896,34.571439277000003,12.687231744,13.329487801000001
1642,O,oy2,-0.55000001192092896,33.729534635999997,15.229546273,13.120659828000001
1643,O,oy3,-0.55000001192092896,33.706223260000002,10.184584463,13.337266922
1644,O,oy4,-0.75800001621246338,35.031534205,14.035019124,11.038363457000001
1645,O,oy5,-0.75800001621246338,34.641529808999998,11.255602086,11.039361
1646,O,oy6,-0.79199999570846558,35.015200387,17.465340817000001,10.973541259999999
1647,Al,ay1,1.4500000476837158,32.449628124999997,18.783377575999999,0.0015956290000000001
1648,Si,sy1,1.1000000238418579,33.291427622999997,26.406714845,2.703195333
1649,Si,sy2,1.1000000238418579,33.223814021000003,20.357448984000001,2.7043921950000001
1650,H,hoy,0.20000000298023224,32.965797076999998,23.889643597999999,1.1947274210000001
1651,O,oy1,-0.55000001192092896,32.977098237,18.866318333999999,3.356805086
1652,O,oy2,-0.55000001192092896,32.135193774999998,25.339303899000001,3.1479771140000001
1653,O,oy3,-0.55000001192092896,32.111882338999997,21.368965554999999,3.3645837310000002
1654,O,oy7,-0.75800001621246338,33.437193166,26.533831049,1.0656808609999999
1655,O,oy8,-0.86699998378753662,33.047188888000001,20.297948050999999,1.066678166
1656,O,oy9,-0.79199999570846558,33.420859346999997,23.103509355,1.000858426
1657,Mg,ay1,1.0980000495910645,34.042212735,18.783377575999999,9.9710874559999993
1658,Si,sy1,1.1000000238418579,33.200413236999999,26.406714845,7.2694873810000002
1659,Si,sy2,1.1000000238418579,33.268026839000001,20.357448984000001,7.2682905199999999
1660,H,hoy,0.20000000298023224,33.526043901999998,23.889643597999999,8.7779550549999996
1661,O,oy1,-0.55000001192092896,33.514742622999997,18.866318333999999,6.6158776279999998
1662,O,oy2,-0.55000001192092896,34.356647025000001,25.339303899000001,6.8247056009999998
1663,O,oy3,-0.55000001192092896,34.379958639999998,21.368965554999999,6.6080989839999997
1664,O,oy7,-0.75800001621246338,33.054647694000003,26.533831049,8.9070014949999994
1665,O,oy8,-0.86699998378753662,33.444652091000002,20.297948050999999,8.9060049059999997
1666,O,oy9,-0.68300002813339233,33.070981513,23.103509355,8.971824646
1667,Al,ay2,1.4500000476837158,35.043771992000003,26.293122697000001,-0.0015956290000000001
1668,K,k+,1,18.650046940999999,21.721463281999998,-4.9995539520000003
1669,Al,ay2,1.4500000476837158,31.448069017000002,26.293122697000001,9.9742784499999999
1670,Si,sy1,1.1000000238418579,32.289868603999999,18.669784773,12.675878525
1671,Si,sy2,1.1000000238418579,32.222255001999997,24.719051289999999,12.677074432
1672,H,hoy,0.20000000298023224,31.964237998000002,21.186856436999999,11.167409897000001
1673,O,oy1,-0.55000001192092896,31.975539158,26.210181641999998,13.329487801000001
1674,O,oy2,-0.55000001192092896,31.133634646000001,19.737196255000001,13.120659828000001
1675,O,oy3,-0.55000001192092896,31.110323242,23.707534242000001,13.337266922
1676,O,oy4,-0.86699998378753662,32.435634145999998,18.542669046,11.038363457000001
1677,O,oy5,-0.75800001621246338,32.045629750000003,24.778551984,11.039361
1678,O,oy6,-0.68300002813339233,32.419300327999999,21.972990679999999,10.973541259999999
1679,Al,ay1,1.4500000476837158,35.045528183999998,23.291027475,0.0015956290000000001
1680,Si,sy1,1.1000000238418579,35.887327442999997,21.899065185000001,2.703195333
1681,Si,sy2,1.1000000238418579,35.819714318000003,24.865098882000002,2.7043921950000001
1682,K,k+,1,9.7052878610000004,9.9916120629999998,5.0144615789999998
1683,H,hoy,0.20000000298023224,35.561697254999999,19.381993461,1.1947274210000001
1684,O,oy1,-0.55000001192092896,35.572998296000002,23.373968529999999,3.356805086
1685,O,oy2,-0.55000001192092896,34.731093655000002,20.831653761999998,3.1479771140000001
1686,O,oy3,-0.55000001192092896,34.707782279,25.876615452999999,3.3645837310000002
1687,O,oy7,-0.75800001621246338,36.033093223999998,22.026180912000001,1.0656808609999999
1688,O,oy8,-0.75800001621246338,35.643089066000002,24.805598188000001,1.066678166
1689,O,oy9,-0.68300002813339233,36.016759643999997,18.595859337,1.000858426
1690,Al,ay1,1.4500000476837158,31.446312795000001,23.291027475,9.9710874559999993
1691,Si,sy1,1.1000000238418579,30.604513237999999,21.899065185000001,7.2694873810000002
1692,Si,sy2,1.1000000238418579,30.672126810000002,24.865098882000002,7.2682905199999999
1693,H,hoy,0.20000000298023224,30.930143814000001,19.381993461,8.7779550549999996
1694,O,oy1,-0.55000001192092896,30.918842624,23.373968529999999,6.6158776279999998
1695,O,oy2,-0.55000001192092896,31.760747145,20.831653761999998,6.8247056009999998
1696,O,oy3,-0.55000001192092896,31.784058521999999,25.876615452999999,6.6080989839999997
1697,O,oy7,-0.86699998378753662,30.458747695,22.026180912000001,8.9070014949999994
1698,O,oy8,-0.75800001621246338,30.848752032,24.805598188000001,8.9060049059999997
1699,O,oy9,-0.68300002813339233,30.475081513999999,18.595859337,8.971824646
1700,Mg,ay2,1.0980000495910645,32.447871933999998,21.785472560999999,-0.0015956290000000001
1701,Al,ay2,1.4500000476837158,34.043968925999998,21.785472560999999,9.9742784499999999
1702,Si,sy1,1.1000000238418579,34.885768661999997,23.177434850000001,12.675878525
1703,Si,sy2,1.1000000238418579,34.818155060999999,20.211401153000001,12.677074432
1704,H,hoy,0.20000000298023224,34.560137996999998,25.694506573999998,11.167409897000001
1705,O,oy1,-0.55000001192092896,34.571439277000003,21.702531744000002,13.329487801000001
1706,O,oy2,-0.55000001192092896,33.729534635999997,24.244846273,13.120659828000001
1707,O,oy3,-0.55000001192092896,33.706223260000002,19.199884463,13.337266922
1708,O,oy4,-0.75800001621246338,35.031534205,23.050319124000001,11.038363457000001
1709,O,oy5,-0.86699998378753662,34.641529808999998,20.270902086,11.039361
1710,O,oy6,-0.79199999570846558,35.015200387,26.480640817000001,10.973541259999999
1711,Al,ay1,1.4500000476837158,32.449628124999997,27.798677575999999,0.0015956290000000001
1712,Si,sy1,1.1000000238418579,33.291427622999997,35.422014845,2.703195333
1713,Si,sy2,1.1000000238418579,33.223814021000003,29.372748984000001,2.7043921950000001
1714,H,hoy,0.20000000298023224,32.965797076999998,32.904943598000003,1.1947274210000001
1715,O,oy1,-0.55000001192092896,32.977098237,27.881618333999999,3.356805086
1716,O,oy2,-0.55000001192092896,32.135193774999998,34.354603898999997,3.1479771140000001
1717,O,oy3,-0.55000001192092896,32.111882338999997,30.384265554999999,3.3645837310000002
1718,O,oy7,-0.75800001621246338,33.437193166,35.549131049000003,1.0656808609999999
1719,O,oy8,-0.75800001621246338,33.047188888000001,29.313248050999999,1.066678166
1720,O,oy9,-0.68300002813339233,33.420859346999997,32.118809355000003,1.000858426
1721,Al,ay1,1.4500000476837158,34.042212735,27.798677575999999,9.9710874559999993
1722,Si,sy1,1.1000000238418579,33.200413236999999,35.422014845,7.2694873810000002
1723,Si,sy2,1.1000000238418579,33.268026839000001,29.372748984000001,7.2682905199999999
1724,H,hoy,0.20000000298023224,33.526043901999998,32.904943598000003,8.7779550549999996
1725,O,oy1,-0.55000001192092896,33.514742622999997,27.881618333999999,6.6158776279999998
1726,O,oy2,-0.55000001192092896,34.356647025000001,34.354603898999997,6.8247056009999998
1727,O,oy3,-0.55000001192092896,34.379958639999998,30.384265554999999,6.6080989839999997
1728,O,oy7,-0.86699998378753662,33.054647694000003,35.549131049000003,8.9070014949999994
1729,O,oy8,-0.75800001621246338,33.444652091000002,29.313248050999999,8.9060049059999997
1730,O,oy9,-0.68300002813339233,33.070981513,32.118809355000003,8.971824646
1731,Al,ay2,1.4500000476837158,35.043771992000003,35.308422696999997,-0.0015956290000000001
1732,Mg,ay2,1.0980000495910645,31.448069017000002,35.308422696999997,9.9742784499999999
1733,Si,sy1,1.1000000238418579,32.289868603999999,27.685084773,12.675878525
1734,Si,sy2,1.1000000238418579,32.222255001999997,33.734351289999999,12.677074432
1735,H,hoy,0.20000000298023224,31.964237998000002,30.202156436999999,11.167409897000001
1736,O,oy1,-0.55000001192092896,31.975539158,35.225481641999998,13.329487801000001
1737,O,oy2,-0.55000001192092896,31.133634646000001,28.752496255000001,13.120659828000001
1738,O,oy3,-0.55000001192092896,31.110323242,32.722834241999998,13.337266922
1739,O,oy4,-0.75800001621246338,32.435634145999998,27.557969046,11.038363457000001
1740,O,oy5,-0.86699998378753662,32.045629750000003,33.793851984,11.039361
1741,O,oy6,-0.68300002813339233,32.419300327999999,30.988290679999999,10.973541259999999
1742,Al,ay1,1.4500000476837158,35.045528183999998,32.306327475000003,0.0015956290000000001
1743,Si,sy1,1.1000000238418579,35.887327442999997,30.914365185000001,2.703195333
1744,Si,sy2,1.1000000238418579,35.819714318000003,33.880398882000001,2.7043921950000001
1745,H,hoy,0.20000000298023224,35.561697254999999,28.397293461,1.1947274210000001
1746,O,oy1,-0.55000001192092896,35.572998296000002,32.389268530000002,3.356805086
1747,O,oy2,-0.55000001192092896,34.731093655000002,29.846953761999998,3.1479771140000001
1748,O,oy3,-0.55000001192092896,34.707782279,34.891915453000003,3.3645837310000002
1749,O,oy7,-0.86699998378753662,36.033093223999998,31.041480912000001,1.0656808609999999
1750,O,oy8,-0.75800001621246338,35.643089066000002,33.820898188000001,1.066678166
1751,O,oy9,-0.68300002813339233,36.016759643999997,27.611159337,1.000858426
1752,Al,ay1,1.4500000476837158,31.446312795000001,32.306327475000003,9.9710874559999993
1753,Si,sy1,1.1000000238418579,30.604513237999999,30.914365185000001,7.2694873810000002
1754,Si,sy2,1.1000000238418579,30.672126810000002,33.880398882000001,7.2682905199999999
1755,H,hoy,0.20000000298023224,30.930143814000001,28.397293461,8.7779550549999996
1756,O,oy1,-0.55000001192092896,30.918842624,32.389268530000002,6.6158776279999998
1757,O,oy2,-0.55000001192092896,31.760747145,29.846953761999998,6.8247056009999998
1758,O,oy3,-0.55000001192092896,31.784058521999999,34.891915453000003,6.6080989839999997
1759,O,oy7,-0.75800001621246338,30.458747695,31.041480912000001,8.9070014949999994
1760,O,oy8,-0.86699998378753662,30.848752032,33.820898188000001,8.9060049059999997
1761,O,oy9,-0.68300002813339233,30.475081513999999,27.611159337,8.971824646
1762,Al,ay2,1.4500000476837158,32.447871933999998,30.800772560999999,-0.0015956290000000001
1763,Al,ay2,1.4500000476837158,34.043968925999998,30.800772560999999,9.9742784499999999
1764,Si,sy1,1.1000000238418579,34.885768661999997,32.192734850000001,12.675878525
1765,Si,sy2,1.1000000238418579,34.818155060999999,29.226701153,12.677074432
1766,H,hoy,0.20000000298023224,34.560137996999998,34.709806573999998,11.167409897000001
1767,O,oy1,-0.55000001192092896,34.571439277000003,30.717831744000001,13.329487801000001
1768,O,oy2,-0.55000001192092896,33.729534635999997,33.260146272999997,13.120659828000001
1769,O,oy3,-0.55000001192092896,33.706223260000002,28.215184463,13.337266922
1770,O,oy4,-0.75800001621246338,35.031534205,32.065619124000001,11.038363457000001
1771,O,oy5,-0.75800001621246338,34.641529808999998,29.286202085999999,11.039361
1772,O,oy6,-0.68300002813339233,35.015200387,35.495940816999997,10.973541259999999
1773,Si,sy1,1.1000000238418579,3.0511723100000001,0.63918477299999998,-2.7031951909999998
1774,Si,sy2,1.1000000238418579,3.1187859119999999,6.6884512899999997,-2.7043930060000001
1775,H,hoy,0.20000000298023224,3.3768029749999999,3.1562564370000001,-1.1947265629999999
1776,O,oy1,-0.55000001192092896,3.3655016959999999,8.1795816420000005,-3.3568054209999998
1777,O,oy2,-0.55000001192092896,4.2074062169999999,1.706596255,-3.1479774479999998
1778,O,oy3,-0.55000001192092896,4.2307175929999996,5.6769342419999997,-3.3645835879999999
1779,O,oy4,-0.75800001621246338,2.9054068270000002,0.51206904600000003,-1.065681077
1780,O,oy5,-0.86699998378753662,3.2954111639999999,6.7479519840000002,-1.06667862
1781,O,oy6,-0.79199999570846558,2.9217405859999999,3.9423906799999999,-1.0008579259999999
1782,Si,sy1,1.1000000238418579,0.45527237100000001,5.1468348500000003,-2.7031951909999998
1783,Si,sy2,1.1000000238418579,0.52288597199999998,2.180801153,-2.7043930060000001
1784,H,hoy,0.20000000298023224,0.78090291599999995,7.6639065740000003,-1.1947265629999999
1785,O,oy1,-0.55000001192092896,0.76960175600000003,3.6719317440000001,-3.3568054209999998
1786,O,oy2,-0.55000001192092896,1.6115062469999999,6.2142462729999997,-3.1479774479999998
1787,O,oy3,-0.55000001192092896,1.6348176539999999,1.1692844630000001,-3.3645835879999999
1788,O,oy4,-0.75800001621246338,0.30950682800000001,5.0197191239999999,-1.065681077
1789,O,oy5,-0.75800001621246338,0.69951110500000002,2.2403020859999998,-1.06667862
1790,O,oy6,-0.68300002813339233,0.32584064600000001,8.4500408169999996,-1.0008579259999999
1791,Si,sy1,1.1000000238418579,3.0511723100000001,9.6544847730000001,-2.7031951909999998
1792,Si,sy2,1.1000000238418579,3.1187859119999999,15.70375129,-2.7043930060000001
1793,H,hoy,0.20000000298023224,3.3768029749999999,12.171556437,-1.1947265629999999
1794,O,oy1,-0.55000001192092896,3.3655016959999999,17.194881641999999,-3.3568054209999998
1795,O,oy2,-0.55000001192092896,4.2074062169999999,10.721896255000001,-3.1479774479999998
1796,O,oy3,-0.55000001192092896,4.2307175929999996,14.692234242,-3.3645835879999999
1797,O,oy4,-0.75800001621246338,2.9054068270000002,9.5273690460000005,-1.065681077
1798,O,oy5,-0.86699998378753662,3.2954111639999999,15.763251984,-1.06667862
1799,O,oy6,-0.68300002813339233,2.9217405859999999,12.957690680000001,-1.0008579259999999
1800,Si,sy1,1.1000000238418579,0.45527237100000001,14.162134849999999,-2.7031951909999998
1801,Si,sy2,1.1000000238418579,0.52288597199999998,11.196101153000001,-2.7043930060000001
1802,H,hoy,0.20000000298023224,0.78090291599999995,16.679206573999998,-1.1947265629999999
1803,O,oy1,-0.55000001192092896,0.76960175600000003,12.687231744,-3.3568054209999998
1804,O,oy2,-0.55000001192092896,1.6115062469999999,15.229546273,-3.1479774479999998
1805,O,oy3,-0.55000001192092896,1.6348176539999999,10.184584463,-3.3645835879999999
1806,O,oy4,-0.86699998378753662,0.30950682800000001,14.035019124,-1.065681077
1807,O,oy5,-0.75800001621246338,0.69951110500000002,11.255602086,-1.06667862
1808,O,oy6,-0.68300002813339233,0.32584064600000001,17.465340817000001,-1.0008579259999999
1809,Si,sy1,1.1000000238418579,3.0511723100000001,18.669784773,-2.7031951909999998
1810,Si,sy2,1.1000000238418579,3.1187859119999999,24.719051289999999,-2.7043930060000001
1811,H,hoy,0.20000000298023224,3.3768029749999999,21.186856436999999,-1.1947265629999999
1812,O,oy1,-0.55000001192092896,3.3655016959999999,26.210181641999998,-3.3568054209999998
1813,O,oy2,-0.55000001192092896,4.2074062169999999,19.737196255000001,-3.1479774479999998
1814,O,oy3,-0.55000001192092896,4.2307175929999996,23.707534242000001,-3.3645835879999999
1815,O,oy4,-0.86699998378753662,2.9054068270000002,18.542669046,-1.065681077
1816,O,oy5,-0.75800001621246338,3.2954111639999999,24.778551984,-1.06667862
1817,O,oy6,-0.68300002813339233,2.9217405859999999,21.972990679999999,-1.0008579259999999
1818,Si,sy1,1.1000000238418579,0.45527237100000001,23.177434850000001,-2.7031951909999998
1819,Si,sy2,1.1000000238418579,0.52288597199999998,20.211401153000001,-2.7043930060000001
1820,H,hoy,0.20000000298023224,0.78090291599999995,25.694506573999998,-1.1947265629999999
1821,O,oy1,-0.55000001192092896,0.76960175600000003,21.702531744000002,-3.3568054209999998
1822,O,oy2,-0.55000001192092896,1.6115062469999999,24.244846273,-3.1479774479999998
1823,O,oy3,-0.55000001192092896,1.6348176539999999,19.199884463,-3.3645835879999999
1824,O,oy4,-0.75800001621246338,0.30950682800000001,23.050319124000001,-1.065681077
1825,O,oy5,-0.75800001621246338,0.69951110500000002,20.270902086,-1.06667862
1826,O,oy6,-0.68300002813339233,0.32584064600000001,26.480640817000001,-1.0008579259999999
1827,Si,sy1,1.1000000238418579,3.0511723100000001,27.685084773,-2.7031951909999998
1828,Si,sy2,1.1000000238418579,3.1187859119999999,33.734351289999999,-2.7043930060000001
1829,H,hoy,0.20000000298023224,3.3768029749999999,30.202156436999999,-1.1947265629999999
1830,O,oy1,-0.55000001192092896,3.3655016959999999,35.225481641999998,-3.3568054209999998
1831,O,oy2,-0.55000001192092896,4.2074062169999999,28.752496255000001,-3.1479774479999998
1832,O,oy3,-0.55000001192092896,4.2307175929999996,32.722834241999998,-3.3645835879999999
1833,O,oy4,-0.75800001621246338,2.9054068270000002,27.557969046,-1.065681077
1834,O,oy5,-0.75800001621246338,3.2954111639999999,33.793851984,-1.06667862
1835,O,oy6,-0.79199999570846558,2.9217405859999999,30.988290679999999,-1.0008579259999999
1836,Si,sy1,1.1000000238418579,0.45527237100000001,32.192734850000001,-2.7031951909999998
1837,Si,sy2,1.1000000238418579,0.52288597199999998,29.226701153,-2.7043930060000001
1838,H,hoy,0.20000000298023224,0.78090291599999995,34.709806573999998,-1.1947265629999999
1839,O,oy1,-0.55000001192092896,0.76960175600000003,30.717831744000001,-3.3568054209999998
1840,O,oy2,-0.55000001192092896,1.6115062469999999,33.260146272999997,-3.1479774479999998
1841,O,oy3,-0.55000001192092896,1.6348176539999999,28.215184463,-3.3645835879999999
1842,O,oy4,-0.86699998378753662,0.30950682800000001,32.065619124000001,-1.065681077
1843,O,oy5,-0.86699998378753662,0.69951110500000002,29.286202085999999,-1.06667862
1844,O,oy6,-0.68300002813339233,0.32584064600000001,35.495940816999997,-1.0008579259999999
1845,Si,sy1,1.1000000238418579,8.2429723100000007,0.63918477299999998,-2.7031951909999998
1846,Si,sy2,1.1000000238418579,8.3105859120000005,6.6884512899999997,-2.7043930060000001
1847,H,hoy,0.20000000298023224,8.5686029749999992,3.1562564370000001,-1.1947265629999999
1848,O,oy1,-0.55000001192092896,8.5573016959999997,8.1795816420000005,-3.3568054209999998
1849,O,oy2,-0.55000001192092896,9.3992062169999997,1.706596255,-3.1479774479999998
1850,O,oy3,-0.55000001192092896,9.4225175930000002,5.6769342419999997,-3.3645835879999999
1851,O,oy4,-0.75800001621246338,8.0972068270000008,0.51206904600000003,-1.065681077
1852,O,oy5,-0.86699998378753662,8.4872111639999996,6.7479519840000002,-1.06667862
1853,O,oy6,-0.68300002813339233,8.1135405859999992,3.9423906799999999,-1.0008579259999999
1854,Si,sy1,1.1000000238418579,5.6470723710000001,5.1468348500000003,-2.7031951909999998
1855,Si,sy2,1.1000000238418579,5.7146859719999998,2.180801153,-2.7043930060000001
1856,H,hoy,0.20000000298023224,5.9727029160000003,7.6639065740000003,-1.1947265629999999
1857,O,oy1,-0.55000001192092896,5.9614017559999999,3.6719317440000001,-3.3568054209999998
1858,O,oy2,-0.55000001192092896,6.8033062470000001,6.2142462729999997,-3.1479774479999998
1859,O,oy3,-0.55000001192092896,6.8266176539999996,1.1692844630000001,-3.3645835879999999
1860,O,oy4,-0.86699998378753662,5.5013068279999997,5.0197191239999999,-1.065681077
1861,O,oy5,-0.75800001621246338,5.8913111049999998,2.2403020859999998,-1.06667862
1862,O,oy6,-0.68300002813339233,5.5176406460000003,8.4500408169999996,-1.0008579259999999
1863,Si,sy1,1.1000000238418579,8.2429723100000007,9.6544847730000001,-2.7031951909999998
1864,Si,sy2,1.1000000238418579,8.3105859120000005,15.70375129,-2.7043930060000001
1865,H,hoy,0.20000000298023224,8.5686029749999992,12.171556437,-1.1947265629999999
1866,O,oy1,-0.55000001192092896,8.5573016959999997,17.194881641999999,-3.3568054209999998
1867,O,oy2,-0.55000001192092896,9.3992062169999997,10.721896255000001,-3.1479774479999998
1868,O,oy3,-0.55000001192092896,9.4225175930000002,14.692234242,-3.3645835879999999
1869,O,oy4,-0.86699998378753662,8.0972068270000008,9.5273690460000005,-1.065681077
1870,O,oy5,-0.75800001621246338,8.4872111639999996,15.763251984,-1.06667862
1871,O,oy6,-0.68300002813339233,8.1135405859999992,12.957690680000001,-1.0008579259999999
1872,Si,sy1,1.1000000238418579,5.6470723710000001,14.162134849999999,-2.7031951909999998
1873,Si,sy2,1.1000000238418579,5.7146859719999998,11.196101153000001,-2.7043930060000001
1874,H,hoy,0.20000000298023224,5.9727029160000003,16.679206573999998,-1.1947265629999999
1875,O,oy1,-0.55000001192092896,5.9614017559999999,12.687231744,-3.3568054209999998
1876,O,oy2,-0.55000001192092896,6.8033062470000001,15.229546273,-3.1479774479999998
1877,O,oy3,-0.55000001192092896,6.8266176539999996,10.184584463,-3.3645835879999999
1878,O,oy4,-0.75800001621246338,5.5013068279999997,14.035019124,-1.065681077
1879,O,oy5,-0.75800001621246338,5.8913111049999998,11.255602086,-1.06667862
1880,O,oy6,-0.79199999570846558,5.5176406460000003,17.465340817000001,-1.0008579259999999
1881,Si,sy1,1.1000000238418579,8.2429723100000007,18.669784773,-2.7031951909999998
1882,Si,sy2,1.1000000238418579,8.3105859120000005,24.719051289999999,-2.7043930060000001
1883,H,hoy,0.20000000298023224,8.5686029749999992,21.186856436999999,-1.1947265629999999
1884,O,oy1,-0.55000001192092896,8.5573016959999997,26.210181641999998,-3.3568054209999998
1885,O,oy2,-0.55000001192092896,9.3992062169999997,19.737196255000001,-3.1479774479999998
1886,O,oy3,-0.55000001192092896,9.4225175930000002,23.707534242000001,-3.3645835879999999
1887,O,oy4,-0.75800001621246338,8.0972068270000008,18.542669046,-1.065681077
1888,O,oy5,-0.75800001621246338,8.4872111639999996,24.778551984,-1.06667862
1889,O,oy6,-0.68300002813339233,8.1135405859999992,21.972990679999999,-1.0008579259999999
1890,Si,sy1,1.1000000238418579,5.6470723710000001,23.177434850000001,-2.7031951909999998
1891,Si,sy2,1.1000000238418579,5.7146859719999998,20.211401153000001,-2.7043930060000001
1892,H,hoy,0.20000000298023224,5.9727029160000003,25.694506573999998,-1.1947265629999999
1893,O,oy1,-0.55000001192092896,5.9614017559999999,21.702531744000002,-3.3568054209999998
1894,O,oy2,-0.55000001192092896,6.8033062470000001,24.244846273,-3.1479774479999998
1895,O,oy3,-0.55000001192092896,6.8266176539999996,19.199884463,-3.3645835879999999
1896,O,oy4,-0.75800001621246338,5.5013068279999997,23.050319124000001,-1.065681077
1897,O,oy5,-0.75800001621246338,5.8913111049999998,20.270902086,-1.06667862
1898,O,oy6,-0.68300002813339233,5.5176406460000003,26.480640817000001,-1.0008579259999999
1899,Si,sy1,1.1000000238418579,8.2429723100000007,27.685084773,-2.7031951909999998
1900,Si,sy2,1.1000000238418579,8.3105859120000005,33.734351289999999,-2.7043930060000001
1901,H,hoy,0.20000000298023224,8.5686029749999992,30.202156436999999,-1.1947265629999999
1902,O,oy1,-0.55000001192092896,8.5573016959999997,35.225481641999998,-3.3568054209999998
1903,O,oy2,-0.55000001192092896,9.3992062169999997,28.752496255000001,-3.1479774479999998
1904,O,oy3,-0.55000001192092896,9.4225175930000002,32.722834241999998,-3.3645835879999999
1905,O,oy4,-0.75800001621246338,8.0972068270000008,27.557969046,-1.065681077
1906,O,oy5,-0.86699998378753662,8.4872111639999996,33.793851984,-1.06667862
1907,O,oy6,-0.79199999570846558,8.1135405859999992,30.988290679999999,-1.0008579259999999
1908,Si,sy1,1.1000000238418579,5.6470723710000001,32.192734850000001,-2.7031951909999998
1909,Si,sy2,1.1000000238418579,5.7146859719999998,29.226701153,-2.7043930060000001
1910,H,hoy,0.20000000298023224,5.9727029160000003,34.709806573999998,-1.1947265629999999
1911,O,oy1,-0.55000001192092896,5.9614017559999999,30.717831744000001,-3.3568054209999998
1912,O,oy2,-0.55000001192092896,6.8033062470000001,33.260146272999997,-3.1479774479999998
1913,O,oy3,-0.55000001192092896,6.8266176539999996,28.215184463,-3.3645835879999999
1914,O,oy4,-0.75800001621246338,5.5013068279999997,32.065619124000001,-1.065681077
1915,O,oy5,-0.75800001621246338,5.8913111049999998,29.286202085999999,-1.06667862
1916,O,oy6,-0.68300002813339233,5.5176406460000003,35.495940816999997,-1.0008579259999999
1917,Si,sy1,1.1000000238418579,13.43477231,0.63918477299999998,-2.7031951909999998
1918,Si,sy2,1.1000000238418579,13.502385911999999,6.6884512899999997,-2.7043930060000001
1919,H,hoy,0.20000000298023224,13.760402975,3.1562564370000001,-1.1947265629999999
1920,O,oy1,-0.55000001192092896,13.749101696,8.1795816420000005,-3.3568054209999998
1921,O,oy2,-0.55000001192092896,14.591006217,1.706596255,-3.1479774479999998
1922,O,oy3,-0.55000001192092896,14.614317593000001,5.6769342419999997,-3.3645835879999999
1923,O,oy4,-0.75800001621246338,13.289006827,0.51206904600000003,-1.065681077
1924,O,oy5,-0.75800001621246338,13.679011164,6.7479519840000002,-1.06667862
1925,O,oy6,-0.68300002813339233,13.305340586,3.9423906799999999,-1.0008579259999999
1926,Si,sy1,1.1000000238418579,10.838872371000001,5.1468348500000003,-2.7031951909999998
1927,Si,sy2,1.1000000238418579,10.906485972,2.180801153,-2.7043930060000001
1928,H,hoy,0.20000000298023224,11.164502916,7.6639065740000003,-1.1947265629999999
1929,O,oy1,-0.55000001192092896,11.153201756,3.6719317440000001,-3.3568054209999998
1930,O,oy2,-0.55000001192092896,11.995106247000001,6.2142462729999997,-3.1479774479999998
1931,O,oy3,-0.55000001192092896,12.018417654,1.1692844630000001,-3.3645835879999999
1932,O,oy4,-0.75800001621246338,10.693106827999999,5.0197191239999999,-1.065681077
1933,O,oy5,-0.75800001621246338,11.083111105,2.2403020859999998,-1.06667862
1934,O,oy6,-0.79199999570846558,10.709440645999999,8.4500408169999996,-1.0008579259999999
1935,Si,sy1,1.1000000238418579,13.43477231,9.6544847730000001,-2.7031951909999998
1936,Si,sy2,1.1000000238418579,13.502385911999999,15.70375129,-2.7043930060000001
1937,H,hoy,0.20000000298023224,13.760402975,12.171556437,-1.1947265629999999
1938,O,oy1,-0.55000001192092896,13.749101696,17.194881641999999,-3.3568054209999998
1939,O,oy2,-0.55000001192092896,14.591006217,10.721896255000001,-3.1479774479999998
1940,O,oy3,-0.55000001192092896,14.614317593000001,14.692234242,-3.3645835879999999
1941,O,oy4,-0.75800001621246338,13.289006827,9.5273690460000005,-1.065681077
1942,O,oy5,-0.75800001621246338,13.679011164,15.763251984,-1.06667862
1943,O,oy6,-0.68300002813339233,13.305340586,12.957690680000001,-1.0008579259999999
1944,Si,sy1,1.1000000238418579,10.838872371000001,14.162134849999999,-2.7031951909999998
1945,Si,sy2,1.1000000238418579,10.906485972,11.196101153000001,-2.7043930060000001
1946,H,hoy,0.20000000298023224,11.164502916,16.679206573999998,-1.1947265629999999
1947,O,oy1,-0.55000001192092896,11.153201756,12.687231744,-3.3568054209999998
1948,O,oy2,-0.55000001192092896,11.995106247000001,15.229546273,-3.1479774479999998
1949,O,oy3,-0.55000001192092896,12.018417654,10.184584463,-3.3645835879999999
1950,O,oy4,-0.75800001621246338,10.693106827999999,14.035019124,-1.065681077
1951,O,oy5,-0.75800001621246338,11.083111105,11.255602086,-1.06667862
1952,O,oy6,-0.68300002813339233,10.709440645999999,17.465340817000001,-1.0008579259999999
1953,Si,sy1,1.1000000238418579,13.43477231,18.669784773,-2.7031951909999998
1954,Si,sy2,1.1000000238418579,13.502385911999999,24.719051289999999,-2.7043930060000001
1955,H,hoy,0.20000000298023224,13.760402975,21.186856436999999,-1.1947265629999999
1956,O,oy1,-0.55000001192092896,13.749101696,26.210181641999998,-3.3568054209999998
1957,O,oy2,-0.55000001192092896,14.591006217,19.737196255000001,-3.1479774479999998
1958,O,oy3,-0.55000001192092896,14.614317593000001,23.707534242000001,-3.3645835879999999
1959,O,oy4,-0.75800001621246338,13.289006827,18.542669046,-1.065681077
1960,O,oy5,-0.75800001621246338,13.679011164,24.778551984,-1.06667862
1961,O,oy6,-0.79199999570846558,13.305340586,21.972990679999999,-1.0008579259999999
1962,Si,sy1,1.1000000238418579,10.838872371000001,23.177434850000001,-2.7031951909999998
1963,Si,sy2,1.1000000238418579,10.906485972,20.211401153000001,-2.7043930060000001
1964,H,hoy,0.20000000298023224,11.164502916,25.694506573999998,-1.1947265629999999
1965,O,oy1,-0.55000001192092896,11.153201756,21.702531744000002,-3.3568054209999998
1966,O,oy2,-0.55000001192092896,11.995106247000001,24.244846273,-3.1479774479999998
1967,O,oy3,-0.55000001192092896,12.018417654,19.199884463,-3.3645835879999999
1968,O,oy4,-0.86699998378753662,10.693106827999999,23.050319124000001,-1.065681077
1969,O,oy5,-0.86699998378753662,11.083111105,20.270902086,-1.06667862
1970,O,oy6,-0.68300002813339233,10.709440645999999,26.480640817000001,-1.0008579259999999
1971,Si,sy1,1.1000000238418579,13.43477231,27.685084773,-2.7031951909999998
1972,Si,sy2,1.1000000238418579,13.502385911999999,33.734351289999999,-2.7043930060000001
1973,H,hoy,0.20000000298023224,13.760402975,30.202156436999999,-1.1947265629999999
1974,O,oy1,-0.55000001192092896,13.749101696,35.225481641999998,-3.3568054209999998
1975,O,oy2,-0.55000001192092896,14.591006217,28.752496255000001,-3.1479774479999998
1976,O,oy3,-0.55000001192092896,14.614317593000001,32.722834241999998,-3.3645835879999999
1977,O,oy4,-0.75800001621246338,13.289006827,27.557969046,-1.065681077
1978,O,oy5,-0.86699998378753662,13.679011164,33.793851984,-1.06667862
1979,O,oy6,-0.79199999570846558,13.305340586,30.988290679999999,-1.0008579259999999
1980,Si,sy1,1.1000000238418579,10.838872371000001,32.192734850000001,-2.7031951909999998
1981,Si,sy2,1.1000000238418579,10.906485972,29.226701153,-2.7043930060000001
1982,H,hoy,0.20000000298023224,11.164502916,34.709806573999998,-1.1947265629999999
1983,O,oy1,-0.55000001192092896,11.153201756,30.717831744000001,-3.3568054209999998
1984,O,oy2,-0.55000001192092896,11.995106247000001,33.260146272999997,-3.1479774479999998
1985,O,oy3,-0.55000001192092896,12.018417654,28.215184463,-3.3645835879999999
1986,O,oy4,-0.86699998378753662,10.693106827999999,32.065619124000001,-1.065681077
1987,O,oy5,-0.75800001621246338,11.083111105,29.286202085999999,-1.06667862
1988,O,oy6,-0.68300002813339233,10.709440645999999,35.495940816999997,-1.0008579259999999
1989,Si,sy1,1.1000000238418579,18.62657231,0.63918477299999998,-2.7031951909999998
1990,Si,sy2,1.1000000238418579,18.694185911999998,6.6884512899999997,-2.7043930060000001
1991,H,hoy,0.20000000298023224,18.952202974999999,3.1562564370000001,-1.1947265629999999
1992,O,oy1,-0.55000001192092896,18.940901696000001,8.1795816420000005,-3.3568054209999998
1993,O,oy2,-0.55000001192092896,19.782806217000001,1.706596255,-3.1479774479999998
1994,O,oy3,-0.55000001192092896,19.806117593,5.6769342419999997,-3.3645835879999999
1995,O,oy4,-0.75800001621246338,18.480806826999999,0.51206904600000003,-1.065681077
1996,O,oy5,-0.75800001621246338,18.870811163999999,6.7479519840000002,-1.06667862
1997,O,oy6,-0.79199999570846558,18.497140586,3.9423906799999999,-1.0008579259999999
1998,Si,sy1,1.1000000238418579,16.030672371000001,5.1468348500000003,-2.7031951909999998
1999,Si,sy2,1.1000000238418579,16.098285971999999,2.180801153,-2.7043930060000001
2000,H,hoy,0.20000000298023224,16.356302916000001,7.6639065740000003,-1.1947265629999999
2001,O,oy1,-0.55000001192092896,16.345001755999998,3.6719317440000001,-3.3568054209999998
2002,O,oy2,-0.55000001192092896,17.186906247,6.2142462729999997,-3.1479774479999998
2003,O,oy3,-0.55000001192092896,17.210217654000001,1.1692844630000001,-3.3645835879999999
2004,O,oy4,-0.86699998378753662,15.884906828,5.0197191239999999,-1.065681077
2005,O,oy5,-0.86699998378753662,16.274911105000001,2.2403020859999998,-1.06667862
2006,O,oy6,-0.68300002813339233,15.901240646,8.4500408169999996,-1.0008579259999999
2007,Si,sy1,1.1000000238418579,18.62657231,9.6544847730000001,-2.7031951909999998
2008,Si,sy2,1.1000000238418579,18.694185911999998,15.70375129,-2.7043930060000001
2009,H,hoy,0.20000000298023224,18.952202974999999,12.171556437,-1.1947265629999999
2010,O,oy1,-0.55000001192092896,18.940901696000001,17.194881641999999,-3.3568054209999998
2011,O,oy2,-0.55000001192092896,19.782806217000001,10.721896255000001,-3.1479774479999998
2012,O,oy3,-0.55000001192092896,19.806117593,14.692234242,-3.3645835879999999
2013,O,oy4,-0.75800001621246338,18.480806826999999,9.5273690460000005,-1.065681077
2014,O,oy5,-0.75800001621246338,18.870811163999999,15.763251984,-1.06667862
2015,O,oy6,-0.79199999570846558,18.497140586,12.957690680000001,-1.0008579259999999
2016,Si,sy1,1.1000000238418579,16.030672371000001,14.162134849999999,-2.7031951909999998
2017,Si,sy2,1.1000000238418579,16.098285971999999,11.196101153000001,-2.7043930060000001
2018,H,hoy,0.20000000298023224,16.356302916000001,16.679206573999998,-1.1947265629999999
2019,O,oy1,-0.55000001192092896,16.345001755999998,12.687231744,-3.3568054209999998
2020,O,oy2,-0.55000001192092896,17.186906247,15.229546273,-3.1479774479999998
2021,O,oy3,-0.55000001192092896,17.210217654000001,10.184584463,-3.3645835879999999
2022,O,oy4,-0.86699998378753662,15.884906828,14.035019124,-1.065681077
2023,O,oy5,-0.86699998378753662,16.274911105000001,11.255602086,-1.06667862
2024,O,oy6,-0.68300002813339233,15.901240646,17.465340817000001,-1.0008579259999999
2025,Si,sy1,1.1000000238418579,18.62657231,18.669784773,-2.7031951909999998
2026,Si,sy2,1.1000000238418579,18.694185911999998,24.719051289999999,-2.7043930060000001
2027,H,hoy,0.20000000298023224,18.952202974999999,21.186856436999999,-1.1947265629999999
2028,O,oy1,-0.55000001192092896,18.940901696000001,26.210181641999998,-3.3568054209999998
2029,O,oy2,-0.55000001192092896,19.782806217000001,19.737196255000001,-3.1479774479999998
2030,O,oy3,-0.55000001192092896,19.806117593,23.707534242000001,-3.3645835879999999
2031,O,oy4,-0.75800001621246338,18.480806826999999,18.542669046,-1.065681077
2032,O,oy5,-0.75800001621246338,18.870811163999999,24.778551984,-1.06667862
2033,O,oy6,-0.68300002813339233,18.497140586,21.972990679999999,-1.0008579259999999
2034,Si,sy1,1.1000000238418579,16.030672371000001,23.177434850000001,-2.7031951909999998
2035,Si,sy2,1.1000000238418579,16.098285971999999,20.211401153000001,-2.7043930060000001
2036,H,hoy,0.20000000298023224,16.356302916000001,25.694506573999998,-1.1947265629999999
2037,O,oy1,-0.55000001192092896,16.345001755999998,21.702531744000002,-3.3568054209999998
2038,O,oy2,-0.55000001192092896,17.186906247,24.244846273,-3.1479774479999998
2039,O,oy3,-0.55000001192092896,17.210217654000001,19.199884463,-3.3645835879999999
2040,O,oy4,-0.75800001621246338,15.884906828,23.050319124000001,-1.065681077
2041,O,oy5,-0.75800001621246338,16.274911105000001,20.270902086,-1.06667862
2042,O,oy6,-0.79199999570846558,15.901240646,26.480640817000001,-1.0008579259999999
2043,Si,sy1,1.1000000238418579,18.62657231,27.685084773,-2.7031951909999998
2044,Si,sy2,1.1000000238418579,18.694185911999998,33.734351289999999,-2.7043930060000001
2045,H,hoy,0.20000000298023224,18.952202974999999,30.202156436999999,-1.1947265629999999
2046,O,oy1,-0.55000001192092896,18.940901696000001,35.225481641999998,-3.3568054209999998
2047,O,oy2,-0.55000001192092896,19.782806217000001,28.752496255000001,-3.1479774479999998
2048,O,oy3,-0.55000001192092896,19.806117593,32.722834241999998,-3.3645835879999999
2049,O,oy4,-0.86699998378753662,18.480806826999999,27.557969046,-1.065681077
2050,O,oy5,-0.75800001621246338,18.870811163999999,33.793851984,-1.06667862
2051,O,oy6,-0.68300002813339233,18.497140586,30.988290679999999,-1.0008579259999999
2052,Si,sy1,1.1000000238418579,16.030672371000001,32.192734850000001,-2.7031951909999998
2053,Si,sy2,1.1000000238418579,16.098285971999999,29.226701153,-2.7043930060000001
2054,H,hoy,0.20000000298023224,16.356302916000001,34.709806573999998,-1.1947265629999999
2055,O,oy1,-0.55000001192092896,16.345001755999998,30.717831744000001,-3.3568054209999998
2056,O,oy2,-0.55000001192092896,17.186906247,33.260146272999997,-3.1479774479999998
2057,O,oy3,-0.55000001192092896,17.210217654000001,28.215184463,-3.3645835879999999
2058,O,oy4,-0.86699998378753662,15.884906828,32.065619124000001,-1.065681077
2059,O,oy5,-0.86699998378753662,16.274911105000001,29.286202085999999,-1.06667862
2060,O,oy6,-0.68300002813339233,15.901240646,35.495940816999997,-1.0008579259999999
2061,Si,sy1,1.1000000238418579,23.818372310000001,0.63918477299999998,-2.7031951909999998
2062,Si,sy2,1.1000000238418579,23.885985911999999,6.6884512899999997,-2.7043930060000001
2063,H,hoy,0.20000000298023224,24.144002974999999,3.1562564370000001,-1.1947265629999999
2064,O,oy1,-0.55000001192092896,24.132701696000002,8.1795816420000005,-3.3568054209999998
2065,O,oy2,-0.55000001192092896,24.974606217000002,1.706596255,-3.1479774479999998
2066,O,oy3,-0.55000001192092896,24.997917593,5.6769342419999997,-3.3645835879999999
2067,O,oy4,-0.75800001621246338,23.672606826999999,0.51206904600000003,-1.065681077
2068,O,oy5,-0.75800001621246338,24.062611164,6.7479519840000002,-1.06667862
2069,O,oy6,-0.68300002813339233,23.688940586000001,3.9423906799999999,-1.0008579259999999
2070,Si,sy1,1.1000000238418579,21.222472370999999,5.1468348500000003,-2.7031951909999998
2071,Si,sy2,1.1000000238418579,21.290085972,2.180801153,-2.7043930060000001
2072,H,hoy,0.20000000298023224,21.548102916000001,7.6639065740000003,-1.1947265629999999
2073,O,oy1,-0.55000001192092896,21.536801755999999,3.6719317440000001,-3.3568054209999998
2074,O,oy2,-0.55000001192092896,22.378706247,6.2142462729999997,-3.1479774479999998
2075,O,oy3,-0.55000001192092896,22.402017654000002,1.1692844630000001,-3.3645835879999999
2076,O,oy4,-0.75800001621246338,21.076706827999999,5.0197191239999999,-1.065681077
2077,O,oy5,-0.75800001621246338,21.466711105000002,2.2403020859999998,-1.06667862
2078,O,oy6,-0.79199999570846558,21.093040645999999,8.4500408169999996,-1.0008579259999999
2079,Si,sy1,1.1000000238418579,23.818372310000001,9.6544847730000001,-2.7031951909999998
2080,Si,sy2,1.1000000238418579,23.885985911999999,15.70375129,-2.7043930060000001
2081,H,hoy,0.20000000298023224,24.144002974999999,12.171556437,-1.1947265629999999
2082,O,oy1,-0.55000001192092896,24.132701696000002,17.194881641999999,-3.3568054209999998
2083,O,oy2,-0.55000001192092896,24.974606217000002,10.721896255000001,-3.1479774479999998
2084,O,oy3,-0.55000001192092896,24.997917593,14.692234242,-3.3645835879999999
2085,O,oy4,-0.86699998378753662,23.672606826999999,9.5273690460000005,-1.065681077
2086,O,oy5,-0.86699998378753662,24.062611164,15.763251984,-1.06667862
2087,O,oy6,-0.79199999570846558,23.688940586000001,12.957690680000001,-1.0008579259999999
2088,Si,sy1,1.1000000238418579,21.222472370999999,14.162134849999999,-2.7031951909999998
2089,Si,sy2,1.1000000238418579,21.290085972,11.196101153000001,-2.7043930060000001
2090,H,hoy,0.20000000298023224,21.548102916000001,16.679206573999998,-1.1947265629999999
2091,O,oy1,-0.55000001192092896,21.536801755999999,12.687231744,-3.3568054209999998
2092,O,oy2,-0.55000001192092896,22.378706247,15.229546273,-3.1479774479999998
2093,O,oy3,-0.55000001192092896,22.402017654000002,10.184584463,-3.3645835879999999
2094,O,oy4,-0.75800001621246338,21.076706827999999,14.035019124,-1.065681077
2095,O,oy5,-0.86699998378753662,21.466711105000002,11.255602086,-1.06667862
2096,O,oy6,-0.68300002813339233,21.093040645999999,17.465340817000001,-1.0008579259999999
2097,Si,sy1,1.1000000238418579,23.818372310000001,18.669784773,-2.7031951909999998
2098,Si,sy2,1.1000000238418579,23.885985911999999,24.719051289999999,-2.7043930060000001
2099,H,hoy,0.20000000298023224,24.144002974999999,21.186856436999999,-1.1947265629999999
2100,O,oy1,-0.55000001192092896,24.132701696000002,26.210181641999998,-3.3568054209999998
2101,O,oy2,-0.55000001192092896,24.974606217000002,19.737196255000001,-3.1479774479999998
2102,O,oy3,-0.55000001192092896,24.997917593,23.707534242000001,-3.3645835879999999
2103,O,oy4,-0.75800001621246338,23.672606826999999,18.542669046,-1.065681077
2104,O,oy5,-0.75800001621246338,24.062611164,24.778551984,-1.06667862
2105,O,oy6,-0.79199999570846558,23.688940586000001,21.972990679999999,-1.0008579259999999
2106,Si,sy1,1.1000000238418579,21.222472370999999,23.177434850000001,-2.7031951909999998
2107,Si,sy2,1.1000000238418579,21.290085972,20.211401153000001,-2.7043930060000001
2108,H,hoy,0.20000000298023224,21.548102916000001,25.694506573999998,-1.1947265629999999
2109,O,oy1,-0.55000001192092896,21.536801755999999,21.702531744000002,-3.3568054209999998
2110,O,oy2,-0.55000001192092896,22.378706247,24.244846273,-3.1479774479999998
2111,O,oy3,-0.55000001192092896,22.402017654000002,19.199884463,-3.3645835879999999
2112,O,oy4,-0.86699998378753662,21.076706827999999,23.050319124000001,-1.065681077
2113,O,oy5,-0.86699998378753662,21.466711105000002,20.270902086,-1.06667862
2114,O,oy6,-0.79199999570846558,21.093040645999999,26.480640817000001,-1.0008579259999999
2115,Si,sy1,1.1000000238418579,23.818372310000001,27.685084773,-2.7031951909999998
2116,Si,sy2,1.1000000238418579,23.885985911999999,33.734351289999999,-2.7043930060000001
2117,H,hoy,0.20000000298023224,24.144002974999999,30.202156436999999,-1.1947265629999999
2118,O,oy1,-0.55000001192092896,24.132701696000002,35.225481641999998,-3.3568054209999998
2119,O,oy2,-0.55000001192092896,24.974606217000002,28.752496255000001,-3.1479774479999998
2120,O,oy3,-0.55000001192092896,24.997917593,32.722834241999998,-3.3645835879999999
2121,O,oy4,-0.86699998378753662,23.672606826999999,27.557969046,-1.065681077
2122,O,oy5,-0.75800001621246338,24.062611164,33.793851984,-1.06667862
2123,O,oy6,-0.68300002813339233,23.688940586000001,30.988290679999999,-1.0008579259999999
2124,Si,sy1,1.1000000238418579,21.222472370999999,32.192734850000001,-2.7031951909999998
2125,Si,sy2,1.1000000238418579,21.290085972,29.226701153,-2.7043930060000001
2126,H,hoy,0.20000000298023224,21.548102916000001,34.709806573999998,-1.1947265629999999
2127,O,oy1,-0.55000001192092896,21.536801755999999,30.717831744000001,-3.3568054209999998
2128,O,oy2,-0.55000001192092896,22.378706247,33.260146272999997,-3.1479774479999998
2129,O,oy3,-0.55000001192092896,22.402017654000002,28.215184463,-3.3645835879999999
2130,O,oy4,-0.75800001621246338,21.076706827999999,32.065619124000001,-1.065681077
2131,O,oy5,-0.86699998378753662,21.466711105000002,29.286202085999999,-1.06667862
2132,O,oy6,-0.68300002813339233,21.093040645999999,35.495940816999997,-1.0008579259999999
2133,Si,sy1,1.1000000238418579,29.010172310000002,0.63918477299999998,-2.7031951909999998
2134,Si,sy2,1.1000000238418579,29.077785912,6.6884512899999997,-2.7043930060000001
2135,H,hoy,0.20000000298023224,29.335802975,3.1562564370000001,-1.1947265629999999
2136,O,oy1,-0.55000001192092896,29.324501695999999,8.1795816420000005,-3.3568054209999998
2137,O,oy2,-0.55000001192092896,30.166406216999999,1.706596255,-3.1479774479999998
2138,O,oy3,-0.55000001192092896,30.189717593000001,5.6769342419999997,-3.3645835879999999
2139,O,oy4,-0.75800001621246338,28.864406827,0.51206904600000003,-1.065681077
2140,O,oy5,-0.75800001621246338,29.254411164,6.7479519840000002,-1.06667862
2141,O,oy6,-0.68300002813339233,28.880740586000002,3.9423906799999999,-1.0008579259999999
2142,Si,sy1,1.1000000238418579,26.414272370999999,5.1468348500000003,-2.7031951909999998
2143,Si,sy2,1.1000000238418579,26.481885972000001,2.180801153,-2.7043930060000001
2144,H,hoy,0.20000000298023224,26.739902915999998,7.6639065740000003,-1.1947265629999999
2145,O,oy1,-0.55000001192092896,26.728601756,3.6719317440000001,-3.3568054209999998
2146,O,oy2,-0.55000001192092896,27.570506247000001,6.2142462729999997,-3.1479774479999998
2147,O,oy3,-0.55000001192092896,27.593817653999999,1.1692844630000001,-3.3645835879999999
2148,O,oy4,-0.75800001621246338,26.268506828,5.0197191239999999,-1.065681077
2149,O,oy5,-0.75800001621246338,26.658511104999999,2.2403020859999998,-1.06667862
2150,O,oy6,-0.68300002813339233,26.284840645999999,8.4500408169999996,-1.0008579259999999
2151,Si,sy1,1.1000000238418579,29.010172310000002,9.6544847730000001,-2.7031951909999998
2152,Si,sy2,1.1000000238418579,29.077785912,15.70375129,-2.7043930060000001
2153,H,hoy,0.20000000298023224,29.335802975,12.171556437,-1.1947265629999999
2154,O,oy1,-0.55000001192092896,29.324501695999999,17.194881641999999,-3.3568054209999998
2155,O,oy2,-0.55000001192092896,30.166406216999999,10.721896255000001,-3.1479774479999998
2156,O,oy3,-0.55000001192092896,30.189717593000001,14.692234242,-3.3645835879999999
2157,O,oy4,-0.75800001621246338,28.864406827,9.5273690460000005,-1.065681077
2158,O,oy5,-0.75800001621246338,29.254411164,15.763251984,-1.06667862
2159,O,oy6,-0.68300002813339233,28.880740586000002,12.957690680000001,-1.0008579259999999
2160,Si,sy1,1.1000000238418579,26.414272370999999,14.162134849999999,-2.7031951909999998
2161,Si,sy2,1.1000000238418579,26.481885972000001,11.196101153000001,-2.7043930060000001
2162,H,hoy,0.20000000298023224,26.739902915999998,16.679206573999998,-1.1947265629999999
2163,O,oy1,-0.55000001192092896,26.728601756,12.687231744,-3.3568054209999998
2164,O,oy2,-0.55000001192092896,27.570506247000001,15.229546273,-3.1479774479999998
2165,O,oy3,-0.55000001192092896,27.593817653999999,10.184584463,-3.3645835879999999
2166,O,oy4,-0.86699998378753662,26.268506828,14.035019124,-1.065681077
2167,O,oy5,-0.75800001621246338,26.658511104999999,11.255602086,-1.06667862
2168,O,oy6,-0.68300002813339233,26.284840645999999,17.465340817000001,-1.0008579259999999
2169,Si,sy1,1.1000000238418579,29.010172310000002,18.669784773,-2.7031951909999998
2170,Si,sy2,1.1000000238418579,29.077785912,24.719051289999999,-2.7043930060000001
2171,H,hoy,0.20000000298023224,29.335802975,21.186856436999999,-1.1947265629999999
2172,O,oy1,-0.55000001192092896,29.324501695999999,26.210181641999998,-3.3568054209999998
2173,O,oy2,-0.55000001192092896,30.166406216999999,19.737196255000001,-3.1479774479999998
2174,O,oy3,-0.55000001192092896,30.189717593000001,23.707534242000001,-3.3645835879999999
2175,O,oy4,-0.75800001621246338,28.864406827,18.542669046,-1.065681077
2176,O,oy5,-0.75800001621246338,29.254411164,24.778551984,-1.06667862
2177,O,oy6,-0.68300002813339233,28.880740586000002,21.972990679999999,-1.0008579259999999
2178,Si,sy1,1.1000000238418579,26.414272370999999,23.177434850000001,-2.7031951909999998
2179,Si,sy2,1.1000000238418579,26.481885972000001,20.211401153000001,-2.7043930060000001
2180,H,hoy,0.20000000298023224,26.739902915999998,25.694506573999998,-1.1947265629999999
2181,O,oy1,-0.55000001192092896,26.728601756,21.702531744000002,-3.3568054209999998
2182,O,oy2,-0.55000001192092896,27.570506247000001,24.244846273,-3.1479774479999998
2183,O,oy3,-0.55000001192092896,27.593817653999999,19.199884463,-3.3645835879999999
2184,O,oy4,-0.75800001621246338,26.268506828,23.050319124000001,-1.065681077
2185,O,oy5,-0.75800001621246338,26.658511104999999,20.270902086,-1.06667862
2186,O,oy6,-0.68300002813339233,26.284840645999999,26.480640817000001,-1.0008579259999999
2187,Si,sy1,1.1000000238418579,29.010172310000002,27.685084773,-2.7031951909999998
2188,Si,sy2,1.1000000238418579,29.077785912,33.734351289999999,-2.7043930060000001
2189,H,hoy,0.20000000298023224,29.335802975,30.202156436999999,-1.1947265629999999
2190,O,oy1,-0.55000001192092896,29.324501695999999,35.225481641999998,-3.3568054209999998
2191,O,oy2,-0.55000001192092896,30.166406216999999,28.752496255000001,-3.1479774479999998
2192,O,oy3,-0.55000001192092896,30.189717593000001,32.722834241999998,-3.3645835879999999
2193,O,oy4,-0.75800001621246338,28.864406827,27.557969046,-1.065681077
2194,O,oy5,-0.86699998378753662,29.254411164,33.793851984,-1.06667862
2195,O,oy6,-0.79199999570846558,28.880740586000002,30.988290679999999,-1.0008579259999999
2196,Si,sy1,1.1000000238418579,26.414272370999999,32.192734850000001,-2.7031951909999998
2197,Si,sy2,1.1000000238418579,26.481885972000001,29.226701153,-2.7043930060000001
2198,H,hoy,0.20000000298023224,26.739902915999998,34.709806573999998,-1.1947265629999999
2199,O,oy1,-0.55000001192092896,26.728601756,30.717831744000001,-3.3568054209999998
2200,O,oy2,-0.55000001192092896,27.570506247000001,33.260146272999997,-3.1479774479999998
2201,O,oy3,-0.55000001192092896,27.593817653999999,28.215184463,-3.3645835879999999
2202,O,oy4,-0.75800001621246338,26.268506828,32.065619124000001,-1.065681077
2203,O,oy5,-0.75800001621246338,26.658511104999999,29.286202085999999,-1.06667862
2204,O,oy6,-0.68300002813339233,26.284840645999999,35.495940816999997,-1.0008579259999999
2205,Si,sy1,1.1000000238418579,34.201972310000002,0.63918477299999998,-2.7031951909999998
2206,Si,sy2,1.1000000238418579,34.269585911999997,6.6884512899999997,-2.7043930060000001
2207,H,hoy,0.20000000298023224,34.527602975000001,3.1562564370000001,-1.1947265629999999
2208,O,oy1,-0.55000001192092896,34.516301695999999,8.1795816420000005,-3.3568054209999998
2209,O,oy2,-0.55000001192092896,35.358206217000003,1.706596255,-3.1479774479999998
2210,O,oy3,-0.55000001192092896,35.381517592999998,5.6769342419999997,-3.3645835879999999
2211,O,oy4,-0.75800001621246338,34.056206826999997,0.51206904600000003,-1.065681077
2212,O,oy5,-0.75800001621246338,34.446211163999997,6.7479519840000002,-1.06667862
2213,O,oy6,-0.79199999570846558,34.072540586000002,3.9423906799999999,-1.0008579259999999
2214,Si,sy1,1.1000000238418579,31.606072371,5.1468348500000003,-2.7031951909999998
2215,Si,sy2,1.1000000238418579,31.673685972000001,2.180801153,-2.7043930060000001
2216,H,hoy,0.20000000298023224,31.931702915999999,7.6639065740000003,-1.1947265629999999
2217,O,oy1,-0.55000001192092896,31.920401756,3.6719317440000001,-3.3568054209999998
2218,O,oy2,-0.55000001192092896,32.762306246999998,6.2142462729999997,-3.1479774479999998
2219,O,oy3,-0.55000001192092896,32.785617653999999,1.1692844630000001,-3.3645835879999999
2220,O,oy4,-0.86699998378753662,31.460306828,5.0197191239999999,-1.065681077
2221,O,oy5,-0.86699998378753662,31.850311104999999,2.2403020859999998,-1.06667862
2222,O,oy6,-0.68300002813339233,31.476640646,8.4500408169999996,-1.0008579259999999
2223,Si,sy1,1.1000000238418579,34.201972310000002,9.6544847730000001,-2.7031951909999998
2224,Si,sy2,1.1000000238418579,34.269585911999997,15.70375129,-2.7043930060000001
2225,H,hoy,0.20000000298023224,34.527602975000001,12.171556437,-1.1947265629999999
2226,O,oy1,-0.55000001192092896,34.516301695999999,17.194881641999999,-3.3568054209999998
2227,O,oy2,-0.55000001192092896,35.358206217000003,10.721896255000001,-3.1479774479999998
2228,O,oy3,-0.55000001192092896,35.381517592999998,14.692234242,-3.3645835879999999
2229,O,oy4,-0.75800001621246338,34.056206826999997,9.5273690460000005,-1.065681077
2230,O,oy5,-0.86699998378753662,34.446211163999997,15.763251984,-1.06667862
2231,O,oy6,-0.79199999570846558,34.072540586000002,12.957690680000001,-1.0008579259999999
2232,Si,sy1,1.1000000238418579,31.606072371,14.162134849999999,-2.7031951909999998
2233,Si,sy2,1.1000000238418579,31.673685972000001,11.196101153000001,-2.7043930060000001
2234,H,hoy,0.20000000298023224,31.931702915999999,16.679206573999998,-1.1947265629999999
2235,O,oy1,-0.55000001192092896,31.920401756,12.687231744,-3.3568054209999998
2236,O,oy2,-0.55000001192092896,32.762306246999998,15.229546273,-3.1479774479999998
2237,O,oy3,-0.55000001192092896,32.785617653999999,10.184584463,-3.3645835879999999
2238,O,oy4,-0.75800001621246338,31.460306828,14.035019124,-1.065681077
2239,O,oy5,-0.75800001621246338,31.850311104999999,11.255602086,-1.06667862
2240,O,oy6,-0.68300002813339233,31.476640646,17.465340817000001,-1.0008579259999999
2241,Si,sy1,1.1000000238418579,34.201972310000002,18.669784773,-2.7031951909999998
2242,Si,sy2,1.1000000238418579,34.269585911999997,24.719051289999999,-2.7043930060000001
2243,H,hoy,0.20000000298023224,34.527602975000001,21.186856436999999,-1.1947265629999999
2244,O,oy1,-0.55000001192092896,34.516301695999999,26.210181641999998,-3.3568054209999998
2245,O,oy2,-0.55000001192092896,35.358206217000003,19.737196255000001,-3.1479774479999998
2246,O,oy3,-0.55000001192092896,35.381517592999998,23.707534242000001,-3.3645835879999999
2247,O,oy4,-0.75800001621246338,34.056206826999997,18.542669046,-1.065681077
2248,O,oy5,-0.75800001621246338,34.446211163999997,24.778551984,-1.06667862
2249,O,oy6,-0.79199999570846558,34.072540586000002,21.972990679999999,-1.0008579259999999
2250,Si,sy1,1.1000000238418579,31.606072371,23.177434850000001,-2.7031951909999998
2251,Si,sy2,1.1000000238418579,31.673685972000001,20.211401153000001,-2.7043930060000001
2252,H,hoy,0.20000000298023224,31.931702915999999,25.694506573999998,-1.1947265629999999
2253,O,oy1,-0.55000001192092896,31.920401756,21.702531744000002,-3.3568054209999998
2254,O,oy2,-0.55000001192092896,32.762306246999998,24.244846273,-3.1479774479999998
2255,O,oy3,-0.55000001192092896,32.785617653999999,19.199884463,-3.3645835879999999
2256,O,oy4,-0.86699998378753662,31.460306828,23.050319124000001,-1.065681077
2257,O,oy5,-0.86699998378753662,31.850311104999999,20.270902086,-1.06667862
2258,O,oy6,-0.68300002813339233,31.476640646,26.480640817000001,-1.0008579259999999
2259,Si,sy1,1.1000000238418579,34.201972310000002,27.685084773,-2.7031951909999998
2260,Si,sy2,1.1000000238418579,34.269585911999997,33.734351289999999,-2.7043930060000001
2261,H,hoy,0.20000000298023224,34.527602975000001,30.202156436999999,-1.1947265629999999
2262,O,oy1,-0.55000001192092896,34.516301695999999,35.225481641999998,-3.3568054209999998
2263,O,oy2,-0.55000001192092896,35.358206217000003,28.752496255000001,-3.1479774479999998
2264,O,oy3,-0.55000001192092896,35.381517592999998,32.722834241999998,-3.3645835879999999
2265,O,oy4,-0.75800001621246338,34.056206826999997,27.557969046,-1.065681077
2266,O,oy5,-0.75800001621246338,34.446211163999997,33.793851984,-1.06667862
2267,O,oy6,-0.68300002813339233,34.072540586000002,30.988290679999999,-1.0008579259999999
2268,Si,sy1,1.1000000238418579,31.606072371,32.192734850000001,-2.7031951909999998
2269,Si,sy2,1.1000000238418579,31.673685972000001,29.226701153,-2.7043930060000001
2270,H,hoy,0.20000000298023224,31.931702915999999,34.709806573999998,-1.1947265629999999
2271,O,oy1,-0.55000001192092896,31.920401756,30.717831744000001,-3.3568054209999998
2272,O,oy2,-0.55000001192092896,32.762306246999998,33.260146272999997,-3.1479774479999998
2273,O,oy3,-0.55000001192092896,32.785617653999999,28.215184463,-3.3645835879999999
2274,O,oy4,-0.86699998378753662,31.460306828,32.065619124000001,-1.065681077
2275,O,oy5,-0.75800001621246338,31.850311104999999,29.286202085999999,-1.06667862
2276,O,oy6,-0.68300002813339233,31.476640646,35.495940816999997,-1.0008579259999999
