id,element,ff_type,charge,x,y,z
1,O,oc23,-0.55000001192092896,3.387155506,0.731811251,10.975176896000001
2,O,oc23,-0.55000001192092896,9.2645669450000003,0.67534220599999994,2.8887498169999999
3,O,oc23,-0.55000001192092896,6.2139303630000002,0.591991763,7.024949651
4,O,oc23,-0.55000001192092896,2.235251882,4.5534811700000004,6.8170326599999997
5,O,oc23,-0.55000001192092896,7.6538764119999998,4.5066852769999999,10.868873151000001
6,O,oc23,-0.55000001192092896,5.1882323960000001,4.5349997540000002,2.7665791789999998
7,O,oc23,-0.55000001192092896,5.1403266700000003,3.9219797920000001,11.506107427
8,O,oc23,-0.55000001192092896,2.6718424299999999,3.9462148269999999,3.3490137209999999
9,O,oc23,-0.55000001192092896,8.0384254740000003,3.7602512940000001,7.4656658450000002
10,O,oc23,-0.55000001192092896,3.135499609,1.4442323459999999,8.4499490129999995
11,O,oc24,-0.67500001192092896,8.855797699,1.6058665350000001,0.41896837199999998
12,O,oc23,-0.55000001192092896,6.0268175680000002,1.4481935779999999,4.5231000110000004
13,O,oc23,-0.55000001192092896,2.8636325970000001,3.2142872580000001,10.359502900000001
14,O,oc23,-0.55000001192092896,5.546222588,3.0355418599999999,6.520203897
15,O,oc23,-0.55000001192092896,1.553356178,2.0539325339999999,6.3773259060000003
16,O,oc23,-0.55000001192092896,6.7736329619999998,1.976618247,10.548009038
17,O,oc23,-0.55000001192092896,4.4300247439999998,2.1151961309999998,2.5814209360000002
18,O,oc23,-0.55000001192092896,6.8247793960000003,1.3229150590000001,2.0392669360000002
19,O,oc23,-0.55000001192092896,1.0652182139999999,1.340458323,10.056225368
20,O,oc23,-0.55000001192092896,3.8781730200000002,1.11788815,5.991383484
21,O,oc23,-0.55000001192092896,0.52453772399999998,3.9075087100000001,4.8855540260000003
22,O,oc23,-0.55000001192092896,5.8930888379999997,3.9742154599999999,9.0727880919999997
23,O,oc24,-0.89999997615814209,3.4331571300000001,3.9972647499999998,0.85081165400000003
24,Si,sc4,1.1000000238418579,8.3702251709999995,1.7587939130000001,1.976149269
25,Si,sc4,1.1000000238418579,2.59397061,1.6452632110000001,9.9508990330000007
26,Si,sc4,1.1000000238418579,5.4263915669999996,1.491641896,5.997694911
27,Si,sc4,1.1000000238418579,1.0141087419999999,3.5378835080000002,6.412864506
28,Si,sc4,1.1000000238418579,6.3975361250000002,3.6020098859999998,10.562860425
29,Si,sc4,0.72500002384185791,3.963628146,3.6509678669999999,2.3609650499999999
30,Si,sc4,1.1000000238418579,3.5325766700000001,4.1780327220000002,11.452109178000001
31,Si,sc4,1.1000000238418579,1.1152555399999999,4.2124146610000004,3.3607254090000001
32,Si,sc4,1.1000000238418579,6.3996408420000002,4.0552540380000002,7.5509950750000003
33,Si,sc4,1.1000000238418579,2.6773882219999998,1.015372876,6.9540806489999998
34,Si,sc4,1.1000000238418579,7.9876802710000003,0.99044416499999999,10.897077294000001
35,Si,sc4,1.1000000238418579,5.5943622819999996,1.1282202939999999,2.9767496960000002
36,H,hoy,0.40000000596046448,8.9533381730000006,0.687447323,0.20068243099999999
37,O,oc23,-0.55000001192092896,2.7957828280000001,0.74902664200000002,22.887413121000002
38,O,oc23,-0.55000001192092896,8.6370474309999992,0.59971898300000004,15.058153274
39,O,oc23,-0.55000001192092896,5.5784270600000001,0.57067900299999996,19.174348966
40,O,oc23,-0.55000001192092896,1.631779316,4.4976186379999996,18.885596694
41,O,oc23,-0.55000001192092896,7.152636481,4.6309978449999996,22.834066154999999
42,O,oc23,-0.55000001192092896,4.4807699469999998,4.6232213919999996,14.837860450999999
43,O,oc23,-0.55000001192092896,4.678406829,3.9442969539999999,23.428570057000002
44,O,oc23,-0.55000001192092896,2.138865714,3.808999874,15.482454905000001
45,O,oc23,-0.55000001192092896,7.374126167,3.5341522030000001,19.255509887999999
46,O,oc23,-0.55000001192092896,2.5035376880000002,1.3608924250000001,20.486075564
47,O,oc23,-0.55000001192092896,8.4685087209999992,1.0996405570000001,12.454045415
48,O,oc23,-0.55000001192092896,5.5126820089999997,1.3644455049999999,16.660717026
49,O,oc23,-0.55000001192092896,2.3421579050000001,3.2364298319999998,22.343651052999999
50,O,oc23,-0.55000001192092896,4.8880696739999996,3.067692343,18.650453455000001
51,O,oc23,-0.55000001192092896,1.015715656,2.0543962840000001,18.314280794999998
52,O,oc23,-0.55000001192092896,6.3495298419999999,2.2315025789999998,22.31902848
53,O,oc23,-0.55000001192092896,3.9502989309999998,2.1244368389999999,14.659905874
54,O,oc23,-0.55000001192092896,6.4255978669999996,1.351756419,14.095690027
55,O,oc23,-0.55000001192092896,0.47866639999999999,1.4205694,22.080431790999999
56,O,oc23,-0.55000001192092896,3.3189045070000001,1.0488764180000001,18.10884033
57,O,oc23,-0.55000001192092896,-0.046934157999999997,4.0592991859999996,16.957804942999999
58,O,oc23,-0.55000001192092896,5.4950766519999998,4.0868815349999998,20.925554708
59,O,oc23,-0.55000001192092896,2.8863494109999999,3.8479502060000002,12.914041428000001
60,Si,sc4,1.1000000238418579,8.0081589560000008,1.559726387,13.944376902
61,Si,sc4,1.1000000238418579,2.0491909480000001,1.7675461889999999,21.934198867999999
62,Si,sc4,1.1000000238418579,4.8010106219999997,1.525256894,18.137824848000001
63,Si,sc4,1.1000000238418579,0.40643358600000001,3.5962910799999999,18.409185632
64,Si,sc4,1.1000000238418579,5.9091574720000004,3.7917743499999998,22.389180681999999
65,Si,sc4,1.1000000238418579,3.3294280949999999,3.5816111159999999,14.472442177
66,Si,sc4,1.1000000238418579,3.1048654619999998,4.242298355,23.383364613000001
67,Si,sc4,1.1000000238418579,0.63997922799999996,4.2433443249999998,15.452492006
68,Si,sc4,1.1000000238418579,5.8334906780000004,4.0923561240000002,19.422585808000001
69,Si,sc4,1.1000000238418579,2.018339509,1.0284703740000001,18.970145065000001
70,Si,sc4,1.1000000238418579,7.5848906530000004,1.3096398549999999,22.788210399
71,Si,sc4,1.1000000238418579,5.1704264240000004,1.1256329060000001,15.116320317
72,O,oc24,-0.67500001192092896,8.083257755,1.6855767349999999,24.286683407999998
73,O,oc24,-0.67500001192092896,2.4783485270000001,4.1050839210000003,24.885423075999999
74,O,oc24,-0.89999997615814209,8.7168236029999999,6.1932916699999998,24.319513505
75,O,oc24,-0.67500001192092896,2.0983528840000001,9.3669422640000004,24.650017771000002
76,O,oc24,-0.67500001192092896,7.8883941420000001,11.721384661,24.463465482
77,O,oc24,-0.67500001192092896,2.1255429700000001,13.96406874,24.701671984000001
78,O,oc24,-0.67500001192092896,7.6074412010000003,16.55189721,24.597973370999998
79,O,oc24,-0.67500001192092896,2.3488727909999998,18.770625282000001,24.859237813
80,O,oc24,-0.89999997615814209,8.2536015050000007,21.235433449999999,24.670144452999999
81,O,oc24,-0.67500001192092896,2.4345519289999999,23.759867670999999,24.847902965999999
82,O,oc24,-0.67500001192092896,8.1365427570000008,26.181365476,24.466462743000001
83,O,oc24,-0.89999997615814209,2.2175427330000002,28.837262589000002,24.924243812
84,O,oc24,-0.67500001192092896,8.3356825109999999,31.045355325999999,24.499747086999999
85,O,oc24,-0.67500001192092896,2.423627856,33.858296314,24.725446238
86,O,oc24,-0.67500001192092896,16.265526311999999,1.6931016969999999,24.305053275999999
87,O,oc24,-0.67500001192092896,10.416176117999999,4.3619386069999999,24.531728866000002
88,O,oc24,-0.67500001192092896,16.181907089999999,6.5569190370000001,24.333647607
89,O,oc24,-0.67500001192092896,10.870679665999999,8.3545183670000007,24.601686945000001
90,O,oc24,-0.67500001192092896,16.216183921999999,10.818697809,24.488804369
91,O,oc24,-0.67500001192092896,10.882873887000001,13.368448368999999,24.981498475999999
92,O,oc24,-0.67500001192092896,16.265994247999998,16.586976981999999,24.418520163
93,O,oc24,-0.67500001192092896,10.842651277,18.587521672000001,24.841976387999999
94,O,oc24,-0.67500001192092896,16.350780324999999,21.189090655000001,24.526842788
95,O,oc24,-0.67500001192092896,10.536776247000001,23.725380251000001,24.829731103
96,O,oc24,-0.67500001192092896,16.244078900000002,26.290927931999999,24.617905928999999
97,O,oc24,-0.67500001192092896,10.819500377000001,28.955508732999999,24.949386634
98,O,oc24,-0.67500001192092896,16.444186384999998,31.280590163999999,24.358790429999999
99,O,oc24,-0.67500001192092896,10.629113023,33.782404939999999,24.695287274999998
100,O,oc24,-0.67500001192092896,24.744114043,1.926028436,24.285054716000001
101,O,oc24,-0.67500001192092896,18.901479232,4.2692182040000004,24.827646220999998
102,O,oc24,-0.67500001192092896,24.602602138000002,6.6697597000000002,24.491409501
103,O,oc24,-0.67500001192092896,18.676115133,9.2998868560000005,24.729614060999999
104,O,oc24,-0.67500001192092896,24.753468785999999,11.512825457,24.663371498
105,O,oc24,-0.67500001192092896,19.097578394999999,13.957756542,24.738930027999999
106,O,oc24,-0.67500001192092896,24.674694198000001,16.578713137000001,24.466982991999998
107,O,oc24,-0.89999997615814209,19.079974033999999,19.214767462000001,24.890373215
108,O,oc24,-0.67500001192092896,24.722598929,21.680132649000001,24.565535401999998
109,O,oc24,-0.67500001192092896,19.200639874,23.730540996999999,24.901379993999999
110,O,oc24,-0.67500001192092896,24.877340487000001,26.377232736,24.465550363999998
111,O,oc24,-0.67500001192092896,19.266318218999999,29.213024360999999,25.061422833999998
112,O,oc24,-0.67500001192092896,24.527134963999998,31.503898959000001,24.667083131999998
113,O,oc24,-0.89999997615814209,18.994785732,34.169757865999998,24.874218291999998
114,O,oc24,-0.89999997615814209,26.970730219,3.3094482599999999,24.483332039
115,O,oc24,-0.67500001192092896,27.453797795,8.7528415160000002,24.881643499999999
116,O,oc24,-0.67500001192092896,27.275336843000002,13.731901667000001,24.956031467999999
117,O,oc24,-0.67500001192092896,27.572325066000001,18.967294816999999,24.831749983000002
118,O,oc24,-0.89999997615814209,27.135427870000001,23.810604270999999,24.780421897
119,O,oc24,-0.67500001192092896,27.422862227,28.742903861999999,24.898774862
120,O,oc24,-0.67500001192092896,27.692925195000001,34.059585130999999,24.923331433000001
121,O,oc24,-0.67500001192092896,32.978112211999999,1.208952043,24.569379040000001
122,O,oc24,-0.67500001192092896,33.042050046,6.4009794920000003,24.532967372000002
123,O,oc24,-0.89999997615814209,33.598335030000001,11.247706925999999,24.445683807000002
124,O,oc24,-0.67500001192092896,33.070907155,16.366806618999998,24.500137275
125,O,oc24,-0.67500001192092896,33.096674018000002,21.356919869999999,24.490433062000001
126,O,oc24,-0.67500001192092896,33.188483433000002,26.229416742000002,24.575175555000001
127,O,oc24,-0.67500001192092896,33.082105206999998,31.170329354,24.548077913
128,H,hoy,0.40000000596046448,34.117454678000001,25.918154629,24.661126907
129,H,hoy,0.40000000596046448,26.741403619,34.088942154999998,24.937872731999999
130,H,hoy,0.40000000596046448,10.117089305,34.569254592,24.853772287999998
131,H,hoy,0.40000000596046448,33.679939288999996,30.485185821999998,24.672135570999998
132,H,hoy,0.40000000596046448,16.726017786,30.477155245999999,24.737558570000001
133,H,hoy,0.40000000596046448,27.997482753,28.160214573000001,25.331340918999999
134,H,hoy,0.40000000596046448,11.352864921,28.317133177999999,25.382838274000001
135,H,hoy,0.40000000596046448,8.6142862549999997,25.390343449,24.654030067000001
136,H,hoy,0.40000000596046448,24.496227451999999,30.694120080000001,25.138766071999999
137,H,hoy,0.40000000596046448,25.540749702999999,25.669100903,24.660162531000001
138,H,hoy,0.40000000596046448,27.501187950999999,18.0493095,25.037012928999999
139,H,hoy,0.40000000596046448,24.945445324000001,15.774263868,24.895591453000002
140,H,hoy,0.40000000596046448,27.993485031999999,9.2079620850000001,25.509632935999999
141,H,hoy,0.40000000596046448,25.633881841000001,2.2700501310000001,24.206356034999999
142,H,hoy,0.40000000596046448,16.933302988000001,20.488027260999999,24.794207409999999
143,H,hoy,0.40000000596046448,33.932418964,15.930958264999999,24.715820909000001
144,H,hoy,0.40000000596046448,32.977307101000001,7.3309705420000002,24.590078266999999
145,H,hoy,0.40000000596046448,2.7481281380000002,22.919702985000001,25.108132925
146,H,hoy,0.40000000596046448,2.4913848359999999,13.165976097,25.047350554000001
147,H,hoy,0.40000000596046448,17.919470740000001,9.9154254339999994,24.658929114999999
148,H,hoy,0.40000000596046448,18.872516676,13.033397797999999,24.71296005
149,H,hoy,0.40000000596046448,11.635828267000001,18.354931335,25.309609554000001
150,H,hoy,0.40000000596046448,10.721180069000001,7.4196523780000003,24.431066303000001
151,H,hoy,0.40000000596046448,8.2825123190000003,2.6008344440000002,24.304697483000002
152,H,hoy,0.40000000596046448,16.466611658000001,7.4430260730000004,24.268688876999999
153,H,hoy,0.40000000596046448,19.785480331999999,23.045003207000001,25.169403293999999
154,H,hoy,0.40000000596046448,7.2876727680000002,11.326627824999999,25.056857994000001
155,H,hoy,0.40000000596046448,2.6655188989999998,4.9006583849999998,25.342294152000001
156,H,hoy,0.40000000596046448,2.2485861250000001,34.705582894000003,25.076512894
157,H,hoy,0.40000000596046448,9.8910567149999995,23.035874545999999,24.716919551
158,H,hoy,0.40000000596046448,19.894017191,28.760443264999999,25.599280062999998
159,H,hoy,0.40000000596046448,25.504143902999999,22.236286625999998,24.46376794
160,H,hoy,0.40000000596046448,7.5118688220000003,15.758950618,25.091214788999999
161,H,hoy,0.40000000596046448,9.7467863210000001,5.0337989670000001,24.395253637
162,H,hoy,0.40000000596046448,1.277406383,9.8544684720000006,24.479137822999999
163,H,hoy,0.40000000596046448,24.571745333999999,5.870620701,24.933035058000002
164,H,hoy,0.40000000596046448,18.881827009999999,5.1007490789999999,25.291186552999999
165,H,hoy,0.40000000596046448,26.675075815,13.0173942,24.808410947999999
166,H,hoy,0.40000000596046448,2.0573266939999999,17.882675702,24.815982016
167,H,hoy,0.40000000596046448,10.217906051,12.743077759,24.777245584999999
168,H,hoy,0.40000000596046448,16.308952063,15.828095319000001,24.964279037000001
169,H,hoy,0.40000000596046448,33.081476131000002,20.529665881,24.931957180000001
170,H,hoy,0.40000000596046448,16.602043192,2.6050557200000002,24.249743624000001
171,H,hoy,0.40000000596046448,33.453639606000003,2.018798892,24.663163194999999
172,H,hoy,0.40000000596046448,9.0000481459999992,31.718052935999999,24.525586798999999
173,H,hoy,0.40000000596046448,16.461952393000001,25.438136836000002,24.981213275999998
174,H,hoy,0.40000000596046448,15.410295123999999,10.906168238999999,24.967130106999999
175,O,oc23,-0.55000001192092896,3.2204875450000001,5.7189857289999999,11.03191131
176,O,oc23,-0.55000001192092896,9.246025715,5.6858591629999999,2.9782284290000001
177,O,oc23,-0.55000001192092896,6.1431410580000003,5.6138867049999996,7.0867642660000003
178,O,oc23,-0.55000001192092896,2.0897406150000002,9.5175818079999992,6.9691921609999996
179,O,oc23,-0.55000001192092896,7.4845362370000004,9.4073220380000002,10.947167845999999
180,O,oc23,-0.55000001192092896,5.0732450140000003,9.5516504229999999,2.9371531960000001
181,O,oc23,-0.55000001192092896,5.0858394699999998,8.5549872750000002,11.395439795
182,O,oc23,-0.55000001192092896,2.5646392179999999,8.7418570039999999,3.612166738
183,O,oc23,-0.55000001192092896,8.1239144509999992,8.7357547279999999,7.3189121860000004
184,O,oc23,-0.55000001192092896,3.0034748640000002,6.4395458339999996,8.4992582179999996
185,O,oc24,-0.67500001192092896,8.9084136520000001,6.516958067,0.49041831699999999
186,O,oc23,-0.55000001192092896,5.9898356650000002,6.2216066669999996,4.5444710219999997
187,O,oc23,-0.55000001192092896,2.6560075150000002,8.1761566989999999,10.57614815
188,O,oc23,-0.55000001192092896,5.7994154570000003,8.1144355869999991,6.382217808
189,O,oc23,-0.55000001192092896,1.457618152,6.9949251659999998,6.5061925780000003
190,O,oc23,-0.55000001192092896,6.8636320480000004,6.9546150200000003,10.42450987
191,O,oc23,-0.55000001192092896,4.3063850199999996,6.9385399080000001,2.7437355019999998
192,O,oc23,-0.55000001192092896,6.8496342810000002,6.3172903949999997,2.124231457
193,O,oc23,-0.55000001192092896,0.83538071899999999,6.2458063690000003,10.044045114999999
194,O,oc23,-0.55000001192092896,3.886725303,6.3024010280000002,6.0367641230000002
195,O,oc23,-0.55000001192092896,0.43318933799999998,8.8519432249999994,4.9946453780000004
196,O,oc23,-0.55000001192092896,6.0147572560000002,8.8612878550000005,8.8690403789999994
197,O,oc24,-0.67500001192092896,3.3951064409999998,8.7358243560000002,1.1670904580000001
198,Si,sc4,1.1000000238418579,8.4485318229999997,6.5918242219999996,2.0819706180000002
199,Si,sc4,1.1000000238418579,2.4015457420000001,6.6210807479999998,10.038833881
200,Si,sc4,1.1000000238418579,5.4674156419999997,6.547294859,6.0096019360000001
201,Si,sc4,1.1000000238418579,0.89188216099999995,8.5346227999999993,6.411503218
202,Si,sc4,1.1000000238418579,6.3365346530000002,8.4052196339999998,10.419363666000001
203,Si,sc4,1.1000000238418579,3.8400217749999999,8.4438556029999994,2.7180520459999999
204,Si,sc4,1.1000000238418579,3.5613064649999999,9.1375654859999997,11.414134819999999
205,Si,sc4,1.1000000238418579,0.99805330000000003,9.1045433609999993,3.5272347320000002
206,Si,sc4,1.1000000238418579,6.5862194929999998,9.0784954140000007,7.349396306
207,Si,sc4,1.1000000238418579,2.6537357840000002,6.0830667140000001,6.9899060649999996
208,Si,sc4,1.1000000238418579,8.1086477800000001,6.0293662699999997,10.816242498999999
209,Si,sc4,1.1000000238418579,5.5635944740000003,6.0375610069999999,3.0505890230000001
210,H,hoy,0.40000000596046448,8.8059112069999994,5.627933004,0.21544212200000001
211,H,hoy,0.40000000596046448,3.0654117219999999,7.9182391900000004,0.84099591200000001
212,O,oc23,-0.55000001192092896,2.797119184,5.7175562879999999,22.889692126
213,O,oc23,-0.55000001192092896,8.8157084999999995,5.6340765920000004,14.846458162999999
214,O,oc23,-0.55000001192092896,5.8267424390000002,5.5390901789999996,18.725685857999999
215,O,oc23,-0.55000001192092896,1.654091913,9.524277476,18.71076944
216,O,oc23,-0.55000001192092896,7.0774704780000004,9.6855170220000009,22.793354659999999
217,O,oc23,-0.55000001192092896,4.5616821090000004,9.4724247580000007,14.968329609
218,O,oc23,-0.55000001192092896,4.519388631,8.9022610209999993,23.30813221
219,O,oc23,-0.55000001192092896,2.1436595719999998,8.7806675619999996,15.375956066000001
220,O,oc23,-0.55000001192092896,7.6123515450000001,8.6779753619999997,19.283583969999999
221,O,oc23,-0.55000001192092896,2.5854852820000001,6.4512972880000001,20.394950303000002
222,O,oc23,-0.55000001192092896,8.5405350700000007,6.4369306469999996,12.281888324000001
223,O,oc23,-0.55000001192092896,5.4517143880000001,6.5426225440000003,16.276864823
224,O,oc23,-0.55000001192092896,2.1293780560000002,8.1663225990000008,22.292973279000002
225,O,oc23,-0.55000001192092896,5.1702591619999998,8.0643277130000008,18.387820444999999
226,O,oc23,-0.55000001192092896,1.0035220570000001,7.0374322149999999,18.286924969000001
227,O,oc23,-0.55000001192092896,6.4373570070000001,7.1497491130000004,22.924411039999999
228,O,oc23,-0.55000001192092896,3.8704227009999999,7.0935732570000001,14.271103533
229,O,oc23,-0.55000001192092896,6.3518018219999997,6.257104204,13.889141118
230,O,oc23,-0.55000001192092896,0.45187729599999998,6.212958832,21.970480472999999
231,O,oc23,-0.55000001192092896,3.4792588119999999,6.2121913710000003,17.873044836999998
232,O,oc23,-0.55000001192092896,0.020481338000000002,8.9101060620000005,16.869805064000001
233,O,oc23,-0.55000001192092896,5.5295192530000001,8.5484661959999997,20.856184821999999
234,O,oc23,-0.55000001192092896,2.9810253709999999,9.0780766100000001,12.965499576999999
235,Si,sc4,1.1000000238418579,7.957781132,6.5505377319999996,13.822441395
236,Si,sc4,1.1000000238418579,1.957414948,6.6461523519999997,21.860335032999998
237,Si,sc4,1.1000000238418579,5.0079674010000002,6.5785388850000004,17.812466786000002
238,Si,sc4,1.1000000238418579,0.43608904999999998,8.5437242530000006,18.351474779
239,Si,sc4,1.1000000238418579,5.8621871209999998,8.6128716020000002,22.465325463999999
240,Si,sc4,1.1000000238418579,3.386520805,8.5747936920000001,14.432709063000001
241,Si,sc4,1.1000000238418579,2.918253209,9.2618432399999993,23.232833804999999
242,Si,sc4,1.1000000238418579,0.57268737400000003,9.1765152990000001,15.372178431
243,Si,sc4,1.1000000238418579,6.0169958829999999,8.9658994859999996,19.419198359999999
244,Si,sc4,1.1000000238418579,2.1592973560000002,6.0434190680000004,18.827299588999999
245,Si,sc4,0.72500002384185791,7.7312143369999999,6.1336983529999998,22.945189976000002
246,Si,sc4,1.1000000238418579,5.034927004,6.1475069339999999,14.815648887
247,O,oc23,-0.55000001192092896,3.352578995,10.683435543,11.008787367
248,O,oc23,-0.55000001192092896,9.2947329070000002,10.608534056,2.7883153840000001
249,O,oc23,-0.55000001192092896,6.3493297249999996,10.542838981999999,6.9512144219999996
250,O,oc23,-0.55000001192092896,2.1085887410000002,14.433388002999999,6.7785365960000004
251,O,oc23,-0.55000001192092896,7.5993230040000004,14.447963006,10.783153248
252,O,oc23,-0.55000001192092896,5.1054828380000004,14.592570941,2.7193873709999998
253,O,oc23,-0.55000001192092896,5.0794586099999997,13.734412412999999,11.358768003
254,O,oc23,-0.55000001192092896,2.5884584199999998,14.019023517000001,3.322398717
255,O,oc23,-0.55000001192092896,8.0040162259999992,13.63461339,7.3696540209999997
256,O,oc23,-0.55000001192092896,2.9989314020000002,11.457346915,8.5170408640000002
257,O,oc24,-0.89999997615814209,8.8056866990000007,11.514778143999999,0.29524277700000001
258,O,oc23,-0.55000001192092896,5.9188123920000004,11.466239485999999,4.4949477959999999
259,O,oc23,-0.55000001192092896,2.7157059829999999,13.144198042999999,10.495508448000001
260,O,oc23,-0.55000001192092896,5.5697080120000004,13.041051705999999,6.5823441540000003
261,O,oc23,-0.55000001192092896,1.441001435,11.952574870999999,6.5101788960000002
262,O,oc23,-0.55000001192092896,6.8318283089999996,11.983993485999999,10.384385598
263,O,oc23,-0.55000001192092896,4.2564412819999999,12.095125158,2.5301061960000002
264,O,oc23,-0.55000001192092896,6.8238440220000003,11.415397925000001,1.9806111879999999
265,O,oc23,-0.55000001192092896,0.96398803499999997,11.225320137000001,10.067429182
266,O,oc23,-0.55000001192092896,3.9545750719999999,11.110143836000001,6.08568848
267,O,oc23,-0.55000001192092896,0.42189776099999998,13.663172082999999,4.8276019750000003
268,O,oc23,-0.55000001192092896,5.9100594940000004,13.921561691000001,8.8986771519999994
269,O,oc24,-0.67500001192092896,3.5070870840000001,13.919225533000001,0.85517584400000002
270,Si,sc4,0.72500002384185791,8.4337320929999997,11.649621606,1.892383215
271,Si,sc4,1.1000000238418579,2.4694622169999998,11.618517873,10.006134817
272,Si,sc4,1.1000000238418579,5.4679164340000002,11.588493886,6.0128200109999996
273,Si,sc4,1.1000000238418579,0.97415718699999998,13.43686411,6.356058751
274,Si,sc4,1.1000000238418579,6.3331605340000001,13.513160225,10.367189204000001
275,Si,sc4,1.1000000238418579,3.874999018,13.695427266999999,2.396399551
276,Si,sc4,1.1000000238418579,3.4791587530000001,14.085277689,11.520437594000001
277,Si,sc4,1.1000000238418579,0.95896033300000005,14.155088057,3.3720071150000002
278,Si,sc4,1.1000000238418579,6.4580363070000004,14.073490902,7.4216984210000003
279,Si,sc4,1.1000000238418579,2.6287138849999998,11.025966306999999,7.0351110239999999
280,Si,sc4,1.1000000238418579,7.9535388410000003,10.966721647,10.949577884
281,Si,sc4,1.1000000238418579,5.5190628679999998,11.117501485,2.9740271200000001
282,H,hoy,0.40000000596046448,3.7974237139999998,13.148426965000001,0.40076579200000001
283,O,oc23,-0.55000001192092896,2.8576527189999998,10.764160797000001,22.602244361
284,O,oc23,-0.55000001192092896,8.6301657810000005,10.559785476,14.94735558
285,O,oc23,-0.55000001192092896,5.6846620420000002,10.485755891,19.128819336999999
286,O,oc23,-0.55000001192092896,1.5903811409999999,14.504104568000001,18.956271087000001
287,O,oc23,-0.55000001192092896,6.7991897520000002,14.644806089999999,23.050191155
288,O,oc23,-0.55000001192092896,4.5438761359999997,14.513031433,14.927488051999999
289,O,oc23,-0.55000001192092896,4.4547462170000003,13.870476954000001,23.400626037999999
290,O,oc23,-0.55000001192092896,2.0949152940000002,13.742816552000001,15.413605269
291,O,oc23,-0.55000001192092896,7.4836680649999998,13.761646105000001,19.429750891000001
292,O,oc23,-0.55000001192092896,2.4259996460000002,11.419966318,20.207355573000001
293,O,oc23,-0.55000001192092896,8.31246391,11.422965496,12.457366861000001
294,O,oc23,-0.55000001192092896,5.5151207529999997,11.399810726,16.545163315
295,O,oc23,-0.55000001192092896,2.2856162649999998,13.325244006,22.100428410999999
296,O,oc23,-0.55000001192092896,5.2138553940000003,13.036483313,18.489240053
297,O,oc23,-0.55000001192092896,0.951988206,12.032637104999999,18.263278836000001
298,O,oc23,-0.55000001192092896,6.2352777169999998,12.137004521,22.525837512999999
299,O,oc23,-0.55000001192092896,3.7939867989999998,11.893121327999999,14.673389664
300,O,oc23,-0.55000001192092896,6.233573732,11.259876145,14.025342731
301,O,oc23,-0.55000001192092896,0.40761960600000002,11.361139422999999,21.914724440000001
302,O,oc23,-0.55000001192092896,3.403057376,11.182604206000001,17.926195739000001
303,O,oc23,-0.55000001192092896,0.001790083,14.153100037,16.926475416999999
304,O,oc23,-0.55000001192092896,5.2985090540000002,13.953048894,20.946137578999998
305,O,oc23,-0.55000001192092896,2.9583083079999999,13.791878974999999,12.992922374999999
306,Si,sc4,1.1000000238418579,7.7864357990000004,11.564433959,13.966719499
307,Si,sc4,1.1000000238418579,1.9567135410000001,11.743981372,21.665185032
308,Si,sc4,1.1000000238418579,4.988090562,11.496959748,18.057056054
309,Si,sc4,1.1000000238418579,0.45839169099999999,13.570835669999999,18.397982789
310,Si,sc4,1.1000000238418579,5.6952851920000001,13.638728685,22.482979018000002
311,Si,sc4,1.1000000238418579,3.385318109,13.498863732,14.514846425
312,Si,sc4,1.1000000238418579,2.8832759659999998,14.193515144999999,23.313474477
313,Si,sc4,1.1000000238418579,0.52799870999999998,14.227687681999999,15.399796323
314,Si,sc4,1.1000000238418579,5.9107947520000002,14.09615724,19.433334403
315,Si,sc4,1.1000000238418579,2.0441297679999999,11.045041116,18.778968763999998
316,Si,sc4,1.1000000238418579,7.429547747,11.238326963,22.869239317000002
317,Si,sc4,1.1000000238418579,5.0592477440000003,11.044308468000001,15.040826817999999
318,O,oc23,-0.55000001192092896,3.191523283,15.637145061,11.087538252
319,O,oc23,-0.55000001192092896,9.1745011529999996,15.628323157000001,3.0155517469999999
320,O,oc23,-0.55000001192092896,6.3038622450000004,15.576017341,6.8871198309999997
321,O,oc23,-0.55000001192092896,2.131589553,19.5398633,6.9502374969999998
322,O,oc23,-0.55000001192092896,7.6282205599999999,19.413423977000001,10.896622076
323,O,oc23,-0.55000001192092896,5.2800683810000004,19.458093635000001,2.7111410220000001
324,O,oc23,-0.55000001192092896,5.089881643,18.926915043000001,11.500179878999999
325,O,oc23,-0.55000001192092896,2.8683430730000001,18.847897222,3.3663139700000002
326,O,oc23,-0.55000001192092896,8.1752610019999992,18.684634322000001,7.4124489410000001
327,O,oc23,-0.55000001192092896,3.1086403140000001,16.246816670000001,8.4736592070000007
328,O,oc24,-0.67500001192092896,9.2333974090000002,16.283640247000001,0.55971486100000001
329,O,oc23,-0.55000001192092896,6.1442431969999998,16.397875018000001,4.419401884
330,O,oc23,-0.55000001192092896,2.8958706699999999,18.200390878,10.339440279
331,O,oc23,-0.55000001192092896,5.7548833520000002,18.086016852,6.4293440999999998
332,O,oc23,-0.55000001192092896,1.496256748,17.024355945,6.494253037
333,O,oc23,-0.55000001192092896,6.8101802810000001,16.954406321,10.787387072
334,O,oc23,-0.55000001192092896,4.5631521250000002,17.031329082999999,2.484432188
335,O,oc23,-0.55000001192092896,6.9618150419999996,16.324579118999999,1.929706776
336,O,oc23,-0.55000001192092896,0.90877279499999997,16.353870458999999,10.054987833
337,O,oc23,-0.55000001192092896,3.9184284859999998,16.248003453999999,5.909232533
338,O,oc23,-0.55000001192092896,0.64199371900000002,19.005720865000001,4.8419646570000001
339,O,oc23,-0.55000001192092896,6.0127530949999999,18.684287223999998,9.0301237190000005
340,O,oc24,-0.67500001192092896,3.400885454,18.731326292999999,0.87887263199999999
341,Si,sc4,1.1000000238418579,8.5276060900000008,16.606399927999998,2.0040735120000002
342,Si,sc4,1.1000000238418579,2.4625805669999998,16.609748282000002,10.012713648
343,Si,sc4,1.1000000238418579,5.5505992859999997,16.576376979999999,5.8846303439999996
344,Si,sc4,1.1000000238418579,1.0184951470000001,18.590520849000001,6.3688645660000001
345,Si,sc4,1.1000000238418579,6.3625255279999999,18.489710670000001,10.606111049000001
346,Si,sc4,1.1000000238418579,4.0492838869999996,18.442112502000001,2.3437623470000002
347,Si,sc4,1.1000000238418579,3.5122985999999998,19.175225296000001,11.429116269
348,Si,sc4,1.1000000238418579,1.2937127580000001,19.218708168999999,3.3850279219999999
349,Si,sc4,1.1000000238418579,6.5656068989999996,18.981904114999999,7.528327322
350,Si,sc4,1.1000000238418579,2.6420433499999998,15.97859504,6.9323247889999999
351,Si,sc4,1.1000000238418579,8.0460757350000005,15.980094629,11.030542742
352,Si,sc4,1.1000000238418579,5.7130244579999996,16.082020926999999,2.9131307070000001
353,H,hoy,0.40000000596046448,3.2197540830000002,19.645809283999998,0.79444935800000005
354,H,hoy,0.40000000596046448,9.5209962229999991,17.12576524,0.216606732
355,O,oc23,-0.55000001192092896,2.8272522910000002,15.801140608000001,22.899788468000001
356,O,oc23,-0.55000001192092896,8.5354564679999996,15.516215661,15.210312775
357,O,oc23,-0.55000001192092896,5.7278236910000002,15.611341329,18.987992740999999
358,O,oc23,-0.55000001192092896,1.4952345060000001,19.417678527,19.005580293000001
359,O,oc23,-0.55000001192092896,7.0944082789999996,19.615636689999999,23.018077372
360,O,oc23,-0.55000001192092896,4.5766486029999998,19.459627517000001,14.790506065000001
361,O,oc23,-0.55000001192092896,4.5958240359999998,18.828962706999999,23.418669778999998
362,O,oc23,-0.55000001192092896,2.0721048930000001,18.699908717,15.350618150000001
363,O,oc23,-0.55000001192092896,7.5100596729999998,18.569424766000001,19.422585808000001
364,O,oc23,-0.55000001192092896,2.4352869369999999,16.649115858999998,20.458783798999999
365,O,oc23,-0.55000001192092896,8.4403130690000001,15.999936378999999,12.590442121000001
366,O,oc23,-0.55000001192092896,5.4837849500000004,16.487178999000001,16.545879630000002
367,O,oc23,-0.55000001192092896,2.2731422769999998,18.212177664999999,22.446435346000001
368,O,oc23,-0.55000001192092896,5.1342464850000002,18.108682152,18.505002848
369,O,oc23,-0.55000001192092896,0.88139901899999995,16.96015942,18.325029391000001
370,O,oc23,-0.55000001192092896,6.2327055610000004,17.107694825999999,22.500500568
371,O,oc23,-0.55000001192092896,3.9027939370000002,17.023728257999998,14.467427007
372,O,oc23,-0.55000001192092896,6.3525032289999999,16.253093534000001,14.08083864
373,O,oc23,-0.55000001192092896,0.43109134100000002,16.302470839000001,22.038483733
374,O,oc23,-0.55000001192092896,3.3652068040000001,16.209402818000001,18.037579685000001
375,O,oc23,-0.55000001192092896,-0.047722555999999999,18.914710492000001,16.860491037999999
376,O,oc23,-0.55000001192092896,5.4088195629999998,19.026887615,21.006779690999998
377,O,oc23,-0.55000001192092896,2.9307142530000001,18.905399117000002,12.862258124
378,Si,sc4,1.1000000238418579,7.9188956250000002,16.453703776000001,14.062014524
379,Si,sc4,1.1000000238418579,1.9725016630000001,16.757668198000001,21.954327491000001
380,Si,sc4,1.1000000238418579,4.9200068249999998,16.587255492000001,18.018495443999999
381,Si,sc4,1.1000000238418579,0.34032090700000001,18.494836082999999,18.378442359000001
382,Si,sc4,1.1000000238418579,5.8691693279999999,18.673755808999999,22.434712253000001
383,Si,sc4,1.1000000238418579,3.3752291040000002,18.513107577,14.351939299
384,Si,sc4,1.1000000238418579,2.988842397,19.162952155999999,23.423815982000001
385,Si,sc4,1.1000000238418579,0.55225224699999997,19.127697795,15.367032227999999
386,Si,sc4,1.1000000238418579,5.955125743,19.083795079000001,19.494040576
387,Si,sc4,1.1000000238418579,2.0881269819999999,16.072222159999999,19.000564152999999
388,Si,sc4,1.1000000238418579,7.3142601880000004,16.136836449,23.105883127999999
389,Si,sc4,1.1000000238418579,5.0696035730000002,16.084531672000001,15.021806636999999
390,O,oc23,-0.55000001192092896,3.2439724719999998,20.715794313,10.964755397999999
391,O,oc23,-0.55000001192092896,9.1258935220000001,20.653622180999999,3.0186198630000001
392,O,oc23,-0.55000001192092896,6.276034471,20.454441899999999,7.0995312559999997
393,O,oc23,-0.55000001192092896,2.0794211260000002,24.408907896999999,7.035176055
394,O,oc23,-0.55000001192092896,7.4715744009999998,24.401342405000001,11.037252606999999
395,O,oc23,-0.55000001192092896,5.0477554280000003,24.377629576,2.6087978729999999
396,O,oc23,-0.55000001192092896,5.0416418900000002,23.714466406,11.434001377
397,O,oc23,-0.55000001192092896,2.6570431970000001,23.766982143,3.5394154699999998
398,O,oc23,-0.55000001192092896,8.0258987200000007,23.684618046000001,7.438894329
399,O,oc23,-0.55000001192092896,2.9789540059999999,21.547173286,8.5070095529999996
400,O,oc24,-0.67500001192092896,8.9037362800000004,21.413864746000002,0.52973364199999995
401,O,oc23,-0.55000001192092896,6.04863236,21.132355701000002,4.590972238
402,O,oc23,-0.55000001192092896,2.5359091729999998,23.106155130000001,10.469844405
403,O,oc23,-0.55000001192092896,5.7109197399999996,22.990733574,6.516295714
404,O,oc23,-0.55000001192092896,1.502995031,22.041249789999998,6.4230258789999999
405,O,oc23,-0.55000001192092896,6.8958698729999997,21.893400540999998,10.493945757000001
406,O,oc23,-0.55000001192092896,4.3186454489999999,21.8588092,2.9335378959999998
407,O,oc23,-0.55000001192092896,6.7337115240000003,21.408458744000001,2.0796061990000001
408,O,oc23,-0.55000001192092896,0.96785995899999999,21.219496034999999,9.9844444729999999
409,O,oc23,-0.55000001192092896,3.9367357470000002,21.144630920000001,6.1001292969999996
410,O,oc23,-0.55000001192092896,0.48032670300000002,24.012432473,5.0077899380000002
411,O,oc23,-0.55000001192092896,5.8747482240000002,23.756729238999998,8.9645314680000006
412,O,oc24,-0.67500001192092896,3.2347521349999999,23.32032714,1.0227666150000001
413,Si,sc4,1.1000000238418579,8.3297028819999994,21.633895853999999,2.0685720000000001
414,Si,sc4,1.1000000238418579,2.4345519289999999,21.636824364999999,9.9860731660000006
415,Si,sc4,1.1000000238418579,5.5290851669999999,21.424186238000001,6.0909123330000003
416,Si,sc4,1.1000000238418579,0.932541968,23.526166715999999,6.4607595250000003
417,Si,sc4,1.1000000238418579,6.3171252530000004,23.362486051000001,10.466587990000001
418,Si,sc4,1.1000000238418579,3.8201115830000001,23.312900902999999,2.5212410799999998
419,Si,sc4,1.1000000238418579,3.4340253010000001,24.050372167999999,11.432893904
420,Si,sc4,1.1000000238418579,1.1107319899999999,24.18654063,3.5173990000000002
421,Si,sc4,1.1000000238418579,6.4437712190000003,23.981364073999998,7.4764134689999997
422,Si,sc4,1.1000000238418579,2.5741268750000001,21.046086231,7.000001922
423,Si,sc4,1.1000000238418579,8.0827908140000009,20.969998998000001,10.994197076000001
424,Si,sc4,1.1000000238418579,5.5966342620000002,20.996118651,3.1052453500000001
425,H,hoy,0.40000000596046448,8.7182024859999991,22.207544787,0.048209578000000003
426,H,hoy,0.40000000596046448,3.3183600019999999,24.212545604999999,0.78961581800000002
427,O,oc23,-0.55000001192092896,2.7037128749999999,20.737588749,23.074551661000001
428,O,oc23,-0.55000001192092896,8.6852538320000008,20.536421487999998,14.966830978999999
429,O,oc23,-0.55000001192092896,5.700095975,20.614358525,19.017695515
430,O,oc23,-0.55000001192092896,1.6151225259999999,24.345968824,18.804761898999999
431,O,oc23,-0.55000001192092896,7.1035280590000003,24.523144746,22.790033214000001
432,O,oc23,-0.55000001192092896,4.671157301,24.362218003999999,15.066620923
433,O,oc23,-0.55000001192092896,4.7145862709999999,24.026066986,23.316403794999999
434,O,oc23,-0.55000001192092896,2.1661391820000002,23.642109957999999,15.489424894000001
435,O,oc23,-0.55000001192092896,7.5114953419999999,23.575997119,19.278697891
436,O,oc23,-0.55000001192092896,2.4951190649999999,21.228632821000001,20.550953442000001
437,O,oc23,-0.55000001192092896,8.4661033289999992,21.180442299999999,12.547190526
438,O,oc23,-0.55000001192092896,5.4364805719999998,21.201642305,16.569393759
439,O,oc23,-0.55000001192092896,2.4214897849999999,23.157937181000001,22.275321667
440,O,oc23,-0.55000001192092896,5.017221588,23.078154496,18.400001669000002
441,O,oc23,-0.55000001192092896,0.81958923699999997,21.896119129999999,18.552031108000001
442,O,oc23,-0.55000001192092896,6.289463746,22.052444223999998,22.936852388999998
443,O,oc23,-0.55000001192092896,3.9162904150000002,21.971370833000002,14.481757174
444,O,oc23,-0.55000001192092896,6.2920363999999998,21.22626133,13.957599596
445,O,oc23,-0.55000001192092896,0.37179372999999999,21.558750151000002,21.983964263000001
446,O,oc23,-0.55000001192092896,3.2375916130000002,21.125800327,18.053734607999999
447,O,oc23,-0.55000001192092896,-0.066293591999999998,23.635764505000001,16.863942547000001
448,O,oc23,-0.55000001192092896,5.5023256820000004,23.590573161999998,20.893899055999999
449,O,oc23,-0.55000001192092896,3.0525163320000002,24.021847769000001,12.980547028
450,Si,sc4,1.1000000238418579,7.86734796,21.520671200999999,13.994011263999999
451,Si,sc4,1.1000000238418579,1.9546088239999999,21.698545477,21.969634097
452,Si,sc4,1.1000000238418579,4.8473129190000002,21.544278030000001,17.986121535999999
453,Si,sc4,1.1000000238418579,0.34818161399999997,23.450254071,18.386647942
454,Si,sc4,1.1000000238418579,5.9163064439999999,23.507092947,22.460701451999999
455,Si,sc4,1.1000000238418579,3.4537692259999999,23.499909886000001,14.541486906999999
456,Si,sc4,1.1000000238418579,3.096881174,24.131131715999999,23.391898264000002
457,Si,sc4,1.1000000238418579,0.58328749999999996,23.959012617999999,15.42220298
458,Si,sc4,1.1000000238418579,5.9369523910000002,24.011665531999999,19.379335182999998
459,Si,sc4,1.1000000238418579,2.0420618880000001,20.917275416999999,19.042512210999998
460,Si,sc4,0.72500002384185791,7.6057038629999996,21.071646785999999,23.124901367
461,Si,sc4,1.1000000238418579,5.0641919399999997,20.945346718,14.981747396999999
462,O,oc23,-0.55000001192092896,3.25673419,25.587838086000001,11.004813668000001
463,O,oc23,-0.55000001192092896,9.1454034790000005,25.650396806,3.0254136850000002
464,O,oc23,-0.55000001192092896,6.1446105769999999,25.478834727999999,7.1381573830000002
465,O,oc23,-0.55000001192092896,2.1874564190000001,29.274641550999998,7.2118926119999998
466,O,oc23,-0.55000001192092896,7.516206564,29.383784164000001,10.812204739
467,O,oc23,-0.55000001192092896,4.9226795379999997,29.380820320000002,2.594676389
468,O,oc23,-0.55000001192092896,5.1721299109999999,28.698654048000002,11.390945845999999
469,O,oc23,-0.55000001192092896,2.5312320499999998,28.728257152000001,3.5281141090000001
470,O,oc23,-0.55000001192092896,7.9353988419999997,28.571271116999998,7.4827967219999998
471,O,oc23,-0.55000001192092896,3.097649535,26.282454165000001,8.5684990130000003
472,O,oc24,-0.67500001192092896,9.0821305260000003,26.411649488999998,0.47919915499999999
473,O,oc23,-0.55000001192092896,6.0491331519999996,26.062005291999998,4.5003347109999998
474,O,oc23,-0.55000001192092896,2.7742353569999998,28.072871473999999,10.36901299
475,O,oc23,-0.55000001192092896,5.5877813060000001,27.878330253000001,6.4416223849999996
476,O,oc23,-0.55000001192092896,1.4641125109999999,26.826221818,6.6638957489999999
477,O,oc23,-0.55000001192092896,6.8091448479999999,26.871623083999999,10.509903646
478,O,oc23,-0.55000001192092896,4.291051145,26.808195578999999,2.6298177639999998
479,O,oc23,-0.55000001192092896,6.806505488,26.25916118,1.936181266
480,O,oc23,-0.55000001192092896,0.928192401,26.129618757999999,10.018251009
481,O,oc23,-0.55000001192092896,3.8108573959999998,26.034771598999999,6.0079543160000002
482,O,oc23,-0.55000001192092896,0.59879834399999998,28.828892744000001,5.2321734199999996
483,O,oc23,-0.55000001192092896,5.8589130599999999,28.802496658999999,8.9007620329999995
484,O,oc24,-0.67500001192092896,3.0871929009999999,28.480782430000001,1.00482133
485,Si,sc4,1.1000000238418579,8.4084097690000004,26.640503541000001,1.971967494
486,Si,sc4,1.1000000238418579,2.4834933370000001,26.521978885999999,9.9951270670000003
487,Si,sc4,1.1000000238418579,5.3856014590000001,26.367050498000001,6.0158289189999996
488,Si,sc4,1.1000000238418579,1.0144026960000001,28.348136909000001,6.6881266789999998
489,Si,sc4,1.1000000238418579,6.3559440540000001,28.416935081999998,10.378848236
490,Si,sc4,1.1000000238418579,3.717952624,28.327772434,2.492163868
491,Si,sc4,1.1000000238418579,3.563143862,29.006627765000001,11.45471431
492,Si,sc4,1.1000000238418579,0.99764572299999998,29.121525555000002,3.6868398240000002
493,Si,sc4,1.1000000238418579,6.3896518960000002,28.941699631999999,7.4113414689999999
494,Si,sc4,1.1000000238418579,2.636932141,25.868823366000001,7.0643571229999997
495,Si,sc4,1.1000000238418579,7.9559103819999999,25.910180002000001,10.980843349000001
496,Si,sc4,1.1000000238418579,5.580498425,25.885560977000001,2.9216245619999999
497,H,hoy,0.40000000596046448,2.336099049,27.834344935000001,0.93983400500000003
498,H,hoy,0.40000000596046448,8.3654118850000003,26.603931288999998,-0.117908159
499,O,oc23,-0.55000001192092896,2.6965639029999999,25.618524054000002,23.083475499999999
500,O,oc23,-0.55000001192092896,8.8176131009999992,25.597463304000001,14.823595316
501,O,oc23,-0.55000001192092896,5.6644506779999997,25.568625061999999,19.130251964999999
502,O,oc23,-0.55000001192092896,1.6860524610000001,29.444773668,18.844627016
503,O,oc23,-0.55000001192092896,7.1287841739999998,29.476330498999999,22.954894189000001
504,O,oc23,-0.55000001192092896,4.555735833,29.398324873,14.963639595
505,O,oc23,-0.55000001192092896,4.5792879629999996,28.847933258000001,23.508298351000001
506,O,oc23,-0.55000001192092896,2.1644187700000002,28.604259986999999,15.458419554000001
507,O,oc23,-0.55000001192092896,7.5253591990000004,28.602306260999999,19.478081715999998
508,O,oc23,-0.55000001192092896,2.4602754820000001,26.310839308999999,20.538250027
509,O,oc23,-0.55000001192092896,8.3596020210000006,26.324020724,12.444535325
510,O,oc23,-0.55000001192092896,5.5320580560000003,26.273144868999999,16.594342459
511,O,oc23,-0.55000001192092896,2.207156538,28.174970282,22.420252024
512,O,oc23,-0.55000001192092896,5.1465736199999998,28.122036778999998,18.48663298
513,O,oc23,-0.55000001192092896,0.90941421600000005,26.990392993,18.659377292999999
514,O,oc23,-0.55000001192092896,6.1999997990000004,26.970620871000001,22.661257781
515,O,oc23,-0.55000001192092896,3.9057673240000002,26.871658416999999,14.60414887
516,O,oc23,-0.55000001192092896,6.3910213560000004,26.068525332,14.076279659000001
517,O,oc23,-0.55000001192092896,0.38774226899999997,26.259581022999999,22.151170244999999
518,O,oc23,-0.55000001192092896,3.372623097,26.181575397,18.065263579
519,O,oc23,-0.55000001192092896,0.006326763,28.783701400000002,17.019425434999999
520,O,oc23,-0.55000001192092896,5.4507118099999996,28.837819609,21.029123258999999
521,O,oc23,-0.55000001192092896,3.0275613880000001,28.734987114999999,12.966216862
522,Si,sc4,1.1000000238418579,7.8966457510000003,26.527245633,13.920341552
523,Si,sc4,1.1000000238418579,1.92839095,26.599984511999999,22.084339489000001
524,Si,sc4,1.1000000238418579,4.956520791,26.566927054000001,18.065263579
525,Si,sc4,1.1000000238418579,0.42782748500000001,28.490336980999999,18.533793243000002
526,Si,sc4,1.1000000238418579,5.8639578119999998,28.515932869,22.525967575999999
527,Si,sc4,1.1000000238418579,3.4545039860000002,28.407729707000001,14.492308734
528,Si,sc4,0.72500002384185791,2.961649075,29.110401788000001,23.435865202999999
529,Si,sc4,1.1000000238418579,0.55663193200000005,28.920532882,15.540426853
530,Si,sc4,1.1000000238418579,6.0062388240000004,28.988285604000001,19.480882912999999
531,Si,sc4,1.1000000238418579,2.0868809769999999,25.880435563999999,19.017369388999999
532,Si,sc4,1.1000000238418579,7.460349903,26.030307128,22.990849667999999
533,Si,sc4,1.1000000238418579,5.1394913539999996,25.931868438999999,15.111760365
534,O,oc23,-0.55000001192092896,3.220052962,30.577080473999999,11.123167604000001
535,O,oc23,-0.55000001192092896,8.9576226309999996,30.675101398999999,3.2377273209999999
536,O,oc23,-0.55000001192092896,6.2091867829999998,30.428917382000002,7.0091863710000002
537,O,oc23,-0.55000001192092896,2.1456906149999999,34.365610383000003,7.0321147340000003
538,O,oc23,-0.55000001192092896,7.5029430589999997,34.369236856999997,10.737817741000001
539,O,oc23,-0.55000001192092896,5.1468075879999997,34.499690151000003,2.937895717
540,O,oc23,-0.55000001192092896,5.0158182770000002,33.626984532000002,11.384367014
541,O,oc23,-0.55000001192092896,2.6860739159999998,33.732397788999997,3.5359176149999998
542,O,oc23,-0.55000001192092896,7.9964665220000004,33.599394799000002,7.3765584940000002
543,O,oc23,-0.55000001192092896,2.9628184179999999,31.307788522999999,8.6601464640000003
544,O,oc24,-0.67500001192092896,8.9834457459999992,31.063416899,0.69542758599999999
545,O,oc23,-0.55000001192092896,5.8614523610000004,31.059058427,4.5393189950000004
546,O,oc23,-0.55000001192092896,2.6331570399999999,33.062217783999998,10.611061188000001
547,O,oc23,-0.55000001192092896,5.7741926939999999,32.927130106,6.2975199630000001
548,O,oc23,-0.55000001192092896,1.479356034,31.859959276000001,6.5981724660000003
549,O,oc23,-0.55000001192092896,6.778844479,31.863272296000002,10.513877345999999
550,O,oc23,-0.55000001192092896,4.2704724020000002,31.959688670999999,2.5098484810000001
551,O,oc23,-0.55000001192092896,6.7977530880000003,31.208547558999999,2.0406153630000001
552,O,oc23,-0.55000001192092896,0.896161663,31.169387825000001,10.139275108
553,O,oc23,-0.55000001192092896,3.8585630050000002,31.028790224000002,6.2172714190000002
554,O,oc23,-0.55000001192092896,0.52982266600000005,33.782975778000001,4.9942678090000001
555,O,oc23,-0.55000001192092896,5.8423769879999998,33.648063630999999,8.8123709970000004
556,O,oc24,-0.67500001192092896,3.285196665,33.821562888000003,1.0708767459999999
557,Si,sc4,1.1000000238418579,8.3599026950000006,31.537584104,2.1040780840000002
558,Si,sc4,1.1000000238418579,2.4609101830000002,31.552264067999999,10.157709037
559,Si,sc4,1.1000000238418579,5.4205787030000003,31.420907176,6.0549374419999999
560,Si,sc4,1.1000000238418579,1.052012454,33.378316091000002,6.5296484709999998
561,Si,sc4,1.1000000238418579,6.2621034099999999,33.382466719999996,10.336640053
562,Si,sc4,1.1000000238418579,3.9016245939999998,33.556829706000002,2.5564996569999998
563,Si,sc4,1.1000000238418579,3.5223871080000002,34.051878793,11.527407583
564,Si,sc4,1.1000000238418579,1.0819953490000001,34.037494778000003,3.4779131510000001
565,Si,sc4,1.1000000238418579,6.4312439660000003,33.926045819999999,7.3913443640000001
566,Si,sc4,1.1000000238418579,2.5668439940000001,30.816256019000001,7.1831017319999999
567,Si,sc4,1.1000000238418579,7.9959985849999997,30.923482318000001,10.942803959000001
568,Si,sc4,1.1000000238418579,5.4345431169999996,30.924494513999999,2.9341632149999999
569,H,hoy,0.40000000596046448,2.9217045819999998,33.006728930999998,0.76625558500000002
570,H,hoy,0.40000000596046448,9.6405302969999997,30.394661781,0.85530641299999999
571,O,oc23,-0.55000001192092896,2.6925548340000001,30.604000324000001,22.951832868
572,O,oc23,-0.55000001192092896,8.7175583620000001,30.467170920000001,14.907686526000001
573,O,oc23,-0.55000001192092896,5.8678999259999998,30.442587228000001,18.956010963000001
574,O,oc23,-0.55000001192092896,1.444265291,34.390305531000003,18.919077103999999
575,O,oc23,-0.55000001192092896,7.1780927139999999,34.637145357000001,22.862596425
576,O,oc23,-0.55000001192092896,4.6519813709999998,34.463574995000002,15.070138434
577,O,oc23,-0.55000001192092896,4.6358793839999999,33.893702238000003,23.425964924999999
578,O,oc23,-0.55000001192092896,2.245421034,33.664918186999998,15.48922883
579,O,oc23,-0.55000001192092896,7.5110612559999996,33.649798423,19.484530485000001
580,O,oc23,-0.55000001192092896,2.4512221589999998,31.205548382,20.530238567000001
581,O,oc23,-0.55000001192092896,8.4732856539999997,31.230306662,12.456064294999999
582,O,oc23,-0.55000001192092896,5.449576317,31.371461281999999,16.539170735999999
583,O,oc23,-0.55000001192092896,2.3058545100000001,33.093741360000003,22.295254226000001
584,O,oc23,-0.55000001192092896,5.1852590100000002,32.965348311,18.548969786000001
585,O,oc23,-0.55000001192092896,0.93297630300000001,32.001009973999999,18.603229130999999
586,O,oc23,-0.55000001192092896,6.4295733339999996,32.064368891000001,22.895946771999999
587,O,oc23,-0.55000001192092896,3.9268807099999998,31.959410161000001,14.619521476999999
588,O,oc23,-0.55000001192092896,6.3543406259999999,31.137517151000001,14.026775359
589,O,oc23,-0.55000001192092896,0.35373051799999999,31.219147561,22.022654935999999
590,O,oc23,-0.55000001192092896,3.379605304,31.113211969000002,18.073275037999998
591,O,oc23,-0.55000001192092896,0.06708095,33.793543905999996,16.917811703999998
592,O,oc23,-0.55000001192092896,5.4298657449999999,33.658836809,21.087550426
593,O,oc23,-0.55000001192092896,3.0072833179999998,33.919814486,13.074669548999999
594,Si,sc4,1.1000000238418579,7.925309339,31.517568806,13.996161176999999
595,Si,sc4,1.1000000238418579,1.9453583699999999,31.544278732999999,21.932245989999998
596,Si,sc4,1.1000000238418579,4.9509752479999998,31.419651803000001,18.056403800999998
597,Si,sc4,1.1000000238418579,0.37494744699999999,33.458275442999998,18.421106730999998
598,Si,sc4,1.1000000238418579,5.9398585739999996,33.591309772000002,22.583810433
599,Si,sc4,1.1000000238418579,3.4768867729999999,33.476093839000001,14.537644240000001
600,Si,sc4,1.1000000238418579,3.0734627040000002,34.074174845000002,23.275954367000001
601,Si,sc4,1.1000000238418579,0.68733388500000003,33.996421067,15.532154298
602,Si,sc4,1.1000000238418579,5.9504488689999997,33.95073051,19.582040454000001
603,Si,sc4,1.1000000238418579,2.113088646,30.989108803000001,18.990924
604,Si,sc4,1.1000000238418579,7.6170617719999996,31.001697865000001,23.045565201999999
605,Si,sc4,1.1000000238418579,5.0884788289999996,30.964315190000001,15.028320438
606,O,oc23,-0.55000001192092896,11.72483268,0.64080321500000004,10.981494632
607,O,oc23,-0.55000001192092896,17.789457470999999,0.76642350599999998,2.9236696489999998
608,O,oc23,-0.55000001192092896,14.584780737000001,0.64595006200000005,6.9863885549999996
609,O,oc23,-0.55000001192092896,10.466988026999999,4.5373010980000004,6.9019057009999996
610,O,oc23,-0.55000001192092896,15.85478576,4.6564529190000004,10.8488115
611,O,oc23,-0.55000001192092896,13.534895939,4.6905215350000002,2.8495634019999998
612,O,oc23,-0.55000001192092896,13.477937139,3.8797169579999999,11.274741822999999
613,O,oc23,-0.55000001192092896,11.047937921999999,3.8674079649999999,3.3339279300000002
614,O,oc23,-0.55000001192092896,16.376536733999998,3.6440285029999999,7.3208014889999999
615,O,oc23,-0.55000001192092896,11.445816198999999,1.4341932610000001,8.4604365119999994
616,O,oc24,-0.67500001192092896,17.485117670000001,1.4862894149999999,0.54762087100000001
617,O,oc23,-0.55000001192092896,14.431375285,1.3309840509999999,4.5199862770000001
618,O,oc23,-0.55000001192092896,11.110542821999999,3.1698971500000002,10.381584401
619,O,oc23,-0.55000001192092896,8.6010352520000009,3.2773676649999999,2.4454476610000002
620,O,oc23,-0.55000001192092896,14.101580745,3.1333879360000001,6.2749895520000001
621,O,oc23,-0.55000001192092896,9.8139460730000003,2.0439560609999998,6.4170920210000002
622,O,oc23,-0.55000001192092896,15.210829735000001,2.2337691089999998,10.391550681
623,O,oc23,-0.55000001192092896,12.968144426,2.2676979500000001,2.479370914
624,O,oc23,-0.55000001192092896,15.365772407,1.407786005,2.0609446610000002
625,O,oc23,-0.55000001192092896,9.2703464560000004,1.2788112549999999,9.9683555520000002
626,O,oc23,-0.55000001192092896,12.308922726,1.3241704320000001,6.007165691
627,O,oc23,-0.55000001192092896,8.8867989769999998,3.9755752740000001,4.8777701750000002
628,O,oc23,-0.55000001192092896,14.276233491999999,4.1020847439999999,8.7979107679999995
629,O,oc24,-0.67500001192092896,12.042767524,3.9506086310000001,0.87824731300000003
630,Si,sc4,1.1000000238418579,16.895850456000002,1.794295347,2.040765081
631,Si,sc4,1.1000000238418579,10.880969286999999,1.6518850949999999,9.9941496569999995
632,Si,sc4,1.1000000238418579,13.837163877,1.5861614420000001,6.0002680120000003
633,Si,sc4,1.1000000238418579,9.2386094229999998,3.5657448870000001,6.4305753259999996
634,Si,sc4,1.1000000238418579,14.734444689,3.7088179000000001,10.316707493999999
635,Si,sc4,1.1000000238418579,12.382685417999999,3.702541036,2.4041639890000002
636,Si,sc4,1.1000000238418579,11.902090936,4.1920849999999996,11.370818193
637,Si,sc4,1.1000000238418579,9.487860177,4.1719299269999999,3.4245790450000002
638,Si,sc4,1.1000000238418579,14.877193138999999,4.102607989,7.2908385899999999
639,Si,sc4,1.1000000238418579,11.035910962999999,1.1198338219999999,6.9220333539999999
640,Si,sc4,1.1000000238418579,16.348976280999999,1.2383545789999999,10.893755848
641,Si,sc4,1.1000000238418579,14.063296586,1.205552248,3.011278855
642,H,hoy,0.40000000596046448,18.057429694,2.1782979240000002,0.275171577
643,H,hoy,0.40000000596046448,12.182295684,3.1188613969999999,0.46470467199999999
644,O,oc23,-0.55000001192092896,11.16359286,0.68915780199999999,22.856733907999999
645,O,oc23,-0.55000001192092896,16.993432102,0.90577924399999998,14.892836109999999
646,O,oc23,-0.55000001192092896,14.017060496999999,0.61752724699999995,18.962327728000002
647,O,oc23,-0.55000001192092896,9.9468728389999992,4.3511286829999998,18.558219751999999
648,O,oc23,-0.55000001192092896,15.357688060999999,4.4938530390000002,22.865591744
649,O,oc23,-0.55000001192092896,13.045749173999999,4.5015593450000004,14.621996546
650,O,oc23,-0.55000001192092896,12.879482444000001,3.7915301349999999,23.293998108
651,O,oc23,-0.55000001192092896,10.580438686999999,3.835606399,15.369442266
652,O,oc23,-0.55000001192092896,15.767759563,3.7714098749999998,19.214408207000002
653,O,oc23,-0.55000001192092896,10.963284261,1.4025031509999999,20.241618298999999
654,O,oc23,-0.55000001192092896,16.776887109,1.595980994,12.382394582
655,O,oc23,-0.55000001192092896,13.840871525000001,1.439057571,16.420947833
656,O,oc23,-0.55000001192092896,10.563401823,3.2640469950000002,22.154883819999998
657,O,oc23,-0.55000001192092896,8.5153790140000005,3.0408771940000001,14.257294587000001
658,O,oc23,-0.55000001192092896,13.343674265000001,3.0880916319999998,18.39505153
659,O,oc23,-0.55000001192092896,9.2001908560000007,1.8534563509999999,18.288161533
660,O,oc23,-0.55000001192092896,14.637797920000001,2.1222573439999999,22.289195643999999
661,O,oc23,-0.55000001192092896,12.251595550999999,2.0439841200000002,14.4936113
662,O,oc23,-0.55000001192092896,14.687440984,1.4621312820000001,13.942358022000001
663,O,oc23,-0.55000001192092896,8.8337489379999994,1.4181773849999999,21.801971926
664,O,oc23,-0.55000001192092896,11.673285015999999,1.046826045,17.784066578000001
665,O,oc23,-0.55000001192092896,8.2946245849999993,3.6736336860000001,16.724550521000001
666,O,oc23,-0.55000001192092896,13.766240662,4.2161807800000002,20.830323744000001
667,O,oc23,-0.55000001192092896,11.328825153,3.9232351639999998,12.821742693999999
668,Si,sc4,1.1000000238418579,16.215982809,1.8579335530000001,13.855335553
669,Si,sc4,1.1000000238418579,10.425529866,1.6774274629999999,21.781519116999998
670,Si,sc4,1.1000000238418579,13.186059377999999,1.515974618,17.874933653999999
671,Si,sc4,1.1000000238418579,8.6690184329999997,3.406352547,18.246343538000001
672,Si,sc4,1.1000000238418579,14.170599359000001,3.6631376050000002,22.289521771
673,Si,sc4,1.1000000238418579,11.842291662999999,3.5808088420000002,14.338260415000001
674,Si,sc4,1.1000000238418579,11.331396810999999,4.2631507419999997,23.170759063999999
675,Si,sc4,1.1000000238418579,9.0188575719999999,4.0875788489999998,15.348663330000001
676,Si,sc4,1.1000000238418579,14.216133545,4.0966803020000002,19.313156680999999
677,Si,sc4,1.1000000238418579,10.442099789,0.99267951799999998,18.806000403999999
678,Si,sc4,1.1000000238418579,15.813394304999999,1.2050988899999999,22.793160536999999
679,Si,sc4,1.1000000238418579,13.437480559999999,1.1050036910000001,14.865022154
680,O,oc23,-0.55000001192092896,11.6831067,5.6977498710000001,10.851091476000001
681,O,oc23,-0.55000001192092896,17.883297617,5.7247393479999999,2.8235477539999998
682,O,oc23,-0.55000001192092896,14.808975991000001,5.5173310759999996,6.6354309950000001
683,O,oc23,-0.55000001192092896,10.520139618,9.522603299,6.8029631039999998
684,O,oc23,-0.55000001192092896,15.870619928,9.6168227720000008,10.914924971
685,O,oc23,-0.55000001192092896,13.347115090000001,9.5802091160000007,2.8687007850000001
686,O,oc23,-0.55000001192092896,13.343606563,8.7152509980000001,11.223608831
687,O,oc23,-0.55000001192092896,10.960043553,8.5969715989999997,3.2124867090000002
688,O,oc23,-0.55000001192092896,16.386994612999999,8.5218955229999995,7.2484343429999996
689,O,oc23,-0.55000001192092896,11.473043123,6.4094875529999999,8.3330937069999997
690,O,oc24,-0.67500001192092896,17.682688343999999,6.5390310139999999,0.46382942900000002
691,O,oc23,-0.55000001192092896,14.314550506,6.6490813820000003,4.2779638010000003
692,O,oc23,-0.55000001192092896,11.129217463,8.1362996509999999,10.246685355
693,O,oc23,-0.55000001192092896,8.6702539840000004,8.1925108400000006,2.453876486
694,O,oc23,-0.55000001192092896,14.036536603,8.1185155489999996,6.3823415619999997
695,O,oc23,-0.55000001192092896,9.8438462070000003,6.9871492330000002,6.3658095540000001
696,O,oc23,-0.55000001192092896,15.276007289000001,7.1888038869999997,10.229685025
697,O,oc23,-0.55000001192092896,12.922811354,7.2077732149999996,2.10315333
698,O,oc23,-0.55000001192092896,15.451027415,6.3207426699999996,1.9356928040000001
699,O,oc23,-0.55000001192092896,9.321192216,6.2871972989999998,9.8327411619999996
700,O,oc23,-0.55000001192092896,12.363843514999999,6.1454149930000002,5.8137094139999999
701,O,oc23,-0.55000001192092896,8.8950844369999995,8.9730129190000003,4.8732626369999998
702,O,oc23,-0.55000001192092896,14.349494397000001,9.1409824279999992,8.8268312259999995
703,O,oc24,-0.67500001192092896,11.918894827000001,9.1728894749999998,0.67870697599999996
704,Si,sc4,1.1000000238418579,17.021695455,6.7407552949999996,1.9683589880000001
705,Si,sc4,1.1000000238418579,10.895769016999999,6.6193021300000003,9.8096822499999998
706,Si,sc4,1.1000000238418579,13.916038026000001,6.6219521300000004,5.8135662479999999
707,Si,sc4,1.1000000238418579,9.3305121129999993,8.5378661929999993,6.311596314
708,Si,sc4,1.1000000238418579,14.690982366,8.6502532379999995,10.29846963
709,Si,sc4,1.1000000238418579,12.243811878000001,8.6553443570000006,2.2137947549999999
710,Si,sc4,1.1000000238418579,11.820042785,9.0628728810000005,11.324310184
711,Si,sc4,1.1000000238418579,9.4600319049999992,9.1407735460000001,3.3734271260000002
712,Si,sc4,1.1000000238418579,14.879497975,9.1354382110000003,7.3390398389999998
713,Si,sc4,1.1000000238418579,11.056590761000001,6.0417454099999999,6.8454323830000003
714,Si,sc4,1.1000000238418579,16.432493951000001,6.2202115200000003,10.76973546
715,Si,sc4,1.1000000238418579,14.067972962000001,6.2323812580000002,2.8080256719999999
716,H,hoy,0.40000000596046448,12.51961221,8.7334595640000003,0.124184587
717,H,hoy,0.40000000596046448,18.627391844999998,6.5468893149999996,0.56705830700000004
718,O,oc23,-0.55000001192092896,11.315930023,5.6849176330000004,22.439792453999999
719,O,oc23,-0.55000001192092896,17.156694084000002,5.8315473630000003,14.735074216999999
720,O,oc23,-0.55000001192092896,14.147315047999999,5.5273387249999999,18.734935824000001
721,O,oc23,-0.55000001192092896,10.030290948999999,9.3612587919999992,18.698198029
722,O,oc23,-0.55000001192092896,15.437664349,9.4507352830000002,22.396149700999999
723,O,oc23,-0.55000001192092896,12.991462588999999,9.4901735269999996,14.587408665
724,O,oc23,-0.55000001192092896,13.000248839999999,8.9600757200000007,23.216484758
725,O,oc23,-0.55000001192092896,10.503769812,8.8129580789999995,15.271411076
726,O,oc23,-0.55000001192092896,15.83049887,8.8600324819999994,19.169072700000001
727,O,oc23,-0.55000001192092896,10.900011308,6.2428077110000002,20.072781682999999
728,O,oc23,-0.55000001192092896,16.792924380999999,6.7010728349999997,12.278240751
729,O,oc23,-0.55000001192092896,13.919277738,6.2790727090000003,16.247162049
730,O,oc23,-0.55000001192092896,10.880668612999999,8.1647887160000003,21.926057346
731,O,oc23,-0.55000001192092896,8.1681453830000006,8.111088273,14.251693165000001
732,O,oc23,-0.55000001192092896,13.597700956000001,7.9038894019999999,18.214817948
733,O,oc23,-0.55000001192092896,9.2859805069999997,6.9847081150000001,18.329849466999999
734,O,oc23,-0.55000001192092896,14.615615748,6.93156573,22.529030838000001
735,O,oc23,-0.55000001192092896,12.145861857,7.012081062,14.519340374
736,O,oc23,-0.55000001192092896,14.699233975,6.2912424470000001,13.825892904
737,O,oc23,-0.55000001192092896,8.8063547520000007,6.391912853,21.712473417000002
738,O,oc23,-0.55000001192092896,11.769497699,6.0732331329999996,17.727202101
739,O,oc23,-0.55000001192092896,8.3710266359999999,8.7728921480000004,16.746566021
740,O,oc23,-0.55000001192092896,13.731797563000001,8.5851848119999996,20.735811036000001
741,O,oc23,-0.55000001192092896,11.232445208,8.7664064019999994,12.798879847
742,Si,sc4,1.1000000238418579,16.248288335000002,6.8110192810000001,13.752419256
743,Si,sc4,1.1000000238418579,10.419082301,6.6244628759999999,21.549761384
744,Si,sc4,1.1000000238418579,13.339097449,6.4482981109999997,17.748437226
745,Si,sc4,1.1000000238418579,8.7883153099999998,8.4591985869999995,18.259631262999999
746,Si,sc4,1.1000000238418579,14.232336088,8.4527824680000005,22.253110103000001
747,Si,sc4,1.1000000238418579,11.712238224,8.5258362299999995,14.274034791
748,Si,sc4,1.1000000238418579,11.405227203999999,9.0075346330000006,23.222867525000002
749,Si,sc4,1.1000000238418579,8.968413043,9.0335129530000007,15.300462567
750,Si,sc4,1.1000000238418579,14.233538784,8.9135936709999992,19.272771314
751,Si,sc4,1.1000000238418579,10.423926935000001,5.9134573220000002,18.635210910000001
752,Si,sc4,1.1000000238418579,15.843260589,6.0174059340000001,22.866308059000001
753,Si,sc4,1.1000000238418579,13.415800174999999,6.0373167920000004,14.81082784
754,O,oc23,-0.55000001192092896,11.599822998,10.647414241,10.945344059
755,O,oc23,-0.55000001192092896,17.513681696999999,10.662548341999999,3.1303816210000002
756,O,oc23,-0.55000001192092896,14.780212841999999,10.615752449,6.7603632769999997
757,O,oc23,-0.55000001192092896,10.427033236,14.399144799,6.9873654800000002
758,O,oc23,-0.55000001192092896,15.883750021999999,14.632497617,10.834871521
759,O,oc23,-0.55000001192092896,13.524339495,14.610354004,2.8094131670000002
760,O,oc23,-0.55000001192092896,13.408316181,13.879751956,11.458231821
761,O,oc23,-0.55000001192092896,11.123137277,13.813777333000001,3.3715902359999999
762,O,oc23,-0.55000001192092896,16.45063395,13.674505772,7.385351784
763,O,oc23,-0.55000001192092896,11.377799167999999,11.367451620000001,8.4796517859999998
764,O,oc24,-0.89999997615814209,17.729826455000001,11.25265879,0.59309165699999999
765,O,oc23,-0.55000001192092896,14.371276333999999,11.584379630000001,4.3560430190000003
766,O,oc23,-0.55000001192092896,11.050242756999999,13.133213531000001,10.418907476999999
767,O,oc23,-0.55000001192092896,8.8238266969999994,13.140292669999999,2.2780718219999998
768,O,oc23,-0.55000001192092896,14.066202769,13.134852374999999,6.4244720959999997
769,O,oc23,-0.55000001192092896,9.7625666659999997,11.915019686000001,6.5015093589999999
770,O,oc23,-0.55000001192092896,15.150964752,12.169329332,10.571719232
771,O,oc23,-0.55000001192092896,12.81808024,12.064020385999999,2.3797049650000002
772,O,oc23,-0.55000001192092896,15.296653235999999,11.231003609,1.9979896939999999
773,O,oc23,-0.55000001192092896,9.3018485260000006,11.172282713,10.075440642
774,O,oc23,-0.55000001192092896,12.290948994000001,11.259562302000001,6.0001180520000004
775,O,oc23,-0.55000001192092896,8.9510078029999995,13.824203786,4.9000016369999999
776,O,oc23,-0.55000001192092896,14.249808033000001,13.884145760999999,8.9523502439999998
777,O,oc24,-0.67500001192092896,11.851612555999999,13.985513999,0.939274092
778,Si,sc4,0.72500002384185791,16.856430307,11.586610826999999,1.9917105399999999
779,Si,sc4,1.1000000238418579,10.845891985,11.611404439999999,9.9572827709999991
780,Si,sc4,1.1000000238418579,13.871372012,11.630164366000001,5.8873271989999996
781,Si,sc4,1.1000000238418579,9.2982075829999999,13.423195303,6.4159651369999997
782,Si,sc4,1.1000000238418579,14.638165300000001,13.668821261,10.469584279999999
783,Si,sc4,1.1000000238418579,12.363409429000001,13.616586112,2.4474277170000001
784,Si,sc4,1.1000000238418579,11.787003494,14.104246497,11.506172459
785,Si,sc4,1.1000000238418579,9.5357320520000002,14.075618177000001,3.394459635
786,Si,sc4,1.1000000238418579,14.880167024,14.078651647999999,7.418050848
787,Si,sc4,1.1000000238418579,11.006212937000001,10.970662354,6.9686714260000002
788,Si,sc4,1.1000000238418579,16.369254849000001,11.161437456,10.974850769
789,Si,sc4,1.1000000238418579,13.973531467999999,11.055885333999999,2.846580216
790,H,hoy,0.40000000596046448,12.636269175000001,14.265611825000001,0.50538109399999998
791,O,oc23,-0.55000001192092896,10.934086031,10.525716859999999,23.081976869999998
792,O,oc23,-0.55000001192092896,17.072039428,10.754048187,14.916545333
793,O,oc23,-0.55000001192092896,13.822464703,10.450153392000001,19.034108623000002
794,O,oc23,-0.55000001192092896,9.9812153820000002,14.326475546999999,18.934385649999999
795,O,oc23,-0.55000001192092896,15.515202391000001,14.517389904,22.985965531000002
796,O,oc23,-0.55000001192092896,12.937143148000001,14.419787784,14.888081065
797,O,oc23,-0.55000001192092896,13.072475305999999,13.970030721000001,23.486933164
798,O,oc23,-0.55000001192092896,10.451587944,13.822041177999999,15.559837221
799,O,oc23,-0.55000001192092896,15.895173642,13.817718040000001,19.405390384
800,O,oc23,-0.55000001192092896,10.821571243999999,11.031162387,20.593551812000001
801,O,oc23,-0.55000001192092896,16.755441687000001,11.487405196999999,12.455934232000001
802,O,oc23,-0.55000001192092896,13.732098237000001,11.153835591,16.56340118
803,O,oc23,-0.55000001192092896,10.811582296999999,13.090183757,22.362669292
804,O,oc23,-0.55000001192092896,8.0561652380000002,13.066367006,14.498887566000001
805,O,oc23,-0.55000001192092896,13.546421111000001,13.010818837,18.430680882000001
806,O,oc23,-0.55000001192092896,9.0944910140000008,11.817627486999999,18.806326531
807,O,oc23,-0.55000001192092896,14.596373610000001,11.936639533999999,22.902589664000001
808,O,oc23,-0.55000001192092896,12.153512118,11.96125752,14.740154417999999
809,O,oc23,-0.55000001192092896,14.645548738,11.484441352999999,14.025994014
810,O,oc23,-0.55000001192092896,8.7225035529999992,11.566561234,21.967679276999998
811,O,oc23,-0.55000001192092896,11.584655888,11.407865687999999,18.092295219
812,O,oc23,-0.55000001192092896,8.3308378770000004,13.645319392999999,17.083975245000001
813,O,oc23,-0.55000001192092896,13.873042644,13.813184980000001,21.014857153000001
814,O,oc23,-0.55000001192092896,11.199672741000001,13.773989911999999,12.993638689000001
815,Si,sc4,1.1000000238418579,16.23656205,11.730694997000001,13.932196649
816,Si,sc4,1.1000000238418579,10.345787545,11.580404629,22.001289749000001
817,Si,sc4,1.1000000238418579,13.221704176999999,11.492043217000001,18.049370720999999
818,Si,sc4,1.1000000238418579,8.7462219500000007,13.369844036,18.574568798000001
819,Si,sc4,1.1000000238418579,14.294674165,13.564385257,22.586219499999999
820,Si,sc4,1.1000000238418579,11.673052043,13.511068284,14.541421875999999
821,Si,sc4,1.1000000238418579,11.455871850999999,14.056021682000001,23.501589457000001
822,Si,sc4,1.1000000238418579,8.8813201399999997,14.016861948000001,15.574623577000001
823,Si,sc4,1.1000000238418579,14.309373338,14.000682395,19.478213719999999
824,Si,sc4,1.1000000238418579,10.380396911,10.869852174,19.059057322000001
825,Si,sc4,1.1000000238418579,15.840821346,10.939487954000001,22.917702146
826,Si,sc4,1.1000000238418579,13.394252206000001,11.007764441000001,14.991452581000001
827,O,oc23,-0.55000001192092896,11.504378924999999,15.655138044999999,11.130593782
828,O,oc23,-0.55000001192092896,17.451878263000001,15.767908561,2.9867613519999998
829,O,oc23,-0.55000001192092896,14.651193842,15.579086146,6.8643220149999999
830,O,oc23,-0.55000001192092896,10.606596326,19.404881623000001,6.8073925080000004
831,O,oc23,-0.55000001192092896,15.810120742000001,19.588508997999998,10.892713407
832,O,oc23,-0.55000001192092896,13.446066694000001,19.593634411,2.8734102109999999
833,O,oc23,-0.55000001192092896,13.347749293,18.728397782999998,11.372120759
834,O,oc23,-0.55000001192092896,11.042426229,18.774391400999999,3.3928183239999998
835,O,oc23,-0.55000001192092896,16.212074047000002,18.555476410000001,7.4258021830000001
836,O,oc23,-0.55000001192092896,11.375861712000001,16.321719197,8.5000395639999997
837,O,oc24,-0.67500001192092896,17.381791360000001,16.785390322000001,0.47809702100000001
838,O,oc23,-0.55000001192092896,14.276767138,16.558593917,4.4069935359999999
839,O,oc23,-0.55000001192092896,11.017738109,18.149689612,10.419689793
840,O,oc23,-0.55000001192092896,8.7652978220000008,18.112587524999999,2.3924848160000001
841,O,oc23,-0.55000001192092896,13.823700254,18.000375068,6.5553125139999997
842,O,oc23,-0.55000001192092896,9.7953391330000006,16.899625093000001,6.4861047210000002
843,O,oc23,-0.55000001192092896,15.163926588000001,17.148598365000002,10.433693833
844,O,oc23,-0.55000001192092896,12.759884893000001,17.089248743999999,2.5447292460000002
845,O,oc23,-0.55000001192092896,15.216609246000001,16.501509787,1.945306993
846,O,oc23,-0.55000001192092896,9.2005582359999991,16.409173373000002,10.033492583999999
847,O,oc23,-0.55000001192092896,12.201752368999999,15.986232237999999,6.076823364
848,O,oc23,-0.55000001192092896,8.8846614039999992,18.761594496000001,4.8644887590000003
849,O,oc23,-0.55000001192092896,14.178818113,19.03940601,8.8881255909999997
850,O,oc24,-0.67500001192092896,11.772137058,19.016007024,0.93902009399999997
851,Si,sc4,1.1000000238418579,16.814604765999999,16.828139508,2.0237578350000001
852,Si,sc4,1.1000000238418579,10.790402704,16.592033807,10.006917133
853,Si,sc4,1.1000000238418579,13.752443510000001,16.534357322999998,5.9717183289999998
854,Si,sc4,1.1000000238418579,9.3516927029999994,18.453061681000001,6.4255077429999998
855,Si,sc4,1.1000000238418579,14.609969649,18.663852081999998,10.420079981000001
856,Si,sc4,1.1000000238418579,12.259613191,18.619184503,2.4298734080000002
857,Si,sc4,1.1000000238418579,11.847770499999999,19.169786040000002,11.424556318
858,Si,sc4,1.1000000238418579,9.4454999940000004,19.115283322,3.365408629
859,Si,sc4,1.1000000238418579,14.722552136999999,19.034419851999999,7.402548178
860,Si,sc4,1.1000000238418579,10.944442358,15.928835304,7.0409080250000002
861,Si,sc4,1.1000000238418579,16.370523254999998,16.113159992,10.891932062
862,Si,sc4,1.1000000238418579,13.949611958,16.166231710000002,2.9251808970000002
863,H,hoy,0.40000000596046448,17.972327833000001,17.512101764000001,0.37729300500000001
864,H,hoy,0.40000000596046448,12.519621093,19.193947421000001,0.42113772199999999
865,O,oc23,-0.55000001192092896,10.914375957000001,15.636622335,23.224366155999999
866,O,oc23,-0.55000001192092896,17.306123071999998,15.647083083,14.849714578
867,O,oc23,-0.55000001192092896,13.925625741999999,15.495746225,19.155524849999999
868,O,oc23,-0.55000001192092896,9.8483891719999992,19.240606526000001,18.915689656000001
869,O,oc23,-0.55000001192092896,15.430080794,19.429116138000001,22.841751488
870,O,oc23,-0.55000001192092896,12.835017542999999,19.535226319,15.099188954000001
871,O,oc23,-0.55000001192092896,12.909815668,18.556104095999999,23.337574859
872,O,oc23,-0.55000001192092896,10.460808281,18.503553025999999,15.444349513000001
873,O,oc23,-0.55000001192092896,15.763416716,18.416587280000002,19.172264083999998
874,O,oc23,-0.55000001192092896,10.806805365000001,16.114519287,20.689433089000001
875,O,oc23,-0.55000001192092896,16.86498259,16.404814901999998,12.416851431
876,O,oc23,-0.55000001192092896,13.851395114000001,16.219757565999998,16.56340118
877,O,oc23,-0.55000001192092896,10.53093003,18.065687710999999,22.368923937999998
878,O,oc23,-0.55000001192092896,8.2545702320000007,17.975616788,14.390826036
879,O,oc23,-0.55000001192092896,13.360744979,17.880212610000001,18.460317654000001
880,O,oc23,-0.55000001192092896,9.2326626489999999,16.715299365,18.543043208
881,O,oc23,-0.55000001192092896,14.769856515000001,16.996669153999999,22.342998799
882,O,oc23,-0.55000001192092896,12.276717757,16.967656324,14.61268155
883,O,oc23,-0.55000001192092896,14.796716059,16.098549655999999,14.041496684
884,O,oc23,-0.55000001192092896,8.6416909529999995,16.142870135999999,22.140943840999999
885,O,oc23,-0.55000001192092896,11.691291603,15.986859924999999,18.190911689
886,O,oc23,-0.55000001192092896,8.3770739659999993,18.640419841,16.833655461999999
887,O,oc23,-0.55000001192092896,13.795638014,18.933503672000001,20.920668630000002
888,O,oc23,-0.55000001192092896,11.317566804,18.963458031999998,13.009011297000001
889,Si,sc4,1.1000000238418579,16.349010132,16.580806118000002,13.885558576999999
890,Si,sc4,1.1000000238418579,10.223717897,16.505625082000002,22.108701936999999
891,Si,sc4,1.1000000238418579,13.228419561000001,16.421762435000002,18.047611966000002
892,Si,sc4,1.1000000238418579,8.7607877120000008,18.237563632000001,18.351734904000001
893,Si,sc4,1.1000000238418579,14.217903738,18.461604036000001,22.352312824999998
894,Si,sc4,1.1000000238418579,11.754999637999999,18.487407767000001,14.50709509
895,Si,sc4,1.1000000238418579,11.378668334,19.013602279000001,23.319921305000001
896,Si,sc4,1.1000000238418579,8.9701503809999998,18.950974970000001,15.359020768000001
897,Si,sc4,1.1000000238418579,14.224952651000001,18.908886725999999,19.359532687000002
898,Si,sc4,1.1000000238418579,10.453391988,15.833326164000001,19.090126722000001
899,Si,sc4,1.1000000238418579,15.944283059,16.053879998999999,22.905650985000001
900,Si,sc4,1.1000000238418579,13.478471781,15.997425633000001,15.026496651
901,O,oc23,-0.55000001192092896,11.718151147,20.692746582000002,11.019078802999999
902,O,oc23,-0.55000001192092896,17.597900276000001,20.807505118000002,3.2100897750000001
903,O,oc23,-0.55000001192092896,14.607097316000001,20.548975215999999,6.8053081110000004
904,O,oc23,-0.55000001192092896,10.433681913999999,24.481892031000001,7.0946461489999999
905,O,oc23,-0.55000001192092896,15.923403144,24.527118708,11.06291665
906,O,oc23,-0.55000001192092896,13.389040192,24.661788620999999,2.8920198209999999
907,O,oc23,-0.55000001192092896,13.434574377000001,23.803107366999999,11.423188721000001
908,O,oc23,-0.55000001192092896,11.000700248999999,23.810361094000001,3.4050966090000001
909,O,oc23,-0.55000001192092896,16.345736569,23.660730629,7.4073032230000004
910,O,oc23,-0.55000001192092896,11.472174951,21.245858863999999,8.5268110789999998
911,O,oc24,-0.67500001192092896,17.586942602000001,21.622248322000001,0.69907528100000005
912,O,oc23,-0.55000001192092896,14.332390826999999,21.506201159,4.4601774379999997
913,O,oc23,-0.55000001192092896,11.235585359,23.219238449999999,10.305569682
914,O,oc23,-0.55000001192092896,8.6555548099999999,23.157030984999999,2.388290059
915,O,oc23,-0.55000001192092896,13.858242914,23.084221439,6.5698377739999998
916,O,oc23,-0.55000001192092896,9.7707177180000002,21.960176399000002,6.520529539
917,O,oc23,-0.55000001192092896,15.187277605,22.097810156000001,10.472775664
918,O,oc23,-0.55000001192092896,12.848213347,22.082049407,2.3713935849999999
919,O,oc23,-0.55000001192092896,15.306507776,21.403194076999998,2.0879894050000001
920,O,oc23,-0.55000001192092896,9.3952884369999996,21.352318222000001,10.130221207
921,O,oc23,-0.55000001192092896,12.193668023000001,21.239895842999999,5.9291384000000003
922,O,oc23,-0.55000001192092896,8.9405509199999997,23.870371657,4.9962609679999996
923,O,oc23,-0.55000001192092896,14.290230761,24.094239551000001,8.9984020650000005
924,O,oc24,-0.67500001192092896,11.931822812,24.082348841999998,0.95070563699999999
925,Si,sc4,1.1000000238418579,16.891941695,21.879416850999998,2.135057217
926,Si,sc4,1.1000000238418579,11.002771116,21.634766717000002,10.004115937
927,Si,sc4,1.1000000238418579,13.740382701,21.632640481999999,5.9299658500000003
928,Si,sc4,1.1000000238418579,9.2966375069999998,23.53272209,6.4766077339999999
929,Si,sc4,1.1000000238418579,14.714233823000001,23.636321525,10.492317065
930,Si,sc4,1.1000000238418579,12.282463417000001,23.668647375999999,2.4628847679999999
931,Si,sc4,1.1000000238418579,11.900253040999999,24.168269135999999,11.366063148
932,Si,sc4,1.1000000238418579,9.4306664130000009,24.093088098999999,3.4995321540000002
933,Si,sc4,1.1000000238418579,14.807973412000001,24.116765595,7.4386342040000004
934,Si,sc4,1.1000000238418579,11.013161294,20.949462013000002,6.977790358
935,Si,sc4,1.1000000238418579,16.384254695999999,21.087303613,10.946711657
936,Si,sc4,1.1000000238418579,13.967384577000001,21.129601779000001,2.9572738119999999
937,H,hoy,0.40000000596046448,12.033637991999999,23.279237097999999,0.45796471599999999
938,H,hoy,0.40000000596046448,18.225366357999999,22.288459853999999,0.62710701800000002
939,O,oc23,-0.55000001192092896,11.172279550000001,20.586251891,22.843902371999999
940,O,oc23,-0.55000001192092896,17.167249532,20.583776479000001,14.865217247
941,O,oc23,-0.55000001192092896,14.180454895,20.403672046000001,18.653058587
942,O,oc23,-0.55000001192092896,9.9137001369999993,24.399808522000001,18.927090504999999
943,O,oc23,-0.55000001192092896,15.366240342999999,24.499781093999999,23.148547500999999
944,O,oc23,-0.55000001192092896,13.004959067,24.529560865000001,14.854404591
945,O,oc23,-0.55000001192092896,12.842433835,23.774479047,23.453648819000001
946,O,oc23,-0.55000001192092896,10.521108346,23.693823420000001,15.313555199
947,O,oc23,-0.55000001192092896,15.838081430000001,23.489727648999999,19.445839812999999
948,O,oc23,-0.55000001192092896,10.793008213,21.210290659999998,20.281415472999999
949,O,oc23,-0.55000001192092896,16.811697587000001,21.417175688,12.464727037999999
950,O,oc23,-0.55000001192092896,13.638558765000001,21.625457421,16.352162258
951,O,oc23,-0.55000001192092896,10.757763647999999,23.078921437999998,22.198068442
952,O,oc23,-0.55000001192092896,8.1883900999999994,23.077630730999999,14.324255405000001
953,O,oc23,-0.55000001192092896,13.317081544000001,23.026509621999999,18.521285893000002
954,O,oc23,-0.55000001192092896,9.246025715,21.802423422,18.283407458999999
955,O,oc23,-0.55000001192092896,14.633354517000001,21.949854906999999,22.680081897000001
956,O,oc23,-0.55000001192092896,12.25420106,22.020920648000001,14.292143564
957,O,oc23,-0.55000001192092896,14.740926104,21.074296786000001,13.939947984
958,O,oc23,-0.55000001192092896,8.7867113830000001,21.441167025999999,22.029689956999999
959,O,oc23,-0.55000001192092896,11.69937595,20.859077246999998,17.911931574
960,O,oc23,-0.55000001192092896,8.4240109650000008,23.871766284,16.858862344999999
961,O,oc23,-0.55000001192092896,13.750405498999999,23.972611797999999,21.030750009999998
962,O,oc23,-0.55000001192092896,11.294214791,23.951480381,12.846169202
963,Si,sc4,1.1000000238418579,16.250225790999998,21.497552804000001,13.979486004
964,Si,sc4,1.1000000238418579,10.373081174999999,21.545639402999999,21.821578358
965,Si,sc4,1.1000000238418579,13.234031809999999,21.486603625000001,17.907305620999999
966,Si,sc4,1.1000000238418579,8.7815670709999996,23.412002610999998,18.332454598999998
967,Si,sc4,1.1000000238418579,14.191445423999999,23.53973264,22.527726331
968,Si,sc4,1.1000000238418579,11.790978962000001,23.555458055999999,14.298136143000001
969,Si,sc4,1.1000000238418579,11.254360556,24.057904404999999,23.422121288
970,Si,sc4,1.1000000238418579,8.9258517469999994,24.091311040000001,15.350487117
971,Si,sc4,1.1000000238418579,14.287591401,24.017246120999999,19.442844492999999
972,Si,sc4,1.1000000238418579,10.329318178999999,20.768135462,18.777860320999999
973,Si,sc4,1.1000000238418579,15.886288824999999,20.937814481,23.024135953999998
974,Si,sc4,1.1000000238418579,13.391780108000001,21.052259172999999,14.885539994
975,O,oc23,-0.55000001192092896,11.651036138,25.691159011,10.946190436
976,O,oc23,-0.55000001192092896,17.273751835999999,25.829977474,3.2640360959999999
977,O,oc23,-0.55000001192092896,14.693654581000001,25.604995541000001,6.8056987839999996
978,O,oc23,-0.55000001192092896,10.380130088,29.463951358999999,6.8398955069999996
979,O,oc23,-0.55000001192092896,15.816267633000001,29.615288217,10.917400041
980,O,oc23,-0.55000001192092896,13.38580048,29.623098964,2.6076971950000001
981,O,oc23,-0.55000001192092896,13.31982146,28.681881102999998,11.415762542
982,O,oc23,-0.55000001192092896,10.968662542000001,28.998711018000002,3.574198446
983,O,oc23,-0.55000001192092896,16.366148548000002,28.605095516999999,7.3736922659999999
984,O,oc23,-0.55000001192092896,11.363902455,26.444636281000001,8.5120897549999999
985,O,oc24,-0.67500001192092896,17.400297742999999,26.458306127,0.66584893000000001
986,O,oc23,-0.55000001192092896,14.223081901,26.608213024000001,4.3654099430000004
987,O,oc23,-0.55000001192092896,10.934086031,28.094106812,10.437797594999999
988,O,oc23,-0.55000001192092896,8.6690851389999999,28.206737034,2.4462554559999998
989,O,oc23,-0.55000001192092896,13.845415485,28.053309274,6.5443693100000004
990,O,oc23,-0.55000001192092896,9.8439796190000006,27.029132883999999,6.4504161609999997
991,O,oc23,-0.55000001192092896,15.213301832999999,27.065397362999999,10.520716302
992,O,oc23,-0.55000001192092896,12.644262809000001,27.208156533,2.4587878000000001
993,O,oc23,-0.55000001192092896,15.120731087999999,26.451019145,1.9533839690000001
994,O,oc23,-0.55000001192092896,9.2139213019999993,26.105138988,10.026457562999999
995,O,oc23,-0.55000001192092896,12.260783032000001,25.996937903999999,6.0464173790000002
996,O,oc23,-0.55000001192092896,8.7396409730000002,28.850932435000001,5.0080961669999997
997,O,oc23,-0.55000001192092896,14.189374557000001,28.898042171,8.9371737010000007
998,O,oc24,-0.89999997615814209,11.451629561000001,28.821013408999999,0.92820731599999995
999,Si,sc4,1.1000000238418579,16.710039918,26.753133763000001,2.1208770100000001
1000,Si,sc4,1.1000000238418579,10.766015256999999,26.568984701000002,9.9969508529999995
1001,Si,sc4,1.1000000238418579,13.793367030000001,26.584606194999999,5.9405178960000002
1002,Si,sc4,1.1000000238418579,9.189801675,28.507076671,6.4768028280000003
1003,Si,sc4,1.1000000238418579,14.600282371,28.607955439000001,10.464373046
1004,Si,sc4,0.72500002384185791,12.117332677,28.672501140000001,2.4486783550000002
1005,Si,sc4,1.1000000238418579,11.771402299,29.097744137999999,11.405536137
1006,Si,sc4,1.1000000238418579,9.3247664530000005,29.207724359,3.5877664359999999
1007,Si,sc4,1.1000000238418579,14.790335199999999,29.004395529,7.4430631229999999
1008,Si,sc4,1.1000000238418579,10.992983282999999,25.974515782000001,6.9628739399999997
1009,Si,sc4,1.1000000238418579,16.411781298000001,26.084949100999999,11.005856109
1010,Si,sc4,1.1000000238418579,13.860849418999999,26.207100618999998,2.9062912650000001
1011,H,hoy,0.40000000596046448,18.000461842,25.748871142999999,0.76050710399999999
1012,O,oc23,-0.55000001192092896,10.954231187,25.681500539000002,23.058006550999998
1013,O,oc23,-0.55000001192092896,17.050325191999999,25.508579166000001,14.979142265
1014,O,oc23,-0.55000001192092896,14.122860896000001,25.553666587999999,18.927220566999999
1015,O,oc23,-0.55000001192092896,9.9329094209999997,29.431346997999999,18.955488770999999
1016,O,oc23,-0.55000001192092896,15.492552282,29.478876578000001,22.871844449000001
1017,O,oc23,-0.55000001192092896,12.874437692000001,29.487383599000001,14.986697534999999
1018,O,oc23,-0.55000001192092896,13.013210675,28.949125869,23.366169190000001
1019,O,oc23,-0.55000001192092896,10.376221326,28.671802787000001,15.315965237
1020,O,oc23,-0.55000001192092896,15.84569784,28.639165170999998,19.420370862999999
1021,O,oc23,-0.55000001192092896,10.782284506,26.319766174000002,20.502490611999999
1022,O,oc23,-0.55000001192092896,16.926116974999999,26.416531724999999,12.53735528
1023,O,oc23,-0.55000001192092896,13.870971776999999,26.544436343000001,16.381734969
1024,O,oc23,-0.55000001192092896,10.537010215,28.205656249,22.336159843000001
1025,O,oc23,-0.55000001192092896,8.0996275610000001,28.031897269000002,14.430559150000001
1026,O,oc23,-0.55000001192092896,13.406746105,28.074440689999999,18.533857304000001
1027,O,oc23,-0.55000001192092896,9.3551663830000003,26.987915502,18.476602639999999
1028,O,oc23,-0.55000001192092896,14.662518896,26.984498559999999,22.662104157000002
1029,O,oc23,-0.55000001192092896,12.297997906999999,27.046323594,14.389978688999999
1030,O,oc23,-0.55000001192092896,14.811548645,26.283048597000001,13.925812911
1031,O,oc23,-0.55000001192092896,8.6620023750000001,26.432606317000001,22.005525514999999
1032,O,oc23,-0.55000001192092896,11.779486645,26.029750108000002,17.984036654000001
1033,O,oc23,-0.55000001192092896,8.3137343070000007,28.84587561,16.991155289000002
1034,O,oc23,-0.55000001192092896,13.816852453999999,28.891102286999999,21.052767451000001
1035,O,oc23,-0.55000001192092896,11.28920389,29.062175933999999,12.907983817
1036,Si,sc4,1.1000000238418579,16.374499717999999,26.553816305000002,13.976945904000001
1037,Si,sc4,1.1000000238418579,10.234007518,26.666831037000001,21.965074144999999
1038,Si,sc4,1.1000000238418579,13.310099337,26.522991083000001,17.898837971999999
1039,Si,sc4,1.1000000238418579,8.7792283849999997,28.514014476,18.493537937999999
1040,Si,sc4,1.1000000238418579,14.263371217,28.502855375999999,22.538931116000001
1041,Si,sc4,1.1000000238418579,11.729843581000001,28.534763461000001,14.410106341000001
1042,Si,sc4,1.1000000238418579,11.419391736,29.186977453000001,23.383104488000001
1043,Si,sc4,1.1000000238418579,8.8283029559999999,29.012137686999999,15.449820872
1044,Si,sc4,1.1000000238418579,14.296177535,29.006557097999998,19.496907774
1045,Si,sc4,1.1000000238418579,10.483825768999999,25.966112681999999,18.942853299999999
1046,Si,sc4,1.1000000238418579,15.854417385,26.028251559000001,23.078003169999999
1047,Si,sc4,1.1000000238418579,13.508637743,26.122749541000001,14.876421062
1048,O,oc23,-0.55000001192092896,11.586828306999999,30.602954872000002,10.832722579
1049,O,oc23,-0.55000001192092896,17.471555481999999,30.634860880000002,3.220843951
1050,O,oc23,-0.55000001192092896,14.632185671,30.471564725,6.8785216340000002
1051,O,oc23,-0.55000001192092896,10.451554094,34.464380517000002,6.9734915019999999
1052,O,oc23,-0.55000001192092896,15.804306384,34.647878509000002,10.864900422
1053,O,oc23,-0.55000001192092896,13.518760101,34.580352142000002,2.744588915
1054,O,oc23,-0.55000001192092896,13.392916098000001,33.618343670999998,11.282753283
1055,O,oc23,-0.55000001192092896,11.029329986,33.853268716999999,3.2938752409999998
1056,O,oc23,-0.55000001192092896,16.42400937,33.637571155000003,7.4175946589999997
1057,O,oc23,-0.55000001192092896,11.302433545,31.411911722999999,8.3259286239999994
1058,O,oc24,-0.67500001192092896,17.406745308000001,31.257087255999998,0.59174134899999997
1059,O,oc23,-0.55000001192092896,14.252280130999999,31.396358816999999,4.4641574469999998
1060,O,oc23,-0.55000001192092896,10.907294189,33.071701668999999,10.371096902
1061,O,oc23,-0.55000001192092896,8.668249823,33.078117788,2.4573937539999999
1062,O,oc23,-0.55000001192092896,14.043018019,33.008795849999998,6.4929242650000001
1063,O,oc23,-0.55000001192092896,9.7787353590000006,32.045854220000002,6.2189064209999998
1064,O,oc23,-0.55000001192092896,15.181064008,32.115315412000001,10.45356039
1065,O,oc23,-0.55000001192092896,12.704595728999999,32.152556754000003,2.4504892809999999
1066,O,oc23,-0.55000001192092896,15.20779014,31.499365900000001,2.0364465699999998
1067,O,oc23,-0.55000001192092896,9.2176628009999995,31.107911967,9.9456227669999997
1068,O,oc23,-0.55000001192092896,12.207965966,31.138666523000001,5.9740308210000004
1069,O,oc23,-0.55000001192092896,8.9286912239999996,34.045619563000002,4.8994479000000002
1070,O,oc23,-0.55000001192092896,14.237146872,33.880554044999997,8.9135935699999997
1071,O,oc24,-0.67500001192092896,11.827860308,33.887153943000001,0.84554861299999995
1072,Si,sc4,1.1000000238418579,16.794660723,31.593132273999998,2.0698944629999998
1073,Si,sc4,1.1000000238418579,10.747039942000001,31.559447128999999,9.8916245180000004
1074,Si,sc4,1.1000000238418579,13.760160476999999,31.498634291999998,6.018473846
1075,Si,sc4,1.1000000238418579,9.2718498260000004,33.536139734999999,6.3814034619999997
1076,Si,sc4,1.1000000238418579,14.662352629000001,33.589536269,10.370315556
1077,Si,sc4,1.1000000238418579,12.297230292,33.608808734999997,2.3763505180000002
1078,Si,sc4,1.1000000238418579,11.832203155,34.017622209000002,11.332582738999999
1079,Si,sc4,1.1000000238418579,9.4407559160000005,34.078240745000002,3.361695782
1080,Si,sc4,1.1000000238418579,14.812985309,33.992581846,7.468075883
1081,Si,sc4,1.1000000238418579,10.854811647,30.992211902000001,6.861195178
1082,Si,sc4,1.1000000238418579,16.346905413999998,31.079458236000001,10.9333589
1083,Si,sc4,1.1000000238418579,13.870203167,31.145920251,2.8928664400000001
1084,H,hoy,0.40000000596046448,11.670602719,33.069550806999999,0.40015320300000001
1085,H,hoy,0.40000000596046448,17.124876505,30.418179238,0.31026458000000001
1086,O,oc23,-0.55000001192092896,11.072525486,30.637824723000001,23.006222274999999
1087,O,oc23,-0.55000001192092896,17.163141649,30.661188375999998,14.850691986999999
1088,O,oc23,-0.55000001192092896,14.14293835,30.482200061,19.025771035999998
1089,O,oc23,-0.55000001192092896,9.9796453060000001,34.336472716999999,18.829774659000002
1090,O,oc23,-0.55000001192092896,15.359191429999999,34.479922186000003,22.758767750000001
1091,O,oc23,-0.55000001192092896,12.968077721,34.447848475000001,14.773048575000001
1092,O,oc23,-0.55000001192092896,12.899059106999999,33.739842959000001,23.360958925999999
1093,O,oc23,-0.55000001192092896,10.556218503,33.802343434000001,15.306780303
1094,O,oc23,-0.55000001192092896,15.799296479000001,33.654320401,19.358816373
1095,O,oc23,-0.55000001192092896,10.940400185,31.241605017000001,20.379381632000001
1096,O,oc23,-0.55000001192092896,16.727980795000001,31.547242576999999,12.431181597
1097,O,oc23,-0.55000001192092896,13.914902036000001,31.310160013000001,16.481199756999999
1098,O,oc23,-0.55000001192092896,10.619024516,33.086277711000001,22.263140443000001
1099,O,oc23,-0.55000001192092896,8.1667764209999998,33.010924164999999,14.426846546
1100,O,oc23,-0.55000001192092896,13.59225597,32.978633647000002,18.363133812000001
1101,O,oc23,-0.55000001192092896,9.3465145389999993,31.823380954000001,18.447486118
1102,O,oc23,-0.55000001192092896,14.660381322999999,31.936395685000001,22.556648729999999
1103,O,oc23,-0.55000001192092896,12.185081888999999,31.941277922000001,14.558292142999999
1104,O,oc23,-0.55000001192092896,14.720447418999999,31.126461972000001,14.044948192
1105,O,oc23,-0.55000001192092896,8.7547075270000008,31.308380876000001,21.985723018000002
1106,O,oc23,-0.55000001192092896,11.781724775000001,30.991270371999999,17.953033256000001
1107,O,oc23,-0.55000001192092896,8.3507819199999993,33.661351654000001,16.935269193
1108,O,oc23,-0.55000001192092896,13.715261491,33.680938650000002,20.907967156000002
1109,O,oc23,-0.55000001192092896,11.302734219,33.796394556000003,12.794059771000001
1110,Si,sc4,1.1000000238418579,16.224602792999999,31.592643842000001,13.977467124
1111,Si,sc4,1.1000000238418579,10.354440385,31.574894034,21.877010206000001
1112,Si,sc4,1.1000000238418579,13.36689187,31.390221208,17.97381025
1113,Si,sc4,1.1000000238418579,8.7298192889999999,33.323709450999999,18.431137070999998
1114,Si,sc4,1.1000000238418579,14.172069874,33.456425637999999,22.443374025000001
1115,Si,sc4,1.1000000238418579,11.759275778999999,33.493180627000001,14.338260415000001
1116,Si,sc4,1.1000000238418579,11.352577401,34.027922885000002,23.288591780000001
1117,Si,sc4,1.1000000238418579,8.9218095730000009,33.976395052000001,15.464542197
1118,Si,sc4,1.1000000238418579,14.244095228000001,33.971185429999998,19.41672329
1119,Si,sc4,1.1000000238418579,10.549136734999999,30.886415564,18.884034003
1120,Si,sc4,1.1000000238418579,15.928914836000001,31.005148062,22.889628065
1121,Si,sc4,1.1000000238418579,13.400933738999999,30.968465817999999,14.994579904
1122,O,oc23,-0.55000001192092896,19.971675451999999,0.69506834299999998,10.857409212
1123,O,oc23,-0.55000001192092896,25.863919476,0.699775861,3.2600691899999998
1124,O,oc23,-0.55000001192092896,23.176686710999999,0.57142879800000002,6.8603488009999998
1125,O,oc23,-0.55000001192092896,18.860521861999999,4.4665143860000001,7.0054082500000003
1126,O,oc23,-0.55000001192092896,24.103533132999999,4.395797301,10.835197647999999
1127,O,oc23,-0.55000001192092896,21.862217781999998,4.4853792730000004,2.8111000960000001
1128,O,oc23,-0.55000001192092896,21.650214758000001,3.7350752489999999,11.337728942
1129,O,oc23,-0.55000001192092896,19.427306229999999,3.6306387249999998,3.4555841420000002
1130,O,oc23,-0.55000001192092896,24.667577584,3.6486317100000001,7.5099589099999999
1131,O,oc23,-0.55000001192092896,19.742169618999998,1.577126499,8.3932806000000006
1132,O,oc24,-0.67500001192092896,25.977237720000002,1.197552883,0.71976928699999998
1133,O,oc23,-0.55000001192092896,22.779476488,1.458323335,4.45155352
1134,O,oc23,-0.55000001192092896,19.323979918999999,3.1490099489999999,10.34100394
1135,O,oc23,-0.55000001192092896,17.090647362999999,3.3229429989999999,2.5246020790000001
1136,O,oc23,-0.55000001192092896,22.429470085999998,3.0701682749999999,6.3752284059999997
1137,O,oc23,-0.55000001192092896,18.431474048999998,2.0467284289999998,6.2504781149999999
1138,O,oc23,-0.55000001192092896,23.437295375000001,2.1029601429999998,10.328758656
1139,O,oc23,-0.55000001192092896,21.130468941,1.9139039040000001,2.4720430100000002
1140,O,oc23,-0.55000001192092896,23.740197515999999,1.2779707890000001,2.0213087299999999
1141,O,oc23,-0.55000001192092896,17.575250168,1.2757146509999999,9.9374162140000006
1142,O,oc23,-0.55000001192092896,20.776420366,0.95487648000000003,6.0763414539999996
1143,O,oc23,-0.55000001192092896,17.381156161,4.1787996639999996,4.9365108510000004
1144,O,oc23,-0.55000001192092896,22.483053771000002,4.0118407920000001,8.7875543010000001
1145,O,oc24,-0.67500001192092896,20.108645387999999,3.693474916,0.93813422499999999
1146,Si,sc4,1.1000000238418579,25.295129952,1.5570272839999999,2.111171584
1147,Si,sc4,1.1000000238418579,19.137767154999999,1.655870747,9.86817542
1148,Si,sc4,1.1000000238418579,22.271988611000001,1.5417261280000001,6.0056418239999996
1149,Si,sc4,1.1000000238418579,17.742452771,3.5703475739999999,6.3751570659999999
1150,Si,sc4,1.1000000238418579,22.852402867999999,3.5777753699999999,10.294430899
1151,Si,sc4,1.1000000238418579,20.617001435999999,3.4624941090000001,2.4260824269999999
1152,Si,sc4,1.1000000238418579,20.159389595,4.1921203330000001,11.362155451
1153,Si,sc4,1.1000000238418579,17.935612895999999,4.2411827559999997,3.501596895
1154,Si,sc4,1.1000000238418579,23.187710096,4.0695510510000004,7.3542163819999997
1155,Si,sc4,1.1000000238418579,19.470035784,1.0350886210000001,6.9030131739999998
1156,Si,sc4,1.1000000238418579,24.592580337000001,1.1235929250000001,10.960390540000001
1157,Si,sc4,1.1000000238418579,22.429268972999999,1.040001774,2.9413804689999998
1158,H,hoy,0.40000000596046448,26.75843072,1.773400072,0.604558975
1159,H,hoy,0.40000000596046448,20.611682622,4.3638974719999997,0.54197308099999997
1160,O,oc23,-0.55000001192092896,19.346060539,0.92564125799999997,22.918874649999999
1161,O,oc23,-0.55000001192092896,25.276822691,0.677333344,15.028190374999999
1162,O,oc23,-0.55000001192092896,22.510648074999999,0.78606247900000004,18.968190244999999
1163,O,oc23,-0.55000001192092896,18.302590451,4.7044693710000001,18.852182287000002
1164,O,oc23,-0.55000001192092896,23.640242338,4.7557983239999997,22.951638745
1165,O,oc23,-0.55000001192092896,21.169287742000002,4.5441708350000001,14.938431741
1166,O,oc23,-0.55000001192092896,21.201358304999999,3.9015456890000002,23.285334393999999
1167,O,oc23,-0.55000001192092896,18.668498722999999,3.7212313340000001,15.269783353999999
1168,O,oc23,-0.55000001192092896,24.216015065000001,3.8094534919999998,19.389757652
1169,O,oc23,-0.55000001192092896,19.232543174,1.6841085819999999,20.415729239000001
1170,O,oc23,-0.55000001192092896,25.017384864,1.5356064460000001,12.453328129999999
1171,O,oc23,-0.55000001192092896,22.139429224000001,1.535463553,16.516438921999999
1172,O,oc23,-0.55000001192092896,18.797983668000001,3.400250271,22.308736073999999
1173,O,oc23,-0.55000001192092896,16.300703174999999,3.3823269140000001,14.263678324000001
1174,O,oc23,-0.55000001192092896,21.759323565999999,3.2511451290000002,18.523174709999999
1175,O,oc23,-0.55000001192092896,17.702698096999999,2.2364541830000002,18.259111012999998
1176,O,oc23,-0.55000001192092896,23.055351821999999,2.2881668670000002,22.384360606000001
1177,O,oc23,-0.55000001192092896,20.474185283000001,2.1456415199999999,14.472833335000001
1178,O,oc23,-0.55000001192092896,22.904084939000001,1.4448600330000001,14.015767609999999
1179,O,oc23,-0.55000001192092896,17.098030801,1.4410557230000001,21.844702300000002
1180,O,oc23,-0.55000001192092896,20.107442691999999,1.199683536,18.165638804
1181,O,oc23,-0.55000001192092896,16.672156989000001,4.191597088,16.753406918
1182,O,oc23,-0.55000001192092896,22.172367957999999,4.2110200339999997,20.897546629000001
1183,O,oc23,-0.55000001192092896,19.611113602,4.0111782920000003,12.895217312
1184,Si,sc4,1.1000000238418579,24.494662174999998,1.609210732,14.01179391
1185,Si,sc4,1.1000000238418579,18.649990347999999,1.8751525819999999,21.839033906000001
1186,Si,sc4,1.1000000238418579,21.627564649,1.711928133,18.023379581
1187,Si,sc4,1.1000000238418579,17.100501903000001,3.718476892,18.326918207999999
1188,Si,sc4,1.1000000238418579,22.540548209000001,3.7942850959999999,22.374656392999999
1189,Si,sc4,1.1000000238418579,20.034380908999999,3.6266632049999998,14.421830405
1190,Si,sc4,1.1000000238418579,19.641814206999999,4.4271805830000002,23.260581759000001
1191,Si,sc4,1.1000000238418579,17.205701949000002,4.3386102879999999,15.249720733
1192,Si,sc4,1.1000000238418579,22.689945338000001,4.2720427929999998,19.372886414
1193,Si,sc4,1.1000000238418579,18.810144038000001,1.250168645,18.942591233000002
1194,Si,sc4,1.1000000238418579,24.251926687000001,1.3374038070000001,22.819279799
1195,Si,sc4,1.1000000238418579,21.690403517,1.2039690030000001,15.002982521
1196,O,oc23,-0.55000001192092896,20.020884430999999,5.7249487500000003,10.893690817
1197,O,oc23,-0.55000001192092896,25.736973334000002,5.6250452859999998,3.2616454699999999
1198,O,oc23,-0.55000001192092896,23.017835278,5.46673425,6.7550874969999999
1199,O,oc23,-0.55000001192092896,18.757494234999999,9.4886749780000006,7.0716527539999996
1200,O,oc23,-0.55000001192092896,24.274945170999999,9.4844900550000002,10.870241718999999
1201,O,oc23,-0.55000001192092896,21.877317190999999,9.5849863919999994,2.4796184210000001
1202,O,oc23,-0.55000001192092896,21.816716452000001,8.7264443929999995,11.425142569
1203,O,oc23,-0.55000001192092896,19.458576321999999,8.9081190810000006,3.3247696879999999
1204,O,oc23,-0.55000001192092896,24.675729631999999,8.5485711559999995,7.3185215140000004
1205,O,oc23,-0.55000001192092896,19.8120574,6.5104369870000003,8.4100208050000003
1206,O,oc24,-0.67500001192092896,25.886702997,5.9985410479999999,0.67409527899999999
1207,O,oc23,-0.55000001192092896,22.706281293,6.4991043380000004,4.3885139879999997
1208,O,oc23,-0.55000001192092896,19.574632490999999,8.2578577769999999,10.369338146
1209,O,oc23,-0.55000001192092896,17.161805541,8.2032511370000005,2.4613410039999999
1210,O,oc23,-0.55000001192092896,22.306966352,8.0373382360000001,6.4845410589999997
1211,O,oc23,-0.55000001192092896,18.230464541,6.9261955820000001,6.4419092019999997
1212,O,oc23,-0.55000001192092896,23.448553723,6.9114454710000004,10.729480154999999
1213,O,oc23,-0.55000001192092896,21.067193996,7.0672462810000001,2.3619943879999998
1214,O,oc23,-0.55000001192092896,23.643983837,6.3919824800000002,1.996693558
1215,O,oc23,-0.55000001192092896,17.753143622,6.3009710669999999,9.9073222820000009
1216,O,oc23,-0.55000001192092896,20.676431338,6.1340121959999996,5.9563656189999996
1217,O,oc23,-0.55000001192092896,17.371869118999999,8.8976926279999997,4.8893452499999999
1218,O,oc23,-0.55000001192092896,22.632217926999999,8.7842247980000003,9.0255647379999999
1219,O,oc24,-0.67500001192092896,19.938937832000001,8.8057396850000007,0.74259324900000001
1220,Si,sc4,1.1000000238418579,25.253437822999999,6.5386470230000002,2.0963138880000001
1221,Si,sc4,1.1000000238418579,19.290471697000001,6.7547036509999998,9.8956632490000001
1222,Si,sc4,1.1000000238418579,22.199462466,6.5187709800000002,5.9065487819999998
1223,Si,sc4,1.1000000238418579,17.717263858999999,8.4691023150000007,6.3847516000000004
1224,Si,sc4,1.1000000238418579,23.109170470999999,8.4452159370000004,10.529249953000001
1225,Si,sc4,1.1000000238418579,20.610987955999999,8.6025854430000006,2.2582702960000001
1226,Si,sc4,1.1000000238418579,20.290947399,9.1198510119999998,11.409769962
1227,Si,sc4,1.1000000238418579,17.922819317999998,9.1723314160000005,3.4588735580000001
1228,Si,sc4,1.1000000238418579,23.157443576999999,8.9653414280000003,7.4883335979999996
1229,Si,sc4,1.1000000238418579,19.456806129,5.9999008619999996,6.968280268
1230,Si,sc4,1.1000000238418579,24.647968066000001,5.9069019479999998,11.018427519999999
1231,Si,sc4,1.1000000238418579,22.313513478000001,6.0863095869999997,2.8742177629999999
1232,H,hoy,0.40000000596046448,19.825915183999999,9.7166417969999994,0.57979845900000004
1233,H,hoy,0.40000000596046448,26.309292874,6.733652588,0.274472194
1234,O,oc23,-0.55000001192092896,19.540423359999998,5.918444,22.749061595000001
1235,O,oc23,-0.55000001192092896,25.380519368000002,5.5135649569999998,15.084924789
1236,O,oc23,-0.55000001192092896,22.527451966000001,5.8143909469999997,18.782094145999999
1237,O,oc23,-0.55000001192092896,18.197525808000002,9.6573417999999993,18.946957061999999
1238,O,oc23,-0.55000001192092896,23.586023453999999,9.6347461289999998,23.116173592999999
1239,O,oc23,-0.55000001192092896,21.247259870000001,9.5068072170000004,14.884302459000001
1240,O,oc23,-0.55000001192092896,21.070835935000002,8.8793161729999994,23.497615756999998
1241,O,oc23,-0.55000001192092896,18.688910702000001,8.7217024510000005,15.324432886
1242,O,oc23,-0.55000001192092896,24.187986676000001,8.6487889829999993,19.482837732
1243,O,oc23,-0.55000001192092896,19.231808414,6.7036183940000003,20.358732758999999
1244,O,oc23,-0.55000001192092896,25.125657360000002,6.156398985,12.579303338000001
1245,O,oc23,-0.55000001192092896,22.159305566,6.663482836,16.382777409999999
1246,O,oc23,-0.55000001192092896,18.801659457,8.3925266500000006,22.313882277000001
1247,O,oc23,-0.55000001192092896,16.384555370000001,8.2690158379999996,14.349398228
1248,O,oc23,-0.55000001192092896,21.84544575,8.2831034490000004,18.453674761999999
1249,O,oc23,-0.55000001192092896,17.698590212999999,7.1757274329999996,18.384368937000001
1250,O,oc23,-0.55000001192092896,22.851801519999999,7.2139103039999997,22.681060277
1251,O,oc23,-0.55000001192092896,20.565420916000001,7.0894584820000004,14.409390027000001
1252,O,oc23,-0.55000001192092896,22.973871167999999,6.1366273830000004,13.995509895
1253,O,oc23,-0.55000001192092896,17.099299207000001,6.346093303,21.874989384999999
1254,O,oc23,-0.55000001192092896,20.151840886999999,6.4367908729999996,17.900726789
1255,O,oc23,-0.55000001192092896,16.738870768000002,9.1316720930000006,16.790402897
1256,O,oc23,-0.55000001192092896,22.056044965000002,8.9891571389999996,20.994340284
1257,O,oc23,-0.55000001192092896,19.641646944000001,8.904841394,12.884469687999999
1258,Si,sc4,1.1000000238418579,24.567490985999999,6.4303051260000004,13.995379831999999
1259,Si,sc4,1.1000000238418579,18.649757376,6.8797135320000002,21.819753600999999
1260,Si,sc4,1.1000000238418579,21.651819679999999,6.826884991,17.886788752000001
1261,Si,sc4,1.1000000238418579,17.113197911,8.6768239109999996,18.262042271999999
1262,Si,sc4,1.1000000238418579,22.383668082,8.7229224900000002,22.544663571000001
1263,Si,sc4,1.1000000238418579,20.055728760000001,8.5583345899999994,14.368223314
1264,Si,sc4,1.1000000238418579,19.535479165000002,9.3304335690000002,23.351512896999999
1265,Si,sc4,1.1000000238418579,17.199421647000001,9.1709367880000006,15.363970906
1266,Si,sc4,1.1000000238418579,22.653764900999999,9.1137487359999998,19.521920533999999
1267,Si,sc4,1.1000000238418579,18.912536466999999,6.2597547249999996,18.852312349000002
1268,Si,sc4,1.1000000238418579,24.124245785999999,6.3335052809999999,22.918938710999999
1269,Si,sc4,1.1000000238418579,21.734001243000002,6.0936324219999998,14.91986775
1270,O,oc23,-0.55000001192092896,20.060372281999999,10.627154727000001,11.016733796
1271,O,oc23,-0.55000001192092896,26.027513991999999,10.731626064,3.0038597130000002
1272,O,oc23,-0.55000001192092896,22.950018364000002,10.527251782,7.077449755
1273,O,oc23,-0.55000001192092896,18.838206278000001,14.473174385,6.8659502229999996
1274,O,oc23,-0.55000001192092896,24.307617082,14.356080731,11.012565003000001
1275,O,oc23,-0.55000001192092896,21.931203540999999,14.410129311,2.6668348530000001
1276,O,oc23,-0.55000001192092896,21.754847306999999,13.909670982,11.460381734
1277,O,oc23,-0.55000001192092896,19.421326601000001,14.086323139999999,3.2949436460000001
1278,O,oc23,-0.55000001192092896,24.742077026,13.64085596,7.5355579219999997
1279,O,oc23,-0.55000001192092896,19.812423784,11.638882348999999,8.5597702679999994
1280,O,oc24,-0.89999997615814209,25.930499844,11.643693918,0.56342376400000005
1281,O,oc23,-0.55000001192092896,22.737316421999999,10.986074965,4.6172875639999997
1282,O,oc23,-0.55000001192092896,19.453164190999999,13.182101365999999,10.54514281
1283,O,oc23,-0.55000001192092896,17.093287718999999,13.127774275,2.3193948039999999
1284,O,oc23,-0.55000001192092896,22.426497197,13.013818014,6.4879867439999996
1285,O,oc23,-0.55000001192092896,18.177145688,11.958432931000001,6.5169469969999998
1286,O,oc23,-0.55000001192092896,23.449822129000001,12.006239981,10.741530344999999
1287,O,oc23,-0.55000001192092896,21.087840938999999,12.008158374000001,2.8152623380000001
1288,O,oc23,-0.55000001192092896,23.665700063999999,11.474712213,2.0349353219999999
1289,O,oc23,-0.55000001192092896,17.696250532000001,11.305905096,10.058114185999999
1290,O,oc23,-0.55000001192092896,20.615731038,11.076180182,6.1464679340000004
1291,O,oc23,-0.55000001192092896,17.237238864999998,13.876543895999999,4.8903415859999999
1292,O,oc23,-0.55000001192092896,22.637329385000001,13.779883306,9.0544851959999999
1293,O,oc24,-0.67500001192092896,20.214912727000002,13.330648968,0.862490706
1294,Si,sc4,0.72500002384185791,25.262758716,11.750676001,2.06778386
1295,Si,sc4,1.1000000238418579,19.269257257,11.629153209,10.036228748999999
1296,Si,sc4,1.1000000238418579,22.190308835,11.466796506,6.0427241880000002
1297,Si,sc4,1.1000000238418579,17.687700240000002,13.500816419,6.4004949819999997
1298,Si,sc4,1.1000000238418579,23.027958632000001,13.514799069,10.599337124
1299,Si,sc4,1.1000000238418579,20.646332082000001,13.441711013000001,2.4600318859999999
1300,Si,sc4,1.1000000238418579,20.188154735000001,14.216110816,11.544147788
1301,Si,sc4,1.1000000238418579,17.817418157999999,14.203139323,3.3548369280000001
1302,Si,sc4,1.1000000238418579,23.133224388999999,13.913018297000001,7.5162120999999997
1303,Si,sc4,1.1000000238418579,19.337241432999999,10.992979516,7.1083245469999996
1304,Si,sc4,1.1000000238418579,24.671319083,11.076005593,11.018167395000001
1305,Si,sc4,1.1000000238418579,22.367431688,11.041797723,2.9922848819999999
1306,H,hoy,0.40000000596046448,19.411742894,12.842745437,0.76567535499999995
1307,O,oc23,-0.55000001192092896,19.516737817999999,10.827903184,22.740724008000001
1308,O,oc23,-0.55000001192092896,25.424216653999999,10.513094543999999,14.997185034999999
1309,O,oc23,-0.55000001192092896,22.525281538000002,10.646508044999999,19.002583033000001
1310,O,oc23,-0.55000001192092896,18.331186337999998,14.520702925,18.959788597999999
1311,O,oc23,-0.55000001192092896,23.813994057999999,14.612481279000001,22.875427961
1312,O,oc23,-0.55000001192092896,21.353961295000001,14.505499196000001,15.150321946
1313,O,oc23,-0.55000001192092896,21.295031188999999,13.914204042,23.400169849000001
1314,O,oc23,-0.55000001192092896,18.901714196,13.55071541,15.432755511
1315,O,oc23,-0.55000001192092896,24.310323146999998,13.652746669000001,19.466682809000002
1316,O,oc23,-0.55000001192092896,19.197567423999999,11.542152131,20.407325650000001
1317,O,oc23,-0.55000001192092896,25.126191006999999,11.444270461,12.477819670000001
1318,O,oc23,-0.55000001192092896,22.208749508,11.44936158,16.435211998
1319,O,oc23,-0.55000001192092896,18.936389272,13.371656429,22.311537269999999
1320,O,oc23,-0.55000001192092896,16.480534084999999,13.252574753999999,14.402615130999999
1321,O,oc23,-0.55000001192092896,21.817218238999999,13.072155438999999,18.525585718999999
1322,O,oc23,-0.55000001192092896,17.693144231000002,12.125183439000001,18.274353558000001
1323,O,oc23,-0.55000001192092896,23.017835278,12.121870419,22.684381723000001
1324,O,oc23,-0.55000001192092896,20.742844442999999,12.071064192,14.330834236999999
1325,O,oc23,-0.55000001192092896,23.099515053000001,11.102820482,14.037392922
1326,O,oc23,-0.55000001192092896,17.019190502000001,11.578521569999999,22.052031583000002
1327,O,oc23,-0.55000001192092896,20.112619858999999,11.190101109,17.983060214999998
1328,O,oc23,-0.55000001192092896,16.83234453,14.110592989000001,16.929992928000001
1329,O,oc23,-0.55000001192092896,22.243892519999999,13.986803666,20.975190041000001
1330,O,oc23,-0.55000001192092896,19.750220115000001,14.069795450000001,13.048289192
1331,Si,sc4,1.1000000238418579,24.680273591999999,11.487684745999999,14.017981582999999
1332,Si,sc4,1.1000000238418579,18.623766003,11.808281817999999,21.864046666
1333,Si,sc4,1.1000000238418579,21.672966419000002,11.595050299,17.974528504999999
1334,Si,sc4,1.1000000238418579,17.092618669,13.633428684,18.40508187
1335,Si,sc4,1.1000000238418579,22.596437725000001,13.664218572999999,22.525057139000001
1336,Si,sc4,1.1000000238418579,20.212674598,13.562083393,14.507290184
1337,Si,sc4,1.1000000238418579,19.761478463,14.286479244000001,23.350340393
1338,Si,sc4,1.1000000238418579,17.407746890999999,14.130365111,15.385857314000001
1339,Si,sc4,1.1000000238418579,22.729765722,14.028229931,19.483227920000001
1340,Si,sc4,1.1000000238418579,18.780010932,11.108504993,18.909633015000001
1341,Si,sc4,1.1000000238418579,24.217717557,11.122487642999999,23.134477458999999
1342,Si,sc4,1.1000000238418579,21.791127305,11.031336975,14.922342820000001
1343,O,oc23,-0.55000001192092896,19.968168917,15.644851886,10.974720705999999
1344,O,oc23,-0.55000001192092896,25.781972877000001,15.694437035,3.1288706149999999
1345,O,oc23,-0.55000001192092896,22.886245614,15.452891039000001,7.0917148900000004
1346,O,oc23,-0.55000001192092896,18.688309354000001,19.437799825999999,7.0444905660000003
1347,O,oc23,-0.55000001192092896,24.27714945,19.345532000999999,10.823537645
1348,O,oc23,-0.55000001192092896,21.827640276,19.461999007999999,2.6040690350000002
1349,O,oc23,-0.55000001192092896,21.920879073999998,18.621834503999999,11.398240992
1350,O,oc23,-0.55000001192092896,19.418921209000001,18.919557395000002,3.3915286189999998
1351,O,oc23,-0.55000001192092896,24.804013871999999,18.696595696999999,7.4672290209999996
1352,O,oc23,-0.55000001192092896,19.787135311,16.340200613,8.4040932559999995
1353,O,oc24,-0.67500001192092896,25.671428401,16.322625392999999,0.55310217900000003
1354,O,oc23,-0.55000001192092896,22.746736876,16.090947791000001,4.4998460060000003
1355,O,oc23,-0.55000001192092896,19.396137689,18.086016852,10.496485858
1356,O,oc23,-0.55000001192092896,17.068799716000001,18.276791955,2.4902097759999999
1357,O,oc23,-0.55000001192092896,22.558120711000001,17.977709769000001,6.3253533319999997
1358,O,oc23,-0.55000001192092896,18.101079157000001,16.902657524999999,6.5479518519999997
1359,O,oc23,-0.55000001192092896,23.611045103999999,16.872773832,10.666688130000001
1360,O,oc23,-0.55000001192092896,21.015179391,16.940248043,2.6328856369999998
1361,O,oc23,-0.55000001192092896,23.500534476999999,16.297274760000001,1.990101624
1362,O,oc23,-0.55000001192092896,17.64443704,16.226173684999999,9.9206760089999992
1363,O,oc23,-0.55000001192092896,20.632736043000001,16.219724311,5.959114402
1364,O,oc23,-0.55000001192092896,17.182516202999999,18.891799936999998,4.9747264080000004
1365,O,oc23,-0.55000001192092896,22.737617096000001,18.483049296000001,8.9394536769999995
1366,O,oc24,-0.67500001192092896,19.977053733000002,18.748099238000002,0.77360489799999999
1367,Si,sc4,1.1000000238418579,25.050556570000001,16.638829699999999,2.0113297110000001
1368,Si,sc4,1.1000000238418579,19.173045569999999,16.606645183000001,9.8729954959999997
1369,Si,sc4,1.1000000238418579,22.224382562999999,16.421099415,5.9554343139999997
1370,Si,sc4,1.1000000238418579,17.499717282999999,18.450480269,6.503873778
1371,Si,sc4,1.1000000238418579,23.138001321000001,18.349776088999999,10.475836985000001
1372,Si,sc4,1.1000000238418579,20.554630503999999,18.517850557999999,2.33414185
1373,Si,sc4,1.1000000238418579,20.304143202999999,19.038079970999998,11.443641529000001
1374,Si,sc4,1.1000000238418579,17.863220162000001,19.218847423,3.5427177470000002
1375,Si,sc4,1.1000000238418579,23.197632337000002,18.93036524,7.495173039
1376,Si,sc4,1.1000000238418579,19.365638197999999,15.979048138,6.9435286029999999
1377,Si,sc4,1.1000000238418579,24.832207532999998,15.899998101,11.067996851
1378,Si,sc4,1.1000000238418579,22.275662408999999,15.959032840000001,2.922712137
1379,H,hoy,0.40000000596046448,26.487093384000001,15.833084518,0.68572012599999999
1380,H,hoy,0.40000000596046448,19.296448253000001,19.429658433,0.78421876899999998
1381,O,oc23,-0.55000001192092896,19.578039466,15.824817063999999,22.945970351
1382,O,oc23,-0.55000001192092896,25.339394735999999,15.508230326,15.133255614999999
1383,O,oc23,-0.55000001192092896,22.615581297999999,15.506834659000001,18.956467151999998
1384,O,oc23,-0.55000001192092896,18.123360890000001,19.501472585999998,19.117614551999999
1385,O,oc23,-0.55000001192092896,23.713805908000001,19.675545410000002,23.093441778999999
1386,O,oc23,-0.55000001192092896,21.213050739,19.578256093,15.009040132000001
1387,O,oc23,-0.55000001192092896,21.255644889999999,18.804763524999998,23.390921825
1388,O,oc23,-0.55000001192092896,18.871547238000002,18.573259473,15.315704142
1389,O,oc23,-0.55000001192092896,24.399786595999998,18.680346517,19.425973255999999
1390,O,oc23,-0.55000001192092896,19.416884193000001,16.478181467999999,20.491481891999999
1391,O,oc23,-0.55000001192092896,25.296633322000002,16.203786895,12.552466792000001
1392,O,oc23,-0.55000001192092896,22.299650616000001,16.470580642000002,16.566592563
1393,O,oc23,-0.55000001192092896,18.916546781000001,18.344370088000002,22.364428047000001
1394,O,oc23,-0.55000001192092896,16.498606381999998,18.120259016999999,14.326796476
1395,O,oc23,-0.55000001192092896,21.972895671,18.025376524999999,18.590787782
1396,O,oc23,-0.55000001192092896,17.785080773000001,16.961450125999999,18.478165331
1397,O,oc23,-0.55000001192092896,23.087689208,17.163731426999998,22.490990478000001
1398,O,oc23,-0.55000001192092896,20.706464883999999,16.967970167000001,14.471660832
1399,O,oc23,-0.55000001192092896,23.179526188000001,16.197023678000001,14.037849111
1400,O,oc23,-0.55000001192092896,17.237205015000001,16.211738975999999,21.934460934000001
1401,O,oc23,-0.55000001192092896,20.183142838999999,16.101303578,18.076010233000002
1402,O,oc23,-0.55000001192092896,16.772912637000001,19.042265931999999,16.843815865
1403,O,oc23,-0.55000001192092896,22.246064939,19.117376302,20.990170519999999
1404,O,oc23,-0.55000001192092896,19.779351639000001,18.914569157999999,12.953254292
1405,Si,sc4,1.1000000238418579,24.717121086999999,16.514551946000001,14.046055665000001
1406,Si,sc4,1.1000000238418579,18.744533395000001,16.724436150999999,21.925144967000001
1407,Si,sc4,1.1000000238418579,21.743788081000002,16.502871159000001,18.065783828000001
1408,Si,sc4,1.1000000238418579,17.127395297,18.506134438,18.376421536999999
1409,Si,sc4,1.1000000238418579,22.623799055999999,18.68121738,22.526293703
1410,Si,sc4,1.1000000238418579,20.169246126000001,18.532636523000001,14.394473609
1411,Si,sc4,0.72500002384185791,19.722358988,19.334268979000001,23.368318131999999
1412,Si,sc4,1.1000000238418579,17.347213854,19.064478134000002,15.318961527000001
1413,Si,sc4,1.1000000238418579,22.830521369,19.076158920000001,19.441215800999998
1414,Si,sc4,1.1000000238418579,18.918350825000001,15.996728319000001,19.004081663000001
1415,Si,sc4,1.1000000238418579,24.245580674999999,16.168673867999999,22.939457521000001
1416,Si,sc4,1.1000000238418579,21.901637931,16.031284327000002,15.057371929
1417,O,oc23,-0.55000001192092896,20.106038883,20.571711182000001,10.994327138999999
1418,O,oc23,-0.55000001192092896,25.591218143999999,20.648112258000001,3.1851422880000002
1419,O,oc23,-0.55000001192092896,22.903115216,20.450536527000001,7.1974318979999996
1420,O,oc23,-0.55000001192092896,18.870010017999999,24.486146581,7.1076732639999998
1421,O,oc23,-0.55000001192092896,24.258708776999999,24.433387667000002,10.807904912
1422,O,oc23,-0.55000001192092896,21.671996695000001,24.406328562999999,2.6767487189999999
1423,O,oc23,-0.55000001192092896,21.797373756999999,23.845613376999999,11.403907445
1424,O,oc23,-0.55000001192092896,19.264448465000001,23.999880823000002,3.4433645789999998
1425,O,oc23,-0.55000001192092896,24.756107150999998,23.522924362000001,7.340537984
1426,O,oc23,-0.55000001192092896,19.742938229,21.296838641000001,8.5197760579999997
1427,O,oc24,-0.67500001192092896,25.423981690000002,21.04476227,0.58769115199999999
1428,O,oc23,-0.55000001192092896,22.733875597000001,20.973590527999999,4.7104923679999997
1429,O,oc23,-0.55000001192092896,19.529198863000001,23.150369610999999,10.424248774
1430,O,oc23,-0.55000001192092896,16.927821458,23.388393703999999,2.6158588580000002
1431,O,oc23,-0.55000001192092896,22.34935939,22.942752975000001,6.5155138829999997
1432,O,oc23,-0.55000001192092896,18.217802383999999,21.997488407999999,6.5217670740000004
1433,O,oc23,-0.55000001192092896,23.515801148000001,21.897409836000001,10.70218839
1434,O,oc23,-0.55000001192092896,20.926518403999999,21.909510466,3.0046675079999998
1435,O,oc23,-0.55000001192092896,23.384044223,21.463763737000001,2.2254867890000001
1436,O,oc23,-0.55000001192092896,17.658767837999999,21.283971069,9.9548727330000002
1437,O,oc23,-0.55000001192092896,20.594986526,20.949181423999999,6.1985317469999996
1438,O,oc23,-0.55000001192092896,17.255010489,24.06738829,5.1757782360000002
1439,O,oc23,-0.55000001192092896,22.711792984999999,23.753102375000001,8.9003708750000001
1440,O,oc24,-0.89999997615814209,19.914316416999998,23.319734786000001,1.00566164
1441,Si,sc4,1.1000000238418579,24.963799186999999,21.630653501000001,2.1201604540000001
1442,Si,sc4,1.1000000238418579,19.220884590000001,21.572488585999999,9.9819694040000009
1443,Si,sc4,1.1000000238418579,22.142001877999999,21.370311206,6.1153650480000001
1444,Si,sc4,1.1000000238418579,17.684858771999998,23.54388119,6.5923754649999999
1445,Si,sc4,1.1000000238418579,23.067546043,23.444710893,10.435257494
1446,Si,sc4,0.72500002384185791,20.415989936999999,23.405690413999999,2.5727055380000001
1447,Si,sc4,1.1000000238418579,20.245981706999999,24.147939994000001,11.424100127999999
1448,Si,sc4,1.1000000238418579,17.721674406999998,24.327975839,3.6458230710000001
1449,Si,sc4,1.1000000238418579,23.291874708999998,23.94590187,7.3984444160000002
1450,Si,sc4,1.1000000238418579,19.25345694,20.954516759000001,7.0595370470000001
1451,Si,sc4,1.1000000238418579,24.758578253,20.884673135,11.06096183
1452,Si,sc4,1.1000000238418579,22.244862243,20.934152284,3.1474671220000001
1453,H,hoy,0.40000000596046448,24.697240555,20.541830105999999,0.27943068100000001
1454,O,oc23,-0.55000001192092896,19.608742061000001,20.820162767999999,22.793420661999999
1455,O,oc23,-0.55000001192092896,25.249696323999999,20.593574206,15.144264335000001
1456,O,oc23,-0.55000001192092896,22.539010989000001,20.590888872000001,18.801180328000001
1457,O,oc23,-0.55000001192092896,18.146478934000001,24.510834194000001,19.147773515000001
1458,O,oc23,-0.55000001192092896,23.907199005999999,24.605995195999999,22.753687547999998
1459,O,oc23,-0.55000001192092896,21.214554109000002,24.466095949,15.072222345
1460,O,oc23,-0.55000001192092896,21.273818739999999,23.81088278,23.264099269999999
1461,O,oc23,-0.55000001192092896,18.696126877000001,23.586353944999999,15.400577668
1462,O,oc23,-0.55000001192092896,24.255769739000002,23.609297754,19.384545447000001
1463,O,oc23,-0.55000001192092896,19.124103415,21.603209886999998,20.366420033000001
1464,O,oc23,-0.55000001192092896,25.189463960000001,21.099194320999999,12.629328857999999
1465,O,oc23,-0.55000001192092896,22.170932289,21.587517726000002,16.443289458999999
1466,O,oc23,-0.55000001192092896,18.888884776000001,23.220319234000002,22.346190183000001
1467,O,oc23,-0.55000001192092896,16.421369015,23.048723900999999,14.435184133
1468,O,oc23,-0.55000001192092896,21.730626128000001,23.065740023,18.582646260000001
1469,O,oc23,-0.55000001192092896,17.650617781000001,21.982006169000002,18.393879027000001
1470,O,oc23,-0.55000001192092896,23.062701408999999,22.141781460000001,22.551046337999999
1471,O,oc23,-0.55000001192092896,20.463763246999999,22.012097704999999,14.503186421000001
1472,O,oc23,-0.55000001192092896,22.961979612,21.30297625,14.011337721
1473,O,oc23,-0.55000001192092896,17.067597020000001,21.367382696,21.978491933000001
1474,O,oc23,-0.55000001192092896,20.074169433000002,21.033324659000002,17.963583845999999
1475,O,oc23,-0.55000001192092896,16.682312202999999,23.960128736000001,16.985032647000001
1476,O,oc23,-0.55000001192092896,22.186899869000001,23.959708892999998,20.925750773000001
1477,O,oc23,-0.55000001192092896,19.638273819999998,23.889096249000001,12.907462597
1478,Si,sc4,1.1000000238418579,24.548381263,21.510594963999999,14.014008854
1479,Si,sc4,1.1000000238418579,18.669633717,21.751547566999999,21.880461713999999
1480,Si,sc4,1.1000000238418579,21.618713683999999,21.560562544,17.941112156999999
1481,Si,sc4,1.1000000238418579,17.109757084999998,23.48237,18.483117410999998
1482,Si,sc4,1.1000000238418579,22.602485054999999,23.680084986000001,22.355504208999999
1483,Si,sc4,1.1000000238418579,20.03668674,23.501339847000001,14.464299684
1484,Si,sc4,1.1000000238418579,19.668739461000001,24.151078426000002,23.407727060999999
1485,Si,sc4,1.1000000238418579,17.223107189,24.008423178000001,15.394455025999999
1486,Si,sc4,1.1000000238418579,22.696759286999999,24.054452130000001,19.434897094
1487,Si,sc4,1.1000000238418579,18.737450631000002,20.967245076000001,18.988122804
1488,Si,sc4,1.1000000238418579,24.167172470000001,21.208478268,23.074225535
1489,Si,sc4,1.1000000238418579,21.719634602999999,21.100239771999998,14.961229556999999
1490,O,oc23,-0.55000001192092896,20.092743517999999,25.675641439,10.99536958
1491,O,oc23,-0.55000001192092896,25.848419833000001,25.618698641999998,2.9611366189999999
1492,O,oc23,-0.55000001192092896,23.122666948999999,25.501917792,6.9689970680000002
1493,O,oc23,-0.55000001192092896,18.748442155999999,29.432288528000001,7.0048875150000001
1494,O,oc23,-0.55000001192092896,24.187116512999999,29.420397819000002,10.616207391
1495,O,oc23,-0.55000001192092896,21.989430748,29.410390169999999,3.0216942869999999
1496,O,oc23,-0.55000001192092896,21.749968823,28.8429471,11.350756542999999
1497,O,oc23,-0.55000001192092896,19.423632432000002,28.814318780000001,3.4517084750000002
1498,O,oc23,-0.55000001192092896,24.791417424999999,28.716333189,7.421242232
1499,O,oc23,-0.55000001192092896,19.766490359999999,26.549630344000001,8.4506012659999996
1500,O,oc24,-0.67500001192092896,25.776728007999999,26.470475345000001,0.36179705899999998
1501,O,oc23,-0.55000001192092896,22.702338681000001,26.137708015000001,4.3783200989999997
1502,O,oc23,-0.55000001192092896,19.394500908000001,28.171100242000001,10.453495359
1503,O,oc23,-0.55000001192092896,17.067296345999999,28.285195758,2.4162794540000001
1504,O,oc23,-0.55000001192092896,22.543321976000001,28.012474322999999,6.3254115689999999
1505,O,oc23,-0.55000001192092896,18.182693222000001,26.919674349000001,6.5479518519999997
1506,O,oc23,-0.55000001192092896,23.438697191999999,26.931251215,10.624283882
1507,O,oc23,-0.55000001192092896,21.088275025000002,27.022473588,2.5158282010000002
1508,O,oc23,-0.55000001192092896,23.521848477999999,26.207938227,1.8653905209999999
1509,O,oc23,-0.55000001192092896,17.728354945,26.221919838000002,10.011541145000001
1510,O,oc23,-0.55000001192092896,20.682578229000001,26.205217560000001,6.0516480259999996
1511,O,oc23,-0.55000001192092896,17.2551439,28.661899059,4.9396765140000003
1512,O,oc23,-0.55000001192092896,22.556450079000001,28.565796527,8.8259848489999992
1513,O,oc24,-0.67500001192092896,20.299400121000001,28.926146726999999,1.011484848
1514,Si,sc4,1.1000000238418579,25.124086289000001,26.602250003000002,1.8631954740000001
1515,Si,sc4,1.1000000238418579,19.221886173000001,26.641968835,9.9979282630000004
1516,Si,sc4,1.1000000238418579,22.287189570999999,26.490979075999999,5.9881979239999996
1517,Si,sc4,1.1000000238418579,17.629704015000002,28.410065864,6.4530475000000003
1518,Si,sc4,1.1000000238418579,22.967423603,28.485874588000001,10.301270826
1519,Si,sc4,1.1000000238418579,20.712211539999998,28.529635970000001,2.5419285349999998
1520,Si,sc4,1.1000000238418579,20.200681490000001,29.195694396,11.440450146
1521,Si,sc4,1.1000000238418579,17.809467223999999,29.077134407999999,3.5015512769999999
1522,Si,sc4,1.1000000238418579,23.193490602000001,28.923600648000001,7.3959693470000003
1523,Si,sc4,1.1000000238418579,19.371785088999999,26.025844735,7.0352410860000001
1524,Si,sc4,1.1000000238418579,24.697009781999999,26.019357949,10.973418141
1525,Si,sc4,1.1000000238418579,22.208247720999999,25.912202316999998,2.8476483780000001
1526,H,hoy,0.40000000596046448,26.245720820999999,27.289763721,0.17523947100000001
1527,H,hoy,0.40000000596046448,20.783313893999999,28.356558709000002,0.44433962799999999
1528,O,oc23,-0.55000001192092896,19.324079480000002,25.692171208000001,23.100476799999999
1529,O,oc23,-0.55000001192092896,25.466541991,25.428725815,15.006173905000001
1530,O,oc23,-0.55000001192092896,22.545358993000001,25.578842633000001,19.043880778999998
1531,O,oc23,-0.55000001192092896,18.304862432,29.600992762000001,18.959332409000002
1532,O,oc23,-0.55000001192092896,23.718650541999999,29.620309708000001,23.077026731
1533,O,oc23,-0.55000001192092896,21.421511385999999,29.571352246,14.791222379000001
1534,O,oc23,-0.55000001192092896,21.334919274000001,28.823139645000001,23.405708181000001
1535,O,oc23,-0.55000001192092896,18.943037950000001,28.778611321,15.534108147
1536,O,oc23,-0.55000001192092896,24.087531702,28.522662831000002,19.341360824999999
1537,O,oc23,-0.55000001192092896,19.197933807999998,26.492722879999999,20.529002002999999
1538,O,oc23,-0.55000001192092896,25.168384923000001,26.265020279000002,12.548232967000001
1539,O,oc23,-0.55000001192092896,22.225386137000001,26.409417253000001,16.557994852
1540,O,oc23,-0.55000001192092896,18.877592577000001,28.141181215,22.626864993000002
1541,O,oc23,-0.55000001192092896,16.612191449000001,28.096407635999999,14.412255284
1542,O,oc23,-0.55000001192092896,21.676807479000001,28.015265657,18.568706281000001
1543,O,oc23,-0.55000001192092896,17.759724598999998,27.132696985999999,18.475952328000002
1544,O,oc23,-0.55000001192092896,23.141842381,27.087505642,22.546422325999998
1545,O,oc23,-0.55000001192092896,20.705228337000001,27.025541354000001,14.491006168
1546,O,oc23,-0.55000001192092896,23.063904104999999,26.026158578,14.077452162
1547,O,oc23,-0.55000001192092896,17.171926903999999,26.107161302000002,22.165892540000002
1548,O,oc23,-0.55000001192092896,20.078378869000002,25.938737656000001,18.129489202999999
1549,O,oc23,-0.55000001192092896,16.769738635,28.944035790000001,17.015841923
1550,O,oc23,-0.55000001192092896,22.138025415000001,28.922345275000001,20.973755471
1551,O,oc23,-0.55000001192092896,19.668438786999999,28.929634334999999,12.933322704
1552,Si,sc4,1.1000000238418579,24.621443046,26.410743292999999,14.029120366000001
1553,Si,sc4,1.1000000238418579,18.640135809,26.665401075999998,22.107789558
1554,Si,sc4,1.1000000238418579,21.593891156000002,26.444357771,18.075946171999998
1555,Si,sc4,1.1000000238418579,17.140891775,28.618833950999999,18.494776443999999
1556,Si,sc4,1.1000000238418579,22.619555770000002,28.616603794,22.481284323000001
1557,Si,sc4,1.1000000238418579,20.152107709999999,28.551081230000001,14.450686803
1558,Si,sc4,1.1000000238418579,19.804574401,29.152593955,23.498462134
1559,Si,sc4,1.1000000238418579,17.342136246999999,29.116433397000002,15.479328552
1560,Si,sc4,1.1000000238418579,22.568576598,29.020330865999998,19.457628908
1561,Si,sc4,1.1000000238418579,18.738987852000001,25.997459590999998,19.05299874
1562,Si,sc4,1.1000000238418579,24.361503431999999,26.130803464,22.947534983000001
1563,Si,sc4,1.1000000238418579,21.820324540000001,25.991008138000002,15.046558301999999
1564,O,oc23,-0.55000001192092896,19.951564146999999,30.673985281,10.999082184000001
1565,O,oc23,-0.55000001192092896,25.961435412,30.408484317999999,3.0575325640000002
1566,O,oc23,-0.55000001192092896,22.906958267,30.490114728999998,7.1611507779999997
1567,O,oc23,-0.55000001192092896,18.892192189999999,34.366370504000002,6.9168221189999999
1568,O,oc23,-0.55000001192092896,24.065815475000001,34.464342131000002,11.051777867
1569,O,oc23,-0.55000001192092896,22.064497686999999,34.382961846000001,2.9274802850000001
1570,O,oc23,-0.55000001192092896,21.645171002000001,33.600963616999998,11.443055276999999
1571,O,oc23,-0.55000001192092896,19.559465380999999,33.768525171999997,3.415544557
1572,O,oc23,-0.55000001192092896,24.833778603999999,33.438328732000002,7.5013607130000004
1573,O,oc23,-0.55000001192092896,19.668305374999999,31.449816083999998,8.4544439330000003
1574,O,oc24,-0.89999997615814209,25.769143457999999,31.342344530999998,0.57141217200000005
1575,O,oc23,-0.55000001192092896,22.816758067999999,31.142991739999999,4.7090524599999997
1576,O,oc23,-0.55000001192092896,19.310815975000001,33.189006282999998,10.450172942
1577,O,oc23,-0.55000001192092896,17.246525907999999,33.103574420999998,2.3616294359999999
1578,O,oc23,-0.55000001192092896,22.468053922999999,32.990942121000003,6.5334265919999996
1579,O,oc23,-0.55000001192092896,18.209953000999999,31.917878936000001,6.3542087580000004
1580,O,oc23,-0.55000001192092896,23.460413419000002,31.95770169,10.668903073999999
1581,O,oc23,-0.55000001192092896,21.268338907,31.866828493,2.651052403
1582,O,oc23,-0.55000001192092896,23.674584880000001,31.288922596999999,2.204981809
1583,O,oc23,-0.55000001192092896,17.598903849999999,31.22755274,10.024243588999999
1584,O,oc23,-0.55000001192092896,20.618403253,31.037020814000002,6.1387879400000003
1585,O,oc23,-0.55000001192092896,17.352725545999999,33.927234910000003,4.9236657260000003
1586,O,oc23,-0.55000001192092896,22.677283181,33.790333410999999,8.9290312079999996
1587,O,oc24,-0.67500001192092896,20.465834114,33.796252639000002,0.97031831700000004
1588,Si,sc4,0.72500002384185791,25.251233544000002,31.517672727000001,2.1283742870000002
1589,Si,sc4,1.1000000238418579,19.138669177000001,31.619912868,9.9611904689999999
1590,Si,sc4,1.1000000238418579,22.182791986000002,31.433774747000001,6.1231032790000004
1591,Si,sc4,1.1000000238418579,17.687732100000002,33.454752501000002,6.3995699860000004
1592,Si,sc4,1.1000000238418579,22.921790853000001,33.471978544000002,10.514268504
1593,Si,sc4,1.1000000238418579,20.804448754999999,33.392962799999999,2.503452126
1594,Si,sc4,1.1000000238418579,20.113488030999999,34.105683644999999,11.454584248
1595,Si,sc4,1.1000000238418579,17.955724200999999,34.111852235999997,3.4594598099999998
1596,Si,sc4,1.1000000238418579,23.290269787,33.922740105999999,7.4571981950000001
1597,Si,sc4,1.1000000238418579,19.297753582999999,30.948832951,7.0105544530000001
1598,Si,sc4,1.1000000238418579,24.679905216000002,30.905767843,10.868808120000001
1599,Si,sc4,1.1000000238418579,22.460437512999999,30.898690782999999,3.1777102859999999
1600,H,hoy,0.40000000596046448,21.279822382999999,34.086561285000002,0.61622386600000001
1601,O,oc23,-0.55000001192092896,19.630522007,30.629770799999999,22.889171875999999
1602,O,oc23,-0.55000001192092896,25.568100098999999,30.520312265000001,14.849649546
1603,O,oc23,-0.55000001192092896,22.460071128999999,30.572339571000001,18.916862159000001
1604,O,oc23,-0.55000001192092896,18.149652935999999,34.643655656,19.059577571999998
1605,O,oc23,-0.55000001192092896,23.790441928,34.663026121000001,22.927538363
1606,O,oc23,-0.55000001192092896,21.211680780999998,34.494044674999998,14.924426731000001
1607,O,oc23,-0.55000001192092896,21.277325274999999,33.975885933000001,23.442249911000001
1608,O,oc23,-0.55000001192092896,18.815054383,33.831226168000001,15.394324963000001
1609,O,oc23,-0.55000001192092896,24.459919398,33.798986816000003,19.225677052000002
1610,O,oc23,-0.55000001192092896,19.275270737,31.480641306999999,20.370523795
1611,O,oc23,-0.55000001192092896,25.1993185,31.193133908,12.359856892
1612,O,oc23,-0.55000001192092896,22.217735875999999,31.495389858999999,16.431824550000002
1613,O,oc23,-0.55000001192092896,18.850667323,33.104480617,22.418037080000001
1614,O,oc23,-0.55000001192092896,16.322550823,33.103782264000003,14.516214022
1615,O,oc23,-0.55000001192092896,21.974966538,33.064693196,18.478751583000001
1616,O,oc23,-0.55000001192092896,17.734135452,32.220833239999997,18.313694543
1617,O,oc23,-0.55000001192092896,22.977847630999999,32.156426793999998,22.736490184000001
1618,O,oc23,-0.55000001192092896,20.607913515,32.052966613999999,14.438570609999999
1619,O,oc23,-0.55000001192092896,23.075829510999998,31.342519118999999,13.976294620999999
1620,O,oc23,-0.55000001192092896,17.152819173000001,31.163320882000001,21.854212390000001
1621,O,oc23,-0.55000001192092896,20.153644930999999,31.353572219,17.928020495999998
1622,O,oc23,-0.55000001192092896,16.696977526000001,34.058029912000002,16.948817043999998
1623,O,oc23,-0.55000001192092896,22.316920452000002,33.821374595999998,20.957928616
1624,O,oc23,-0.55000001192092896,19.58970004,33.972925467000003,12.904076119999999
1625,Si,sc4,1.1000000238418579,24.692366261,31.559621716999999,13.879565997
1626,Si,sc4,1.1000000238418579,18.712162158000002,31.577300858000001,21.858966465000002
1627,Si,sc4,1.1000000238418579,21.703434049999998,31.658478170999999,17.919160718000001
1628,Si,sc4,1.1000000238418579,17.094990209999999,33.657568226000002,18.462012348999998
1629,Si,sc4,1.1000000238418579,22.616682441999998,33.695481997999998,22.496656931
1630,Si,sc4,1.1000000238418579,20.038190108999999,33.600704178000001,14.383791015
1631,Si,sc4,0.72500002384185791,19.643584400000002,34.189944246000003,23.34460988
1632,Si,sc4,1.1000000238418579,17.194443601,34.203215878000002,15.413865394
1633,Si,sc4,1.1000000238418579,22.847625935,34.042279002999997,19.427732011
1634,Si,sc4,1.1000000238418579,18.806502099999999,31.201050655,18.874719978000002
1635,Si,sc4,1.1000000238418579,24.176961299999999,31.196413673999999,23.146592681000001
1636,Si,sc4,1.1000000238418579,21.822395406999998,31.093859689999999,14.956799668
1637,O,oc23,-0.55000001192092896,28.121405510999999,0.564695328,11.11144354
1638,O,oc23,-0.55000001192092896,31.331926470999999,0.58490612900000005,7.104937584
1639,O,oc23,-0.55000001192092896,27.194491387999999,4.4758943489999998,7.0117269569999996
1640,O,oc23,-0.55000001192092896,32.493514175000001,4.597138631,11.089687194
1641,O,oc23,-0.55000001192092896,30.121789416999999,4.363019392,2.9312321990000001
1642,O,oc23,-0.55000001192092896,30.022268324999999,3.6345440990000002,11.530208780000001
1643,O,oc23,-0.55000001192092896,27.663994784,3.7411775249999999,3.5662192589999999
1644,O,oc23,-0.55000001192092896,33.213191279,3.6942766709999999,7.447623074
1645,O,oc23,-0.55000001192092896,28.074735336,1.259988197,8.636762397
1646,O,oc23,-0.55000001192092896,31.009749335999999,1.2822492409999999,4.5896177439999999
1647,O,oc23,-0.55000001192092896,27.64618931,2.9806910040000001,10.628257582
1648,O,oc23,-0.55000001192092896,25.497545259999999,3.079792453,2.5234686430000002
1649,O,oc23,-0.55000001192092896,30.779908978000002,3.0485136129999999,6.5348597049999997
1650,O,oc23,-0.55000001192092896,26.484456782999999,1.9442235480000001,6.675880909
1651,O,oc23,-0.55000001192092896,32.065345944000001,2.0950062439999999,10.565726652
1652,O,oc23,-0.55000001192092896,29.372468075,1.9769702810000001,2.816096097
1653,O,oc23,-0.55000001192092896,31.954803459000001,1.512696671,2.0761017919999998
1654,O,oc23,-0.55000001192092896,25.900167615000001,1.1281366370000001,10.073030603999999
1655,O,oc23,-0.55000001192092896,28.837485454999999,1.2102141710000001,6.0713452109999997
1656,O,oc23,-0.55000001192092896,25.480940489999998,3.7906930459999999,5.0443447719999996
1657,O,oc23,-0.55000001192092896,31.054581617,4.0129215770000002,9.0248474529999996
1658,O,oc24,-0.67500001192092896,28.383384133,3.7076321550000002,1.0294235810000001
1659,Si,sc4,1.1000000238418579,33.529903949999998,1.6754399630000001,1.9774390959999999
1660,Si,sc4,1.1000000238418579,27.471535568,1.433178466,10.082670757000001
1661,Si,sc4,1.1000000238418579,30.467986618000001,1.5357145240000001,6.0560968419999996
1662,Si,sc4,1.1000000238418579,25.969720871,3.4751517590000001,6.6032531519999997
1663,Si,sc4,1.1000000238418579,31.403118500000001,3.6167599969999999,10.571719232
1664,Si,sc4,1.1000000238418579,28.916895241999999,3.502908696,2.557476581
1665,Si,sc4,1.1000000238418579,28.494161582,3.9715306460000002,11.482853423
1666,Si,sc4,1.1000000238418579,26.083270096,4.0557772830000003,3.6026697510000001
1667,Si,sc4,1.1000000238418579,31.635866035999999,4.0557424690000001,7.5624590139999999
1668,Si,sc4,1.1000000238418579,27.644385266,0.94241394300000003,7.1342492000000002
1669,Si,sc4,1.1000000238418579,33.287789349000001,1.1290430929999999,11.054057842000001
1670,Si,sc4,1.1000000238418579,30.675344129999999,1.079237891,3.0825778389999998
1671,H,hoy,0.40000000596046448,28.725139215999999,4.5155748210000004,0.70163327799999997
1672,O,oc23,-0.55000001192092896,27.751220103000001,0.75770240600000005,22.914640824999999
1673,O,oc23,-0.55000001192092896,30.750409079000001,0.60354082899999995,18.979068903000002
1674,O,oc23,-0.55000001192092896,26.675277225999999,4.4160921489999998,18.693834142
1675,O,oc23,-0.55000001192092896,32.116259405000001,4.5178085250000004,22.977497882000002
1676,O,oc23,-0.55000001192092896,29.634478556000001,4.3769677480000002,14.919606655000001
1677,O,oc23,-0.55000001192092896,29.47539415,3.6427731300000001,23.416064647999999
1678,O,oc23,-0.55000001192092896,27.176918885999999,3.6584647709999998,15.402011267000001
1679,O,oc23,-0.55000001192092896,32.661318041000001,3.7649589419999998,19.413205779999998
1680,O,oc23,-0.55000001192092896,27.555421613,1.017252558,20.334892501999999
1681,O,oc23,-0.55000001192092896,30.596135455999999,1.368267481,16.425831970000001
1682,O,oc23,-0.55000001192092896,27.414911291999999,3.0337286880000001,21.951070106
1683,O,oc23,-0.55000001192092896,24.815672456000001,3.1196837959999999,14.475568529
1684,O,oc23,-0.55000001192092896,30.318055843,3.120451257,18.424102049999998
1685,O,oc23,-0.55000001192092896,25.934476307000001,1.925686534,18.588246711
1686,O,oc23,-0.55000001192092896,31.426503367999999,1.935621179,22.691286681000001
1687,O,oc23,-0.55000001192092896,28.972985870999999,1.9822253359999999,14.494783803000001
1688,O,oc23,-0.55000001192092896,31.488505923999998,1.391253898,14.00482392
1689,O,oc23,-0.55000001192092896,25.465140173000002,1.3338886599999999,21.773767782
1690,O,oc23,-0.55000001192092896,28.410076414999999,1.442185351,17.882684989000001
1691,O,oc23,-0.55000001192092896,25.034521289000001,3.6663804789999999,16.944843343999999
1692,O,oc23,-0.55000001192092896,30.497552228,3.7863345750000001,20.969651709000001
1693,O,oc23,-0.55000001192092896,28.016974075,3.9085894940000001,12.976247202
1694,Si,sc4,1.1000000238418579,33.082155299,1.755076638,14.065662097000001
1695,Si,sc4,1.1000000238418579,27.072188767,1.5188270049999999,21.717033367999999
1696,Si,sc4,1.1000000238418579,30.019729521999999,1.602484147,17.929257060000001
1697,Si,sc4,1.1000000238418579,25.441520341,3.4562172449999999,18.413225334
1698,Si,sc4,1.1000000238418579,30.863793033,3.4680731389999999,22.507209461999999
1699,Si,sc4,1.1000000238418579,28.404395469000001,3.4432104180000001,14.454659532000001
1700,Si,sc4,0.72500002384185791,27.858891250999999,3.9897678459999999,23.165416796999999
1701,Si,sc4,1.1000000238418579,25.649779875,3.9975089659999998,15.507662758
1702,Si,sc4,1.1000000238418579,31.065638851999999,4.0236966870000002,19.518272961000001
1703,Si,sc4,1.1000000238418579,27.178657220000002,0.93804118199999997,18.801700577999998
1704,Si,sc4,1.1000000238418579,32.677948759000003,0.97454338200000001,23.012671044000001
1705,Si,sc4,1.1000000238418579,30.182489716999999,1.049228453,14.945531793000001
1706,O,oc23,-0.55000001192092896,28.311692308000001,5.4713717510000004,10.927040193
1707,O,oc23,-0.55000001192092896,31.445812212,5.6070871159999998,7.0766684099999999
1708,O,oc23,-0.55000001192092896,27.094269387000001,9.4136685290000006,6.9063351050000001
1709,O,oc23,-0.55000001192092896,32.577171239000002,9.4559313619999994,10.922872371
1710,O,oc23,-0.55000001192092896,30.111699913999999,9.5402824400000004,2.7111866409999998
1711,O,oc23,-0.55000001192092896,30.169694148000001,8.8155727460000008,11.508517466000001
1712,O,oc23,-0.55000001192092896,27.775974929,8.704441074,3.3535928419999999
1713,O,oc23,-0.55000001192092896,33.071946072999999,8.5686217879999997,7.4414999469999996
1714,O,oc23,-0.55000001192092896,28.034946811000001,6.3581237860000002,8.4837555489999996
1715,O,oc23,-0.55000001192092896,31.075895618000001,6.2897428590000004,4.5452140280000002
1716,O,oc23,-0.55000001192092896,27.816330951000001,7.9337730950000003,10.492968348
1717,O,oc23,-0.55000001192092896,25.599668874999999,8.040022531,2.340955085
1718,O,oc23,-0.55000001192092896,30.642471106999999,8.0037580520000002,6.6110044869999998
1719,O,oc23,-0.55000001192092896,26.547996560000001,6.9083418520000004,6.3804915690000001
1720,O,oc23,-0.55000001192092896,31.858856603,7.0303530759999999,10.597122178999999
1721,O,oc23,-0.55000001192092896,29.460896088999998,6.8717281970000004,2.6509349590000002
1722,O,oc23,-0.55000001192092896,31.865604842,6.1504011509999996,2.0179672649999998
1723,O,oc23,-0.55000001192092896,25.925722911000001,6.1262710770000002,10.078176807
1724,O,oc23,-0.55000001192092896,29.075344448999999,5.9840003380000004,6.1731802419999999
1725,O,oc23,-0.55000001192092896,25.546252452000001,8.8932988230000003,4.8245731689999998
1726,O,oc23,-0.55000001192092896,31.010217272999999,8.9009360209999997,9.0324036949999993
1727,O,oc24,-0.67500001192092896,28.537323230999998,8.6542635729999997,0.92825293499999995
1728,Si,sc4,1.1000000238418579,33.364588959999999,6.682278095,1.991482567
1729,Si,sc4,1.1000000238418579,27.489743268000002,6.4543655729999996,9.9758467619999998
1730,Si,sc4,1.1000000238418579,30.557384357,6.4827850109999998,6.0581681349999998
1731,Si,sc4,1.1000000238418579,25.972994434,8.4531659389999998,6.3671776370000002
1732,Si,sc4,1.1000000238418579,31.371181349,8.5733637310000006,10.508405986
1733,Si,sc4,1.1000000238418579,28.975791498,8.4353818369999995,2.4405688630000002
1734,Si,sc4,1.1000000238418579,28.574170725999998,9.0333726589999994,11.577172008
1735,Si,sc4,1.1000000238418579,26.197757185,9.1548964900000005,3.4140985819999998
1736,Si,sc4,1.1000000238418579,31.528027625,8.9565184840000001,7.5383586329999996
1737,Si,sc4,1.1000000238418579,27.727667971999999,5.9648564220000004,6.9919904620000004
1738,Si,sc4,1.1000000238418579,33.008756564000002,6.0712456330000002,11.035819008000001
1739,Si,sc4,1.1000000238418579,30.668261366999999,5.9016367609999998,3.0009481099999999
1740,H,hoy,0.40000000596046448,28.217020578,9.5425005679999995,0.842292559
1741,O,oc23,-0.55000001192092896,27.406092185999999,5.5590010359999997,22.973328118000001
1742,O,oc23,-0.55000001192092896,30.798148538,5.5956146909999998,19.17851873
1743,O,oc23,-0.55000001192092896,26.738283357,9.2523583160000005,18.916015781999999
1744,O,oc23,-0.55000001192092896,32.196268549000003,9.5572642680000008,22.990395419999999
1745,O,oc23,-0.55000001192092896,29.781002356999998,9.4017424869999999,14.990150014999999
1746,O,oc23,-0.55000001192092896,29.705234508,8.7318846879999992,23.552917543
1747,O,oc23,-0.55000001192092896,27.214636544000001,8.7465999859999997,15.453859603
1748,O,oc23,-0.55000001192092896,32.618484461000001,8.7538526739999991,19.356993556999999
1749,O,oc23,-0.55000001192092896,27.518574118,6.174182568,20.534798517999999
1750,O,oc23,-0.55000001192092896,30.580134026,6.2032993200000002,16.641956969999999
1751,O,oc23,-0.55000001192092896,27.420556395999999,8.1540837530000001,22.323914557999998
1752,O,oc23,-0.55000001192092896,24.812799128000002,7.9708398489999999,14.411408907
1753,O,oc23,-0.55000001192092896,30.306596381999999,8.0884926010000004,18.405734123999999
1754,O,oc23,-0.55000001192092896,25.892818028000001,6.8590004000000002,18.608113268
1755,O,oc23,-0.55000001192092896,31.444643367000001,7.0198227009999998,22.707049476000002
1756,O,oc23,-0.55000001192092896,29.011101772,6.8867921509999999,14.72575922
1757,O,oc23,-0.55000001192092896,31.409030427000001,6.3341677809999997,14.038435363
1758,O,oc23,-0.55000001192092896,25.314841022,6.6271830239999998,21.894725878999999
1759,O,oc23,-0.55000001192092896,28.457479358000001,6.3701189359999999,18.108710266999999
1760,O,oc23,-0.55000001192092896,25.090078270999999,8.7664760289999997,16.976108808999999
1761,O,oc23,-0.55000001192092896,30.536938527,8.7827252100000006,21.009516826999999
1762,O,oc23,-0.55000001192092896,28.093944618999998,8.7378477090000004,13.050112978
1763,Si,sc4,1.1000000238418579,32.964421964000003,6.6743275740000003,13.962289609999999
1764,Si,sc4,1.1000000238418579,26.900141529999999,6.6740137309999996,21.935177247999999
1765,Si,sc4,1.1000000238418579,30.069338734999999,6.5715647070000003,18.067998772999999
1766,Si,sc4,1.1000000238418579,25.476464232000001,8.3725113520000001,18.499140331
1767,Si,sc4,1.1000000238418579,30.975908580999999,8.5466184700000003,22.534827354000001
1768,Si,sc4,1.1000000238418579,28.533046093999999,8.4529913499999996,14.563308283
1769,Si,sc4,1.1000000238418579,28.140013446000001,9.0452987010000001,23.402710920000001
1770,Si,sc4,1.1000000238418579,25.605483232000001,8.9716879190000007,15.461480874999999
1771,Si,sc4,1.1000000238418579,31.050539444000002,9.0605024299999997,19.457042655999999
1772,Si,sc4,1.1000000238418579,27.134625409000002,5.9258364630000004,18.951451011
1773,Si,sc4,1.1000000238418579,32.624183375000001,6.0284600739999998,23.012606984000001
1774,Si,sc4,1.1000000238418579,30.184926967999999,5.9498969089999996,15.068053552
1775,O,oc23,-0.55000001192092896,28.186147984000002,10.552463161,11.211753734
1776,O,oc23,-0.55000001192092896,31.257162195999999,10.522683389000001,7.1185514369999998
1777,O,oc23,-0.55000001192092896,27.234447175,14.405701212,7.0814884859999996
1778,O,oc23,-0.55000001192092896,32.662626598000003,14.495457252,10.889717118
1779,O,oc23,-0.55000001192092896,30.268078253999999,14.529246319,2.7025755829999998
1780,O,oc23,-0.55000001192092896,30.211119453999999,13.771723381999999,11.344046678
1781,O,oc23,-0.55000001192092896,27.853178446000001,14.009887770000001,3.5093416789999998
1782,O,oc23,-0.55000001192092896,33.150492853999999,13.700692974000001,7.369458442
1783,O,oc23,-0.55000001192092896,28.097751828,11.097311597999999,8.6266660549999994
1784,O,oc23,-0.55000001192092896,30.967889945,11.105400854999999,4.6519729920000001
1785,O,oc23,-0.55000001192092896,27.940272345,13.019640741,10.386274415000001
1786,O,oc23,-0.55000001192092896,25.519259496,13.234128672000001,2.5687061170000001
1787,O,oc23,-0.55000001192092896,30.686034981999999,12.999033088999999,6.3879560870000001
1788,O,oc23,-0.55000001192092896,26.49942278,11.876941775000001,6.6121119589999999
1789,O,oc23,-0.55000001192092896,31.861230136,11.976042444999999,10.588849624
1790,O,oc23,-0.55000001192092896,29.342735203,12.060708405,2.6793608880000002
1791,O,oc23,-0.55000001192092896,31.778980871000002,11.467982251,2.1918697649999999
1792,O,oc23,-0.55000001192092896,25.903773710999999,11.406436766000001,10.11035465
1793,O,oc23,-0.55000001192092896,28.908107995999998,11.122034545,6.1192276120000004
1794,O,oc23,-0.55000001192092896,25.705569830000002,13.897117253999999,5.0949497490000004
1795,O,oc23,-0.55000001192092896,31.046063185000001,13.718372114999999,8.8878644950000005
1796,O,oc24,-0.67500001192092896,28.569628757,13.776256441999999,0.94396398400000003
1797,Si,sc4,1.1000000238418579,33.399997114999998,11.610985636000001,1.995879333
1798,Si,sc4,1.1000000238418579,27.553685270999999,11.530574226000001,10.089379651
1799,Si,sc4,1.1000000238418579,30.434679509999999,11.438203519,6.0722896190000002
1800,Si,sc4,1.1000000238418579,26.065030535999998,13.440107503,6.6153033429999999
1801,Si,sc4,1.1000000238418579,31.442873173999999,13.479057316,10.405684783
1802,Si,sc4,1.1000000238418579,29.013674426000001,13.593432381,2.4746289720000001
1803,Si,sc4,1.1000000238418579,28.667477224999999,14.028264224999999,11.467871972999999
1804,Si,sc4,1.1000000238418579,26.242756728,14.188807496000001,3.6127335770000002
1805,Si,sc4,1.1000000238418579,31.580510167,13.948132362999999,7.4167477970000002
1806,Si,sc4,1.1000000238418579,27.681065498999999,10.877767882000001,7.1038956290000002
1807,Si,sc4,1.1000000238418579,33.068949476,10.970487765,11.017711206
1808,Si,sc4,1.1000000238418579,30.504834114000001,11.051003097000001,3.0607829120000001
1809,H,hoy,0.40000000596046448,28.115858297999999,12.998022171000001,0.70587968599999995
1810,O,oc23,-0.55000001192092896,27.922098495,10.604767937,23.052600221999999
1811,O,oc23,-0.55000001192092896,30.929672491000002,10.557379691,19.006034540999998
1812,O,oc23,-0.55000001192092896,26.683562685999998,14.226048838000001,18.946108744
1813,O,oc23,-0.55000001192092896,32.081415075999999,14.514879158999999,22.822277059000001
1814,O,oc23,-0.55000001192092896,29.736904836000001,14.433143787000001,14.778585936000001
1815,O,oc23,-0.55000001192092896,29.600169864000001,13.933696615000001,23.543731638000001
1816,O,oc23,-0.55000001192092896,27.315925837999998,13.711991329,15.387550067999999
1817,O,oc23,-0.55000001192092896,32.628713038999997,13.598976598,19.445513686000002
1818,O,oc23,-0.55000001192092896,27.659116299000001,11.195366816,20.538836278000002
1819,O,oc23,-0.55000001192092896,30.501926935,11.413759082,16.531289338000001
1820,O,oc23,-0.55000001192092896,27.410301621999999,13.121183567999999,22.397844396
1821,O,oc23,-0.55000001192092896,24.847743017999999,12.978076261,14.452770714
1822,O,oc23,-0.55000001192092896,30.243056605,13.022256447,18.437585840000001
1823,O,oc23,-0.55000001192092896,25.961534972999999,11.79185805,18.612022907
1824,O,oc23,-0.55000001192092896,31.381203151000001,12.071169153,22.907215616999999
1825,O,oc23,-0.55000001192092896,29.01698184,11.941206888,14.562722032
1826,O,oc23,-0.55000001192092896,31.422929131,11.201677975000001,14.133535293
1827,O,oc23,-0.55000001192092896,25.517555012999999,11.197039953999999,22.101536852999999
1828,O,oc23,-0.55000001192092896,28.463861213000001,11.054071902,18.125385440999999
1829,O,oc23,-0.55000001192092896,25.158295420000002,13.622897269999999,16.930969366999999
1830,O,oc23,-0.55000001192092896,30.482418969000001,13.682316519,21.015965596000001
1831,O,oc23,-0.55000001192092896,28.045703372999998,13.765168008,12.90661622
1832,Si,sc4,1.1000000238418579,32.968457540999999,11.705798501,14.079797169000001
1833,Si,sc4,1.1000000238418579,27.143577925999999,11.539117620000001,22.043433872000001
1834,Si,sc4,1.1000000238418579,30.031087431,11.50926926,18.055493364
1835,Si,sc4,1.1000000238418579,25.496975771999999,13.321896691999999,18.521025768000001
1836,Si,sc4,1.1000000238418579,30.894995424000001,13.568394552000001,22.572605648
1837,Si,sc4,1.1000000238418579,28.497903081,13.483276532,14.433295315000001
1838,Si,sc4,1.1000000238418579,28.018979230999999,14.063866723,23.501133268
1839,Si,sc4,1.1000000238418579,25.693576722,13.977004899000001,15.485646288
1840,Si,sc4,1.1000000238418579,31.039882443,13.940251989,19.535272320000001
1841,Si,sc4,1.1000000238418579,27.191084412999999,10.775423819,19.077229184
1842,Si,sc4,0.72500002384185791,32.710364345999999,11.059895667999999,23.073053031000001
1843,Si,sc4,1.1000000238418579,30.147177451000001,10.967663176,15.065383389000001
1844,O,oc23,-0.55000001192092896,28.445553951000001,15.562278907,11.01992615
1845,O,oc23,-0.55000001192092896,31.396838197000001,15.485389399000001,6.9701040540000001
1846,O,oc23,-0.55000001192092896,27.283787574000002,19.337685920999999,6.9197533780000002
1847,O,oc23,-0.55000001192092896,32.580277088000003,19.448154574,10.869850561
1848,O,oc23,-0.55000001192092896,30.205974145999999,19.535679417000001,2.9675851450000001
1849,O,oc23,-0.55000001192092896,30.093693327,18.697362638000001,11.427552607999999
1850,O,oc23,-0.55000001192092896,27.648694261999999,19.119049440000001,3.3431123789999999
1851,O,oc23,-0.55000001192092896,33.103736310000002,18.565448726,7.354998213
1852,O,oc23,-0.55000001192092896,28.176526417000002,16.250165024000001,8.5567739780000007
1853,O,oc23,-0.55000001192092896,31.062898936,16.322903903,4.5966915889999997
1854,O,oc23,-0.55000001192092896,27.663626408999999,18.009894286000002,10.417800005
1855,O,oc23,-0.55000001192092896,25.315910306999999,18.169461733999999,2.4010764610000002
1856,O,oc23,-0.55000001192092896,30.647950940000001,18.048950098999999,6.50603
1857,O,oc23,-0.55000001192092896,26.448979246,16.928288746,6.7184802499999998
1858,O,oc23,-0.55000001192092896,31.865604842,16.99398382,10.615295012000001
1859,O,oc23,-0.55000001192092896,29.326566509999999,17.012255314000001,2.7666507619999998
1860,O,oc23,-0.55000001192092896,31.850405873,16.692879319999999,2.1980838880000002
1861,O,oc23,-0.55000001192092896,26.066099821000002,16.108138500999999,10.101886030999999
1862,O,oc23,-0.55000001192092896,29.018986996999999,16.074349434999998,6.0629493869999997
1863,O,oc23,-0.55000001192092896,25.669490945,18.819408156000001,4.9706813680000002
1864,O,oc23,-0.55000001192092896,31.090895465999999,18.788339756999999,8.9928006430000007
1865,O,oc24,-0.67500001192092896,28.773778415999999,18.920392924000001,0.90822986699999997
1866,Si,sc4,1.1000000238418579,33.432505558999999,16.713696894000002,2.086302232
1867,Si,sc4,1.1000000238418579,27.616456438,16.468105229999999,10.016947473
1868,Si,sc4,1.1000000238418579,30.530257988999999,16.481633743,6.0429716950000003
1869,Si,sc4,1.1000000238418579,26.047724857999999,18.429976537999998,6.5157744940000004
1870,Si,sc4,1.1000000238418579,31.374488762999999,18.463940192999999,10.449912817
1871,Si,sc4,1.1000000238418579,29.001749019999998,18.628354544,2.5273574129999998
1872,Si,sc4,1.1000000238418579,28.509629365999999,18.984867958999999,11.414590038
1873,Si,sc4,1.1000000238418579,26.073548968000001,19.169889960999999,3.4522818659999999
1874,Si,sc4,1.1000000238418579,31.525188148000002,19.009033886000001,7.4464505709999997
1875,Si,sc4,1.1000000238418579,27.712469002999999,15.922454518,7.0358923689999999
1876,Si,sc4,1.1000000238418579,33.042828487999998,16.012454773999998,10.98892081
1877,Si,sc4,1.1000000238418579,30.623530637999998,16.110927756999999,3.096263032
1878,H,hoy,0.40000000596046448,29.007794236999999,18.160061189,0.41667959399999999
1879,O,oc23,-0.55000001192092896,27.756632234000001,15.634320472000001,23.088229574
1880,O,oc23,-0.55000001192092896,30.815051991000001,15.570124987,19.083874017999999
1881,O,oc23,-0.55000001192092896,26.847290612999998,19.296643126999999,18.821176947000001
1882,O,oc23,-0.55000001192092896,32.192628601999999,19.584358369,22.669855492
1883,O,oc23,-0.55000001192092896,29.695748343999998,19.359794201,14.739829262000001
1884,O,oc23,-0.55000001192092896,29.699923929000001,18.919068963000001,23.334577597999999
1885,O,oc23,-0.55000001192092896,27.208521512000001,18.727734763000001,15.427088088
1886,O,oc23,-0.55000001192092896,32.512597311999997,18.539574328,19.36467889
1887,O,oc23,-0.55000001192092896,27.724093735,16.175229242,20.553558573
1888,O,oc23,-0.55000001192092896,30.481616507999998,16.349509908999998,16.506732766999999
1889,O,oc23,-0.55000001192092896,27.487104903999999,18.167543341999998,22.338895037
1890,O,oc23,-0.55000001192092896,24.914255684,18.090271401999999,14.444628221
1891,O,oc23,-0.55000001192092896,30.185195783000001,17.996679616000002,18.368346017
1892,O,oc23,-0.55000001192092896,26.113237932000001,16.814785582999999,18.555874745000001
1893,O,oc23,-0.55000001192092896,31.367003773,17.056679717000002,22.537172361
1894,O,oc23,-0.55000001192092896,28.900726549000002,16.793479577999999,14.568063327999999
1895,O,oc23,-0.55000001192092896,31.405924125999999,16.250410279,14.010491344
1896,O,oc23,-0.55000001192092896,25.540706909000001,16.426189494999999,21.999793059999998
1897,O,oc23,-0.55000001192092896,28.499205337999999,16.043140740999998,18.012696987000002
1898,O,oc23,-0.55000001192092896,25.161937357999999,18.628529133000001,17.004705081000001
1899,O,oc23,-0.55000001192092896,30.466684361999999,18.846608593999999,20.819120901000002
1900,O,oc23,-0.55000001192092896,27.955505165000002,18.756922181,12.918731442
1901,Si,sc4,1.1000000238418579,32.952515722999998,16.632831346,13.960791950999999
1902,Si,sc4,1.1000000238418579,27.140037540000002,16.658495821999999,21.966506773999999
1903,Si,sc4,1.1000000238418579,30.009506606999999,16.489725077999999,18.032109296000002
1904,Si,sc4,1.1000000238418579,25.673566968999999,18.339768439,18.471716562000001
1905,Si,sc4,1.1000000238418579,30.947111581000001,18.582953279000002,22.329711073999999
1906,Si,sc4,1.1000000238418579,28.442780184,18.366303778999999,14.405221234000001
1907,Si,sc4,1.1000000238418579,28.154979442999998,19.149664740999999,23.364346374
1908,Si,sc4,1.1000000238418579,25.650046698000001,19.042579776,15.537886753
1909,Si,sc4,1.1000000238418579,31.015595553000001,18.906201392,19.314719371999999
1910,Si,sc4,1.1000000238418579,27.303898878999998,15.765154639,19.038342447000002
1911,Si,sc4,1.1000000238418579,32.571676441000001,16.042233505999999,22.961016830999998
1912,Si,sc4,1.1000000238418579,30.154694299999999,15.935356383,14.972302338
1913,O,oc23,-0.55000001192092896,28.229542604999999,20.507340069000001,10.995238546
1914,O,oc23,-0.55000001192092896,31.303197173000001,20.557972747000001,7.0696984199999999
1915,O,oc23,-0.55000001192092896,27.358786812000002,24.330102074999999,6.8656896119999997
1916,O,oc23,-0.55000001192092896,32.592819788,24.486670346,10.890564465000001
1917,O,oc23,-0.55000001192092896,30.340204164999999,24.479312697000001,2.7720636409999999
1918,O,oc23,-0.55000001192092896,30.137422473000001,23.600127712999999,11.397524677
1919,O,oc23,-0.55000001192092896,27.835205709,23.794494345,3.3708540239999998
1920,O,oc23,-0.55000001192092896,33.035549029000002,23.541021268000001,7.445538677
1921,O,oc23,-0.55000001192092896,28.159421851000001,21.315669233000001,8.4576353159999993
1922,O,oc23,-0.55000001192092896,31.156506109999999,21.24317353,4.5697118769999996
1923,O,oc23,-0.55000001192092896,27.694428564999999,23.033031740999999,10.546771503
1924,O,oc23,-0.55000001192092896,25.484815400999999,23.152148747999998,2.277075242
1925,O,oc23,-0.55000001192092896,30.705343826,23.086347674999999,6.5081731190000003
1926,O,oc23,-0.55000001192092896,26.565702473000002,21.775050475,6.425852796
1927,O,oc23,-0.55000001192092896,31.902386626999998,21.954666476,10.460204253000001
1928,O,oc23,-0.55000001192092896,29.492297602000001,21.973532402,2.5831144180000001
1929,O,oc23,-0.55000001192092896,32.067751336000001,21.257365063000002,2.1018374180000001
1930,O,oc23,-0.55000001192092896,26.032057951999999,21.195714618,10.115108725000001
1931,O,oc23,-0.55000001192092896,29.021525799999999,21.065648431,6.0290647159999997
1932,O,oc23,-0.55000001192092896,25.616239792999998,23.703274050000001,4.908319326
1933,O,oc23,-0.55000001192092896,31.029625677999999,23.818346429000002,8.8781593119999993
1934,O,oc24,-0.67500001192092896,28.645394614000001,23.716245542999999,0.88123711199999999
1935,Si,sc4,1.1000000238418579,33.668570154000001,21.733415328,2.0748967729999999
1936,Si,sc4,1.1000000238418579,27.549541546,21.507175943,9.9734367240000008
1937,Si,sc4,1.1000000238418579,30.539845706000001,21.532981753000001,6.0759896060000003
1938,Si,sc4,1.1000000238418579,26.102447519999998,23.304077959000001,6.4215214249999999
1939,Si,sc4,1.1000000238418579,31.387415751999999,23.505209886999999,10.450434037000001
1940,Si,sc4,1.1000000238418579,29.098964281000001,23.547054956,2.459595352
1941,Si,sc4,1.1000000238418579,28.552723313000001,24.032275261999999,11.475233121
1942,Si,sc4,1.1000000238418579,26.154328713999998,24.09932963,3.3948308950000001
1943,Si,sc4,1.1000000238418579,31.535944708999999,23.999460979999999,7.4370705429999999
1944,Si,sc4,1.1000000238418579,27.756932908,20.871142544000001,6.9578582850000004
1945,Si,sc4,1.1000000238418579,33.072002885000003,20.98485355,10.944301618000001
1946,Si,sc4,1.1000000238418579,30.757023906000001,21.012924851000001,3.0617600789999999
1947,H,hoy,0.40000000596046448,28.307950530999999,24.590494785000001,0.72488743099999997
1948,O,oc23,-0.55000001192092896,27.903357148000001,20.688805875,23.008241155
1949,O,oc23,-0.55000001192092896,30.870541272000001,20.412457577000001,18.872244907999999
1950,O,oc23,-0.55000001192092896,26.734073921,24.434992216000001,18.724253229999999
1951,O,oc23,-0.55000001192092896,32.083185268999998,24.454868260000001,22.895424581
1952,O,oc23,-0.55000001192092896,29.635113754999999,24.426483116,14.933090443999999
1953,O,oc23,-0.55000001192092896,29.489993763000001,23.868767107,23.440099026999999
1954,O,oc23,-0.55000001192092896,27.209556945999999,23.611879167000001,15.457768271000001
1955,O,oc23,-0.55000001192092896,32.569320892,23.823540430000001,19.299412766
1956,O,oc23,-0.55000001192092896,27.667268347,21.257749573000002,20.459304049
1957,O,oc23,-0.55000001192092896,30.622527064,21.353224418,16.361086096000001
1958,O,oc23,-0.55000001192092896,27.338976181,23.183984088999999,22.328864697
1959,O,oc23,-0.55000001192092896,24.796996819,23.021070366,14.403852666000001
1960,O,oc23,-0.55000001192092896,30.334724332,23.017304246999998,18.340466059000001
1961,O,oc23,-0.55000001192092896,26.071946038,21.703880812000001,18.430420757
1962,O,oc23,-0.55000001192092896,31.276805565,22.044423556000002,22.691806930999999
1963,O,oc23,-0.55000001192092896,29.110455601999998,21.929525765000001,14.286150984000001
1964,O,oc23,-0.55000001192092896,31.500566732999999,21.145676371,13.930177769
1965,O,oc23,-0.55000001192092896,25.487654879000001,21.260050397000001,22.169017921999998
1966,O,oc23,-0.55000001192092896,28.499973948000001,21.086640592999998,17.924046795999999
1967,O,oc23,-0.55000001192092896,25.005491317000001,23.734063938999999,16.899898024999999
1968,O,oc23,-0.55000001192092896,30.452819508000001,23.708434795999999,20.943988637
1969,O,oc23,-0.55000001192092896,28.033310029999999,23.955525008999999,12.982044688
1970,Si,sc4,1.1000000238418579,33.023722935000002,21.503095982000001,13.954799371
1971,Si,sc4,1.1000000238418579,27.101352151,21.620992950000002,21.947682658000002
1972,Si,sc4,1.1000000238418579,30.127534082,21.441830046,17.885224119
1973,Si,sc4,1.1000000238418579,25.565059509000001,23.334275496,18.357207234000001
1974,Si,sc4,1.1000000238418579,30.819362978000001,23.565989470000002,22.514504607999999
1975,Si,sc4,1.1000000238418579,28.489518060999998,23.455485484,14.392583821000001
1976,Si,sc4,0.72500002384185791,27.891965387999999,24.166839175,23.390205511000001
1977,Si,sc4,1.1000000238418579,25.630604441999999,23.911449783999998,15.445587048
1978,Si,sc4,1.1000000238418579,30.997756228,24.006575452,19.455479964999999
1979,Si,sc4,1.1000000238418579,27.254825303000001,20.828252024000001,18.951060823999999
1980,Si,sc4,1.1000000238418579,32.582514035000003,21.122451974000001,22.969290356999998
1981,Si,sc4,1.1000000238418579,30.253813166,20.915670867999999,14.849519484
1982,O,oc23,-0.55000001192092896,28.379174697,25.563289728000001,10.920331299000001
1983,O,oc23,-0.55000001192092896,31.476478964999998,25.495152495999999,6.8245884160000001
1984,O,oc23,-0.55000001192092896,27.230839087,29.274327708000001,6.950302529
1985,O,oc23,-0.55000001192092896,32.638068373000003,29.399127148000002,10.824319961
1986,O,oc23,-0.55000001192092896,30.051198736,29.472250537000001,3.1060140770000002
1987,O,oc23,-0.55000001192092896,30.101911085000001,28.803020424,11.413613599
1988,O,oc23,-0.55000001192092896,27.695129474000002,28.534938050000001,3.3110129129999999
1989,O,oc23,-0.55000001192092896,33.113314070000001,28.404383431999999,7.6042119789999996
1990,O,oc23,-0.55000001192092896,28.045504251000001,26.301006248,8.4067634200000008
1991,O,oc23,-0.55000001192092896,31.086484917,26.509007393000001,4.3144206020000002
1992,O,oc23,-0.55000001192092896,27.775807666999999,28.031654092,10.389074641000001
1993,O,oc23,-0.55000001192092896,25.373737278,28.005605106000001,2.4240176849999999
1994,O,oc23,-0.55000001192092896,30.727091911999999,27.959611488,6.4739239819999996
1995,O,oc23,-0.55000001192092896,26.564766599999999,26.810670990999999,6.4630657070000002
1996,O,oc23,-0.55000001192092896,31.855985267000001,26.972119419999999,10.582792013000001
1997,O,oc23,-0.55000001192092896,29.475929787999998,26.955627063000001,2.2937763800000002
1998,O,oc23,-0.55000001192092896,32.087028320000002,26.161628687,1.8895106779999999
1999,O,oc23,-0.55000001192092896,25.920545743000002,26.206716108999998,10.018381072
2000,O,oc23,-0.55000001192092896,29.007127301000001,26.04251168,5.9283895700000002
2001,O,oc23,-0.55000001192092896,25.605616644000001,28.676545768,4.9712807229999996
2002,O,oc23,-0.55000001192092896,30.966020190999998,28.798661953,8.9564540069999996
2003,O,oc24,-0.67500001192092896,28.542233575000001,29.072114995,0.97918349400000004
2004,Si,sc4,0.72500002384185791,33.525708080000001,26.7802282,2.0762842680000002
2005,Si,sc4,1.1000000238418579,27.524987832000001,26.514795826,9.9441901389999998
2006,Si,sc4,1.1000000238418579,30.555379200000001,26.476787543,5.8860566629999997
2007,Si,sc4,1.1000000238418579,26.030287759,28.361457579,6.4932824220000001
2008,Si,sc4,1.1000000238418579,31.431212598999998,28.452050188000001,10.491795844
2009,Si,sc4,1.1000000238418579,28.974923326999999,28.479493802,2.4226042269999999
2010,Si,sc4,1.1000000238418579,28.519450055,29.088921195000001,11.390554688
2011,Si,sc4,1.1000000238418579,26.143237627000001,28.901109937000001,3.47486469
2012,Si,sc4,1.1000000238418579,31.610842395999999,28.890196091,7.5149090489999999
2013,Si,sc4,1.1000000238418579,27.716108949999999,25.876740112,6.9171477609999998
2014,Si,sc4,1.1000000238418579,33.051794944000001,26.032539364000002,10.978954530999999
2015,Si,sc4,1.1000000238418579,30.815954012999999,26.018975517000001,2.7869082340000002
2016,H,hoy,0.40000000596046448,27.909098191999998,29.763866007000001,1.117458456
2017,O,oc23,-0.55000001192092896,27.611645654,25.694856542,23.037813867000001
2018,O,oc23,-0.55000001192092896,30.703573633000001,25.545889096,19.013461691
2019,O,oc23,-0.55000001192092896,26.659042823,29.343369057,19.026749416000001
2020,O,oc23,-0.55000001192092896,32.163831602999998,29.441843079000002,22.885394241
2021,O,oc23,-0.55000001192092896,29.648409119,29.363419689000001,14.832714248
2022,O,oc23,-0.55000001192092896,29.689434191,28.841097296000001,23.500937202999999
2023,O,oc23,-0.55000001192092896,27.280882385999998,28.426036535000001,15.277273594
2024,O,oc23,-0.55000001192092896,32.603866181000001,28.696001969000001,19.497231959000001
2025,O,oc23,-0.55000001192092896,27.636601593000002,26.275481027000001,20.443411190999999
2026,O,oc23,-0.55000001192092896,30.543286531,26.281026282999999,16.55089577
2027,O,oc23,-0.55000001192092896,27.505177200999999,28.162347964999999,22.292843217000001
2028,O,oc23,-0.55000001192092896,24.759681388000001,27.984997453999998,14.438896737
2029,O,oc23,-0.55000001192092896,30.224783194,28.007141066999999,18.438628281
2030,O,oc23,-0.55000001192092896,26.010377566999999,26.935017333000001,18.477841144999999
2031,O,oc23,-0.55000001192092896,31.384510563999999,26.982162403,22.865461681999999
2032,O,oc23,-0.55000001192092896,29.028206338,26.834556330000002,14.398967558000001
2033,O,oc23,-0.55000001192092896,31.466023077999999,26.063609841000002,14.002088726
2034,O,oc23,-0.55000001192092896,25.572610209,26.559290895,21.957845001999999
2035,O,oc23,-0.55000001192092896,28.454974405000002,26.246678117999998,17.946648546999999
2036,O,oc23,-0.55000001192092896,25.267836322000001,28.822304115000001,16.902569158999999
2037,O,oc23,-0.55000001192092896,30.494812312000001,28.551116563000001,21.003848433000002
2038,O,oc23,-0.55000001192092896,28.041661199,28.847654748,12.910393856000001
2039,Si,sc4,1.1000000238418579,32.996937127999999,26.517377238000002,14.046641916
2040,Si,sc4,1.1000000238418579,27.113044585000001,26.693052532999999,21.877596457999999
2041,Si,sc4,1.1000000238418579,29.985588093,26.502034254000002,18.003448963
2042,Si,sc4,1.1000000238418579,25.489058688,28.429314221999999,18.433482078000001
2043,Si,sc4,1.1000000238418579,30.970128074000002,28.457942542000001,22.516327423
2044,Si,sc4,1.1000000238418579,28.558402267999998,28.361806755,14.371740825
2045,Si,sc4,1.1000000238418579,28.115625004000002,29.076751977000001,23.444462913999999
2046,Si,sc4,1.1000000238418579,25.709279469999998,28.925519040000001,15.336026887999999
2047,Si,sc4,1.1000000238418579,31.027588660999999,28.929355825999998,19.545434663999998
2048,Si,sc4,1.1000000238418579,27.180393561999999,25.967507309999998,18.946891059999999
2049,Si,sc4,1.1000000238418579,32.634629103999998,25.967332720999998,23.088295576
2050,Si,sc4,1.1000000238418579,30.195149882999999,25.868962620000001,15.003958961
2051,O,oc23,-0.55000001192092896,28.233584778000001,30.614776993,10.995759766999999
2052,O,oc23,-0.55000001192092896,31.533806140999999,30.435857265999999,6.9921205249999998
2053,O,oc23,-0.55000001192092896,27.264880955999999,34.266383447999999,6.9586401149999997
2054,O,oc23,-0.55000001192092896,32.717644427000003,34.446059660000003,11.001362158999999
2055,O,oc23,-0.55000001192092896,30.231463732000002,34.411168439999997,2.8139207050000001
2056,O,oc23,-0.55000001192092896,30.209414971000001,33.945778939,11.379742031999999
2057,O,oc23,-0.55000001192092896,27.851675075999999,33.954391895000001,3.449578459
2058,O,oc23,-0.55000001192092896,33.147011831,33.659190743000003,7.4799960109999999
2059,O,oc23,-0.55000001192092896,28.156182138999998,31.085595845,8.4304085820000001
2060,O,oc23,-0.55000001192092896,31.108868202,31.371775124999999,4.534381475
2061,O,oc23,-0.55000001192092896,28.003644859000001,32.936056970999999,10.275801876999999
2062,O,oc23,-0.55000001192092896,25.571373661999999,33.010017968,2.5277415350000001
2063,O,oc23,-0.55000001192092896,30.771356696000002,32.948226189000003,6.6396648200000001
2064,O,oc23,-0.55000001192092896,26.650958477,31.755871409000001,6.5434574169999999
2065,O,oc23,-0.55000001192092896,31.891428952999998,31.921262623000001,10.743550195999999
2066,O,oc23,-0.55000001192092896,29.371699463999999,31.957980200000002,2.7906276330000002
2067,O,oc23,-0.55000001192092896,31.798456978000001,31.263328786999999,2.0907838060000001
2068,O,oc23,-0.55000001192092896,25.861948170000002,31.293037892000001,9.8827006799999992
2069,O,oc23,-0.55000001192092896,29.086435535,30.949705892000001,6.0455380019999998
2070,O,oc23,-0.55000001192092896,25.670693641,33.721211052000001,5.0516141960000001
2071,O,oc23,-0.55000001192092896,31.090728203000001,33.703034905000003,8.977689131
2072,O,oc24,-0.67500001192092896,28.578045636999999,33.600214950999998,0.93003116399999997
2073,Si,sc4,1.1000000238418579,33.408008160000001,31.564957052,2.1353894100000002
2074,Si,sc4,1.1000000238418579,27.474811121999998,31.503200606,9.8899307939999996
2075,Si,sc4,1.1000000238418579,30.650322481,31.429137766,6.1115151010000002
2076,Si,sc4,1.1000000238418579,26.123526557000002,33.312866272000001,6.5055806049999996
2077,Si,sc4,1.1000000238418579,31.505477077999998,33.45154548,10.506777294000001
2078,Si,sc4,1.1000000238418579,28.991727218000001,33.454299401999997,2.5265299639999999
2079,Si,sc4,1.1000000238418579,28.595084492000002,33.925613441000003,11.418758832
2080,Si,sc4,1.1000000238418579,26.257790427,34.037519199000002,3.591661759
2081,Si,sc4,1.1000000238418579,31.599183812,33.927981131999999,7.5785479359999997
2082,Si,sc4,1.1000000238418579,27.798591187,30.775040714999999,7.0138763849999997
2083,Si,sc4,1.1000000238418579,33.069186680000001,30.850604184000002,11.107339777
2084,Si,sc4,1.1000000238418579,30.628741656999999,30.999081119,3.0971162030000001
2085,H,hoy,0.40000000596046448,28.286108251000002,32.761275670000003,0.63076062700000002
2086,O,oc23,-0.55000001192092896,27.87923752,30.621261700000002,23.054685104000001
2087,O,oc23,-0.55000001192092896,30.659073885000002,30.496774025000001,19.147837576000001
2088,O,oc23,-0.55000001192092896,26.860554118,34.260417115000003,18.376031350000002
2089,O,oc23,-0.55000001192092896,32.283694980999996,34.376814170000003,22.720663328000001
2090,O,oc23,-0.55000001192092896,29.785245643,34.347334861,14.718007885
2091,O,oc23,-0.55000001192092896,29.745891203999999,34.020694292999998,23.287483337000001
2092,O,oc23,-0.55000001192092896,27.263443295999998,33.831985963999998,15.396213781
2093,O,oc23,-0.55000001192092896,32.517384884999998,33.718819652999997,19.405846574000002
2094,O,oc23,-0.55000001192092896,27.501001616,31.264827336,20.553428511
2095,O,oc23,-0.55000001192092896,30.569343614000001,31.115479537999999,16.511422781
2096,O,oc23,-0.55000001192092896,27.387183576999998,33.147196547999997,22.361692853000001
2097,O,oc23,-0.55000001192092896,25.066259317,33.086872143000001,14.175418321
2098,O,oc23,-0.55000001192092896,30.170630021000001,33.017304950000003,18.388992947999999
2099,O,oc23,-0.55000001192092896,25.994073471,31.820660285999999,18.567663840000002
2100,O,oc23,-0.55000001192092896,31.34625926,31.886182850000001,22.668422864
2101,O,oc23,-0.55000001192092896,28.846706786999999,31.882485320000001,14.865478342999999
2102,O,oc23,-0.55000001192092896,31.371981818999998,31.234282702000002,14.085463622000001
2103,O,oc23,-0.55000001192092896,25.456119953999998,31.362673672,22.168757797000001
2104,O,oc23,-0.55000001192092896,28.399518974999999,31.053968347000001,18.046959713
2105,O,oc23,-0.55000001192092896,25.077983611000001,33.540290362999997,16.775356416000001
2106,O,oc23,-0.55000001192092896,30.516526548000002,33.679381685000003,20.875595189999999
2107,O,oc23,-0.55000001192092896,28.040693467000001,33.523064320000003,12.900558609000001
2108,Si,sc4,1.1000000238418579,32.990689991000004,31.471226010999999,14.052048244
2109,Si,sc4,1.1000000238418579,27.020472845,31.592226077999999,22.052357709999999
2110,Si,sc4,1.1000000238418579,30.007670703999999,31.472620638999999,17.996804130000001
2111,Si,sc4,1.1000000238418579,25.561318009000001,33.299928033999997,18.283145393000002
2112,Si,sc4,1.1000000238418579,31.028357272000001,33.452975441,22.390419187999999
2113,Si,sc4,1.1000000238418579,28.523259255999999,33.398611977999998,14.47407087
2114,Si,sc4,1.1000000238418579,28.156982609,34.148253306000001,23.383040428000001
2115,Si,sc4,1.1000000238418579,25.690135897000001,34.009643887999999,15.359607019
2116,Si,sc4,1.1000000238418579,30.919350015999999,34.007956169000003,19.438870794
2117,Si,sc4,1.1000000238418579,27.159212972999999,30.850325674,19.066872717999999
2118,Si,sc4,1.1000000238418579,32.582250790000003,30.937291419000001,22.95743526
2119,Si,sc4,1.1000000238418579,30.095664632999998,30.951343696999999,15.060888468
2120,O,oc23,-0.55000001192092896,34.392792688,0.71835132599999996,2.9591303560000002
2121,O,oc24,-0.67500001192092896,33.806969162000001,1.2488400079999999,0.49013562500000002
2122,H,hoy,0.40000000596046448,34.505910102000001,0.613543493,0.51819506299999996
2123,O,oc23,-0.55000001192092896,33.828900814000001,0.70632097299999996,15.028711596000001
2124,O,oc23,-0.55000001192092896,33.641156305000003,1.5313243560000001,12.585621074000001
2125,O,oc23,-0.55000001192092896,0.82400899500000002,5.7349912129999998,2.8562725389999999
2126,O,oc24,-0.67500001192092896,33.948244359999997,6.4873528839999999,0.48089597299999998
2127,H,hoy,0.40000000596046448,33.927230506000001,5.5557122300000001,0.34039650300000002
2128,O,oc23,-0.55000001192092896,0.38330919499999999,5.7653285240000001,14.945075603999999
2129,O,oc23,-0.55000001192092896,33.519778230999997,6.4309676260000002,12.506871159999999
2130,O,oc23,-0.55000001192092896,0.74166041900000002,10.666558676999999,3.0521784059999999
2131,O,oc24,-0.67500001192092896,33.633910260999997,11.057629137999999,0.53839098500000004
2132,H,hoy,0.40000000596046448,33.578725359000003,11.76569995,-0.079065595000000002
2133,O,oc23,-0.55000001192092896,0.41244681700000002,10.758476286,14.972107244
2134,O,oc23,-0.55000001192092896,33.533952968000001,11.402809903,12.515664936
2135,O,oc23,-0.55000001192092896,0.58495439900000001,15.666750243999999,3.0742987319999999
2136,O,oc24,-0.67500001192092896,33.822259479000003,16.199848267,0.59573622000000004
2137,H,hoy,0.40000000596046448,34.761571787000001,16.239778871999999,0.44832292800000001
2138,O,oc23,-0.55000001192092896,0.465296863,15.695274642999999,14.839944362000001
2139,O,oc23,-0.55000001192092896,33.505306306000001,16.395678114999999,12.505698657
2140,O,oc23,-0.55000001192092896,1.094893839,20.767996206999999,3.0283968720000001
2141,O,oc24,-0.67500001192092896,34.307173659999997,21.524401986000001,0.58556052999999997
2142,H,hoy,0.40000000596046448,35.233919225000001,21.648467206999999,0.63817889299999997
2143,O,oc23,-0.55000001192092896,0.36018144299999999,20.633361626999999,14.994579904
2144,O,oc23,-0.55000001192092896,33.497836499000002,21.359397360999999,12.463815629999999
2145,O,oc23,-0.55000001192092896,0.97338882500000001,25.737815650000002,3.044550825
2146,O,oc24,-0.89999997615814209,34.345528258000002,27.077707915000001,0.67396497399999999
2147,O,oc23,-0.55000001192092896,0.43218377299999999,25.530477523999998,15.022979141
2148,O,oc23,-0.55000001192092896,33.545551815000003,26.317500682999999,12.517423691999999
2149,O,oc23,-0.55000001192092896,0.736756297,30.705752033,3.2454721050000002
2150,O,oc24,-0.67500001192092896,34.092436071000002,31.153452487999999,0.70783617700000001
2151,H,hoy,0.40000000596046448,33.978949397000001,30.215408400000001,0.61981281499999996
2152,O,oc23,-0.55000001192092896,0.34607030100000002,30.499912457000001,15.157095870999999
2153,O,oc23,-0.55000001192092896,33.600580004000001,31.082804510999999,12.608549923
2154,O,oc23,-0.55000001192092896,33.835204761999996,3.2004085299999998,2.2648881950000002
2155,O,oc23,-0.55000001192092896,33.235901435000002,3.3000329640000001,14.464755873
2156,O,oc23,-0.55000001192092896,33.598903024999998,8.1928589780000003,2.541511656
2157,O,oc23,-0.55000001192092896,33.190624800999998,8.1838978190000002,14.367962219000001
2158,O,oc23,-0.55000001192092896,33.750638092999999,13.169618304,2.1985007670000001
2159,O,oc23,-0.55000001192092896,33.056000894999997,13.21672804,14.474330995000001
2160,O,oc23,-0.55000001192092896,33.914707016000001,18.229472297000001,2.3545296269999998
2161,O,oc23,-0.55000001192092896,33.126853980999996,18.171866479999998,14.359038379999999
2162,O,oc23,-0.55000001192092896,33.774230172000003,23.251911399000001,2.4899426149999999
2163,O,oc23,-0.55000001192092896,33.222501842,23.038716252,14.378123592
2164,O,oc23,-0.55000001192092896,0.063389479999999998,28.146341961000001,2.8610863059999998
2165,O,oc23,-0.55000001192092896,-0.242739866,27.987229689999999,14.541878065000001
2166,O,oc23,-0.55000001192092896,33.706169832,33.140466586000002,2.4046590029999999
2167,O,oc23,-0.55000001192092896,33.296004181999997,33.026406403000003,14.476024719
2168,Na,na+,1,27.824079568999998,3.9992739789999998,26.085616054999999
2169,Na,na+,1,3.8036928379999999,29.291906894,26.034750453000001
2170,Na,na+,1,32.315284536,12.131205870000001,25.648480092
2171,Na,na+,1,7.752431133,6.7527833160000004,26.080638870000001
2172,Na,na+,1,20.182294567,17.720475406999999,26.258348226999999
2173,Na,na+,1,9.5731772270000004,13.444114804,0.21679105400000001
2174,Na,na+,1,21.715144990999999,22.839411018,0.061454705999999998
2175,Na,na+,1,4.3690919040000002,3.2704222889999999,-0.72422099699999998
2176,Na,na+,1,16.836280238000001,34.006782540000003,24.540960135999999
2177,Na,na+,1,24.900246391,32.601208540000002,-0.58789534799999998
2178,Na,na+,1,8.5595350499999991,19.255876121,24.873321814000001
2179,Na,na+,1,28.605253526999999,24.081438749,26.088430328000001
2180,Na,na+,1,33.042206397000001,25.434185926000001,-0.115473654
2181,Na,na+,1,16.419606579,9.7348255540000004,-0.18747778700000001
2182,Na,na+,1,11.404580992,26.806717099,0.54280804199999999
2183,Na,na+,1,24.431963333999999,12.383326780999999,-0.54241469099999995
2184,H,hoy,0.40000000596046448,24.047430926000001,11.270712465000001,25.298523613
