id,element,ff_type,charge,x,y,z
1,O,oc23,-0.55000001192092896,3.29670459,0.47984363699999999,11.240902070000001
2,O,oc23,-0.55000001192092896,9.1230375929999994,0.590918736,3.3978911119999999
3,O,oc23,-0.55000001192092896,6.1933999159999997,0.45322811099999999,7.280067002
4,O,oc23,-0.55000001192092896,2.1283726380000001,4.3288870709999996,7.2130543610000002
5,O,oc23,-0.55000001192092896,7.4919865999999997,4.3073443380000001,11.159625803000001
6,O,oc23,-0.55000001192092896,5.1540482990000003,4.31346878,3.050759486
7,O,oc23,-0.55000001192092896,5.042451604,3.5217648260000001,11.651118715999999
8,O,oc23,-0.55000001192092896,2.683881628,3.6516443330000001,3.7156483480000002
9,O,oc23,-0.55000001192092896,8.0254611259999997,3.5289872259999999,7.6784844120000004
10,O,oc23,-0.55000001192092896,3.018673218,1.2804066249999999,8.747342111
11,O,oc24,-0.67500001192092896,9.0397019640000007,1.4515800729999999,0.88316656999999998
12,O,oc23,-0.55000001192092896,5.9727440019999998,1.119148306,4.7640958099999997
13,O,oc23,-0.55000001192092896,2.6470568710000002,2.9652838030000002,10.714402651
14,O,oc23,-0.55000001192092896,5.6797534599999997,2.94036608,6.659614264
15,O,oc23,-0.55000001192092896,1.393629918,1.8444651949999999,6.7850778639999998
16,O,oc23,-0.55000001192092896,6.8189275110000001,1.7905222160000001,10.735968828000001
17,O,oc23,-0.55000001192092896,4.3316561460000003,1.8024689380000001,2.861583714
18,O,oc23,-0.55000001192092896,6.8160842720000003,1.1252101880000001,2.3098382919999998
19,O,oc23,-0.55000001192092896,0.92177678600000001,1.035018574,10.289929797999999
20,O,oc23,-0.55000001192092896,3.845597374,1.080176611,6.2793430829999997
21,O,oc23,-0.55000001192092896,0.51848062699999997,3.7725350660000001,5.2357948280000004
22,O,oc23,-0.55000001192092896,5.8842517379999997,3.6815787210000002,9.1860729889999995
23,O,oc24,-0.67500001192092896,3.4289473290000001,3.5456078070000001,1.1896019179999999
24,Si,sc4,1.1000000238418579,8.3611590479999993,1.561079544,2.3696625999999998
25,Si,sc4,1.1000000238418579,2.4776493199999998,1.442175754,10.250926569000001
26,Si,sc4,1.1000000238418579,5.4186795490000002,1.4013385549999999,6.2503181320000003
27,Si,sc4,1.1000000238418579,0.91915502999999998,3.380016135,6.7421738160000002
28,Si,sc4,1.1000000238418579,6.3118742389999998,3.3213030539999999,10.693578316
29,Si,sc4,1.1000000238418579,3.9092388499999999,3.3391570939999999,2.7372446190000002
30,Si,sc4,1.1000000238418579,3.4866127379999998,3.928981421,11.693447707000001
31,Si,sc4,1.1000000238418579,1.111338851,4.0029262719999998,3.7578976050000001
32,Si,sc4,1.1000000238418579,6.4601252049999998,3.8920915460000001,7.697334401
33,Si,sc4,1.1000000238418579,2.5860716199999998,0.88145181299999997,7.2549980029999999
34,Si,sc4,1.1000000238418579,8.0146189069999991,0.82005597399999997,11.199827279000001
35,Si,sc4,1.1000000238418579,5.5452958219999999,0.81886763900000004,3.2422002889999999
36,H,hoy,0.40000000596046448,3.3760634380000001,2.6907238609999999,0.80021631000000004
37,H,hoy,0.40000000596046448,9.848914293,0.97448372400000005,0.99513890299999996
38,O,oc23,-0.55000001192092896,2.7086349900000002,0.52990279799999995,23.210730284
39,O,oc23,-0.55000001192092896,8.6445100769999996,0.49172538300000002,15.227595637
40,O,oc23,-0.55000001192092896,5.6920405919999997,0.51416256699999996,19.177146379
41,O,oc23,-0.55000001192092896,1.592822848,4.3252467130000003,19.091130351
42,O,oc23,-0.55000001192092896,6.9004948620000004,4.3093753120000002,22.930948292
43,O,oc23,-0.55000001192092896,4.5331132829999996,4.3211997760000003,15.172836727
44,O,oc23,-0.55000001192092896,4.451740182,3.5999588629999999,23.613399279999999
45,O,oc23,-0.55000001192092896,2.0780149159999999,3.5206577000000001,15.659530486
46,O,oc23,-0.55000001192092896,7.419141668,3.5634229290000001,19.618441318999999
47,O,oc23,-0.55000001192092896,2.4273254240000002,1.350794171,20.738790978000001
48,O,oc23,-0.55000001192092896,8.436785553,1.1974848760000001,12.710756198
49,O,oc23,-0.55000001192092896,5.4314262309999997,1.245497879,16.693549298000001
50,O,oc23,-0.55000001192092896,2.0383680759999998,3.0179713860000001,22.737627785000001
51,O,oc23,-0.55000001192092896,5.0675716480000004,2.9854682459999999,18.605097961999999
52,O,oc23,-0.55000001192092896,0.84790577600000006,1.8556601479999999,18.738273906
53,O,oc23,-0.55000001192092896,6.1608150899999998,1.85813579,22.689475783999999
54,O,oc23,-0.55000001192092896,3.8508875740000001,1.8275415079999999,14.714461451
55,O,oc23,-0.55000001192092896,6.3031014460000003,1.083112278,14.228169770999999
56,O,oc23,-0.55000001192092896,0.308044447,1.0792735680000001,22.292505137999999
57,O,oc23,-0.55000001192092896,3.3054764859999999,1.070781781,18.252563484
58,O,oc23,-0.55000001192092896,-0.058943939000000001,3.7288028560000002,17.169636143000002
59,O,oc23,-0.55000001192092896,5.2532448399999998,3.7421253249999999,21.104100031000002
60,O,oc23,-0.55000001192092896,2.9334551539999998,3.751618648,13.192351637
61,Si,sc4,1.1000000238418579,7.8668151440000003,1.44100205,14.203353980999999
62,Si,sc4,1.1000000238418579,1.863303562,1.4974224920000001,22.240086996999999
63,Si,sc4,1.1000000238418579,4.8690339009999999,1.4549396880000001,18.179444605
64,Si,sc4,1.1000000238418579,0.36391416199999999,3.3826438090000002,18.677366583000001
65,Si,sc4,1.1000000238418579,5.67289537,3.368905931,22.595036278999999
66,Si,sc4,1.1000000238418579,3.347289677,3.3524217639999998,14.687561285999999
67,Si,sc4,1.1000000238418579,2.8998147209999998,3.977487634,23.692111465
68,Si,sc4,1.1000000238418579,0.51566265300000003,3.91424774,15.685925640000001
69,Si,sc4,1.1000000238418579,5.8456635520000004,3.9403894230000001,19.628379682999999
70,Si,sc4,1.1000000238418579,2.035639309,0.91093987399999998,19.240114432999999
71,Si,sc4,1.1000000238418579,7.3826606229999996,0.928683598,23.122336920999999
72,Si,sc4,1.1000000238418579,5.033569483,0.86540280199999997,15.185113901999999
73,O,oc24,-0.67500001192092896,7.7704706809999999,1.188311026,24.681443244
74,O,oc24,-0.67500001192092896,2.3651658599999998,3.8540903819999999,25.223182650999998
75,O,oc24,-0.67500001192092896,7.8309522740000004,5.9467763309999997,24.584393734999999
76,O,oc24,-0.67500001192092896,2.588105503,8.5245614970000005,25.20590095
77,O,oc24,-0.67500001192092896,7.882793468,11.053427473999999,24.675279825
78,O,oc24,-0.67500001192092896,2.4792511909999999,13.788619797999999,25.205824948
79,O,oc24,-0.89999997615814209,7.7541002880000001,16.244749272,24.699875528
80,O,oc24,-0.67500001192092896,2.3597747490000001,18.647795812999998,25.081665801
81,O,oc24,-0.67500001192092896,7.8643541639999999,21.080856085000001,24.69127774
82,O,oc24,-0.67500001192092896,2.3845451080000002,23.760724683999999,25.181905277999999
83,O,oc24,-0.67500001192092896,7.898325099,25.919296146000001,24.721420435999999
84,O,oc24,-0.67500001192092896,2.2796605479999998,28.671444731000001,25.073244166999999
85,O,oc24,-0.89999997615814209,7.9918790020000001,31.273518762999998,24.604698436
86,O,oc24,-0.67500001192092896,2.3794081560000002,33.654758581000003,25.129023167
87,O,oc24,-0.67500001192092896,16.254841329000001,1.2207513290000001,24.693713613
88,O,oc24,-0.67500001192092896,10.673690359,4.0973567080000004,25.150593721
89,O,oc24,-0.67500001192092896,16.154971681999999,6.1133246249999997,24.723026863000001
90,O,oc24,-0.67500001192092896,10.720156768000001,8.7015677829999998,25.243581317
91,O,oc24,-0.89999997615814209,16.319937639999999,11.419895697999999,24.657580795000001
92,O,oc24,-0.67500001192092896,10.797213219,13.636166193999999,25.130116019999999
93,O,oc24,-0.67500001192092896,16.211271583999999,16.118274120999999,24.719309478
94,O,oc24,-0.67500001192092896,10.940937077999999,18.645893469000001,25.1225959
95,O,oc24,-0.67500001192092896,16.420168596,20.496801344000001,24.607026855000001
96,O,oc24,-0.67500001192092896,10.761117437999999,23.723631398999999,25.118925742999998
97,O,oc24,-0.67500001192092896,16.219320668999998,26.166090815,24.640756491000001
98,O,oc24,-0.67500001192092896,10.788477666,28.794219362,25.18787768
99,O,oc24,-0.67500001192092896,16.205661759000002,31.044095828,24.720810440000001
100,O,oc24,-0.67500001192092896,10.662075303,33.384229441000002,25.017563913
101,O,oc24,-0.67500001192092896,24.311619990000001,0.99805637800000002,24.731213661000002
102,O,oc24,-0.67500001192092896,19.048623538000001,3.5055836949999999,25.057076474999999
103,O,oc24,-0.67500001192092896,24.782230325,5.8890792630000002,24.702834792000001
104,O,oc24,-0.67500001192092896,19.004567629,8.7913230460000005,25.086398746
105,O,oc24,-0.67500001192092896,24.653783689000001,11.175440998999999,24.704370353000002
106,O,oc24,-0.67500001192092896,18.810218021000001,13.502841604,25.056391243
107,O,oc24,-0.67500001192092896,24.531969058000001,16.081156063000002,24.707356523000001
108,O,oc24,-0.67500001192092896,19.145939821999999,18.821913539000001,25.157103123999999
109,O,oc24,-0.67500001192092896,24.496455993000001,20.890772662,24.663847341
110,O,oc24,-0.67500001192092896,19.173658548999999,23.476195143000002,25.030610301999999
111,O,oc24,-0.67500001192092896,24.614678862000002,25.883083233000001,24.652993599999999
112,O,oc24,-0.67500001192092896,19.186307108000001,28.586981895000001,25.167041427000001
113,O,oc24,-0.67500001192092896,24.634595172000001,30.683887825999999,24.686391882999999
114,O,oc24,-0.67500001192092896,19.329163053999999,33.570037423999999,25.177895167999999
115,O,oc24,-0.89999997615814209,27.090167505,3.699616426,25.118833095999999
116,O,oc24,-0.67500001192092896,27.275964238,8.5999105930000006,25.087704424999998
117,O,oc24,-0.67500001192092896,27.533882817999999,13.682027413,25.110094285999999
118,O,oc24,-0.67500001192092896,27.517101432,18.938380403,25.134221448000002
119,O,oc24,-0.89999997615814209,27.305810735000001,23.532054210999998,25.149738837000001
120,O,oc24,-0.67500001192092896,27.360217952999999,28.83700941,25.110076062000001
121,O,oc24,-0.67500001192092896,27.281992032000002,33.716918346999996,25.138305184
122,O,oc24,-0.67500001192092896,32.950024755999998,0.98907747800000001,24.826749209999999
123,O,oc24,-0.67500001192092896,33.058803623999999,5.9034627129999997,24.825165351999999
124,O,oc24,-0.67500001192092896,32.893982608000002,11.426293213999999,24.780112573
125,O,oc24,-0.67500001192092896,32.912525768999998,15.863224171000001,24.597456503
126,O,oc24,-0.67500001192092896,32.896317709999998,21.005752772000001,24.739250122000001
127,O,oc24,-0.67500001192092896,32.993952743999998,25.774561331000001,24.746718037000001
128,O,oc24,-0.67500001192092896,32.949605230000003,30.965709182000001,24.766554808999999
129,H,hoy,0.40000000596046448,32.290005172999997,25.473230789999999,25.292140216
130,H,hoy,0.40000000596046448,26.762836068999999,34.473875163000002,25.329705191999999
131,H,hoy,0.40000000596046448,9.855699027,32.919654309000002,24.866872008000001
132,H,hoy,0.40000000596046448,32.173114427000002,31.092337385,25.276909526000001
133,H,hoy,0.40000000596046448,16.781486199,30.352886851000001,25.000648179999999
134,H,hoy,0.40000000596046448,28.059219999,29.051820888999998,25.698960674999999
135,H,hoy,0.40000000596046448,11.505858175,28.403087244999998,25.662356705000001
136,H,hoy,0.40000000596046448,7.152403005,25.693100560000001,25.247599445999999
137,H,hoy,0.40000000596046448,25.294427068000001,30.040083639999999,24.868208911
138,H,hoy,0.40000000596046448,25.443638008000001,26.310101363000001,24.673648385
139,H,hoy,0.40000000596046448,28.130692375999999,19.482737415999999,25.599713716
140,H,hoy,0.40000000596046448,24.852505053000002,15.280613342000001,25.083334332
141,H,hoy,0.40000000596046448,26.481710004,8.1323624540000008,24.917276775000001
142,H,hoy,0.40000000596046448,24.893443431000001,1.72814676,24.858355402000001
143,H,hoy,0.40000000596046448,16.766485722999999,19.633872966999999,24.758050754999999
144,H,hoy,0.40000000596046448,32.663978911000001,15.049093569,24.990050439000001
145,H,hoy,0.40000000596046448,33.514320701999999,6.7050177700000004,25.001304065999999
146,H,hoy,0.40000000596046448,1.705705013,24.404815893999999,25.300471287000001
147,H,hoy,0.40000000596046448,3.1740737810000001,13.310796557,25.657326399999999
148,H,hoy,0.40000000596046448,19.363330750999999,9.5108826910000008,25.602936718999999
149,H,hoy,0.40000000596046448,18.069427759,12.940320698000001,24.864382673000001
150,H,hoy,0.40000000596046448,10.049947682000001,18.608012294000002,24.970029032999999
151,H,hoy,0.40000000596046448,10.804349359,9.5303523129999999,25.680505671999999
152,H,hoy,0.40000000596046448,7.8518828269999998,0.34684433999999997,25.091852312
153,H,hoy,0.40000000596046448,16.546980686000001,5.2886554160000001,24.994124155000002
154,H,hoy,0.40000000596046448,19.898876572999999,23.129440342999999,25.511675590999999
155,H,hoy,0.40000000596046448,7.978378781,10.185301633,25.042282068999999
156,H,hoy,0.40000000596046448,1.551937822,4.320131452,25.279526087000001
157,H,hoy,0.40000000596046448,2.4236171309999999,34.488558914999999,25.559166747999999
158,H,hoy,0.40000000596046448,9.8915483200000001,24.073884818,25.152258438
159,H,hoy,0.40000000596046448,19.613802947,27.815339944000002,25.482631787999999
160,H,hoy,0.40000000596046448,24.737762813,20.042034859000001,24.939482323
161,H,hoy,0.40000000596046448,19.597302368000001,18.101238487,25.558501794000001
162,H,hoy,0.40000000596046448,11.399416453000001,4.2025929370000004,25.732873433000002
163,H,hoy,0.40000000596046448,2.3396813870000002,9.3242923859999998,25.628367884999999
164,H,hoy,0.40000000596046448,25.196358354000001,5.0513206220000004,24.883255845000001
165,H,hoy,0.40000000596046448,18.410031009000001,2.8258914279999998,24.949465384
166,H,hoy,0.40000000596046448,28.197762281999999,13.194179189,25.554166509000002
167,H,hoy,0.40000000596046448,2.783170556,19.256866441,25.656141161000001
168,H,hoy,0.40000000596046448,11.565326751000001,13.624526029,25.66822488
169,H,hoy,0.40000000596046448,16.392157151999999,15.279607244999999,25.103494382000001
170,H,hoy,0.40000000596046448,33.037836130000002,20.166594293999999,25.137740034
171,H,hoy,0.40000000596046448,1.7770328630000001,29.440723691999999,25.275982681999999
172,H,hoy,0.40000000596046448,16.149956258,0.41697668900000001,25.174627453999999
173,H,hoy,0.40000000596046448,32.778965325999998,0.18828626100000001,25.284990491999999
174,H,hoy,0.40000000596046448,7.9745397779999996,5.0860712299999999,24.93532531
175,H,hoy,0.40000000596046448,7.243053218,20.678745549999999,25.263394623
176,H,hoy,0.40000000596046448,16.155472850999999,25.373366896,25.143216564999999
177,H,hoy,0.40000000596046448,25.136893427,10.44555995,25.035237517999999
178,H,hoy,0.40000000596046448,19.747464957999998,34.247003608,25.677288521000001
179,O,oc23,-0.55000001192092896,3.311669695,5.4622471849999998,11.243524925999999
180,O,oc23,-0.55000001192092896,9.2101389000000005,5.5720196319999999,3.344835276
181,O,oc23,-0.55000001192092896,6.2459950710000003,5.4322562239999996,7.2636261820000003
182,O,oc23,-0.55000001192092896,2.1545764360000002,9.3003185740000003,7.1021693949999998
183,O,oc23,-0.55000001192092896,7.5126108269999996,9.3009840429999997,11.105537954000001
184,O,oc23,-0.55000001192092896,5.1414635410000002,9.2949345250000004,3.1345223980000001
185,O,oc23,-0.55000001192092896,5.0309995049999996,8.6084464769999993,11.695717577
186,O,oc23,-0.55000001192092896,2.6395984729999999,8.6271576210000003,3.6861134409999998
187,O,oc23,-0.55000001192092896,8.008120516,8.6190507870000008,7.7822146280000002
188,O,oc23,-0.55000001192092896,3.052618222,6.22700751,8.7722240619999994
189,O,oc24,-0.67500001192092896,9.2249153380000006,6.4979761460000001,0.92344135900000002
190,O,oc23,-0.55000001192092896,6.015911687,6.1499604459999997,4.7582648709999997
191,O,oc23,-0.55000001192092896,2.6917868669999998,7.9665292079999999,10.695816267
192,O,oc23,-0.55000001192092896,5.7225953949999999,7.9482314240000003,6.6746373569999999
193,O,oc23,-0.55000001192092896,1.402458102,6.8159359779999997,6.8147989689999999
194,O,oc23,-0.55000001192092896,6.7573893979999999,6.810964996,10.781061513999999
195,O,oc23,-0.55000001192092896,4.39566809,6.8182317699999997,2.821017699
196,O,oc23,-0.55000001192092896,6.891803801,6.1355491469999999,2.2678631939999998
197,O,oc23,-0.55000001192092896,0.94944726700000004,6.0279407960000002,10.29349449
198,O,oc23,-0.55000001192092896,3.8800699660000002,6.0783298930000003,6.2937262059999997
199,O,oc23,-0.55000001192092896,0.48908391000000001,8.6763352900000008,5.1942582709999998
200,O,oc23,-0.55000001192092896,5.833933289,8.6641996680000002,9.2188731320000006
201,O,oc24,-0.67500001192092896,3.5473172389999998,8.5876227239999992,1.1782829180000001
202,Si,sc4,1.1000000238418579,8.4450457839999995,6.5405214139999996,2.35785183
203,Si,sc4,1.1000000238418579,2.4996969610000002,6.4277943730000002,10.253850439000001
204,Si,sc4,1.1000000238418579,5.465513788,6.4045781740000001,6.2538726880000004
205,Si,sc4,1.1000000238418579,0.92953087099999998,8.3469084559999995,6.7090173240000004
206,Si,sc4,1.1000000238418579,6.2803255829999998,8.3435632139999996,10.718782957
207,Si,sc4,1.1000000238418579,3.916569408,8.349463385,2.7434848359999999
208,Si,sc4,1.1000000238418579,3.463024023,8.9413120769999992,11.719956168
209,Si,sc4,1.1000000238418579,1.0657132949999999,8.9580322030000001,3.7164938200000002
210,Si,sc4,1.1000000238418579,6.4320124209999996,8.9191133990000004,7.7515872779999997
211,Si,sc4,1.1000000238418579,2.6129112289999998,5.8624392839999997,7.2737536479999996
212,Si,sc4,1.1000000238418579,7.9634829629999997,5.8471897689999999,11.215682914
213,Si,sc4,1.1000000238418579,5.6159132859999996,5.8439075870000003,3.2283588289999998
214,H,hoy,0.40000000596046448,10.056933894,6.912153483,1.067793641
215,H,hoy,0.40000000596046448,3.942087168,7.8821889690000004,0.699061975
216,O,oc23,-0.55000001192092896,2.7354991549999998,5.4782614260000004,23.216241745000001
217,O,oc23,-0.55000001192092896,8.6670663579999996,5.468062035,15.197848988000001
218,O,oc23,-0.55000001192092896,5.6694311419999996,5.476756666,19.188278617000002
219,O,oc23,-0.55000001192092896,1.627902805,9.2927017769999996,19.157698526000001
220,O,oc23,-0.55000001192092896,7.0338506550000002,9.3304175580000006,23.014906850999999
221,O,oc23,-0.55000001192092896,4.5071698839999996,9.2962852189999996,15.181121472999999
222,O,oc23,-0.55000001192092896,4.590205428,8.6678622139999995,23.587496605999998
223,O,oc23,-0.55000001192092896,2.0461892509999999,8.5238187809999992,15.678172495
224,O,oc23,-0.55000001192092896,7.4663112079999996,8.5680091580000006,19.585321349000001
225,O,oc23,-0.55000001192092896,2.5014749909999998,6.153231925,20.729356449000001
226,O,oc23,-0.55000001192092896,8.4059296230000005,6.2197763520000002,12.710423312
227,O,oc23,-0.55000001192092896,5.4294028189999999,6.2558865109999999,16.699403367999999
228,O,oc23,-0.55000001192092896,2.2404456860000002,7.9511986539999997,22.612102769
229,O,oc23,-0.55000001192092896,5.1068334640000002,7.9880237970000003,18.618721301000001
230,O,oc23,-0.55000001192092896,0.85292041299999999,6.8135512289999998,18.804003586
231,O,oc23,-0.55000001192092896,6.2176092650000001,6.8425982210000003,22.713887896999999
232,O,oc23,-0.55000001192092896,3.8155201719999998,6.810916755,14.731250286
233,O,oc23,-0.55000001192092896,6.2895125490000003,6.0508690620000003,14.242007640000001
234,O,oc23,-0.55000001192092896,0.36102954999999998,6.0829510320000004,22.279318822
235,O,oc23,-0.55000001192092896,3.3150121129999999,6.1118435519999998,18.233577741000001
236,O,oc23,-0.55000001192092896,-0.049932086000000001,8.7081726449999994,17.234024432999998
237,O,oc23,-0.55000001192092896,5.3620356769999997,8.7173267130000003,21.102357128000001
238,O,oc23,-0.55000001192092896,2.8936052029999999,8.7254441289999995,13.201959679
239,Si,sc4,1.1000000238418579,7.85174415,6.426325319,14.205953009
240,Si,sc4,1.1000000238418579,1.9377250770000001,6.4285484259999999,22.212662632000001
241,Si,sc4,1.1000000238418579,4.8792778209999996,6.4605056650000003,18.187921662000001
242,Si,sc4,1.1000000238418579,0.39286454700000001,8.3533316660000008,18.73637828
243,Si,sc4,1.1000000238418579,5.8017212899999997,8.3921823030000002,22.593094213000001
244,Si,sc4,1.1000000238418579,3.3093685819999998,8.3361406470000006,14.704682608000001
245,Si,sc4,1.1000000238418579,3.0017605760000001,8.8954749670000002,23.667494196
246,Si,sc4,1.1000000238418579,0.48567350599999998,8.9052654810000007,15.739497015
247,Si,sc4,1.1000000238418579,5.9071416149999996,8.9495990049999996,19.620620052
248,Si,sc4,1.1000000238418579,2.0660049749999998,5.8522417339999997,19.214390212000001
249,Si,sc4,1.1000000238418579,7.3946084230000002,5.7914635680000002,23.019587798
250,Si,sc4,1.1000000238418579,5.0166823010000003,5.8532659139999996,15.207507086
251,O,oc23,-0.55000001192092896,3.241343954,10.46021477,11.280091447
252,O,oc23,-0.55000001192092896,9.2160387509999993,10.477089962999999,3.3444259409999999
253,O,oc23,-0.55000001192092896,6.1869857320000001,10.455391261000001,7.3401083380000003
254,O,oc23,-0.55000001192092896,2.1509495749999998,14.272960009,7.1726371430000002
255,O,oc23,-0.55000001192092896,7.5709003609999996,14.230852261000001,11.118014377
256,O,oc23,-0.55000001192092896,5.1558169700000001,14.256332617,3.1338081679999998
257,O,oc23,-0.55000001192092896,5.0735385339999999,13.580756993,11.640193862
258,O,oc23,-0.55000001192092896,2.640960325,13.59934971,3.6936818659999999
259,O,oc23,-0.55000001192092896,8.0425563550000003,13.545405611,7.6792633170000002
260,O,oc23,-0.55000001192092896,3.0296818239999999,11.116886836000001,8.7599074389999991
261,O,oc24,-0.67500001192092896,8.9353712040000008,11.133120667,0.81468988200000003
262,O,oc23,-0.55000001192092896,6.0123064880000001,11.108029420999999,4.8203549590000003
263,O,oc23,-0.55000001192092896,2.7312426190000001,12.944356526,10.623227577
264,O,oc23,-0.55000001192092896,5.7129901480000003,12.948656486999999,6.662529438
265,O,oc23,-0.55000001192092896,1.394538429,11.796380652,6.8198382999999998
266,O,oc23,-0.55000001192092896,6.7848920509999999,11.785487306,10.741302701
267,O,oc23,-0.55000001192092896,4.373984342,11.783152935,2.885922222
268,O,oc23,-0.55000001192092896,6.8323596340000003,11.102925663000001,2.3517538849999999
269,O,oc23,-0.55000001192092896,0.896539588,11.058095121999999,10.289100020999999
270,O,oc23,-0.55000001192092896,3.8649410199999998,11.110277107,6.2865957049999999
271,O,oc23,-0.55000001192092896,0.510710738,13.696138276999999,5.2198667629999997
272,O,oc23,-0.55000001192092896,5.8979761860000002,13.661883980000001,9.1719679480000007
273,O,oc24,-0.67500001192092896,3.52769412,13.551150277,1.185072898
274,Si,sc4,1.1000000238418579,8.4049953229999996,11.4239991,2.3294333260000002
275,Si,sc4,1.1000000238418579,2.4716772680000001,11.401109544000001,10.238148339
276,Si,sc4,1.1000000238418579,5.4429557800000001,11.410235261,6.2883448099999999
277,Si,sc4,1.1000000238418579,0.93177982699999995,13.331611302000001,6.7291666809999997
278,Si,sc4,1.1000000238418579,6.327709402,13.317291901999999,10.673561549
279,Si,sc4,1.1000000238418579,3.917987004,13.309408203,2.7479866610000001
280,Si,sc4,1.1000000238418579,3.498709184,13.909682944,11.658486333000001
281,Si,sc4,1.1000000238418579,1.0620793909999999,13.944930784,3.7300942770000001
282,Si,sc4,1.1000000238418579,6.4803850599999997,13.905924126,7.6966657410000003
283,Si,sc4,1.1000000238418579,2.6079881650000001,10.830859805999999,7.2451651290000001
284,Si,sc4,1.1000000238418579,7.9900541790000004,10.832998870000001,11.180656721
285,Si,sc4,1.1000000238418579,5.5839197980000002,10.822312564000001,3.3060440839999998
286,H,hoy,0.40000000596046448,3.952112128,12.884718074,0.67862537300000003
287,H,hoy,0.40000000596046448,8.9518241140000008,11.961360102,0.37171760100000001
288,O,oc23,-0.55000001192092896,2.7174233170000002,10.438866811,23.339511449
289,O,oc23,-0.55000001192092896,8.6791867309999997,10.432784718000001,15.154788986
290,O,oc23,-0.55000001192092896,5.7099093569999999,10.482896292,19.202193627
291,O,oc23,-0.55000001192092896,1.6476260460000001,14.28514751,19.060245805000001
292,O,oc23,-0.55000001192092896,7.021387829,14.349501403,23.045041397999999
293,O,oc23,-0.55000001192092896,4.5893147189999999,14.259276689,15.071101000000001
294,O,oc23,-0.55000001192092896,4.5563721189999997,13.677521882000001,23.608783139
295,O,oc23,-0.55000001192092896,2.1172984380000002,13.603656995,15.616639704000001
296,O,oc23,-0.55000001192092896,7.4984340029999998,13.589057295,19.619541461000001
297,O,oc23,-0.55000001192092896,2.5302794849999999,11.149061027,20.805412932999999
298,O,oc23,-0.55000001192092896,8.4048235630000008,11.192681973999999,12.686473765000001
299,O,oc23,-0.55000001192092896,5.4354837079999996,11.218513838,16.711102319999998
300,O,oc23,-0.55000001192092896,2.2174774089999998,12.965646746999999,22.667019834000001
301,O,oc23,-0.55000001192092896,5.1385039240000001,12.972707749,18.624728865000002
302,O,oc23,-0.55000001192092896,0.86552313999999997,11.788961909999999,18.848576676
303,O,oc23,-0.55000001192092896,6.2393889040000001,11.842164616,22.756717575
304,O,oc23,-0.55000001192092896,3.8078850449999999,11.784853735,14.749306004999999
305,O,oc23,-0.55000001192092896,6.2775279150000003,11.020577587,14.233263972
306,O,oc23,-0.55000001192092896,0.38050229000000002,11.093382004,22.306891621999998
307,O,oc23,-0.55000001192092896,3.320524781,11.090570987,18.287072459000001
308,O,oc23,-0.55000001192092896,-0.0086020109999999997,13.608511053000001,17.145547274999998
309,O,oc23,-0.55000001192092896,5.3639205360000002,13.718668164,21.120400891999999
310,O,oc23,-0.55000001192092896,2.9320744919999999,13.659793606999999,13.131425969
311,Si,sc4,1.1000000238418579,7.8509889499999996,11.386345849,14.174780238
312,Si,sc4,1.1000000238418579,1.9555104080000001,11.415973611,22.298366043000001
313,Si,sc4,1.1000000238418579,4.8921882390000002,11.439552556000001,18.210812824000001
314,Si,sc4,1.1000000238418579,0.41745756000000001,13.323092901000001,18.666770747000001
315,Si,sc4,1.1000000238418579,5.7981793760000002,13.386339969,22.635121982000001
316,Si,sc4,1.1000000238418579,3.3587187950000001,13.321478828,14.644328607
317,Si,sc4,1.1000000238418579,2.9741153499999999,13.961525753,23.659674974000001
318,Si,sc4,1.1000000238418579,0.54059724200000003,13.889014859,15.661581666
319,Si,sc4,1.1000000238418579,5.9280976389999998,13.938696405,19.637655751
320,Si,sc4,1.1000000238418579,2.079687861,10.830567078,19.282864232000001
321,Si,sc4,1.1000000238418579,7.4634281869999999,10.870870031999999,23.120464857999998
322,Si,sc4,1.1000000238418579,5.007442685,10.823350573000001,15.213672955
323,O,oc23,-0.55000001192092896,3.2607078060000001,15.439386809,11.231512788
324,O,oc23,-0.55000001192092896,9.1862626610000007,15.455218602,3.3332687160000001
325,O,oc23,-0.55000001192092896,6.2642468259999999,15.428260369,7.2752251210000001
326,O,oc23,-0.55000001192092896,2.1625743260000001,19.252277468999999,7.1205025900000001
327,O,oc23,-0.55000001192092896,7.5306885909999997,19.221027506999999,11.206213213
328,O,oc23,-0.55000001192092896,5.2291858280000003,19.195424068000001,3.24924641
329,O,oc23,-0.55000001192092896,5.0740463309999999,18.419588095000002,11.671737767
330,O,oc23,-0.55000001192092896,2.712063042,18.574557808000002,3.6784429369999998
331,O,oc23,-0.55000001192092896,8.0361495909999991,18.513214487999999,7.6791935259999997
332,O,oc23,-0.55000001192092896,3.0476743540000002,16.180822863,8.733301376
333,O,oc24,-0.89999997615814209,8.9838562750000008,16.10728138,0.77435627100000004
334,O,oc23,-0.55000001192092896,6.0607011059999998,16.121540994,4.7718653289999997
335,O,oc23,-0.55000001192092896,2.7070655330000002,17.918019372,10.659878020000001
336,O,oc23,-0.55000001192092896,5.6822178650000001,17.901910632,6.6961817449999996
337,O,oc23,-0.55000001192092896,1.4684729560000001,16.760719573999999,6.731665682
338,O,oc23,-0.55000001192092896,6.8710532090000003,16.701977741,10.785603362
339,O,oc23,-0.55000001192092896,4.4259319340000003,16.761826717999998,2.8441483110000001
340,O,oc23,-0.55000001192092896,6.8711626309999998,16.095152737999999,2.299500519
341,O,oc23,-0.55000001192092896,0.91002528999999999,16.049166789000001,10.248035407
342,O,oc23,-0.55000001192092896,3.9265621409999998,15.98236702,6.2726204770000002
343,O,oc23,-0.55000001192092896,0.54320584599999999,18.649651474999999,5.1598576280000001
344,O,oc23,-0.55000001192092896,5.9244721880000002,18.567846785,9.222155699
345,O,oc24,-0.67500001192092896,3.674214783,18.673695271,1.2377547659999999
346,Si,sc4,0.72500002384185791,8.4405991260000004,16.402766526000001,2.2858018480000002
347,Si,sc4,1.1000000238418579,2.4784763650000001,16.399079864000001,10.216129744
348,Si,sc4,1.1000000238418579,5.4860849920000003,16.366648156,6.253145086
349,Si,sc4,1.1000000238418579,0.960606183,18.281428451,6.6741444740000002
350,Si,sc4,1.1000000238418579,6.3566463840000003,18.225573174000001,10.725880018
351,Si,sc4,1.1000000238418579,4.0010371119999997,18.296379955999999,2.7833235940000001
352,Si,sc4,1.1000000238418579,3.5190862159999998,18.852900250000001,11.675569657
353,Si,sc4,1.1000000238418579,1.1272699829999999,18.912390004999999,3.668188776
354,Si,sc4,1.1000000238418579,6.4683514999999998,18.843073141000001,7.7394500089999996
355,Si,sc4,1.1000000238418579,2.6490583910000001,15.799744111000001,7.2284777059999996
356,Si,sc4,1.1000000238418579,8.0789950229999992,15.744884018,11.224675578999999
357,Si,sc4,1.1000000238418579,5.6247214080000001,15.799624922,3.2623184589999998
358,H,hoy,0.40000000596046448,3.6356083080000001,17.873912795999999,0.74919703100000001
359,O,oc23,-0.55000001192092896,2.6807910779999999,15.487337157000001,23.233336087000001
360,O,oc23,-0.55000001192092896,8.676169582,15.377530797,15.261194887
361,O,oc23,-0.55000001192092896,5.7032345500000003,15.467054237999999,19.195891163999999
362,O,oc23,-0.55000001192092896,1.6015177220000001,19.304557635999998,19.125326617999999
363,O,oc23,-0.55000001192092896,6.9988660290000002,19.288590622000001,23.000795972999999
364,O,oc23,-0.55000001192092896,4.5494022860000003,19.250989779000001,15.111552522
365,O,oc23,-0.55000001192092896,4.512517624,18.591216357,23.566680848000001
366,O,oc23,-0.55000001192092896,2.0906837340000002,18.456768231000002,15.600904123999999
367,O,oc23,-0.55000001192092896,7.4861515130000003,18.615628957999999,19.600302185
368,O,oc23,-0.55000001192092896,2.5654523440000001,16.147455827000002,20.663837480000002
369,O,oc23,-0.55000001192092896,8.5068168649999993,16.072274831000001,12.736699017999999
370,O,oc23,-0.55000001192092896,5.4930563919999997,16.145757166999999,16.670867983000001
371,O,oc23,-0.55000001192092896,2.2009443320000002,17.961520705000002,22.529153225999998
372,O,oc23,-0.55000001192092896,5.1624168949999998,17.943300092000001,18.561271943000001
373,O,oc23,-0.55000001192092896,0.90787694500000005,16.781740787,18.729676119000001
374,O,oc23,-0.55000001192092896,6.2207868399999997,16.818249903000002,22.690335135000002
375,O,oc23,-0.55000001192092896,3.8747386239999999,16.751041227999998,14.691199315
376,O,oc23,-0.55000001192092896,6.3548712160000003,15.998700351,14.21217364
377,O,oc23,-0.55000001192092896,0.40372566900000001,16.129138482999998,22.110832227
378,O,oc23,-0.55000001192092896,3.3675993599999998,16.062215323,18.182781571
379,O,oc23,-0.55000001192092896,0.0072724649999999997,18.669643804,17.126447902999999
380,O,oc23,-0.55000001192092896,5.3330439610000004,18.664107997999999,21.078322717999999
381,O,oc23,-0.55000001192092896,2.9372699469999999,18.648005655999999,13.152352508
382,Si,sc4,1.1000000238418579,7.9241905189999997,16.337932498000001,14.213944381999999
383,Si,sc4,1.1000000238418579,1.9747397,16.427268367,22.131792526000002
384,Si,sc4,1.1000000238418579,4.9288892569999998,16.411614133,18.147571378999999
385,Si,sc4,1.1000000238418579,0.42686370200000001,18.321627530000001,18.631978173
386,Si,sc4,1.1000000238418579,5.7648749090000004,18.339344389000001,22.585740270999999
387,Si,sc4,1.1000000238418579,3.3609459880000001,18.274208144999999,14.646339015000001
388,Si,sc4,1.1000000238418579,2.9430837439999999,18.919331428,23.576755581
389,Si,sc4,1.1000000238418579,0.53696791399999999,18.853402297999999,15.634219113
390,Si,sc4,1.1000000238418579,5.9095795329999996,18.911901254,19.605063518000001
391,Si,sc4,1.1000000238418579,2.121054945,15.811044501,19.158994971999999
392,Si,sc4,0.72500002384185791,7.4403217369999997,15.892492620000001,23.142459110000001
393,Si,sc4,1.1000000238418579,5.0753328120000001,15.786478311,15.159988664
394,O,oc23,-0.55000001192092896,3.3501656720000001,20.392675262000001,11.230188098999999
395,O,oc23,-0.55000001192092896,9.2524514690000004,20.425085426999999,3.3125319559999999
396,O,oc23,-0.55000001192092896,6.2248392890000002,20.384239585,7.3723315009999997
397,O,oc23,-0.55000001192092896,2.150216935,24.271916758,7.1185155629999999
398,O,oc23,-0.55000001192092896,7.561536781,24.218916374999999,11.168001885000001
399,O,oc23,-0.55000001192092896,5.2331243230000002,24.162058073000001,3.2295326919999998
400,O,oc23,-0.55000001192092896,5.078828004,23.521788560000001,11.655522397
401,O,oc23,-0.55000001192092896,2.7317255899999999,23.463608166,3.6027210030000001
402,O,oc23,-0.55000001192092896,8.0756257110000007,23.572227145999999,7.6573449550000001
403,O,oc23,-0.55000001192092896,3.0835729390000002,21.144733711000001,8.7091564899999998
404,O,oc24,-0.67500001192092896,9.069745588,21.034783611999998,0.79182356300000001
405,O,oc23,-0.55000001192092896,6.1423573630000003,21.044075947,4.8533604390000002
406,O,oc23,-0.55000001192092896,2.7373650170000001,22.891914215,10.654444718000001
407,O,oc23,-0.55000001192092896,5.7702338580000001,22.885111811000002,6.6913377619999999
408,O,oc23,-0.55000001192092896,1.4726813139999999,21.776007,6.6582373429999997
409,O,oc23,-0.55000001192092896,6.8062397499999996,21.723939158,10.812422577
410,O,oc23,-0.55000001192092896,4.5286159780000004,21.681751788,2.876750522
411,O,oc23,-0.55000001192092896,6.9310760580000004,20.978299026999998,2.349840892
412,O,oc23,-0.55000001192092896,0.98052594500000001,20.993213583999999,10.247245176
413,O,oc23,-0.55000001192092896,3.933218637,21.009201562000001,6.2644083699999999
414,O,oc23,-0.55000001192092896,0.59095640400000005,23.759797868,5.1259658669999997
415,O,oc23,-0.55000001192092896,5.9470947450000002,23.584594238000001,9.2014997479999998
416,O,oc24,-0.67500001192092896,3.8255549200000001,23.47703976,1.149910794
417,Si,sc4,1.1000000238418579,8.4844859209999992,21.360250780000001,2.2837189009999999
418,Si,sc4,1.1000000238418579,2.5496779869999999,21.354786779000001,10.212919823
419,Si,sc4,1.1000000238418579,5.5243574070000001,21.341134459999999,6.3059130129999996
420,Si,sc4,1.1000000238418579,0.96657314299999997,23.319879598,6.6151827169999997
421,Si,sc4,1.1000000238418579,6.351390597,23.263946288,10.716048166
422,Si,sc4,1.1000000238418579,4.0645522390000002,23.198665213000002,2.7371031289999999
423,Si,sc4,1.1000000238418579,3.5150542370000002,23.876967935,11.661663614
424,Si,sc4,1.1000000238418579,1.170781133,23.900362255000001,3.6282244129999999
425,Si,sc4,1.1000000238418579,6.5049053639999999,23.864375852999999,7.7238517279999996
426,Si,sc4,1.1000000238418579,2.6399949409999999,20.794687410000002,7.1938899789999997
427,Si,sc4,1.1000000238418579,8.0128277600000004,20.759982526000002,11.259409044
428,Si,sc4,1.1000000238418579,5.7212746699999997,20.710065201999999,3.3388022300000002
429,H,hoy,0.40000000596046448,9.6722520079999992,20.318450317,0.85776658800000005
430,H,hoy,0.40000000596046448,4.2913603519999999,22.805309015999999,0.68780082799999998
431,O,oc23,-0.55000001192092896,2.7021790370000001,20.451034234000002,23.194769845
432,O,oc23,-0.55000001192092896,8.6544864970000006,20.391135081000002,15.246187895
433,O,oc23,-0.55000001192092896,5.6554807589999996,20.441930989999999,19.198168372000001
434,O,oc23,-0.55000001192092896,1.5725698990000001,24.249371607,19.075278778000001
435,O,oc23,-0.55000001192092896,6.9598240069999999,24.243025900999999,22.972991949000001
436,O,oc23,-0.55000001192092896,4.5693917610000003,24.242272396000001,15.106110227
437,O,oc23,-0.55000001192092896,4.4839285909999997,23.558909758999999,23.589893302
438,O,oc23,-0.55000001192092896,2.0883389650000002,23.521608778000001,15.614141129
439,O,oc23,-0.55000001192092896,7.4489192590000002,23.529898888999998,19.629151025999999
440,O,oc23,-0.55000001192092896,2.4615463420000001,21.234913516999999,20.706260958000001
441,O,oc23,-0.55000001192092896,8.4526273189999994,21.146979003999999,12.752154553
442,O,oc23,-0.55000001192092896,5.4360107539999998,21.137014146999999,16.685283686999998
443,O,oc23,-0.55000001192092896,2.0771309859999998,22.942035152999999,22.673924509999999
444,O,oc23,-0.55000001192092896,5.1291847219999998,22.920388766999999,18.570072309
445,O,oc23,-0.55000001192092896,0.84618470199999996,21.773827301000001,18.721751619999999
446,O,oc23,-0.55000001192092896,6.1908072379999997,21.756721819999999,22.777993827
447,O,oc23,-0.55000001192092896,3.83472787,21.758043583999999,14.711148403999999
448,O,oc23,-0.55000001192092896,6.3050230300000001,20.991026247000001,14.229295568
449,O,oc23,-0.55000001192092896,0.334000664,21.027148353000001,22.225807235000001
450,O,oc23,-0.55000001192092896,3.3135153559999999,21.068429109,18.218921116000001
451,O,oc23,-0.55000001192092896,-0.056431818000000002,23.652538231000001,17.128029297000001
452,O,oc23,-0.55000001192092896,5.2893707289999998,23.538425544999999,21.092079307999999
453,O,oc23,-0.55000001192092896,2.9461790400000001,23.671682542999999,13.146902024999999
454,Si,sc4,1.1000000238418579,7.871082511,21.362821529000001,14.233384488
455,Si,sc4,1.1000000238418579,1.8927035169999999,21.422860350000001,22.198431493000001
456,Si,sc4,1.1000000238418579,4.8794320239999998,21.396310152000002,18.161571689999999
457,Si,sc4,1.1000000238418579,0.35379978200000001,23.301930603999999,18.636600569999999
458,Si,sc4,1.1000000238418579,5.7238337330000002,23.282299323,22.610095510000001
459,Si,sc4,1.1000000238418579,3.3577191609999999,23.29489337,14.649476375000001
460,Si,sc4,1.1000000238418579,2.9144498429999999,23.908765582000001,23.648978884000002
461,Si,sc4,1.1000000238418579,0.515655537,23.873843036,15.645565763
462,Si,sc4,1.1000000238418579,5.8737347680000003,23.850297327,19.632342647000002
463,Si,sc4,1.1000000238418579,2.0589157,20.841654741999999,19.196389687
464,Si,sc4,1.1000000238418579,7.4415718000000002,20.820962482999999,23.139050908000002
465,Si,sc4,1.1000000238418579,5.0248359599999999,20.785156076,15.175828899000001
466,O,oc23,-0.55000001192092896,3.3034740810000001,25.406287833,11.210434812000001
467,O,oc23,-0.55000001192092896,9.2826146949999995,25.420940825999999,3.2307939509999999
468,O,oc23,-0.55000001192092896,6.2261573190000004,25.387896560000002,7.3473351449999997
469,O,oc23,-0.55000001192092896,2.125474643,29.255074264000001,7.1886203880000004
470,O,oc23,-0.55000001192092896,7.5426556480000002,29.200617744999999,11.111028972
471,O,oc23,-0.55000001192092896,5.1665528649999999,29.167184460000001,2.9316861649999999
472,O,oc23,-0.55000001192092896,5.0720112659999996,28.456817276999999,11.66210495
473,O,oc23,-0.55000001192092896,2.6955656870000002,28.538179498000002,3.7047468100000001
474,O,oc23,-0.55000001192092896,8.0348305050000004,28.530799001999998,7.6712383590000002
475,O,oc23,-0.55000001192092896,3.0450829810000002,26.193807078999999,8.7171415989999996
476,O,oc24,-0.67500001192092896,9.0528132679999995,26.330572945,0.74634241400000001
477,O,oc23,-0.55000001192092896,6.1034366990000004,26.048048820000002,4.8262468509999996
478,O,oc23,-0.55000001192092896,2.678700386,27.897151096000002,10.701832022
479,O,oc23,-0.55000001192092896,5.71231402,27.872858357999998,6.6798935830000001
480,O,oc23,-0.55000001192092896,1.46273527,26.775386577999999,6.6698674760000003
481,O,oc23,-0.55000001192092896,6.8288887889999996,26.708039157000002,10.741572140000001
482,O,oc23,-0.55000001192092896,4.4111842259999996,26.645284636,2.8953929810000001
483,O,oc23,-0.55000001192092896,6.9036939840000002,25.999426279000001,2.3147390529999998
484,O,oc23,-0.55000001192092896,0.91971453700000005,25.997188893000001,10.258242703000001
485,O,oc23,-0.55000001192092896,3.9214363689999998,25.997117025000001,6.2695739289999999
486,O,oc23,-0.55000001192092896,0.56311031300000003,28.761605651,5.2017934690000001
487,O,oc23,-0.55000001192092896,5.8980781459999996,28.599134977999999,9.1802047689999995
488,O,oc24,-0.67500001192092896,3.3050668179999998,28.264172468000002,1.1904167670000001
489,Si,sc4,1.1000000238418579,8.4602555210000006,26.415192239,2.267533925
490,Si,sc4,1.1000000238418579,2.4866898260000001,26.375067006999998,10.219296206999999
491,Si,sc4,1.1000000238418579,5.5003076569999996,26.326508976,6.2841450500000002
492,Si,sc4,1.1000000238418579,0.95134911300000002,28.299076933999999,6.6581551790000004
493,Si,sc4,1.1000000238418579,6.3307801430000001,28.235278091000001,10.681409759999999
494,Si,sc4,1.1000000238418579,3.9064552469999998,28.167903236000001,2.7074275569999999
495,Si,sc4,1.1000000238418579,3.501703977,28.844444422999999,11.704539604000001
496,Si,sc4,1.1000000238418579,1.132279627,28.946340983999999,3.7248497060000001
497,Si,sc4,1.1000000238418579,6.4639868180000004,28.852321299,7.6948833529999998
498,Si,sc4,1.1000000238418579,2.6316506999999998,25.807914067999999,7.1982517350000004
499,Si,sc4,1.1000000238418579,8.0400974460000008,25.755078068,11.211637398000001
500,Si,sc4,1.1000000238418579,5.6815666120000001,25.724141438,3.3128121799999999
501,H,hoy,0.40000000596046448,2.401957189,28.492905396000001,1.291204434
502,H,hoy,0.40000000596046448,9.8609452540000007,26.820922995,0.74646501600000004
503,O,oc23,-0.55000001192092896,2.6830919099999999,25.430718636000002,23.222957848
504,O,oc23,-0.55000001192092896,8.6763340010000007,25.400398730999999,15.229004151
505,O,oc23,-0.55000001192092896,5.6262365110000001,25.388150002,19.261358859000001
506,O,oc23,-0.55000001192092896,1.61661693,29.249322729999999,19.095853541
507,O,oc23,-0.55000001192092896,7.0004814959999999,29.282206228,23.130046287999999
508,O,oc23,-0.55000001192092896,4.5714649190000003,29.222648342999999,15.143413924000001
509,O,oc23,-0.55000001192092896,4.5040180589999999,28.560565050000001,23.632100628
510,O,oc23,-0.55000001192092896,2.0980000649999999,28.499467737,15.660732416
511,O,oc23,-0.55000001192092896,7.4765357860000003,28.549485707999999,19.608253744999999
512,O,oc23,-0.55000001192092896,2.4769535509999998,26.076184697999999,20.710602454
513,O,oc23,-0.55000001192092896,8.4544085560000006,26.145718186,12.715764636999999
514,O,oc23,-0.55000001192092896,5.4793655530000001,26.074982977000001,16.732736676999998
515,O,oc23,-0.55000001192092896,2.181229219,27.916431633999998,22.553312350999999
516,O,oc23,-0.55000001192092896,5.1497478259999996,27.893809607000001,18.616790813000001
517,O,oc23,-0.55000001192092896,0.86055945599999994,26.759613701999999,18.772559578999999
518,O,oc23,-0.55000001192092896,6.2249506889999999,26.754611086000001,22.865754054
519,O,oc23,-0.55000001192092896,3.841618923,26.728293706999999,14.777959215999999
520,O,oc23,-0.55000001192092896,6.3159346449999996,26.020991305999999,14.238939779000001
521,O,oc23,-0.55000001192092896,0.32349727700000003,26.063847719999998,22.228536715000001
522,O,oc23,-0.55000001192092896,3.3193901069999998,26.040610822000001,18.226921926999999
523,O,oc23,-0.55000001192092896,-0.042504404000000003,28.625417943999999,17.165551702999998
524,O,oc23,-0.55000001192092896,5.3507435440000002,28.580266457,21.155082878000002
525,O,oc23,-0.55000001192092896,2.9363133549999998,28.638680792999999,13.197800853
526,Si,sc4,1.1000000238418579,7.887510142,26.367066313999999,14.204031423
527,Si,sc4,1.1000000238418579,1.907602561,26.378902549999999,22.178241869000001
528,Si,sc4,1.1000000238418579,4.8972228700000002,26.356785078000001,18.208074452999998
529,Si,sc4,1.1000000238418579,0.40161523199999999,28.292191509999999,18.672836995000001
530,Si,sc4,1.1000000238418579,5.7795018599999999,28.297426700999999,22.688834537000002
531,Si,sc4,1.1000000238418579,3.35941885,28.267290928000001,14.696917750000001
532,Si,sc4,1.1000000238418579,2.9278072079999999,28.883796211,23.598052237000001
533,Si,sc4,1.1000000238418579,0.52589422799999996,28.851299496999999,15.685024225999999
534,Si,sc4,1.1000000238418579,5.9036831139999997,28.862500232999999,19.662334587
535,Si,sc4,1.1000000238418579,2.0597610259999999,25.778966644,19.194226167
536,Si,sc4,1.1000000238418579,7.4420072450000001,25.75832947,23.16482156
537,Si,sc4,1.1000000238418579,5.0581530800000003,25.769048528999999,15.211426402000001
538,O,oc23,-0.55000001192092896,3.2920542639999999,30.374386753,11.257727282999999
539,O,oc23,-0.55000001192092896,9.2593296330000001,30.421679848,3.2652862890000001
540,O,oc23,-0.55000001192092896,6.1937047090000004,30.362748105000001,7.2616720719999996
541,O,oc23,-0.55000001192092896,2.0923432150000001,34.208641626000002,7.2414830700000001
542,O,oc23,-0.55000001192092896,7.513084643,34.150230235000002,11.138104239
543,O,oc23,-0.55000001192092896,5.0755966619999997,34.140016693,3.095641267
544,O,oc23,-0.55000001192092896,5.0626083519999998,33.422383891000003,11.662117414000001
545,O,oc23,-0.55000001192092896,2.6176031559999999,33.401411271999997,3.715064527
546,O,oc23,-0.55000001192092896,7.9987918149999997,33.457794343000003,7.6928858389999997
547,O,oc23,-0.55000001192092896,3.058025276,31.140991996,8.7457271379999995
548,O,oc24,-0.67500001192092896,9.0596485569999992,31.288324864,0.75050935699999999
549,O,oc23,-0.55000001192092896,5.9988403909999999,30.987273911999999,4.7247074769999999
550,O,oc23,-0.55000001192092896,2.7007256499999999,32.858013462000002,10.683394689
551,O,oc23,-0.55000001192092896,5.6930706569999998,32.827717321000002,6.6310360319999999
552,O,oc23,-0.55000001192092896,1.3951849670000001,31.725628455999999,6.8149981640000004
553,O,oc23,-0.55000001192092896,6.8067419520000003,31.665048549000002,10.772585168999999
554,O,oc23,-0.55000001192092896,4.3666209050000004,31.648330978000001,2.7784882500000001
555,O,oc23,-0.55000001192092896,6.8955260909999998,31.084172124999998,2.2557041139999998
556,O,oc23,-0.55000001192092896,0.92346542399999998,30.977597893999999,10.249081043
557,O,oc23,-0.55000001192092896,3.858837109,30.968033775999999,6.2511145099999998
558,O,oc23,-0.55000001192092896,0.50472616000000003,33.668674852999999,5.2703984220000004
559,O,oc23,-0.55000001192092896,5.8708475079999998,33.531364467000003,9.1810676040000008
560,O,oc24,-0.67500001192092896,3.3634820479999998,33.488563581999998,1.1927169660000001
561,Si,sc4,1.1000000238418579,8.4708492139999993,31.402067974000001,2.2642604309999999
562,Si,sc4,1.1000000238418579,2.4938561670000001,31.334879021999999,10.239314738999999
563,Si,sc4,1.1000000238418579,5.4272582549999999,31.290010954,6.2050960550000003
564,Si,sc4,1.1000000238418579,0.90149482299999995,33.251986956000003,6.7642243610000001
565,Si,sc4,1.1000000238418579,6.3132985169999998,33.187446325000003,10.691078266
566,Si,sc4,1.1000000238418579,3.856062857,33.168456427999999,2.7176411709999999
567,Si,sc4,1.1000000238418579,3.4982337559999999,33.806607712999998,11.689014002
568,Si,sc4,1.1000000238418579,1.073313586,33.878071413999997,3.7781316469999999
569,Si,sc4,1.1000000238418579,6.4366574930000002,33.781539189999997,7.6959815279999999
570,Si,sc4,1.1000000238418579,2.6171535659999998,30.778002321999999,7.2462179090000003
571,Si,sc4,1.1000000238418579,8.0217176030000008,30.728174011,11.212918973000001
572,Si,sc4,1.1000000238418579,5.6140220809999999,30.710588034000001,3.1734088539999998
573,H,hoy,0.40000000596046448,2.977337957,32.704089027000002,0.83942868999999998
574,H,hoy,0.40000000596046448,8.3343174950000005,31.454556879999998,0.16982845699999999
575,O,oc23,-0.55000001192092896,2.686688696,30.40902633,23.204806689000002
576,O,oc23,-0.55000001192092896,8.6409675020000005,30.383839818999999,15.227831871999999
577,O,oc23,-0.55000001192092896,5.6557230570000003,30.394831871000001,19.248792549000001
578,O,oc23,-0.55000001192092896,1.5269217610000001,34.242627939000002,19.229451794999999
579,O,oc23,-0.55000001192092896,6.9731148770000004,34.264981667000001,23.013074395
580,O,oc23,-0.55000001192092896,4.543224586,34.191438347999998,15.129559751
581,O,oc23,-0.55000001192092896,4.5277127139999997,33.534161709000003,23.583813937999999
582,O,oc23,-0.55000001192092896,2.080926893,33.431146634000001,15.647210092
583,O,oc23,-0.55000001192092896,7.5023479159999997,33.511535492999997,19.600289954000001
584,O,oc23,-0.55000001192092896,2.4933137799999998,31.123232209000001,20.705719155000001
585,O,oc23,-0.55000001192092896,8.444534569,31.090212852000001,12.720957440999999
586,O,oc23,-0.55000001192092896,5.4751115390000002,31.095816639999999,16.716336444
587,O,oc23,-0.55000001192092896,2.1673090230000001,32.911197428000001,22.606272950000001
588,O,oc23,-0.55000001192092896,5.1530218530000003,32.883869363999999,18.578479717
589,O,oc23,-0.55000001192092896,0.88480659299999997,31.735218422999999,18.748954564999998
590,O,oc23,-0.55000001192092896,6.2759994839999997,31.765671186999999,22.655198661
591,O,oc23,-0.55000001192092896,3.8461201389999999,31.699337903,14.754476716999999
592,O,oc23,-0.55000001192092896,6.3126915910000001,30.978107157,14.238733801
593,O,oc23,-0.55000001192092896,0.34857666500000001,31.031559305999998,22.236786380000002
594,O,oc23,-0.55000001192092896,3.3332260279999999,31.029990891000001,18.224041243999999
595,O,oc23,-0.55000001192092896,-0.044972758000000002,33.612380006999999,17.191786198999999
596,O,oc23,-0.55000001192092896,5.3406376099999999,33.634469488000001,21.086529789
597,O,oc23,-0.55000001192092896,2.9234364660000001,33.572163416000002,13.172300462999999
598,Si,sc4,1.1000000238418579,7.8719331480000001,31.337566892000002,14.200928655
599,Si,sc4,1.1000000238418579,1.9225113089999999,31.376993905999999,22.186223944999998
600,Si,sc4,1.1000000238418579,4.9064879079999999,31.349741001000002,18.196828164999999
601,Si,sc4,1.1000000238418579,0.36678296599999999,33.252909291000002,18.715868886999999
602,Si,sc4,1.1000000238418579,5.7720371779999997,33.294903466999997,22.593763912
603,Si,sc4,1.1000000238418579,3.3457396240000001,33.221511053,14.679765653
604,Si,sc4,1.1000000238418579,2.961266417,33.863481559,23.619500765000002
605,Si,sc4,1.1000000238418579,0.51192710699999999,33.794635247000002,15.688000459
606,Si,sc4,1.1000000238418579,5.9209123650000004,33.843751163,19.610281093000001
607,Si,sc4,1.1000000238418579,2.083969035,30.781673738999999,19.196488959
608,Si,sc4,0.72500002384185791,7.4966654310000003,30.817782048000002,23.094282231000001
609,Si,sc4,1.1000000238418579,5.0534777760000003,30.751168507999999,15.212957799
610,O,oc23,-0.55000001192092896,11.689058231000001,0.47393211499999999,11.10484874
611,O,oc23,-0.55000001192092896,17.542119407000001,0.52320447599999997,3.3831919300000002
612,O,oc23,-0.55000001192092896,14.584537077,0.43509336300000001,7.2056037679999996
613,O,oc23,-0.55000001192092896,10.481846363000001,4.3444105659999996,7.2279846550000002
614,O,oc23,-0.55000001192092896,15.839497024,4.2673607139999996,11.135604017
615,O,oc23,-0.55000001192092896,13.388526702,4.263854502,2.9191281990000002
616,O,oc23,-0.55000001192092896,13.369357490000001,3.5403680180000001,11.631698921
617,O,oc23,-0.55000001192092896,10.944520990999999,3.557862182,3.674753162
618,O,oc23,-0.55000001192092896,16.337158542000001,3.5907641369999999,7.6364522670000001
619,O,oc23,-0.55000001192092896,11.365753478,1.303604317,8.6438924329999995
620,O,oc24,-0.67500001192092896,17.614825432,1.1235884119999999,0.85468472699999998
621,O,oc23,-0.55000001192092896,14.369826979999999,1.0406713439999999,4.6576814549999996
622,O,oc23,-0.55000001192092896,10.993257112,2.9536664130000001,10.646732149
623,O,oc23,-0.55000001192092896,8.472045263,3.087556851,2.8728471340000001
624,O,oc23,-0.55000001192092896,14.031346528,2.8982767759999999,6.5742936570000001
625,O,oc23,-0.55000001192092896,9.7997759519999992,1.8766674320000001,6.6563534710000001
626,O,oc23,-0.55000001192092896,15.12117823,1.7737362510000001,10.791340592999999
627,O,oc23,-0.55000001192092896,12.689607878,1.741635364,2.712871137
628,O,oc23,-0.55000001192092896,15.263588996999999,1.0298617320000001,2.1831776289999998
629,O,oc23,-0.55000001192092896,9.2701276709999991,1.014774793,10.214074974000001
630,O,oc23,-0.55000001192092896,12.236623155,1.007236553,6.1945451199999999
631,O,oc23,-0.55000001192092896,8.8899907070000008,3.9019540789999998,5.2822097509999999
632,O,oc23,-0.55000001192092896,14.199585343000001,3.6196751580000002,9.1362654039999995
633,O,oc24,-0.89999997615814209,11.509756512999999,3.5346633089999999,1.1244181099999999
634,Si,sc4,1.1000000238418579,16.844924424999999,1.439441272,2.2712882140000001
635,Si,sc4,1.1000000238418579,10.824720038000001,1.434420767,10.151404999
636,Si,sc4,1.1000000238418579,13.800886942,1.3564712969999999,6.1445606740000001
637,Si,sc4,1.1000000238418579,9.3027778239999996,3.4027400029999999,6.7217536669999998
638,Si,sc4,1.1000000238418579,14.631653172,3.3053598929999999,10.668374154
639,Si,sc4,0.72500002384185791,12.156487545999999,3.2634420259999999,2.62288823
640,Si,sc4,1.1000000238418579,11.800314,3.9031493610000001,11.659363925999999
641,Si,sc4,1.1000000238418579,9.4003533689999994,4.0268698919999997,3.7815000209999998
642,Si,sc4,1.1000000238418579,14.755594289999999,3.8757179609999999,7.6447779469999997
643,Si,sc4,1.1000000238418579,10.958618156,0.88746440299999996,7.1537707929999996
644,Si,sc4,1.1000000238418579,16.347995912999998,0.82030092499999996,11.210736187
645,Si,sc4,1.1000000238418579,13.935623734,0.79411444200000003,3.1122416730000002
646,H,hoy,0.40000000596046448,17.063249556999999,0.54576796599999999,0.36102079199999998
647,O,oc23,-0.55000001192092896,10.931183734999999,0.53577454599999996,23.268027880000002
648,O,oc23,-0.55000001192092896,16.960373859000001,0.438071724,15.24093746
649,O,oc23,-0.55000001192092896,14.035709927999999,0.52446758999999998,19.214167320000001
650,O,oc23,-0.55000001192092896,9.8749168350000005,4.3953499689999997,19.211376348000002
651,O,oc23,-0.55000001192092896,15.288913422,4.3752551879999997,23.031876333
652,O,oc23,-0.55000001192092896,12.912647323,4.3070191759999998,15.09525751
653,O,oc23,-0.55000001192092896,12.807326845,3.656208452,23.612793197999999
654,O,oc23,-0.55000001192092896,10.432305799,3.5839435759999998,15.626892214
655,O,oc23,-0.55000001192092896,15.842856894000001,3.6240371379999998,19.639655425000001
656,O,oc23,-0.55000001192092896,10.821776308,1.2978337630000001,20.745722593
657,O,oc23,-0.55000001192092896,16.783626382000001,1.123356467,12.724211727
658,O,oc23,-0.55000001192092896,13.804028604999999,1.1828701070000001,16.685796021000002
659,O,oc23,-0.55000001192092896,10.407211374999999,3.0575774020000002,22.694493716
660,O,oc23,-0.55000001192092896,8.0863560289999992,2.9726926219999998,14.642291637
661,O,oc23,-0.55000001192092896,13.532072080000001,2.9996447850000001,18.576680419999999
662,O,oc23,-0.55000001192092896,9.2391755589999995,1.876716294,18.740395666000001
663,O,oc23,-0.55000001192092896,14.542087738999999,1.8682280760000001,22.788842604999999
664,O,oc23,-0.55000001192092896,12.156997407,1.8280298820000001,14.751714767999999
665,O,oc23,-0.55000001192092896,14.632595671000001,1.1053122230000001,14.216084220999999
666,O,oc23,-0.55000001192092896,8.6386550900000003,1.2274500939999999,22.192236974
667,O,oc23,-0.55000001192092896,11.686928579,1.1631918139999999,18.245583711999998
668,O,oc23,-0.55000001192092896,8.3263469390000004,3.7721618430000001,17.16265151
669,O,oc23,-0.55000001192092896,13.654734073,3.668471153,21.112802237
670,O,oc23,-0.55000001192092896,11.248020968000001,3.694397334,13.153108831000001
671,Si,sc4,1.1000000238418579,16.210891903,1.406243465,14.197079668000001
672,Si,sc4,1.1000000238418579,10.211625907,1.5276994269999999,22.228487887
673,Si,sc4,1.1000000238418579,13.263536065,1.4699851370000001,18.185577063
674,Si,sc4,1.1000000238418579,8.7192489769999995,3.4027215480000002,18.683080775000001
675,Si,sc4,1.1000000238418579,14.071200979,3.3967207030000002,22.640477392000001
676,Si,sc4,1.1000000238418579,11.691135037,3.356530351,14.658007717
677,Si,sc4,1.1000000238418579,11.252231083,4.0620444139999998,23.616098929
678,Si,sc4,1.1000000238418579,8.872494992,3.944676828,15.656302301
679,Si,sc4,1.1000000238418579,14.267530018,3.9460088820000001,19.644633719000002
680,Si,sc4,1.1000000238418579,10.434899335000001,0.92146474300000003,19.213079695000001
681,Si,sc4,1.1000000238418579,15.774919371999999,0.91995929300000001,23.162670174999999
682,Si,sc4,1.1000000238418579,13.368021561000001,0.86371624899999999,15.17558316
683,O,oc23,-0.55000001192092896,11.586370296,5.4336208700000004,11.237883043
684,O,oc23,-0.55000001192092896,17.460020613000001,5.483731873,3.3133271889999998
685,O,oc23,-0.55000001192092896,14.498362912999999,5.4093176520000004,7.2225501889999997
686,O,oc23,-0.55000001192092896,10.506001102999999,9.2901510829999996,7.2618889309999997
687,O,oc23,-0.55000001192092896,15.858797514999999,9.2405126620000004,11.105995313999999
688,O,oc23,-0.55000001192092896,13.376327082,9.2315249440000002,3.2214136689999999
689,O,oc23,-0.55000001192092896,13.387603619,8.5295652709999992,11.635244180000001
690,O,oc23,-0.55000001192092896,10.906582486,8.4865039699999993,3.7605072399999999
691,O,oc23,-0.55000001192092896,16.401302960999999,8.5494902659999994,7.6330657689999999
692,O,oc23,-0.55000001192092896,11.390669723,6.2039651549999997,8.7548234689999997
693,O,oc24,-0.67500001192092896,17.372299449,6.1958391150000001,0.77320130499999995
694,O,oc23,-0.55000001192092896,14.282062740000001,6.055039549,4.6802311489999999
695,O,oc23,-0.55000001192092896,11.025834908,7.9255265389999998,10.662091924
696,O,oc23,-0.55000001192092896,8.5181615920000002,8.0413742159999995,2.8823094130000002
697,O,oc23,-0.55000001192092896,14.070692019999999,7.9100568249999998,6.5830214070000004
698,O,oc23,-0.55000001192092896,9.7207342229999991,6.839412405,6.8732207220000001
699,O,oc23,-0.55000001192092896,15.120102899000001,6.7504382080000003,10.793543514
700,O,oc23,-0.55000001192092896,12.642906813,6.7810820339999998,2.7722833150000001
701,O,oc23,-0.55000001192092896,15.13693879,6.1350735900000002,2.209966391
702,O,oc23,-0.55000001192092896,9.2281045739999996,6.0615360950000001,10.239760649000001
703,O,oc23,-0.55000001192092896,12.164943205,6.1149133789999999,6.2546833130000001
704,O,oc23,-0.55000001192092896,8.8410637879999996,8.8080059320000004,5.3552717980000004
705,O,oc23,-0.55000001192092896,14.234292661,8.5716826390000005,9.1400834579999994
706,O,oc24,-0.67500001192092896,11.748413994,8.7009756669999998,1.247759633
707,Si,sc4,1.1000000238418579,16.722014955999999,6.4353725209999997,2.2499836100000001
708,Si,sc4,1.1000000238418579,10.807156977,6.4009820839999998,10.227792503
709,Si,sc4,1.1000000238418579,13.750250257999999,6.3772259670000002,6.1714288670000004
710,Si,sc4,1.1000000238418579,9.2713723859999995,8.3821428000000004,6.8341772399999998
711,Si,sc4,1.1000000238418579,14.647281484000001,8.2770840260000007,10.668506031
712,Si,sc4,1.1000000238418579,12.167148515999999,8.2915477109999998,2.7754517339999998
713,Si,sc4,1.1000000238418579,11.816897981,8.8801622219999992,11.674243773000001
714,Si,sc4,1.1000000238418579,9.3828630919999991,8.9718292989999995,3.8522545369999999
715,Si,sc4,1.1000000238418579,14.821470832999999,8.8501135550000001,7.6631510460000003
716,Si,sc4,1.1000000238418579,10.947477528,5.8667513769999999,7.2616531709999999
717,Si,sc4,1.1000000238418579,16.329727971000001,5.795875423,11.233290771
718,Si,sc4,1.1000000238418579,13.856892421,5.7973632750000004,3.1442664950000001
719,H,hoy,0.40000000596046448,12.385728266999999,8.3100259740000002,0.67586265099999998
720,H,hoy,0.40000000596046448,17.165220616999999,6.9512983500000001,0.25591150800000001
721,O,oc23,-0.55000001192092896,11.105245544000001,5.5510960139999996,23.072818486999999
722,O,oc23,-0.55000001192092896,16.957952460000001,5.440887107,15.272634089
723,O,oc23,-0.55000001192092896,14.006930956,5.4769047249999998,19.24559232
724,O,oc23,-0.55000001192092896,9.9482045869999993,9.304474806,19.106695258999999
725,O,oc23,-0.55000001192092896,15.258818139000001,9.4012418439999994,23.195586684999999
726,O,oc23,-0.55000001192092896,12.92504377,9.2716992680000008,15.109128066
727,O,oc23,-0.55000001192092896,12.799572639000001,8.5904408889999999,23.653239618000001
728,O,oc23,-0.55000001192092896,10.433899336,8.5472692109999997,15.622900980000001
729,O,oc23,-0.55000001192092896,15.767546481,8.5431045720000007,19.648232434000001
730,O,oc23,-0.55000001192092896,10.776361806000001,6.425839163,20.649146895000001
731,O,oc23,-0.55000001192092896,16.769989784,6.1467642800000002,12.742124864999999
732,O,oc23,-0.55000001192092896,13.805055640000001,6.1893522299999999,16.724561868999999
733,O,oc23,-0.55000001192092896,10.37503716,8.0088739839999992,22.736811527
734,O,oc23,-0.55000001192092896,8.0521796539999997,7.9531336499999998,14.647699621999999
735,O,oc23,-0.55000001192092896,13.420590110999999,7.9720048569999999,18.664477794
736,O,oc23,-0.55000001192092896,9.2109766949999994,6.864815664,18.636600065
737,O,oc23,-0.55000001192092896,14.550678121000001,6.8802905760000002,22.774100711999999
738,O,oc23,-0.55000001192092896,12.175069703,6.7849034650000002,14.771667829
739,O,oc23,-0.55000001192092896,14.641307146999999,6.087713698,14.243389974999999
740,O,oc23,-0.55000001192092896,8.6935008259999993,6.0744046850000002,22.112206051000001
741,O,oc23,-0.55000001192092896,11.670337827000001,6.0554816479999998,18.228807013000001
742,O,oc23,-0.55000001192092896,8.3191780079999997,8.7852213720000005,17.118025138
743,O,oc23,-0.55000001192092896,13.647710091,8.7573702860000004,21.177707855000001
744,O,oc23,-0.55000001192092896,11.263274128999999,8.6323431930000005,13.162796415000001
745,Si,sc4,1.1000000238418579,16.213162726,6.4095654379999996,14.226186342
746,Si,sc4,1.1000000238418579,10.240530249000001,6.5186421909999996,22.136911920999999
747,Si,sc4,1.1000000238418579,13.232868658999999,6.432626387,18.210824176999999
748,Si,sc4,1.1000000238418579,8.7297871059999999,8.3864794610000004,18.610535819999999
749,Si,sc4,1.1000000238418579,14.081103844999999,8.4199637079999992,22.695512037
750,Si,sc4,1.1000000238418579,11.703076278999999,8.3126494940000004,14.672939731
751,Si,sc4,1.1000000238418579,11.245893387000001,8.9482471140000008,23.707255530000001
752,Si,sc4,1.1000000238418579,8.8760185889999992,8.9213906749999996,15.624686858
753,Si,sc4,1.1000000238418579,14.216209363000001,8.9382832430000008,19.684155104999999
754,Si,sc4,1.1000000238418579,10.385501314000001,5.9238665839999998,19.177939377000001
755,Si,sc4,1.1000000238418579,15.760734190000001,5.9077476109999996,23.163641293000001
756,Si,sc4,1.1000000238418579,13.387566718,5.8378233489999998,15.20794796
757,O,oc23,-0.55000001192092896,11.586985188,10.413226072,11.260411398
758,O,oc23,-0.55000001192092896,17.516183887,10.456830593999999,3.2215979099999998
759,O,oc23,-0.55000001192092896,14.565994652000001,10.393691432000001,7.2919064950000001
760,O,oc23,-0.55000001192092896,10.504507654999999,14.259272522,7.1576252739999999
761,O,oc23,-0.55000001192092896,15.917627485000001,14.214631397,11.076180681
762,O,oc23,-0.55000001192092896,13.491752584,14.22964576,3.0325152370000001
763,O,oc23,-0.55000001192092896,13.451971591,13.491524035999999,11.607574661999999
764,O,oc23,-0.55000001192092896,11.017689838000001,13.612960242,3.691775759
765,O,oc23,-0.55000001192092896,16.43435002,13.568464429,7.5972649600000004
766,O,oc23,-0.55000001192092896,11.431228562999999,11.17160876,8.7650333039999992
767,O,oc24,-0.67500001192092896,17.244178471000001,11.187119781,0.69459854099999996
768,O,oc23,-0.55000001192092896,14.365863904999999,11.064446755000001,4.7851446820000003
769,O,oc23,-0.55000001192092896,11.095408304999999,12.914860284,10.636610972
770,O,oc23,-0.55000001192092896,8.6936303119999998,12.956124129000001,2.6809608279999999
771,O,oc23,-0.55000001192092896,14.083355667999999,12.891600401,6.6364810829999996
772,O,oc23,-0.55000001192092896,9.7758557629999991,11.757750586,6.830584751
773,O,oc23,-0.55000001192092896,15.156327763,11.729137703999999,10.723256016000001
774,O,oc23,-0.55000001192092896,12.677886215999999,11.732671685,2.9313067159999999
775,O,oc23,-0.55000001192092896,15.120625784,11.00325121,2.2813742669999999
776,O,oc23,-0.55000001192092896,9.2595890020000002,11.078917809,10.226464201000001
777,O,oc23,-0.55000001192092896,12.243821564999999,11.037131154000001,6.2936944910000001
778,O,oc23,-0.55000001192092896,8.8720530689999997,13.626009589000001,5.2040608949999996
779,O,oc23,-0.55000001192092896,14.289281243,13.610449692,9.1348635550000008
780,O,oc24,-0.67500001192092896,11.756035738,13.384934208000001,1.17702332
781,Si,sc4,1.1000000238418579,16.692973564999999,11.396398477,2.2155149789999999
782,Si,sc4,1.1000000238418579,10.841258291000001,11.390032891000001,10.231850872000001
783,Si,sc4,1.1000000238418579,13.818236549,11.353772445000001,6.2548691249999999
784,Si,sc4,1.1000000238418579,9.2987270659999997,13.293113168,6.7186187879999997
785,Si,sc4,1.1000000238418579,14.707572962,13.258888691999999,10.642183314
786,Si,sc4,1.1000000238418579,12.249490491,13.259462794999999,2.732565428
787,Si,sc4,1.1000000238418579,11.889119752999999,13.862666985000001,11.639956967
788,Si,sc4,1.1000000238418579,9.4449329839999994,13.919037554000001,3.727543839
789,Si,sc4,1.1000000238418579,14.854008354999999,13.869610373,7.6497934550000002
790,Si,sc4,1.1000000238418579,10.998577388999999,10.811193668,7.2782305469999997
791,Si,sc4,1.1000000238418579,16.350750838,10.770427197,11.180339682
792,Si,sc4,1.1000000238418579,13.894893901,10.751033981000001,3.296844825
793,H,hoy,0.40000000596046448,11.925911602999999,12.51218811,0.84222334499999996
794,H,hoy,0.40000000596046448,17.771360527999999,11.977499462999999,0.59025469100000005
795,O,oc23,-0.55000001192092896,10.974415412000001,10.478461641999999,23.315728066999998
796,O,oc23,-0.55000001192092896,17.015830610999998,10.432457294000001,15.215884695
797,O,oc23,-0.55000001192092896,14.050549221000001,10.457177894000001,19.203691396
798,O,oc23,-0.55000001192092896,9.9754056379999998,14.289543546999999,19.074269245
799,O,oc23,-0.55000001192092896,15.331015443,14.353920379,23.014953860999999
800,O,oc23,-0.55000001192092896,12.947555632,14.233462268,15.042231824
801,O,oc23,-0.55000001192092896,12.868862655999999,13.699066551,23.583837511999999
802,O,oc23,-0.55000001192092896,10.475863793,13.488368976,15.595003144
803,O,oc23,-0.55000001192092896,15.82040203,13.624572147,19.602205562999998
804,O,oc23,-0.55000001192092896,10.895624191,11.107635114000001,20.738464610000001
805,O,oc23,-0.55000001192092896,16.788285242000001,11.145943955,12.680772320000001
806,O,oc23,-0.55000001192092896,13.825819032,11.168771327,16.691821600000001
807,O,oc23,-0.55000001192092896,10.564727646,12.984637356,22.581356231000001
808,O,oc23,-0.55000001192092896,8.0908991710000002,12.905267679,14.622602645000001
809,O,oc23,-0.55000001192092896,13.496105281,12.953324707,18.594584506
810,O,oc23,-0.55000001192092896,9.2354066889999995,11.782374346999999,18.821316121999999
811,O,oc23,-0.55000001192092896,14.577008528,11.883730031000001,22.708203856000001
812,O,oc23,-0.55000001192092896,12.215637714,11.740985705,14.705590631
813,O,oc23,-0.55000001192092896,14.676409694,11.009625389,14.208956655
814,O,oc23,-0.55000001192092896,8.7357828600000005,11.148968478,22.189378183999999
815,O,oc23,-0.55000001192092896,11.69930705,11.056099118000001,18.231099451999999
816,O,oc23,-0.55000001192092896,8.3508037949999991,13.583427697999999,17.140016167999999
817,O,oc23,-0.55000001192092896,13.67770936,13.753574098,21.102319499
818,O,oc23,-0.55000001192092896,11.31679359,13.641968998999999,13.122748342
819,Si,sc4,1.1000000238418579,16.239281726000002,11.377068118,14.178458693
820,Si,sc4,1.1000000238418579,10.314984681,11.438986297,22.200614152
821,Si,sc4,1.1000000238418579,13.268744825000001,11.409171741,18.180242347
822,Si,sc4,1.1000000238418579,8.7643390300000004,13.314860101000001,18.664629375000001
823,Si,sc4,1.1000000238418579,14.114558304999999,13.407661923999999,22.611005254999998
824,Si,sc4,1.1000000238418579,11.736479106000001,13.273343539000001,14.625052816
825,Si,sc4,1.1000000238418579,11.299408482,13.965149064,23.615819367
826,Si,sc4,1.1000000238418579,8.9046957189999993,13.837629274999999,15.647389802999999
827,Si,sc4,1.1000000238418579,14.250135643,13.939473194,19.619293421999998
828,Si,sc4,1.1000000238418579,10.456151415000001,10.818885960999999,19.221866615
829,Si,sc4,0.72500002384185791,15.779851177999999,10.926417199999999,23.176005339
830,Si,sc4,1.1000000238418579,13.418745414,10.797553695,15.185769512
831,O,oc23,-0.55000001192092896,11.695597836999999,15.389921320999999,11.201086913999999
832,O,oc23,-0.55000001192092896,17.50541947,15.457539333,3.1574487470000001
833,O,oc23,-0.55000001192092896,14.579448067,15.398983660000001,7.2490839630000004
834,O,oc23,-0.55000001192092896,10.474396664,19.254815025999999,7.1321160890000002
835,O,oc23,-0.55000001192092896,15.878637302,19.209733816,11.111658252
836,O,oc23,-0.55000001192092896,13.508072394999999,19.213113519,3.1056045000000001
837,O,oc23,-0.55000001192092896,13.409626754,18.454669941999999,11.627209574
838,O,oc23,-0.55000001192092896,11.024238070999999,18.576020975999999,3.704002875
839,O,oc23,-0.55000001192092896,16.359657653999999,18.546673341000002,7.6610620579999997
840,O,oc23,-0.55000001192092896,11.426120965999999,16.160778087000001,8.7050312129999998
841,O,oc24,-0.67500001192092896,17.243844735,16.345738377,0.64864955499999999
842,O,oc23,-0.55000001192092896,14.370680381,16.066416231000002,4.7318621399999996
843,O,oc23,-0.55000001192092896,11.063603044000001,17.871865062000001,10.638427819
844,O,oc23,-0.55000001192092896,8.7301413819999993,17.936098333,2.6426604
845,O,oc23,-0.55000001192092896,14.028344002000001,17.881530185999999,6.6222553089999998
846,O,oc23,-0.55000001192092896,9.7626889699999992,16.746630603,6.7752884480000004
847,O,oc23,-0.55000001192092896,15.161041318000001,16.709263432,10.731844538000001
848,O,oc23,-0.55000001192092896,12.683503112,16.728801199999999,2.89088016
849,O,oc23,-0.55000001192092896,15.137626719,16.147871649999999,2.2392978000000001
850,O,oc23,-0.55000001192092896,9.3276525889999995,15.971571499,10.238458451
851,O,oc23,-0.55000001192092896,12.238869028,15.996763969,6.2341466990000001
852,O,oc23,-0.55000001192092896,8.8590708399999993,18.618926274,5.1793933660000002
853,O,oc23,-0.55000001192092896,14.225265079,18.589368752999999,9.1543954159999998
854,O,oc24,-0.67500001192092896,11.804628964000001,18.489758213999998,1.2020532909999999
855,Si,sc4,1.1000000238418579,16.709958223000001,16.466696879000001,2.18371241
856,Si,sc4,1.1000000238418579,10.885573801,16.345116747999999,10.196992698000001
857,Si,sc4,1.1000000238418579,13.806285256000001,16.339180435999999,6.2086428539999998
858,Si,sc4,1.1000000238418579,9.2773936750000008,18.281791765000001,6.6924074649999996
859,Si,sc4,1.1000000238418579,14.672963924999999,18.240142906999999,10.655424053999999
860,Si,sc4,1.1000000238418579,12.267111393,18.259080261000001,2.7468418450000001
861,Si,sc4,1.1000000238418579,11.851323192000001,18.827661469999999,11.653151719
862,Si,sc4,1.1000000238418579,9.4585588059999992,18.890937872999999,3.7150948979999998
863,Si,sc4,1.1000000238418579,14.781285956,18.849770191000001,7.6746799220000002
864,Si,sc4,1.1000000238418579,10.985519439000001,15.792700995000001,7.2105091979999996
865,Si,sc4,1.1000000238418579,16.380821933,15.751318583,11.161674781
866,Si,sc4,1.1000000238418579,13.928954749000001,15.775804742,3.218645279
867,H,hoy,0.40000000596046448,18.183209309999999,16.279769397999999,0.67854151100000004
868,H,hoy,0.40000000596046448,12.548042288,18.550293524000001,0.59256661499999996
869,O,oc23,-0.55000001192092896,11.001890945,15.497023751,23.260048285
870,O,oc23,-0.55000001192092896,17.009149888,15.39731877,15.186933596999999
871,O,oc23,-0.55000001192092896,14.008434404000001,15.461018744,19.177513093999998
872,O,oc23,-0.55000001192092896,9.9646703799999994,19.289530278000001,19.092884036000001
873,O,oc23,-0.55000001192092896,15.406587983,19.236904511999999,22.659072680000001
874,O,oc23,-0.55000001192092896,12.948818866,19.226752514000001,15.045895743999999
875,O,oc23,-0.55000001192092896,12.972499318000001,18.799712437,23.449247902
876,O,oc23,-0.55000001192092896,10.483183334,18.542625414,15.627327944999999
877,O,oc23,-0.55000001192092896,15.839444712000001,18.584573239000001,19.529193080999999
878,O,oc23,-0.55000001192092896,10.86073818,16.14529409,20.714802002999999
879,O,oc23,-0.55000001192092896,16.808271608999998,16.091401458,12.667090876
880,O,oc23,-0.55000001192092896,13.814549614000001,16.055972537999999,16.656433394
881,O,oc23,-0.55000001192092896,10.605525983,18.000724421000001,22.572273228
882,O,oc23,-0.55000001192092896,8.1524155339999993,17.878305449999999,14.62513448
883,O,oc23,-0.55000001192092896,13.547163857999999,17.907382727000002,18.445787716000002
884,O,oc23,-0.55000001192092896,9.1978198219999996,16.783060958,18.810550223
885,O,oc23,-0.55000001192092896,14.534644897,16.808636726,22.790453003
886,O,oc23,-0.55000001192092896,12.185226254,16.723925464000001,14.740511253999999
887,O,oc23,-0.55000001192092896,14.665815711,16.025883595,14.173693469
888,O,oc23,-0.55000001192092896,8.7140351480000007,16.197938371999999,22.214570760000001
889,O,oc23,-0.55000001192092896,11.662191314999999,16.097138406999999,18.195427615
890,O,oc23,-0.55000001192092896,8.3450725810000002,18.612635017999999,17.13768585
891,O,oc23,-0.55000001192092896,13.669217819,18.473398273000001,20.959666746
892,O,oc23,-0.55000001192092896,11.285292091000001,18.602109752,13.136745557999999
893,Si,sc4,1.1000000238418579,16.243621762,16.346676963,14.144750447
894,Si,sc4,1.1000000238418579,10.301504187000001,16.455177449000001,22.190474718000001
895,Si,sc4,1.1000000238418579,13.245101129,16.380311205999998,18.115057784000001
896,Si,sc4,1.1000000238418579,8.7550051359999994,18.322170366000002,18.657808678999999
897,Si,sc4,1.1000000238418579,14.130486743000001,18.311359354,22.466145795999999
898,Si,sc4,1.1000000238418579,11.723093306999999,18.266244578999999,14.642067725
899,Si,sc4,1.1000000238418579,11.386493247000001,18.976695508999999,23.585998395000001
900,Si,sc4,1.1000000238418579,8.9061750190000009,18.857362268999999,15.659536253000001
901,Si,sc4,1.1000000238418579,14.251120888000001,18.841983465999999,19.524882088999998
902,Si,sc4,1.1000000238418579,10.430235712,15.823833223999999,19.194351791999999
903,Si,sc4,1.1000000238418579,15.767905619,15.860895267,23.168735246000001
904,Si,sc4,1.1000000238418579,13.407769224000001,15.760184071999999,15.140529841999999
905,O,oc23,-0.55000001192092896,11.63329057,20.359290036000001,11.218423275999999
906,O,oc23,-0.55000001192092896,17.539451584999998,20.427537505,3.3782803939999999
907,O,oc23,-0.55000001192092896,14.519733791,20.381536941,7.2647018470000004
908,O,oc23,-0.55000001192092896,10.516942968,24.239298757,7.0745441590000002
909,O,oc23,-0.55000001192092896,15.836574457999999,24.191854894999999,11.165498283
910,O,oc23,-0.55000001192092896,13.519473028,24.169753879000002,3.078083232
911,O,oc23,-0.55000001192092896,13.380973392,23.393185962,11.633527648999999
912,O,oc23,-0.55000001192092896,11.035177788,23.499490501,3.6577019929999999
913,O,oc23,-0.55000001192092896,16.350139500000001,23.474866397,7.6822062300000002
914,O,oc23,-0.55000001192092896,11.356718908,21.141805899000001,8.7189507539999997
915,O,oc24,-0.67500001192092896,17.503755822999999,21.111992448999999,0.85866986499999998
916,O,oc23,-0.55000001192092896,14.366885273999999,21.078610520000002,4.752457991
917,O,oc23,-0.55000001192092896,11.014819199,22.851215123999999,10.677136843
918,O,oc23,-0.55000001192092896,8.7042297150000003,22.906387182,2.6578943669999999
919,O,oc23,-0.55000001192092896,14.023664875,22.882082354000001,6.6426446180000003
920,O,oc23,-0.55000001192092896,9.7425306309999993,21.760937563999999,6.7440252139999997
921,O,oc23,-0.55000001192092896,15.163724265000001,21.707172288999999,10.713431717000001
922,O,oc23,-0.55000001192092896,12.742569938999999,21.687808115999999,2.8136880180000001
923,O,oc23,-0.55000001192092896,15.241595658,21.027075019000002,2.278269544
924,O,oc23,-0.55000001192092896,9.2631815950000007,20.958613082999999,10.272370488
925,O,oc23,-0.55000001192092896,12.202224620999999,21.034241588,6.2458963360000004
926,O,oc23,-0.55000001192092896,8.8768645540000009,23.656181863,5.1436666400000002
927,O,oc23,-0.55000001192092896,14.223344273,23.612158967999999,9.1652863799999995
928,O,oc24,-0.67500001192092896,11.839641779999999,23.440473286,1.156009694
929,Si,sc4,1.1000000238418579,16.812715249,21.360442988999999,2.3130781069999999
930,Si,sc4,1.1000000238418579,10.820058912,21.32772254,10.219615481
931,Si,sc4,1.1000000238418579,13.771931822999999,21.351454597,6.2198229039999999
932,Si,sc4,1.1000000238418579,9.2954613340000005,23.300380707999999,6.6519086759999997
933,Si,sc4,1.1000000238418579,14.651524331999999,23.227994665000001,10.667189328999999
934,Si,sc4,1.1000000238418579,12.28629999,23.215070600000001,2.701639938
935,Si,sc4,1.1000000238418579,11.83264052,23.798808828999999,11.672391998
936,Si,sc4,1.1000000238418579,9.4746428369999993,23.885144647000001,3.6645406880000002
937,Si,sc4,1.1000000238418579,14.790180671,23.838475883000001,7.6816193740000003
938,Si,sc4,1.1000000238418579,10.939651281,20.795761564999999,7.2084500990000002
939,Si,sc4,1.1000000238418579,16.361673106000001,20.743525549000001,11.199887305000001
940,Si,sc4,1.1000000238418579,13.971226539,20.748144759999999,3.2318134999999999
941,H,hoy,0.40000000596046448,11.790612462,22.603915025999999,0.73663850799999997
942,H,hoy,0.40000000596046448,17.857582864000001,21.928775548000001,0.56021824499999995
943,O,oc23,-0.55000001192092896,10.991038096,20.492983215999999,23.250821570999999
944,O,oc23,-0.55000001192092896,16.975880719999999,20.367900420000002,15.227095551
945,O,oc23,-0.55000001192092896,13.961638862999999,20.386498333999999,19.208893189000001
946,O,oc23,-0.55000001192092896,9.9068533310000007,24.289277680000001,19.17676895
947,O,oc23,-0.55000001192092896,15.37236916,24.257511871999998,23.063995365
948,O,oc23,-0.55000001192092896,12.896563266999999,24.220261963999999,15.122473345
949,O,oc23,-0.55000001192092896,12.916604929,23.611846232000001,23.613606597
950,O,oc23,-0.55000001192092896,10.435489332,23.478482613000001,15.64605514
951,O,oc23,-0.55000001192092896,15.852770931,23.574120138000001,19.614927327
952,O,oc23,-0.55000001192092896,10.859304937999999,21.159017646999999,20.708246983999999
953,O,oc23,-0.55000001192092896,16.781511507000001,21.109979406000001,12.703529758
954,O,oc23,-0.55000001192092896,13.822052083999999,21.080568908,16.696482773
955,O,oc23,-0.55000001192092896,10.555544648,22.976396578999999,22.576898429
956,O,oc23,-0.55000001192092896,8.0674317290000008,22.895519637,14.689243190999999
957,O,oc23,-0.55000001192092896,13.544854535000001,22.888218635000001,18.579331768999999
958,O,oc23,-0.55000001192092896,9.2127268949999994,21.781136281999999,18.768496381999999
959,O,oc23,-0.55000001192092896,14.641449535,21.725712718,23.015379626000001
960,O,oc23,-0.55000001192092896,12.179100646,21.723900288999999,14.754211645
961,O,oc23,-0.55000001192092896,14.653309604,21.038773083999999,14.221322499999999
962,O,oc23,-0.55000001192092896,8.6847823389999999,21.152132926,22.179845419999999
963,O,oc23,-0.55000001192092896,11.677111998000001,21.087687165999998,18.210722309000001
964,O,oc23,-0.55000001192092896,8.3222954720000004,23.68082004,17.179427336
965,O,oc23,-0.55000001192092896,13.749713068,23.438599829000001,21.142205573999998
966,O,oc23,-0.55000001192092896,11.276103153999999,23.622973683000001,13.166591443
967,Si,sc4,1.1000000238418579,16.221838116000001,21.346117616000001,14.191314247999999
968,Si,sc4,1.1000000238418579,10.268943777,21.446268373999999,22.177489145999999
969,Si,sc4,1.1000000238418579,13.252622703,21.367753998000001,18.164206297
970,Si,sc4,1.1000000238418579,8.7278812190000004,23.314132206,18.686127493000001
971,Si,sc4,1.1000000238418579,14.178204548,23.248564725000001,22.684904857999999
972,Si,sc4,1.1000000238418579,11.693439582,23.255027911999999,14.673174535999999
973,Si,sc4,1.1000000238418579,11.335220812999999,23.935053747000001,23.60536638
974,Si,sc4,1.1000000238418579,8.8760907059999994,23.866866708,15.681327993
975,Si,sc4,1.1000000238418579,14.270559732000001,23.820232041000001,19.666336212000001
976,Si,sc4,1.1000000238418579,10.431930900999999,20.826255691,19.192930511
977,Si,sc4,1.1000000238418579,15.876513716,20.686041799000002,23.065289088
978,Si,sc4,1.1000000238418579,13.400614657,20.764636508999999,15.181164838999999
979,O,oc23,-0.55000001192092896,11.663852494,25.325703253,11.21239035
980,O,oc23,-0.55000001192092896,17.609559275999999,25.394799938999999,3.3170035840000001
981,O,oc23,-0.55000001192092896,14.585609696000001,25.368064516,7.23978872
982,O,oc23,-0.55000001192092896,10.517795317999999,29.219942261,7.1651427490000001
983,O,oc23,-0.55000001192092896,15.894763060000001,29.159300861999998,11.07919111
984,O,oc23,-0.55000001192092896,13.551093114,29.159951302,3.145764598
985,O,oc23,-0.55000001192092896,13.421624253999999,28.497334381000002,11.668157646999999
986,O,oc23,-0.55000001192092896,11.031113821,28.459850472999999,3.6772514209999998
987,O,oc23,-0.55000001192092896,16.394747947999999,28.513052552000001,7.7150821599999997
988,O,oc23,-0.55000001192092896,11.435910678999999,26.065756808,8.7003035999999998
989,O,oc24,-0.67500001192092896,17.510963501999999,26.168739412000001,0.81803463600000004
990,O,oc23,-0.55000001192092896,14.40891373,26.030264966000001,4.7123967120000003
991,O,oc23,-0.55000001192092896,11.100512135000001,27.827350706000001,10.633223187
992,O,oc23,-0.55000001192092896,8.5910029570000006,27.921226449999999,2.7748563289999999
993,O,oc23,-0.55000001192092896,14.104610677,27.854707649000002,6.6234210459999998
994,O,oc23,-0.55000001192092896,9.768171809,26.738475375,6.7703709459999999
995,O,oc23,-0.55000001192092896,15.105753006,26.673184555999999,10.842665032999999
996,O,oc23,-0.55000001192092896,12.788870273000001,26.681353333000001,2.7349475440000002
997,O,oc23,-0.55000001192092896,15.293278698,25.931094912999999,2.245560491
998,O,oc23,-0.55000001192092896,9.3150275390000008,25.947933825,10.24292853
999,O,oc23,-0.55000001192092896,12.256611883,26.008366456000001,6.2219971699999999
1000,O,oc23,-0.55000001192092896,8.8922021949999994,28.703559807000001,5.2109303960000002
1001,O,oc23,-0.55000001192092896,14.23076813,28.448650960999998,9.1865528689999998
1002,O,oc24,-0.89999997615814209,11.883281703,28.686156403999998,1.1829553370000001
1003,Si,sc4,1.1000000238418579,16.828961568,26.351300470999998,2.299389707
1004,Si,sc4,1.1000000238418579,10.888149468,26.292360220999999,10.198962523000001
1005,Si,sc4,1.1000000238418579,13.832176504,26.324476401999998,6.1863100680000001
1006,Si,sc4,1.1000000238418579,9.2993325880000004,28.288665358999999,6.7055805770000001
1007,Si,sc4,1.1000000238418579,14.662155821000001,28.200296973,10.699035973999999
1008,Si,sc4,0.72500002384185791,12.312559610999999,28.220611474999998,2.7040689819999999
1009,Si,sc4,1.1000000238418579,11.845627374999999,28.803360501,11.674574177
1010,Si,sc4,1.1000000238418579,9.4613477459999995,28.880178783000002,3.7159053879999999
1011,Si,sc4,1.1000000238418579,14.809761155,28.777988994000001,7.7346604479999996
1012,Si,sc4,1.1000000238418579,10.990654886,25.766297451,7.1814130570000003
1013,Si,sc4,1.1000000238418579,16.322279863999999,25.720427966999999,11.247333254000001
1014,Si,sc4,1.1000000238418579,13.991985549000001,25.707185808999998,3.181929341
1015,H,hoy,0.40000000596046448,16.797616440999999,26.121770497,0.20623335600000001
1016,O,oc23,-0.55000001192092896,11.061579562,25.469449642000001,23.215546515
1017,O,oc23,-0.55000001192092896,16.982145457000001,25.372982598,15.241955598000001
1018,O,oc23,-0.55000001192092896,13.94847515,25.370379976999999,19.323622845999999
1019,O,oc23,-0.55000001192092896,9.9499063109999994,29.223998616999999,19.005920863
1020,O,oc23,-0.55000001192092896,15.321148449000001,29.237292905,23.054807619000002
1021,O,oc23,-0.55000001192092896,12.873127652999999,29.223044412,15.126665994
1022,O,oc23,-0.55000001192092896,12.853953491,28.505313432000001,23.586530810999999
1023,O,oc23,-0.55000001192092896,10.409005556,28.506997016,15.640453580999999
1024,O,oc23,-0.55000001192092896,15.802229757999999,28.489929581999998,19.605198669
1025,O,oc23,-0.55000001192092896,10.811772982999999,26.236610846000001,20.711415381999998
1026,O,oc23,-0.55000001192092896,16.747256505999999,26.063916168999999,12.745963438
1027,O,oc23,-0.55000001192092896,13.793772886999999,26.054969756999999,16.765012276
1028,O,oc23,-0.55000001192092896,10.458843019,27.961920167999999,22.684866937999999
1029,O,oc23,-0.55000001192092896,8.1022673409999992,27.894841244999999,14.616121490999999
1030,O,oc23,-0.55000001192092896,13.453064855999999,27.879881273999999,18.625014803999999
1031,O,oc23,-0.55000001192092896,9.1693446820000002,26.750939637999998,18.729169072000001
1032,O,oc23,-0.55000001192092896,14.574891745,26.744338791000001,22.683041598999999
1033,O,oc23,-0.55000001192092896,12.153418394999999,26.720395791000001,14.820396507
1034,O,oc23,-0.55000001192092896,14.622515211,25.998548287999999,14.268892638000001
1035,O,oc23,-0.55000001192092896,8.6963923590000007,26.072971673000001,22.214025371000002
1036,O,oc23,-0.55000001192092896,11.639083419,26.015824705,18.253053980000001
1037,O,oc23,-0.55000001192092896,8.2622779820000005,28.605789318999999,17.111739195999998
1038,O,oc23,-0.55000001192092896,13.67469427,28.656980570000002,21.108944057999999
1039,O,oc23,-0.55000001192092896,11.268194404000001,28.546525670000001,13.155021208000001
1040,Si,sc4,1.1000000238418579,16.193930931000001,26.324420368999998,14.218843024
1041,Si,sc4,1.1000000238418579,10.260448984,26.439751551000001,22.203835742999999
1042,Si,sc4,1.1000000238418579,13.216128479,26.330092053000001,18.242426193
1043,Si,sc4,1.1000000238418579,8.7086293119999993,28.287510242,18.617288865999999
1044,Si,sc4,1.1000000238418579,14.107158261,28.282491853,22.610219666999999
1045,Si,sc4,1.1000000238418579,11.672385584000001,28.248666647,14.687622648
1046,Si,sc4,1.1000000238418579,11.307146476,28.937096634,23.628958507
1047,Si,sc4,1.1000000238418579,8.8496624209999997,28.853732770000001,15.650066036
1048,Si,sc4,1.1000000238418579,14.237096998,28.860580616,19.613950415000001
1049,Si,sc4,1.1000000238418579,10.378638330999999,25.821261996,19.215055989
1050,Si,sc4,1.1000000238418579,15.799900299000001,25.803589204000001,23.107666846000001
1051,Si,sc4,1.1000000238418579,13.367371682,25.752292854,15.240428303
1052,O,oc23,-0.55000001192092896,11.614086294,30.340432587999999,11.25909727
1053,O,oc23,-0.55000001192092896,17.555643161999999,30.403964858999998,3.2958688249999999
1054,O,oc23,-0.55000001192092896,14.521790040999999,30.313721610000002,7.4243201330000002
1055,O,oc23,-0.55000001192092896,10.434801428,34.220116429000001,7.1615060809999997
1056,O,oc23,-0.55000001192092896,15.898104681,34.143981844000002,11.093632061999999
1057,O,oc23,-0.55000001192092896,13.460932116,34.108444849000001,2.8644789190000002
1058,O,oc23,-0.55000001192092896,13.433996430000001,33.441294061999997,11.615977152999999
1059,O,oc23,-0.55000001192092896,10.965703661999999,33.598601457000001,3.812940523
1060,O,oc23,-0.55000001192092896,16.412726159000002,33.464614660000002,7.6878658529999999
1061,O,oc23,-0.55000001192092896,11.41414518,31.068387783999999,8.7550538509999996
1062,O,oc24,-0.67500001192092896,17.224565051999999,31.271199559999999,0.79752062099999999
1063,O,oc23,-0.55000001192092896,14.443269974,30.884394097000001,4.8979151180000002
1064,O,oc23,-0.55000001192092896,11.096070217999999,32.835990873999997,10.608238489
1065,O,oc23,-0.55000001192092896,8.7007067389999992,32.932471949000004,2.694105414
1066,O,oc23,-0.55000001192092896,14.133510575000001,32.788740920999999,6.6503086849999997
1067,O,oc23,-0.55000001192092896,9.7527281880000007,31.701950883999999,6.8234962970000002
1068,O,oc23,-0.55000001192092896,15.155071123000001,31.652880003,10.75073441
1069,O,oc23,-0.55000001192092896,12.677891374,31.645676273999999,3.2519842780000001
1070,O,oc23,-0.55000001192092896,15.153316879,31.194924301,2.408248006
1071,O,oc23,-0.55000001192092896,9.2758776899999997,30.971848163000001,10.242650857999999
1072,O,oc23,-0.55000001192092896,12.266892361,30.986686053,6.3155795000000001
1073,O,oc23,-0.55000001192092896,8.8014701259999999,33.571103153999999,5.2251074759999998
1074,O,oc23,-0.55000001192092896,14.261652615999999,33.536209861000003,9.1481943169999997
1075,O,oc24,-0.67500001192092896,11.616153793000001,32.974359728000003,1.3600562169999999
1076,Si,sc4,1.1000000238418579,16.749464323000002,31.411414069999999,2.3412549629999999
1077,Si,sc4,1.1000000238418579,10.846465226999999,31.301501383000002,10.223639466
1078,Si,sc4,1.1000000238418579,13.849430214,31.246110341000001,6.3288872960000004
1079,Si,sc4,1.1000000238418579,9.2471126869999996,33.233609520999998,6.7278948830000003
1080,Si,sc4,1.1000000238418579,14.689254942,33.188533186999997,10.649598848
1081,Si,sc4,1.1000000238418579,12.172664608,33.110069197999998,2.8801219649999998
1082,Si,sc4,1.1000000238418579,11.875629072000001,33.812473642999997,11.60989715
1083,Si,sc4,1.1000000238418579,9.384080333,33.904850240000002,3.7808637909999998
1084,Si,sc4,1.1000000238418579,14.844944278,33.784376182999999,7.6827732380000002
1085,Si,sc4,1.1000000238418579,10.985699396999999,30.744734730000001,7.2532991229999997
1086,Si,sc4,1.1000000238418579,16.366741368,30.690533176999999,11.180241991000001
1087,Si,sc4,1.1000000238418579,13.956859426999999,30.695614827,3.4074074169999999
1088,H,hoy,0.40000000596046448,10.856229731000001,32.414284053000003,1.3779537310000001
1089,H,hoy,0.40000000596046448,18.149605821000002,31.451390761999999,0.77824601800000004
1090,O,oc23,-0.55000001192092896,11.115496951000001,30.443501806,23.136254167000001
1091,O,oc23,-0.55000001192092896,17.003661986000001,30.331759030000001,15.210344189000001
1092,O,oc23,-0.55000001192092896,14.044526379000001,30.390608209,19.153984124000001
1093,O,oc23,-0.55000001192092896,9.9716227209999992,34.238775138000001,19.105593138
1094,O,oc23,-0.55000001192092896,15.321624433,34.245522678,23.077867730000001
1095,O,oc23,-0.55000001192092896,12.896102876,34.191336128000003,15.063362525000001
1096,O,oc23,-0.55000001192092896,12.836842629,33.572574821000003,23.586199741000001
1097,O,oc23,-0.55000001192092896,10.439715493,33.461513635000003,15.583606246
1098,O,oc23,-0.55000001192092896,15.812991304000001,33.501450206000001,19.616570915
1099,O,oc23,-0.55000001192092896,10.895162352,31.043462304999998,20.617778702999999
1100,O,oc23,-0.55000001192092896,16.795830882000001,31.011003322000001,12.693546448999999
1101,O,oc23,-0.55000001192092896,13.801288724000001,31.171295795999999,16.646740124000001
1102,O,oc23,-0.55000001192092896,10.595589070000001,32.903819208000002,22.449671161000001
1103,O,oc23,-0.55000001192092896,8.0827580549999993,32.862950802,14.632454339000001
1104,O,oc23,-0.55000001192092896,13.462287227999999,32.893799381999997,18.614016029999998
1105,O,oc23,-0.55000001192092896,9.2291082949999996,31.729603610000002,18.733015839
1106,O,oc23,-0.55000001192092896,14.555362349999999,31.741145189000001,22.777400928999999
1107,O,oc23,-0.55000001192092896,12.187536679999999,31.713522271999999,14.646813809999999
1108,O,oc23,-0.55000001192092896,14.661237518,30.91899403,14.192960419
1109,O,oc23,-0.55000001192092896,8.7629758290000002,30.995335662999999,22.110255104
1110,O,oc23,-0.55000001192092896,11.688847107000001,30.999397220999999,18.165749287000001
1111,O,oc23,-0.55000001192092896,8.3318757439999995,33.592797695000002,17.137603554999998
1112,O,oc23,-0.55000001192092896,13.680190655000001,33.610935775999998,21.129662315000001
1113,O,oc23,-0.55000001192092896,11.276580286,33.623366879000002,13.086948782
1114,Si,sc4,1.1000000238418579,16.228087057,31.273267436000001,14.173436463
1115,Si,sc4,1.1000000238418579,10.327771231,31.362774259999998,22.07666206
1116,Si,sc4,1.1000000238418579,13.252461753,31.369333316999999,18.147202435000001
1117,Si,sc4,1.1000000238418579,8.7715116539999993,33.264052096999997,18.646148901
1118,Si,sc4,1.1000000238418579,14.103480818,33.285032076999997,22.645661656000001
1119,Si,sc4,1.1000000238418579,11.689365416999999,33.245543767999997,14.591835455
1120,Si,sc4,1.1000000238418579,11.252266166,33.840847066000002,23.567330932000001
1121,Si,sc4,1.1000000238418579,8.8751073300000005,33.815738291000002,15.645147556
1122,Si,sc4,1.1000000238418579,14.245149603,33.847770695000001,19.643682779999999
1123,Si,sc4,1.1000000238418579,10.431306749000001,30.746073861999999,19.119522132
1124,Si,sc4,1.1000000238418579,15.773659217000001,30.772777254000001,23.172909263000001
1125,Si,sc4,1.1000000238418579,13.378321549000001,30.752063294999999,15.145079864
1126,O,oc23,-0.55000001192092896,19.940846329999999,0.46353761999999998,11.253407422
1127,O,oc23,-0.55000001192092896,25.892622634999999,0.50668191200000001,3.2590224609999998
1128,O,oc23,-0.55000001192092896,22.856595547000001,0.45829826400000001,7.3301458080000002
1129,O,oc23,-0.55000001192092896,18.818417888999999,4.2708382699999996,7.1135179419999996
1130,O,oc23,-0.55000001192092896,24.226017197000001,4.2715480120000002,11.120913238
1131,O,oc23,-0.55000001192092896,21.826906478000001,4.2963333329999998,3.2081362499999999
1132,O,oc23,-0.55000001192092896,21.762284226999999,3.5360914110000001,11.643081565999999
1133,O,oc23,-0.55000001192092896,19.334072683999999,3.6672128490000002,3.7049950040000001
1134,O,oc23,-0.55000001192092896,24.739738175999999,3.58775449,7.630702898
1135,O,oc23,-0.55000001192092896,19.726954998,1.1893107060000001,8.7483823570000006
1136,O,oc24,-0.67500001192092896,25.570765097999999,1.1924868719999999,0.74015014499999998
1137,O,oc23,-0.55000001192092896,22.70690754,1.090042366,4.8100121160000002
1138,O,oc23,-0.55000001192092896,19.402949975999999,2.9419908389999998,10.65799444
1139,O,oc23,-0.55000001192092896,17.056675419000001,2.9792893779999998,2.6440457309999998
1140,O,oc23,-0.55000001192092896,22.419911465999999,2.955494947,6.6355712310000001
1141,O,oc23,-0.55000001192092896,18.069062377000002,1.786880928,6.8116533280000002
1142,O,oc23,-0.55000001192092896,23.499289895,1.779489842,10.7741051
1143,O,oc23,-0.55000001192092896,21.043299215000001,1.8125137179999999,2.951032111
1144,O,oc23,-0.55000001192092896,23.523432028999999,1.2222983249999999,2.3202181620000002
1145,O,oc23,-0.55000001192092896,17.589769744000002,1.0899493280000001,10.246230713999999
1146,O,oc23,-0.55000001192092896,20.549048240000001,1.1391736880000001,6.273252104
1147,O,oc23,-0.55000001192092896,17.178177891000001,3.6385707260000002,5.1702734909999997
1148,O,oc23,-0.55000001192092896,22.600300922999999,3.6393291159999999,9.1689281210000004
1149,O,oc24,-0.67500001192092896,20.238407903999999,3.57953733,1.224315566
1150,Si,sc4,1.1000000238418579,25.109032654,1.4851951699999999,2.272746911
1151,Si,sc4,1.1000000238418579,19.160907076000001,1.4170122190000001,10.229403920999999
1152,Si,sc4,1.1000000238418579,22.129728927999999,1.4181900650000001,6.2686895380000003
1153,Si,sc4,1.1000000238418579,17.598606298,3.3185717779999999,6.6812073830000003
1154,Si,sc4,1.1000000238418579,23.02136325,3.3105430349999998,10.681924370999999
1155,Si,sc4,1.1000000238418579,20.612461782,3.3460164159999999,2.7924692649999998
1156,Si,sc4,1.1000000238418579,20.192761247,3.8816773599999999,11.685291371
1157,Si,sc4,1.1000000238418579,17.752121432999999,3.9551950219999998,3.707033107
1158,Si,sc4,1.1000000238418579,23.169762128999999,3.9049561609999999,7.693624228
1159,Si,sc4,1.1000000238418579,19.303093555,0.85646953299999995,7.2441453689999999
1160,Si,sc4,1.1000000238418579,24.695787719999998,0.81365286199999998,11.234690401
1161,Si,sc4,1.1000000238418579,22.283255554,0.85847700900000001,3.2867111000000002
1162,H,hoy,0.40000000596046448,24.799563548999998,1.251687373,0.207998716
1163,H,hoy,0.40000000596046448,19.593508616000001,2.934168975,0.98470047400000005
1164,O,oc23,-0.55000001192092896,19.318678179999999,0.50114570800000002,23.275056271
1165,O,oc23,-0.55000001192092896,25.330947356999999,0.44415311499999999,15.221201843999999
1166,O,oc23,-0.55000001192092896,22.285771427,0.41497578800000001,19.287348131000002
1167,O,oc23,-0.55000001192092896,18.30887865,4.3096563330000004,19.054188474
1168,O,oc23,-0.55000001192092896,23.699873658000001,4.228735296,22.925014027
1169,O,oc23,-0.55000001192092896,21.277328403999999,4.2860962100000002,15.093247398000001
1170,O,oc23,-0.55000001192092896,21.211444212,3.5806751069999998,23.553642131
1171,O,oc23,-0.55000001192092896,18.808093456000002,3.6071226680000001,15.64422521
1172,O,oc23,-0.55000001192092896,24.165251960999999,3.632882795,19.646660195999999
1173,O,oc23,-0.55000001192092896,19.183963579,1.068838827,20.717094250999999
1174,O,oc23,-0.55000001192092896,25.106453307999999,1.1913112699999999,12.739481611
1175,O,oc23,-0.55000001192092896,22.166204942,1.1049378089999999,16.745785470000001
1176,O,oc23,-0.55000001192092896,18.904356355000001,2.961864635,22.528265928
1177,O,oc23,-0.55000001192092896,16.486163876999999,2.9381318310000002,14.606062539
1178,O,oc23,-0.55000001192092896,21.869039124,2.9357518520000001,18.56712787
1179,O,oc23,-0.55000001192092896,17.539694518000001,1.79026898,18.822795943999999
1180,O,oc23,-0.55000001192092896,22.845702547999998,1.725812785,22.705697690000001
1181,O,oc23,-0.55000001192092896,20.520167447999999,1.780102582,14.817527296
1182,O,oc23,-0.55000001192092896,22.977906324999999,1.04638516,14.257305902000001
1183,O,oc23,-0.55000001192092896,17.019859163,1.1763590289999999,22.191042488000001
1184,O,oc23,-0.55000001192092896,20.010243695,1.120056213,18.227497234000001
1185,O,oc23,-0.55000001192092896,16.657380874000001,3.6059524669999998,17.141601605999998
1186,O,oc23,-0.55000001192092896,21.986379963000001,3.5515500250000001,21.070869910999999
1187,O,oc23,-0.55000001192092896,19.634975399999998,3.6209990109999999,13.165617057
1188,Si,sc4,1.1000000238418579,24.540512753000002,1.408323647,14.221632894000001
1189,Si,sc4,1.1000000238418579,18.608468231,1.430593099,22.176212891999999
1190,Si,sc4,1.1000000238418579,21.590803223999998,1.393784924,18.212527207000001
1191,Si,sc4,1.1000000238418579,17.090108904000001,3.333390955,18.667257351
1192,Si,sc4,1.1000000238418579,22.436393827,3.278625093,22.575138240000001
1193,Si,sc4,1.1000000238418579,20.061966652999999,3.3242548099999998,14.686605827999999
1194,Si,sc4,1.1000000238418579,19.646928929000001,3.901761262,23.591459298
1195,Si,sc4,1.1000000238418579,17.226795990999999,3.9000278449999999,15.663159337
1196,Si,sc4,1.1000000238418579,22.577415806000001,3.8971811710000002,19.635464724999999
1197,Si,sc4,1.1000000238418579,18.762017964000002,0.82146394599999994,19.192162657000001
1198,Si,sc4,1.1000000238418579,24.054788139999999,0.78384695599999998,23.132561751000001
1199,Si,sc4,1.1000000238418579,21.730523413,0.80732132199999995,15.235722565
1200,O,oc23,-0.55000001192092896,19.946574748,5.4131903770000003,11.262550377
1201,O,oc23,-0.55000001192092896,25.979677874,5.5132313289999999,3.1247733489999998
1202,O,oc23,-0.55000001192092896,22.934440196000001,5.4446974279999996,7.315190136
1203,O,oc23,-0.55000001192092896,18.865321296000001,9.2538814330000001,7.0689755679999999
1204,O,oc23,-0.55000001192092896,24.194130971,9.2706387360000004,11.158101200000001
1205,O,oc23,-0.55000001192092896,21.84031152,9.2429282960000005,3.0669245699999999
1206,O,oc23,-0.55000001192092896,21.71690671,8.5511945560000004,11.662824372999999
1207,O,oc23,-0.55000001192092896,19.335736032,8.5769586019999995,3.649060119
1208,O,oc23,-0.55000001192092896,24.736348494000001,8.4982196559999998,7.7126835509999996
1209,O,oc23,-0.55000001192092896,19.711473295000001,6.1377165900000001,8.7482900229999991
1210,O,oc24,-0.67500001192092896,25.478600909000001,6.4370387420000004,0.70891732399999996
1211,O,oc23,-0.55000001192092896,22.706961461999999,6.1602723140000002,4.8208545369999998
1212,O,oc23,-0.55000001192092896,19.376505788999999,7.8935745050000001,10.658523594
1213,O,oc23,-0.55000001192092896,16.979739245000001,7.9643100569999996,2.6418144090000002
1214,O,oc23,-0.55000001192092896,22.373114942000001,7.9326292379999996,6.7292024259999996
1215,O,oc23,-0.55000001192092896,18.109999798,6.7747809319999996,6.7485294549999999
1216,O,oc23,-0.55000001192092896,23.471227266,6.7724868349999996,10.814077753999999
1217,O,oc23,-0.55000001192092896,21.039118081000002,6.7701595750000001,2.8989918779999999
1218,O,oc23,-0.55000001192092896,23.506603950999999,6.1252622839999997,2.3422118190000001
1219,O,oc23,-0.55000001192092896,17.587564949000001,6.0199296750000002,10.261050089999999
1220,O,oc23,-0.55000001192092896,20.589269537,6.0336863599999999,6.3064118230000004
1221,O,oc23,-0.55000001192092896,17.205361124,8.6696189260000001,5.1469574859999998
1222,O,oc23,-0.55000001192092896,22.585655022000001,8.6667025449999997,9.2039548930000006
1223,O,oc24,-0.67500001192092896,20.163323412,8.4736268060000004,1.139417854
1224,Si,sc4,1.1000000238418579,25.043588801999999,6.5047460279999996,2.2670188859999998
1225,Si,sc4,1.1000000238418579,19.155416839000001,6.3670669330000003,10.234305493999999
1226,Si,sc4,1.1000000238418579,22.146771915999999,6.4014119640000002,6.3060803180000002
1227,Si,sc4,1.1000000238418579,17.643164525,8.3100689209999992,6.6486413080000002
1228,Si,sc4,1.1000000238418579,22.990058221999998,8.3158741000000003,10.717409315999999
1229,Si,sc4,1.1000000238418579,20.594234209,8.298710904,2.7038075949999998
1230,Si,sc4,1.1000000238418579,20.144165293,8.8614640649999998,11.680962838999999
1231,Si,sc4,1.1000000238418579,17.764705838000001,8.9277906690000002,3.6622686510000002
1232,Si,sc4,1.1000000238418579,23.175458336999998,8.8920774139999992,7.7292311900000001
1233,Si,sc4,1.1000000238418579,19.296972587999999,5.8073391890000003,7.2315007900000001
1234,Si,sc4,1.1000000238418579,24.688273339999999,5.803254956,11.247163171
1235,Si,sc4,1.1000000238418579,22.270642591000001,5.8370689379999998,3.3184592660000001
1236,H,hoy,0.40000000596046448,20.089472413999999,7.5819563680000002,0.82134235099999997
1237,H,hoy,0.40000000596046448,25.874899717000002,7.2473043849999996,0.415250271
1238,O,oc23,-0.55000001192092896,19.340168645999999,5.4466074100000004,23.267104185000001
1239,O,oc23,-0.55000001192092896,25.302809999000001,5.4274354599999999,15.309518098
1240,O,oc23,-0.55000001192092896,22.261094131,5.4346874559999998,19.297590099000001
1241,O,oc23,-0.55000001192092896,18.234198245999998,9.3029061500000001,19.119025419
1242,O,oc23,-0.55000001192092896,23.762811334999999,9.3134630479999991,23.065601497999999
1243,O,oc23,-0.55000001192092896,21.257618742999998,9.2532072379999999,15.122271833999999
1244,O,oc23,-0.55000001192092896,21.268562975999998,8.6970227219999998,23.642868402000001
1245,O,oc23,-0.55000001192092896,18.785920525000002,8.5680974540000001,15.665349104000001
1246,O,oc23,-0.55000001192092896,24.233196307,8.6839982960000004,19.64420836
1247,O,oc23,-0.55000001192092896,19.173498427999998,6.1308920860000002,20.734758988999999
1248,O,oc23,-0.55000001192092896,25.119960038999999,6.0982148430000001,12.77443781
1249,O,oc23,-0.55000001192092896,22.142506797999999,6.1134867169999998,16.773858088000001
1250,O,oc23,-0.55000001192092896,18.962290110000001,7.9826427679999998,22.568330761999999
1251,O,oc23,-0.55000001192092896,16.456504367000001,7.9428297389999996,14.645416492000001
1252,O,oc23,-0.55000001192092896,21.918644617999998,7.9463758660000003,18.628047364
1253,O,oc23,-0.55000001192092896,17.508102692000001,6.8024350690000004,18.789374559999999
1254,O,oc23,-0.55000001192092896,22.954588497,6.7688447119999999,22.957921296999999
1255,O,oc23,-0.55000001192092896,20.500381078,6.7769889089999999,14.827606142
1256,O,oc23,-0.55000001192092896,22.985963553000001,6.1155100520000003,14.285916629000001
1257,O,oc23,-0.55000001192092896,17.035915718999998,6.1857944749999998,22.229755824000001
1258,O,oc23,-0.55000001192092896,19.986604424999999,6.1825777989999997,18.257132012
1259,O,oc23,-0.55000001192092896,16.631274997999999,8.6854701179999996,17.16073738
1260,O,oc23,-0.55000001192092896,22.115826417000001,8.5353940710000007,21.179064319999998
1261,O,oc23,-0.55000001192092896,19.590373809999999,8.6239500519999996,13.183407439
1262,Si,sc4,1.1000000238418579,24.569948687,6.3960914610000001,14.259944382
1263,Si,sc4,1.1000000238418579,18.628819183000001,6.4456244910000002,22.214839426000001
1264,Si,sc4,1.1000000238418579,21.573385695999999,6.4251119729999999,18.245491606000002
1265,Si,sc4,1.1000000238418579,17.032009596000002,8.3390332659999995,18.680720410999999
1266,Si,sc4,1.1000000238418579,22.536786693,8.3218434820000002,22.720787841
1267,Si,sc4,1.1000000238418579,20.034307021,8.3085298999999999,14.699524243000001
1268,Si,sc4,1.1000000238418579,19.680314203999998,8.9793238790000007,23.612590249
1269,Si,sc4,1.1000000238418579,17.221925256999999,8.9107560340000003,15.680044995999999
1270,Si,sc4,1.1000000238418579,22.638763807,8.898987108,19.699104168000002
1271,Si,sc4,1.1000000238418579,18.739271977000001,5.8541977879999996,19.20988783
1272,Si,sc4,1.1000000238418579,24.189397051,5.7558613090000001,23.187286333999999
1273,Si,sc4,1.1000000238418579,21.729554627999999,5.8258064469999997,15.246024262000001
1274,O,oc23,-0.55000001192092896,19.907997828999999,10.387999408000001,11.240563463999999
1275,O,oc23,-0.55000001192092896,25.901445377999998,10.487790689000001,3.3282508499999999
1276,O,oc23,-0.55000001192092896,22.976670263999999,10.413945921,7.257540111
1277,O,oc23,-0.55000001192092896,18.904888099000001,14.254913328000001,7.0162239160000004
1278,O,oc23,-0.55000001192092896,24.240403485000002,14.248347403,11.13898558
1279,O,oc23,-0.55000001192092896,21.824488165000002,14.268389909,3.107881527
1280,O,oc23,-0.55000001192092896,21.756040724000002,13.515916580000001,11.631176283
1281,O,oc23,-0.55000001192092896,19.320705865000001,13.547150342,3.5594120619999998
1282,O,oc23,-0.55000001192092896,24.757461955,13.559013622,7.6516220170000002
1283,O,oc23,-0.55000001192092896,19.744782718,11.090445003999999,8.704240339
1284,O,oc24,-0.67500001192092896,25.749331424000001,11.079799113,0.76687699200000004
1285,O,oc23,-0.55000001192092896,22.767020576,11.083705253,4.7180702830000003
1286,O,oc23,-0.55000001192092896,19.407163343000001,12.8684142,10.602499368
1287,O,oc23,-0.55000001192092896,16.902620934000002,12.932460378,2.6169937760000002
1288,O,oc23,-0.55000001192092896,22.426482464999999,12.901247523,6.6225583090000004
1289,O,oc23,-0.55000001192092896,18.139188085000001,11.766133212,6.720561987
1290,O,oc23,-0.55000001192092896,23.506067707,11.760667634000001,10.774288218000001
1291,O,oc23,-0.55000001192092896,21.096181712,11.751600132,2.783456411
1292,O,oc23,-0.55000001192092896,23.580342245000001,11.024941398999999,2.24522406
1293,O,oc23,-0.55000001192092896,17.604921282999999,10.991055745000001,10.203963455
1294,O,oc23,-0.55000001192092896,20.625575324,11.008022072999999,6.2319454859999999
1295,O,oc23,-0.55000001192092896,17.211672624999999,13.675665370999999,5.0964231819999997
1296,O,oc23,-0.55000001192092896,22.618498327000001,13.613438416999999,9.1610399709999992
1297,O,oc24,-0.89999997615814209,20.246784487999999,13.589265253000001,1.057308291
1298,Si,sc4,1.1000000238418579,25.138357214999999,11.394848592000001,2.2550171560000001
1299,Si,sc4,1.1000000238418579,19.165820911000001,11.335205595,10.182468310000001
1300,Si,sc4,1.1000000238418579,22.199058495999999,11.358576327,6.2031185449999997
1301,Si,sc4,1.1000000238418579,17.675313338999999,13.308582297999999,6.6028088040000004
1302,Si,sc4,1.1000000238418579,23.031000250999998,13.291874279,10.679455620000001
1303,Si,sc4,0.72500002384185791,20.622326557000001,13.288374022999999,2.6367849579999998
1304,Si,sc4,1.1000000238418579,20.177808201000001,13.82195091,11.650103801
1305,Si,sc4,1.1000000238418579,17.743998138999999,13.911078169,3.5821136880000002
1306,Si,sc4,1.1000000238418579,23.176496088,13.868926837,7.6715630790000002
1307,Si,sc4,1.1000000238418579,19.344214757,10.787730593999999,7.1731743779999997
1308,Si,sc4,1.1000000238418579,24.694367226000001,10.79354964,11.244905255999999
1309,Si,sc4,1.1000000238418579,22.312228830999999,10.782745132000001,3.1933786799999999
1310,H,hoy,0.40000000596046448,26.378603003999999,11.697308783,0.439099189
1311,O,oc23,-0.55000001192092896,19.418783386000001,10.487527546000001,23.149701426
1312,O,oc23,-0.55000001192092896,25.324356475999998,10.428211138,15.273828344
1313,O,oc23,-0.55000001192092896,22.282086450000001,10.427365212,19.328991406
1314,O,oc23,-0.55000001192092896,18.315345524000001,14.283206999000001,19.086934241000002
1315,O,oc23,-0.55000001192092896,23.605606424000001,14.261025283,23.124987817000001
1316,O,oc23,-0.55000001192092896,21.251129297999999,14.213392765,15.076184453
1317,O,oc23,-0.55000001192092896,21.108682968,13.559493009000001,23.644136671999998
1318,O,oc23,-0.55000001192092896,18.774710533,13.519326899999999,15.622454399
1319,O,oc23,-0.55000001192092896,24.147619259999999,13.526678633,19.653528775000002
1320,O,oc23,-0.55000001192092896,19.152084691999999,11.191895039,20.660296595999998
1321,O,oc23,-0.55000001192092896,25.113339887999999,11.136653074,12.756704110999999
1322,O,oc23,-0.55000001192092896,22.133759678000001,11.1041536,16.773141008
1323,O,oc23,-0.55000001192092896,18.837543995000001,12.959457027999999,22.52126874
1324,O,oc23,-0.55000001192092896,16.436811036999998,12.909925556999999,14.61723928
1325,O,oc23,-0.55000001192092896,21.808748959999999,12.915500735,18.643656877000002
1326,O,oc23,-0.55000001192092896,17.507785352999999,11.808584542,18.735017672000001
1327,O,oc23,-0.55000001192092896,22.906187699,11.788807941,22.792515082000001
1328,O,oc23,-0.55000001192092896,20.504802379000001,11.728954044,14.801452035000001
1329,O,oc23,-0.55000001192092896,22.979219981,11.048968079,14.282316937999999
1330,O,oc23,-0.55000001192092896,17.019630948,11.08345617,22.170687354999998
1331,O,oc23,-0.55000001192092896,19.976539704,11.069935738,18.230064079000002
1332,O,oc23,-0.55000001192092896,16.653885435999999,13.68680515,17.130446447000001
1333,O,oc23,-0.55000001192092896,21.997191561000001,13.66730293,21.167931527
1334,O,oc23,-0.55000001192092896,19.611217975999999,13.559078251000001,13.132765368999999
1335,Si,sc4,1.1000000238418579,24.551361363000002,11.382555657999999,14.241024358000001
1336,Si,sc4,1.1000000238418579,18.594190531999999,11.423924705999999,22.132523833
1337,Si,sc4,1.1000000238418579,21.551032073999998,11.378776956999999,18.248360258999998
1338,Si,sc4,1.1000000238418579,17.073574111999999,13.348133189,18.644159833
1339,Si,sc4,1.1000000238418579,22.394932780000001,13.306201173,22.688469137999999
1340,Si,sc4,1.1000000238418579,20.030281382999998,13.257067192999999,14.660192708
1341,Si,sc4,1.1000000238418579,19.523263038,13.871262188999999,23.622592758
1342,Si,sc4,1.1000000238418579,17.215004826000001,13.874134565,15.641502071
1343,Si,sc4,1.1000000238418579,22.578032547999999,13.878706148999999,19.679204059
1344,Si,sc4,1.1000000238418579,18.708512745,10.836373876,19.177828249000001
1345,Si,sc4,1.1000000238418579,24.165625452,10.866336864999999,23.178817576
1346,Si,sc4,1.1000000238418579,21.720943084000002,10.78483018,15.252050766
1347,O,oc23,-0.55000001192092896,19.940742434000001,15.354776977,11.244370977000001
1348,O,oc23,-0.55000001192092896,25.834645380000001,15.433951134999999,3.3082869009999998
1349,O,oc23,-0.55000001192092896,22.915664660000001,15.407367686000001,7.2758897229999997
1350,O,oc23,-0.55000001192092896,18.852382465000002,19.217716947,7.1060111990000001
1351,O,oc23,-0.55000001192092896,24.263360411000001,19.190699113000001,11.091215374000001
1352,O,oc23,-0.55000001192092896,21.863633944,19.258403846,3.0518680749999998
1353,O,oc23,-0.55000001192092896,21.793426608000001,18.512456601,11.632251567000001
1354,O,oc23,-0.55000001192092896,19.369519236999999,18.583325497000001,3.6778484749999998
1355,O,oc23,-0.55000001192092896,24.757201383999998,18.55123708,7.6924796930000001
1356,O,oc23,-0.55000001192092896,19.775872653,16.043432838000001,8.7183243640000008
1357,O,oc24,-0.67500001192092896,25.516951766999998,16.109749051000001,0.78270306899999997
1358,O,oc23,-0.55000001192092896,22.714831073999999,16.134350512000001,4.7667148309999998
1359,O,oc23,-0.55000001192092896,19.486653986,17.851354039,10.580344599
1360,O,oc23,-0.55000001192092896,16.98291773,17.971536645,2.6691636729999999
1361,O,oc23,-0.55000001192092896,22.462474941,17.914235119000001,6.6272588890000002
1362,O,oc23,-0.55000001192092896,18.085572268,16.731641783000001,6.8495723059999998
1363,O,oc23,-0.55000001192092896,23.499475423,16.724866134999999,10.788670099000001
1364,O,oc23,-0.55000001192092896,21.05723678,16.773307488,2.8579585179999998
1365,O,oc23,-0.55000001192092896,23.511772828000002,16.146482201000001,2.3220919339999999
1366,O,oc23,-0.55000001192092896,17.641539149,16.011809174,10.203013791
1367,O,oc23,-0.55000001192092896,20.580547181,16.146726445999999,6.2584273780000004
1368,O,oc23,-0.55000001192092896,17.204278080999998,18.569341714,5.1992516780000004
1369,O,oc23,-0.55000001192092896,22.608188781999999,18.568939661000002,9.1619023590000008
1370,O,oc24,-0.67500001192092896,20.188306977,18.59288763,1.1638858169999999
1371,Si,sc4,1.1000000238418579,25.072833422999999,16.425370906000001,2.3078321490000002
1372,Si,sc4,1.1000000238418579,19.215465844000001,16.317629829000001,10.191056865
1373,Si,sc4,1.1000000238418579,22.166537892000001,16.386651891,6.2356220999999996
1374,Si,sc4,1.1000000238418579,17.622801678999998,18.260444570000001,6.707525736
1375,Si,sc4,1.1000000238418579,23.040591002999999,18.248886263999999,10.670731727
1376,Si,sc4,1.1000000238418579,20.616310785,18.286696869,2.7083201859999999
1377,Si,sc4,1.1000000238418579,20.221887771999999,18.812867236999999,11.634018035
1378,Si,sc4,1.1000000238418579,17.778508399,18.874020008999999,3.734678722
1379,Si,sc4,1.1000000238418579,23.182693775000001,18.854368599000001,7.692079434
1380,Si,sc4,1.1000000238418579,19.336157172,15.784680241,7.2007337160000002
1381,Si,sc4,1.1000000238418579,24.715149014000001,15.782948568,11.231252921999999
1382,Si,sc4,1.1000000238418579,22.262145466,15.814336619000001,3.2634460299999999
1383,H,hoy,0.40000000596046448,24.720569908000002,15.866786502,0.34350438100000003
1384,H,hoy,0.40000000596046448,20.139996865000001,19.518090381,1.017636982
1385,O,oc23,-0.55000001192092896,19.279504976999998,15.427946213,23.273085967
1386,O,oc23,-0.55000001192092896,25.362095672999999,15.393785277999999,15.241347224
1387,O,oc23,-0.55000001192092896,22.382108086999999,15.414278719,19.216407147000002
1388,O,oc23,-0.55000001192092896,18.318333721999998,19.264577884000001,18.986308187999999
1389,O,oc23,-0.55000001192092896,23.676442470000001,19.202650778999999,22.914588419000001
1390,O,oc23,-0.55000001192092896,21.287790140999999,19.180278797,14.98022314
1391,O,oc23,-0.55000001192092896,21.204093919999998,18.576920098999999,23.563106079000001
1392,O,oc23,-0.55000001192092896,18.816656355999999,18.521400885999999,15.564558870000001
1393,O,oc23,-0.55000001192092896,24.166927182999999,18.592034591000001,19.615309066999998
1394,O,oc23,-0.55000001192092896,19.195870972000002,16.175174678000001,20.7377185
1395,O,oc23,-0.55000001192092896,25.144195502999999,16.144332803000001,12.731324216999999
1396,O,oc23,-0.55000001192092896,22.162079857999998,16.072744353000001,16.683132421
1397,O,oc23,-0.55000001192092896,18.820391934,17.954654445999999,22.664806382999998
1398,O,oc23,-0.55000001192092896,16.497321695,17.876680168,14.542438004999999
1399,O,oc23,-0.55000001192092896,21.890561708,17.898358356999999,18.530836943000001
1400,O,oc23,-0.55000001192092896,17.569379138999999,16.758960777999999,18.779354015999999
1401,O,oc23,-0.55000001192092896,22.887979922,16.738772116,22.732758044000001
1402,O,oc23,-0.55000001192092896,20.537096434999999,16.691955714999999,14.726726928
1403,O,oc23,-0.55000001192092896,23.009924667,15.968189452000001,14.225329972999999
1404,O,oc23,-0.55000001192092896,17.014602864,16.16005517,22.207803434999999
1405,O,oc23,-0.55000001192092896,20.037009064999999,16.072466082999998,18.230377188999999
1406,O,oc23,-0.55000001192092896,16.686425077999999,18.524906431000002,17.065013903000001
1407,O,oc23,-0.55000001192092896,21.991787065,18.557131215999998,21.057579047000001
1408,O,oc23,-0.55000001192092896,19.642133858000001,18.526604626000001,13.094760912
1409,Si,sc4,1.1000000238418579,24.571717106000001,16.346088191,14.215308820000001
1410,Si,sc4,1.1000000238418579,18.595958747000001,16.421217351999999,22.215569393999999
1411,Si,sc4,1.1000000238418579,21.619332712999999,16.362371572000001,18.166802682
1412,Si,sc4,1.1000000238418579,17.106361802999999,18.281194960000001,18.590140666
1413,Si,sc4,1.1000000238418579,22.432598306999999,18.262580525000001,22.571357623000001
1414,Si,sc4,1.1000000238418579,20.066572891,18.219357526,14.600948566
1415,Si,sc4,1.1000000238418579,19.655763292,18.944608760000001,23.608788906000001
1416,Si,sc4,1.1000000238418579,17.245145503,18.825187039999999,15.596217867
1417,Si,sc4,1.1000000238418579,22.584278503,18.866908348999999,19.599899375
1418,Si,sc4,1.1000000238418579,18.791135259000001,15.816298607,19.212926052
1419,Si,sc4,1.1000000238418579,24.097199080999999,15.775294046000001,23.17244951
1420,Si,sc4,1.1000000238418579,21.737829658999999,15.731757581,15.176030434999999
1421,O,oc23,-0.55000001192092896,19.973430371999999,20.348540947,11.245087014999999
1422,O,oc23,-0.55000001192092896,25.858886507000001,20.411853037,3.4920354410000001
1423,O,oc23,-0.55000001192092896,22.915546732999999,20.386283970000001,7.2823814589999998
1424,O,oc23,-0.55000001192092896,18.829194770000001,24.204127158999999,7.1881830100000004
1425,O,oc23,-0.55000001192092896,24.236880723999999,24.176904711999999,11.139426906000001
1426,O,oc23,-0.55000001192092896,21.803300928999999,24.231180797,3.1129377599999999
1427,O,oc23,-0.55000001192092896,21.763290938000001,23.485061376000001,11.657835081
1428,O,oc23,-0.55000001192092896,19.364097306000001,23.475214802,3.6941460250000002
1429,O,oc23,-0.55000001192092896,24.734985055999999,23.449765133,7.8082236869999999
1430,O,oc23,-0.55000001192092896,19.755942457,21.053652343,8.7357006039999998
1431,O,oc24,-0.67500001192092896,25.991688975999999,21.414906015,0.99579792
1432,O,oc23,-0.55000001192092896,22.727772128000002,21.098043005000001,4.7316519140000004
1433,O,oc23,-0.55000001192092896,19.453280289999999,22.842176724000002,10.620361447000001
1434,O,oc23,-0.55000001192092896,17.043717156,22.898574549999999,2.7106357600000002
1435,O,oc23,-0.55000001192092896,22.430072101,22.869973671,6.6591329010000004
1436,O,oc23,-0.55000001192092896,18.085896725000001,21.709042484000001,6.8221816420000003
1437,O,oc23,-0.55000001192092896,23.490474758000001,21.683079105000001,10.793081734999999
1438,O,oc23,-0.55000001192092896,21.141266530999999,21.749061485999999,2.7203637629999999
1439,O,oc23,-0.55000001192092896,23.680188801,21.062909860000001,2.2670133899999998
1440,O,oc23,-0.55000001192092896,17.634202857999998,20.968169061000001,10.242580035
1441,O,oc23,-0.55000001192092896,20.573407556999999,21.037782412999999,6.2463350630000001
1442,O,oc23,-0.55000001192092896,17.221990690999998,23.612399655000001,5.2316137530000004
1443,O,oc23,-0.55000001192092896,22.581458949999998,23.559097222999998,9.1985231459999994
1444,O,oc24,-0.67500001192092896,20.097295973000001,23.648991422000002,1.1958553890000001
1445,Si,sc4,1.1000000238418579,25.246410544,21.460024776000001,2.4603743090000001
1446,Si,sc4,1.1000000238418579,19.200236272000001,21.307939396999998,10.214443685999999
1447,Si,sc4,1.1000000238418579,22.161698950000002,21.346401750999998,6.2296142449999996
1448,Si,sc4,1.1000000238418579,17.624070559,23.244003298999999,6.7358651219999999
1449,Si,sc4,1.1000000238418579,23.022172757,23.218272668000001,10.700519342
1450,Si,sc4,1.1000000238418579,20.601733071000002,23.264377716999999,2.7023580200000001
1451,Si,sc4,1.1000000238418579,20.190844364,23.802406987000001,11.669165375
1452,Si,sc4,1.1000000238418579,17.796717679,23.855536981,3.7539840419999999
1453,Si,sc4,1.1000000238418579,23.176842631,23.809434739,7.7316879360000001
1454,Si,sc4,1.1000000238418579,19.316635742999999,20.750101087000001,7.2211733880000004
1455,Si,sc4,1.1000000238418579,24.718370033999999,20.724090675999999,11.196065631
1456,Si,sc4,1.1000000238418579,22.349798043,20.790049075999999,3.1927178239999998
1457,H,hoy,0.40000000596046448,26.59461413,22.149488238,1.059818476
1458,H,hoy,0.40000000596046448,19.774685653999999,24.530986713000001,1.19613265
1459,O,oc23,-0.55000001192092896,19.417977684,20.463926713999999,23.141947570999999
1460,O,oc23,-0.55000001192092896,25.279762194,20.386550912000001,15.233233915
1461,O,oc23,-0.55000001192092896,22.289664557999998,20.398267546,19.206611259999999
1462,O,oc23,-0.55000001192092896,18.311052987,24.259016265,19.072088363999999
1463,O,oc23,-0.55000001192092896,23.726382984000001,24.170344388,22.843648042000002
1464,O,oc23,-0.55000001192092896,21.272173882000001,24.162425218999999,15.025395752
1465,O,oc23,-0.55000001192092896,21.259173023999999,23.601188752999999,23.479565753999999
1466,O,oc23,-0.55000001192092896,18.799300638999998,23.515667430000001,15.615270553
1467,O,oc23,-0.55000001192092896,24.168888207999998,23.548195162999999,19.526059527000001
1468,O,oc23,-0.55000001192092896,19.227391299000001,21.092251007000002,20.607112407999999
1469,O,oc23,-0.55000001192092896,25.135368379999999,21.040680777999999,12.707531015000001
1470,O,oc23,-0.55000001192092896,22.152537697,20.990905824999999,16.651816352000001
1471,O,oc23,-0.55000001192092896,18.953894330000001,22.931657937000001,22.460029481999999
1472,O,oc23,-0.55000001192092896,16.464265645000001,22.878628779,14.616120373999999
1473,O,oc23,-0.55000001192092896,21.896843024999999,22.882411455,18.451256857000001
1474,O,oc23,-0.55000001192092896,17.545132809999998,21.762438931999998,18.752980507
1475,O,oc23,-0.55000001192092896,22.897876901,21.682231104,22.697792455999998
1476,O,oc23,-0.55000001192092896,20.493305095,21.668307211999998,14.749103942
1477,O,oc23,-0.55000001192092896,22.969473915999998,21.039336925000001,14.175387755999999
1478,O,oc23,-0.55000001192092896,17.086817764999999,21.150437783000001,22.136785007
1479,O,oc23,-0.55000001192092896,20.008216398999998,21.098970784999999,18.129444426999999
1480,O,oc23,-0.55000001192092896,16.666500727999999,23.615204073000001,17.132467718000001
1481,O,oc23,-0.55000001192092896,22.025154787999998,23.488151642999998,20.990249476999999
1482,O,oc23,-0.55000001192092896,19.607053440000001,23.533014490999999,13.137422033
1483,Si,sc4,1.1000000238418579,24.545535788999999,21.331260568000001,14.16345937
1484,Si,sc4,1.1000000238418579,18.672465139,21.408338722,22.072329655000001
1485,Si,sc4,1.1000000238418579,21.590095475999998,21.34353874,18.109128169000002
1486,Si,sc4,1.1000000238418579,17.097074198000001,23.298846435000002,18.636900534999999
1487,Si,sc4,1.1000000238418579,22.483663129,23.221854833999998,22.504175161999999
1488,Si,sc4,1.1000000238418579,20.043203266999999,23.211163597999999,14.636286843000001
1489,Si,sc4,1.1000000238418579,19.687898563000001,23.864528256,23.529850167999999
1490,Si,sc4,1.1000000238418579,17.228241920999999,23.842881945999999,15.652758004000001
1491,Si,sc4,1.1000000238418579,22.598773808000001,23.832866592999999,19.533364474999999
1492,Si,sc4,1.1000000238418579,18.774279907,20.795921677999999,19.104861504999999
1493,Si,sc4,1.1000000238418579,24.125593666,20.719385686999999,23.088702679000001
1494,Si,sc4,1.1000000238418579,21.726452647999999,20.715303121000002,15.133533094000001
1495,O,oc23,-0.55000001192092896,19.940440231,25.339255575999999,11.270465529000001
1496,O,oc23,-0.55000001192092896,25.774846805999999,25.437095845000002,3.489975491
1497,O,oc23,-0.55000001192092896,22.945019172999999,25.338975645000001,7.2892724480000002
1498,O,oc23,-0.55000001192092896,18.864238970999999,29.19887868,7.1779802019999996
1499,O,oc23,-0.55000001192092896,24.235537907000001,29.165336838999998,11.121817363
1500,O,oc23,-0.55000001192092896,21.799154232999999,29.202093777000002,3.1763724249999998
1501,O,oc23,-0.55000001192092896,21.757421085000001,28.412096900000002,11.617787506000001
1502,O,oc23,-0.55000001192092896,19.321507996000001,28.50674617,3.7277862690000001
1503,O,oc23,-0.55000001192092896,24.740816987999999,28.484560760000001,7.6382558439999997
1504,O,oc23,-0.55000001192092896,19.715477464999999,26.076165219,8.7703360900000007
1505,O,oc24,-0.67500001192092896,25.856246922,25.833172382000001,0.92681447900000002
1506,O,oc23,-0.55000001192092896,22.6909882,26.060320981,4.7602070799999998
1507,O,oc23,-0.55000001192092896,19.391798391999998,27.837327882,10.648922434999999
1508,O,oc23,-0.55000001192092896,16.989643368999999,27.880091606000001,2.7374881389999999
1509,O,oc23,-0.55000001192092896,22.379398695999999,27.832890289000002,6.6605194369999996
1510,O,oc23,-0.55000001192092896,18.108319178999999,26.713897589999998,6.8065439899999998
1511,O,oc23,-0.55000001192092896,23.515937716,26.668460543999998,10.720193505999999
1512,O,oc23,-0.55000001192092896,21.037846090999999,26.724789382000001,2.8244485309999998
1513,O,oc23,-0.55000001192092896,23.533240552999999,26.001733745999999,2.2841880300000001
1514,O,oc23,-0.55000001192092896,17.586727582999998,25.959972363999999,10.272858100000001
1515,O,oc23,-0.55000001192092896,20.575001404999998,25.957117491999998,6.2987254679999998
1516,O,oc23,-0.55000001192092896,17.209654760999999,28.645104237999998,5.2430471240000003
1517,O,oc23,-0.55000001192092896,22.614803387999999,28.571524402000001,9.1527216199999994
1518,O,oc24,-0.67500001192092896,20.095273689999999,28.600245303000001,1.2358274929999999
1519,Si,sc4,1.1000000238418579,25.122785847999999,26.282318432,2.3197394060000001
1520,Si,sc4,1.1000000238418579,19.156959238999999,26.300903403,10.247684536
1521,Si,sc4,1.1000000238418579,22.151749475999999,26.292731517,6.2572758070000001
1522,Si,sc4,1.1000000238418579,17.642429217,28.25600142,6.735448495
1523,Si,sc4,1.1000000238418579,23.030903407,28.201178129999999,10.658657345
1524,Si,sc4,1.1000000238418579,20.576307606,28.257851643999999,2.7618499559999998
1525,Si,sc4,1.1000000238418579,20.189579501000001,28.786851625000001,11.65778531
1526,Si,sc4,1.1000000238418579,17.754715397999998,28.863217972000001,3.75299885
1527,Si,sc4,1.1000000238418579,23.170744752000001,28.806853794999999,7.6726918529999999
1528,Si,sc4,1.1000000238418579,19.302672529999999,25.739538294999999,7.2668982399999997
1529,Si,sc4,1.1000000238418579,24.718697968000001,25.712331933000002,11.197260677999999
1530,Si,sc4,1.1000000238418579,22.262249117,25.76252276,3.240835841
1531,H,hoy,0.40000000596046448,26.215242081,24.979701364,1.0955538119999999
1532,H,hoy,0.40000000596046448,20.005396944000001,27.791521322000001,0.76645018600000003
1533,O,oc23,-0.55000001192092896,19.353235596000001,25.40380519,23.209976408999999
1534,O,oc23,-0.55000001192092896,25.356204843,25.351829714000001,15.173936761
1535,O,oc23,-0.55000001192092896,22.290755818000001,25.368367058,19.178207442000001
1536,O,oc23,-0.55000001192092896,18.275746293000001,29.220722560999999,19.099417203000002
1537,O,oc23,-0.55000001192092896,23.682063476,29.11178701,22.813186657999999
1538,O,oc23,-0.55000001192092896,21.244673693999999,29.156230225000002,15.061565891000001
1539,O,oc23,-0.55000001192092896,21.229114155000001,28.552154078000001,23.526911118000001
1540,O,oc23,-0.55000001192092896,18.790639304999999,28.448264329000001,15.607877304000001
1541,O,oc23,-0.55000001192092896,24.109385032999999,28.49278563,19.590973184999999
1542,O,oc23,-0.55000001192092896,19.200778020000001,26.156346372000002,20.677373831000001
1543,O,oc23,-0.55000001192092896,25.132236837000001,26.100964088000001,12.688827243
1544,O,oc23,-0.55000001192092896,22.144838693000001,26.01285107,16.639041012
1545,O,oc23,-0.55000001192092896,18.848249306,27.908946115999999,22.635726948999999
1546,O,oc23,-0.55000001192092896,16.439337533,27.855700364,14.626489980000001
1547,O,oc23,-0.55000001192092896,21.853245262000002,27.834479893000001,18.479408828
1548,O,oc23,-0.55000001192092896,17.533151007000001,26.742962971000001,18.751493393000001
1549,O,oc23,-0.55000001192092896,22.871502033999999,26.626549137000001,22.791465121000002
1550,O,oc23,-0.55000001192092896,20.513550630000001,26.659166061000001,14.707678023
1551,O,oc23,-0.55000001192092896,22.993801307999998,25.971921675000001,14.169814165
1552,O,oc23,-0.55000001192092896,17.057383655999999,26.046162106000001,22.158186270000002
1553,O,oc23,-0.55000001192092896,19.988979444000002,26.065642272000002,18.164074501000002
1554,O,oc23,-0.55000001192092896,16.650912556000002,28.594024319999999,17.128810270999999
1555,O,oc23,-0.55000001192092896,21.953497256999999,28.361205875,21.018995618000002
1556,O,oc23,-0.55000001192092896,19.619126289,28.551003742999999,13.130127025
1557,Si,sc4,1.1000000238418579,24.565675948999999,26.316354260000001,14.166119073999999
1558,Si,sc4,1.1000000238418579,18.623085049,26.387831925,22.164119727999999
1559,Si,sc4,1.1000000238418579,21.570802773,26.314257054999999,18.100333098
1560,Si,sc4,1.1000000238418579,17.067124899,28.267046593,18.643897574
1561,Si,sc4,1.1000000238418579,22.431400907,28.149025501000001,22.531862277999998
1562,Si,sc4,1.1000000238418579,20.039599231,28.196016381,14.628821504999999
1563,Si,sc4,1.1000000238418579,19.668002117,28.864506071000001,23.628068714000001
1564,Si,sc4,1.1000000238418579,17.222020254,28.805911575,15.643482519999999
1565,Si,sc4,1.1000000238418579,22.533399268,28.754995428000001,19.578342683999999
1566,Si,sc4,1.1000000238418579,18.763638366999999,25.802675531999999,19.165985739
1567,Si,sc4,1.1000000238418579,24.136697102999999,25.68937816,23.105171845000001
1568,Si,sc4,1.1000000238418579,21.732431456,25.696634329999998,15.128613557
1569,O,oc23,-0.55000001192092896,19.975214192999999,30.324411564999998,11.247202517
1570,O,oc23,-0.55000001192092896,25.908043730999999,30.338905749999999,3.2332748840000001
1571,O,oc23,-0.55000001192092896,22.936901442,30.337305687000001,7.2579032909999999
1572,O,oc23,-0.55000001192092896,18.870727928000001,34.176076180999999,7.1462360580000004
1573,O,oc23,-0.55000001192092896,24.203903036,34.140114973000003,11.162577336
1574,O,oc23,-0.55000001192092896,21.849268073000001,34.184983699999997,3.0620780590000001
1575,O,oc23,-0.55000001192092896,21.732699395000001,33.441296414,11.677015029
1576,O,oc23,-0.55000001192092896,19.384895627999999,33.519754218000003,3.7366931069999998
1577,O,oc23,-0.55000001192092896,24.696079216000001,33.460284366000003,7.6778819690000004
1578,O,oc23,-0.55000001192092896,19.768930209000001,31.106340230000001,8.7497895010000004
1579,O,oc24,-0.67500001192092896,25.621470636000002,31.184940847,0.72050313899999996
1580,O,oc23,-0.55000001192092896,22.715967165999999,31.073396845000001,4.7742274800000004
1581,O,oc23,-0.55000001192092896,19.381340239,32.827777232000003,10.688510866
1582,O,oc23,-0.55000001192092896,17.053808101000001,32.927963300000002,2.73430332
1583,O,oc23,-0.55000001192092896,22.361064101,32.825038999,6.6820302700000003
1584,O,oc23,-0.55000001192092896,18.139229993000001,31.680489089999998,6.7999732149999996
1585,O,oc23,-0.55000001192092896,23.477139435000002,31.655287766000001,10.806548525
1586,O,oc23,-0.55000001192092896,21.056622514000001,31.688420576999999,2.8673314780000001
1587,O,oc23,-0.55000001192092896,23.524902562000001,30.992285299999999,2.301423464
1588,O,oc23,-0.55000001192092896,17.632063395999999,30.947313183999999,10.230791721999999
1589,O,oc23,-0.55000001192092896,20.590799913000001,30.940658989999999,6.2736027060000001
1590,O,oc23,-0.55000001192092896,17.233812844999999,33.554027855000001,5.2359952529999996
1591,O,oc23,-0.55000001192092896,22.573526409999999,33.518377829999999,9.2076312970000007
1592,O,oc24,-0.67500001192092896,20.105914914,33.472823282999997,1.216224634
1593,Si,sc4,1.1000000238418579,25.096795953000001,31.318096301000001,2.2593953259999999
1594,Si,sc4,1.1000000238418579,19.196647839000001,31.300302865999999,10.235127904
1595,Si,sc4,1.1000000238418579,22.151074856000001,31.292970686,6.245264003
1596,Si,sc4,1.1000000238418579,17.66464238,33.210622530999999,6.7280913709999997
1597,Si,sc4,1.1000000238418579,22.99881126,33.186485660000002,10.718438968999999
1598,Si,sc4,1.1000000238418579,20.605803178999999,33.219727800000001,2.7469846649999998
1599,Si,sc4,1.1000000238418579,20.164426950999999,33.794440442999999,11.700481902
1600,Si,sc4,1.1000000238418579,17.81732122,33.858012365999997,3.7876445429999999
1601,Si,sc4,1.1000000238418579,23.123180151,33.780096571000001,7.7245926640000002
1602,Si,sc4,1.1000000238418579,19.344307544999999,30.727751010999999,7.2513679670000002
1603,Si,sc4,1.1000000238418579,24.699056117000001,30.700166351,11.217007126
1604,Si,sc4,1.1000000238418579,22.278436040999999,30.730236564999998,3.2795226039999998
1605,H,hoy,0.40000000596046448,20.865896544000002,33.508469486000003,0.66600766
1606,H,hoy,0.40000000596046448,25.978381701,32.020769313999999,0.48088893500000002
1607,O,oc23,-0.55000001192092896,19.391828529000001,30.395452895999998,23.243544743000001
1608,O,oc23,-0.55000001192092896,25.314186437,30.324968956999999,15.241582211000001
1609,O,oc23,-0.55000001192092896,22.222058117,30.300439673,19.248866841000002
1610,O,oc23,-0.55000001192092896,18.291968674,34.155126942000003,19.031852430000001
1611,O,oc23,-0.55000001192092896,23.655684892,34.103537717999998,22.915472109
1612,O,oc23,-0.55000001192092896,21.243686786000001,34.14156904,15.129763078
1613,O,oc23,-0.55000001192092896,21.253857923000002,33.565096289000003,23.526920377
1614,O,oc23,-0.55000001192092896,18.774463155999999,33.441365501999996,15.640862718999999
1615,O,oc23,-0.55000001192092896,24.155268681999999,33.409271410000002,19.604571371999999
1616,O,oc23,-0.55000001192092896,19.18261356,31.093556195000001,20.712671189999998
1617,O,oc23,-0.55000001192092896,25.121416805999999,31.049872084,12.727458981
1618,O,oc23,-0.55000001192092896,22.120094730000002,30.972061981,16.701781438000001
1619,O,oc23,-0.55000001192092896,18.871062001999999,32.874786018999998,22.643551957
1620,O,oc23,-0.55000001192092896,16.452315757000001,32.804088950000001,14.591339852999999
1621,O,oc23,-0.55000001192092896,21.856228574999999,32.794648461999998,18.530412289000001
1622,O,oc23,-0.55000001192092896,17.492639181000001,31.689684583999998,18.801567545000001
1623,O,oc23,-0.55000001192092896,22.886372535,31.610497885000001,22.936736856
1624,O,oc23,-0.55000001192092896,20.502561425,31.660592095999998,14.749942020000001
1625,O,oc23,-0.55000001192092896,22.972152182999999,30.932592549999999,14.221521037
1626,O,oc23,-0.55000001192092896,17.039722647000001,31.036697156999999,22.227064662
1627,O,oc23,-0.55000001192092896,19.96042551,31.029871121999999,18.202697231999998
1628,O,oc23,-0.55000001192092896,16.621051091000002,33.494284841000002,17.122434845000001
1629,O,oc23,-0.55000001192092896,22.009583779,33.308003870999997,21.049126682000001
1630,O,oc23,-0.55000001192092896,19.607758018999998,33.586700575000002,13.183931451999999
1631,Si,sc4,1.1000000238418579,24.543003130999999,31.27735564,14.210617279999999
1632,Si,sc4,1.1000000238418579,18.619358252000001,31.347882448,22.203996785000001
1633,Si,sc4,1.1000000238418579,21.540034927000001,31.273240754,18.16402137
1634,Si,sc4,1.1000000238418579,17.052357052000001,33.213984001999997,18.641000856000002
1635,Si,sc4,1.1000000238418579,22.447581321000001,33.135262373000003,22.564914297000001
1636,Si,sc4,1.1000000238418579,20.03416649,33.200363154999998,14.676337877
1637,Si,sc4,1.1000000238418579,19.683005076000001,33.841483658999998,23.620938237000001
1638,Si,sc4,1.1000000238418579,17.199186391000001,33.758897486999999,15.647985998999999
1639,Si,sc4,1.1000000238418579,22.577663130000001,33.718209113,19.609038997999999
1640,Si,sc4,1.1000000238418579,18.731242355999999,30.758635923,19.198982619999999
1641,Si,sc4,1.1000000238418579,24.143025817000002,30.602180088000001,23.121135061
1642,Si,sc4,1.1000000238418579,21.708978297000002,30.686822799000002,15.175140409999999
1643,O,oc23,-0.55000001192092896,28.334696249,0.426840685,11.241482902
1644,O,oc23,-0.55000001192092896,31.230463907000001,0.49954208,7.3473665539999997
1645,O,oc23,-0.55000001192092896,27.209360009000001,4.2925638639999999,7.1027835640000001
1646,O,oc23,-0.55000001192092896,32.565851283000001,4.3136527720000002,11.23234907
1647,O,oc23,-0.55000001192092896,30.286403944,4.3113695459999999,3.30876115
1648,O,oc23,-0.55000001192092896,30.100091044999999,3.5227817209999999,11.721491803999999
1649,O,oc23,-0.55000001192092896,27.767844747000002,3.6729655980000002,3.6311828639999999
1650,O,oc23,-0.55000001192092896,33.041966979000001,3.5909026819999998,7.7155844230000001
1651,O,oc23,-0.55000001192092896,28.055439649,1.2368980380000001,8.7355996460000007
1652,O,oc23,-0.55000001192092896,31.103078562,1.1785238280000001,4.8511455669999997
1653,O,oc23,-0.55000001192092896,27.730436997000002,2.9241327539999999,10.731342979000001
1654,O,oc23,-0.55000001192092896,25.470253191000001,3.0178748870000001,2.5753559149999998
1655,O,oc23,-0.55000001192092896,30.696619771000002,2.9947849579999999,6.7298758369999998
1656,O,oc23,-0.55000001192092896,26.443735107999998,1.820445061,6.7280366740000002
1657,O,oc23,-0.55000001192092896,31.858835875,1.819162194,10.795616949999999
1658,O,oc23,-0.55000001192092896,29.510545987,1.8376124840000001,2.9485019979999998
1659,O,oc23,-0.55000001192092896,31.951672902999999,1.1521270619999999,2.3609622950000002
1660,O,oc23,-0.55000001192092896,25.964401236,1.0262627289999999,10.285514579999999
1661,O,oc23,-0.55000001192092896,28.927440745999998,1.0941166099999999,6.2776459840000003
1662,O,oc23,-0.55000001192092896,25.59162783,3.747847938,5.1110731219999996
1663,O,oc23,-0.55000001192092896,30.931320742,3.7193851809999998,9.2569298880000002
1664,O,oc24,-0.67500001192092896,28.89367511,3.6449478499999999,1.2061128489999999
1665,Si,sc4,1.1000000238418579,33.504277144,1.514455882,2.3109722330000002
1666,Si,sc4,1.1000000238418579,27.522195968999998,1.401260489,10.252546171000001
1667,Si,sc4,1.1000000238418579,30.484521983,1.453976414,6.301493829
1668,Si,sc4,1.1000000238418579,25.985860271,3.3613874209999999,6.639686953
1669,Si,sc4,1.1000000238418579,31.372346195999999,3.343856288,10.755394996
1670,Si,sc4,1.1000000238418579,29.116483245000001,3.369424065,2.8027284240000001
1671,Si,sc4,1.1000000238418579,28.530624483,3.8774329760000001,11.745642969
1672,Si,sc4,1.1000000238418579,26.190827929000001,3.996790437,3.6279464460000002
1673,Si,sc4,1.1000000238418579,31.479486877999999,3.955354238,7.7643427029999996
1674,Si,sc4,1.1000000238418579,27.646882757,0.86615077200000001,7.2247938080000003
1675,Si,sc4,1.1000000238418579,33.040967037000001,0.845900659,11.257992092
1676,Si,sc4,1.1000000238418579,30.714681406,0.84877172599999995,3.3379021569999998
1677,H,hoy,0.40000000596046448,29.247212417,2.9059004380000002,0.74570676400000002
1678,O,oc23,-0.55000001192092896,27.699971961999999,0.50314552700000004,23.242350859999998
1679,O,oc23,-0.55000001192092896,30.686282151,0.39122804,19.297678277999999
1680,O,oc23,-0.55000001192092896,26.654180332999999,4.3001838550000002,19.06683533
1681,O,oc23,-0.55000001192092896,32.025862365999998,4.2579068309999997,23.098483298000001
1682,O,oc23,-0.55000001192092896,29.601185595,4.2626940900000001,15.189438252
1683,O,oc23,-0.55000001192092896,29.468283508999999,3.644849432,23.720557029999998
1684,O,oc23,-0.55000001192092896,27.116723572000001,3.556832065,15.684978771999999
1685,O,oc23,-0.55000001192092896,32.513407712000003,3.6075474939999999,19.681650335
1686,O,oc23,-0.55000001192092896,27.504717567,1.137125658,20.760268485000001
1687,O,oc23,-0.55000001192092896,30.491218186000001,1.129622734,16.778040580999999
1688,O,oc23,-0.55000001192092896,27.174360015000001,3.0150668089999999,22.603310405999999
1689,O,oc23,-0.55000001192092896,24.763077801000001,2.9386049430000001,14.663455186
1690,O,oc23,-0.55000001192092896,30.195749993,2.9076610509999998,18.683969871999999
1691,O,oc23,-0.55000001192092896,25.881424109000001,1.7955100470000001,18.832701558
1692,O,oc23,-0.55000001192092896,31.214745236999999,1.771564299,22.970002681
1693,O,oc23,-0.55000001192092896,28.848052866,1.7863603779999999,14.832587642
1694,O,oc23,-0.55000001192092896,31.308536723,1.0801895459999999,14.289334642
1695,O,oc23,-0.55000001192092896,25.345908327,1.115167926,22.238294529000001
1696,O,oc23,-0.55000001192092896,28.356192879999998,1.069279914,18.282942337000001
1697,O,oc23,-0.55000001192092896,24.985134422000002,3.615609284,17.185723302
1698,O,oc23,-0.55000001192092896,30.371035706000001,3.5282341740000001,21.217564198000002
1699,O,oc23,-0.55000001192092896,27.965691942999999,3.6704682260000001,13.228384941
1700,Si,sc4,1.1000000238418579,32.884253802000003,1.426438764,14.249437432000001
1701,Si,sc4,1.1000000238418579,26.926282230999998,1.4629573309999999,22.224969603000002
1702,Si,sc4,1.1000000238418579,29.937924406,1.3783884479999999,18.270130204000001
1703,Si,sc4,1.1000000238418579,25.424770350999999,3.3355662480000001,18.699441279999998
1704,Si,sc4,1.1000000238418579,30.757941416000001,3.3102197800000002,22.774490029999999
1705,Si,sc4,1.1000000238418579,28.383954205999999,3.3197616339999998,14.741892654000001
1706,Si,sc4,0.72500002384185791,27.873387104999999,3.9787422050000001,23.688701236
1707,Si,sc4,1.1000000238418579,25.543296025,3.8846602379999999,15.707583498
1708,Si,sc4,1.1000000238418579,30.929575087,3.866854816,19.745261826
1709,Si,sc4,1.1000000238418579,27.094870753999999,0.83129216399999994,19.244413419000001
1710,Si,sc4,1.1000000238418579,32.452129384999999,0.79484788500000003,23.281894150999999
1711,Si,sc4,1.1000000238418579,30.055981593999999,0.82266936400000001,15.256235821000001
1712,O,oc23,-0.55000001192092896,28.314623999999998,5.406657826,11.293244231999999
1713,O,oc23,-0.55000001192092896,31.284778788000001,5.4951850430000002,7.3521973919999999
1714,O,oc23,-0.55000001192092896,27.212633271000001,9.2548609240000008,7.1875818069999999
1715,O,oc23,-0.55000001192092896,32.565990968999998,9.2570696429999995,11.183815625999999
1716,O,oc23,-0.55000001192092896,30.208722537,9.2682184089999993,3.179822358
1717,O,oc23,-0.55000001192092896,30.108183231999998,8.4683095169999998,11.686914010000001
1718,O,oc23,-0.55000001192092896,27.716297216000001,8.5927473649999992,3.711806283
1719,O,oc23,-0.55000001192092896,33.081049198999999,8.6235034240000008,7.6992902540000001
1720,O,oc23,-0.55000001192092896,28.095148708,6.1157632,8.7712269680000006
1721,O,oc23,-0.55000001192092896,31.156387559999999,6.2118417360000002,4.874654316
1722,O,oc23,-0.55000001192092896,27.771537785,7.886220829,10.669499979999999
1723,O,oc23,-0.55000001192092896,25.316344013999998,8.0133817940000007,2.711427101
1724,O,oc23,-0.55000001192092896,30.731896611,7.992225307,6.736296168
1725,O,oc23,-0.55000001192092896,26.494515157999999,6.7704134810000003,6.7762183450000002
1726,O,oc23,-0.55000001192092896,31.882880501999999,6.7819793339999999,10.731664403
1727,O,oc23,-0.55000001192092896,29.480787142000001,6.7616677999999997,2.9875488410000002
1728,O,oc23,-0.55000001192092896,31.934452400000001,6.1209427359999999,2.3720191719999999
1729,O,oc23,-0.55000001192092896,25.953133078,6.0411274209999997,10.290736624999999
1730,O,oc23,-0.55000001192092896,28.976945619999999,6.0710423230000004,6.3016781670000004
1731,O,oc23,-0.55000001192092896,25.578087665000002,8.6958590269999991,5.2324445040000001
1732,O,oc23,-0.55000001192092896,30.945857797999999,8.7196751139999993,9.2346712859999993
1733,O,oc24,-0.67500001192092896,28.625408689,8.5011534510000004,1.235911811
1734,Si,sc4,1.1000000238418579,33.482372839999996,6.4653790779999998,2.2862738
1735,Si,sc4,1.1000000238418579,27.528195656000001,6.3609022120000001,10.257809268000001
1736,Si,sc4,1.1000000238418579,30.534407279,6.4564579530000001,6.3266564809999997
1737,Si,sc4,1.1000000238418579,25.999820326999998,8.3058671329999996,6.7372959100000003
1738,Si,sc4,1.1000000238418579,31.371121861999999,8.3013467760000008,10.715921141999999
1739,Si,sc4,1.1000000238418579,29.008276698,8.2794555590000005,2.8014189599999999
1740,Si,sc4,1.1000000238418579,28.545038925,8.8274732300000007,11.712722638000001
1741,Si,sc4,1.1000000238418579,26.131778628999999,8.9569025779999993,3.7406796400000002
1742,Si,sc4,1.1000000238418579,31.506502274999999,8.9522984080000008,7.7565314870000002
1743,Si,sc4,1.1000000238418579,27.697520205,5.8109337999999999,7.2407243860000001
1744,Si,sc4,1.1000000238418579,33.064835469000002,5.8429878510000002,11.260233379000001
1745,Si,sc4,1.1000000238418579,30.733244178,5.8447652909999999,3.390544695
1746,H,hoy,0.40000000596046448,29.090880581,9.2412740600000003,0.90050021999999996
1747,O,oc23,-0.55000001192092896,27.639614592000001,5.5122896890000002,23.268034504999999
1748,O,oc23,-0.55000001192092896,30.639133167000001,5.4105056569999999,19.370731148000001
1749,O,oc23,-0.55000001192092896,26.707127411999998,9.3016175870000009,19.026142781000001
1750,O,oc23,-0.55000001192092896,32.029539974999999,9.3285371650000002,23.257434449000002
1751,O,oc23,-0.55000001192092896,29.649833715,9.2370704949999993,15.079975019999999
1752,O,oc23,-0.55000001192092896,29.523000112999998,8.6228836770000008,23.713289792000001
1753,O,oc23,-0.55000001192092896,27.170070298999999,8.6001445000000007,15.672553787
1754,O,oc23,-0.55000001192092896,32.549423910000002,8.6080397279999996,19.724680898999999
1755,O,oc23,-0.55000001192092896,27.537820580999998,6.134591683,20.721985708999998
1756,O,oc23,-0.55000001192092896,30.537391150000001,6.1056936589999999,16.820603438999999
1757,O,oc23,-0.55000001192092896,27.243137007000001,7.9963845100000004,22.547978575999998
1758,O,oc23,-0.55000001192092896,24.854152382999999,7.9337526030000003,14.635152096000001
1759,O,oc23,-0.55000001192092896,30.239118474000001,7.929071907,18.712885643
1760,O,oc23,-0.55000001192092896,25.905904880000001,6.8148910899999997,18.817019697999999
1761,O,oc23,-0.55000001192092896,31.293491892999999,6.7876227829999998,23.031972225000001
1762,O,oc23,-0.55000001192092896,28.873826497,6.7473894540000003,14.877746001
1763,O,oc23,-0.55000001192092896,31.33123011,6.0274018939999996,14.310824138999999
1764,O,oc23,-0.55000001192092896,25.365366854000001,6.1646143599999998,22.187992715
1765,O,oc23,-0.55000001192092896,28.378817684000001,6.1341714840000003,18.273893787999999
1766,O,oc23,-0.55000001192092896,25.018835006,8.6319004719999999,17.155752798000002
1767,O,oc23,-0.55000001192092896,30.421918732000002,8.5842894239999996,21.265779644999999
1768,O,oc23,-0.55000001192092896,27.979406302000001,8.5686609679999997,13.189326477
1769,Si,sc4,1.1000000238418579,32.885999534,6.4221602320000004,14.258683139
1770,Si,sc4,1.1000000238418579,26.946753512000001,6.4587326410000001,22.177260790999998
1771,Si,sc4,1.1000000238418579,29.957463275999999,6.3995721530000003,18.296632708000001
1772,Si,sc4,1.1000000238418579,25.464462156,8.3533000529999999,18.673242451
1773,Si,sc4,1.1000000238418579,30.831757808999999,8.3318676249999992,22.822452047999999
1774,Si,sc4,1.1000000238418579,28.414090651999999,8.2821167060000001,14.711816783
1775,Si,sc4,1.1000000238418579,27.947617266000002,8.9342870780000005,23.640666287999998
1776,Si,sc4,1.1000000238418579,25.592765723999999,8.8989951180000002,15.685686151000001
1777,Si,sc4,1.1000000238418579,30.970553248000002,8.8962009690000006,19.780404207
1778,Si,sc4,1.1000000238418579,27.118997843999999,5.8380743339999999,19.215079510999999
1779,Si,sc4,1.1000000238418579,32.521010032,5.7746937550000004,23.285012874
1780,Si,sc4,1.1000000238418579,30.090683511000002,5.78305895,15.302833135
1781,O,oc23,-0.55000001192092896,28.329723093999998,10.372596434,11.287768687
1782,O,oc23,-0.55000001192092896,31.273618699,10.475240531000001,7.3307317269999999
1783,O,oc23,-0.55000001192092896,27.233860414999999,14.222529819,7.0858288260000002
1784,O,oc23,-0.55000001192092896,32.564508201999999,14.277067624000001,11.133370641000001
1785,O,oc23,-0.55000001192092896,30.182205341,14.279395398,3.045377464
1786,O,oc23,-0.55000001192092896,30.105087609000002,13.545589753,11.679870600999999
1787,O,oc23,-0.55000001192092896,27.696471267,13.610160915,3.6423153639999999
1788,O,oc23,-0.55000001192092896,33.063044542,13.576129592999999,7.6893508160000001
1789,O,oc23,-0.55000001192092896,28.112698406,11.102692032,8.7756002669999997
1790,O,oc23,-0.55000001192092896,31.092724079,11.135790389,4.808461157
1791,O,oc23,-0.55000001192092896,27.778621620999999,12.872199220000001,10.667521047999999
1792,O,oc23,-0.55000001192092896,25.381173894,12.935213868,2.6129903080000001
1793,O,oc23,-0.55000001192092896,30.730462368000001,12.943552103,6.6755786549999998
1794,O,oc23,-0.55000001192092896,26.480235572000002,11.743259039,6.8159552440000004
1795,O,oc23,-0.55000001192092896,31.824372132000001,11.760631584,10.826908266
1796,O,oc23,-0.55000001192092896,29.421406883,11.764509487,2.8836327690000001
1797,O,oc23,-0.55000001192092896,31.880995732999999,11.090776318,2.3166641449999998
1798,O,oc23,-0.55000001192092896,25.975968966,10.990256487,10.289119810000001
1799,O,oc23,-0.55000001192092896,28.948782028,11.032668363999999,6.3002142790000004
1800,O,oc23,-0.55000001192092896,25.565206626999998,13.574620943999999,5.1599896889999997
1801,O,oc23,-0.55000001192092896,30.926258502,13.625084047,9.193331615
1802,O,oc24,-0.67500001192092896,28.552429189000001,13.514352911,1.1276621060000001
1803,Si,sc4,1.1000000238418579,33.437929908000001,11.46115051,2.2998341779999998
1804,Si,sc4,1.1000000238418579,27.549568771000001,11.335438998000001,10.261797812999999
1805,Si,sc4,1.1000000238418579,30.510316747000001,11.40538855,6.2821110830000002
1806,Si,sc4,1.1000000238418579,26.005629133999999,13.273290038000001,6.6749919909999997
1807,Si,sc4,1.1000000238418579,31.357171080000001,13.301479093999999,10.709463133
1808,Si,sc4,1.1000000238418579,28.957003264000001,13.296142337999999,2.6972648480000001
1809,Si,sc4,1.1000000238418579,28.521976080000002,13.838770627000001,11.718314711
1810,Si,sc4,1.1000000238418579,26.112056498000001,13.892591783,3.6780692949999998
1811,Si,sc4,1.1000000238418579,31.488337558000001,13.896524427999999,7.7166557490000001
1812,Si,sc4,1.1000000238418579,27.685501502000001,10.788963888,7.2665123080000003
1813,Si,sc4,1.1000000238418579,33.033402916999997,10.79455606,11.266419669999999
1814,Si,sc4,1.1000000238418579,30.645953934000001,10.81403087,3.3012725340000002
1815,H,hoy,0.40000000596046448,29.140124706999998,14.149719899999999,0.75990810799999997
1816,O,oc23,-0.55000001192092896,27.670963320999999,10.480340064,23.279038332999999
1817,O,oc23,-0.55000001192092896,30.675080618999999,10.432507514999999,19.345875918000001
1818,O,oc23,-0.55000001192092896,26.628826632999999,14.294863865,19.141418168000001
1819,O,oc23,-0.55000001192092896,32.094596232000001,14.256393051,22.787790222000002
1820,O,oc23,-0.55000001192092896,29.598970451,14.215526432000001,15.086451466
1821,O,oc23,-0.55000001192092896,29.627771299999999,13.699994956999999,23.531640409000001
1822,O,oc23,-0.55000001192092896,27.135974342000001,13.510553262,15.667279657
1823,O,oc23,-0.55000001192092896,32.546557589000003,13.650483317000001,19.606690702000002
1824,O,oc23,-0.55000001192092896,27.561693706,11.112204889999999,20.727834721000001
1825,O,oc23,-0.55000001192092896,30.526278393999998,11.028715846000001,16.769435676000001
1826,O,oc23,-0.55000001192092896,27.293856761000001,12.979552160000001,22.565277637000001
1827,O,oc23,-0.55000001192092896,24.780629886,12.912330496999999,14.666567136999999
1828,O,oc23,-0.55000001192092896,30.282199863999999,12.918595212,18.525866257000001
1829,O,oc23,-0.55000001192092896,25.910393964000001,11.783971164,18.800950789000002
1830,O,oc23,-0.55000001192092896,31.273959462000001,11.762842210000001,22.727101683000001
1831,O,oc23,-0.55000001192092896,28.858972662999999,11.713887012000001,14.852186183000001
1832,O,oc23,-0.55000001192092896,31.334492148999999,11.102705834,14.286864720000001
1833,O,oc23,-0.55000001192092896,25.402138619999999,11.2008653,22.212921348999998
1834,O,oc23,-0.55000001192092896,28.384304965999998,11.149223784,18.246196764
1835,O,oc23,-0.55000001192092896,25.009513246000001,13.646409002,17.178397015000002
1836,O,oc23,-0.55000001192092896,30.360757190000001,13.546706136999999,21.030930403999999
1837,O,oc23,-0.55000001192092896,27.956079502000001,13.537943013,13.18940377
1838,Si,sc4,1.1000000238418579,32.912765862000001,11.384614374,14.249473291999999
1839,Si,sc4,1.1000000238418579,26.990037601000001,11.442065632,22.191710217000001
1840,Si,sc4,1.1000000238418579,29.970363020000001,11.373773802000001,18.230421456999998
1841,Si,sc4,1.1000000238418579,25.427473566,13.312258543,18.692741646000002
1842,Si,sc4,1.1000000238418579,30.832337923000001,13.287364877,22.531621619999999
1843,Si,sc4,1.1000000238418579,28.388817749000001,13.242125570000001,14.700079714999999
1844,Si,sc4,1.1000000238418579,28.051158046000001,13.95118098,23.587176762999999
1845,Si,sc4,1.1000000238418579,25.571784911999998,13.864706948,15.690815722
1846,Si,sc4,1.1000000238418579,30.957545507999999,13.890015148,19.600093859000001
1847,Si,sc4,1.1000000238418579,27.141364452000001,10.833476128999999,19.201767708999999
1848,Si,sc4,1.1000000238418579,32.490362912999998,10.874593580000001,23.268903743999999
1849,Si,sc4,1.1000000238418579,30.092846440999999,10.767539534999999,15.253015381999999
1850,O,oc23,-0.55000001192092896,28.255419769,15.385254400000001,11.337727917
1851,O,oc23,-0.55000001192092896,31.234779510999999,15.430552328999999,7.3039335699999999
1852,O,oc23,-0.55000001192092896,27.232590837,19.18873439,7.1526257309999997
1853,O,oc23,-0.55000001192092896,32.570644565999999,19.278981055999999,11.134842333
1854,O,oc23,-0.55000001192092896,30.224546710999999,19.282205768000001,3.2253342790000001
1855,O,oc23,-0.55000001192092896,30.110339739,18.557749238,11.655577996
1856,O,oc23,-0.55000001192092896,27.731189096000001,18.617343927,3.7461783519999998
1857,O,oc23,-0.55000001192092896,33.077699342999999,18.467013329,7.6506682079999999
1858,O,oc23,-0.55000001192092896,28.127168311999998,16.024532712999999,8.7985323130000008
1859,O,oc23,-0.55000001192092896,31.054694400999999,16.092132318000001,4.767916338
1860,O,oc23,-0.55000001192092896,27.785634081000001,17.883668970999999,10.644915858999999
1861,O,oc23,-0.55000001192092896,25.395901481999999,17.956916381999999,2.6844175259999998
1862,O,oc23,-0.55000001192092896,30.736873229,17.911327110999999,6.6618521409999998
1863,O,oc23,-0.55000001192092896,26.446583941,16.695844822000002,6.936693504
1864,O,oc23,-0.55000001192092896,31.833555289,16.786743256000001,10.760480849
1865,O,oc23,-0.55000001192092896,29.427985835000001,16.807804525000002,2.8447659409999999
1866,O,oc23,-0.55000001192092896,31.901588391000001,16.135566487999998,2.275517003
1867,O,oc23,-0.55000001192092896,25.966469558,16.028365585,10.260249514
1868,O,oc23,-0.55000001192092896,28.908732806,16.081267439000001,6.2942630360000003
1869,O,oc23,-0.55000001192092896,25.589332615,18.467453378999998,5.2336202519999997
1870,O,oc23,-0.55000001192092896,30.943621159999999,18.658289877000001,9.1757047440000008
1871,O,oc24,-0.67500001192092896,28.606918306000001,18.756471766000001,1.2546469490000001
1872,Si,sc4,1.1000000238418579,33.475918256999996,16.434570255000001,2.2624354860000002
1873,Si,sc4,1.1000000238418579,27.541665241,16.336247079,10.256106095
1874,Si,sc4,1.1000000238418579,30.484012508999999,16.379250256999999,6.2481050619999996
1875,Si,sc4,1.1000000238418579,26.008245869,18.221685511,6.7593045050000002
1876,Si,sc4,1.1000000238418579,31.363214011,18.320917680000001,10.682620375000001
1877,Si,sc4,1.1000000238418579,28.994509996000001,18.352755536,2.7875022079999998
1878,Si,sc4,1.1000000238418579,28.532805197999998,18.855408662999999,11.686372159999999
1879,Si,sc4,1.1000000238418579,26.146348010000001,18.862372402999998,3.7819195379999999
1880,Si,sc4,1.1000000238418579,31.519645119,18.862894377,7.6930018010000003
1881,Si,sc4,1.1000000238418579,27.685061567000002,15.750358895,7.2796016430000003
1882,Si,sc4,1.1000000238418579,33.032532828000001,15.818084112999999,11.215516058
1883,Si,sc4,1.1000000238418579,30.635579927999999,15.827081135,3.2344773550000001
1884,H,hoy,0.40000000596046448,28.237435466000001,19.621799571,1.293986447
1885,O,oc23,-0.55000001192092896,27.755366258999999,15.477891175,23.213623896000001
1886,O,oc23,-0.55000001192092896,30.646800840000001,15.427842433,19.236202462000001
1887,O,oc23,-0.55000001192092896,26.644699040999999,19.261384057000001,19.078036517000001
1888,O,oc23,-0.55000001192092896,32.016140878999998,19.203256335999999,23.046658428000001
1889,O,oc23,-0.55000001192092896,29.598900817000001,19.225550973000001,15.085248676000001
1890,O,oc23,-0.55000001192092896,29.556678944000002,18.477730681000001,23.54819359
1891,O,oc23,-0.55000001192092896,27.120134960000001,18.535374875999999,15.630204167
1892,O,oc23,-0.55000001192092896,32.533631470000003,18.553549511,19.571573350000001
1893,O,oc23,-0.55000001192092896,27.507856427,16.233690196000001,20.710345412999999
1894,O,oc23,-0.55000001192092896,30.480792026,16.05263794,16.699342033000001
1895,O,oc23,-0.55000001192092896,27.090690029000001,17.952422721000001,22.69840623
1896,O,oc23,-0.55000001192092896,24.757628629999999,17.88279283,14.651900978
1897,O,oc23,-0.55000001192092896,30.21932807,17.900402491000001,18.512954184000002
1898,O,oc23,-0.55000001192092896,25.866336837999999,16.778936561999998,18.768717751000001
1899,O,oc23,-0.55000001192092896,31.284113610999999,16.720821410999999,22.794582881
1900,O,oc23,-0.55000001192092896,28.835160219999999,16.718533993000001,14.784533680999999
1901,O,oc23,-0.55000001192092896,31.309128751999999,16.018169423,14.228287917999999
1902,O,oc23,-0.55000001192092896,25.372958930999999,15.999933154000001,22.220691168999998
1903,O,oc23,-0.55000001192092896,28.339154068999999,16.078854408000002,18.218398564000001
1904,O,oc23,-0.55000001192092896,24.993305259,18.630212973999999,17.146418938
1905,O,oc23,-0.55000001192092896,30.386054576999999,18.550548419999998,21.044095665
1906,O,oc23,-0.55000001192092896,27.959942751,18.583478410000001,13.160915025
1907,Si,sc4,1.1000000238418579,32.872478882000003,16.369725385999999,14.218444935999999
1908,Si,sc4,1.1000000238418579,26.926521493999999,16.420190202000001,22.205012934999999
1909,Si,sc4,1.1000000238418579,29.91809907,16.364402946999999,18.159361858
1910,Si,sc4,1.1000000238418579,25.419697939999999,18.311461064,18.655388106
1911,Si,sc4,1.1000000238418579,30.816437852,18.242932579000001,22.565267767000002
1912,Si,sc4,1.1000000238418579,28.380109457,18.261882919000001,14.667325353000001
1913,Si,sc4,1.1000000238418579,28.002402527000001,18.944847471999999,23.581937031999999
1914,Si,sc4,1.1000000238418579,25.543311276000001,18.858069026999999,15.661794683
1915,Si,sc4,1.1000000238418579,30.953656377000001,18.861655900999999,19.567670448000001
1916,Si,sc4,1.1000000238418579,27.088874699000002,15.837858144,19.209506830999999
1917,Si,sc4,1.1000000238418579,32.542395362999997,15.743737975,23.018570738000001
1918,Si,sc4,1.1000000238418579,30.052472034000001,15.750762075999999,15.194758535
1919,O,oc23,-0.55000001192092896,28.275202233000002,20.381108443999999,11.288876383
1920,O,oc23,-0.55000001192092896,31.327542445999999,20.400242766000002,7.2767106159999999
1921,O,oc23,-0.55000001192092896,27.200056136000001,24.237648132,7.3630065220000001
1922,O,oc23,-0.55000001192092896,32.558919048,24.255597474999998,11.168760036
1923,O,oc23,-0.55000001192092896,29.960113968000002,24.233983002999999,2.61443789
1924,O,oc23,-0.55000001192092896,30.114795404999999,23.453317685999998,11.619633491
1925,O,oc23,-0.55000001192092896,27.685713447000001,23.622966175999998,3.7795997350000001
1926,O,oc23,-0.55000001192092896,33.068317550000003,23.518504129,7.5488352059999997
1927,O,oc23,-0.55000001192092896,28.126191798000001,21.059776824,8.7805818250000005
1928,O,oc23,-0.55000001192092896,31.1058187,21.157041327000002,4.8167484299999996
1929,O,oc23,-0.55000001192092896,27.757769023000002,22.868223925999999,10.671833170999999
1930,O,oc23,-0.55000001192092896,25.267069299999999,22.928393098000001,3.0330161069999999
1931,O,oc23,-0.55000001192092896,30.659825486999999,22.884096092,6.7190155000000003
1932,O,oc23,-0.55000001192092896,26.507653307999998,21.717403827999998,6.8591146939999996
1933,O,oc23,-0.55000001192092896,31.893672285000001,21.772948814999999,10.685170753
1934,O,oc23,-0.55000001192092896,29.341596581000001,21.706365408,2.9712227609999999
1935,O,oc23,-0.55000001192092896,31.883358399999999,21.104377708000001,2.2977342369999998
1936,O,oc23,-0.55000001192092896,25.975068997000001,20.999227792999999,10.238292
1937,O,oc23,-0.55000001192092896,28.96273983,20.954383728,6.3033249519999996
1938,O,oc23,-0.55000001192092896,25.600175531000001,23.740035902999999,5.4467692190000001
1939,O,oc23,-0.55000001192092896,30.974802419,23.701134766999999,9.1543460050000007
1940,O,oc24,-0.89999997615814209,27.869764049,23.089451916000002,1.2577222889999999
1941,Si,sc4,1.1000000238418579,33.471492857999998,21.393603627000001,2.233188411
1942,Si,sc4,1.1000000238418579,27.539159321,21.334376756000001,10.245651496000001
1943,Si,sc4,1.1000000238418579,30.51450827,21.358179500999999,6.2808441149999998
1944,Si,sc4,1.1000000238418579,26.026402560000001,23.260749350000001,6.8956031749999998
1945,Si,sc4,1.1000000238418579,31.384326690999998,23.295478403000001,10.650095909999999
1946,Si,sc4,0.72500002384185791,28.755115349,23.178294871999999,2.6673935609999999
1947,Si,sc4,1.1000000238418579,28.561911520999999,23.834988564,11.659659461
1948,Si,sc4,1.1000000238418579,26.104796923999999,23.936122974,3.9478916119999998
1949,Si,sc4,1.1000000238418579,31.493279519000001,23.861124567000001,7.6365159220000001
1950,Si,sc4,1.1000000238418579,27.707305756,20.724617012,7.2667933800000002
1951,Si,sc4,1.1000000238418579,33.080520311999997,20.807279877999999,11.193794049999999
1952,Si,sc4,1.1000000238418579,30.656535607999999,20.829014538999999,3.3169745609999999
1953,O,oc23,-0.55000001192092896,27.831846123999998,20.435887615999999,23.071135505000001
1954,O,oc23,-0.55000001192092896,30.680841306000001,20.395616841999999,19.162706850999999
1955,O,oc23,-0.55000001192092896,26.656775038999999,24.228966540999998,19.030911285999998
1956,O,oc23,-0.55000001192092896,32.020647693999997,24.162549523999999,22.945226585
1957,O,oc23,-0.55000001192092896,29.636561531000002,24.194203769000001,15.114769944000001
1958,O,oc23,-0.55000001192092896,29.514180194000001,23.591741162999998,23.601122052000001
1959,O,oc23,-0.55000001192092896,27.149895838999999,23.462409494999999,15.59484716
1960,O,oc23,-0.55000001192092896,32.484113170000001,23.521945969000001,19.611184160000001
1961,O,oc23,-0.55000001192092896,27.532515750000002,21.175789680000001,20.622734436999998
1962,O,oc23,-0.55000001192092896,30.495434015000001,21.120612291,16.651042223000001
1963,O,oc23,-0.55000001192092896,27.182027169000001,22.928197006000001,22.574938574000001
1964,O,oc23,-0.55000001192092896,24.807090945999999,22.869239481000001,14.554993808000001
1965,O,oc23,-0.55000001192092896,30.160260233999999,22.881217772999999,18.563646494
1966,O,oc23,-0.55000001192092896,25.888174160999998,21.743397925,18.698636386
1967,O,oc23,-0.55000001192092896,31.227148081999999,21.686558488999999,22.822593018999999
1968,O,oc23,-0.55000001192092896,28.898891898999999,21.725109229000001,14.679465536
1969,O,oc23,-0.55000001192092896,31.365422814999999,20.965946273,14.199600882
1970,O,oc23,-0.55000001192092896,25.409525714000001,20.984282656000001,22.157339322999999
1971,O,oc23,-0.55000001192092896,28.348357477,21.025689392,18.150290012999999
1972,O,oc23,-0.55000001192092896,25.022518184999999,23.591542919999998,17.067359505999999
1973,O,oc23,-0.55000001192092896,30.341970697000001,23.427181436000001,21.097945960000001
1974,O,oc23,-0.55000001192092896,28.006431231000001,23.656328235,13.153401123
1975,Si,sc4,1.1000000238418579,32.918445681000001,21.362586878999998,14.186177222
1976,Si,sc4,1.1000000238418579,26.975265791000002,21.400380449,22.115546938000001
1977,Si,sc4,1.1000000238418579,29.91532741,21.362276646000002,18.125231267
1978,Si,sc4,1.1000000238418579,25.441208088,23.271575103,18.584427325
1979,Si,sc4,1.1000000238418579,30.760756296,23.214714790999999,22.631808916000001
1980,Si,sc4,1.1000000238418579,28.423456879,23.255301105000001,14.648542465
1981,Si,sc4,0.72500002384185791,27.912819466999998,23.874770531999999,23.650537732
1982,Si,sc4,1.1000000238418579,25.586393867999998,23.822382782999998,15.593127712999999
1983,Si,sc4,1.1000000238418579,30.901031243999999,23.795563057999999,19.649956824
1984,Si,sc4,1.1000000238418579,27.102003266000001,20.797603937000002,19.133543816
1985,Si,sc4,1.1000000238418579,32.465359458999998,20.745786195000001,23.184369774
1986,Si,sc4,1.1000000238418579,30.091136812999999,20.759605281999999,15.148322762999999
1987,O,oc23,-0.55000001192092896,28.374839103999999,25.358445616000001,11.202783257
1988,O,oc23,-0.55000001192092896,31.215052494999998,25.356920143,7.1412972330000004
1989,O,oc23,-0.55000001192092896,27.201239214000001,29.185160476,7.08593925
1990,O,oc23,-0.55000001192092896,32.539941786999997,29.207637828999999,11.052278580999999
1991,O,oc23,-0.55000001192092896,30.140217792000001,29.247567339,3.2353751489999998
1992,O,oc23,-0.55000001192092896,30.089132371000002,28.460217586999999,11.605452973
1993,O,oc23,-0.55000001192092896,27.691702276000001,28.481085108999999,3.6387762600000002
1994,O,oc23,-0.55000001192092896,33.043964402,28.474969743999999,7.5750726720000001
1995,O,oc23,-0.55000001192092896,28.098051857000002,26.228991561000001,8.7325670809999991
1996,O,oc23,-0.55000001192092896,30.933781113999999,25.800774749999999,4.5942966099999998
1997,O,oc23,-0.55000001192092896,27.706606273999999,27.844903701,10.724771919
1998,O,oc23,-0.55000001192092896,25.399125131000002,27.828154006999998,2.61231203
1999,O,oc23,-0.55000001192092896,30.756249656000001,27.794677014000001,6.429717374
2000,O,oc23,-0.55000001192092896,26.444663148,26.672916735000001,6.8096377989999999
2001,O,oc23,-0.55000001192092896,31.816544279999999,26.721716986000001,10.732481605
2002,O,oc23,-0.55000001192092896,29.392106326,26.781868311,2.6439236309999998
2003,O,oc23,-0.55000001192092896,31.912261406999999,26.045747903999999,2.1405076699999999
2004,O,oc23,-0.55000001192092896,25.993134033,25.918141681000002,10.245339455
2005,O,oc23,-0.55000001192092896,28.879614274000001,25.943459733000001,6.2017849680000001
2006,O,oc23,-0.55000001192092896,25.558207967000001,28.524504215,5.1410685159999998
2007,O,oc23,-0.55000001192092896,30.885358013000001,28.525875578000001,9.0517104419999992
2008,O,oc24,-0.67500001192092896,28.584951998000001,28.814618574000001,1.191649669
2009,Si,sc4,1.1000000238418579,33.514045021000001,26.463799080000001,2.1408560599999999
2010,Si,sc4,1.1000000238418579,27.546749774999999,26.335889960999999,10.229271817000001
2011,Si,sc4,1.1000000238418579,30.449478518999999,26.233464115,6.0623820669999997
2012,Si,sc4,1.1000000238418579,25.986687978999999,28.210855409000001,6.6664240039999996
2013,Si,sc4,1.1000000238418579,31.325220130000002,28.242108914999999,10.588706729
2014,Si,sc4,1.1000000238418579,28.969818604,28.317780891000002,2.6909120340000001
2015,Si,sc4,1.1000000238418579,28.524659215,28.794326740999999,11.712354609
2016,Si,sc4,1.1000000238418579,26.132343541000001,28.799017250999999,3.655779892
2017,Si,sc4,1.1000000238418579,31.463918832000001,28.765865432999998,7.5505157279999997
2018,Si,sc4,1.1000000238418579,27.682269971,25.760467985999998,7.2625795340000003
2019,Si,sc4,1.1000000238418579,33.036750347999998,25.787941183000001,11.226077846000001
2020,Si,sc4,1.1000000238418579,30.541835528,25.704371419000001,3.0153963739999998
2021,H,hoy,0.40000000596046448,28.364945126999999,28.040850786,0.69985012899999999
2022,O,oc23,-0.55000001192092896,27.594208200000001,25.410929585000002,23.280859964000001
2023,O,oc23,-0.55000001192092896,30.612381256999999,25.338649733,19.305706568000002
2024,O,oc23,-0.55000001192092896,26.570140291000001,29.190021593000001,19.140039059999999
2025,O,oc23,-0.55000001192092896,32.052215375999999,29.171478977,23.084700615999999
2026,O,oc23,-0.55000001192092896,29.626068038,29.166465365000001,15.126659907000001
2027,O,oc23,-0.55000001192092896,29.535621920000001,28.633916636999999,23.630012722
2028,O,oc23,-0.55000001192092896,27.138544046,28.458366241,15.661253598
2029,O,oc23,-0.55000001192092896,32.552867022000001,28.534924015000001,19.660925680999998
2030,O,oc23,-0.55000001192092896,27.511197493000001,26.097401772000001,20.717504077000001
2031,O,oc23,-0.55000001192092896,30.518512469000001,26.017483207000001,16.765682615999999
2032,O,oc23,-0.55000001192092896,27.172828109000001,27.932417066999999,22.592983857
2033,O,oc23,-0.55000001192092896,24.792437786000001,27.839737452000001,14.610240505
2034,O,oc23,-0.55000001192092896,30.245587555,27.839189595000001,18.629585549000002
2035,O,oc23,-0.55000001192092896,25.853783319000001,26.706155763999998,18.795091466999999
2036,O,oc23,-0.55000001192092896,31.228841039999999,26.682412151000001,22.981902995999999
2037,O,oc23,-0.55000001192092896,28.869336258000001,26.666970234000001,14.846451589000001
2038,O,oc23,-0.55000001192092896,31.330011766999998,26.018629865000001,14.270873807999999
2039,O,oc23,-0.55000001192092896,25.346119560000002,26.111611977999999,22.163500809999999
2040,O,oc23,-0.55000001192092896,28.341990289000002,26.078361083000001,18.237161288999999
2041,O,oc23,-0.55000001192092896,24.977436184999998,28.537476977000001,17.133020106
2042,O,oc23,-0.55000001192092896,30.413116595999998,28.449745169,21.177649435999999
2043,O,oc23,-0.55000001192092896,27.987557977000002,28.529021660000002,13.203598753
2044,Si,sc4,1.1000000238418579,32.889620948000001,26.370274728999998,14.221352301
2045,Si,sc4,1.1000000238418579,26.919967776,26.384168139,22.190016024999998
2046,Si,sc4,1.1000000238418579,29.934143817999999,26.316113814000001,18.234469782000001
2047,Si,sc4,1.1000000238418579,25.379357098,28.230562250999998,18.658270052999999
2048,Si,sc4,1.1000000238418579,30.810917407000002,28.223161894,22.719295151000001
2049,Si,sc4,1.1000000238418579,28.413167138999999,28.196035377000001,14.714510432999999
2050,Si,sc4,1.1000000238418579,27.951503382999999,28.917339189,23.594765616
2051,Si,sc4,1.1000000238418579,25.559710677000002,28.788199029000001,15.655362519000001
2052,Si,sc4,1.1000000238418579,30.973495386,28.780058961000002,19.706410623
2053,Si,sc4,1.1000000238418579,27.095870538,25.763272612000002,19.197918002000002
2054,Si,sc4,1.1000000238418579,32.480926083,25.67890242,23.200607349999999
2055,Si,sc4,1.1000000238418579,30.094153520999999,25.721606532999999,15.246903061999999
2056,O,oc23,-0.55000001192092896,28.283001125999998,30.323939222,11.272854979
2057,O,oc23,-0.55000001192092896,31.236762668000001,30.323672143,7.2089265229999997
2058,O,oc23,-0.55000001192092896,27.166967864,34.196942982000003,7.1432380469999996
2059,O,oc23,-0.55000001192092896,32.534629049000003,34.182737391000003,11.202756818999999
2060,O,oc23,-0.55000001192092896,30.196758279000001,34.200053300999997,3.187732783
2061,O,oc23,-0.55000001192092896,30.078993398000001,33.387622743000001,11.691089877
2062,O,oc23,-0.55000001192092896,27.690069493999999,33.503031337000003,3.6974972429999999
2063,O,oc23,-0.55000001192092896,33.021027770000003,33.48074871,7.7336769580000002
2064,O,oc23,-0.55000001192092896,28.080662689,31.039743671,8.7322421559999999
2065,O,oc23,-0.55000001192092896,31.028847667000001,31.201030146000001,4.7772786260000002
2066,O,oc23,-0.55000001192092896,27.758847548999999,32.802420806000001,10.648555044
2067,O,oc23,-0.55000001192092896,25.342006445999999,32.846395756,2.6872905669999998
2068,O,oc23,-0.55000001192092896,30.654204389,32.871642133999998,6.7572666010000004
2069,O,oc23,-0.55000001192092896,26.439314442000001,31.702788959999999,6.7741499899999997
2070,O,oc23,-0.55000001192092896,31.841553047000001,31.702579001,10.735474809999999
2071,O,oc23,-0.55000001192092896,29.426299108999999,31.738949616999999,2.8114711579999998
2072,O,oc23,-0.55000001192092896,31.884873330000001,31.021267983000001,2.3136763459999998
2073,O,oc23,-0.55000001192092896,25.949211575,30.949824178,10.246109068000001
2074,O,oc23,-0.55000001192092896,28.909121593999998,30.990997982,6.2655756370000004
2075,O,oc23,-0.55000001192092896,25.538490339999999,33.612954162000001,5.1995491129999998
2076,O,oc23,-0.55000001192092896,30.898218015000001,33.611048310999998,9.2448017300000007
2077,O,oc24,-0.67500001192092896,28.538173214,33.625784832000001,1.2149015190000001
2078,Si,sc4,1.1000000238418579,33.440902272000002,31.425513686999999,2.290547213
2079,Si,sc4,1.1000000238418579,27.521803152,31.273509459,10.225292437
2080,Si,sc4,1.1000000238418579,30.462713698000002,31.355503849000002,6.2588287060000001
2081,Si,sc4,1.1000000238418579,25.957340064,33.237449503999997,6.6980578160000004
2082,Si,sc4,1.1000000238418579,31.341986734999999,33.220824807,10.721081290000001
2083,Si,sc4,1.1000000238418579,28.962875139000001,33.272515259000002,2.7461101710000002
2084,Si,sc4,1.1000000238418579,28.521972763000001,33.750263599,11.69129628
2085,Si,sc4,1.1000000238418579,26.116879719,33.827717980000003,3.713872973
2086,Si,sc4,1.1000000238418579,31.454611221,33.828627828999998,7.7714091300000003
2087,Si,sc4,1.1000000238418579,27.648827444999998,30.727189466999999,7.2162057099999997
2088,Si,sc4,1.1000000238418579,33.032992628000002,30.740547599999999,11.193701195999999
2089,Si,sc4,1.1000000238418579,30.626568399,30.774932282000002,3.284512651
2090,H,hoy,0.40000000596046448,28.820646190000001,32.905560352999998,0.68082719199999997
2091,O,oc23,-0.55000001192092896,27.681325171000001,30.434458281000001,23.167239813999998
2092,O,oc23,-0.55000001192092896,30.675293771,30.307599490000001,19.316785909
2093,O,oc23,-0.55000001192092896,26.615150565,34.156863512000001,19.126784958999998
2094,O,oc23,-0.55000001192092896,31.977137984999999,34.123032062999997,23.139598290999999
2095,O,oc23,-0.55000001192092896,29.583005992,34.143977925000002,15.131483189000001
2096,O,oc23,-0.55000001192092896,29.485682753999999,33.446135943000002,23.660735775999999
2097,O,oc23,-0.55000001192092896,27.104265609999999,33.426562509999997,15.641548493
2098,O,oc23,-0.55000001192092896,32.472319988000002,33.380776863000001,19.669725353
2099,O,oc23,-0.55000001192092896,27.489345831000001,31.137961355000002,20.663526260000001
2100,O,oc23,-0.55000001192092896,30.518330584000001,31.003426009999998,16.766424237999999
2101,O,oc23,-0.55000001192092896,27.117058548999999,32.905761877000003,22.613591504999999
2102,O,oc23,-0.55000001192092896,24.754022881000001,32.808294703000001,14.643383568000001
2103,O,oc23,-0.55000001192092896,30.124086945999998,32.770838472999998,18.675598283999999
2104,O,oc23,-0.55000001192092896,25.893401314999998,31.673223490000002,18.683108053000002
2105,O,oc23,-0.55000001192092896,31.241920579999999,31.636416068999999,22.893321775
2106,O,oc23,-0.55000001192092896,28.849599186999999,31.651346615000001,14.819033130999999
2107,O,oc23,-0.55000001192092896,31.322192514000001,30.952267383999999,14.264118609000001
2108,O,oc23,-0.55000001192092896,25.343866969,31.035219391999998,22.180535818999999
2109,O,oc23,-0.55000001192092896,28.364979593000001,30.873284674000001,18.224943292999999
2110,O,oc23,-0.55000001192092896,24.985978531000001,33.577950115,17.145350791999999
2111,O,oc23,-0.55000001192092896,30.345816195000001,33.439043767999998,21.191773161
2112,O,oc23,-0.55000001192092896,27.951070390999998,33.513001572,13.174044523999999
2113,Si,sc4,1.1000000238418579,32.878423683000001,31.319653296999999,14.210890851
2114,Si,sc4,1.1000000238418579,26.913534966,31.384225302000001,22.141876910000001
2115,Si,sc4,1.1000000238418579,29.925456852,31.240109342,18.245532772000001
2116,Si,sc4,1.1000000238418579,25.415440418999999,33.203915862999999,18.643210711999998
2117,Si,sc4,1.1000000238418579,30.76372014,33.163873015999997,22.721517806000001
2118,Si,sc4,1.1000000238418579,28.373615919999999,33.181019048000003,14.691063865
2119,Si,sc4,1.1000000238418579,27.915871959,33.846295765999997,23.638709491
2120,Si,sc4,1.1000000238418579,25.541225863000001,33.775189933,15.658949942
2121,Si,sc4,1.1000000238418579,30.907879055999999,33.713263994999998,19.706622831000001
2122,Si,sc4,1.1000000238418579,27.085586663000001,30.710571108,19.168759598000001
2123,Si,sc4,1.1000000238418579,32.506601600000003,30.699919238,23.217584731999999
2124,Si,sc4,1.1000000238418579,30.080998020999999,30.703614813000002,15.245611285000001
2125,O,oc23,-0.55000001192092896,34.317545002999999,0.55992224999999995,3.3102461929999998
2126,O,oc24,-0.67500001192092896,34.030285685999999,1.3620292650000001,0.78341871200000002
2127,H,hoy,0.40000000596046448,33.98357068,2.2120819740000002,0.38743170500000002
2128,O,oc23,-0.55000001192092896,33.689303854999999,0.46437799800000001,15.246238001
2129,O,oc23,-0.55000001192092896,33.456117167999999,1.2121635239999999,12.762069458999999
2130,O,oc23,-0.55000001192092896,0.89616406299999996,5.5314402239999998,3.3042633829999999
2131,O,oc24,-0.67500001192092896,34.029000402999998,6.2168352779999996,0.77456420000000004
2132,H,hoy,0.40000000596046448,34.241557073999999,7.0564718419999997,0.41015270599999998
2133,O,oc23,-0.55000001192092896,0.33454789400000001,5.4461355810000001,15.225324336
2134,O,oc23,-0.55000001192092896,33.44198557,6.2725401889999999,12.753782581999999
2135,O,oc23,-0.55000001192092896,0.83074929600000003,10.491499917000001,3.3039820729999998
2136,O,oc24,-0.67500001192092896,34.052894590000001,11.296708036,0.79893955500000002
2137,H,hoy,0.40000000596046448,34.373928120000002,12.138259192,0.52689275899999999
2138,O,oc23,-0.55000001192092896,0.277468887,10.431254925999999,15.293228906
2139,O,oc23,-0.55000001192092896,33.465983622000003,11.096665521,12.77631568
2140,O,oc23,-0.55000001192092896,0.83147360299999995,15.468971282,3.293311729
2141,O,oc24,-0.67500001192092896,34.056282170000003,16.180976025,0.75241819700000001
2142,H,hoy,0.40000000596046448,33.758231604999999,16.891411810000001,0.21509751999999999
2143,O,oc23,-0.55000001192092896,0.25789859100000001,15.41238521,15.248424448
2144,O,oc23,-0.55000001192092896,33.448778838999999,16.166615992000001,12.728814323
2145,O,oc23,-0.55000001192092896,0.892415442,20.427809694,3.218054816
2146,O,oc24,-0.67500001192092896,33.994574950000001,21.225434107000002,0.69886641000000005
2147,H,hoy,0.40000000596046448,33.750466998999997,22.043506159,0.27904913999999997
2148,O,oc23,-0.55000001192092896,0.338072653,20.388813616,15.182602573
2149,O,oc23,-0.55000001192092896,33.482484890000002,21.185295338,12.699859270999999
2150,O,oc23,-0.55000001192092896,0.98920453200000003,25.454161690999999,3.0700249140000002
2151,O,oc24,-0.67500001192092896,34.156794527000002,26.426068907000001,0.60032564399999999
2152,H,hoy,0.40000000596046448,35.093635167999999,26.206268421000001,0.62737122700000003
2153,O,oc23,-0.55000001192092896,0.306266021,25.402505028,15.213289132
2154,O,oc23,-0.55000001192092896,33.442241866000003,26.183723723,12.727325840000001
2155,O,oc23,-0.55000001192092896,0.92798852899999995,30.467556892000001,3.2433620580000002
2156,O,oc24,-0.67500001192092896,33.995981159000003,31.33106196,0.75949107500000002
2157,H,hoy,0.40000000596046448,33.308870300000002,31.627493727000001,0.191772414
2158,O,oc23,-0.55000001192092896,0.296364022,30.373609509000001,15.227364311000001
2159,O,oc23,-0.55000001192092896,33.436602204000003,31.096771931999999,12.718392991
2160,O,oc23,-0.55000001192092896,33.720339348000003,3.044768581,2.7315941160000001
2161,O,oc23,-0.55000001192092896,33.107103885999997,2.9550068999999999,14.674808216000001
2162,O,oc23,-0.55000001192092896,33.728402858999999,7.9984616710000003,2.6601143139999999
2163,O,oc23,-0.55000001192092896,33.059864435999998,7.9455371320000001,14.737523932
2164,O,oc23,-0.55000001192092896,33.651870492,12.984524452,2.7255378010000002
2165,O,oc23,-0.55000001192092896,33.205113885999999,12.921655871,14.612668021999999
2166,O,oc23,-0.55000001192092896,33.758741786999998,17.955391992999999,2.639369614
2167,O,oc23,-0.55000001192092896,33.083533330000002,17.894419925000001,14.657002056
2168,O,oc23,-0.55000001192092896,33.764364610000001,22.931414964999998,2.6419045140000001
2169,O,oc23,-0.55000001192092896,33.110930273999998,22.900776768,14.63535944
2170,O,oc23,-0.55000001192092896,0.29273832900000002,27.978364649,2.7158840579999999
2171,O,oc23,-0.55000001192092896,-0.27508233999999998,27.896338891999999,14.670253239999999
2172,O,oc23,-0.55000001192092896,33.603394309999999,32.953478482000001,2.774832033
2173,O,oc23,-0.55000001192092896,33.09205317,32.844727523000003,14.67322905
2174,Na,na+,1,8.3839562430000001,17.407073586999999,26.312051699000001
2175,Na,na+,1,10.494188679000001,15.086753837,0.039683648000000002
2176,Na,na+,1,28.317927644000001,5.092950579,26.098896021000002
2177,Na,na+,1,8.2198167729999998,29.491603379000001,25.585325983000001
2178,Na,na+,1,9.6294242759999999,3.7380645210000001,0.050560356000000001
2179,Na,na+,1,13.201096275999999,30.151001675,0.31544624100000002
2180,Na,na+,1,21.310217648999998,11.62941975,0.56411827599999997
2181,Na,na+,1,29.567040087999999,23.477440048999998,0.19028535299999999
2182,Na,na+,1,16.313957863999999,9.5692146620000003,25.723898812000002
2183,Na,na+,1,25.278021664000001,22.910971467,25.473613622999999
2184,H,hoy,0.40000000596046448,32.061992627000002,11.867290914,25.226346133
