id,element,ff_type,charge,x,y,z
1,O,oc23,-0.55000001192092896,2.671295057,1.0015429680000001,11.450833654
2,O,oc23,-0.55000001192092896,8.4630200230000003,1.101003567,3.5255784440000002
3,O,oc23,-0.55000001192092896,0.77220030799999995,5.8873037029999997,6.9153082259999996
4,O,oc23,-0.55000001192092896,6.3575953500000004,6.0084936369999999,11.023156578
5,O,oc23,-0.55000001192092896,4.5756889320000003,4.924069137,2.9914195530000001
6,O,oc23,-0.55000001192092896,4.6385360779999996,4.1692588730000004,11.727791043
7,O,oc23,-0.55000001192092896,2.073871961,4.5341925820000002,3.695166081
8,O,oc23,-0.55000001192092896,7.5975002030000001,3.792552353,7.6742844720000001
9,O,oc23,-0.55000001192092896,2.260323123,1.670098587,8.9165748069999999
10,O,oc24,-0.89999997615814209,8.120226551,1.723339387,0.886955139
11,O,oc23,-0.55000001192092896,5.4230158929999996,1.4822515869999999,5.0215602720000003
12,O,oc23,-0.55000001192092896,2.3578338740000002,3.4785897349999999,10.701638233000001
13,O,oc23,-0.55000001192092896,-0.18306867399999999,3.6061384959999998,2.6557033759999999
14,O,oc23,-0.55000001192092896,5.5947506139999996,2.2305989080000002,7.5304298950000002
15,O,oc23,-0.55000001192092896,1.5911747329999999,3.3732601689999999,6.9876563200000001
16,O,oc23,-0.55000001192092896,7.0676158109999996,3.4755854949999998,11.136634038
17,O,oc23,-0.55000001192092896,3.7215781250000002,2.4718965000000002,3.2046686260000001
18,O,oc23,-0.55000001192092896,6.2359830330000001,2.073565281,2.6016460719999999
19,O,oc23,-0.55000001192092896,0.294701614,1.7716201439999999,10.451819884000001
20,O,oc23,-0.55000001192092896,3.344593825,1.490670851,6.5400305679999997
21,O,oc23,-0.55000001192092896,0.026975064,4.0710559829999999,5.2437478359999998
22,O,oc23,-0.55000001192092896,5.5436826549999996,4.200071726,9.2559049869999992
23,O,oc24,-0.67500001192092896,2.85085977,3.8399944640000001,1.300965516
24,Si,sc4,0.72500002384185791,7.8036611340000004,2.1623004680000002,2.4815428599999998
25,Si,sc4,1.1000000238418579,1.903961958,1.9590126830000001,10.421961052
26,Si,sc4,1.1000000238418579,4.8839857809999998,1.192010024,6.5440460729999996
27,Si,sc4,1.1000000238418579,0.36986711500000002,4.3553588230000004,6.745869946
28,Si,sc4,1.1000000238418579,5.9012589579999997,4.4847941489999998,10.810581421
29,Si,sc4,1.1000000238418579,3.3058462319999999,3.958040644,2.8741857309999999
30,Si,sc4,1.1000000238418579,3.0320781960000001,4.4639726980000001,11.804089977
31,Si,sc4,1.1000000238418579,0.44206518700000003,4.5638174820000001,3.7796844699999999
32,Si,sc4,1.1000000238418579,6.0198998210000001,3.7531807210000001,7.7968941779999996
33,Si,sc4,1.1000000238418579,1.9944856689999999,1.8627661149999999,7.3527656449999999
34,Si,sc4,1.1000000238418579,7.5275634140000003,2.001633746,11.405754413
35,Si,sc4,1.1000000238418579,4.9585115240000004,1.461360379,3.490583327
36,H,hoy,0.40000000596046448,3.0514075250000001,2.956982489,1.0935573860000001
37,O,oc23,-0.55000001192092896,2.3194222550000001,0.89932253799999995,23.498069900000001
38,O,oc23,-0.55000001192092896,8.2525035080000002,1.0342423860000001,15.541712746
39,O,oc23,-0.55000001192092896,0.366863473,5.8673198580000001,19.099533941000001
40,O,oc23,-0.55000001192092896,5.9716665119999996,5.8192145340000003,22.735661581999999
41,O,oc23,-0.55000001192092896,4.1225251749999998,4.9348294289999997,15.050496978
42,O,oc23,-0.55000001192092896,4.1729855650000003,3.9792462789999998,23.718612366999999
43,O,oc23,-0.55000001192092896,1.634817076,4.3450529930000004,15.668403103999999
44,O,oc23,-0.55000001192092896,7.1241860890000002,3.8445713619999999,19.760383431000001
45,O,oc23,-0.55000001192092896,2.0644888479999999,1.920479177,20.983890025000001
46,O,oc23,-0.55000001192092896,7.9040407359999998,1.749471226,13.010497981
47,O,oc23,-0.55000001192092896,5.074959507,1.550619784,16.984595904999999
48,O,oc23,-0.55000001192092896,1.65047907,3.334691785,23.326236602000002
49,O,oc23,-0.55000001192092896,-0.74376806500000003,3.5370362869999998,14.746918834000001
50,O,oc23,-0.55000001192092896,5.1898865560000003,2.1129723120000001,19.484528243
51,O,oc23,-0.55000001192092896,1.189620114,3.2906729769999998,18.970642077000001
52,O,oc23,-0.55000001192092896,6.6871550910000002,3.410046624,23.229144485999999
53,O,oc23,-0.55000001192092896,3.3721013969999998,2.359579772,15.026726310000001
54,O,oc23,-0.55000001192092896,5.8430007660000003,1.7935592709999999,14.510508343
55,O,oc23,-0.55000001192092896,-0.041543393999999997,1.470583411,22.725168476
56,O,oc23,-0.55000001192092896,2.8929147890000002,1.203573563,18.57476668
57,O,oc23,-0.55000001192092896,-0.46736655999999999,4.1847001779999999,17.238754532000002
58,O,oc23,-0.55000001192092896,5.0035721979999996,3.8770609880000002,21.2196529
59,O,oc23,-0.55000001192092896,2.4631082260000001,4.1130133129999997,13.253709880000001
60,Si,sc4,1.1000000238418579,7.4370397029999999,2.0064199149999999,14.505715410000001
61,Si,sc4,1.1000000238418579,1.488499649,1.8888276770000001,22.562984743000001
62,Si,sc4,1.1000000238418579,4.5282663850000002,1.136532833,18.486613778999999
63,Si,sc4,1.1000000238418579,-0.074891270999999995,4.2776280780000002,18.812019746000001
64,Si,sc4,1.1000000238418579,5.4658494849999997,4.3224501330000002,22.729768378999999
65,Si,sc4,1.1000000238418579,2.8628079500000001,3.8951223490000002,14.796533311999999
66,Si,sc4,0.72500002384185791,2.6497605690000001,4.3430269140000002,24.101145537000001
67,Si,sc4,1.1000000238418579,0.028055409,4.5370921869999998,15.748070409
68,Si,sc4,1.1000000238418579,5.5574535420000002,3.6167238749999999,19.811486170999999
69,Si,sc4,1.1000000238418579,1.639138459,1.845438245,19.425586558999999
70,Si,sc4,0.72500002384185791,7.0519538170000002,1.845682915,23.530715119
71,Si,sc4,1.1000000238418579,4.594388769,1.478338943,15.40971117
72,O,oc24,-0.89999997615814209,2.351454403,4.2881088209999998,25.697728765000001
73,O,oc24,-0.89999997615814209,7.3143148519999999,1.7155489770000001,25.211110004999998
74,O,oc23,-0.55000001192092896,2.6750410599999999,5.9934365170000001,11.398564049000001
75,O,oc23,-0.55000001192092896,8.5696785050000006,6.10236482,3.4465331770000001
76,O,oc23,-0.55000001192092896,5.2845968579999996,4.6949290609999998,6.7286410610000003
77,O,oc23,-0.55000001192092896,0.92999313800000005,10.851702546,6.7469706990000002
78,O,oc23,-0.55000001192092896,6.2362526169999999,10.950045469999999,10.991937849999999
79,O,oc23,-0.55000001192092896,4.5924312719999998,9.8544770150000005,2.9001002379999998
80,O,oc23,-0.55000001192092896,4.449487661,9.1331688960000008,11.657385312000001
81,O,oc23,-0.55000001192092896,2.119437601,9.3844932889999999,3.5560269830000002
82,O,oc23,-0.55000001192092896,7.5725898870000004,8.8031709960000004,7.6837405250000002
83,O,oc23,-0.55000001192092896,2.335726019,6.6238771730000003,8.8485655419999993
84,O,oc24,-0.67500001192092896,8.4760827499999998,6.6047324950000004,0.96225683200000001
85,O,oc23,-0.55000001192092896,5.3723543210000004,6.4969223879999998,4.9043201759999997
86,O,oc23,-0.55000001192092896,2.0446764750000002,8.4263598399999999,10.704228693999999
87,O,oc23,-0.55000001192092896,-0.16787945700000001,8.5690006010000008,2.517101866
88,O,oc23,-0.55000001192092896,5.6185785729999997,7.1869626709999999,7.4795206680000001
89,O,oc23,-0.55000001192092896,1.653718096,8.3711975970000001,7.0763265410000002
90,O,oc23,-0.55000001192092896,6.9433720379999997,8.5546420919999999,11.340465905
91,O,oc23,-0.55000001192092896,3.7329509249999999,7.4158585969999997,3.039181186
92,O,oc23,-0.55000001192092896,6.248472392,6.9164946409999999,2.4361521169999998
93,O,oc23,-0.55000001192092896,0.25305096999999999,6.5685400170000001,10.500073501999999
94,O,oc23,-0.55000001192092896,3.3252522180000001,6.4066848209999998,6.4031453349999996
95,O,oc23,-0.55000001192092896,0.074126015000000003,9.1572746560000002,5.1294934310000002
96,O,oc23,-0.55000001192092896,5.3659748489999997,9.0369926060000001,9.3200922590000008
97,O,oc24,-0.89999997615814209,2.9482015279999998,8.8485870280000007,0.94742453400000004
98,Si,sc4,1.1000000238418579,7.8283682570000002,7.029265831,2.403060999
99,Si,sc4,1.1000000238418579,1.8229541410000001,6.908844266,10.378889321999999
100,Si,sc4,1.1000000238418579,4.9036633619999996,6.1772308379999998,6.3771982539999996
101,Si,sc4,1.1000000238418579,0.403317594,9.3623094919999996,6.6927582479999996
102,Si,sc4,1.1000000238418579,5.7298622220000004,9.4480753170000007,10.858447048
103,Si,sc4,0.72500002384185791,3.3363574470000001,8.8748927399999999,2.5908231260000001
104,Si,sc4,1.1000000238418579,2.8449530749999998,9.3539948630000005,11.726689807
105,Si,sc4,1.1000000238418579,0.53113837699999999,9.5380682130000007,3.5802314860000002
106,Si,sc4,1.1000000238418579,5.921375115,8.7023480509999995,7.8724161659999998
107,Si,sc4,1.1000000238418579,1.994250286,6.7898896830000002,7.3236837579999996
108,Si,sc4,1.1000000238418579,7.5335727109999997,7.0644806689999999,11.407502299000001
109,Si,sc4,1.1000000238418579,5.016228538,6.4432968830000004,3.3710888830000001
110,H,hoy,0.40000000596046448,8.0902176719999996,7.198848345,0.333713176
111,O,oc23,-0.55000001192092896,2.3759925329999998,5.8324548470000002,23.577478545999998
112,O,oc23,-0.55000001192092896,8.0374664409999994,6.0693155750000001,15.510688012999999
113,O,oc23,-0.55000001192092896,4.7657834939999999,4.5799573999999996,18.715317550000002
114,O,oc23,-0.55000001192092896,0.33911850700000001,10.844506113,19.033728113999999
115,O,oc23,-0.55000001192092896,5.9939433600000003,10.877519958000001,22.959313761000001
116,O,oc23,-0.55000001192092896,4.1697445279999998,9.8667740449999997,15.048099547
117,O,oc23,-0.55000001192092896,4.2466341559999998,8.9239069880000006,23.573658483999999
118,O,oc23,-0.55000001192092896,1.5973852120000001,9.1801924639999992,15.748976685000001
119,O,oc23,-0.55000001192092896,7.2476875009999997,8.7167763160000007,19.660378494
120,O,oc23,-0.55000001192092896,1.9994468089999999,6.5367484820000001,20.969576857
121,O,oc23,-0.55000001192092896,7.8981340419999997,6.767810001,12.929017159000001
122,O,oc23,-0.55000001192092896,4.9036291609999996,6.5420937490000002,16.897220914999998
123,O,oc23,-0.55000001192092896,1.868553981,8.2201724509999998,22.797518018000002
124,O,oc23,-0.55000001192092896,-0.65091467000000003,8.5042649780000001,14.671138185
125,O,oc23,-0.55000001192092896,5.1614998209999996,7.1545433230000004,19.447738672
126,O,oc23,-0.55000001192092896,1.095752764,8.3755287840000001,19.381801584000002
127,O,oc23,-0.55000001192092896,6.6685578559999996,8.3008376780000006,23.16754864
128,O,oc23,-0.55000001192092896,3.345402575,7.359997742,14.952693547000001
129,O,oc23,-0.55000001192092896,5.7862956959999998,7.0146626520000002,14.515365941000001
130,O,oc23,-0.55000001192092896,-0.04262374,6.546565491,22.570758056999999
131,O,oc23,-0.55000001192092896,2.8476871340000001,6.494163339,18.436028360000002
132,O,oc23,-0.55000001192092896,-0.46280979500000002,9.0432811550000007,17.276449413000002
133,O,oc23,-0.55000001192092896,5.1617714159999997,9.0301106000000004,21.198602988000001
134,O,oc23,-0.55000001192092896,2.402488161,8.9961534719999996,13.212386037
135,Si,sc4,1.1000000238418579,7.3881988249999999,7.099904778,14.411474346
136,Si,sc4,1.1000000238418579,1.5132067709999999,6.7345868849999997,22.455467080999998
137,Si,sc4,1.1000000238418579,4.450871791,6.1545223020000002,18.376893645999999
138,Si,sc4,1.1000000238418579,-0.113065495,9.3479155850000009,18.842914184000001
139,Si,sc4,1.1000000238418579,5.5117852989999996,9.3086839870000002,22.761570057
140,Si,sc4,1.1000000238418579,2.8981133240000001,8.8729718169999998,14.744975988
141,Si,sc4,1.1000000238418579,2.679732617,9.2084898969999998,23.753135767
142,Si,sc4,1.1000000238418579,0.0072974829999999996,9.3747116780000006,15.788745672999999
143,Si,sc4,1.1000000238418579,5.6477076689999999,8.6952567740000006,19.718217976999998
144,Si,sc4,1.1000000238418579,1.602076769,6.8648254590000004,19.455834346
145,Si,sc4,1.1000000238418579,7.119291338,6.763478815,23.348906034999999
146,Si,sc4,1.1000000238418579,4.5565505179999999,6.4526245519999996,15.329202254
147,O,oc24,-0.67500001192092896,2.1917704640000002,8.8457925789999994,25.317461766000001
148,O,oc24,-0.67500001192092896,7.3582267779999997,6.4582842469999999,24.932598724999998
149,H,hoy,0.40000000596046448,1.3008046900000001,9.0682677290000004,25.342961848000002
150,H,hoy,0.40000000596046448,7.6691262450000002,7.2801359310000002,25.270112803
151,O,oc23,-0.55000001192092896,2.5275084950000002,10.859318563,11.408150879000001
152,O,oc23,-0.55000001192092896,8.5936754569999998,11.019845249999999,3.3402714160000002
153,O,oc23,-0.55000001192092896,5.3102817240000002,9.7010759620000009,6.7612848320000003
154,O,oc23,-0.55000001192092896,0.93333476599999998,15.761638799,7.0804071930000001
155,O,oc23,-0.55000001192092896,6.3496285549999998,15.918321558000001,11.031059222
156,O,oc23,-0.55000001192092896,4.5786925739999997,14.895803355,2.8014619519999999
157,O,oc23,-0.55000001192092896,4.5424416470000004,14.129185401000001,11.789969838999999
158,O,oc23,-0.55000001192092896,2.1627439709999998,14.257432253999999,3.7217219300000002
159,O,oc23,-0.55000001192092896,7.6568025280000001,13.950910219000001,7.6656700300000002
160,O,oc23,-0.55000001192092896,2.4153155050000001,11.402700285,8.8640455760000005
161,O,oc24,-0.89999997615814209,8.4103989420000005,11.522388879999999,0.71092947200000001
162,O,oc23,-0.55000001192092896,5.5512088620000002,11.450456824,4.8336557859999996
163,O,oc23,-0.55000001192092896,2.1681094860000001,13.423702771,10.669253604
164,O,oc23,-0.55000001192092896,-0.220566928,13.558413088,2.7408824090000001
165,O,oc23,-0.55000001192092896,5.7357005140000004,12.128480145999999,7.4330805660000001
166,O,oc23,-0.55000001192092896,1.7261515489999999,13.264433794,7.1451127510000001
167,O,oc23,-0.55000001192092896,7.0752104190000003,13.412838365000001,11.294802749
168,O,oc23,-0.55000001192092896,3.8276612270000001,12.3662144,3.008305086
169,O,oc23,-0.55000001192092896,6.2298067560000003,11.782551601,2.2671669749999999
170,O,oc23,-0.55000001192092896,0.28619565299999999,11.697030446999999,10.313471485000001
171,O,oc23,-0.55000001192092896,3.4334638220000002,11.428797767000001,6.3419181770000002
172,O,oc23,-0.55000001192092896,0.11402235500000001,14.001147819,5.3200274670000001
173,O,oc23,-0.55000001192092896,5.5474970600000004,14.156923736,9.3081745920000003
174,O,oc24,-0.67500001192092896,2.7045403299999999,13.938229004,1.1650390390000001
175,Si,sc4,0.72500002384185791,7.831102316,11.913872972,2.2194572190000001
176,Si,sc4,1.1000000238418579,1.8538717419999999,11.872335226000001,10.296177934999999
177,Si,sc4,1.1000000238418579,5.0019848749999998,11.218907005,6.334702719
178,Si,sc4,1.1000000238418579,0.45934669299999997,14.203596437,6.7792264800000002
179,Si,sc4,1.1000000238418579,5.8883652240000002,14.355389953,10.855208006
180,Si,sc4,1.1000000238418579,3.358095128,13.859589854999999,2.6994101740000001
181,Si,sc4,1.1000000238418579,2.9285923490000001,14.315249431,11.842304109000001
182,Si,sc4,1.1000000238418579,0.56117882699999999,14.426902425,3.8888805259999999
183,Si,sc4,1.1000000238418579,6.0935806010000002,13.653436824,7.8051196650000003
184,Si,sc4,1.1000000238418579,2.1403987209999999,11.73283874,7.3268576530000002
185,Si,sc4,1.1000000238418579,7.5003254259999999,11.811023947000001,11.458670668
186,Si,sc4,1.1000000238418579,5.0410704519999996,11.394526212000001,3.258084588
187,H,hoy,0.40000000596046448,2.9747968359999999,13.058722209000001,0.80607737899999998
188,O,oc23,-0.55000001192092896,2.3247213800000002,10.765552537,23.424685717999999
189,O,oc23,-0.55000001192092896,7.9826182780000003,11.080772344,15.580186503
190,O,oc23,-0.55000001192092896,4.9694135599999996,9.6034326910000001,18.633384072999998
191,O,oc23,-0.55000001192092896,0.37827248600000002,15.786790915999999,19.153617062999999
192,O,oc23,-0.55000001192092896,5.8889727929999998,15.871788371999999,22.947589124
193,O,oc23,-0.55000001192092896,4.1899974889999996,14.882039343000001,15.191306509
194,O,oc23,-0.55000001192092896,4.1974894950000001,14.039505890999999,23.697238165000002
195,O,oc23,-0.55000001192092896,1.6332981550000001,14.281047633,15.775079155
196,O,oc23,-0.55000001192092896,7.0990403899999999,13.817423255,19.867642433
197,O,oc23,-0.55000001192092896,2.0412342570000002,11.592363573,20.916076686
198,O,oc23,-0.55000001192092896,7.8268493350000004,11.54977843,13.014837292999999
199,O,oc23,-0.55000001192092896,4.9123725169999997,11.506738304000001,16.864641326000001
200,O,oc23,-0.55000001192092896,1.756564185,13.298809465,22.921682578999999
201,O,oc23,-0.55000001192092896,-0.720917849,13.462970809,14.748797014999999
202,O,oc23,-0.55000001192092896,5.1483023020000003,12.134838453,19.461727549999999
203,O,oc23,-0.55000001192092896,1.243556924,13.290040894000001,19.023169376999999
204,O,oc23,-0.55000001192092896,6.6953230680000004,13.369553568000001,23.232773448
205,O,oc23,-0.55000001192092896,3.315734312,12.334283351,15.068956429
206,O,oc23,-0.55000001192092896,5.7819421240000004,11.748489317000001,14.432978843000001
207,O,oc23,-0.55000001192092896,-0.041004227999999997,11.444693014,22.564021313000001
208,O,oc23,-0.55000001192092896,2.8973367620000001,11.249684458999999,18.485254848
209,O,oc23,-0.55000001192092896,-0.434964238,14.101901007,17.246267255999999
210,O,oc23,-0.55000001192092896,4.9951326260000002,14.123000965999999,21.278528953999999
211,O,oc23,-0.55000001192092896,2.42554157,14.090721132000001,13.347690353999999
212,Si,sc4,1.1000000238418579,7.323460571,11.963725346,14.459987589000001
213,Si,sc4,1.1000000238418579,1.542064272,11.735563431999999,22.399764438999998
214,Si,sc4,1.1000000238418579,4.489822577,11.159482291,18.371517763
215,Si,sc4,1.1000000238418579,-0.00080410300000000002,14.227981226000001,18.794077615999999
216,Si,sc4,1.1000000238418579,5.4509298509999997,14.334429507999999,22.725299736
217,Si,sc4,1.1000000238418579,2.8751605050000002,13.929669705,14.889801506
218,Si,sc4,0.72500002384185791,2.5849901260000001,14.287161269,23.861107049000001
219,Si,sc4,1.1000000238418579,0.0073980740000000001,14.445035105000001,15.763096823
220,Si,sc4,1.1000000238418579,5.502671769,13.651131716,19.80973732
221,Si,sc4,1.1000000238418579,1.634782875,11.758760268,19.313275963999999
222,Si,sc4,0.72500002384185791,7.2067792170000002,11.885330868,23.361211692000001
223,Si,sc4,1.1000000238418579,4.5000828430000004,11.366332893999999,15.341444211000001
224,O,oc24,-0.89999997615814209,2.1201135720000002,14.030667563,25.381520673000001
225,O,oc24,-0.89999997615814209,7.6445163630000001,11.513480795,24.932664355
226,O,oc23,-0.55000001192092896,2.7589499169999998,15.910810698000001,11.420845492
227,O,oc23,-0.55000001192092896,8.6975676899999996,15.951161532,3.1903026159999999
228,O,oc23,-0.55000001192092896,5.2539830409999997,14.558189437999999,6.7474243190000003
229,O,oc23,-0.55000001192092896,0.90886503799999996,20.744937649000001,6.838426342
230,O,oc23,-0.55000001192092896,6.5167039090000003,20.934949722999999,10.884872843
231,O,oc23,-0.55000001192092896,4.677082489,19.873023967000002,2.8319232790000002
232,O,oc23,-0.55000001192092896,4.6281410210000002,19.302531724000001,11.684070733
233,O,oc23,-0.55000001192092896,2.1996004550000001,19.501033338999999,3.6703202359999998
234,O,oc23,-0.55000001192092896,7.6539336770000004,18.734798528999999,7.6525213150000004
235,O,oc23,-0.55000001192092896,2.579083432,16.512150152,8.9159271909999998
236,O,oc24,-0.67500001192092896,8.349036516,16.886691599999999,0.70842285800000004
237,O,oc23,-0.55000001192092896,5.4519759959999998,16.334329953000001,4.9054600180000003
238,O,oc23,-0.55000001192092896,2.3918899100000002,18.439596925,10.703516413999999
239,O,oc23,-0.55000001192092896,0.060862106999999999,18.407806431000001,2.6499645959999998
240,O,oc23,-0.55000001192092896,5.6966491369999996,17.077157615000001,7.3478428999999998
241,O,oc23,-0.55000001192092896,1.6613811060000001,18.260798044000001,7.2137686649999999
242,O,oc23,-0.55000001192092896,7.0391284839999999,18.304922007999998,11.410352384999999
243,O,oc23,-0.55000001192092896,3.7858094009999999,17.366212266000002,3.0490066499999999
244,O,oc23,-0.55000001192092896,6.2741250690000001,16.787580305999999,2.3204856980000002
245,O,oc23,-0.55000001192092896,0.50498073499999996,16.685778678999998,10.402918651
246,O,oc23,-0.55000001192092896,3.3585679050000001,16.448604565,6.4600717870000004
247,O,oc23,-0.55000001192092896,0.21862274800000001,18.906332260999999,5.2135130790000002
248,O,oc23,-0.55000001192092896,5.5581275000000003,18.963416467999998,9.2080403240000006
249,O,oc24,-0.67500001192092896,3.0935754129999999,18.941999999,1.168329355
250,Si,sc4,1.1000000238418579,7.873292127,17.016789619000001,2.2934636820000001
251,Si,sc4,1.1000000238418579,2.0463643899999999,16.900211981999998,10.409006815
252,Si,sc4,1.1000000238418579,4.916760289,16.125697941999999,6.3778656549999999
253,Si,sc4,1.1000000238418579,0.49839807000000003,19.173202073999999,6.7893952960000004
254,Si,sc4,1.1000000238418579,5.9386224209999998,19.405905487999998,10.754426123
255,Si,sc4,1.1000000238418579,3.4255996299999998,18.902734043999999,2.747326954
256,Si,sc4,1.1000000238418579,3.0815930319999998,19.449050769999999,11.792561265
257,Si,sc4,1.1000000238418579,0.62807575999999998,19.409189276999999,3.7540032870000002
258,Si,sc4,1.1000000238418579,6.0633047700000002,18.604804625,7.6988320860000004
259,Si,sc4,1.1000000238418579,2.1001664080000002,16.697970553000001,7.4197378560000002
260,Si,sc4,1.1000000238418579,7.5926054519999999,16.835895943000001,11.468969779
261,Si,sc4,1.1000000238418579,5.0528174510000001,16.351554749000002,3.3239169569999998
262,H,hoy,0.40000000596046448,7.6813187660000004,17.190361184,0.133226291
263,H,hoy,0.40000000596046448,2.6572012690000002,19.767273792000001,1.0097328779999999
264,O,oc23,-0.55000001192092896,2.328670577,15.794861916,23.568280671
265,O,oc23,-0.55000001192092896,8.0043881480000003,15.961431441,15.541389421
266,O,oc23,-0.55000001192092896,4.9070391899999999,14.662785512999999,18.680989110999999
267,O,oc23,-0.55000001192092896,0.39373128699999999,20.763453471999998,19.172076513
268,O,oc23,-0.55000001192092896,5.8489416609999996,20.83632777,23.125060825999999
269,O,oc23,-0.55000001192092896,4.0512062679999996,19.876203641,15.034368364000001
270,O,oc23,-0.55000001192092896,4.2624973319999997,18.966000604000001,23.758640979999999
271,O,oc23,-0.55000001192092896,1.548916521,19.328069066000001,15.665100362
272,O,oc23,-0.55000001192092896,7.1903406619999997,18.867832592999999,19.783699514999999
273,O,oc23,-0.55000001192092896,2.1450902780000001,16.488534774000001,21.084477913000001
274,O,oc23,-0.55000001192092896,7.919871723,16.540204997,12.966519010000001
275,O,oc23,-0.55000001192092896,5.0185924230000003,16.664293494999999,17.113619029999999
276,O,oc23,-0.55000001192092896,1.834431556,18.357010773999999,22.968121715999999
277,O,oc23,-0.55000001192092896,-0.75190184100000002,18.44326594,14.736491358
278,O,oc23,-0.55000001192092896,5.2639395230000003,17.150242225,19.592370195000001
279,O,oc23,-0.55000001192092896,1.303501019,18.269672812,19.228555135000001
280,O,oc23,-0.55000001192092896,6.7196258149999997,18.388486839999999,23.30596267
281,O,oc23,-0.55000001192092896,3.3791890269999998,17.348814638,15.161189017
282,O,oc23,-0.55000001192092896,5.8514383260000002,16.903739399999999,14.521713729
283,O,oc23,-0.55000001192092896,0.083712322000000006,16.519313269000001,22.445232635
284,O,oc23,-0.55000001192092896,2.887380281,16.370418315999999,18.537006168000001
285,O,oc23,-0.55000001192092896,-0.41822390999999998,19.129148908000001,17.290181561000001
286,O,oc23,-0.55000001192092896,5.077389782,19.150842322999999,21.327819142999999
287,O,oc23,-0.55000001192092896,2.4790056030000001,18.976480826,13.243216774
288,Si,sc4,1.1000000238418579,7.4719728910000001,16.937033315000001,14.456683882
289,Si,sc4,1.1000000238418579,1.690677183,16.809798461,22.531312395
290,Si,sc4,1.1000000238418579,4.5260714929999999,16.242590006,18.506758381000001
291,Si,sc4,1.1000000238418579,0.062954395999999996,19.239648308,18.87154245
292,Si,sc4,1.1000000238418579,5.5069247499999996,19.316331133999999,22.812543466000001
293,Si,sc4,1.1000000238418579,2.818996614,18.806835741,14.762269538
294,Si,sc4,1.1000000238418579,2.685774103,19.366497935999998,23.893233018
295,Si,sc4,1.1000000238418579,-0.016397696,19.523672119,15.724688695999999
296,Si,sc4,1.1000000238418579,5.6190191609999998,18.668841636,19.910456468
297,Si,sc4,1.1000000238418579,1.6519979920000001,16.680993551,19.518208101999999
298,Si,sc4,1.1000000238418579,7.1515588689999996,16.789152443999999,23.358491900000001
299,Si,sc4,1.1000000238418579,4.6762053369999999,16.422611197999998,15.530378029
300,O,oc24,-0.67500001192092896,2.3216513480000001,19.051801827999999,25.468637004000001
301,O,oc24,-0.67500001192092896,7.5246603619999997,16.557810855,24.943416120999998
302,H,hoy,0.40000000596046448,1.7050290370000001,19.715429690000001,25.706250216000001
303,H,hoy,0.40000000596046448,6.6538242179999996,16.238585883999999,25.242325838999999
304,O,oc23,-0.55000001192092896,2.8112672139999999,20.979002888,11.47946192
305,O,oc23,-0.55000001192092896,8.7245682840000001,20.891106869000001,3.2315871299999999
306,O,oc23,-0.55000001192092896,5.2826393600000001,19.625402947000001,6.6840791409999998
307,O,oc23,-0.55000001192092896,0.81570785899999998,25.770788326000002,7.1913583750000001
308,O,oc23,-0.55000001192092896,6.3367348210000003,25.894597794999999,10.817317199
309,O,oc23,-0.55000001192092896,4.6170699930000003,24.878890799000001,3.0440971750000001
310,O,oc23,-0.55000001192092896,4.4890118149999996,24.180605644,11.748711625
311,O,oc23,-0.55000001192092896,2.2014231610000001,24.084080568000001,3.7810641509999998
312,O,oc23,-0.55000001192092896,7.5480859569999996,23.813087799000002,7.7349740420000002
313,O,oc23,-0.55000001192092896,2.5329424120000001,21.605007201999999,8.7875526470000001
314,O,oc24,-0.89999997615814209,8.5095976069999999,21.664850458,0.55935966999999998
315,O,oc23,-0.55000001192092896,5.5171528260000002,21.412515108000001,4.7534706770000001
316,O,oc23,-0.55000001192092896,2.2956606860000002,23.499439086999999,10.733570206
317,O,oc23,-0.55000001192092896,-0.12525106999999999,23.391315594000002,2.6578600020000001
318,O,oc23,-0.55000001192092896,5.6295148089999998,22.148773109,7.3650071199999996
319,O,oc23,-0.55000001192092896,1.676332929,23.260168095000001,6.9056576950000004
320,O,oc23,-0.55000001192092896,6.9899174320000004,23.395646781,11.293701513
321,O,oc23,-0.55000001192092896,3.955550412,22.312935494000001,2.9151787699999998
322,O,oc23,-0.55000001192092896,6.480656175,21.708589195999998,2.2326573289999998
323,O,oc23,-0.55000001192092896,0.45384437399999999,21.645532949,10.449683043
324,O,oc23,-0.55000001192092896,3.4085877070000001,21.319690282,6.3428186609999999
325,O,oc23,-0.55000001192092896,-0.085286327999999995,24.191085866000002,5.224983881
326,O,oc23,-0.55000001192092896,5.3919292990000001,24.048063002999999,9.2597916439999999
327,O,oc24,-0.89999997615814209,2.9339236639999999,24.216204665999999,1.255943823
328,Si,sc4,0.72500002384185791,8.0355411320000005,21.954290335,2.187545031
329,Si,sc4,1.1000000238418579,2.0685386349999999,21.910830624999999,10.36515814
330,Si,sc4,1.1000000238418579,5.0131243039999998,21.141137111999999,6.2724718050000003
331,Si,sc4,1.1000000238418579,0.36176754100000003,24.250685492999999,6.7721017459999997
332,Si,sc4,1.1000000238418579,5.7760354300000003,24.355456482000001,10.790632744
333,Si,sc4,0.72500002384185791,3.382295273,23.811690575,2.7770436680000001
334,Si,sc4,1.1000000238418579,2.9338914749999998,24.524333197000001,11.810567096
335,Si,sc4,1.1000000238418579,0.57825713999999995,24.379107259000001,3.7296301239999998
336,Si,sc4,1.1000000238418579,5.9420988399999999,23.719217657000002,7.7312171980000004
337,Si,sc4,1.1000000238418579,2.172497259,21.775212424999999,7.2573591630000003
338,Si,sc4,1.1000000238418579,7.5995924920000002,21.882078208999999,11.463204941000001
339,Si,sc4,1.1000000238418579,5.2192510350000001,21.345054792999999,3.2081337539999999
340,O,oc23,-0.55000001192092896,2.4492689379999999,21.004050889999998,23.565043558999999
341,O,oc23,-0.55000001192092896,8.1193493990000007,20.900712524999999,15.555249934000001
342,O,oc23,-0.55000001192092896,4.78863371,19.578170106999998,18.779181497
343,O,oc23,-0.55000001192092896,0.38650886400000001,25.788394183000001,19.050631743
344,O,oc23,-0.55000001192092896,5.9523591060000003,25.822560583000001,22.792918114999999
345,O,oc23,-0.55000001192092896,4.0371979869999999,24.956762619999999,14.863764666
346,O,oc23,-0.55000001192092896,4.1217486140000004,24.246110677000001,23.844784440000002
347,O,oc23,-0.55000001192092896,1.6776164680000001,24.296731421,15.67067024
348,O,oc23,-0.55000001192092896,7.079328608,23.796073315000001,19.84510233
349,O,oc23,-0.55000001192092896,2.1112374360000001,21.655313518,21.039268376999999
350,O,oc23,-0.55000001192092896,7.9193989460000003,21.536185062000001,13.006675988
351,O,oc23,-0.55000001192092896,4.9193595569999999,21.438575107999998,16.934529736999998
352,O,oc23,-0.55000001192092896,1.745458956,23.508801114000001,23.026480449000001
353,O,oc23,-0.55000001192092896,-0.70424391099999994,23.537343218,14.674246932000001
354,O,oc23,-0.55000001192092896,5.1188372319999997,22.093086125999999,19.485887172999998
355,O,oc23,-0.55000001192092896,1.1945470540000001,23.248884104999998,19.165600359999999
356,O,oc23,-0.55000001192092896,6.4756608330000001,23.357986279999999,23.295664523999999
357,O,oc23,-0.55000001192092896,3.2941676360000001,22.380989264,14.927303357
358,O,oc23,-0.55000001192092896,5.8117793799999999,21.678545753000002,14.442952698999999
359,O,oc23,-0.55000001192092896,0.087595128999999994,21.566649129999998,22.739612904000001
360,O,oc23,-0.55000001192092896,2.8183890460000001,21.315463210000001,18.478971725000001
361,O,oc23,-0.55000001192092896,-0.48157803399999999,24.200624888,17.227419815000001
362,O,oc23,-0.55000001192092896,4.8557358490000002,24.034961163999998,21.299385835999999
363,O,oc23,-0.55000001192092896,2.3413631289999999,24.108045774000001,13.216855644000001
364,Si,sc4,1.1000000238418579,7.374900716,21.863668582999999,14.496841825000001
365,Si,sc4,1.1000000238418579,1.6372473510000001,21.940455525000001,22.584295245
366,Si,sc4,1.1000000238418579,4.3795850730000003,21.101625446,18.415561398000001
367,Si,sc4,1.1000000238418579,-0.067093468000000003,24.244538540000001,18.750358271
368,Si,sc4,1.1000000238418579,5.3516969850000002,24.331526674999999,22.772321822999999
369,Si,sc4,1.1000000238418579,2.84680797,23.941334651999998,14.681760621
370,Si,sc4,0.72500002384185791,2.515491913,24.510987728,24.026141834000001
371,Si,sc4,1.1000000238418579,0.064946094999999995,24.544981296,15.682846567
372,Si,sc4,1.1000000238418579,5.4868427940000002,23.611196197000002,19.891024145999999
373,Si,sc4,1.1000000238418579,1.6435262310000001,21.742965907999999,19.467039733
374,Si,sc4,0.72500002384185791,7.0362596330000002,21.853221678000001,23.505325894999999
375,Si,sc4,1.1000000238418579,4.5245203820000004,21.357246666999998,15.347208084
376,O,oc24,-0.89999997615814209,1.9754840579999999,24.186825477999999,25.560673666
377,O,oc24,-0.89999997615814209,7.4701159840000004,21.564516854000001,25.130859748999999
378,O,oc23,-0.55000001192092896,2.6066252040000002,26.044679659,11.480887446000001
379,O,oc23,-0.55000001192092896,8.7430991290000009,26.043282434999998,3.5734566189999999
380,O,oc23,-0.55000001192092896,5.2797705089999996,24.656738405999999,6.6599199990000004
381,O,oc23,-0.55000001192092896,0.79201268000000002,30.697456911,7.1534680499999999
382,O,oc23,-0.55000001192092896,6.3854067060000004,30.843555333000001,10.957286085
383,O,oc23,-0.55000001192092896,4.5663722079999998,29.837876699999999,3.0301650000000002
384,O,oc23,-0.55000001192092896,4.6927424709999999,29.030347772999999,11.73938442
385,O,oc23,-0.55000001192092896,2.1116760120000002,29.338755332000002,3.6168265800000001
386,O,oc23,-0.55000001192092896,7.579307343,28.947132766999999,7.706280628
387,O,oc23,-0.55000001192092896,2.5810067289999998,26.602630203,8.9612013919999995
388,O,oc24,-0.67500001192092896,8.5612067449999998,26.615729959999999,1.0455512309999999
389,O,oc23,-0.55000001192092896,5.3782268139999996,26.517736862,4.9593747199999996
390,O,oc23,-0.55000001192092896,2.256237123,28.547682832,10.861491129999999
391,O,oc23,-0.55000001192092896,-0.110096054,28.453637778000001,2.5756345679999999
392,O,oc23,-0.55000001192092896,5.580979728,27.110588857,7.4958427949999997
393,O,oc23,-0.55000001192092896,1.6792701809999999,28.205352503,7.0480872300000001
394,O,oc23,-0.55000001192092896,7.1361684700000003,28.359242896000001,11.147515134000001
395,O,oc23,-0.55000001192092896,3.7429436200000001,27.359151077,3.062232818
396,O,oc23,-0.55000001192092896,6.407818346,26.822127662,2.5723441309999999
397,O,oc23,-0.55000001192092896,0.39032125699999998,26.828345413000001,10.345856113
398,O,oc23,-0.55000001192092896,3.3003439129999999,26.219984439000001,6.5304442199999997
399,O,oc23,-0.55000001192092896,0.102108376,29.085195588000001,5.1795152020000002
400,O,oc23,-0.55000001192092896,5.5665670719999998,29.195836583999998,9.2301268069999995
401,O,oc24,-0.67500001192092896,2.959002972,28.854868079999999,1.1847097520000001
402,Si,sc4,1.1000000238418579,8.0131636939999993,27.016926946000002,2.5932907730000001
403,Si,sc4,1.1000000238418579,1.998873441,26.973363120999998,10.433360434000001
404,Si,sc4,1.1000000238418579,4.9028546110000004,26.130864027000001,6.4024977200000004
405,Si,sc4,1.1000000238418579,0.40912168599999998,29.179171926999999,6.7948358439999996
406,Si,sc4,1.1000000238418579,5.9235016050000002,29.330930043999999,10.746329484
407,Si,sc4,1.1000000238418579,3.3409826140000001,28.815321014999999,2.7165483350000001
408,Si,sc4,1.1000000238418579,3.0739984229999999,29.426863745999999,11.827925311
409,Si,sc4,1.1000000238418579,0.48506576000000001,29.413378763000001,3.697530215
410,Si,sc4,1.1000000238418579,5.9882378479999998,28.690253836,7.808164229
411,Si,sc4,1.1000000238418579,2.0982089099999999,26.705375111999999,7.4750515430000002
412,Si,sc4,1.1000000238418579,7.5601689289999996,26.863525892999998,11.371619967999999
413,Si,sc4,1.1000000238418579,5.0270641830000002,26.356056580000001,3.3997950850000001
414,H,hoy,0.40000000596046448,9.5010843519999995,26.63837492,0.99700901799999997
415,H,hoy,0.40000000596046448,2.0807868709999999,29.200273845000002,1.178883296
416,O,oc23,-0.55000001192092896,2.0541601799999998,25.980642648,23.541466884999998
417,O,oc23,-0.55000001192092896,7.8919235629999998,25.930161419000001,15.506542696
418,O,oc23,-0.55000001192092896,4.7405030029999997,24.545435238,18.830803487000001
419,O,oc23,-0.55000001192092896,0.51861682899999995,30.724776704,19.050697372999998
420,O,oc23,-0.55000001192092896,5.8889727929999998,30.808481050000001,22.826729233999998
421,O,oc23,-0.55000001192092896,4.205152505,29.906907068999999,15.156913404999999
422,O,oc23,-0.55000001192092896,4.1064246049999999,29.090051514999999,23.708055560999998
423,O,oc23,-0.55000001192092896,1.6302945120000001,29.551860126000001,15.684077133000001
424,O,oc23,-0.55000001192092896,7.1350881240000001,28.848650329000002,19.787521507000001
425,O,oc23,-0.55000001192092896,1.977676939,26.640009592999998,20.973979869000001
426,O,oc23,-0.55000001192092896,7.8162510840000001,26.615032389,12.958551700999999
427,O,oc23,-0.55000001192092896,4.9501403540000002,26.41080028,16.927792993000001
428,O,oc23,-0.55000001192092896,1.8174538330000001,28.446964002000001,22.809953005000001
429,O,oc23,-0.55000001192092896,-0.51779476099999999,28.581116260999998,14.561612047000001
430,O,oc23,-0.55000001192092896,5.2427088189999997,27.024333690999999,19.470537435000001
431,O,oc23,-0.55000001192092896,1.2991132460000001,28.262157682000002,19.004516896999998
432,O,oc23,-0.55000001192092896,6.5969009639999996,28.373879391999999,23.283488197
433,O,oc23,-0.55000001192092896,3.2933910740000001,27.439921461000001,15.206268258
434,O,oc23,-0.55000001192092896,5.7079897490000002,26.899510142,14.521518769
435,O,oc23,-0.55000001192092896,-0.17800493100000001,26.829009668000001,22.338944573999999
436,O,oc23,-0.55000001192092896,2.9177225029999998,26.307112088,18.503519339
437,O,oc23,-0.55000001192092896,-0.396047653,29.147520948,17.212068146
438,O,oc23,-0.55000001192092896,4.9316115209999998,29.014836711000001,21.240380452
439,O,oc23,-0.55000001192092896,2.4424187009999998,29.103363667,13.301445212999999
440,Si,sc4,1.1000000238418579,7.2844775960000003,26.982271206,14.393663476
441,Si,sc4,1.1000000238418579,1.4048603749999999,26.9421994,22.437200659999998
442,Si,sc4,1.1000000238418579,4.4901927510000004,26.089047252,18.446650796
443,Si,sc4,1.1000000238418579,0.029302735999999999,29.230317411000001,18.718490962000001
444,Si,sc4,1.1000000238418579,5.367694953,29.276221742000001,22.812997085999999
445,Si,sc4,1.1000000238418579,2.9080698049999998,28.966941698999999,14.880280304999999
446,Si,sc4,1.1000000238418579,2.5599450180000001,29.323769009999999,23.923285844999999
447,Si,sc4,1.1000000238418579,0.054516835999999999,29.635427041,15.709143997
448,Si,sc4,1.1000000238418579,5.5474628590000004,28.588802035000001,19.778906582000001
449,Si,sc4,1.1000000238418579,1.6798777499999999,26.760747667,19.364444334000002
450,Si,sc4,1.1000000238418579,7.0189117369999998,26.808817592,23.507204076000001
451,Si,sc4,1.1000000238418579,4.4890118149999996,26.41583112,15.393907811
452,O,oc24,-0.67500001192092896,2.0805210160000001,28.856440217999999,25.447909451000001
453,O,oc24,-0.67500001192092896,7.1815309159999998,26.564934303000001,25.122505413999999
454,H,hoy,0.40000000596046448,1.316810381,29.374684025000001,25.672900252000002
455,H,hoy,0.40000000596046448,7.8814813719999997,27.138042592000001,25.401082787
456,O,oc23,-0.55000001192092896,2.8356363519999999,30.979104817,11.402192046
457,O,oc23,-0.55000001192092896,8.7698321519999993,31.080310905000001,3.3111765000000002
458,O,oc23,-0.55000001192092896,5.1959964440000004,29.564333111,6.7562979050000003
459,O,oc23,-0.55000001192092896,4.6029611209999999,34.128014678,11.79230164
460,O,oc23,-0.55000001192092896,2.1093121269999999,34.120654002999999,3.6160624220000002
461,O,oc23,-0.55000001192092896,7.4269142290000003,33.941093780999999,7.8218954119999999
462,O,oc23,-0.55000001192092896,2.4193310910000001,31.742886555999998,8.9892467079999996
463,O,oc24,-0.89999997615814209,8.4248115979999998,31.877625688999998,0.75571796199999997
464,O,oc23,-0.55000001192092896,5.3918629090000003,31.393051733,4.8928493739999999
465,O,oc23,-0.55000001192092896,2.141851253,33.509294644999997,10.879238300000001
466,O,oc23,-0.55000001192092896,-0.34119948999999999,33.504634193999998,2.7249878440000002
467,O,oc23,-0.55000001192092896,5.6414629889999999,32.102317122999999,7.5358057780000003
468,O,oc23,-0.55000001192092896,1.6840965299999999,33.332232402999999,7.1091006070000002
469,O,oc23,-0.55000001192092896,7.1133504429999999,33.382696324000001,11.292017327
470,O,oc23,-0.55000001192092896,3.8790329699999999,32.317640349000001,2.941047915
471,O,oc23,-0.55000001192092896,6.3651879469999999,31.633545036000001,2.4224402380000001
472,O,oc23,-0.55000001192092896,0.445068829,31.468547648000001,10.677478609
473,O,oc23,-0.55000001192092896,3.2917695500000002,31.339286714,6.4972821630000004
474,O,oc23,-0.55000001192092896,0.007229081,34.092859445999999,5.2366877670000003
475,O,oc23,-0.55000001192092896,5.4538329030000003,34.024365529000001,9.3632942840000002
476,O,oc24,-0.89999997615814209,2.9657868189999999,34.086567772999999,1.0682984790000001
477,Si,sc4,0.72500002384185791,7.9172040539999999,31.989982582,2.372716214
478,Si,sc4,1.1000000238418579,1.9696779550000001,31.940807426999999,10.451301599000001
479,Si,sc4,1.1000000238418579,4.8938074709999997,31.094495541000001,6.4176085839999999
480,Si,sc4,1.1000000238418579,0.38903972999999997,34.246067885000002,6.7509220220000001
481,Si,sc4,1.1000000238418579,5.8815793660000004,34.335760669999999,10.865765777
482,Si,sc4,0.72500002384185791,3.396639527,33.872180671000002,2.6937167569999998
483,Si,sc4,1.1000000238418579,3.0133441570000001,34.429600096999998,11.867694298
484,Si,sc4,1.1000000238418579,0.52634623000000003,34.410266970999999,3.757468416
485,Si,sc4,1.1000000238418579,5.9110464470000004,33.668567787000001,7.8939196989999996
486,Si,sc4,1.1000000238418579,2.0177422709999999,31.761586262000002,7.4127424519999998
487,Si,sc4,1.1000000238418579,7.5705317980000002,31.821079186999999,11.461650085
488,Si,sc4,1.1000000238418579,5.0504213770000002,31.320316949999999,3.3367544109999998
489,O,oc23,-0.55000001192092896,2.3084880299999999,30.903923329000001,23.607597002999999
490,O,oc23,-0.55000001192092896,8.1900607369999996,30.934108368,15.636601425
491,O,oc23,-0.55000001192092896,4.8277192869999999,29.584281557000001,18.751912161
492,O,oc23,-0.55000001192092896,4.1174292430000001,33.930749689000002,23.700347876999999
493,O,oc23,-0.55000001192092896,1.679471363,34.336427786999998,15.771452123
494,O,oc23,-0.55000001192092896,7.3077663880000001,33.885532906999998,19.894392518
495,O,oc23,-0.55000001192092896,2.1020897039999999,31.605284043000001,20.996844262
496,O,oc23,-0.55000001192092896,7.9696219409999998,31.527657934,13.005251426999999
497,O,oc23,-0.55000001192092896,5.0030652199999999,31.439166376999999,17.006618688
498,O,oc23,-0.55000001192092896,1.8149893580000001,33.377410662000003,22.850823227999999
499,O,oc23,-0.55000001192092896,-0.76229891000000005,33.608419863999998,14.875228713
500,O,oc23,-0.55000001192092896,5.4010086279999996,32.104098825000001,19.490487076000001
501,O,oc23,-0.55000001192092896,1.2543241679999999,33.225372606000001,19.288404060000001
502,O,oc23,-0.55000001192092896,6.6058797020000002,33.323519664000003,23.470802495000001
503,O,oc23,-0.55000001192092896,3.4092978779999998,32.363126008000002,15.12297392
504,O,oc23,-0.55000001192092896,5.8385787919999999,31.904696288,14.562194998000001
505,O,oc23,-0.55000001192092896,-0.0080949279999999995,31.712639167999999,22.439598092000001
506,O,oc23,-0.55000001192092896,2.9771274299999999,31.533282230000001,18.542575080999999
507,O,oc23,-0.55000001192092896,-0.50898501500000004,34.248268877999998,17.496345229999999
508,O,oc23,-0.55000001192092896,5.1171493180000001,33.928939909,21.362730533000001
509,O,oc23,-0.55000001192092896,2.5041171009999998,34.077624288999999,13.321329223999999
510,Si,sc4,1.1000000238418579,7.5174037389999997,31.913896123000001,14.53103997
511,Si,sc4,1.1000000238418579,1.565691049,31.876442779000001,22.460260013999999
512,Si,sc4,1.1000000238418579,4.4989682960000001,31.180854822000001,18.524505551000001
513,Si,sc4,1.1000000238418579,0.002436934,34.220851738,19.054841725999999
514,Si,sc4,1.1000000238418579,5.472430138,34.212662827999999,22.892471361999998
515,Si,sc4,1.1000000238418579,2.9261620740000001,33.917840982999998,14.865253892
516,Si,sc4,1.1000000238418579,2.5923131389999998,34.312727815000002,23.826261289000001
517,Si,sc4,1.1000000238418579,0.01978483,34.537039815,15.918933732999999
518,Si,sc4,1.1000000238418579,5.7485600479999999,33.660581641,19.883445792
519,Si,sc4,1.1000000238418579,1.707823898,31.72518827,19.460497949000001
520,Si,sc4,0.72500002384185791,7.0628236629999996,31.737697244,23.473392956000001
521,Si,sc4,1.1000000238418579,4.599180917,31.409924620000002,15.436656214999999
522,O,oc24,-0.67500001192092896,2.2550561870000001,33.975096459,25.347062904000001
523,O,oc24,-0.89999997615814209,7.3229898059999998,31.22815846,24.978779201999998
524,H,hoy,0.40000000596046448,2.2095386179999998,34.835196678999999,25.754808415999999
525,O,oc23,-0.55000001192092896,11.066836108,1.0178577980000001,11.605764288
526,O,oc23,-0.55000001192092896,17.195446846999999,1.078225794,3.1645176799999999
527,O,oc23,-0.55000001192092896,9.3103127830000005,5.7799121390000003,6.9143368030000003
528,O,oc23,-0.55000001192092896,14.725394955000001,5.8685078109999997,10.82645041
529,O,oc23,-0.55000001192092896,13.053040514999999,4.8290105219999999,2.754950429
530,O,oc23,-0.55000001192092896,13.069164158,4.0978515570000003,11.736599963
531,O,oc23,-0.55000001192092896,10.707843486,4.3771235559999999,3.580743257
532,O,oc23,-0.55000001192092896,15.972283328,3.8824057349999999,7.7538866310000003
533,O,oc23,-0.55000001192092896,10.921395833,1.52812156,8.9962421119999991
534,O,oc24,-0.89999997615814209,16.745489926000001,1.968130559,0.70270368400000005
535,O,oc23,-0.55000001192092896,13.736107156999999,1.6325427219999999,4.8531450510000003
536,O,oc23,-0.55000001192092896,10.708348451999999,3.459829762,10.805076207000001
537,O,oc23,-0.55000001192092896,8.3181873169999996,3.6170029029999999,2.6940796530000002
538,O,oc23,-0.55000001192092896,14.046594749,2.1479424800000002,7.3269869830000003
539,O,oc23,-0.55000001192092896,10.135904074999999,3.2554935380000001,7.1157070559999998
540,O,oc23,-0.55000001192092896,15.527240521,3.334516872,11.061371675
541,O,oc23,-0.55000001192092896,12.215666111999999,2.3722615079999998,2.8651697860000001
542,O,oc23,-0.55000001192092896,14.677250166,1.825664712,2.3209132590000001
543,O,oc23,-0.55000001192092896,8.8559017000000004,1.7685805050000001,10.501239403
544,O,oc23,-0.55000001192092896,11.643197493000001,1.2779507619999999,6.4941729339999998
545,O,oc23,-0.55000001192092896,8.51108434,4.1232145070000001,5.1609587540000001
546,O,oc23,-0.55000001192092896,13.782972682,4.0072292850000002,9.1990374090000007
547,O,oc24,-0.89999997615814209,11.278263976,3.9931857239999999,1.031172191
548,Si,sc4,0.72500002384185791,16.274066165000001,2.0922206179999998,2.3096366929999999
549,Si,sc4,1.1000000238418579,10.381218985,1.958942926,10.49631714
550,Si,sc4,1.1000000238418579,13.323618942,1.198298053,6.3659156560000003
551,Si,sc4,1.1000000238418579,8.881721357,4.212892976,6.731620478
552,Si,sc4,1.1000000238418579,14.298750843000001,4.2744489249999997,10.700925953
553,Si,sc4,0.72500002384185791,11.823100191,3.8665802450000002,2.6014906830000002
554,Si,sc4,1.1000000238418579,11.501571622,4.4712388880000002,11.829285206
555,Si,sc4,1.1000000238418579,9.0187904630000002,4.5993816259999996,3.7144222619999998
556,Si,sc4,1.1000000238418579,14.317304697999999,3.6747508440000001,7.7573196680000001
557,Si,sc4,1.1000000238418579,10.541542681999999,1.766659062,7.4563329500000002
558,Si,sc4,1.1000000238418579,15.916253725000001,1.8674122500000001,11.355362989
559,Si,sc4,1.1000000238418579,13.40433165,1.441132904,3.29864355
560,O,oc23,-0.55000001192092896,10.759046237,0.987324494,23.696655214
561,O,oc23,-0.55000001192092896,16.595560281000001,1.1566202729999999,15.494495699
562,O,oc23,-0.55000001192092896,8.9190848200000001,5.709657376,19.272664401
563,O,oc23,-0.55000001192092896,14.322425022999999,5.9126661330000001,23.02771005
564,O,oc23,-0.55000001192092896,12.609543727,5.0165076959999997,14.929052209
565,O,oc23,-0.55000001192092896,12.572560906,4.028050736,23.578385786999998
566,O,oc23,-0.55000001192092896,10.090811212,4.4822787289999999,15.682846567
567,O,oc23,-0.55000001192092896,15.611703382,3.804465719,19.804427066999999
568,O,oc23,-0.55000001192092896,10.49577586,1.823079535,21.252751740000001
569,O,oc23,-0.55000001192092896,16.254050598999999,1.7460474029999999,12.891191017000001
570,O,oc23,-0.55000001192092896,13.414342703000001,1.61200082,16.937961809000001
571,O,oc23,-0.55000001192092896,10.099552556000001,3.5986968720000001,23.318787576999998
572,O,oc23,-0.55000001192092896,7.8155409130000004,3.5588707780000002,14.775936056000001
573,O,oc23,-0.55000001192092896,13.623572283,2.238145168,19.473062265999999
574,O,oc23,-0.55000001192092896,9.7246605460000008,3.296751735,19.153099741999998
575,O,oc23,-0.55000001192092896,15.078616931999999,3.4554626559999999,23.131471349000002
576,O,oc23,-0.55000001192092896,11.775239067999999,2.5478109579999999,15.168054125999999
577,O,oc23,-0.55000001192092896,14.263624521000001,1.9184879770000001,14.523332285
578,O,oc23,-0.55000001192092896,8.412390641,1.556768299,22.808982063999999
579,O,oc23,-0.55000001192092896,11.346917226,1.249687687,18.712078509000001
580,O,oc23,-0.55000001192092896,8.0044887389999992,4.2376270710000004,17.294650204
581,O,oc23,-0.55000001192092896,13.452608213,4.1567171719999996,21.176775165999999
582,O,oc23,-0.55000001192092896,10.857906916999999,4.130690489,13.301380547999999
583,Si,sc4,1.1000000238418579,15.831399566,2.1343872190000002,14.451373629000001
584,Si,sc4,1.1000000238418579,9.9376737249999998,2.0407961060000002,22.782426939
585,Si,sc4,1.1000000238418579,12.970160764999999,1.1718871850000001,18.507082670999999
586,Si,sc4,1.1000000238418579,8.4163056360000006,4.2335051549999996,18.846411885999999
587,Si,sc4,1.1000000238418579,13.838846870999999,4.4048618910000004,22.717009100999999
588,Si,sc4,1.1000000238418579,11.311577651,4.0675275239999999,14.807220414
589,Si,sc4,1.1000000238418579,11.165867792,4.5504022559999999,24.018692810000001
590,Si,sc4,1.1000000238418579,8.4723005340000004,4.5956782540000001,15.808695313999999
591,Si,sc4,1.1000000238418579,14.009513946,3.746473108,19.772106138000002
592,Si,sc4,1.1000000238418579,10.110792577,1.813647231,19.626633003999999
593,Si,sc4,1.1000000238418579,15.550428721999999,1.9658946879999999,23.519380403
594,Si,sc4,1.1000000238418579,12.996720771,1.5159989229999999,15.406473093000001
595,O,oc24,-0.67500001192092896,11.015902941,4.4765492770000002,25.689955450999999
596,O,oc24,-0.67500001192092896,15.706379735000001,1.941684813,25.125288906000002
597,H,hoy,0.40000000596046448,11.57844878,5.149189582,26.005830872000001
598,H,hoy,0.40000000596046448,14.867621133,1.6326924330000001,25.411306401000001
599,O,oc23,-0.55000001192092896,11.164483662,6.0302234920000002,11.423047963
600,O,oc23,-0.55000001192092896,16.853261949,6.0805995660000001,3.563890056
601,O,oc23,-0.55000001192092896,13.609301586000001,4.7219344269999999,6.7365427410000001
602,O,oc23,-0.55000001192092896,9.1926174740000004,10.767508858999999,7.0515197839999999
603,O,oc23,-0.55000001192092896,14.783169306,10.855684947,10.858576378
604,O,oc23,-0.55000001192092896,12.976732428,9.9292378770000003,2.8478113299999999
605,O,oc23,-0.55000001192092896,13.111061376,9.1682796179999997,11.684524353
606,O,oc23,-0.55000001192092896,10.572597087,9.1747774399999997,3.755331092
607,O,oc23,-0.55000001192092896,16.051062051999999,9.0027564489999996,7.5701337349999998
608,O,oc23,-0.55000001192092896,10.905498456,6.4907046360000002,8.8309486669999995
609,O,oc24,-0.67500001192092896,16.988677844000001,6.5316135270000002,0.93406246100000001
610,O,oc23,-0.55000001192092896,13.772789492999999,6.5035951220000001,4.776930085
611,O,oc23,-0.55000001192092896,10.90789453,8.4916889189999996,10.64392808
612,O,oc23,-0.55000001192092896,8.2933454019999999,8.5045096480000009,2.659116627
613,O,oc23,-0.55000001192092896,14.082888929999999,7.2093213809999996,7.3511461239999996
614,O,oc23,-0.55000001192092896,10.084836116,8.3123309400000007,7.0120099390000004
615,O,oc23,-0.55000001192092896,15.497305441,8.4157047049999996,11.112280418999999
616,O,oc23,-0.55000001192092896,12.234290369,7.3558404279999996,2.881070867
617,O,oc23,-0.55000001192092896,14.671792358999999,6.8449124120000002,2.2343026670000001
618,O,oc23,-0.55000001192092896,8.7772577680000001,6.8697511420000001,10.458038343
619,O,oc23,-0.55000001192092896,11.730381588,6.503839793,6.3790185260000003
620,O,oc23,-0.55000001192092896,8.4253185760000004,9.0242416339999991,5.1797936480000004
621,O,oc23,-0.55000001192092896,13.923113831,9.0479621689999998,9.1264948369999992
622,O,oc24,-0.67500001192092896,11.219804602,8.9253396110000001,1.1720989879999999
623,Si,sc4,1.1000000238418579,16.298806733999999,7.0154664210000002,2.354224431
624,Si,sc4,1.1000000238418579,10.439408776000001,6.9373509709999999,10.293846134000001
625,Si,sc4,1.1000000238418579,13.332060399,6.2584551639999999,6.3155372610000002
626,Si,sc4,1.1000000238418579,8.7561618560000003,9.247756893,6.7333041810000003
627,Si,sc4,1.1000000238418579,14.31628873,9.3789731080000003,10.624885679
628,Si,sc4,1.1000000238418579,11.780234409,8.9049372239999993,2.7486873329999999
629,Si,sc4,1.1000000238418579,11.510312966000001,9.4375950940000006,11.743659066999999
630,Si,sc4,1.1000000238418579,8.9778499899999993,9.4705381420000005,3.7526431499999999
631,Si,sc4,1.1000000238418579,14.440242047,8.7690399960000001,7.6510316060000001
632,Si,sc4,1.1000000238418579,10.533982274,6.810990683,7.3291243059999998
633,Si,sc4,1.1000000238418579,15.919494007999999,6.8309380879999999,11.326410431999999
634,Si,sc4,1.1000000238418579,13.453266329,6.3757678530000002,3.1943506949999998
635,H,hoy,0.40000000596046448,17.113267254,7.3502086850000001,0.50694803300000002
636,H,hoy,0.40000000596046448,11.156448089,8.0523794869999996,0.87233431699999997
637,O,oc23,-0.55000001192092896,10.850650292999999,6.0114276000000002,23.475595426999998
638,O,oc23,-0.55000001192092896,16.456094096000001,6.193161484,15.506801356
639,O,oc23,-0.55000001192092896,13.463901799,4.7631926230000001,18.694396968
640,O,oc23,-0.55000001192092896,8.9413958690000008,10.612186883,19.203231541000001
641,O,oc23,-0.55000001192092896,14.470494743,10.919931228999999,22.977190261000001
642,O,oc23,-0.55000001192092896,12.627290875,9.9964181219999997,15.000105553999999
643,O,oc23,-0.55000001192092896,12.750677205000001,9.102845383,23.770687977000001
644,O,oc23,-0.55000001192092896,10.188726338,9.5631870130000003,15.709661317
645,O,oc23,-0.55000001192092896,15.754949771,8.7848998429999998,19.849182981999999
646,O,oc23,-0.55000001192092896,10.507251264000001,6.7315477660000003,21.113301139000001
647,O,oc23,-0.55000001192092896,16.211893732,6.5028267529999999,12.979084292
648,O,oc23,-0.55000001192092896,13.323912541,6.598618858,16.967173025000001
649,O,oc23,-0.55000001192092896,10.259878263999999,8.3863588329999992,22.965336294
650,O,oc23,-0.55000001192092896,7.8455813619999999,8.5873061110000002,14.764795334
651,O,oc23,-0.55000001192092896,13.586940494,7.1815830460000001,19.629159766000001
652,O,oc23,-0.55000001192092896,9.7121731980000003,8.1139344809999994,19.027120700000001
653,O,oc23,-0.55000001192092896,15.235685006000001,8.3824118310000006,23.267682908000001
654,O,oc23,-0.55000001192092896,11.714685393,7.5827789900000004,15.101405722999999
655,O,oc23,-0.55000001192092896,14.126986823999999,7.0831703639999999,14.52372124
656,O,oc23,-0.55000001192092896,8.457010726,6.4624072029999997,22.672575546000001
657,O,oc23,-0.55000001192092896,11.349751875999999,6.2513284880000004,18.681767020999999
658,O,oc23,-0.55000001192092896,8.1038905979999996,9.102845383,17.279947114999999
659,O,oc23,-0.55000001192092896,13.689703972,9.2187608480000005,21.276455812999998
660,O,oc23,-0.55000001192092896,10.889061912000001,9.1342173340000006,13.219769431
661,Si,sc4,1.1000000238418579,15.772838595,7.1312413299999999,14.39210862
662,Si,sc4,1.1000000238418579,9.9535047120000009,6.9010179369999998,22.532995615000001
663,Si,sc4,1.1000000238418579,12.965948461,6.2062268840000003,18.531564655
664,Si,sc4,1.1000000238418579,8.5022403929999992,9.1235268000000005,18.778598547000001
665,Si,sc4,1.1000000238418579,14.066545936000001,9.4081440660000002,22.778475617000002
666,Si,sc4,1.1000000238418579,11.359945752,9.0658845360000004,14.716606381
667,Si,sc4,0.72500002384185791,11.137211473000001,9.3906766820000005,23.838891235999998
668,Si,sc4,1.1000000238418579,8.5459169359999994,9.6024186100000009,15.834927113999999
669,Si,sc4,1.1000000238418579,14.120769556000001,8.6886537960000005,19.837782636
670,Si,sc4,1.1000000238418579,10.115719516,6.7114598059999997,19.551370640999998
671,Si,sc4,0.72500002384185791,15.518113914000001,6.8499078520000003,23.495933058999999
672,Si,sc4,1.1000000238418579,12.933150941999999,6.5530633119999999,15.409387844999999
673,O,oc24,-0.89999997615814209,10.728802593999999,9.3121426899999999,25.434308563999998
674,O,oc24,-0.89999997615814209,15.720116923000001,6.5532038679999998,25.179503286999999
675,O,oc23,-0.55000001192092896,11.331424223999999,11.011286992,11.277315204000001
676,O,oc23,-0.55000001192092896,17.068401618999999,11.15899295,3.2492759090000001
677,O,oc23,-0.55000001192092896,13.724587368,9.7192076010000008,6.5519482350000002
678,O,oc23,-0.55000001192092896,9.331644077,15.821517454,6.8277392409999997
679,O,oc23,-0.55000001192092896,14.848663248999999,15.77166508,10.876841834
680,O,oc23,-0.55000001192092896,13.081922661,14.816744622,3.0472838580000001
681,O,oc23,-0.55000001192092896,13.126331066000001,14.050580610000001,11.707193785999999
682,O,oc23,-0.55000001192092896,10.522068295,14.363146524999999,3.5190366599999998
683,O,oc23,-0.55000001192092896,16.058791452000001,13.69221552,7.524924199
684,O,oc23,-0.55000001192092896,10.874918839999999,11.730148407,8.86126112
685,O,oc24,-0.89999997615814209,16.610985383999999,11.715964811999999,0.641609294
686,O,oc23,-0.55000001192092896,13.686645885000001,11.581114982000001,4.751015819
687,O,oc23,-0.55000001192092896,10.66254743,13.449589940999999,10.836554561
688,O,oc23,-0.55000001192092896,8.1925252129999997,13.439563659999999,2.5048408470000001
689,O,oc23,-0.55000001192092896,14.015140621,12.102767890000001,7.3892309259999998
690,O,oc23,-0.55000001192092896,10.090708609,13.274529832000001,6.8770940940000003
691,O,oc23,-0.55000001192092896,15.547634057,13.375317378,11.157684915000001
692,O,oc23,-0.55000001192092896,12.122182919,12.406110250999999,2.8387888700000001
693,O,oc23,-0.55000001192092896,14.571465819,11.8338012,2.3119747679999998
694,O,oc23,-0.55000001192092896,8.8264346190000005,11.591945031,10.430510347
695,O,oc23,-0.55000001192092896,11.650454116000001,11.337546120000001,6.4101277100000003
696,O,oc23,-0.55000001192092896,8.4412159520000003,14.11461658,5.067961768
697,O,oc23,-0.55000001192092896,13.917328600999999,13.989862787,9.1945678009999998
698,O,oc24,-0.67500001192092896,11.422185328999999,14.256942913,1.0517302390000001
699,Si,sc4,0.72500002384185791,16.179119727,12.038067666,2.2796287450000001
700,Si,sc4,1.1000000238418579,10.424692336,11.933052008000001,10.359393301000001
701,Si,sc4,1.1000000238418579,13.25986346,11.213980279999999,6.2932953889999999
702,Si,sc4,1.1000000238418579,8.8766596260000004,14.277484814999999,6.5858230539999996
703,Si,sc4,1.1000000238418579,14.381802792,14.297747688999999,10.734411817
704,Si,sc4,1.1000000238418579,11.807572988,13.961915181,2.6179423810000002
705,Si,sc4,1.1000000238418579,11.521856772,14.383024173000001,11.753375227999999
706,Si,sc4,1.1000000238418579,8.9145300669999994,14.441087060999999,3.593645376
707,Si,sc4,1.1000000238418579,14.451711415,13.632615893000001,7.669167249
708,Si,sc4,1.1000000238418579,10.451153763000001,11.744612072000001,7.2727745319999997
709,Si,sc4,1.1000000238418579,15.979911382999999,11.838203184999999,11.296486935000001
710,Si,sc4,1.1000000238418579,13.366808877,11.452134117,3.1954258709999999
711,H,hoy,0.40000000596046448,11.911826103999999,13.606756152000001,0.57378765399999998
712,O,oc23,-0.55000001192092896,10.703624705999999,10.896664636000001,23.372417078000002
713,O,oc23,-0.55000001192092896,16.497407761000002,10.998465222,15.498058066
714,O,oc23,-0.55000001192092896,13.484210837999999,9.6028038359999996,18.755992813999999
715,O,oc23,-0.55000001192092896,8.8689302259999998,15.688308478,19.213139767000001
716,O,oc23,-0.55000001192092896,14.276933192,15.935546354,22.879517125
717,O,oc23,-0.55000001192092896,12.621687934000001,14.957953801,15.157626649999999
718,O,oc23,-0.55000001192092896,12.583436001999999,14.161325721000001,23.720102558000001
719,O,oc23,-0.55000001192092896,10.129355610999999,14.386726504,15.681422006
720,O,oc23,-0.55000001192092896,15.711037594,13.732704826999999,19.756561438999999
721,O,oc23,-0.55000001192092896,10.616710195,11.522494035999999,20.791587834000001
722,O,oc23,-0.55000001192092896,16.315548067999998,11.609691443000001,12.874674411999999
723,O,oc23,-0.55000001192092896,13.527957669999999,11.536188291,16.877466234
724,O,oc23,-0.55000001192092896,10.383073881,13.347019945,22.619787655
725,O,oc23,-0.55000001192092896,7.7380457280000003,13.478341316,14.746335883
726,O,oc23,-0.55000001192092896,13.572875756,12.070207987,19.517171531999999
727,O,oc23,-0.55000001192092896,9.6318071510000003,13.122631159999999,19.019413015000001
728,O,oc23,-0.55000001192092896,15.117550617999999,13.496717624,23.119295022999999
729,O,oc23,-0.55000001192092896,11.859652891,12.499736763,15.073814026999999
730,O,oc23,-0.55000001192092896,14.317864989,12.063045911,14.516531841000001
731,O,oc23,-0.55000001192092896,8.4499914969999992,11.666880806,22.357664615000001
732,O,oc23,-0.55000001192092896,11.43204122,11.215972001000001,18.322356903999999
733,O,oc23,-0.55000001192092896,7.9446794360000004,14.076851963999999,17.277163624
734,O,oc23,-0.55000001192092896,13.487224917000001,14.102878648000001,21.214277017000001
735,O,oc23,-0.55000001192092896,10.980261594,14.300577536,13.242827819
736,Si,sc4,1.1000000238418579,15.921384360999999,12.091728570000001,14.421513832
737,Si,sc4,1.1000000238418579,10.027119102,11.827617805999999,22.251569583999999
738,Si,sc4,1.1000000238418579,13.02356765,11.100441762000001,18.376700616000001
739,Si,sc4,1.1000000238418579,8.3815072399999995,14.162932216,18.856904992
740,Si,sc4,1.1000000238418579,13.875174876000001,14.400807026000001,22.758720934999999
741,Si,sc4,1.1000000238418579,11.401865979,14.006911628999999,14.757217945000001
742,Si,sc4,1.1000000238418579,11.049993176999999,14.282830083,23.690696380999999
743,Si,sc4,1.1000000238418579,8.4755757719999991,14.447583841,15.815949377999999
744,Si,sc4,1.1000000238418579,14.038554774,13.577837835,19.803973446000001
745,Si,sc4,1.1000000238418579,10.161285156,11.587158861000001,19.291058221
746,Si,sc4,1.1000000238418579,15.648291288999999,11.991184652999999,23.357196669
747,Si,sc4,1.1000000238418579,13.06556615,11.493707261999999,15.338658789
748,O,oc24,-0.67500001192092896,10.418582448,13.806034108,25.123929974999999
749,O,oc24,-0.67500001192092896,16.082114444999998,11.845154946999999,24.92430809
750,H,hoy,0.40000000596046448,10.727738996999999,14.60672175,25.632225185999999
751,H,hoy,0.40000000596046448,15.652417592000001,11.050596249,25.165606959000002
752,O,oc23,-0.55000001192092896,11.339930186,15.904976089,11.276213968
753,O,oc23,-0.55000001192092896,17.322323082,15.999860311000001,3.079111836
754,O,oc23,-0.55000001192092896,13.776694681,14.60636556,6.601820891
755,O,oc23,-0.55000001192092896,9.3113267390000001,20.735190397,7.1103958379999996
756,O,oc23,-0.55000001192092896,14.612981671,20.851245376000001,11.081967967000001
757,O,oc23,-0.55000001192092896,13.069636684000001,19.794525373999999,3.0218808799999999
758,O,oc23,-0.55000001192092896,13.012979458,18.908987195000002,11.649872587999999
759,O,oc23,-0.55000001192092896,10.580966245000001,19.013477073000001,3.5486107730000001
760,O,oc23,-0.55000001192092896,16.013731533000001,18.845368727,7.6501248479999999
761,O,oc23,-0.55000001192092896,10.905667448000001,16.556728058000001,8.7242726160000004
762,O,oc24,-0.67500001192092896,17.043930885000002,16.656853431999998,0.64745092199999998
763,O,oc23,-0.55000001192092896,14.074379950999999,16.487801804,4.8046646229999999
764,O,oc23,-0.55000001192092896,10.729613356,18.37790042,10.65344928
765,O,oc23,-0.55000001192092896,8.1274167839999993,18.480924357999999,2.7574699520000001
766,O,oc23,-0.55000001192092896,14.085599351000001,17.081909425999999,7.311766091
767,O,oc23,-0.55000001192092896,10.126486760000001,18.283961562999998,7.0254824620000003
768,O,oc23,-0.55000001192092896,15.573843001,18.326757018999999,11.185017951000001
769,O,oc23,-0.55000001192092896,12.405092903,17.274926260000001,2.7676194650000001
770,O,oc23,-0.55000001192092896,14.890114723,16.511313067,2.2480015180000001
771,O,oc23,-0.55000001192092896,8.8251852799999995,16.601724506,10.464126505999999
772,O,oc23,-0.55000001192092896,11.886554906000001,16.448883593000001,6.2673483079999999
773,O,oc23,-0.55000001192092896,8.4244072229999993,19.044255568000001,5.1821645380000003
774,O,oc23,-0.55000001192092896,13.915570147,19.030841382999999,9.2074573740000005
775,O,oc24,-0.89999997615814209,11.605496045000001,19.023609551,1.0283936460000001
776,Si,sc4,1.1000000238418579,16.462709956000001,16.914990073999999,2.1324127929999999
777,Si,sc4,1.1000000238418579,10.448657098,16.830165448999999,10.269038893999999
778,Si,sc4,1.1000000238418579,13.505920605,16.113785096000001,6.2176305589999998
779,Si,sc4,1.1000000238418579,8.8719338679999993,19.215437390999998,6.7480072699999996
780,Si,sc4,1.1000000238418579,14.32732933,19.272663194,10.76517789
781,Si,sc4,0.72500002384185791,11.926113260999999,18.784967414,2.635203599
782,Si,sc4,1.1000000238418579,11.46005577,19.271091057,11.74806401
783,Si,sc4,1.1000000238418579,8.9721786780000006,19.331912995,3.687445367
784,Si,sc4,1.1000000238418579,14.454397945,18.598972099000001,7.7090009019999997
785,Si,sc4,1.1000000238418579,10.577119651,16.742234030999999,7.1888972430000004
786,Si,sc4,1.1000000238418579,16.013427748000002,16.806935295999999,11.408798494999999
787,Si,sc4,1.1000000238418579,13.674032548,16.304111596999999,3.2196045569999998
788,H,hoy,0.40000000596046448,16.320839758000002,16.176863634,0.264968337
789,O,oc23,-0.55000001192092896,10.771062819000001,15.808625927,23.446579171
790,O,oc23,-0.55000001192092896,16.73209022,16.093767933999999,15.513861425
791,O,oc23,-0.55000001192092896,13.505518871,14.613597392000001,18.712856419000001
792,O,oc23,-0.55000001192092896,8.8030110350000008,20.687014274999999,19.0974608
793,O,oc23,-0.55000001192092896,14.365074785999999,20.870737798,23.018577805
794,O,oc23,-0.55000001192092896,12.651879708999999,19.886962892,15.034433994
795,O,oc23,-0.55000001192092896,12.593598947,19.192171839,23.883193532
796,O,oc23,-0.55000001192092896,10.322556418,19.284155415000001,15.800922965
797,O,oc23,-0.55000001192092896,15.532388006,18.872792634,19.813364352000001
798,O,oc23,-0.55000001192092896,10.572090108999999,16.592745622999999,21.085255823000001
799,O,oc23,-0.55000001192092896,16.396520930000001,16.589917858,12.899546317
800,O,oc23,-0.55000001192092896,13.419280833,16.641446484999999,17.009921429999999
801,O,oc23,-0.55000001192092896,10.288938957999999,18.334407393999999,22.952513317000001
802,O,oc23,-0.55000001192092896,8.0699351529999994,18.454164704,14.718161237
803,O,oc23,-0.55000001192092896,13.599371636000001,17.125298338,19.562251737
804,O,oc23,-0.55000001192092896,9.6778133779999997,18.141251046000001,19.190082343
805,O,oc23,-0.55000001192092896,15.054362217,18.383909941999999,23.397613273000001
806,O,oc23,-0.55000001192092896,11.861375005999999,17.405898845999999,15.089617386
807,O,oc23,-0.55000001192092896,14.410809921,16.874149898999999,14.584735101
808,O,oc23,-0.55000001192092896,8.4484725760000003,16.438438770000001,22.519070437
809,O,oc23,-0.55000001192092896,11.320150003,16.232215981,18.538235769
810,O,oc23,-0.55000001192092896,8.1291710879999997,18.908391656999999,17.238171581
811,O,oc23,-0.55000001192092896,13.468552994,19.048413922999998,21.375231150000001
812,O,oc23,-0.55000001192092896,11.017725647000001,18.940252949000001,13.275083118
813,Si,sc4,1.1000000238418579,15.974645955,17.028283922,14.461930434999999
814,Si,sc4,1.1000000238418579,10.001297433,16.846655193,22.488500290000001
815,Si,sc4,1.1000000238418579,12.972945371,16.154519074,18.487262358999999
816,Si,sc4,1.1000000238418579,8.4296379459999997,19.151821004999999,18.827498814999998
817,Si,sc4,1.1000000238418579,13.886124315,19.348192426000001,22.900113417
818,Si,sc4,1.1000000238418579,11.433053164,18.829368324000001,14.802297186000001
819,Si,sc4,0.72500002384185791,10.999770182000001,19.296207774999999,23.971280801999999
820,Si,sc4,1.1000000238418579,8.7135656580000003,19.427144961,15.802347526
821,Si,sc4,1.1000000238418579,13.932746913000001,18.690712047000002,19.899380410999999
822,Si,sc4,1.1000000238418579,10.119702912999999,16.638756151999999,19.495926658999998
823,Si,sc4,0.72500002384185791,15.463876840999999,16.844385485,23.408882359
824,Si,sc4,1.1000000238418579,13.121649568,16.471695202999999,15.425061874000001
825,O,oc24,-0.89999997615814209,10.553054297999999,18.95506644,25.502121902999999
826,O,oc24,-0.89999997615814209,15.521647922,16.37436636,25.016476012999998
827,O,oc23,-0.55000001192092896,11.166372758,20.822249330999998,11.376995851
828,O,oc23,-0.55000001192092896,17.02415221,20.99454935,3.1998368460000002
829,O,oc23,-0.55000001192092896,13.874206187,19.606537297999999,6.5690473069999999
830,O,oc23,-0.55000001192092896,9.2424360940000003,25.781233148999998,6.9896643139999997
831,O,oc23,-0.55000001192092896,14.829862820000001,25.959646804999998,10.962143683000001
832,O,oc23,-0.55000001192092896,13.052996631999999,24.853738681999999,2.9895087980000001
833,O,oc23,-0.55000001192092896,13.110565211000001,24.149897946999999,11.739319755
834,O,oc23,-0.55000001192092896,10.568814871000001,24.169217538000002,3.7842119859999999
835,O,oc23,-0.55000001192092896,16.078199198,23.977562529,7.8046665270000002
836,O,oc23,-0.55000001192092896,11.046146583000001,21.530700281000001,8.8409234879999996
837,O,oc24,-0.67500001192092896,16.823931168000001,21.796451898000001,0.63887406000000002
838,O,oc23,-0.55000001192092896,13.886117525,21.575871641999999,4.8970077209999996
839,O,oc23,-0.55000001192092896,10.905464255,23.302159783,10.706237171
840,O,oc23,-0.55000001192092896,8.3773548499999997,23.464189892,2.614541918
841,O,oc23,-0.55000001192092896,14.157306916,22.146328487000002,7.3834019050000004
842,O,oc23,-0.55000001192092896,10.106978172,23.176149321,7.0977007429999999
843,O,oc23,-0.55000001192092896,15.515366526999999,23.427716303,11.135403472
844,O,oc23,-0.55000001192092896,12.235351418,22.295117242,3.0215635870000002
845,O,oc23,-0.55000001192092896,14.73766402,21.817379026000001,2.33268181
846,O,oc23,-0.55000001192092896,8.8329146810000001,21.625619902,10.471186575999999
847,O,oc23,-0.55000001192092896,11.803724383,21.287760274,6.3853011669999997
848,O,oc23,-0.55000001192092896,8.4667318250000001,23.933788392,5.2555424469999998
849,O,oc23,-0.55000001192092896,13.973466086,24.116010576000001,9.2443116100000005
850,O,oc24,-0.67500001192092896,11.175351496999999,23.978820239000001,1.297791863
851,Si,sc4,1.1000000238418579,16.318720955,22.042396665999998,2.2261739359999999
852,Si,sc4,1.1000000238418579,10.422262061,21.783945596999999,10.348706200000001
853,Si,sc4,1.1000000238418579,13.366278889,21.147704690000001,6.3426434870000001
854,Si,sc4,1.1000000238418579,8.8289996849999994,24.175681001000001,6.8001470619999997
855,Si,sc4,1.1000000238418579,14.358364873999999,24.402445692000001,10.750539465999999
856,Si,sc4,1.1000000238418579,11.770074734,23.849211561000001,2.8274087919999999
857,Si,sc4,1.1000000238418579,11.496610481999999,24.322093851000002,11.811085381
858,Si,sc4,1.1000000238418579,8.9626265719999996,24.386759717,3.8011298519999999
859,Si,sc4,1.1000000238418579,14.470467584,23.716702238,7.7729936970000004
860,Si,sc4,1.1000000238418579,10.600173059999999,21.648677224,7.3168828320000001
861,Si,sc4,1.1000000238418579,15.882096092999999,21.824121517999998,11.449862713
862,Si,sc4,1.1000000238418579,13.480980741,21.348373981999998,3.3433997070000001
863,H,hoy,0.40000000596046448,10.239579654,23.869223637000001,1.3761578649999999
864,O,oc23,-0.55000001192092896,10.507116472,20.788640989000001,23.631820327
865,O,oc23,-0.55000001192092896,16.640147675000001,21.123075231000001,15.472473881000001
866,O,oc23,-0.55000001192092896,13.279129498,19.646469588999999,18.862346505000001
867,O,oc23,-0.55000001192092896,8.8794258740000007,25.784481539000002,19.274608212
868,O,oc23,-0.55000001192092896,14.461573844,25.798106037,22.747449919000001
869,O,oc23,-0.55000001192092896,12.515551611999999,24.877633089,15.155035223
870,O,oc23,-0.55000001192092896,12.740055221,24.071888693999998,23.739532949000001
871,O,oc23,-0.55000001192092896,9.9652496989999992,24.274931809000002,15.837194251
872,O,oc23,-0.55000001192092896,15.527422842,23.832057562999999,19.792185109999998
873,O,oc23,-0.55000001192092896,10.463709511999999,21.515678560000001,21.026184809
874,O,oc23,-0.55000001192092896,16.231166433999999,21.635575383999999,12.978954962
875,O,oc23,-0.55000001192092896,13.387880646999999,21.513023624999999,16.976629560999999
876,O,oc23,-0.55000001192092896,10.355262524,23.367804329999998,22.990532489
877,O,oc23,-0.55000001192092896,7.6599087729999997,23.399977967000002,14.86233914
878,O,oc23,-0.55000001192092896,13.586272192999999,22.158730673000001,19.450004842999999
879,O,oc23,-0.55000001192092896,9.5281201220000007,23.194069605999999,19.261459014
880,O,oc23,-0.55000001192092896,15.218737711999999,23.303731920000001,23.107248026000001
881,O,oc23,-0.55000001192092896,11.689877679,22.37581891,15.219999441000001
882,O,oc23,-0.55000001192092896,14.213869648999999,21.99656105,14.613298702
883,O,oc23,-0.55000001192092896,8.3051245900000001,21.67061635,22.541286249999999
884,O,oc23,-0.55000001192092896,11.204818577999999,21.363395702999998,18.501577458
885,O,oc23,-0.55000001192092896,7.9379619799999999,24.194055228,17.393618570000001
886,O,oc23,-0.55000001192092896,13.457961407000001,23.823953246999999,21.241222062999999
887,O,oc23,-0.55000001192092896,10.938138172,23.969947553000001,13.298789121
888,Si,sc4,1.1000000238418579,15.813544439999999,22.146468000999999,14.429481141
889,Si,sc4,1.1000000238418579,9.9385850779999991,21.780626409,22.560589240999999
890,Si,sc4,1.1000000238418579,12.866648073,21.137014155999999,18.489852820999999
891,Si,sc4,1.1000000238418579,8.3662174319999991,24.266163238000001,18.917983517
892,Si,sc4,1.1000000238418579,13.950794418999999,24.259664376,22.715713870999998
893,Si,sc4,1.1000000238418579,11.258113617999999,23.913071577,14.895437014000001
894,Si,sc4,1.1000000238418579,11.193982932999999,24.342321325,23.973483273999999
895,Si,sc4,1.1000000238418579,8.3558545629999994,24.441711647000002,15.853645224999999
896,Si,sc4,1.1000000238418579,13.959735562000001,23.617590944,19.756690768999999
897,Si,sc4,1.1000000238418579,10.011356516999999,21.691680909999999,19.483879662
898,Si,sc4,0.72500002384185791,15.557547285,21.817587255999999,23.515558410000001
899,Si,sc4,1.1000000238418579,12.986014448000001,21.44811413,15.466255422
900,O,oc24,-0.67500001192092896,10.700957037,23.930365088999999,25.541501934999999
901,O,oc24,-0.89999997615814209,15.662096125,21.702371445000001,25.177688805999999
902,H,hoy,0.40000000596046448,9.7791625950000007,23.794026514999999,25.533066861999998
903,O,oc23,-0.55000001192092896,11.212141592,25.845374275000001,11.417089129000001
904,O,oc23,-0.55000001192092896,16.961270862999999,26.04265358,3.4595583529999998
905,O,oc23,-0.55000001192092896,13.807953034000001,24.701805652000001,6.6744281269999997
906,O,oc23,-0.55000001192092896,9.3090312560000008,30.693823295000001,7.2215414969999996
907,O,oc23,-0.55000001192092896,14.708329719,30.978371846000002,11.026524950000001
908,O,oc23,-0.55000001192092896,13.080764986,29.810940049999999,3.082628841
909,O,oc23,-0.55000001192092896,13.006883715000001,28.969246807000001,11.741780886000001
910,O,oc23,-0.55000001192092896,10.579447323,29.144341273999999,3.7314178220000001
911,O,oc23,-0.55000001192092896,16.045425443999999,28.868213549,7.7855594610000001
912,O,oc23,-0.55000001192092896,10.917076462000001,26.666456901,8.9119758690000008
913,O,oc24,-0.67500001192092896,16.816809335999999,26.611677801999999,0.90064108099999995
914,O,oc23,-0.55000001192092896,13.796264504,26.43969221,4.839038425
915,O,oc23,-0.55000001192092896,10.688266496000001,28.428169150999999,10.824247937999999
916,O,oc23,-0.55000001192092896,8.2346828349999992,28.558094339,2.790198416
917,O,oc23,-0.55000001192092896,13.971721087000001,27.167358635999999,7.4363191259999999
918,O,oc23,-0.55000001192092896,10.042612104,28.171535931000001,6.917380885
919,O,oc23,-0.55000001192092896,15.584674120000001,28.443505300000002,11.405688783
920,O,oc23,-0.55000001192092896,12.214389417,27.354924006000001,2.9184689640000001
921,O,oc23,-0.55000001192092896,14.660431126000001,26.773289368,2.4517228750000002
922,O,oc23,-0.55000001192092896,8.8047653389999994,26.519273599999998,10.527083212999999
923,O,oc23,-0.55000001192092896,11.712965289,26.145502605000001,6.4034175070000003
924,O,oc23,-0.55000001192092896,8.4796939610000006,29.378616825000002,5.2655944789999998
925,O,oc23,-0.55000001192092896,13.896999443,29.071816803000001,9.3083039220000003
926,O,oc24,-0.89999997615814209,11.353431489,29.061930036,1.236771971
927,Si,sc4,1.1000000238418579,16.257290881999999,27.061608966000001,2.4064937949999998
928,Si,sc4,1.1000000238418579,10.384053635000001,26.865551972999999,10.423062288000001
929,Si,sc4,1.1000000238418579,13.315626245000001,26.144977865000001,6.342688849
930,Si,sc4,1.1000000238418579,8.9070702500000003,29.241251575,6.7624507329999997
931,Si,sc4,1.1000000238418579,14.325077855,29.385673744000002,10.857021522
932,Si,sc4,0.72500002384185791,11.81192656,28.87300076,2.836768089
933,Si,sc4,1.1000000238418579,11.50497964,29.395420995999999,11.859274334
934,Si,sc4,1.1000000238418579,9.0125799840000003,29.509974635999999,3.78055238
935,Si,sc4,1.1000000238418579,14.431071432,28.678865729999998,7.8335539360000004
936,Si,sc4,1.1000000238418579,10.475422309000001,26.654019315999999,7.3696055749999996
937,Si,sc4,1.1000000238418579,16.089573759,26.909047081000001,11.502261647999999
938,Si,sc4,1.1000000238418579,13.441051205999999,26.385402452000001,3.3242019169999999
939,H,hoy,0.40000000596046448,16.901504211999999,27.483836290999999,0.49740016599999998
940,O,oc23,-0.55000001192092896,10.835563679,25.829130243000002,23.601120850000001
941,O,oc23,-0.55000001192092896,16.677984418000001,26.059491068,15.617947015
942,O,oc23,-0.55000001192092896,13.157569174000001,24.556125773000002,18.781318337999998
943,O,oc23,-0.55000001192092896,8.8217088609999994,30.645053717,19.126801347000001
944,O,oc23,-0.55000001192092896,14.402223234999999,30.916639943,23.172082913000001
945,O,oc23,-0.55000001192092896,12.650543108000001,29.939328499999998,15.302258173
946,O,oc23,-0.55000001192092896,12.596292424,29.072760084999999,23.664529246000001
947,O,oc23,-0.55000001192092896,10.167260252,29.181129290000001,15.868477644
948,O,oc23,-0.55000001192092896,15.676677271000001,28.774797349,19.736936088
949,O,oc23,-0.55000001192092896,10.466039196000001,26.611677801999999,21.20125908
950,O,oc23,-0.55000001192092896,16.481240297999999,26.622611966000001,13.045474036
951,O,oc23,-0.55000001192092896,13.449887734000001,26.486610623000001,17.015943963000002
952,O,oc23,-0.55000001192092896,10.135362896,28.338736393000001,23.282061706
953,O,oc23,-0.55000001192092896,7.7426688830000003,28.453323350000002,14.854631456
954,O,oc23,-0.55000001192092896,13.653510883999999,27.158065325999999,19.465873832
955,O,oc23,-0.55000001192092896,9.6458496319999991,28.284550750000001,19.456351666
956,O,oc23,-0.55000001192092896,15.205364914,28.404936915,23.181473818000001
957,O,oc23,-0.55000001192092896,11.840820274,27.375851134000001,15.034563324000001
958,O,oc23,-0.55000001192092896,14.320163615,26.66097212,14.473718772
959,O,oc23,-0.55000001192092896,8.4275798579999996,26.405979753,22.953096266999999
960,O,oc23,-0.55000001192092896,11.319779828,26.433788885999999,18.625935048999999
961,O,oc23,-0.55000001192092896,8.0501911830000008,28.964844822,17.401133224999999
962,O,oc23,-0.55000001192092896,13.571923914999999,29.155625264000001,21.210908645
963,O,oc23,-0.55000001192092896,11.034264793,29.109092078,13.359090701
964,Si,sc4,1.1000000238418579,15.921519153,26.954847298000001,14.455000661
965,Si,sc4,1.1000000238418579,9.9078364689999994,26.840887114000001,22.783915199999999
966,Si,sc4,1.1000000238418579,12.873550491,26.163110543999998,18.451055739000001
967,Si,sc4,1.1000000238418579,8.4067877309999997,29.113773090999999,18.917595527
968,Si,sc4,1.1000000238418579,13.968099439,29.417324723,22.740520145000001
969,Si,sc4,1.1000000238418579,11.449354916000001,28.955201684999999,14.879049739999999
970,Si,sc4,0.72500002384185791,11.100183983999999,29.430705590999999,23.974583544000001
971,Si,sc4,1.1000000238418579,8.583718975,29.393080489999999,15.894450784
972,Si,sc4,1.1000000238418579,14.126612122999999,28.687005446000001,19.766017975
973,Si,sc4,1.1000000238418579,10.092227531000001,26.737933975000001,19.635182299
974,Si,sc4,1.1000000238418579,15.632798791000001,26.798966225000001,23.304601809000001
975,Si,sc4,1.1000000238418579,13.033950008,26.352668676,15.422730072
976,O,oc24,-0.89999997615814209,10.896926104,29.265287577999999,25.586582141000001
977,O,oc24,-0.67500001192092896,15.862823390999999,26.33520025,24.850728948
978,H,hoy,0.40000000596046448,15.533832908999999,27.127481247999999,25.312926578999999
979,O,oc23,-0.55000001192092896,11.268846661,30.990213894,11.474993277999999
980,O,oc23,-0.55000001192092896,17.012068735,30.984972741,3.3829677029999998
981,O,oc23,-0.55000001192092896,13.690935832999999,29.697785716999999,6.7794856230000002
982,O,oc23,-0.55000001192092896,12.931031304999999,34.082148347999997,11.828443596
983,O,oc23,-0.55000001192092896,10.456048513000001,34.316430928000003,3.7000367079999998
984,O,oc23,-0.55000001192092896,16.061930389,33.846988860000003,7.6629492729999997
985,O,oc23,-0.55000001192092896,11.00453014,31.637003738000001,9.0183932599999999
986,O,oc24,-0.89999997615814209,16.62246129,31.314446942,0.76667711400000005
987,O,oc23,-0.55000001192092896,13.868437930000001,31.447899548999999,4.9528392099999996
988,O,oc23,-0.55000001192092896,10.602703926,33.519649409000003,10.871012329999999
989,O,oc23,-0.55000001192092896,8.1006837619999992,33.518957694000001,2.7729371980000002
990,O,oc23,-0.55000001192092896,14.008828797,32.117154104999997,7.5149498609999998
991,O,oc23,-0.55000001192092896,9.9475638170000007,33.269303696999998,7.3117014259999999
992,O,oc23,-0.55000001192092896,15.350082947000001,33.439403243999998,11.399924909999999
993,O,oc23,-0.55000001192092896,12.168152934,32.330196039999997,3.1602623360000002
994,O,oc23,-0.55000001192092896,14.668936836,31.749165568999999,2.4808240650000002
995,O,oc23,-0.55000001192092896,8.9629303559999993,31.549561660999998,10.55804328
996,O,oc23,-0.55000001192092896,11.706889602,31.415794628,6.4835509800000004
997,O,oc23,-0.55000001192092896,8.4351744659999994,33.964891882000003,5.2864441229999999
998,O,oc23,-0.55000001192092896,13.885098163,34.135994056000001,9.2742997720000009
999,O,oc24,-0.67500001192092896,11.210353086,33.952129978000002,1.23789251
1000,Si,sc4,0.72500002384185791,16.242743686000001,31.851076665000001,2.344994706
1001,Si,sc4,1.1000000238418579,10.470123184,31.903517218000001,10.506615286000001
1002,Si,sc4,1.1000000238418579,13.324476227,31.211004461999998,6.4786929000000004
1003,Si,sc4,1.1000000238418579,8.763653862,34.258525773000002,6.8979500109999998
1004,Si,sc4,1.1000000238418579,14.207605103000001,34.374392043999997,10.854237066
1005,Si,sc4,1.1000000238418579,11.696222949999999,33.856372491000002,2.7949329569999999
1006,Si,sc4,1.1000000238418579,11.34094213,34.441390607999999,11.988036868
1007,Si,sc4,1.1000000238418579,8.8553947219999998,34.476951368000002,3.812186123
1008,Si,sc4,1.1000000238418579,14.458576489,33.697134357000003,7.8071923239999999
1009,Si,sc4,1.1000000238418579,10.483793478999999,31.771802015999999,7.5123589170000002
1010,Si,sc4,1.1000000238418579,15.861169426,31.918167655000001,11.426156710000001
1011,Si,sc4,1.1000000238418579,13.447589108000001,31.360038929000002,3.4605104729999998
1012,H,hoy,0.40000000596046448,10.625144034,34.691186905000002,1.152583234
1013,O,oc23,-0.55000001192092896,10.638616868,30.965165892000002,23.576961226000002
1014,O,oc23,-0.55000001192092896,16.645851679,31.023961750000002,15.462823351000001
1015,O,oc23,-0.55000001192092896,13.529172807,29.717488452000001,18.718427261999999
1016,O,oc23,-0.55000001192092896,12.710676879999999,34.095731200000003,23.744974461999998
1017,O,oc23,-0.55000001192092896,10.195813968,34.272898077000001,15.877415894
1018,O,oc23,-0.55000001192092896,15.621491625999999,33.735880907999999,19.802612585999999
1019,O,oc23,-0.55000001192092896,10.428303547000001,31.439341290000002,21.015174383000002
1020,O,oc23,-0.55000001192092896,16.304646033000001,31.716376898,12.906866011
1021,O,oc23,-0.55000001192092896,13.391225543999999,31.780331450999999,17.056879816999999
1022,O,oc23,-0.55000001192092896,10.39768973,33.427444848,22.847713515999999
1023,O,oc23,-0.55000001192092896,8.0562326689999999,33.444423411999999,14.864347616
1024,O,oc23,-0.55000001192092896,13.50234611,32.164148977000004,19.694187682999999
1025,O,oc23,-0.55000001192092896,9.7516631510000007,33.204551154999997,19.215861488000002
1026,O,oc23,-0.55000001192092896,15.080486664,33.377096235000003,23.545352576999999
1027,O,oc23,-0.55000001192092896,11.850235575999999,32.409761031999999,14.972643188999999
1028,O,oc23,-0.55000001192092896,14.315795960999999,31.794916202,14.486154724
1029,O,oc23,-0.55000001192092896,8.3729670780000003,31.568985367,22.540380939999999
1030,O,oc23,-0.55000001192092896,11.354950410000001,31.245066745999999,18.523468980000001
1031,O,oc23,-0.55000001192092896,8.1243105389999997,34.180780972999997,17.430537472000001
1032,O,oc23,-0.55000001192092896,13.575498285,34.062437805000002,21.325358010999999
1033,O,oc23,-0.55000001192092896,10.837859162000001,34.109352313000002,13.456439547
1034,Si,sc4,1.1000000238418579,15.912439824,32.032692972,14.405969132999999
1035,Si,sc4,1.1000000238418579,9.9737898610000002,31.867000143999999,22.491478742000002
1036,Si,sc4,1.1000000238418579,12.980208973,31.210165294999999,18.560387881
1037,Si,sc4,1.1000000238418579,8.5860808479999999,34.301936288999997,18.975176350000002
1038,Si,sc4,1.1000000238418579,13.970337208,34.343317081000002,22.826470573999998
1039,Si,sc4,1.1000000238418579,11.36622262,33.941034434999999,14.913119519
1040,Si,sc4,1.1000000238418579,11.152770865000001,34.368431977,23.853270035000001
1041,Si,sc4,1.1000000238418579,8.6784634779999994,34.491596192999999,15.929231879
1042,Si,sc4,1.1000000238418579,14.066981369000001,33.676819426000002,19.916737660999999
1043,Si,sc4,1.1000000238418579,10.107686331,31.601894056999999,19.49638028
1044,Si,sc4,0.72500002384185791,15.626858399,31.868986904,23.626573774000001
1045,Si,sc4,1.1000000238418579,13.059760675,31.505683409,15.476813193
1046,O,oc24,-0.67500001192092896,10.619579046,33.893910396000003,25.374395938999999
1047,O,oc24,-0.89999997615814209,15.931577483,31.587361676,25.251009287999999
1048,O,oc23,-0.55000001192092896,19.570150689999998,0.87291167000000003,11.459966864
1049,O,oc23,-0.55000001192092896,25.290049269000001,1.0414390790000001,3.558300392
1050,O,oc23,-0.55000001192092896,17.679797787999998,5.7916157129999997,6.9156966989999997
1051,O,oc23,-0.55000001192092896,23.089677904999999,5.8535902039999996,11.127501793
1052,O,oc23,-0.55000001192092896,21.472351182000001,4.8549325699999999,2.8540551239999998
1053,O,oc23,-0.55000001192092896,21.355431427999999,4.0292735669999997,11.675715433000001
1054,O,oc23,-0.55000001192092896,19.001890389,4.4454219970000004,3.64136792
1055,O,oc23,-0.55000001192092896,24.426015175,3.8838383580000002,7.724221794
1056,O,oc23,-0.55000001192092896,19.296956524999999,1.608751909,8.9176760420000001
1057,O,oc24,-0.67500001192092896,25.104511471999999,1.513658416,0.98598859299999997
1058,O,oc23,-0.55000001192092896,22.176094773999999,1.6507789960000001,4.9877308149999999
1059,O,oc23,-0.55000001192092896,19.005232017000001,3.3374513549999998,10.776966226000001
1060,O,oc23,-0.55000001192092896,16.760712338000001,3.5882166500000001,2.6844612130000001
1061,O,oc23,-0.55000001192092896,22.483007492999999,2.0706307979999998,7.469545847
1062,O,oc23,-0.55000001192092896,18.505152188,3.3144294319999998,7.1703731279999996
1063,O,oc23,-0.55000001192092896,23.944633674999999,3.4483708580000001,11.171027143
1064,O,oc23,-0.55000001192092896,20.616079181,2.3802263099999998,2.9984470480000001
1065,O,oc23,-0.55000001192092896,23.063182276999999,1.9068541590000001,2.538482342
1066,O,oc23,-0.55000001192092896,17.182249831,1.4802952650000001,10.52170733
1067,O,oc23,-0.55000001192092896,20.144115499000002,1.298213115,6.5101065880000002
1068,O,oc23,-0.55000001192092896,16.843304964000001,4.0076139900000003,5.2540006200000002
1069,O,oc23,-0.55000001192092896,22.302127053,4.0782180590000001,9.2706727400000002
1070,O,oc24,-0.89999997615814209,19.506662277,3.9172712669999998,1.219271035
1071,Si,sc4,1.1000000238418579,24.651988479,1.994856376,2.4683688099999999
1072,Si,sc4,1.1000000238418579,18.761200142,1.784650665,10.433943384000001
1073,Si,sc4,1.1000000238418579,21.760092293,1.1538607030000001,6.37292988
1074,Si,sc4,1.1000000238418579,17.240742903000001,4.2575755170000003,6.778513717
1075,Si,sc4,1.1000000238418579,22.684949645,4.349210308,10.783377715
1076,Si,sc4,0.72500002384185791,20.188432302999999,3.9219876789999999,2.6816371860000001
1077,Si,sc4,1.1000000238418579,19.769561473,4.370625735,11.691649087
1078,Si,sc4,1.1000000238418579,17.359788644000002,4.5724814169999997,3.8244213239999998
1079,Si,sc4,1.1000000238418579,22.822998505000001,3.6246189200000001,7.798772359
1080,Si,sc4,1.1000000238418579,18.885072735000001,1.7935243919999999,7.4282876330000001
1081,Si,sc4,1.1000000238418579,24.435465685,1.874259898,11.391245318999999
1082,Si,sc4,1.1000000238418579,21.848018748000001,1.434215499,3.4498752490000002
1083,H,hoy,0.40000000596046448,25.604064674,2.2551598359999998,0.73119671200000003
1084,O,oc23,-0.55000001192092896,19.379617049,0.91825742399999999,23.585056900000001
1085,O,oc23,-0.55000001192092896,25.027015281000001,1.023482354,15.457706128
1086,O,oc23,-0.55000001192092896,17.289245794999999,5.7436842610000003,19.217739669
1087,O,oc23,-0.55000001192092896,22.891044185999998,5.9021505110000003,22.69699383
1088,O,oc23,-0.55000001192092896,20.985400973000001,4.9805244890000004,14.873350532
1089,O,oc23,-0.55000001192092896,21.135667597000001,4.2419244200000001,23.780468803000002
1090,O,oc23,-0.55000001192092896,18.537048538000001,4.585826366,15.730906190000001
1091,O,oc23,-0.55000001192092896,24.123050645999999,3.7470670849999999,19.817122644000001
1092,O,oc23,-0.55000001192092896,19.035407257999999,1.8123546420000001,21.115049989999999
1093,O,oc23,-0.55000001192092896,24.826017676999999,1.8141011730000001,12.979473248
1094,O,oc23,-0.55000001192092896,21.807008867,1.4488535570000001,16.978378412000001
1095,O,oc23,-0.55000001192092896,18.687686845999998,3.4720570350000002,23.291000920999998
1096,O,oc23,-0.55000001192092896,16.234440415000002,3.6606021270000002,14.723472455
1097,O,oc23,-0.55000001192092896,22.160972953000002,2.1378459219999999,19.506419765
1098,O,oc23,-0.55000001192092896,18.134007690000001,3.2674063840000001,19.169679081999998
1099,O,oc23,-0.55000001192092896,23.536159412,3.4599692759999998,23.230310385999999
1100,O,oc23,-0.55000001192092896,20.168721024,2.44628888,15.044343185000001
1101,O,oc23,-0.55000001192092896,22.680663468999999,1.6777489619999999,14.447292977
1102,O,oc23,-0.55000001192092896,16.975716714000001,1.5476155439999999,22.838839930999999
1103,O,oc23,-0.55000001192092896,19.818908322999999,1.236866437,18.705148735000002
1104,O,oc23,-0.55000001192092896,16.441681942999999,4.2332256060000004,17.326971132000001
1105,O,oc23,-0.55000001192092896,21.907558467000001,4.1319830770000001,21.263955196000001
1106,O,oc23,-0.55000001192092896,19.277042556000001,4.1412061099999997,13.207528439000001
1107,Si,sc4,1.1000000238418579,24.279595144999998,2.0517656689999999,14.43518035
1108,Si,sc4,1.1000000238418579,18.552406245,1.97466378,22.659038358
1109,Si,sc4,1.1000000238418579,21.381995457999999,1.0687583510000001,18.516278616000001
1110,Si,sc4,1.1000000238418579,16.871994981,4.2097841000000003,18.870247218999999
1111,Si,sc4,1.1000000238418579,22.359945663000001,4.354450419,22.744147176999999
1112,Si,sc4,1.1000000238418579,19.694867240000001,4.0102340449999998,14.701256643000001
1113,Si,sc4,0.72500002384185791,19.583516699,4.5690575940000002,24.092466911999999
1114,Si,sc4,1.1000000238418579,16.905207563000001,4.6496181859999997,15.842505469000001
1115,Si,sc4,1.1000000238418579,22.509435724999999,3.7164983810000001,19.813754272000001
1116,Si,sc4,1.1000000238418579,18.538702754999999,1.7712010810000001,19.593146175000001
1117,Si,sc4,0.72500002384185791,23.99155025,1.926487657,23.469765924000001
1118,Si,sc4,1.1000000238418579,21.394685999,1.337095927,15.377002251
1119,O,oc24,-0.89999997615814209,19.269279457,4.504707196,25.685291847999999
1120,O,oc24,-0.89999997615814209,24.581378737000001,1.824302367,25.085974502999999
1121,O,oc23,-0.55000001192092896,19.562657679000001,5.9331028779999997,11.24421733
1122,O,oc23,-0.55000001192092896,25.417634670000002,6.078328816,3.1200918459999998
1123,O,oc23,-0.55000001192092896,22.132553022,4.6227528549999999,6.7103109410000004
1124,O,oc23,-0.55000001192092896,17.741531393999999,10.902358689,6.9884337480000003
1125,O,oc23,-0.55000001192092896,23.29108089,10.963320141000001,10.870040424999999
1126,O,oc23,-0.55000001192092896,21.631292760000001,9.8001174990000006,2.8717569319999998
1127,O,oc23,-0.55000001192092896,21.495066606000002,9.0187912099999998,11.541317391
1128,O,oc23,-0.55000001192092896,19.144124331,9.3497677909999997,3.5271265440000001
1129,O,oc23,-0.55000001192092896,24.413222032,8.9766246089999999,7.7158018290000001
1130,O,oc23,-0.55000001192092896,19.330304400999999,6.7379404310000002,8.8040045869999997
1131,O,oc24,-0.89999997615814209,25.252314626,6.8088938050000003,0.62325860300000002
1132,O,oc23,-0.55000001192092896,22.412296155,6.4227549809999998,4.8311878979999996
1133,O,oc23,-0.55000001192092896,19.005772189999998,8.4288752599999999,10.726056517
1134,O,oc23,-0.55000001192092896,16.717711262000002,8.6020842030000004,2.625947815
1135,O,oc23,-0.55000001192092896,22.473051011999999,7.1726052039999999,7.3712897609999999
1136,O,oc23,-0.55000001192092896,18.516898180999998,8.3451709140000006,6.8899831840000001
1137,O,oc23,-0.55000001192092896,24.034719815999999,8.4104645930000004,11.085465669
1138,O,oc23,-0.55000001192092896,20.796352555999999,7.393151102,3.1111147479999999
1139,O,oc23,-0.55000001192092896,23.179292275000002,6.7870244360000003,2.2197552090000001
1140,O,oc23,-0.55000001192092896,17.250565095999999,6.4976563990000002,10.511732509
1141,O,oc23,-0.55000001192092896,20.158426557999999,6.3095298499999997,6.3661419830000003
1142,O,oc23,-0.55000001192092896,16.923906393999999,9.2789185320000005,5.0706757680000001
1143,O,oc23,-0.55000001192092896,22.370712907000001,9.2261321949999999,9.1639320239999993
1144,O,oc24,-0.67500001192092896,19.826164945999999,8.7102784950000007,1.163380912
1145,Si,sc4,0.72500002384185791,24.720776520000001,7.0923585190000002,2.1657174499999998
1146,Si,sc4,1.1000000238418579,18.782093363000001,6.9174379239999997,10.309390832
1147,Si,sc4,1.1000000238418579,21.802857483,6.1561995960000004,6.2914818730000004
1148,Si,sc4,1.1000000238418579,17.292654818999999,9.3775061270000002,6.6410069280000004
1149,Si,sc4,1.1000000238418579,22.797920202,9.4165982100000001,10.707726396
1150,Si,sc4,1.1000000238418579,20.334176866,8.8207091779999995,2.6168346310000001
1151,Si,sc4,1.1000000238418579,19.955977931,9.3418019480000005,11.707647406
1152,Si,sc4,1.1000000238418579,17.514612032999999,9.6015804839999994,3.5980691390000001
1153,Si,sc4,1.1000000238418579,22.806459359000002,8.7147845949999994,7.6556305440000001
1154,Si,sc4,1.1000000238418579,18.897426295999999,6.8087199329999999,7.2258808099999996
1155,Si,sc4,1.1000000238418579,24.375791173,6.8301697189999997,11.394613691
1156,Si,sc4,1.1000000238418579,21.977425848999999,6.3514528209999996,3.2470218019999999
1157,H,hoy,0.40000000596046448,20.258666115,7.9293549649999999,0.87245556400000002
1158,O,oc23,-0.55000001192092896,19.270899473,6.0215246789999997,23.678456354000001
1159,O,oc23,-0.55000001192092896,24.967036985,6.1606359380000004,15.447019026
1160,O,oc23,-0.55000001192092896,21.938307076000001,4.6238361729999999,18.617710043999999
1161,O,oc23,-0.55000001192092896,17.344566231999998,10.684432326,19.183735519999999
1162,O,oc23,-0.55000001192092896,22.753637095999999,10.922795434999999,22.928353692999998
1163,O,oc23,-0.55000001192092896,21.034207649999999,9.9327319789999997,15.199921434
1164,O,oc23,-0.55000001192092896,21.104345621,9.0973606020000002,23.822827286999999
1165,O,oc23,-0.55000001192092896,18.566042339999999,9.4347298479999999,15.745349653
1166,O,oc23,-0.55000001192092896,24.070159982,8.9127281539999998,19.919781743000001
1167,O,oc23,-0.55000001192092896,19.029534260999998,6.6918268279999999,21.117445492000002
1168,O,oc23,-0.55000001192092896,24.746698780999999,6.6902546909999998,12.929794104000001
1169,O,oc23,-0.55000001192092896,21.814940454999999,6.5151935400000003,16.891520742000001
1170,O,oc23,-0.55000001192092896,18.721642289999998,8.4504302019999997,23.079332040000001
1171,O,oc23,-0.55000001192092896,16.379543208000001,8.6005120660000003,14.65345568
1172,O,oc23,-0.55000001192092896,22.073587675999999,7.1106296709999999,19.484979933000002
1173,O,oc23,-0.55000001192092896,18.215014500999999,8.2372202510000001,19.134445331999999
1174,O,oc23,-0.55000001192092896,23.560292161,8.4407537480000006,23.160360206
1175,O,oc23,-0.55000001192092896,20.174458726000001,7.4280858700000003,15.115007575
1176,O,oc23,-0.55000001192092896,22.616836568,6.9350448220000001,14.469250129000001
1177,O,oc23,-0.55000001192092896,16.890727511000001,6.5310544290000001,22.769665731
1178,O,oc23,-0.55000001192092896,19.812056578,6.2090567310000004,18.645301740000001
1179,O,oc23,-0.55000001192092896,16.471148019000001,9.0229485250000003,17.318161246999999
1180,O,oc23,-0.55000001192092896,21.835158208999999,9.0162414319999993,21.365450324000001
1181,O,oc23,-0.55000001192092896,19.417352194999999,9.0704957919999991,13.265561916999999
1182,Si,sc4,1.1000000238418579,24.222789484,7.087711863,14.367496341000001
1183,Si,sc4,1.1000000238418579,18.470488584000002,6.9451065019999998,22.636110264999999
1184,Si,sc4,1.1000000238418579,21.439341291000002,6.1387322109999998,18.396065376999999
1185,Si,sc4,1.1000000238418579,16.935787682000001,9.2069521180000002,18.904382629000001
1186,Si,sc4,1.1000000238418579,22.273066358000001,9.3637067159999994,22.816819078999998
1187,Si,sc4,1.1000000238418579,19.816207962,8.970126788,14.805406897999999
1188,Si,sc4,1.1000000238418579,19.528500046000001,9.3985019699999999,24.043435383999999
1189,Si,sc4,1.1000000238418579,16.974299388999999,9.4935954640000002,15.849630203
1190,Si,sc4,1.1000000238418579,22.483243882,8.6576660299999997,19.867447472999999
1191,Si,sc4,1.1000000238418579,18.569619852999999,6.7459760309999997,19.554156063000001
1192,Si,sc4,1.1000000238418579,24.062430581000001,6.906118534,23.276102872999999
1193,Si,sc4,1.1000000238418579,21.38361497,6.4101789230000001,15.352519301999999
1194,O,oc24,-0.67500001192092896,19.211393450999999,9.1818343589999998,25.626674454
1195,O,oc24,-0.67500001192092896,24.292927455000001,6.6368384569999996,24.841855363000001
1196,H,hoy,0.40000000596046448,19.297157890000001,10.061980016,25.952016836999999
1197,H,hoy,0.40000000596046448,23.689170154999999,7.2476052490000002,25.251785435999999
1198,O,oc23,-0.55000001192092896,19.621015959000001,10.898131617000001,11.347719969
1199,O,oc23,-0.55000001192092896,25.618598072000001,11.009679455000001,3.4395249849999998
1200,O,oc23,-0.55000001192092896,22.234756336,9.6893026310000003,6.5792161230000001
1201,O,oc23,-0.55000001192092896,17.692286643999999,15.820014033,7.1533382379999999
1202,O,oc23,-0.55000001192092896,23.283553677,15.919021211,11.084882717999999
1203,O,oc23,-0.55000001192092896,21.504145935,14.858771709000001,3.1187901
1204,O,oc23,-0.55000001192092896,21.542758736,13.961879782,11.589959964
1205,O,oc23,-0.55000001192092896,19.022547221,14.148050009,3.6463488160000002
1206,O,oc23,-0.55000001192092896,24.614827204000001,13.687847893000001,7.6611357570000003
1207,O,oc23,-0.55000001192092896,19.440169216000001,11.728506512999999,8.879849901
1208,O,oc24,-0.89999997615814209,25.546300416000001,11.740908699,0.82743792400000005
1209,O,oc23,-0.55000001192092896,22.40112353,11.628207266,4.8878556900000003
1210,O,oc23,-0.55000001192092896,19.174805544000002,13.417694291,10.746653774
1211,O,oc23,-0.55000001192092896,16.632047095000001,13.540595876999999,2.6060116849999999
1212,O,oc23,-0.55000001192092896,22.426742006000001,12.181791223999999,7.400306982
1213,O,oc23,-0.55000001192092896,18.598140877999999,13.415109114,6.8401751930000003
1214,O,oc23,-0.55000001192092896,24.003903811000001,13.395755165000001,11.347461309
1215,O,oc23,-0.55000001192092896,20.759325066999999,12.313182351,2.9879220919999998
1216,O,oc23,-0.55000001192092896,23.310454686,11.752716388,2.3744973979999999
1217,O,oc23,-0.55000001192092896,17.313986112999999,11.572416168,10.454605305999999
1218,O,oc23,-0.55000001192092896,20.208717955000001,11.409862361,6.2999278969999999
1219,O,oc23,-0.55000001192092896,16.860923953,14.394797504,5.1090843780000004
1220,O,oc23,-0.55000001192092896,22.517806895,14.080205510000001,9.2515656740000001
1221,O,oc24,-0.67500001192092896,19.976735858000001,14.144312278999999,1.2185392100000001
1222,Si,sc4,0.72500002384185791,24.933587511999999,12.001630518000001,2.3914348080000001
1223,Si,sc4,1.1000000238418579,18.867926019999999,11.886622936,10.336464243
1224,Si,sc4,1.1000000238418579,21.800798389000001,11.222993520999999,6.339204176
1225,Si,sc4,1.1000000238418579,17.283946669999999,14.334254595000001,6.6519531719999998
1226,Si,sc4,1.1000000238418579,22.879804166,14.35801157,10.764270649
1227,Si,sc4,1.1000000238418579,20.291108393999998,13.851135712,2.7306940489999998
1228,Si,sc4,1.1000000238418579,19.988042771,14.375863139,11.771575052999999
1229,Si,sc4,1.1000000238418579,17.465738464000001,14.471305417,3.6052587790000001
1230,Si,sc4,1.1000000238418579,23.00978564,13.633314505,7.7522675919999999
1231,Si,sc4,1.1000000238418579,19.009451299999998,11.868142512,7.2731630039999997
1232,Si,sc4,1.1000000238418579,24.473201332999999,11.905733256,11.449603088
1233,Si,sc4,1.1000000238418579,22.032139220000001,11.336952664,3.264652189
1234,H,hoy,0.40000000596046448,19.390817719000001,13.46264287,0.97753266299999997
1235,O,oc23,-0.55000001192092896,19.208490902000001,10.946586768,23.773668358999998
1236,O,oc23,-0.55000001192092896,24.885084620000001,11.126956744999999,15.65337669
1237,O,oc23,-0.55000001192092896,21.864320500000002,9.6580358359999998,18.782484238999999
1238,O,oc23,-0.55000001192092896,17.300114133000001,15.684499948999999,19.201675720000001
1239,O,oc23,-0.55000001192092896,22.848482188999998,15.95070759,23.115733621
1240,O,oc23,-0.55000001192092896,21.190144579999998,14.904990467999999,15.036052550000001
1241,O,oc23,-0.55000001192092896,21.109104573,14.126459669000001,23.95010156
1242,O,oc23,-0.55000001192092896,18.741860043999999,14.430746353,15.764392054
1243,O,oc23,-0.55000001192092896,24.026923020000002,13.973408443,19.871528125000001
1244,O,oc23,-0.55000001192092896,19.058797645999999,11.563053099999999,21.201842030000002
1245,O,oc23,-0.55000001192092896,24.600988921999999,11.574861831,13.006675988
1246,O,oc23,-0.55000001192092896,21.78824264,11.610425454,17.034857034000002
1247,O,oc23,-0.55000001192092896,18.757960110999999,13.422166033,23.031856332
1248,O,oc23,-0.55000001192092896,16.433986240999999,13.495949254999999,14.819979691
1249,O,oc23,-0.55000001192092896,22.115407312999999,12.156043567999999,19.605907383000002
1250,O,oc23,-0.55000001192092896,18.274587918000002,13.170387698000001,19.134316000999998
1251,O,oc23,-0.55000001192092896,23.583345569999999,13.4365589,23.188793513
1252,O,oc23,-0.55000001192092896,20.234673913000002,12.406285165,15.157043699999999
1253,O,oc23,-0.55000001192092896,22.609141368,12.011831711999999,14.650605593
1254,O,oc23,-0.55000001192092896,17.010043338999999,11.70646223,22.666228722
1255,O,oc23,-0.55000001192092896,19.838552205999999,11.197525935,18.708646436999999
1256,O,oc23,-0.55000001192092896,16.632485671000001,14.196226131,17.277032363
1257,O,oc23,-0.55000001192092896,21.787398682999999,14.177954979000001,21.442202878
1258,O,oc23,-0.55000001192092896,19.524753539999999,14.069725288000001,13.288232315
1259,Si,sc4,1.1000000238418579,24.202504335,12.038871435000001,14.497554105000001
1260,Si,sc4,1.1000000238418579,18.552912216999999,11.927881653,22.634620074000001
1261,Si,sc4,1.1000000238418579,21.445247985000002,11.115113657,18.563043972999999
1262,Si,sc4,1.1000000238418579,16.995596984999999,14.177569753,18.824649693000001
1263,Si,sc4,1.1000000238418579,22.354612335999999,14.400840342,22.939752109000001
1264,Si,sc4,1.1000000238418579,19.932620738000001,13.948605110999999,14.840641613000001
1265,Si,sc4,0.72500002384185791,19.548583008000001,14.470711961999999,24.004896962
1266,Si,sc4,1.1000000238418579,17.127840245000002,14.538869847000001,15.832530648000001
1267,Si,sc4,1.1000000238418579,22.356840423000001,13.716075568999999,19.976845246
1268,Si,sc4,1.1000000238418579,18.605026321,11.638792645000001,19.600465869000001
1269,Si,sc4,0.72500002384185791,23.948650268000002,11.896754373,23.338542259
1270,Si,sc4,1.1000000238418579,21.380644523000001,11.460483104,15.519884922999999
1271,O,oc24,-0.89999997615814209,18.899012614,14.347529265,25.576996275999999
1272,O,oc24,-0.89999997615814209,24.302378971,11.720122126,24.968870976000002
1273,O,oc23,-0.55000001192092896,19.693516807999998,15.906304598,11.407372969000001
1274,O,oc23,-0.55000001192092896,25.288395555000001,15.957485481000001,3.4462482169999999
1275,O,oc23,-0.55000001192092896,22.395622217,14.633579155,6.6423021589999998
1276,O,oc23,-0.55000001192092896,17.625928877,20.900433497000002,7.0271661649999997
1277,O,oc23,-0.55000001192092896,23.250576980999998,20.853585883000001,10.941093771
1278,O,oc23,-0.55000001192092896,21.358300279000002,19.946423005,2.8424031140000001
1279,O,oc23,-0.55000001192092896,21.426380161000001,19.136938796999999,11.835503664999999
1280,O,oc23,-0.55000001192092896,18.89016917,19.236643547,3.565237164
1281,O,oc23,-0.55000001192092896,24.411669915000001,18.837997380000001,7.7448837150000003
1282,O,oc23,-0.55000001192092896,19.332734675000001,16.855598677,8.8630746360000003
1283,O,oc24,-0.67500001192092896,25.239015511000002,16.399274847000001,0.89014833699999996
1284,O,oc23,-0.55000001192092896,22.226182978000001,16.619576075000001,4.8307154570000002
1285,O,oc23,-0.55000001192092896,19.067134615000001,18.507650694999999,10.873732122
1286,O,oc23,-0.55000001192092896,16.631946000999999,18.395264731000001,2.5053265580000001
1287,O,oc23,-0.55000001192092896,22.487902244000001,17.180181552000001,7.4104757980000002
1288,O,oc23,-0.55000001192092896,18.474167190999999,18.317953049,6.8347341620000002
1289,O,oc23,-0.55000001192092896,23.968125660999998,18.411787790999998,11.426156710000001
1290,O,oc23,-0.55000001192092896,20.608687263,17.393950601,2.830621292
1291,O,oc23,-0.55000001192092896,23.07033831,16.809450716000001,2.376919923
1292,O,oc23,-0.55000001192092896,17.329917690999999,16.661917589000002,10.542692577
1293,O,oc23,-0.55000001192092896,20.154578454999999,16.277595572999999,6.4448185630000001
1294,O,oc23,-0.55000001192092896,16.800202794,19.316995387999999,5.1086046989999998
1295,O,oc23,-0.55000001192092896,22.333821215,18.876426250000002,9.3149750359999999
1296,O,oc24,-0.89999997615814209,19.526947427,19.174459784,1.058155481
1297,Si,sc4,1.1000000238418579,24.696170993999999,16.935811004000001,2.3538487469999998
1298,Si,sc4,1.1000000238418579,18.866103816999999,16.997576225,10.412245857
1299,Si,sc4,1.1000000238418579,21.833875675000002,16.170415362,6.3299483920000004
1300,Si,sc4,1.1000000238418579,17.281009919999999,19.343126186999999,6.6518885069999998
1301,Si,sc4,1.1000000238418579,22.72977393,19.305082543000001,10.851322314000001
1302,Si,sc4,0.72500002384185791,20.112522933000001,18.924741886,2.6569986060000002
1303,Si,sc4,1.1000000238418579,19.830519021000001,19.415057202,11.962452683
1304,Si,sc4,1.1000000238418579,17.27695963,19.447478632999999,3.5432348899999999
1305,Si,sc4,1.1000000238418579,22.807303315999999,18.686624489,7.8145762010000004
1306,Si,sc4,1.1000000238418579,18.899856067999998,16.850184693999999,7.3373502759999996
1307,Si,sc4,1.1000000238418579,24.487681384999998,16.916420615,11.457246107
1308,Si,sc4,1.1000000238418579,21.841875665,16.450734758999999,3.3072256599999998
1309,H,hoy,0.40000000596046448,25.145717624,17.165625374000001,0.31130158899999999
1310,O,oc23,-0.55000001192092896,19.320785992000001,15.984524163,23.56776335
1311,O,oc23,-0.55000001192092896,25.030828679999999,15.959511559999999,15.529147463999999
1312,O,oc23,-0.55000001192092896,21.719927375000001,14.621876622,18.832098718000001
1313,O,oc23,-0.55000001192092896,17.306729489999999,20.769427595,19.253556369999998
1314,O,oc23,-0.55000001192092896,22.999896554999999,20.783541433,22.846288955999999
1315,O,oc23,-0.55000001192092896,21.028537344,19.902159526999998,15.177252000999999
1316,O,oc23,-0.55000001192092896,21.218598710999999,19.183961324999999,23.726839301999998
1317,O,oc23,-0.55000001192092896,18.598850042999999,19.452263761000001,15.862583474999999
1318,O,oc23,-0.55000001192092896,24.083188506999999,19.023049411999999,19.754295268
1319,O,oc23,-0.55000001192092896,18.937355327999999,16.704259102999998,20.964459634000001
1320,O,oc23,-0.55000001192092896,24.789564561999999,16.541006682999999,12.946958324000001
1321,O,oc23,-0.55000001192092896,21.899963859,16.509566017000001,16.944569222999998
1322,O,oc23,-0.55000001192092896,18.798969489000001,18.507371667000001,22.940335059999999
1323,O,oc23,-0.55000001192092896,16.372995246999999,18.598551475000001,14.765184289
1324,O,oc23,-0.55000001192092896,22.174980227999999,17.169107874000002,19.451105113000001
1325,O,oc23,-0.55000001192092896,18.029340906000002,18.290633256,19.177581726
1326,O,oc23,-0.55000001192092896,23.731991676,18.318406991,23.252203839
1327,O,oc23,-0.55000001192092896,20.188364907,17.410965085000001,15.118828603000001
1328,O,oc23,-0.55000001192092896,22.780065327999999,16.897311336000001,14.594708956
1329,O,oc23,-0.55000001192092896,16.900076927000001,16.476900956000001,22.765392048999999
1330,O,oc23,-0.55000001192092896,19.735471740000001,16.377964576,18.468414919000001
1331,O,oc23,-0.55000001192092896,16.404587812999999,19.288382487,17.318097547000001
1332,O,oc23,-0.55000001192092896,22.017490174999999,18.887849755000001,21.340385390000002
1333,O,oc23,-0.55000001192092896,19.331080458999999,19.243806663000001,13.422695022999999
1334,Si,sc4,1.1000000238418579,24.365968477999999,16.910692204,14.410826731
1335,Si,sc4,1.1000000238418579,18.465256854,16.947409422,22.523992700000001
1336,Si,sc4,1.1000000238418579,21.374839425000001,16.199761233,18.436418280000002
1337,Si,sc4,1.1000000238418579,16.801147844999999,19.303999745999999,18.910924413
1338,Si,sc4,1.1000000238418579,22.512540964999999,19.291666276000001,22.794732595999999
1339,Si,sc4,1.1000000238418579,19.796293992999999,18.956217951999999,14.888570939999999
1340,Si,sc4,1.1000000238418579,19.607177676999999,19.508300570999999,23.860848389000001
1341,Si,sc4,1.1000000238418579,16.986619252000001,19.567410856999999,15.855589036
1342,Si,sc4,1.1000000238418579,22.486754502,18.695322262000001,19.815049503000001
1343,Si,sc4,1.1000000238418579,18.519665937999999,16.781851894999999,19.422608106999999
1344,Si,sc4,0.72500002384185791,24.072961437,16.767456946999999,23.468212033
1345,Si,sc4,1.1000000238418579,21.484974327,16.440464849000001,15.436979540999999
1346,O,oc24,-0.67500001192092896,19.158165807,19.277238010000001,25.470966874999998
1347,O,oc24,-0.89999997615814209,24.333700947000001,16.560047246,25.121986163999999
1348,H,hoy,0.40000000596046448,18.424471243999999,18.706857497000001,25.516560561999999
1349,O,oc23,-0.55000001192092896,19.634449866000001,20.932644615000001,11.485032763
1350,O,oc23,-0.55000001192092896,25.286640245000001,20.93096628,3.3391636660000001
1351,O,oc23,-0.55000001192092896,22.147168872000002,19.670645106999999,6.6866049370000002
1352,O,oc23,-0.55000001192092896,17.716149810000001,25.862492874000001,7.033578619
1353,O,oc23,-0.55000001192092896,23.168929406,25.909096859000002,10.935069306999999
1354,O,oc23,-0.55000001192092896,21.381421083999999,24.899082874000001,2.8320916980000002
1355,O,oc23,-0.55000001192092896,21.427730090000001,24.051450908,11.77500809
1356,O,oc23,-0.55000001192092896,18.992507275000001,24.36628653,3.5715523779999998
1357,O,oc23,-0.55000001192092896,24.489031314000002,23.797716251000001,7.7368522229999996
1358,O,oc23,-0.55000001192092896,19.292906234,21.64801297,8.9308889400000009
1359,O,oc24,-0.89999997615814209,25.160811160000002,21.446925136000001,0.74828238899999999
1360,O,oc23,-0.55000001192092896,22.181562891999999,21.454785823999998,4.8203782229999996
1361,O,oc23,-0.55000001192092896,19.023661265000001,23.368047959999998,10.961366737000001
1362,O,oc23,-0.55000001192092896,16.630528172999998,23.559457256999998,2.5883617540000001
1363,O,oc23,-0.55000001192092896,22.379285257999999,22.142940583000001,7.4242069810000002
1364,O,oc23,-0.55000001192092896,18.561755660999999,23.323540852000001,7.0077999569999996
1365,O,oc23,-0.55000001192092896,23.967720280000002,23.367348306,11.167270780999999
1366,O,oc23,-0.55000001192092896,20.534330009000001,22.397372811,2.9039864130000002
1367,O,oc23,-0.55000001192092896,23.042019975999999,21.845046563,2.3519898690000001
1368,O,oc23,-0.55000001192092896,17.193657839,21.545268061000002,10.552732062
1369,O,oc23,-0.55000001192092896,20.124774897000002,21.324233863,6.4554603019999997
1370,O,oc23,-0.55000001192092896,16.923501516000002,24.170300335,5.228533219
1371,O,oc23,-0.55000001192092896,22.321838834000001,23.963973430999999,9.2900384660000004
1372,O,oc24,-0.89999997615814209,19.620003512,24.037022642,1.0390482940000001
1373,Si,sc4,0.72500002384185791,24.661980166999999,21.945486365000001,2.2945970089999999
1374,Si,sc4,1.1000000238418579,18.760558875000001,21.880506070999999,10.467429248
1375,Si,sc4,1.1000000238418579,21.706358676000001,21.175549223000001,6.2953612919999999
1376,Si,sc4,1.1000000238418579,17.327453718000001,24.332609472000001,6.7662722430000004
1377,Si,sc4,1.1000000238418579,22.727411051000001,24.333273726000002,10.80954485
1378,Si,sc4,0.72500002384185791,20.124167328999999,23.907343166,2.6019247590000001
1379,Si,sc4,1.1000000238418579,19.911154149000001,24.367962782999999,11.926764347000001
1380,Si,sc4,1.1000000238418579,17.389119928,24.486603980000002,3.7452073970000002
1381,Si,sc4,1.1000000238418579,22.861071132999999,23.641310438000001,7.7727997020000004
1382,Si,sc4,1.1000000238418579,18.874676671,21.810915562999998,7.3799042029999997
1383,Si,sc4,1.1000000238418579,24.446941087999999,21.846235557,11.347072354
1384,Si,sc4,1.1000000238418579,21.789086597000001,21.415763498,3.209701398
1385,O,oc23,-0.55000001192092896,19.283118242,21.064175256999999,23.562192506999999
1386,O,oc23,-0.55000001192092896,25.118620343,20.925027557,15.418584754999999
1387,O,oc23,-0.55000001192092896,21.584308790000001,19.683116008999999,18.913837234999999
1388,O,oc23,-0.55000001192092896,17.281347402000002,25.846911014,19.221690991999999
1389,O,oc23,-0.55000001192092896,22.840076818,25.824132720000001,23.278629634000001
1390,O,oc23,-0.55000001192092896,21.149978655999998,24.847171104000001,15.034563324000001
1391,O,oc23,-0.55000001192092896,21.102252324999998,23.94517858,23.720751139000001
1392,O,oc23,-0.55000001192092896,18.716207870000002,24.383859071,15.885447868
1393,O,oc23,-0.55000001192092896,24.196834029000001,23.794501178000001,19.768154815999999
1394,O,oc23,-0.55000001192092896,18.977150071000001,21.605706855000001,21.109091157000002
1395,O,oc23,-0.55000001192092896,24.801783331999999,21.524061904,12.838986076999999
1396,O,oc23,-0.55000001192092896,21.887340714,21.573495736999998,17.062902350000002
1397,O,oc23,-0.55000001192092896,18.549705884000002,23.390336911999999,23.214960648000002
1398,O,oc23,-0.55000001192092896,16.278048808000001,23.688753590000001,14.84478693
1399,O,oc23,-0.55000001192092896,22.103323334999999,22.155167855999998,19.613937427
1400,O,oc23,-0.55000001192092896,18.058671687,23.331470254999999,19.475459698000002
1401,O,oc23,-0.55000001192092896,23.587058377999998,23.277669838000001,23.356030769
1402,O,oc23,-0.55000001192092896,20.327831092,22.387136217999998,15.190205274
1403,O,oc23,-0.55000001192092896,22.745367522999999,21.648850055,14.485313113
1404,O,oc23,-0.55000001192092896,16.890592719000001,21.472847705,22.766428619999999
1405,O,oc23,-0.55000001192092896,19.749242626000001,21.530735679999999,18.630662352000002
1406,O,oc23,-0.55000001192092896,16.601095795999999,24.113076614000001,17.459555658999999
1407,O,oc23,-0.55000001192092896,22.086345612999999,24.154229134000001,21.289410050000001
1408,O,oc23,-0.55000001192092896,19.479187398000001,24.101582311000001,13.405724798
1409,Si,sc4,1.1000000238418579,24.353378528,21.879319160000001,14.345020903
1410,Si,sc4,1.1000000238418579,18.418036494999999,21.887527591000001,22.576521930999998
1411,Si,sc4,1.1000000238418579,21.339770439999999,21.230151327000002,18.495294334
1412,Si,sc4,1.1000000238418579,16.831491576000001,24.282267757,18.998492432999999
1413,Si,sc4,1.1000000238418579,22.374391513999999,24.331001935,22.869024019000001
1414,Si,sc4,1.1000000238418579,19.962154712,23.937038864000002,14.928404593
1415,Si,sc4,0.72500002384185791,19.581559201000001,24.387421887999999,24.028473635000001
1416,Si,sc4,1.1000000238418579,17.078156415999999,24.557487598000002,15.985258811
1417,Si,sc4,1.1000000238418579,22.633004534000001,23.680193248999998,19.848341372
1418,Si,sc4,1.1000000238418579,18.547073422,21.789151350000001,19.625467103999998
1419,Si,sc4,1.1000000238418579,24.111473646,21.794390419999999,23.338217967999999
1420,Si,sc4,1.1000000238418579,21.510558602,21.405143761000001,15.508939162000001
1421,O,oc24,-0.89999997615814209,19.220506981,24.250895805999999,25.614303166999999
1422,O,oc24,-0.67500001192092896,24.529399425000001,21.495344888000002,24.830649976
1423,H,hoy,0.40000000596046448,24.928981182000001,22.28125296,25.090959354999999
1424,O,oc23,-0.55000001192092896,19.564277694000001,25.915383326000001,11.537431699000001
1425,O,oc23,-0.55000001192092896,25.265106762999999,25.880030015999999,3.4720524560000001
1426,O,oc23,-0.55000001192092896,21.946407657000002,24.58431805,6.7215163269999998
1427,O,oc23,-0.55000001192092896,17.593188569999999,30.831921516000001,7.1249044489999998
1428,O,oc23,-0.55000001192092896,23.129574245000001,30.820462612,10.953659053000001
1429,O,oc23,-0.55000001192092896,21.378046261000001,29.849647949000001,2.972772381
1430,O,oc23,-0.55000001192092896,21.424017282000001,29.067450217000001,11.633485314
1431,O,oc23,-0.55000001192092896,18.971681953000001,29.146263238,3.7875994199999998
1432,O,oc23,-0.55000001192092896,24.514413400999999,28.676733453000001,7.6851655689999996
1433,O,oc23,-0.55000001192092896,19.310829007999999,26.449683092000001,8.9257717169999999
1434,O,oc24,-0.67500001192092896,25.204250309999999,26.260160359,0.90244168800000002
1435,O,oc23,-0.55000001192092896,22.249438574999999,26.424216547,4.9148644350000001
1436,O,oc23,-0.55000001192092896,19.255305880000002,28.419121552,10.656688322000001
1437,O,oc23,-0.55000001192092896,16.669343663999999,28.552084817000001,2.8129390280000002
1438,O,oc23,-0.55000001192092896,22.430218425,27.119286629000001,7.4845080780000002
1439,O,oc23,-0.55000001192092896,18.524627581000001,28.337722313,7.2028875689999996
1440,O,oc23,-0.55000001192092896,23.921141689999999,28.372867394,11.103148173999999
1441,O,oc23,-0.55000001192092896,20.693001501000001,27.356287912999999,3.0119128150000001
1442,O,oc23,-0.55000001192092896,23.085459125,26.881656491000001,2.428360224
1443,O,oc23,-0.55000001192092896,17.332178973000001,26.725635903000001,10.540879061
1444,O,oc23,-0.55000001192092896,20.129905532999999,26.558470839999998,6.4135018720000003
1445,O,oc23,-0.55000001192092896,16.757506005,29.185425078000002,5.2524201880000003
1446,O,oc23,-0.55000001192092896,22.336892253999999,28.982102935,9.2147114380000001
1447,O,oc24,-0.89999997615814209,19.617269452999999,28.874048157000001,1.1988619819999999
1448,Si,sc4,1.1000000238418579,24.630251804,26.864050633000002,2.3722758650000002
1449,Si,sc4,1.1000000238418579,18.893477099999998,26.872154949999999,10.413605752
1450,Si,sc4,1.1000000238418579,21.664370046999998,26.145921146999999,6.3642247139999997
1451,Si,sc4,1.1000000238418579,17.203986506,29.296973956999999,6.8286459989999999
1452,Si,sc4,1.1000000238418579,22.655416173999999,29.350738975999999,10.732792296
1453,Si,sc4,0.72500002384185791,20.163624086999999,28.806308815000001,2.8315217769999999
1454,Si,sc4,1.1000000238418579,19.905180058999999,29.399893779999999,11.752792276999999
1455,Si,sc4,1.1000000238418579,17.399549187000002,29.478463171000001,3.80072835
1456,Si,sc4,1.1000000238418579,22.869408102000001,28.605535408000001,7.7907408670000002
1457,Si,sc4,1.1000000238418579,18.912074837999999,26.837884436,7.3651364499999996
1458,Si,sc4,1.1000000238418579,24.346763674000002,26.843333818000001,11.341631806000001
1459,Si,sc4,1.1000000238418579,21.907659058,26.373385491000001,3.3043369679999999
1460,H,hoy,0.40000000596046448,25.099868778000001,26.974080530999998,0.30338274300000001
1461,O,oc23,-0.55000001192092896,19.373406571,25.924397609,23.571066091999999
1462,O,oc23,-0.55000001192092896,24.989448625000001,25.9562943,15.493005508
1463,O,oc23,-0.55000001192092896,21.907760655000001,24.641995713,18.729179029000001
1464,O,oc23,-0.55000001192092896,17.346017757999999,30.749370763999998,19.238789580999999
1465,O,oc23,-0.55000001192092896,22.666183416999999,30.837791523,22.921811908999999
1466,O,oc23,-0.55000001192092896,20.978650322,29.879553959999999,15.24454802
1467,O,oc23,-0.55000001192092896,21.011423824000001,29.040059626000001,23.886432574000001
1468,O,oc23,-0.55000001192092896,18.578733382999999,29.292432458,15.692756723
1469,O,oc23,-0.55000001192092896,24.054464792000001,28.804072423000001,19.792573099999998
1470,O,oc23,-0.55000001192092896,19.08887129,26.927317193,20.960573942
1471,O,oc23,-0.55000001192092896,24.753112453,26.637635768999999,12.868392254
1472,O,oc23,-0.55000001192092896,21.891525293000001,26.503133683000001,16.972224617999998
1473,O,oc23,-0.55000001192092896,18.561012798,28.355259453999999,23.072985215999999
1474,O,oc23,-0.55000001192092896,16.148269772999999,28.447942684000001,14.840317323000001
1475,O,oc23,-0.55000001192092896,22.072136150999999,27.126029120999998,19.538999354000001
1476,O,oc23,-0.55000001192092896,18.182712769999998,28.252549943999998,18.9745934
1477,O,oc23,-0.55000001192092896,23.499537304,28.410003154000002,23.454869806000001
1478,O,oc23,-0.55000001192092896,20.262688463,27.364567142999999,15.126083632
1479,O,oc23,-0.55000001192092896,22.691025331999999,26.831595885999999,14.485053488
1480,O,oc23,-0.55000001192092896,16.978687161,26.555922103,22.541676170999999
1481,O,oc23,-0.55000001192092896,19.838079429,26.308650909000001,18.537652818000002
1482,O,oc23,-0.55000001192092896,16.462540962999999,29.263575927000002,17.28836708
1483,O,oc23,-0.55000001192092896,21.860979877999998,28.911602461000001,21.408393689
1484,O,oc23,-0.55000001192092896,19.335063352999999,29.112725694000002,13.206945488000001
1485,Si,sc4,1.1000000238418579,24.311762084000001,26.965502434000001,14.429092186
1486,Si,sc4,1.1000000238418579,18.547275609,26.893536018999999,22.528656303000002
1487,Si,sc4,1.1000000238418579,21.464689178,26.144630119999999,18.416792929
1488,Si,sc4,1.1000000238418579,16.900448610000002,29.234404968,18.821476281999999
1489,Si,sc4,1.1000000238418579,22.252949195999999,29.295716247000001,22.915658114999999
1490,Si,sc4,1.1000000238418579,19.797373834999998,28.904301912000001,14.713174309999999
1491,Si,sc4,1.1000000238418579,19.405741497000001,29.345150079,23.990906154000001
1492,Si,sc4,1.1000000238418579,16.949693360000001,29.474619242999999,15.79172509
1493,Si,sc4,1.1000000238418579,22.399942593999999,28.630375180000001,19.874379177000002
1494,Si,sc4,1.1000000238418579,18.596487163999999,26.780589916,19.414900422999999
1495,Si,sc4,0.72500002384185791,24.039343977000001,26.870722326999999,23.593996116
1496,Si,sc4,1.1000000238418579,21.482375058999999,26.373489606,15.406991378000001
1497,O,oc24,-0.67500001192092896,18.922470398000002,29.075554533999998,25.537811203
1498,O,oc24,-0.89999997615814209,24.520893463,26.734371157000002,25.138503734
1499,H,hoy,0.40000000596046448,18.766273644000002,29.900565363999998,25.953398128
1500,O,oc23,-0.55000001192092896,19.679374742,30.961742589,11.331915645
1501,O,oc23,-0.55000001192092896,25.557539430999999,30.809284818999998,3.2180566979999998
1502,O,oc23,-0.55000001192092896,22.279344233,29.568770494999999,6.6823302900000003
1503,O,oc23,-0.55000001192092896,21.431915674999999,33.963312715999997,11.734203496999999
1504,O,oc23,-0.55000001192092896,19.043035061000001,34.20566187,3.7217219300000002
1505,O,oc23,-0.55000001192092896,24.454569896999999,33.933303371000001,7.7922305749999996
1506,O,oc23,-0.55000001192092896,19.325646542000001,31.758452222999999,8.8474652720000009
1507,O,oc24,-0.89999997615814209,25.219203138000001,31.718752804000001,0.79535725800000001
1508,O,oc23,-0.55000001192092896,22.187637573,31.551377427999999,4.8860614770000002
1509,O,oc23,-0.55000001192092896,19.103756220000001,33.504022909,10.80093089
1510,O,oc23,-0.55000001192092896,16.731752234999998,33.427556641999999,2.6202481240000002
1511,O,oc23,-0.55000001192092896,22.406051475000002,32.082117597,7.5334739759999998
1512,O,oc23,-0.55000001192092896,18.488546149000001,33.262920923000003,6.8631037690000003
1513,O,oc23,-0.55000001192092896,23.905851882,33.242476889000002,11.251860348999999
1514,O,oc23,-0.55000001192092896,20.686318244999999,32.325161882000003,2.8924186129999998
1515,O,oc23,-0.55000001192092896,23.089881098999999,31.534190113000001,2.3344048439999998
1516,O,oc23,-0.55000001192092896,17.192915478,31.660621199000001,10.516007156000001
1517,O,oc23,-0.55000001192092896,20.200651073,31.213903026000001,6.5047307050000001
1518,O,oc23,-0.55000001192092896,16.785858037000001,34.290997959999999,5.1727080030000003
1519,O,oc23,-0.55000001192092896,22.309654264999999,34.154034594000002,9.2301914719999996
1520,O,oc24,-0.67500001192092896,19.832409123000001,34.241501919000001,1.2621035279999999
1521,Si,sc4,0.72500002384185791,24.671970850000001,31.821080936000001,2.3452989689999999
1522,Si,sc4,1.1000000238418579,18.818782364,31.934534461999998,10.384070245
1523,Si,sc4,1.1000000238418579,21.789321979,31.086391225,6.4068891499999996
1524,Si,sc4,1.1000000238418579,17.255290350999999,34.302795758999999,6.7340169440000004
1525,Si,sc4,1.1000000238418579,22.659534362999999,34.283965508000001,10.816216928999999
1526,Si,sc4,1.1000000238418579,20.275008325999998,33.866612076999999,2.8016757330000002
1527,Si,sc4,1.1000000238418579,19.875646587999999,34.291329826999998,11.848716562
1528,Si,sc4,1.1000000238418579,17.418113226999999,34.497695774,3.6584349010000001
1529,Si,sc4,1.1000000238418579,22.801970996000001,33.612954334999998,7.789704296
1530,Si,sc4,1.1000000238418579,18.902421637,31.757911076999999,7.311442284
1531,Si,sc4,1.1000000238418579,24.348923359,31.748804513,11.371425972999999
1532,Si,sc4,1.1000000238418579,21.855072178,31.324544021000001,3.3046607749999999
1533,H,hoy,0.40000000596046448,18.939124732,34.414446548999997,1.3614278019999999
1534,O,oc23,-0.55000001192092896,19.148984881000001,30.874823168999999,23.578127125999998
1535,O,oc23,-0.55000001192092896,25.052194175,30.939382837,15.353814533
1536,O,oc23,-0.55000001192092896,21.804376404999999,29.648841225999998,18.722117994000001
1537,O,oc23,-0.55000001192092896,21.082001377000001,33.997919521999997,23.965321969000001
1538,O,oc23,-0.55000001192092896,18.626425514000001,34.272562825999998,15.815172433000001
1539,O,oc23,-0.55000001192092896,24.124535367,33.827383212999997,19.771264528
1540,O,oc23,-0.55000001192092896,19.005333613000001,31.576042286,21.035706975
1541,O,oc23,-0.55000001192092896,24.781396586,31.566401232,12.892810538000001
1542,O,oc23,-0.55000001192092896,21.947959773000001,31.512076073999999,17.003638305999999
1543,O,oc23,-0.55000001192092896,18.753200655000001,33.377815929999997,22.931202813999999
1544,O,oc23,-0.55000001192092896,16.30896641,33.553987206999999,14.798929779
1545,O,oc23,-0.55000001192092896,22.205391856999999,32.068337382999999,19.609534414999999
1546,O,oc23,-0.55000001192092896,18.172283511,33.251720745,19.140921485
1547,O,oc23,-0.55000001192092896,23.532581396000001,33.301664090000003,23.394569190999999
1548,O,oc23,-0.55000001192092896,20.222961618999999,32.385631259999997,15.144737078
1549,O,oc23,-0.55000001192092896,22.725655741000001,31.519203790999999,14.507464261000001
1550,O,oc23,-0.55000001192092896,16.852688580999999,31.647136216,22.638247106000001
1551,O,oc23,-0.55000001192092896,19.848104312,31.317555817999999,18.564014914000001
1552,O,oc23,-0.55000001192092896,16.476683532999999,34.156106223999998,17.296594015
1553,O,oc23,-0.55000001192092896,21.971586550000001,34.036585774999999,21.451205793
1554,O,oc23,-0.55000001192092896,19.320144725999999,33.865710700999998,13.355592999000001
1555,Si,sc4,1.1000000238418579,24.294007800999999,31.874185271000002,14.379672668
1556,Si,sc4,1.1000000238418579,18.417024047999998,31.860735199000001,22.504303649000001
1557,Si,sc4,1.1000000238418579,21.438024556999999,31.152802058999999,18.479359715000001
1558,Si,sc4,1.1000000238418579,16.874222565,34.208529980000002,18.871478750000001
1559,Si,sc4,1.1000000238418579,22.400752350000001,34.287637386,22.979261472000001
1560,Si,sc4,1.1000000238418579,19.784007827,33.808095506999997,14.842455128999999
1561,Si,sc4,1.1000000238418579,19.489178079999999,34.307372135999998,24.059238743000002
1562,Si,sc4,1.1000000238418579,17.014026232999999,34.534276341000002,15.846003171
1563,Si,sc4,1.1000000238418579,22.527088412000001,33.635540016,19.969654882
1564,Si,sc4,1.1000000238418579,18.601212418999999,31.707329299000001,19.465549542000002
1565,Si,sc4,1.1000000238418579,23.931976330000001,31.790343534000002,23.333166376000001
1566,Si,sc4,1.1000000238418579,21.453145372000002,31.374467194000001,15.465802767
1567,O,oc24,-0.67500001192092896,18.974179624000001,34.087210423000002,25.61987401
1568,O,oc24,-0.67500001192092896,24.525719811999998,31.375164765000001,24.857077702000002
1569,H,hoy,0.40000000596046448,18.563599675999999,34.900408061999997,25.843704553999999
1570,H,hoy,0.40000000596046448,25.378924684000001,31.730589473999999,24.9347849
1571,O,oc23,-0.55000001192092896,27.931872597000002,0.98473931699999995,11.419031974999999
1572,O,oc23,-0.55000001192092896,26.092721943000001,5.7799818959999998,7.0525563550000001
1573,O,oc23,-0.55000001192092896,31.507462609000001,5.8886655279999998,10.850479739000001
1574,O,oc23,-0.55000001192092896,29.746450921000001,5.0115820129999999,3.0204818960000002
1575,O,oc23,-0.55000001192092896,29.830562970999999,3.9793863140000001,11.622668882999999
1576,O,oc23,-0.55000001192092896,27.256177755,4.3266074479999999,3.7187553009999998
1577,O,oc23,-0.55000001192092896,32.912080942999999,3.9940587289999998,7.7294683470000001
1578,O,oc23,-0.55000001192092896,27.821636098999999,1.68658781,8.7633930240000009
1579,O,oc24,-0.67500001192092896,33.714991011000002,1.460766402,0.82854549399999999
1580,O,oc23,-0.55000001192092896,30.643057335000002,1.552506349,4.7402572970000003
1581,O,oc23,-0.55000001192092896,27.425446995000001,3.4538905180000001,10.757923825000001
1582,O,oc23,-0.55000001192092896,25.053882088999998,3.4984330250000002,2.6972856379999999
1583,O,oc23,-0.55000001192092896,31.080221112,2.1355054149999999,7.3201213909999998
1584,O,oc23,-0.55000001192092896,26.922633610999998,3.385382806,6.9383014669999996
1585,O,oc23,-0.55000001192092896,32.282593509999998,3.4361435849999999,11.248103987
1586,O,oc23,-0.55000001192092896,28.925348999000001,2.435459351,2.907114945
1587,O,oc23,-0.55000001192092896,31.517859679000001,1.8465907989999999,2.350681367
1588,O,oc23,-0.55000001192092896,25.734639668,1.6289096270000001,10.447156282
1589,O,oc23,-0.55000001192092896,28.683308319999998,1.500033919,6.3267103149999997
1590,O,oc23,-0.55000001192092896,25.094891969999999,4.3769840420000001,5.2111489449999997
1591,O,oc23,-0.55000001192092896,30.777189188000001,3.9292892689999999,9.2507887289999999
1592,O,oc24,-0.89999997615814209,27.986653363999999,4.1954953479999997,1.277881552
1593,Si,sc4,1.1000000238418579,33.171571114999999,2.0431017339999999,2.387988982
1594,Si,sc4,1.1000000238418579,27.282200606,1.9575800590000001,10.341387471000001
1595,Si,sc4,1.1000000238418579,30.209943344999999,1.1991715789999999,6.2863969830000004
1596,Si,sc4,1.1000000238418579,25.643406792,4.3227645609999996,6.7432790020000004
1597,Si,sc4,1.1000000238418579,31.063681966000001,4.2983448930000003,10.745875863
1598,Si,sc4,0.72500002384185791,28.522847819999999,3.984172483,2.7392761590000001
1599,Si,sc4,1.1000000238418579,28.264774972000001,4.3774379840000002,11.747221434
1600,Si,sc4,1.1000000238418579,25.660586702,4.5621755879999997,3.6827885199999999
1601,Si,sc4,1.1000000238418579,31.312272114999999,3.6624189349999998,7.747798467
1602,Si,sc4,1.1000000238418579,27.383087186000001,1.829507599,7.2350135370000004
1603,Si,sc4,1.1000000238418579,32.799145592000002,1.9523399480000001,11.445522435999999
1604,Si,sc4,1.1000000238418579,30.170350790000001,1.4333424939999999,3.203561117
1605,H,hoy,0.40000000596046448,34.398625408000001,2.0021276819999998,0.55121764399999995
1606,O,oc23,-0.55000001192092896,27.63353223,1.040146491,23.426824490000001
1607,O,oc23,-0.55000001192092896,25.867794784000001,5.7152119150000003,19.584662510000001
1608,O,oc23,-0.55000001192092896,31.296948105999999,5.8590406279999998,22.935349097
1609,O,oc23,-0.55000001192092896,29.439435598999999,4.8885055140000002,15.231399787000001
1610,O,oc23,-0.55000001192092896,29.499347504999999,4.1059215150000004,23.830729932000001
1611,O,oc23,-0.55000001192092896,26.871464055000001,4.351306664,15.867700698
1612,O,oc23,-0.55000001192092896,32.478729557999998,3.7903867600000001,19.756368409
1613,O,oc23,-0.55000001192092896,27.334045127,1.6797406829999999,20.891463441999999
1614,O,oc23,-0.55000001192092896,33.109162544999997,1.7169113229999999,12.988216538
1615,O,oc23,-0.55000001192092896,30.398450583999999,1.59317109,16.904928600000002
1616,O,oc23,-0.55000001192092896,27.111209250999998,3.487812768,22.869606968999999
1617,O,oc23,-0.55000001192092896,24.499764357,3.6357633960000002,14.913767135000001
1618,O,oc23,-0.55000001192092896,30.571635825000001,2.1288675590000001,19.525786456999999
1619,O,oc23,-0.55000001192092896,26.561615089,3.2451179520000002,18.945770173
1620,O,oc23,-0.55000001192092896,31.999037985000001,3.3656092740000001,23.179402607
1621,O,oc23,-0.55000001192092896,28.723103063,2.495163614,15.221943252000001
1622,O,oc23,-0.55000001192092896,31.080963473000001,1.7610347660000001,14.454482376
1623,O,oc23,-0.55000001192092896,25.284716948,1.5871272110000001,22.614348071999999
1624,O,oc23,-0.55000001192092896,28.276082388999999,1.3200824840000001,18.430588777000001
1625,O,oc23,-0.55000001192092896,24.846168035000002,4.4524440370000002,17.501591782999999
1626,O,oc23,-0.55000001192092896,30.340260792999999,3.9806789020000002,21.371086798
1627,O,oc23,-0.55000001192092896,27.774955912999999,4.1469704409999997,13.287066415
1628,Si,sc4,1.1000000238418579,32.666530649000002,2.0053017190000002,14.415814623999999
1629,Si,sc4,1.1000000238418579,26.801967854000001,1.999607146,22.393027695000001
1630,Si,sc4,1.1000000238418579,29.937726419000001,1.1822627720000001,18.443413683999999
1631,Si,sc4,1.1000000238418579,25.361200189000002,4.3279349150000002,18.979579361999999
1632,Si,sc4,1.1000000238418579,30.795585241000001,4.3250701889999998,22.820121821000001
1633,Si,sc4,1.1000000238418579,28.176072961999999,3.972224239,14.890967407
1634,Si,sc4,0.72500002384185791,27.933020338999999,4.4502430449999997,23.928078778
1635,Si,sc4,1.1000000238418579,25.270911860999998,4.6217049369999996,15.942056786
1636,Si,sc4,1.1000000238418579,30.842872996000001,3.641143542,19.887916364999999
1637,Si,sc4,1.1000000238418579,26.996990361000002,1.7788868550000001,19.387048137000001
1638,Si,sc4,1.1000000238418579,32.396880801999998,1.8966883649999999,23.416136423000001
1639,Si,sc4,1.1000000238418579,29.880313189999999,1.4666353679999999,15.426033779000001
1640,O,oc24,-0.89999997615814209,27.303600302,4.1938185749999999,25.444023759
1641,O,oc24,-0.67500001192092896,32.543198228999998,1.5903412429999999,25.02709845
1642,H,hoy,0.40000000596046448,32.934067235000001,2.3746587610000001,25.354231203000001
1643,O,oc23,-0.55000001192092896,28.149948513999998,5.9085442170000002,11.352901857000001
1644,O,oc23,-0.55000001192092896,30.602318044,4.708064738,6.7382269270000004
1645,O,oc23,-0.55000001192092896,26.210012877,10.764364584000001,7.084746988
1646,O,oc23,-0.55000001192092896,31.615674213999998,10.891074698000001,11.021538022
1647,O,oc23,-0.55000001192092896,29.881697320000001,9.8924863009999999,2.9829281669999999
1648,O,oc23,-0.55000001192092896,29.867791642,9.0322418350000007,11.654147236
1649,O,oc23,-0.55000001192092896,27.415152529,9.2395817789999999,3.7412628309999998
1650,O,oc23,-0.55000001192092896,32.914815001999997,9.1273696869999998,7.6940391540000004
1651,O,oc23,-0.55000001192092896,27.765910783999999,6.5855180600000001,8.8588646529999995
1652,O,oc24,-0.67500001192092896,33.595336191999998,6.3939682070000003,0.85129274200000005
1653,O,oc23,-0.55000001192092896,30.826468641999998,6.5466008899999997,4.9798484380000003
1654,O,oc23,-0.55000001192092896,27.472767945000001,8.3681928370000005,10.831178677
1655,O,oc23,-0.55000001192092896,25.147714232999999,8.5322833819999992,2.6256174919999999
1656,O,oc23,-0.55000001192092896,31.071580358999999,7.1703344539999998,7.4987570640000003
1657,O,oc23,-0.55000001192092896,26.926143225000001,8.2711076220000006,7.1201115159999997
1658,O,oc23,-0.55000001192092896,32.351381551999999,8.4041062869999994,11.208528994
1659,O,oc23,-0.55000001192092896,29.061507757000001,7.4632309509999999,3.2747174929999998
1660,O,oc23,-0.55000001192092896,31.482723297,6.8531218840000001,2.344508995
1661,O,oc23,-0.55000001192092896,25.785809224000001,6.409619825,10.573069694000001
1662,O,oc23,-0.55000001192092896,28.695594485000001,6.4717348719999999,6.4745027029999997
1663,O,oc23,-0.55000001192092896,25.250659906999999,9.2068480029999993,5.2342719979999996
1664,O,oc23,-0.55000001192092896,30.785055392,9.1979742760000001,9.1852405959999999
1665,O,oc24,-0.67500001192092896,28.120313446000001,8.7466115290000008,1.3285965420000001
1666,Si,sc4,1.1000000238418579,33.068356864000002,7.0001292309999998,2.3521710759999999
1667,Si,sc4,1.1000000238418579,27.296882845999999,6.8240560820000002,10.347216009
1668,Si,sc4,1.1000000238418579,30.301917576000001,6.2119906929999997,6.441281772
1669,Si,sc4,1.1000000238418579,25.716244621000001,9.2906575050000004,6.842960132
1670,Si,sc4,1.1000000238418579,31.152149600000001,9.3750958630000003,10.770489108
1671,Si,sc4,1.1000000238418579,28.664947473000002,8.8612682429999996,2.840841985
1672,Si,sc4,1.1000000238418579,28.252455611999999,9.2823074769999998,11.888420885
1673,Si,sc4,1.1000000238418579,25.838294507000001,9.4572634709999992,3.7858701130000001
1674,Si,sc4,1.1000000238418579,31.390948236,8.7554144570000005,7.7568660469999999
1675,Si,sc4,1.1000000238418579,27.382952394,6.7470942269999998,7.3410419730000003
1676,Si,sc4,1.1000000238418579,32.76329904,6.8626942230000001,11.374470055
1677,Si,sc4,1.1000000238418579,30.305866773000002,6.4683105269999999,3.4209748100000001
1678,H,hoy,0.40000000596046448,34.52406912,6.2431670309999996,0.91416775800000005
1679,H,hoy,0.40000000596046448,27.539997414999998,9.4771922810000007,1.166425217
1680,O,oc23,-0.55000001192092896,27.764999431,5.9485441840000002,23.561480227000001
1681,O,oc23,-0.55000001192092896,30.139298397000001,4.6324652290000001,18.880676626
1682,O,oc23,-0.55000001192092896,25.740276778999998,10.757901121,19.255305221
1683,O,oc23,-0.55000001192092896,31.202103012999999,10.987740328999999,22.932951665000001
1684,O,oc23,-0.55000001192092896,29.399845055,9.8294633709999992,15.155747504000001
1685,O,oc23,-0.55000001192092896,29.597500024999999,9.2400711189999996,23.890254565999999
1686,O,oc23,-0.55000001192092896,26.951154131999999,9.379357293,15.7757924
1687,O,oc23,-0.55000001192092896,32.425368128000002,9.0084151030000008,19.793221679999998
1688,O,oc23,-0.55000001192092896,27.534603147999999,6.728962589,21.143353965999999
1689,O,oc23,-0.55000001192092896,33.101636337999999,6.6266726619999998,12.937826079000001
1690,O,oc23,-0.55000001192092896,30.341982908999999,6.4869315060000003,17.086544654000001
1691,O,oc23,-0.55000001192092896,27.133789882999999,8.4448059059999991,23.092739897000001
1692,O,oc23,-0.55000001192092896,24.572670588000001,8.6437968620000003,14.749185969999999
1693,O,oc23,-0.55000001192092896,30.574573078,7.1878018389999996,19.616398558
1694,O,oc23,-0.55000001192092896,26.538359493000002,8.2157704660000004,19.284387108000001
1695,O,oc23,-0.55000001192092896,32.034240756000003,8.4795657609999999,23.359721500999999
1696,O,oc23,-0.55000001192092896,28.533682459000001,7.2942844789999999,15.291182117
1697,O,oc23,-0.55000001192092896,30.992363058999999,6.7569455940000003,14.532659491
1698,O,oc23,-0.55000001192092896,25.504413382999999,6.477638196,22.678924299999998
1699,O,oc23,-0.55000001192092896,28.238548928,6.3989646889999996,18.684681773000001
1700,O,oc23,-0.55000001192092896,24.87138113,9.1343224900000006,17.357994900000001
1701,O,oc23,-0.55000001192092896,30.375700959,9.1440687020000002,21.353922577999999
1702,O,oc23,-0.55000001192092896,27.769623591999999,8.9231386189999995,13.330138143999999
1703,Si,sc4,1.1000000238418579,32.574115831,6.9919551569999996,14.405386182000001
1704,Si,sc4,1.1000000238418579,26.983759647999999,6.9302940519999998,22.605538187000001
1705,Si,sc4,1.1000000238418579,29.814090215,6.2405327970000002,18.553004486999999
1706,Si,sc4,1.1000000238418579,25.313541254,9.2224985789999998,18.948684924999998
1707,Si,sc4,1.1000000238418579,30.818841844000001,9.4885302659999997,22.852960069000002
1708,Si,sc4,1.1000000238418579,28.153255941000001,8.8333903930000002,14.887535335000001
1709,Si,sc4,1.1000000238418579,27.985911003999998,9.4764425069999998,24.099526015999999
1710,Si,sc4,1.1000000238418579,25.328628875,9.5651433350000001,15.890694421999999
1711,Si,sc4,1.1000000238418579,30.843176781,8.7079025889999997,19.920883944
1712,Si,sc4,1.1000000238418579,27.034354830000002,6.7401414229999999,19.659666214000001
1713,Si,sc4,0.72500002384185791,32.416389389999999,6.8646505449999999,23.502864763000002
1714,Si,sc4,1.1000000238418579,29.836501855000002,6.3544221829999996,15.547153293999999
1715,O,oc24,-0.67500001192092896,27.484480742999999,9.2057298070000009,25.652324269000001
1716,O,oc24,-0.89999997615814209,32.740786808999999,6.5388453589999997,25.120237313000001
1717,H,hoy,0.40000000596046448,26.923949181000001,9.9352749490000001,25.893134816
1718,O,oc23,-0.55000001192092896,27.964309119999999,10.77676677,11.634521884
1719,O,oc23,-0.55000001192092896,30.634012207000001,9.6410577929999999,6.6704126229999998
1720,O,oc23,-0.55000001192092896,26.220307343000002,15.705148048,7.0960817049999996
1721,O,oc23,-0.55000001192092896,31.754533836,15.807997071999999,10.78363734
1722,O,oc23,-0.55000001192092896,30.070476154000001,15.012870332,2.8077899550000001
1723,O,oc23,-0.55000001192092896,29.949777202,14.285870242,11.789646513999999
1724,O,oc23,-0.55000001192092896,27.50139107,14.434379969,3.49507827
1725,O,oc23,-0.55000001192092896,32.947790691999998,13.957722467,7.7864662190000002
1726,O,oc23,-0.55000001192092896,27.867370731000001,11.462230155,9.0126284220000006
1727,O,oc24,-0.89999997615814209,33.514533579999998,11.893924525999999,0.69341562700000003
1728,O,oc23,-0.55000001192092896,30.790758893,11.444518101,4.876086656
1729,O,oc23,-0.55000001192092896,27.83398966,13.365431653,10.722429484999999
1730,O,oc23,-0.55000001192092896,25.288294963999999,13.513311483000001,2.597895984
1731,O,oc23,-0.55000001192092896,31.136656598999998,12.066888798000001,7.3354069480000001
1732,O,oc23,-0.55000001192092896,27.082114356000002,13.232572502,7.1218598850000001
1733,O,oc23,-0.55000001192092896,32.336733514000002,13.341186378,11.223490742999999
1734,O,oc23,-0.55000001192092896,29.177987929,12.404188287,3.1225532180000002
1735,O,oc23,-0.55000001192092896,31.547393150000001,11.932388795,2.5290648949999999
1736,O,oc23,-0.55000001192092896,25.762317238000001,11.654862805,10.639782761999999
1737,O,oc23,-0.55000001192092896,28.729515728999999,11.372866114000001,6.4543590660000003
1738,O,oc23,-0.55000001192092896,25.520243363999999,14.025602364999999,5.2030913940000003
1739,O,oc23,-0.55000001192092896,30.752954842000001,13.871572457999999,9.3257924320000001
1740,O,oc24,-0.89999997615814209,28.475054093000001,13.856934921000001,1.063984743
1741,Si,sc4,0.72500002384185791,33.091814648000003,12.082365502,2.3113401819999999
1742,Si,sc4,1.1000000238418579,27.378328233000001,11.823880075,10.536539747999999
1743,Si,sc4,1.1000000238418579,30.310795723999998,11.137611881,6.3592180000000003
1744,Si,sc4,1.1000000238418579,25.885143685999999,14.146442473,6.7710651759999996
1745,Si,sc4,1.1000000238418579,31.157380323999998,14.33687413,10.784803241000001
1746,Si,sc4,0.72500002384185791,28.856864740999999,13.890472466,2.6829065989999998
1747,Si,sc4,1.1000000238418579,28.402216264,14.390081092000001,11.801628845
1748,Si,sc4,1.1000000238418579,25.917309620000001,14.491253864000001,3.6989615310000001
1749,Si,sc4,1.1000000238418579,31.313823226,13.631567455000001,7.8511712940000002
1750,Si,sc4,1.1000000238418579,27.489003307000001,11.681134159000001,7.4014077350000003
1751,Si,sc4,1.1000000238418579,32.795465978999999,11.883653574,11.396491872
1752,Si,sc4,1.1000000238418579,30.369154507000001,11.353337250999999,3.3551554700000001
1753,O,oc23,-0.55000001192092896,27.665563372000001,10.938831237,23.647301326000001
1754,O,oc23,-0.55000001192092896,30.101055769999999,9.5975626839999997,18.796345717000001
1755,O,oc23,-0.55000001192092896,25.708211435999999,15.762371769,19.037679436000001
1756,O,oc23,-0.55000001192092896,31.329181435999999,15.893483869000001,22.777180386000001
1757,O,oc23,-0.55000001192092896,29.552642545000001,14.786351353000001,15.295068774000001
1758,O,oc23,-0.55000001192092896,29.619742672000001,14.139456352,23.711099643000001
1759,O,oc23,-0.55000001192092896,27.005969100000002,14.257782081,15.877804849
1760,O,oc23,-0.55000001192092896,32.586164601999997,13.766661955,19.709344391999998
1761,O,oc23,-0.55000001192092896,27.468987741999999,11.466038684000001,20.990885428999999
1762,O,oc23,-0.55000001192092896,33.233237324999997,11.575455287,12.923576611
1763,O,oc23,-0.55000001192092896,30.253720479999998,11.492169483,16.910111452999999
1764,O,oc23,-0.55000001192092896,27.216113429,13.347089702,22.737864052999999
1765,O,oc23,-0.55000001192092896,24.741299064,13.495285000999999,14.802232521000001
1766,O,oc23,-0.55000001192092896,30.433351582,12.088548896000001,19.486082134
1767,O,oc23,-0.55000001192092896,26.546156288999999,13.285778423,19.258090641999999
1768,O,oc23,-0.55000001192092896,32.113761840999999,13.452839372,23.14928415
1769,O,oc23,-0.55000001192092896,28.627279220999998,12.285094190000001,15.073489736999999
1770,O,oc23,-0.55000001192092896,31.085588640000001,11.712227081,14.426242099
1771,O,oc23,-0.55000001192092896,25.348542844000001,11.544328006000001,22.534939427000001
1772,O,oc23,-0.55000001192092896,28.159837599999999,11.322559797,18.432920578000001
1773,O,oc23,-0.55000001192092896,24.861154059,14.044013032000001,17.381637204
1774,O,oc23,-0.55000001192092896,30.387413757000001,14.040275300999999,21.188304842000001
1775,O,oc23,-0.55000001192092896,27.866526774,14.003208256000001,13.311225072999999
1776,Si,sc4,1.1000000238418579,32.705008657999997,11.885784810000001,14.461477779999999
1777,Si,sc4,1.1000000238418579,26.960773634999999,11.784018582,22.454947830999998
1778,Si,sc4,1.1000000238418579,29.793165307999999,11.130345691,18.412582947000001
1779,Si,sc4,1.1000000238418579,25.296496135999998,14.205098817,18.948684924999998
1780,Si,sc4,1.1000000238418579,30.863361339000001,14.376771022,22.686049034
1781,Si,sc4,1.1000000238418579,28.257147169,13.838524254999999,14.904050974
1782,Si,sc4,1.1000000238418579,28.028337203,14.360595706,23.756309178999999
1783,Si,sc4,1.1000000238418579,25.388675572,14.453593363,15.909606526999999
1784,Si,sc4,1.1000000238418579,30.917972107000001,13.62290404,19.735965147000002
1785,Si,sc4,1.1000000238418579,27.040159927000001,11.774796070000001,19.486145833999998
1786,Si,sc4,0.72500002384185791,32.421350529999998,11.871252429,23.352791727
1787,Si,sc4,1.1000000238418579,29.840046676,11.348690596000001,15.367870006
1788,O,oc24,-0.67500001192092896,27.412689059000002,14.079681812,25.239284650999998
1789,O,oc24,-0.89999997615814209,32.709362230000004,11.727423716000001,24.969129636000002
1790,H,hoy,0.40000000596046448,26.459995245000002,14.004928815,25.205989605999999
1791,O,oc23,-0.55000001192092896,28.007174901999999,15.938480317,11.488853791
1792,O,oc23,-0.55000001192092896,30.465180536999998,14.580896933,6.8581810230000002
1793,O,oc23,-0.55000001192092896,26.150540552999999,20.76900697,7.1110434539999998
1794,O,oc23,-0.55000001192092896,31.722839672999999,20.832344328000001,10.659343449
1795,O,oc23,-0.55000001192092896,29.915179987999998,19.913164489,2.9811146509999999
1796,O,oc23,-0.55000001192092896,29.985317959,19.102108143999999,11.625712964
1797,O,oc23,-0.55000001192092896,27.332087629,19.434830734999998,3.5787224750000002
1798,O,oc23,-0.55000001192092896,32.959064912999999,18.82720273,7.6751260830000003
1799,O,oc23,-0.55000001192092896,27.890829522000001,16.735212511,8.9747385800000004
1800,O,oc24,-0.89999997615814209,33.555846238999997,16.453774919000001,1.0200901019999999
1801,O,oc23,-0.55000001192092896,30.716941308999999,16.380725708,4.9556116020000003
1802,O,oc23,-0.55000001192092896,27.664382435,18.511877766000001,10.820620906
1803,O,oc23,-0.55000001192092896,25.107447718,18.455668125999999,2.6302034000000001
1804,O,oc23,-0.55000001192092896,30.962222018999999,17.037156607,7.4179243399999999
1805,O,oc23,-0.55000001192092896,26.842436555999999,18.203678438000001,6.9272258930000001
1806,O,oc23,-0.55000001192092896,32.444168556999998,18.431107382,11.149846935999999
1807,O,oc23,-0.55000001192092896,29.075211246999999,17.406877526999999,3.1775300679999998
1808,O,oc23,-0.55000001192092896,31.667315540000001,16.997786537,2.666604016
1809,O,oc23,-0.55000001192092896,25.788272693,16.784086205000001,10.541397346
1810,O,oc23,-0.55000001192092896,28.588159441999998,16.415414765000001,6.3923289040000002
1811,O,oc23,-0.55000001192092896,25.114671146999999,19.189446105999998,5.2135777440000002
1812,O,oc23,-0.55000001192092896,30.825523088000001,18.861823071,9.2112784009999995
1813,O,oc24,-0.67500001192092896,28.255222866,18.919013476,1.206718661
1814,Si,sc4,0.72500002384185791,33.265808640000003,16.933818242000001,2.5354510480000001
1815,Si,sc4,1.1000000238418579,27.369147306999999,17.012633345000001,10.453698064999999
1816,Si,sc4,1.1000000238418579,30.176257484000001,16.102361591000001,6.4053410499999996
1817,Si,sc4,1.1000000238418579,25.607291661000001,19.222808737000001,6.7510513520000002
1818,Si,sc4,1.1000000238418579,31.218438965000001,19.313326372999999,10.716729312
1819,Si,sc4,1.1000000238418579,28.609120562000001,18.888620205999999,2.780897269
1820,Si,sc4,1.1000000238418579,28.418315828000001,19.410342872000001,11.866139442
1821,Si,sc4,1.1000000238418579,25.710979695999999,19.432315315,3.711390969
1822,Si,sc4,1.1000000238418579,31.404584330999999,18.599251127999999,7.7161256360000001
1823,Si,sc4,1.1000000238418579,27.411439721000001,16.742479743000001,7.330743827
1824,Si,sc4,1.1000000238418579,32.929430850999999,16.909049268,11.275954343
1825,Si,sc4,1.1000000238418579,30.387413757000001,16.496149749000001,3.3855521319999999
1826,H,hoy,0.40000000596046448,28.247319301000001,19.820011008000002,0.97805599899999995
1827,O,oc23,-0.55000001192092896,27.700126385000001,15.846390543,23.463482800000001
1828,O,oc23,-0.55000001192092896,30.282443188999999,14.689894992999999,18.640508808
1829,O,oc23,-0.55000001192092896,25.783716934000001,20.767924173000001,19.199150888999998
1830,O,oc23,-0.55000001192092896,31.361549557,20.855507846999998,23.265158076999999
1831,O,oc23,-0.55000001192092896,29.478454787,19.865967048000002,15.260092718999999
1832,O,oc23,-0.55000001192092896,29.573062486000001,19.039957697999998,23.764987804
1833,O,oc23,-0.55000001192092896,27.042724994,19.179036682,15.835445399999999
1834,O,oc23,-0.55000001192092896,32.580933878000003,18.841141655000001,19.813883602000001
1835,O,oc23,-0.55000001192092896,27.455149459000001,16.655664437999999,21.001119875000001
1836,O,oc23,-0.55000001192092896,33.286769759999999,16.642214853999999,12.796886253
1837,O,oc23,-0.55000001192092896,30.261685263,16.720084592999999,16.996059952
1838,O,oc23,-0.55000001192092896,27.068073886000001,18.383455999999999,23.054072144999999
1839,O,oc23,-0.55000001192092896,24.788451021,18.442112345000002,14.71369163
1840,O,oc23,-0.55000001192092896,30.591247016000001,17.213721179,19.590231422999999
1841,O,oc23,-0.55000001192092896,26.501129815999999,18.221392574999999,19.226676953999998
1842,O,oc23,-0.55000001192092896,32.010748771000003,18.318267476999999,23.199869569000001
1843,O,oc23,-0.55000001192092896,28.690936123,17.312515962999999,15.157691314999999
1844,O,oc23,-0.55000001192092896,31.108135071,16.750234233,14.469833080000001
1845,O,oc23,-0.55000001192092896,25.374330312000001,16.310050319999998,22.616550543999999
1846,O,oc23,-0.55000001192092896,28.301970447999999,16.385614951000001,18.54108682
1847,O,oc23,-0.55000001192092896,24.949653882,19.021094131000002,17.218999849999999
1848,O,oc23,-0.55000001192092896,30.443815042000001,19.243631749999999,21.308323121000001
1849,O,oc23,-0.55000001192092896,27.917459941000001,19.037967018,13.358377454999999
1850,Si,sc4,1.1000000238418579,32.706527579999999,16.926063752000001,14.337248553
1851,Si,sc4,1.1000000238418579,26.906972623000001,16.834113493,22.465506566999998
1852,Si,sc4,1.1000000238418579,29.904378543,16.284723289999999,18.479684004999999
1853,Si,sc4,1.1000000238418579,25.268920162000001,19.264556795000001,18.806255873000001
1854,Si,sc4,1.1000000238418579,30.869571818000001,19.419844413,22.884049467000001
1855,Si,sc4,1.1000000238418579,28.271390832000002,18.835971301000001,14.877560514000001
1856,Si,sc4,0.72500002384185791,27.964916688999999,19.415198798999999,23.924063754999999
1857,Si,sc4,1.1000000238418579,25.459488507,19.360455097999999,15.78440636
1858,Si,sc4,1.1000000238418579,30.980583871,18.727497980999999,19.834479894000001
1859,Si,sc4,1.1000000238418579,26.942243796,16.725396542999999,19.440353346999999
1860,Si,sc4,1.1000000238418579,32.444977307000002,16.794708022999998,23.281998005999998
1861,Si,sc4,1.1000000238418579,29.905696283000001,16.345720141000001,15.440606573
1862,O,oc24,-0.89999997615814209,27.616994088999999,19.168589777000001,25.488067395000002
1863,O,oc24,-0.67500001192092896,32.665214921,16.426455126,24.936096426999999
1864,H,hoy,0.40000000596046448,31.848370035999999,16.739982434000002,25.300593359000001
1865,O,oc23,-0.55000001192092896,28.109749396000002,20.933902324999998,11.574479930000001
1866,O,oc23,-0.55000001192092896,30.738441596000001,19.530693638999999,6.6160703590000001
1867,O,oc23,-0.55000001192092896,26.169037197000002,25.676322646999999,7.0134349819999997
1868,O,oc23,-0.55000001192092896,31.747074018999999,26.008905723000002,10.580517753000001
1869,O,oc23,-0.55000001192092896,29.845784378000001,24.862925794999999,2.8642953609999999
1870,O,oc23,-0.55000001192092896,30.019915173000001,24.198528011000001,11.562951218
1871,O,oc23,-0.55000001192092896,27.385078883999999,24.386270375999999,3.650630219
1872,O,oc23,-0.55000001192092896,32.903508590999998,23.741471211,7.7091953799999997
1873,O,oc23,-0.55000001192092896,27.90996693,21.532132904000001,8.9837414950000003
1874,O,oc24,-0.67500001192092896,33.555812039000003,21.425196322000001,0.89685202399999997
1875,O,oc23,-0.55000001192092896,30.687880615000001,21.498453763000001,4.8611702689999996
1876,O,oc23,-0.55000001192092896,27.629853622999999,23.422791660000001,10.78292506
1877,O,oc23,-0.55000001192092896,25.213025855000001,23.449097372000001,2.540684572
1878,O,oc23,-0.55000001192092896,30.995400902,22.093400552999999,7.3085921970000003
1879,O,oc23,-0.55000001192092896,27.066284374999999,23.285530524999999,7.223614156
1880,O,oc23,-0.55000001192092896,32.420911953999997,23.382965565999999,11.067978124
1881,O,oc23,-0.55000001192092896,28.977260914999999,22.37529417,2.9550186959999998
1882,O,oc23,-0.55000001192092896,31.552557484000001,21.867300116999999,2.4578047650000001
1883,O,oc23,-0.55000001192092896,25.804339063,21.588063515999998,10.448646473
1884,O,oc23,-0.55000001192092896,28.658196822000001,21.235427877999999,6.5070625059999996
1885,O,oc23,-0.55000001192092896,25.291804579000001,23.940076942000001,5.2271212050000004
1886,O,oc23,-0.55000001192092896,30.820696738999999,24.035694134,9.1658748699999997
1887,O,oc24,-0.89999997615814209,28.025097171999999,24.064202921,1.1672476629999999
1888,Si,sc4,1.1000000238418579,33.159150158000003,21.878619507,2.3737267260000001
1889,Si,sc4,1.1000000238418579,27.378699413,21.879562789000001,10.457520058
1890,Si,sc4,1.1000000238418579,30.229417732000002,21.059912786999998,6.3294436190000001
1891,Si,sc4,1.1000000238418579,25.76383616,24.128237849000001,6.8090853119999997
1892,Si,sc4,1.1000000238418579,31.245779555999999,24.434969156000001,10.602474905999999
1893,Si,sc4,0.72500002384185791,28.59501169,23.859866697000001,2.7572045360000002
1894,Si,sc4,1.1000000238418579,28.385609722000002,24.412261659999999,11.754022843
1895,Si,sc4,1.1000000238418579,25.775278367999999,24.404854915000001,3.7189044170000001
1896,Si,sc4,1.1000000238418579,31.283277811000001,23.597607099000001,7.6568611100000004
1897,Si,sc4,1.1000000238418579,27.470642461000001,21.686056614000002,7.4535475279999996
1898,Si,sc4,1.1000000238418579,32.832594059000002,21.873030610000001,11.254710436
1899,Si,sc4,1.1000000238418579,30.271136777999999,21.434418834999999,3.3345133339999999
1900,H,hoy,0.40000000596046448,33.453137636999998,22.213375313,0.39739106000000002
1901,O,oc23,-0.55000001192092896,27.633127855000001,20.970198919000001,23.642442762999998
1902,O,oc23,-0.55000001192092896,30.488435127999999,19.688704906000002,18.660780808999998
1903,O,oc23,-0.55000001192092896,25.813621586,25.746158866999998,19.146297367999999
1904,O,oc23,-0.55000001192092896,31.237442587,26.038007965999999,22.684234551999999
1905,O,oc23,-0.55000001192092896,29.515582866999999,24.880394219999999,14.96655406
1906,O,oc23,-0.55000001192092896,29.595035548999999,24.141200175000002,23.569770861999999
1907,O,oc23,-0.55000001192092896,27.036143334999998,24.364785190999999,15.586663622
1908,O,oc23,-0.55000001192092896,32.469684430000001,23.770221544999998,19.727286522
1909,O,oc23,-0.55000001192092896,27.480362553999999,21.661672866,21.089270845000001
1910,O,oc23,-0.55000001192092896,33.173562814,21.592255188999999,12.86269208
1911,O,oc23,-0.55000001192092896,30.298340566,21.615243795000001,16.926497762
1912,O,oc23,-0.55000001192092896,27.075972278999998,23.472050579000001,23.100771871999999
1913,O,oc23,-0.55000001192092896,24.794965284,23.434633707,14.670684565
1914,O,oc23,-0.55000001192092896,30.468723346000001,22.100424155999999,19.51361013
1915,O,oc23,-0.55000001192092896,26.733685783999999,23.220446116000002,19.056721837000001
1916,O,oc23,-0.55000001192092896,32.046864907,23.494583161000001,23.049149881999998
1917,O,oc23,-0.55000001192092896,28.65704908,22.307169601999998,15.101470387999999
1918,O,oc23,-0.55000001192092896,31.12069082,21.819719533000001,14.407717984
1919,O,oc23,-0.55000001192092896,25.356070056,21.598335509000002,22.510067522
1920,O,oc23,-0.55000001192092896,28.287726785,21.037484320000001,18.631764552
1921,O,oc23,-0.55000001192092896,25.015775260000002,24.091381117000001,17.252614079000001
1922,O,oc23,-0.55000001192092896,30.414820738,24.032027200999998,21.223604222999999
1923,O,oc23,-0.55000001192092896,27.938589048000001,23.977876956999999,13.215430118
1924,Si,sc4,1.1000000238418579,32.679289592000003,21.994045630999999,14.315614726
1925,Si,sc4,1.1000000238418579,26.888847159000001,21.933259092,22.556379259
1926,Si,sc4,1.1000000238418579,29.919736752999999,21.122413058999999,18.394316526000001
1927,Si,sc4,1.1000000238418579,25.430426807,24.146403844999998,18.752885031999998
1928,Si,sc4,1.1000000238418579,30.809593522,24.437134748999998,22.630410091000002
1929,Si,sc4,1.1000000238418579,28.292554139,23.841629902000001,14.748084734000001
1930,Si,sc4,1.1000000238418579,28.045450722999998,24.441257705000002,23.958326565
1931,Si,sc4,1.1000000238418579,25.46809506,24.460123355,15.747358129
1932,Si,sc4,1.1000000238418579,30.912369197,23.640891894999999,19.795229191000001
1933,Si,sc4,1.1000000238418579,27.082654528999999,21.692066136000001,19.484396983
1934,Si,sc4,0.72500002384185791,32.523216863999998,22.012247026000001,23.58473261
1935,Si,sc4,1.1000000238418579,29.880077807999999,21.33534294,15.323243420000001
1936,O,oc24,-0.67500001192092896,27.886036367999999,24.291036327,25.621559161
1937,O,oc24,-0.89999997615814209,32.782640647000001,22.084773579,25.237925721
1938,H,hoy,0.40000000596046448,27.334906054000001,25.022292414999999,25.858308223000002
1939,O,oc23,-0.55000001192092896,27.953946252000001,25.922825470999999,11.476548134
1940,O,oc23,-0.55000001192092896,30.693990501999998,24.542605390999999,6.4784989050000004
1941,O,oc23,-0.55000001192092896,26.122357010999998,30.662765772,7.1513307270000004
1942,O,oc23,-0.55000001192092896,31.654287014000001,30.97498186,10.964863473999999
1943,O,oc23,-0.55000001192092896,29.859454672999998,29.79965606,3.1674194020000002
1944,O,oc23,-0.55000001192092896,29.959091913999998,29.152376874000002,11.659198827999999
1945,O,oc23,-0.55000001192092896,27.382243229,28.998103338,3.6910791550000002
1946,O,oc23,-0.55000001192092896,32.840220856999998,28.744997536,7.6297872169999996
1947,O,oc23,-0.55000001192092896,27.792035232,26.507675182,8.9200725090000006
1948,O,oc24,-0.89999997615814209,33.686773268000003,26.451430143,0.66786383500000002
1949,O,oc23,-0.55000001192092896,30.670699699,26.581459446,4.7426407340000001
1950,O,oc23,-0.55000001192092896,27.558669507000001,28.351103180999999,10.729100599000001
1951,O,oc23,-0.55000001192092896,25.184437936999998,28.355888309000001,2.596153647
1952,O,oc23,-0.55000001192092896,30.873521014000001,27.013083018,7.3407828310000003
1953,O,oc23,-0.55000001192092896,26.898668849,28.175798401000002,6.9585749159999999
1954,O,oc23,-0.55000001192092896,32.335146190000003,28.514949055999999,11.185211946000001
1955,O,oc23,-0.55000001192092896,29.244750070999999,27.354609578000002,2.677938733
1956,O,oc23,-0.55000001192092896,31.656278712999999,26.552846544000001,2.1914053880000002
1957,O,oc23,-0.55000001192092896,25.609720930000002,26.547572075000001,10.436728806
1958,O,oc23,-0.55000001192092896,28.600850988000001,26.200943876,6.3793616369999997
1959,O,oc23,-0.55000001192092896,25.327211550000001,29.024794275000001,5.2070359599999998
1960,O,oc23,-0.55000001192092896,30.762744343000001,29.056513971000001,9.1638017289999993
1961,O,oc24,-0.67500001192092896,28.323707122999998,29.358424750000001,1.3759499159999999
1962,Si,sc4,0.72500002384185791,33.233947497000003,26.893150794,2.1937953399999999
1963,Si,sc4,1.1000000238418579,27.195355502999998,26.839804316999999,10.411273951
1964,Si,sc4,1.1000000238418579,30.191142917000001,26.040835731000001,6.2271131530000003
1965,Si,sc4,1.1000000238418579,25.724885373999999,29.150454910000001,6.7498207859999999
1966,Si,sc4,1.1000000238418579,31.187454974000001,29.433150213000001,10.68816571
1967,Si,sc4,1.1000000238418579,28.684827241000001,28.860773486999999,2.7967529870000001
1968,Si,sc4,1.1000000238418579,28.381491532999998,29.348223556000001,11.784529291
1969,Si,sc4,1.1000000238418579,25.856521568000002,29.304938758999999,3.688404002
1970,Si,sc4,1.1000000238418579,31.233897765999998,28.557815309999999,7.7086124299999996
1971,Si,sc4,1.1000000238418579,27.403406535999999,26.677601377999999,7.3407181660000003
1972,Si,sc4,1.1000000238418579,32.803126978000002,27.003720991000002,11.228283676
1973,Si,sc4,1.1000000238418579,30.327536051999999,26.393787879000001,3.1963002970000001
1974,H,hoy,0.40000000596046448,27.351075210000001,29.255594101,1.4348170250000001
1975,O,oc23,-0.55000001192092896,27.728107739999999,25.938336533000001,23.502928463
1976,O,oc23,-0.55000001192092896,30.220811179999998,24.634309939000001,18.731057209999999
1977,O,oc23,-0.55000001192092896,25.674560781,30.814348975000001,19.269620319000001
1978,O,oc23,-0.55000001192092896,31.232175650999999,30.987627675999999,23.030883461999998
1979,O,oc23,-0.55000001192092896,29.465864837000002,29.906628041000001,15.092856427999999
1980,O,oc23,-0.55000001192092896,29.453814053999999,29.234230055000001,23.877946979000001
1981,O,oc23,-0.55000001192092896,26.975759658000001,29.200796625999999,15.782268554
1982,O,oc23,-0.55000001192092896,32.506778308999998,28.797575642999998,19.682852966999999
1983,O,oc23,-0.55000001192092896,27.398343798999999,26.844731041999999,20.964135342999999
1984,O,oc23,-0.55000001192092896,33.070819327999999,26.634456095000001,12.820850915999999
1985,O,oc23,-0.55000001192092896,30.331891635000002,26.514592586999999,16.904799270000002
1986,O,oc23,-0.55000001192092896,27.040666904999998,28.358649440000001,23.080951560999999
1987,O,oc23,-0.55000001192092896,24.641086442999999,28.506809341,14.750157875999999
1988,O,oc23,-0.55000001192092896,30.433993352000002,27.133504582,19.531421000000002
1989,O,oc23,-0.55000001192092896,26.439936382999999,28.334613437000002,19.099599571999999
1990,O,oc23,-0.55000001192092896,31.909996982999999,28.465654738000001,23.283617527000001
1991,O,oc23,-0.55000001192092896,28.666870769999999,27.346750972999999,15.07063965
1992,O,oc23,-0.55000001192092896,31.140098816999998,26.938111843000001,14.449754108
1993,O,oc23,-0.55000001192092896,25.392084596,26.532585751999999,22.667653283
1994,O,oc23,-0.55000001192092896,28.144851576000001,26.371288614000001,18.435252380000001
1995,O,oc23,-0.55000001192092896,24.833139508999999,29.198037577000001,17.317126606999999
1996,O,oc23,-0.55000001192092896,30.46268186,29.055291660000002,21.314152624999998
1997,O,oc23,-0.55000001192092896,27.800472792000001,29.040234539,13.299307407000001
1998,Si,sc4,1.1000000238418579,32.708992056,27.077224143999999,14.266195207000001
1999,Si,sc4,1.1000000238418579,26.913925462000002,26.914113319999998,22.520107008
2000,Si,sc4,1.1000000238418579,29.759276252999999,26.152944749,18.395223766000001
2001,Si,sc4,1.1000000238418579,25.268852765999998,29.315210750999999,18.872320361
2002,Si,sc4,1.1000000238418579,30.730207229000001,29.432941982999999,22.896032764000001
2003,Si,sc4,1.1000000238418579,28.231326504999998,28.885121835,14.821274922000001
2004,Si,sc4,0.72500002384185791,27.837668267000002,29.361918850999999,24.052308968999998
2005,Si,sc4,1.1000000238418579,25.370246324,29.435596917000002,15.823981353000001
2006,Si,sc4,1.1000000238418579,30.917803115000002,28.628209587000001,19.801382985
2007,Si,sc4,1.1000000238418579,26.939813521000001,26.824153741,19.400326664000001
2008,Si,sc4,1.1000000238418579,32.388578033999998,26.958095688,23.311467882999999
2009,Si,sc4,1.1000000238418579,29.922674006000001,26.418381939,15.343127431999999
2010,O,oc24,-0.89999997615814209,27.383323573999999,29.128447068,25.640665261999999
2011,O,oc24,-0.67500001192092896,32.796107749000001,26.543659430999998,24.797035746999999
2012,H,hoy,0.40000000596046448,32.444472269999999,27.336402679999999,25.237205604
2013,O,oc23,-0.55000001192092896,28.021553356999998,30.891941767999999,11.483154581999999
2014,O,oc23,-0.55000001192092896,30.639377721999999,29.546375345000001,6.5838797250000001
2015,O,oc23,-0.55000001192092896,29.898574451999998,34.067143545999997,11.61820024
2016,O,oc23,-0.55000001192092896,27.298199579999999,34.179673448999999,3.5913849959999999
2017,O,oc23,-0.55000001192092896,32.858447916999999,33.810551451000002,7.6425469770000003
2018,O,oc23,-0.55000001192092896,27.72186306,31.629563676,8.9597112009999993
2019,O,oc24,-0.67500001192092896,33.695448222000003,31.670997307,0.87445452199999996
2020,O,oc23,-0.55000001192092896,30.545848357000001,31.550225914999999,4.8775507879999997
2021,O,oc23,-0.55000001192092896,27.442998085999999,33.431752348000003,10.761226567
2022,O,oc23,-0.55000001192092896,24.918230308999998,33.366109102000003,2.7468282130000001
2023,O,oc23,-0.55000001192092896,30.862246793000001,32.054508298999998,7.3804224879999998
2024,O,oc23,-0.55000001192092896,26.897993884000002,33.216715698999998,7.1002916870000004
2025,O,oc23,-0.55000001192092896,32.432421558000001,33.370144082000003,10.997184403
2026,O,oc23,-0.55000001192092896,29.043955660999998,32.216268814999999,2.7737143849999999
2027,O,oc23,-0.55000001192092896,31.476275424000001,31.566748976,2.3845627020000002
2028,O,oc23,-0.55000001192092896,25.665447251,31.563117441999999,10.469502390000001
2029,O,oc23,-0.55000001192092896,28.583704273999999,31.26428014,6.4141301850000003
2030,O,oc23,-0.55000001192092896,25.301019706000002,33.979187400000001,5.2850321090000003
2031,O,oc23,-0.55000001192092896,30.739960517,34.055262194999997,9.1574549049999998
2032,O,oc24,-0.89999997615814209,27.960292528,33.802795920000001,1.06585665
2033,Si,sc4,1.1000000238418579,33.075714077999997,31.989931223999999,2.3771141600000001
2034,Si,sc4,1.1000000238418579,27.237208334000002,31.892683460000001,10.418852305
2035,Si,sc4,1.1000000238418579,30.171734919999999,31.078949080000001,6.3520739629999996
2036,Si,sc4,1.1000000238418579,25.693461801000002,34.249414664,6.8040979019999996
2037,Si,sc4,1.1000000238418579,31.178780020000001,34.378884609000004,10.704294324999999
2038,Si,sc4,0.72500002384185791,28.541615053000001,33.779088790000003,2.608829198
2039,Si,sc4,1.1000000238418579,28.325833614,34.378042577999999,11.749553235
2040,Si,sc4,1.1000000238418579,25.679791505000001,34.389770359000003,3.791129454
2041,Si,sc4,1.1000000238418579,31.262451483,33.624350249000003,7.7264889300000004
2042,Si,sc4,1.1000000238418579,27.360405963000002,31.657197896,7.3895547339999998
2043,Si,sc4,1.1000000238418579,32.842888526000003,31.887582227999999,11.415534273
2044,Si,sc4,1.1000000238418579,30.229113947999998,31.346029206000001,3.340750613
2045,H,hoy,0.40000000596046448,33.760101679999998,32.551768154999998,0.52938221799999996
2046,O,oc23,-0.55000001192092896,27.454372897999999,30.889355549000001,23.672302560999999
2047,O,oc23,-0.55000001192092896,30.159684136999999,29.621067491000002,18.743687157
2048,O,oc23,-0.55000001192092896,29.478792771999998,34.132559821000001,23.908648385999999
2049,O,oc23,-0.55000001192092896,26.968604632000002,34.212040999999999,15.731813430000001
2050,O,oc23,-0.55000001192092896,32.490814542000003,33.778687036000001,19.898278211000001
2051,O,oc23,-0.55000001192092896,27.365130714999999,31.690525128000001,21.092834178
2052,O,oc23,-0.55000001192092896,33.116048994000003,31.793863606999999,13.029993037000001
2053,O,oc23,-0.55000001192092896,30.106288505999999,31.654401365999998,16.995737592000001
2054,O,oc23,-0.55000001192092896,27.147763962999999,33.43930889,22.990144497999999
2055,O,oc23,-0.55000001192092896,24.564501605,33.416576536999997,14.712914683999999
2056,O,oc23,-0.55000001192092896,30.576361583000001,32.111567974000003,19.538092114000001
2057,O,oc23,-0.55000001192092896,26.503290506999999,33.270288755999999,19.2357455
2058,O,oc23,-0.55000001192092896,32.036232454999997,33.467749611000002,23.236334849999999
2059,O,oc23,-0.55000001192092896,28.616410380000001,32.346444431999998,14.920113958
2060,O,oc23,-0.55000001192092896,30.974473983999999,31.940186965999999,14.498201720999999
2061,O,oc23,-0.55000001192092896,25.244179845000001,31.651992143000001,22.485973527999999
2062,O,oc23,-0.55000001192092896,28.127233090000001,31.316718732999998,18.718168601999999
2063,O,oc23,-0.55000001192092896,24.962176436,34.115724675999999,17.233119987999999
2064,O,oc23,-0.55000001192092896,30.230260684000001,34.023128903,21.349841925
2065,O,oc23,-0.55000001192092896,27.840267534999999,34.114578629,13.224563329
2066,Si,sc4,1.1000000238418579,32.586436196999998,32.150636046000002,14.500210196999999
2067,Si,sc4,1.1000000238418579,26.805241079999998,31.889864544000002,22.528397643000002
2068,Si,sc4,1.1000000238418579,29.799914953999998,31.178235287,18.520554228999998
2069,Si,sc4,1.1000000238418579,25.325186656,34.239887875999997,18.811890416000001
2070,Si,sc4,1.1000000238418579,30.720182346000001,34.296598308999997,22.876083123000001
2071,Si,sc4,1.1000000238418579,28.235208306000001,33.872068878,14.740312384999999
2072,Si,sc4,0.72500002384185791,27.947398794000001,34.426931107999998,23.927495827000001
2073,Si,sc4,1.1000000238418579,25.38300426,34.4547569,15.737772264
2074,Si,sc4,1.1000000238418579,30.873014036000001,33.595395979999999,19.900675641999999
2075,Si,sc4,1.1000000238418579,26.897960689000001,31.781241863999998,19.622357392000001
2076,Si,sc4,1.1000000238418579,32.458681804000001,31.960083273999999,23.39320833
2077,Si,sc4,1.1000000238418579,29.774566061000002,31.431934545000001,15.397275218000001
2078,O,oc24,-0.89999997615814209,27.274978183999998,34.325468635999997,25.49687535
2079,O,oc24,-0.67500001192092896,32.892031176000003,31.706211104000001,24.966149254000001
2080,H,hoy,0.40000000596046448,33.054798767000001,32.565501378999997,25.298698715
2081,O,oc23,-0.55000001192092896,33.488213055000003,0.99563912300000001,3.5351580359999999
2082,O,oc23,-0.55000001192092896,33.043961647000003,1.0603739649999999,15.490221051000001
2083,O,oc23,-0.55000001192092896,0.080235902999999997,6.0730533060000003,3.4624081979999999
2084,O,oc23,-0.55000001192092896,-0.36199161699999999,6.0397958310000002,15.439635632
2085,O,oc23,-0.55000001192092896,0.23246002499999999,11.088458118,3.2117156659999999
2086,O,oc23,-0.55000001192092896,-0.321690902,10.91413202,15.481735455999999
2087,O,oc23,-0.55000001192092896,0.141598329,15.996786835,3.714441565
2088,O,oc23,-0.55000001192092896,-0.34346077200000003,16.000838992999999,15.425255869000001
2089,O,oc23,-0.55000001192092896,-0.0097828419999999999,20.890617529,3.4971378990000002
2090,O,oc23,-0.55000001192092896,-0.377281425,21.082272538000002,15.427587669999999
2091,O,oc23,-0.55000001192092896,0.28457412799999998,25.920170537000001,3.1918183830000002
2092,O,oc23,-0.55000001192092896,-0.270622943,26.115284248999998,15.410747741
2093,O,oc23,-0.55000001192092896,0.136671389,30.988712554999999,3.4185978879999999
2094,O,oc23,-0.55000001192092896,-0.39750018500000001,31.149135127000001,15.53989923
2095,O,oc23,-0.55000001192092896,5.1906289169999997,34.622037271000003,6.8997635270000002
2096,O,oc23,-0.55000001192092896,5.038438996,34.594176339999997,18.760073466000001
2097,O,oc23,-0.55000001192092896,13.876680344,34.689504092,6.6801929659999999
2098,O,oc23,-0.55000001192092896,13.456901556,34.645597469000002,18.784881671000001
2099,O,oc23,-0.55000001192092896,22.238672337000001,34.567220429999999,6.6264983170000002
2100,O,oc23,-0.55000001192092896,21.830062277,34.509692432000001,18.861892885
2101,O,oc23,-0.55000001192092896,30.530492159000001,34.595154501000003,6.6647775969999996
2102,O,oc23,-0.55000001192092896,30.281059059,34.541298382000001,18.753338652
2103,O,oc23,-0.55000001192092896,0.76447090699999998,0.85163601700000002,6.9723707639999999
2104,O,oc23,-0.55000001192092896,6.3317052790000004,0.94735862599999998,10.955212943999999
2105,O,oc23,-0.55000001192092896,4.6648969149999999,-0.070912204000000006,3.0341679579999998
2106,O,oc23,-0.55000001192092896,0.44429226799999999,0.84926037200000004,19.381089303
2107,O,oc23,-0.55000001192092896,5.8377358409999998,0.86040484800000006,23.117158181000001
2108,O,oc23,-0.55000001192092896,4.1402110570000001,-0.090919736000000001,15.202705891000001
2109,O,oc23,-0.55000001192092896,9.2198212609999999,0.86236117000000001,7.1269771080000002
2110,O,oc23,-0.55000001192092896,14.672200758000001,0.92660693199999999,10.998997919000001
2111,O,oc23,-0.55000001192092896,12.947181982,-0.065532318000000006,2.967875695
2112,O,oc23,-0.55000001192092896,8.8899235349999994,0.81359159199999997,19.433682232999999
2113,O,oc23,-0.55000001192092896,14.369756283999999,1.031831862,23.023046446999999
2114,O,oc23,-0.55000001192092896,12.5532375,0.024118560000000001,14.998745659000001
2115,O,oc23,-0.55000001192092896,17.616545260999999,0.924755506,7.158649456
2116,O,oc23,-0.55000001192092896,23.235287173,0.86337421000000003,11.118303917
2117,O,oc23,-0.55000001192092896,21.482240268000002,-0.116390965,3.1719078299999999
2118,O,oc23,-0.55000001192092896,17.247594648,0.81139059999999996,19.304531708999999
2119,O,oc23,-0.55000001192092896,22.794814963,0.86697268599999999,23.280766475
2120,O,oc23,-0.55000001192092896,21.025296307000001,-0.203687021,15.107493886
2121,O,oc23,-0.55000001192092896,26.21619016,0.838779889,6.9261898049999999
2122,O,oc23,-0.55000001192092896,31.655401561000001,0.982189019,10.934486357000001
2123,O,oc23,-0.55000001192092896,29.740206240999999,-0.122668843,2.8024787369999999
2124,O,oc23,-0.55000001192092896,25.731130053000001,0.80789727899999997,19.061449140000001
2125,O,oc23,-0.55000001192092896,31.173919470000001,0.947393504,22.88864937
2126,O,oc23,-0.55000001192092896,29.437343309999999,-0.026128670999999999,15.143829837
2127,Na,na+,1,19.134107379,22.107967986999999,25.887227438
2128,Na,na+,1,28.362157659000001,17.159188095000001,25.643058058000001
2129,Na,na+,1,26.781535134999999,6.1182341940000002,25.848218654
2130,Na,na+,1,16.918889186000001,14.814613517,25.079614405000001
2131,Na,na+,1,11.630307817,11.155473169,25.461269926
2132,Na,na+,1,27.579589070000001,15.667047394000001,1.4691958119999999
2133,Na,na+,1,6.0474396339999998,1.9311130080000001,0.61079594000000004
2134,Na,na+,1,25.134160852000001,18.575570773999999,24.983703307999999
2135,Na,na+,1,28.131388430000001,31.260058602000001,25.743032900999999
2136,Na,na+,1,26.400672816,35.712025202,26.501191338000002
2137,Na,na+,1,15.652321175999999,23.795826317,25.187034484000002
2138,Na,na+,1,33.264615583000001,13.745398868000001,25.046041465999998
2139,Na,na+,1,22.239683792000001,11.754272574,25.214789958000001
2140,Na,na+,1,26.206380468999999,23.19298689,0.33502051900000002
2141,Na,na+,1,17.699847262999999,32.199319664999997,25.819876976
2142,Na,na+,1,22.463507248999999,26.798936823999998,25.400910557
2143,Na,na+,1,29.205428625,2.3114933999999998,0.63729883300000001
2144,Na,na+,1,17.211671349,7.8120054769999996,25.972884678
2145,Na,na+,1,8.9763460330000004,20.193828405000001,25.455645041
2146,Na,na+,1,1.0633441990000001,26.059114653000002,26.172192822
2147,Na,na+,1,22.504079301000001,2.7650955310000001,25.277369022999999
2148,Na,na+,1,5.1259441859999999,24.820175472999999,0.63994024400000005
2149,Na,na+,1,8.084663333,13.472364118,25.324143004
2150,Na,na+,1,8.0111649600000003,3.686743629,25.229038779
2151,Na,na+,1,16.959596563000002,4.3950314840000004,25.349793773999998
2152,Na,na+,1,31.509369496000001,8.2789081059999994,25.411179491999999
2153,Na,na+,1,30.594521086,22.365179201,25.614825122999999
2154,Na,na+,1,5.3608050729999999,32.099583733999999,25.541502172000001
2155,Na,na+,1,19.795957013999999,21.411108602999999,1.0166735469999999
2156,Na,na+,1,27.333384843000001,6.2583472699999998,0.73222769399999998
2157,Na,na+,1,13.278139210000001,30.235606913000002,0.75135238999999998
2158,Na,na+,1,12.297590464000001,28.056672183,26.295485192000001
2159,Na,na+,1,1.0441420960000001,10.104759511999999,0.48393249100000002
2160,Na,na+,1,5.2720379470000003,22.617434307,25.156918558000001
2161,Na,na+,1,11.070489541000001,21.116612861,0.71968901600000001
2162,Na,na+,1,10.486489389000001,5.8224690020000001,1.5164777
2163,Na,na+,1,32.800164938000002,14.066621146999999,0.67033191400000003
2164,Na,na+,1,3.4789958310000002,12.302063788,25.453874323000001
2165,Na,na+,1,19.331773317,17.160054913,0.56974848300000003
2166,Na,na+,1,18.360732431999999,4.8668321910000003,-0.231568422
2167,Na,na+,1,9.6798009310000008,30.127437934,1.025207035
2168,Na,na+,1,34.888158975000003,25.273927842999999,-0.31338819200000001
2169,Na,na+,1,18.662185514000001,30.671117979000002,0.35431702599999998
2170,Na,na+,1,3.626254018,32.155275353,0.63066504999999995
2171,Na,na+,1,23.879627501000002,33.435856321000003,0.75585254800000001
2172,Na,na+,1,15.111426208999999,0.608003407,0.56524343099999996
2173,Na,na+,1,29.236666530000001,32.201656395999997,0.376179545
2174,Na,na+,1,9.0481978410000004,13.613886672,0.47598478599999999
2175,Na,na+,1,14.458193613000001,10.661635453000001,-0.46088067300000002
2176,Na,na+,1,29.436718974000001,25.789829780000002,0.57853757400000005
2177,Na,na+,1,14.13219176,17.871802749,25.429579703999998
2178,Na,na+,1,19.409084407000002,26.328509256,0.94374434399999996
2179,Na,na+,1,23.684883879000001,12.145932227999999,-0.082639414999999994
2180,Na,na+,1,7.1196599379999999,20.156031840000001,0.124673455
2181,Na,na+,1,1.342293027,6.1409906660000004,25.771833690000001
2182,Na,na+,1,2.0431082319999998,16.453175292000001,0.48542536600000002
2183,H,hoy,0.40000000596046448,10.346883922,33.083582331000002,25.461534522000001
2184,H,hoy,0.40000000596046448,17.631166912000001,21.678162658000002,0.73837651199999998
