id,element,ff_type,charge,x,y,z
1,O,oc23,-0.55000001192092896,3.554940201,-0.060798787999999999,10.881271733
2,O,oc23,-0.55000001192092896,9.2491711300000006,0.020862308999999999,3.6824002939999998
3,O,oc23,-0.55000001192092896,6.5607512430000003,-0.17393154999999999,7.1813274119999999
4,O,oc23,-0.55000001192092896,1.8519896259999999,5.0042172469999997,6.3960825850000003
5,O,oc23,-0.55000001192092896,7.4438554010000004,3.7666641150000002,11.347140501
6,O,oc23,-0.55000001192092896,5.0170707769999998,4.186370911,2.7785014669999999
7,O,oc23,-0.55000001192092896,4.9486669900000004,2.992230835,11.699952801
8,O,oc23,-0.55000001192092896,2.4994927969999998,3.7735628019999998,2.8608307960000001
9,O,oc23,-0.55000001192092896,8.1264210200000004,2.8268881829999999,8.0000757290000006
10,O,oc23,-0.55000001192092896,2.9537710810000002,1.2615835390000001,8.562020081
11,O,oc23,-0.55000001192092896,10.067441998,2.1918579720000002,2.0486952070000002
12,O,oc23,-0.55000001192092896,6.1042168480000001,0.51713193599999996,4.6130491600000001
13,O,oc23,-0.55000001192092896,2.6272436090000002,2.4087843750000002,10.918712472999999
14,O,oc23,-0.55000001192092896,5.9652747320000001,2.3858477640000002,6.5992983010000001
15,O,oc23,-0.55000001192092896,2.4242222290000002,2.3746286680000002,6.1980409859999996
16,O,oc23,-0.55000001192092896,6.8303270210000004,1.3261422730000001,10.8211659
17,O,oc23,-0.55000001192092896,4.326196704,1.661813582,2.8845788309999998
18,O,oc23,-0.55000001192092896,7.1659711689999996,1.203090717,2.393958536
19,O,oc23,-0.55000001192092896,1.189931743,0.43958410199999998,10.274063448
20,O,oc23,-0.55000001192092896,4.1489148760000001,0.51792285100000002,6.3382029129999999
21,O,oc23,-0.55000001192092896,0.54033660400000005,3.4600127220000001,4.5625642859999997
22,O,oc23,-0.55000001192092896,5.9460215920000001,3.2293899260000001,9.2279972059999995
23,O,oc24,-0.67500001192092896,3.7935509519999999,3.0094706750000002,0.74634031999999995
24,Si,sc4,1.1000000238418579,8.7871305809999996,1.3740116360000001,2.8700305820000001
25,Si,sc4,1.1000000238418579,2.637323887,0.97556902099999998,10.11367031
26,Si,sc4,1.1000000238418579,5.7246616990000003,0.84890788699999997,6.2070537220000004
27,Si,sc4,1.1000000238418579,1.2102893210000001,3.4836424460000002,6.0759643079999996
28,Si,sc4,1.1000000238418579,6.273890798,2.8366125420000001,10.812541209999999
29,Si,sc4,1.1000000238418579,3.8962227619999998,3.1931751269999999,2.3271602749999998
30,Si,sc4,1.1000000238418579,3.5140316299999999,3.5060110670000002,11.732111329
31,Si,sc4,1.1000000238418579,0.80848450599999999,3.648340787,3.017807731
32,Si,sc4,1.1000000238418579,6.6167087569999996,3.272653198,7.7257553840000002
33,Si,sc4,1.1000000238418579,2.7607767769999998,1.0098919049999999,6.953407243
34,Si,sc4,1.1000000238418579,8.0686287849999996,0.395056028,11.302746808
35,Si,sc4,1.1000000238418579,5.6873905000000002,0.65450002100000004,3.1001437850000002
36,H,hoy,0.40000000596046448,4.4618020139999999,3.5329788990000002,0.28788559000000002
37,O,oc23,-0.55000001192092896,2.5157325679999998,-0.48653359600000001,23.190304806
38,O,oc23,-0.55000001192092896,8.6958708379999994,0.0024410270000000001,15.280487451999999
39,O,oc23,-0.55000001192092896,6.0578028689999996,-0.102364839,18.990928449999998
40,O,oc23,-0.55000001192092896,1.5313346299999999,3.7726568220000001,19.004099110999999
41,O,oc23,-0.55000001192092896,6.7802092910000002,4.2371356450000004,23.642267668999999
42,O,oc23,-0.55000001192092896,4.6982772280000002,4.198112568,15.165958499
43,O,oc23,-0.55000001192092896,4.04564243,3.7039137059999998,23.682381395
44,O,oc23,-0.55000001192092896,2.3118271410000002,3.5122130060000001,15.730043331999999
45,O,oc23,-0.55000001192092896,7.510223592,2.98025217,19.884891498000002
46,O,oc23,-0.55000001192092896,2.351704738,0.96314437500000005,20.834213163000001
47,O,oc23,-0.55000001192092896,8.5368745700000002,0.78581598399999997,12.798770426000001
48,O,oc23,-0.55000001192092896,5.4204504560000002,1.121522143,16.738468584
49,O,oc23,-0.55000001192092896,2.1322166079999998,2.014181142,23.231755523
50,O,oc23,-0.55000001192092896,5.0610822149999999,2.3238185050000002,19.151321587999998
51,O,oc23,-0.55000001192092896,1.2598500459999999,1.3280411969999999,18.505869571000002
52,O,oc23,-0.55000001192092896,6.0178954390000001,1.838110675,23.064007937
53,O,oc23,-0.55000001192092896,4.0036663389999996,1.6420198660000001,14.738132216
54,O,oc23,-0.55000001192092896,6.4248456159999998,0.87026954599999995,14.253207832999999
55,O,oc23,-0.55000001192092896,0.26528696099999999,0.72357080799999995,22.482942715
56,O,oc23,-0.55000001192092896,3.6498706300000001,0.28877538800000002,18.511486528999999
57,O,oc23,-0.55000001192092896,0.063562751000000001,3.1570997300000001,16.993198319000001
58,O,oc23,-0.55000001192092896,5.4296931769999999,3.5975062229999999,21.383254353000002
59,O,oc23,-0.55000001192092896,3.0644778779999999,3.676771687,13.250265043000001
60,Si,sc4,1.1000000238418579,8.0218806780000005,1.0291281459999999,14.282425377999999
61,Si,sc4,1.1000000238418579,1.781774486,0.74432618699999997,22.363398549999999
62,Si,sc4,1.1000000238418579,5.0495707049999998,0.93858770800000002,18.332172273000001
63,Si,sc4,1.1000000238418579,0.45945711500000003,2.6837155639999999,18.489957182000001
64,Si,sc4,1.1000000238418579,5.5261920690000004,3.3698103399999999,22.96927084
65,Si,sc4,1.1000000238418579,3.5492341669999998,3.2433895239999999,14.731914508999999
66,Si,sc4,1.1000000238418579,2.4564887149999999,3.5914784700000002,23.338396027999998
67,Si,sc4,1.1000000238418579,0.69668669699999997,3.5826286810000001,15.5909773
68,Si,sc4,1.1000000238418579,6.0029799989999999,3.411728659,19.906486599000001
69,Si,sc4,1.1000000238418579,2.225148484,0.382547727,19.300215802
70,Si,sc4,1.1000000238418579,7.2332731289999996,0.84363976900000004,23.467165633
71,Si,sc4,1.1000000238418579,5.1170064159999997,0.62851831800000002,15.201594002
72,O,oc24,-0.67500001192092896,7.7354543009999999,1.2979411139999999,25.003035977
73,O,oc24,-0.67500001192092896,8.1438722539999997,5.9639745810000004,24.907226896000001
74,O,oc24,-0.67500001192092896,2.438046532,8.4749332529999997,24.301623598999999
75,O,oc23,-0.55000001192092896,10.145255071999999,9.4128800909999999,24.10211898
76,O,oc23,-0.55000001192092896,2.0474264959999999,11.793772742,24.258566897000001
77,O,oc24,-0.67500001192092896,3.1126706409999998,17.845131560999999,25.004239469000002
78,O,oc24,-0.67500001192092896,7.9837751529999998,21.240624228000001,25.228415663
79,O,oc23,-0.55000001192092896,1.4540254829999999,21.815726846,24.023226525999998
80,O,oc24,-0.67500001192092896,8.2214183250000001,26.094149740999999,24.857618736999999
81,O,oc24,-0.67500001192092896,2.9389259970000001,29.095160535000002,24.636519018000001
82,O,oc23,-0.55000001192092896,9.6410716179999998,31.669948484999999,23.832078601999999
83,O,oc23,-0.55000001192092896,1.4946737619999999,31.877294862999999,23.947008054000001
84,O,oc24,-0.67500001192092896,16.373132149,0.016174213999999999,24.718017709000002
85,O,oc24,-0.67500001192092896,11.423864026,2.705620551,25.233831375000001
86,O,oc23,-0.55000001192092896,18.108575815999998,4.4213455259999996,24.028239745
87,O,oc24,-0.67500001192092896,16.609107165000001,11.313650057,24.527136784
88,O,oc24,-0.67500001192092896,11.129629393,13.182958375,24.764619131
89,O,oc24,-0.67500001192092896,16.706973895000001,15.796038387999999,24.707654530999999
90,O,oc23,-0.55000001192092896,9.9969031719999997,16.383823689,23.904953597999999
91,O,oc24,-0.67500001192092896,11.691637899,23.095298760999999,25.299017177
92,O,oc24,-0.67500001192092896,12.844285515999999,28.203414523999999,24.548867377000001
93,O,oc24,-0.67500001192092896,16.042326395,29.647406496999999,24.834953644999999
94,O,oc23,-0.55000001192092896,26.489390665999998,1.939528648,24.092558793999999
95,O,oc24,-0.67500001192092896,23.407802394000001,6.7200463189999997,24.844246831
96,O,oc23,-0.55000001192092896,22.653663246000001,9.0898600540000007,23.521787012000001
97,O,oc24,-0.67500001192092896,19.540575442000002,13.280655729999999,24.960581022
98,O,oc24,-0.67500001192092896,24.619176016000001,15.914571726,24.945270378
99,O,oc23,-0.55000001192092896,18.221457428000001,19.307799702000001,23.861295151
100,O,oc23,-0.55000001192092896,26.665671105000001,19.540021331999998,23.936108884999999
101,O,oc24,-0.67500001192092896,20.211429172999999,23.484796446000001,24.360861681999999
102,O,oc24,-0.67500001192092896,25.249888626000001,24.683744964999999,25.181280241
103,O,oc23,-0.55000001192092896,18.430872240999999,26.624583650000002,23.933100155999998
104,O,oc24,-0.67500001192092896,20.027740239,32.685767550999998,24.935375445999998
105,O,oc24,-0.67500001192092896,28.416430967,8.1756405470000004,25.444703408999999
106,O,oc24,-0.67500001192092896,28.369048414000002,13.657158182,25.432467247999998
107,O,oc24,-0.67500001192092896,27.860226943000001,22.361281536,24.792030443000002
108,O,oc23,-0.55000001192092896,26.566936239,29.311773348999999,23.919997242000001
109,O,oc24,-0.67500001192092896,28.137577166,33.057428072,24.665667821
110,O,oc24,-0.67500001192092896,33.237066716000001,0.51488113300000005,25.141499268
111,O,oc23,-0.55000001192092896,1.1746160450000001,4.4804372289999996,24.027705745999999
112,O,oc24,-0.67500001192092896,33.070462071000001,15.250796248,24.834686645000001
113,O,oc24,-0.67500001192092896,33.027351584999998,25.473753313,24.764684885000001
114,H,hoy,0.40000000596046448,32.947536726000003,26.264667121999999,25.26364967
115,H,hoy,0.40000000596046448,27.239492432999999,32.921438653999999,24.798850893000001
116,H,hoy,0.40000000596046448,15.208672704,29.954922594999999,25.254356483999999
117,H,hoy,0.40000000596046448,13.000879244,27.353305174999999,24.967066724999999
118,H,hoy,0.40000000596046448,8.7555654159999996,25.461662502999999,25.320947023999999
119,H,hoy,0.40000000596046448,24.420606446000001,24.509499826999999,25.645678519000001
120,H,hoy,0.40000000596046448,24.467352563999999,16.865270297999999,25.046626678999999
121,H,hoy,0.40000000596046448,29.115045177999999,8.0746681650000003,26.068624086
122,H,hoy,0.40000000596046448,32.93619228,15.840531611999999,25.501933015999999
123,H,hoy,0.40000000596046448,20.213264889000001,12.896488011000001,25.454530595000001
124,H,hoy,0.40000000596046448,7.2150880060000002,1.9866071599999999,25.314796066
125,H,hoy,0.40000000596046448,19.738411122999999,24.265328606000001,24.284107217999999
126,H,hoy,0.40000000596046448,12.037359093999999,22.502741101000002,25.929961542000001
127,H,hoy,0.40000000596046448,10.892319853,3.4102653329999999,25.509622211
128,H,hoy,0.40000000596046448,3.0062249730000001,8.6281336960000008,25.082797177
129,H,hoy,0.40000000596046448,23.847419562999999,6.3239970230000004,25.576882243
130,H,hoy,0.40000000596046448,28.135075183000001,12.869101973999999,25.856817552999999
131,H,hoy,0.40000000596046448,3.8823753380000001,17.760988083000001,25.624083418000001
132,H,hoy,0.40000000596046448,11.706319648999999,12.703427563,25.298281930999998
133,H,hoy,0.40000000596046448,17.191903215,15.097387093,25.211032783
134,H,hoy,0.40000000596046448,3.4492319020000002,28.957395499,25.431198002999999
135,H,hoy,0.40000000596046448,16.014498293999999,0.72907930899999995,25.132540828
136,H,hoy,0.40000000596046448,32.530409562999999,0.71978347399999998,25.720894744999999
137,H,hoy,0.40000000596046448,7.8984541400000001,6.8326905269999996,25.041212958999999
138,H,hoy,0.40000000596046448,8.8600053209999992,21.11815442,25.506278735999999
139,H,hoy,0.40000000596046448,17.423640970000001,11.751335494999999,24.321548955000001
140,H,hoy,0.40000000596046448,20.603629979000001,32.199757294000001,25.490366346999998
141,H,hoy,0.40000000596046448,27.528288534000001,23.168815536,25.092225855999999
142,O,oc23,-0.55000001192092896,3.484167684,4.9120949139999999,11.016392545
143,O,oc23,-0.55000001192092896,9.2794017709999999,4.9636957979999998,3.698673581
144,O,oc23,-0.55000001192092896,6.4469348670000004,4.7643298329999997,7.0689384420000003
145,O,oc23,-0.55000001192092896,1.4332843040000001,10.030384651,7.199780284
146,O,oc23,-0.55000001192092896,7.8648200660000001,8.7660030879999997,10.862885609999999
147,O,oc23,-0.55000001192092896,4.4290683949999998,8.9271128139999991,3.9434087569999998
148,O,oc23,-0.55000001192092896,5.3235508090000003,8.3944832659999999,11.459195722
149,O,oc23,-0.55000001192092896,2.2366135040000001,8.3662608200000008,2.709697469
150,O,oc23,-0.55000001192092896,8.3576247660000007,8.0086079439999995,7.6150381510000003
151,O,oc23,-0.55000001192092896,2.0517742640000001,5.6579225879999999,8.9636385430000001
152,O,oc24,-0.67500001192092896,8.0740006900000001,5.0172477840000003,1.348540616
153,O,oc23,-0.55000001192092896,4.8588417110000002,5.5068129089999998,5.0465053519999996
154,O,oc23,-0.55000001192092896,2.9822336279999999,7.508032955,10.569912143
155,O,oc23,-0.55000001192092896,6.0012114070000004,7.2917685150000002,6.7256878230000003
156,O,oc23,-0.55000001192092896,2.3064482750000002,7.5805741790000001,7.2459129630000003
157,O,oc23,-0.55000001192092896,7.0545901500000001,6.3811033579999998,11.513417597
158,O,oc23,-0.55000001192092896,4.2111785609999997,6.6905004669999997,2.7613589360000002
159,O,oc23,-0.55000001192092896,6.8031994950000003,6.035122308,3.481350215
160,O,oc23,-0.55000001192092896,1.072554939,5.9719534349999996,11.396816405999999
161,O,oc23,-0.55000001192092896,4.1297619250000004,5.7784412950000004,7.5178925760000004
162,O,oc23,-0.55000001192092896,1.590028067,8.8374296179999998,5.0405685929999997
163,O,oc23,-0.55000001192092896,6.402689241,7.3863995559999998,9.2570135059999998
164,O,oc24,-0.67500001192092896,4.3092789810000003,8.8311931529999992,1.2430113229999999
165,Si,sc4,1.1000000238418579,8.257721944,5.7999735059999997,2.7513235300000001
166,Si,sc4,1.1000000238418579,2.412546887,6.0126493310000004,10.510876303
167,Si,sc4,1.1000000238418579,5.3323599589999997,5.8092762860000002,6.5439466590000004
168,Si,sc4,1.1000000238418579,1.2908317300000001,8.5565680240000006,6.5556936520000004
169,Si,sc4,1.1000000238418579,6.6561821190000003,7.6981657129999999,10.728566794000001
170,Si,sc4,1.1000000238418579,3.7918159220000001,8.2392273649999996,2.689853807
171,Si,sc4,1.1000000238418579,3.7163387609999998,8.5964970810000008,11.477046848000001
172,Si,sc4,1.1000000238418579,0.96366341,8.5889709570000008,3.5711946409999999
173,Si,sc4,1.1000000238418579,6.7640259540000001,8.0740409880000001,7.8969131949999998
174,Si,sc4,1.1000000238418579,2.5682630309999999,6.0041128700000002,7.4949604839999999
175,Si,sc4,1.1000000238418579,8.0730664240000003,5.2371709299999996,11.554937057
176,Si,sc4,1.1000000238418579,5.2684281190000002,5.6360767879999996,3.4583242240000001
177,H,hoy,0.40000000596046448,8.9434578019999993,4.7508460460000004,1.1183204390000001
178,H,hoy,0.40000000596046448,5.0586463620000002,8.3961555650000008,0.95614865199999999
179,O,oc23,-0.55000001192092896,2.3755257869999999,4.2494349079999996,21.921264865000001
180,O,oc23,-0.55000001192092896,8.4940305909999996,5.0064471519999998,15.583222351
181,O,oc23,-0.55000001192092896,6.0322435580000002,4.6908130579999998,18.965320383000002
182,O,oc23,-0.55000001192092896,1.7561515320000001,8.7456904449999993,18.854202651000001
183,O,oc23,-0.55000001192092896,7.4786246170000004,8.9423042039999991,23.448645015
184,O,oc23,-0.55000001192092896,4.7242039809999996,9.1074552759999996,15.07469738
185,O,oc23,-0.55000001192092896,4.945530561,8.2410040200000001,23.342741748000002
186,O,oc23,-0.55000001192092896,2.2150246990000002,8.4475124309999998,15.434261386999999
187,O,oc23,-0.55000001192092896,7.7381899750000001,7.5870894470000003,19.442088322
188,O,oc23,-0.55000001192092896,2.2677587720000001,6.0196521150000004,20.113146412999999
189,O,oc23,-0.55000001192092896,8.6224959010000006,5.233373082,13.043672975
190,O,oc23,-0.55000001192092896,5.4389358970000004,6.1530274309999999,16.778116056999998
191,O,oc23,-0.55000001192092896,3.0182038649999998,6.6846466419999997,22.505673560999998
192,O,oc23,-0.55000001192092896,5.1884795080000004,7.1506583629999998,19.110938869000002
193,O,oc23,-0.55000001192092896,1.142960387,6.3211752460000001,18.008644270000001
194,O,oc23,-0.55000001192092896,6.9177835700000001,6.6368783909999998,22.623009997
195,O,oc23,-0.55000001192092896,3.9387331099999998,6.6576790700000004,14.592848476
196,O,oc23,-0.55000001192092896,6.4752636629999998,6.0454702090000003,14.315185652
197,O,oc23,-0.55000001192092896,0.46491270800000001,5.8048164760000001,22.003566547999998
198,O,oc23,-0.55000001192092896,3.5237414829999998,5.1507975459999997,18.113746537000001
199,O,oc23,-0.55000001192092896,0.0078170710000000001,8.3505819139999993,16.872853154000001
200,O,oc23,-0.55000001192092896,6.119098975,8.6663899349999998,21.113012728000001
201,O,oc23,-0.55000001192092896,3.1692752799999999,8.4665364539999999,12.978819927
202,Si,sc4,1.1000000238418579,8.082776526,5.9001442649999998,14.402302297
203,Si,sc4,1.1000000238418579,2.015223529,5.7530411450000001,21.589445920999999
204,Si,sc4,1.1000000238418579,5.0448655650000003,5.7384426660000001,18.266717479
205,Si,sc4,1.1000000238418579,0.59850280700000003,7.78216953,18.258293039000002
206,Si,sc4,1.1000000238418579,6.359411691,8.1364778080000004,22.606964108
207,Si,sc4,1.1000000238418579,3.4842343109999998,8.1682540840000009,14.520641975
208,Si,sc4,1.1000000238418579,3.3791266470000001,8.186859643,23.024294709999999
209,Si,sc4,1.1000000238418579,0.59128213399999996,8.6651007960000008,15.409257057
210,Si,sc4,1.1000000238418579,6.2725895869999997,8.2426415340000005,19.591984782000001
211,Si,sc4,1.1000000238418579,2.111745542,5.3011403880000003,18.756321331999999
212,Si,sc4,1.1000000238418579,7.7483341450000003,5.463086004,23.407527050999999
213,Si,sc4,1.1000000238418579,5.1521753920000002,5.7609504290000002,15.210018442000001
214,O,oc23,-0.55000001192092896,3.3160388279999999,10.10379655,11.065933953
215,O,oc23,-0.55000001192092896,8.1744370239999995,9.7090363929999999,2.6084136469999999
216,O,oc23,-0.55000001192092896,6.1986806410000002,9.5361504850000003,8.0057584399999993
217,O,oc23,-0.55000001192092896,1.503703053,14.835304985,6.530133406
218,O,oc23,-0.55000001192092896,7.3722490560000002,13.877812342,11.728902351
219,O,oc23,-0.55000001192092896,5.206364314,13.758896883,3.6184568380000002
220,O,oc23,-0.55000001192092896,4.9350865710000003,12.712730342,11.686380645
221,O,oc23,-0.55000001192092896,3.0606739379999999,12.683951848,2.488596754
222,O,oc23,-0.55000001192092896,8.1889517099999996,12.936835014,7.9134273300000002
223,O,oc23,-0.55000001192092896,1.735063298,11.271770417000001,9.4119241819999999
224,O,oc23,-0.55000001192092896,5.8627033590000002,11.548590146,2.2319407349999998
225,O,oc23,-0.55000001192092896,4.7703847660000003,10.125468422999999,6.0451357970000004
226,O,oc23,-0.55000001192092896,2.378802431,12.571237548999999,11.456120243000001
227,O,oc23,-0.55000001192092896,5.6885912730000001,12.15132178,7.2733247729999997
228,O,oc23,-0.55000001192092896,2.3543842270000002,12.421521885000001,7.1428171789999997
229,O,oc23,-0.55000001192092896,6.913579124,11.254349640999999,10.816351934
230,O,oc23,-0.55000001192092896,4.3420792270000002,11.49949797,4.0264668559999999
231,O,oc23,-0.55000001192092896,6.5371937170000001,10.525349832,4.2339084910000002
232,O,oc23,-0.55000001192092896,0.80537132199999995,10.461206447,11.661175070000001
233,O,oc23,-0.55000001192092896,3.7818390640000001,10.546360262,8.1695618020000005
234,O,oc23,-0.55000001192092896,1.543633976,12.685972521,4.7679533599999999
235,O,oc23,-0.55000001192092896,6.0655773149999996,13.432844797,9.4640070699999992
236,Si,sc4,1.1000000238418579,7.2484888869999997,10.990177289,2.9431603740000001
237,Si,sc4,1.1000000238418579,2.0789987459999999,11.093239915,10.965780148
238,Si,sc4,1.1000000238418579,5.1222117550000004,10.597961145999999,7.3949401789999998
239,Si,sc4,1.1000000238418579,1.285699854,13.222503753,6.2979008920000004
240,Si,sc4,1.1000000238418579,6.3415935120000002,12.810079842,10.947528522000001
241,Si,sc4,1.1000000238418579,4.650061344,12.448349277,2.889265773
242,Si,sc4,1.1000000238418579,3.5165341099999998,13.461137333,11.900594161000001
243,Si,sc4,1.1000000238418579,1.6548945450000001,13.147663054000001,3.1397974849999999
244,Si,sc4,1.1000000238418579,6.5935848019999996,13.265742623,7.9758061470000001
245,Si,sc4,1.1000000238418579,2.3644244790000002,11.091288813,7.9836283440000004
246,Si,sc4,1.1000000238418579,8.2178145140000005,10.348387273,11.134464226
247,Si,sc4,1.1000000238418579,5.0058257739999998,10.252118718,4.5793723200000001
248,O,oc23,-0.55000001192092896,3.1448168019999998,9.3261926000000006,21.882954383000001
249,O,oc23,-0.55000001192092896,8.7405833489999996,9.9977371809999998,15.250534661
250,O,oc23,-0.55000001192092896,6.1837985140000002,9.5901905050000007,18.697017495000001
251,O,oc23,-0.55000001192092896,1.909722071,13.513887695999999,18.941519544999998
252,O,oc23,-0.55000001192092896,7.7411598369999997,14.207383472,23.694416310000001
253,O,oc23,-0.55000001192092896,4.8190009079999996,14.046204174,15.503259905
254,O,oc23,-0.55000001192092896,5.2049631630000004,12.653813084999999,24.040810652000001
255,O,oc23,-0.55000001192092896,2.2732945089999999,13.445945943,15.813349253
256,O,oc23,-0.55000001192092896,7.950974907,12.426120836999999,19.380445248000001
257,O,oc23,-0.55000001192092896,2.5587033369999999,10.866661840000001,20.069689212
258,O,oc23,-0.55000001192092896,8.6583987649999994,10.573362101000001,12.647135478999999
259,O,oc23,-0.55000001192092896,5.7823206809999999,11.056272815,16.687187691999998
260,O,oc23,-0.55000001192092896,3.2934590749999999,11.957740069,22.191574236000001
261,O,oc23,-0.55000001192092896,5.4638279460000003,11.962234145,19.179601645000002
262,O,oc23,-0.55000001192092896,1.3221671820000001,11.205291731999999,18.068816852000001
263,O,oc23,-0.55000001192092896,7.8864419349999997,11.553502687,23.886767725999999
264,O,oc23,-0.55000001192092896,4.1520848670000001,11.662244171999999,14.74167594
265,O,oc23,-0.55000001192092896,6.5496733039999997,10.739245224999999,14.102576127000001
266,O,oc23,-0.55000001192092896,1.0206651369999999,10.856488905000001,22.195919956000001
267,O,oc23,-0.55000001192092896,3.76505534,10.262292692000001,18.006705532000002
268,O,oc23,-0.55000001192092896,0.204928835,13.285288948,17.208081326999999
269,O,oc23,-0.55000001192092896,6.4881768209999997,12.625452017000001,21.688062485
270,O,oc23,-0.55000001192092896,3.3175237599999998,13.801927040000001,13.428710553
271,Si,sc4,1.1000000238418579,8.1046654,10.945928083,14.097762161
272,Si,sc4,1.1000000238418579,2.500753982,10.76105624,21.573065285999999
273,Si,sc4,1.1000000238418579,5.3142081489999997,10.719105989999999,18.173317373
274,Si,sc4,1.1000000238418579,0.72481884500000004,12.590609427,18.448305218000002
275,Si,sc4,1.1000000238418579,6.8633276439999999,12.814121188,23.345549231
276,Si,sc4,1.1000000238418579,3.602588763,13.23243371,14.882612964
277,Si,sc4,1.1000000238418579,3.3851996249999998,12.761544234,23.613718619
278,Si,sc4,1.1000000238418579,0.68430400499999999,13.619877494000001,15.798238859
279,Si,sc4,1.1000000238418579,6.4783667789999999,12.947112825,20.033116221
280,Si,sc4,1.1000000238418579,2.3514678149999999,10.213235821,18.716072112999999
281,Si,sc4,1.1000000238418579,8.6272671709999997,10.097594351,23.449113261000001
282,Si,sc4,1.1000000238418579,5.3609224449999999,10.636530454000001,15.143828403000001
283,O,oc23,-0.55000001192092896,3.4870706710000001,14.788268786,11.032505184
284,O,oc23,-0.55000001192092896,9.1587109069999997,14.665137535,3.4365283760000001
285,O,oc23,-0.55000001192092896,6.4376250229999998,14.709247599999999,7.2987978460000003
286,O,oc23,-0.55000001192092896,1.5990072630000001,19.991607463000001,7.1033037029999999
287,O,oc23,-0.55000001192092896,7.740325511,18.781405062000001,11.326748891999999
288,O,oc23,-0.55000001192092896,4.5143894080000004,18.599322288,1.9350090959999999
289,O,oc23,-0.55000001192092896,5.3182788439999999,18.120383348000001,11.700888296
290,O,oc23,-0.55000001192092896,2.4476462529999998,18.314662846000001,3.5096447180000001
291,O,oc23,-0.55000001192092896,8.0603536439999992,17.732312387,7.947123597
292,O,oc23,-0.55000001192092896,2.165143644,15.543504114999999,8.9222535789999995
293,O,oc24,-0.67500001192092896,8.9061866040000002,15.476433558,0.90670020699999998
294,O,oc23,-0.55000001192092896,5.8028750310000001,15.821159735,5.0536660270000002
295,O,oc23,-0.55000001192092896,3.088749403,17.341351635999999,10.623130777
296,O,oc23,-0.55000001192092896,5.6178525669999999,17.154074923,7.157726824
297,O,oc23,-0.55000001192092896,2.2186752479999998,17.366298535999999,6.9300069049999999
298,O,oc23,-0.55000001192092896,7.0002346610000004,16.329121185999998,10.860478627000001
299,O,oc23,-0.55000001192092896,4.1327651000000003,16.263235411,3.1425586409999999
300,O,oc23,-0.55000001192092896,6.7114723710000002,15.750221239,2.6107536310000001
301,O,oc23,-0.55000001192092896,1.2502635019999999,15.971433005,11.333033349000001
302,O,oc23,-0.55000001192092896,3.8701963180000001,15.28441875,6.8138072110000003
303,O,oc23,-0.55000001192092896,0.54405378000000004,18.694509896,5.3122209319999998
304,O,oc23,-0.55000001192092896,6.1338140379999997,18.420790747000002,9.3389814389999994
305,Si,sc4,1.1000000238418579,8.3950958450000002,15.74983808,2.4766223620000001
306,Si,sc4,1.1000000238418579,2.5509888049999998,15.905825514,10.469758338
307,Si,sc4,1.1000000238418579,5.4046340629999996,15.691199106999999,6.5499103180000002
308,Si,sc4,1.1000000238418579,1.113496823,18.505735849000001,6.8015047979999999
309,Si,sc4,1.1000000238418579,6.5722294400000001,17.91195914,10.809799481000001
310,Si,sc4,1.1000000238418579,3.3273770589999998,17.523018022999999,2.4283170730000001
311,Si,sc4,1.1000000238418579,3.7572806459999999,18.363476737999999,11.681833679
312,Si,sc4,1.1000000238418579,0.89569045999999997,18.526119101999999,3.8059880609999999
313,Si,sc4,1.1000000238418579,6.5790029929999996,18.233235749999999,7.8634171769999996
314,Si,sc4,1.1000000238418579,2.4984215490000001,15.801055804000001,7.351615979
315,Si,sc4,1.1000000238418579,8.0799737280000006,15.345391984999999,11.555805802
316,Si,sc4,1.1000000238418579,5.4284252799999999,15.360061073000001,3.5509230820000002
317,H,hoy,0.40000000596046448,9.0639806069999995,16.256266892999999,0.46241274700000001
318,O,oc23,-0.55000001192092896,2.9029458149999998,14.357482296000001,23.421767702
319,O,oc23,-0.55000001192092896,8.8040816179999997,15.010246871,15.233418779999999
320,O,oc23,-0.55000001192092896,6.1568042419999998,14.517268097000001,19.584698078999999
321,O,oc23,-0.55000001192092896,2.0940409770000001,18.433263677999999,18.919390445000001
322,O,oc23,-0.55000001192092896,7.6222047489999998,19.255048301999999,23.559161002
323,O,oc23,-0.55000001192092896,4.9266781760000002,19.006241786,15.176121427
324,O,oc23,-0.55000001192092896,5.3317926370000004,17.800255178,23.544786850000001
325,O,oc23,-0.55000001192092896,2.4274389580000002,18.416086920000001,15.742144997
326,O,oc23,-0.55000001192092896,7.959850683,17.639423736000001,19.661851048999999
327,O,oc23,-0.55000001192092896,2.568229718,14.993348397,20.974081191
328,O,oc23,-0.55000001192092896,8.4655680449999995,15.945615949,12.99005185
329,O,oc23,-0.55000001192092896,5.8461863909999998,15.759140859,17.13995255
330,O,oc23,-0.55000001192092896,3.0541139390000001,16.977810149,22.506743553
331,O,oc23,-0.55000001192092896,5.4677653880000001,17.152786301999999,19.312115224999999
332,O,oc23,-0.55000001192092896,1.2789863400000001,15.998993488,18.901136825999998
333,O,oc23,-0.55000001192092896,7.5236707579999997,16.756563078999999,22.638320641
334,O,oc23,-0.55000001192092896,4.1115099260000001,16.488384686,15.240104733000001
335,O,oc23,-0.55000001192092896,6.455943897,15.696948576,14.569046642
336,O,oc23,-0.55000001192092896,0.62331822299999995,15.856385484,22.514699748000002
337,O,oc23,-0.55000001192092896,3.7930505050000001,15.347064803,18.583225779999999
338,O,oc23,-0.55000001192092896,0.32175778700000002,17.911680856,17.200326379
339,O,oc23,-0.55000001192092896,6.279529707,18.663011904000001,21.321009533000002
340,O,oc23,-0.55000001192092896,3.2486630320000001,18.092544580999999,13.278144600999999
341,Si,sc4,1.1000000238418579,7.9607178249999997,16.053799827999999,14.425769385000001
342,Si,sc4,1.1000000238418579,2.2882996969999998,15.545280771,22.430859827999999
343,Si,sc4,1.1000000238418579,5.3710328049999996,15.63576559,18.676225386999999
344,Si,sc4,1.1000000238418579,0.85299340800000001,17.506119549000001,18.701964961000002
345,Si,sc4,1.1000000238418579,6.704264749,18.142751968999999,22.794302304999999
346,Si,sc4,1.1000000238418579,3.7085973800000001,18.026065895999999,14.824780615
347,Si,sc4,1.1000000238418579,3.74960614,18.078293957,23.490231224999999
348,Si,sc4,1.1000000238418579,0.80016268899999998,18.432846252000001,15.730578328
349,Si,sc4,1.1000000238418579,6.471559912,18.281422464999999,19.813219993000001
350,Si,sc4,1.1000000238418579,2.35250227,14.984603224000001,19.361055883999999
351,Si,sc4,1.1000000238418579,8.5622006880000008,15.614198592999999,23.168173713000002
352,Si,sc4,1.1000000238418579,5.3294572200000001,15.523957791000001,15.621531836999999
353,O,oc23,-0.55000001192092896,3.587206439,19.929589625999999,11.175915941
354,O,oc23,-0.55000001192092896,8.7967745540000006,19.712731756,3.7029724759999998
355,O,oc23,-0.55000001192092896,6.4614162390000001,19.607440783000001,6.9622326819999998
356,O,oc23,-0.55000001192092896,1.490853166,24.799803861000001,6.9246584420000001
357,O,oc23,-0.55000001192092896,7.8402278369999996,23.728934438,10.604544405
358,O,oc23,-0.55000001192092896,4.8874046949999999,23.610508053,3.4260717980000002
359,O,oc23,-0.55000001192092896,5.2755686160000002,23.111360307000002,11.283157194999999
360,O,oc23,-0.55000001192092896,2.624457219,23.047460940000001,2.1911236430000001
361,O,oc23,-0.55000001192092896,8.2998986610000003,22.776354336000001,7.2087397199999996
362,O,oc23,-0.55000001192092896,3.2340682950000001,21.127979500999999,8.8448316160000005
363,O,oc23,-0.55000001192092896,10.180524484999999,19.303095875,1.682999795
364,O,oc23,-0.55000001192092896,5.6921950839999997,19.753566793000001,4.2687484739999997
365,O,oc23,-0.55000001192092896,2.7636332750000001,22.421384614000001,10.980155296
366,O,oc23,-0.55000001192092896,6.0372818329999998,22.019029800999999,6.1509528869999999
367,O,oc23,-0.55000001192092896,2.64080066,22.424275442999999,6.515257633
368,O,oc23,-0.55000001192092896,7.1271312590000004,21.280832089,10.980757042
369,O,oc23,-0.55000001192092896,4.629040109,21.256617242000001,2.1771836150000001
370,O,oc23,-0.55000001192092896,7.1392767170000004,19.884260512000001,1.8788213359999999
371,O,oc23,-0.55000001192092896,1.208897866,20.446051194999999,10.322268861
372,O,oc23,-0.55000001192092896,4.0594232269999999,20.241913388,6.3631878149999999
373,O,oc23,-0.55000001192092896,1.476742094,23.861717362,4.4318160930000001
374,O,oc23,-0.55000001192092896,6.4163367840000003,22.271564074,8.7660726619999991
375,O,oc24,-0.67500001192092896,4.9397912140000004,23.622422339,0.86205215499999999
376,Si,sc4,1.1000000238418579,8.7984422109999993,20.280447391999999,2.2420361660000001
377,Si,sc4,1.1000000238418579,2.7225511760000001,20.984152447,10.302879496999999
378,Si,sc4,1.1000000238418579,5.5830167250000002,20.405704192000002,5.8675401039999997
379,Si,sc4,1.1000000238418579,1.434942639,23.445496123000002,6.0220164069999997
380,Si,sc4,1.1000000238418579,6.6306561210000003,22.628832752000001,10.403233552
381,Si,sc4,1.1000000238418579,4.2716408379999997,22.860462510000001,2.2379845939999998
382,Si,sc4,1.1000000238418579,3.797321578,23.521903726000001,11.510609118
383,Si,sc4,1.1000000238418579,1.1860010139999999,23.488594812999999,2.8113155390000002
384,Si,sc4,1.1000000238418579,6.7635923829999998,22.918196022,7.38330676
385,Si,sc4,1.1000000238418579,2.9190856470000002,20.918230329,7.2061319890000002
386,Si,sc4,1.1000000238418579,8.2917905839999992,20.264734739000001,11.360579158
387,Si,sc4,1.1000000238418579,5.4896880719999999,19.904085120000001,2.567429432
388,H,hoy,0.40000000596046448,5.6650004340000004,23.069341524999999,0.577191919
389,O,oc23,-0.55000001192092896,3.3929407569999999,19.582179256,23.016003770000001
390,O,oc23,-0.55000001192092896,8.9091221580000006,19.964815375000001,15.326753132
391,O,oc23,-0.55000001192092896,6.3036545549999996,19.583016184000002,18.893581131000001
392,O,oc23,-0.55000001192092896,1.9243537260000001,23.532914628,19.300415055999999
393,O,oc23,-0.55000001192092896,6.8642952240000001,24.238150244,23.646412142999999
394,O,oc23,-0.55000001192092896,4.9225070439999996,24.081501366000001,15.302484049
395,O,oc23,-0.55000001192092896,4.3186221390000004,22.899835519,23.828400381000002
396,O,oc23,-0.55000001192092896,2.4569158230000001,23.357554277999999,15.583021105
397,O,oc23,-0.55000001192092896,7.7599122820000002,22.587231396,19.836552585
398,O,oc23,-0.55000001192092896,3.1892456509999998,20.063695436,20.457131780000001
399,O,oc23,-0.55000001192092896,8.8197975740000008,20.618414802,12.84423411
400,O,oc23,-0.55000001192092896,5.8520256780000004,20.895026857000001,16.661246870999999
401,O,oc23,-0.55000001192092896,2.9092323470000001,22.069444864000001,22.124513457999999
402,O,oc23,-0.55000001192092896,5.3608558190000002,22.125575129000001,18.973077323999998
403,O,oc23,-0.55000001192092896,1.3568927660000001,20.915061216000002,18.796235804999998
404,O,oc23,-0.55000001192092896,6.5900143050000004,21.653537213,23.044754065999999
405,O,oc23,-0.55000001192092896,4.246948669,21.588067826,14.663384236000001
406,O,oc23,-0.55000001192092896,6.671998512,20.707959893999998,14.239234181
407,O,oc23,-0.55000001192092896,1.129463127,20.363475658999999,22.083128494
408,O,oc23,-0.55000001192092896,3.8502423540000001,20.137247514999999,18.019007447
409,O,oc23,-0.55000001192092896,0.41263253,22.718064256000002,17.13995255
410,O,oc23,-0.55000001192092896,5.6012018479999997,23.317624701,21.438814215000001
411,O,oc23,-0.55000001192092896,3.536120881,23.692560249,13.128516137
412,Si,sc4,1.1000000238418579,8.2389694989999995,20.901088875999999,14.287038098
413,Si,sc4,1.1000000238418579,2.6705311030000001,20.51281024,21.847586877000001
414,Si,sc4,1.1000000238418579,5.3303248600000002,20.710989864999998,18.143564831999999
415,Si,sc4,1.1000000238418579,0.81130408499999995,22.465598516,18.687056810000001
416,Si,sc4,1.1000000238418579,5.8685759600000003,23.115123368999999,23.015669024000001
417,Si,sc4,1.1000000238418579,3.7902477069999998,23.181184629000001,14.643594372000001
418,Si,sc4,1.1000000238418579,2.6920097749999998,22.853320583999999,23.477327565
419,Si,sc4,1.1000000238418579,0.84631991900000003,23.296475129000001,15.667397017000001
420,Si,sc4,1.1000000238418579,6.224106699,23.116413028,19.877738296
421,Si,sc4,1.1000000238418579,2.6233362489999998,19.916942248000002,18.970869595
422,Si,sc4,1.1000000238418579,7.852707423,20.868058246,23.657243565999998
423,Si,sc4,1.1000000238418579,5.4407378020000001,20.530718013000001,15.182539384
424,O,oc23,-0.55000001192092896,3.4973145329999999,24.913738247000001,10.787535884
425,O,oc23,-0.55000001192092896,8.4825518970000005,24.608799390000001,2.2506008309999999
426,O,oc23,-0.55000001192092896,6.4056257900000002,24.448630430000001,7.4414738549999999
427,O,oc23,-0.55000001192092896,1.6123209270000001,29.780571542000001,6.855927919
428,O,oc23,-0.55000001192092896,7.6163654620000001,28.729215216,11.298133092
429,O,oc23,-0.55000001192092896,5.254713948,28.634862458000001,3.4154814710000001
430,O,oc23,-0.55000001192092896,5.0721601539999996,27.955270491,11.779981997
431,O,oc23,-0.55000001192092896,2.9588998489999998,27.804648326999999,2.1319605290000001
432,O,oc23,-0.55000001192092896,8.2117082230000005,27.768272061000001,7.8832070400000003
433,O,oc23,-0.55000001192092896,2.1026497480000002,26.440513430999999,8.9007919780000009
434,O,oc23,-0.55000001192092896,4.9366880980000003,24.982551193999999,5.5655539000000003
435,O,oc23,-0.55000001192092896,2.4984817110000002,27.333513794999998,11.197177291999999
436,O,oc23,-0.55000001192092896,6.0016454750000001,27.054708697999999,6.8944381530000003
437,O,oc23,-0.55000001192092896,2.2222454969999998,27.296826017000001,6.3927191849999998
438,O,oc23,-0.55000001192092896,6.9282275609999999,26.252541008000001,10.799971298999999
439,O,oc23,-0.55000001192092896,4.2975004669999999,26.178920395999999,3.5125129730000002
440,O,oc23,-0.55000001192092896,6.7202477089999997,25.480128919999999,3.8154752699999999
441,O,oc23,-0.55000001192092896,0.93999581399999999,25.230416944000002,10.727296552
442,O,oc23,-0.55000001192092896,3.9127064169999999,25.642353859,7.6621063249999999
443,O,oc23,-0.55000001192092896,1.587065041,28.778656285,4.3487442950000004
444,O,oc23,-0.55000001192092896,6.1167968720000001,28.177770877,9.2943874960000006
445,O,oc23,-0.55000001192092896,5.911686445,26.549673380000002,1.7802519699999999
446,Si,sc4,1.1000000238418579,7.4487937359999998,26.018680826000001,2.5509421959999998
447,Si,sc4,1.1000000238418579,2.2919400529999998,25.952447197000001,10.357436118000001
448,Si,sc4,1.1000000238418579,5.3492105580000002,25.533368356,6.9233209520000001
449,Si,sc4,1.1000000238418579,1.2995072519999999,28.449434048000001,5.9313361120000003
450,Si,sc4,1.1000000238418579,6.3920786830000003,27.796702700000001,10.774230727999999
451,Si,sc4,1.1000000238418579,4.6123560770000003,27.397066346999999,2.5855679820000002
452,Si,sc4,1.1000000238418579,3.5419601680000001,28.448389445,11.916106051
453,Si,sc4,1.1000000238418579,1.3117364920000001,28.289543371000001,2.803599943
454,Si,sc4,1.1000000238418579,6.6742339880000001,28.177980628,7.8059185769999999
455,Si,sc4,1.1000000238418579,2.3739006420000002,26.038993469000001,7.411387564
456,Si,sc4,1.1000000238418579,8.1914208770000005,25.240730060000001,11.083116584000001
457,Si,sc4,1.1000000238418579,5.2321573160000003,25.030596689999999,4.0972031150000001
458,O,oc23,-0.55000001192092896,2.0390245650000001,24.349366171,23.108804121999999
459,O,oc23,-0.55000001192092896,8.4960323770000006,24.844298124000002,15.394815159
460,O,oc23,-0.55000001192092896,6.2036856030000003,24.56691975,19.151321587999998
461,O,oc23,-0.55000001192092896,1.9232359880000001,28.648903332,19.007040093000001
462,O,oc23,-0.55000001192092896,7.8062601310000002,29.385881994999998,23.427450413999999
463,O,oc23,-0.55000001192092896,4.7259392589999996,29.100873660000001,15.362455385000001
464,O,oc23,-0.55000001192092896,5.2805069500000004,28.272750811000002,23.512561571999999
465,O,oc23,-0.55000001192092896,2.254441876,28.303654854000001,15.895718682
466,O,oc23,-0.55000001192092896,7.94163175,27.818305001999999,19.433396881
467,O,oc23,-0.55000001192092896,2.6971783199999999,25.600158553,20.910967626000001
468,O,oc23,-0.55000001192092896,8.4969005129999999,25.170417702999998,12.692465663
469,O,oc23,-0.55000001192092896,5.7287995179999998,25.926244905000001,16.899997466999999
470,O,oc23,-0.55000001192092896,2.9191557540000002,26.865168332,23.246866913000002
471,O,oc23,-0.55000001192092896,5.474405687,27.177282343000002,19.309375488000001
472,O,oc23,-0.55000001192092896,1.2723461650000001,26.080804576999999,18.718345595999999
473,O,oc23,-0.55000001192092896,7.3329417640000001,26.804996720999998,22.627355717
474,O,oc23,-0.55000001192092896,4.0421723700000003,26.556537022000001,15.064267452999999
475,O,oc23,-0.55000001192092896,6.4943164250000001,25.943737328000001,14.344135202
476,O,oc23,-0.55000001192092896,0.485653948,26.233065292999999,22.450715445
477,O,oc23,-0.55000001192092896,3.7957866770000002,25.256930747999998,18.494571894
478,O,oc23,-0.55000001192092896,0.052940205999999997,27.961471651,17.340327906999999
479,O,oc23,-0.55000001192092896,6.4270477789999996,28.802312486999998,21.286311518000002
480,O,oc23,-0.55000001192092896,3.1517673629999998,28.489467462,13.425701824000001
481,Si,sc4,1.1000000238418579,8.107434885,25.834681216,14.178794599
482,Si,sc4,1.1000000238418579,2.049919032,25.773219947000001,22.421098396000001
483,Si,sc4,1.1000000238418579,5.2891490360000004,25.765344930000001,18.468362080999999
484,Si,sc4,1.1000000238418579,0.70125137500000001,27.619078697999999,18.749369376000001
485,Si,sc4,1.1000000238418579,6.728890292,28.294282503000002,22.78634611
486,Si,sc4,1.1000000238418579,3.5509358839999998,28.117354209999998,14.934629102000001
487,Si,sc4,1.1000000238418579,3.5953147639999998,28.343131700000001,23.321814147000001
488,Si,sc4,1.1000000238418579,0.64449328299999997,28.398668015999998,15.864963895000001
489,Si,sc4,1.1000000238418579,6.4859080310000001,28.418772984,19.71620742
490,Si,sc4,1.1000000238418579,2.4015656559999998,25.133729926000001,19.403243839999998
491,Si,sc4,1.1000000238418579,7.9133029539999997,25.482951217,23.441023565999998
492,Si,sc4,1.1000000238418579,5.3373987300000003,25.622284194999999,15.4035066
493,O,oc23,-0.55000001192092896,3.4331487530000002,29.899035308999999,11.337780565999999
494,O,oc23,-0.55000001192092896,9.3250480509999996,29.568837001999999,3.349271506
495,O,oc23,-0.55000001192092896,6.5694599550000001,29.679390446999999,7.1228933169999999
496,O,oc23,-0.55000001192092896,1.6628360550000001,34.791339882000003,6.6138199010000003
497,O,oc23,-0.55000001192092896,7.6415911430000003,33.704477445000002,11.241303985
498,O,oc23,-0.55000001192092896,5.2266849730000002,33.971403561000002,2.6242856880000001
499,O,oc23,-0.55000001192092896,5.1990567519999997,32.906353178000003,11.636102994
500,O,oc23,-0.55000001192092896,2.8134541670000002,33.077323288999999,3.5621821530000002
501,O,oc23,-0.55000001192092896,8.1780741480000003,32.757855524,7.6772829700000003
502,O,oc23,-0.55000001192092896,3.158290569,30.616432344,8.8740481649999996
503,O,oc24,-0.67500001192092896,9.1263780430000008,30.146483632999999,0.86696624600000005
504,O,oc23,-0.55000001192092896,6.1006801609999997,30.704303579000001,4.7751942339999998
505,O,oc23,-0.55000001192092896,2.7006018900000002,32.360657269000001,10.780716431
506,O,oc23,-0.55000001192092896,5.766471471,32.223762389999997,6.8769880240000001
507,O,oc23,-0.55000001192092896,2.4153598779999998,32.260765833000001,7.0322334460000002
508,O,oc23,-0.55000001192092896,6.9374369680000001,31.222403700000001,10.861414122999999
509,O,oc23,-0.55000001192092896,4.5499591380000002,31.306023839000002,2.7719960870000002
510,O,oc23,-0.55000001192092896,7.1022392099999996,30.414173990999998,2.3815696970000002
511,O,oc23,-0.55000001192092896,1.0436486279999999,30.295049818999999,10.366327807999999
512,O,oc23,-0.55000001192092896,4.1333324219999996,30.299473286000001,6.4758178820000003
513,O,oc23,-0.55000001192092896,0.76604103400000001,32.856633825000003,5.2049333520000003
514,O,oc23,-0.55000001192092896,6.1861011149999996,33.201500181999997,9.2384271340000002
515,O,oc24,-0.67500001192092896,3.5326505720000001,32.898617303000002,0.98465037899999996
516,Si,sc4,1.1000000238418579,8.6894309159999992,30.606711099999998,2.373613502
517,Si,sc4,1.1000000238418579,2.5538517660000002,30.808446112999999,10.350683415000001
518,Si,sc4,1.1000000238418579,5.625326695,30.734719587000001,6.3147024500000004
519,Si,sc4,1.1000000238418579,1.2428960259999999,33.262402807000001,6.6739192569999997
520,Si,sc4,1.1000000238418579,6.4874429320000004,32.718031861,10.778844444000001
521,Si,sc4,1.1000000238418579,4.0357657619999996,32.816216212999997,2.5396231
522,Si,sc4,1.1000000238418579,3.6360898330000002,33.374385052000001,11.603074724000001
523,Si,sc4,1.1000000238418579,1.2027949309999999,33.1548108,3.7074987699999999
524,Si,sc4,1.1000000238418579,6.6910845869999998,33.218502493999999,7.7317728409999997
525,Si,sc4,1.1000000238418579,2.8090229920000001,30.780329062,7.3026085700000003
526,Si,sc4,1.1000000238418579,8.1416034649999993,30.203623195999999,11.281018208000001
527,Si,sc4,1.1000000238418579,5.7659374630000002,30.238186464000002,3.313101257
528,H,hoy,0.40000000596046448,4.233067932,33.319579750999999,0.55284543799999997
529,H,hoy,0.40000000596046448,8.3657661569999995,30.005443571000001,0.36554964600000001
530,O,oc23,-0.55000001192092896,3.3099927,29.335464856000002,21.996748091000001
531,O,oc23,-0.55000001192092896,8.5930985910000004,29.884122203,15.205872972
532,O,oc23,-0.55000001192092896,6.2847688570000004,29.779840528000001,18.771030230000001
533,O,oc23,-0.55000001192092896,1.5828474189999999,33.738170556999997,19.352764944
534,O,oc23,-0.55000001192092896,6.5683258090000001,34.196028456999997,23.654970082999998
535,O,oc23,-0.55000001192092896,4.5599024339999996,33.947082799999997,15.247525932
536,O,oc23,-0.55000001192092896,4.4716786820000003,32.520338195000001,23.690405336000001
537,O,oc23,-0.55000001192092896,2.183435668,32.885656337,15.517500557
538,O,oc23,-0.55000001192092896,7.6282111009999998,32.706638838000003,19.552271555000001
539,O,oc23,-0.55000001192092896,2.664528233,30.878409575999999,19.948274055999999
540,O,oc23,-0.55000001192092896,8.6227295910000006,30.650019540999999,12.730441399
541,O,oc23,-0.55000001192092896,5.7065098890000003,31.100596373999998,16.621132148000001
542,O,oc23,-0.55000001192092896,2.9301869549999999,32.039135602999998,22.053778444999999
543,O,oc23,-0.55000001192092896,5.1593496999999999,32.246550513000003,18.942924283
544,O,oc23,-0.55000001192092896,1.2725630750000001,31.141780304000001,18.150249789
545,O,oc23,-0.55000001192092896,7.1131167709999996,31.679983317000001,22.614988049000001
546,O,oc23,-0.55000001192092896,4.1115768020000001,31.444243681,14.564367172000001
547,O,oc23,-0.55000001192092896,6.4310851610000004,30.567547842,14.146969820000001
548,O,oc23,-0.55000001192092896,0.98609636099999998,30.432814855,21.962115829999998
549,O,oc23,-0.55000001192092896,3.7334228029999998,30.227908653,17.816091608000001
550,O,oc23,-0.55000001192092896,0.27836702699999999,33.323654325,17.049226427000001
551,O,oc23,-0.55000001192092896,5.637439337,33.448040968999997,21.326558745
552,O,oc23,-0.55000001192092896,3.114118779,33.463581251999997,13.10244082
553,Si,sc4,1.1000000238418579,7.967157748,30.883599362000002,14.139748871
554,Si,sc4,1.1000000238418579,2.4796825290000002,30.583401714000001,21.497649805999998
555,Si,sc4,1.1000000238418579,5.2367620190000004,30.798307442999999,18.112943545
556,Si,sc4,1.1000000238418579,0.66559823600000001,32.648174312000002,18.441953013999999
557,Si,sc4,1.1000000238418579,5.8951028499999998,32.965932916,22.904284292
558,Si,sc4,1.1000000238418579,3.4821989630000001,32.900708584999997,14.565837663
559,Si,sc4,1.1000000238418579,2.8398410919999999,32.750713597999997,23.358052392000001
560,Si,sc4,1.1000000238418579,0.65420319900000001,33.350205510000002,15.588971813000001
561,Si,sc4,1.1000000238418579,6.0739862069999999,33.314423193000003,19.738605513
562,Si,sc4,1.1000000238418579,2.380070328,30.156865281999998,18.649884065999998
563,Si,sc4,1.1000000238418579,8.4304656960000006,30.843113216999999,23.021285980999998
564,Si,sc4,1.1000000238418579,5.2549809529999996,30.5274812,15.164822753999999
565,O,oc23,-0.55000001192092896,11.680460517,-0.056547690999999997,11.279613469999999
566,O,oc23,-0.55000001192092896,17.649573247999999,-0.50134078800000004,2.49496166
567,O,oc23,-0.55000001192092896,14.908965728,-0.35664357800000002,6.6180859190000003
568,O,oc23,-0.55000001192092896,10.496881186,3.9346024380000002,7.970056187
569,O,oc23,-0.55000001192092896,16.020204326999998,3.9074258930000001,11.245582955
570,O,oc23,-0.55000001192092896,12.063652790000001,4.4064329390000001,2.4466095459999999
571,O,oc23,-0.55000001192092896,13.477199792,3.1357801250000001,11.811338529
572,O,oc23,-0.55000001192092896,11.044842387999999,2.9751514239999999,4.0896613679999998
573,O,oc23,-0.55000001192092896,16.434961766000001,2.8056137479999999,7.9571525269999999
574,O,oc23,-0.55000001192092896,11.62340217,0.57171194299999994,8.7658714149999994
575,O,oc23,-0.55000001192092896,18.446321690000001,2.0839871620000001,1.8257023299999999
576,O,oc23,-0.55000001192092896,14.239647395,1.402418393,4.5995706529999998
577,O,oc23,-0.55000001192092896,11.238140489999999,2.3812415439999999,10.662176504
578,O,oc23,-0.55000001192092896,8.6717459909999999,2.4160000250000002,4.0361211890000002
579,O,oc23,-0.55000001192092896,14.005240593,2.1257486879999998,7.1010974679999999
580,O,oc23,-0.55000001192092896,10.105714587,1.36831149,6.9806188039999997
581,O,oc23,-0.55000001192092896,15.193958137999999,1.42640363,10.95809195
582,O,oc23,-0.55000001192092896,12.850991945000001,1.8159894459999999,2.4703174809999999
583,O,oc23,-0.55000001192092896,15.609583712999999,1.287829962,2.2572197850000002
584,O,oc23,-0.55000001192092896,9.3427001599999997,0.62619087100000004,10.30120776
585,O,oc23,-0.55000001192092896,12.406336999000001,0.39530338700000001,6.2187005910000002
586,O,oc23,-0.55000001192092896,9.3750330240000004,3.625728149,6.0520155239999998
587,O,oc23,-0.55000001192092896,14.412690967,3.4057600940000001,9.303814182
588,Si,sc4,1.1000000238418579,17.287235145,1.0686285499999999,2.526505491
589,Si,sc4,1.1000000238418579,10.976405785000001,0.88565225599999997,10.250261613999999
590,Si,sc4,1.1000000238418579,13.939940418999999,0.85322829600000005,6.1119544819999998
591,Si,sc4,1.1000000238418579,9.5343624259999995,2.8486958229999999,7.3290848850000003
592,Si,sc4,1.1000000238418579,14.738925331000001,3.0048366780000002,10.86315261
593,Si,sc4,1.1000000238418579,11.562305447,2.8227455959999999,2.621377582
594,Si,sc4,1.1000000238418579,11.89024128,3.4126694249999998,11.770488561000001
595,Si,sc4,1.1000000238418579,9.6423066980000005,3.600885866,4.5231982579999999
596,Si,sc4,1.1000000238418579,14.982674793999999,3.2234179859999998,7.7920121729999998
597,Si,sc4,1.1000000238418579,11.18808889,0.25215783000000003,7.2548051510000002
598,Si,sc4,1.1000000238418579,16.342067182000001,0.45157671999999999,11.362250895000001
599,Si,sc4,1.1000000238418579,14.180920395999999,0.99876334300000003,3.0784082100000001
600,O,oc23,-0.55000001192092896,10.537523499000001,-0.55938788900000003,23.286781386000001
601,O,oc23,-0.55000001192092896,16.977450624999999,0.041095791,15.397288892000001
602,O,oc23,-0.55000001192092896,13.772702323000001,-0.29068615599999997,19.491497227
603,O,oc23,-0.55000001192092896,10.063203742000001,3.5520024029999999,19.265113303
604,O,oc23,-0.55000001192092896,15.781926213,4.2496786660000003,22.587174245
605,O,oc23,-0.55000001192092896,13.106453792,3.9324423639999999,15.134869963
606,O,oc23,-0.55000001192092896,13.56288775,2.884081482,23.57781512
607,O,oc23,-0.55000001192092896,10.571958585999999,3.4160874880000001,15.856939954
608,O,oc23,-0.55000001192092896,16.192647264000001,2.5664233410000001,19.407388313999999
609,O,oc23,-0.55000001192092896,10.734224536999999,0.32551138499999999,20.92601127
610,O,oc23,-0.55000001192092896,16.844682422000002,0.72571005,12.870576427
611,O,oc23,-0.55000001192092896,13.791855025,0.31260798400000001,16.946397643000001
612,O,oc23,-0.55000001192092896,11.088420255000001,2.1011258900000001,22.703976681
613,O,oc23,-0.55000001192092896,8.3634968700000005,2.5186932500000001,14.709449665999999
614,O,oc23,-0.55000001192092896,13.757419938,2.2069514950000002,18.741345434999999
615,O,oc23,-0.55000001192092896,9.1463988819999997,1.1344345650000001,18.942655291000001
616,O,oc23,-0.55000001192092896,15.871919053999999,1.826978542,22.999756634000001
617,O,oc23,-0.55000001192092896,12.172196703999999,1.3398560589999999,15.089740028
618,O,oc23,-0.55000001192092896,14.68406865,0.79818144300000005,14.460067897
619,O,oc23,-0.55000001192092896,8.6243972489999994,0.99155801099999996,22.512159265000001
620,O,oc23,-0.55000001192092896,11.630408917,0.67906707099999997,18.499318114000001
621,O,oc23,-0.55000001192092896,8.3902241380000007,3.0248185990000001,17.308236129000001
622,O,oc23,-0.55000001192092896,14.332475353,2.7086414360000002,21.149651471999999
623,O,oc23,-0.55000001192092896,11.413253469000001,3.134393378,13.255680755
624,Si,sc4,1.1000000238418579,16.280103316999998,1.0461798449999999,14.356972112999999
625,Si,sc4,1.1000000238418579,10.228206361,0.75287640600000005,22.380715677000001
626,Si,sc4,1.1000000238418579,13.215565525000001,0.75814796399999995,18.398228812999999
627,Si,sc4,1.1000000238418579,8.7752521269999999,2.7017427490000001,18.856007888000001
628,Si,sc4,1.1000000238418579,14.831386345,2.9510025139999998,22.625149981
629,Si,sc4,1.1000000238418579,11.839890356,2.9542427550000001,14.873653528
630,Si,sc4,1.1000000238418579,11.917202238,3.0444625300000001,23.691140581999999
631,Si,sc4,1.1000000238418579,8.9879366219999994,3.5068472160000002,15.928679205
632,Si,sc4,1.1000000238418579,14.700519488999999,3.0271671379999998,19.674019464000001
633,Si,sc4,1.1000000238418579,10.34949786,0.17594826399999999,19.361858875999999
634,Si,sc4,1.1000000238418579,16.147367929000001,0.24919660299999999,23.154467060000002
635,Si,sc4,1.1000000238418579,13.400021164,0.316075467,15.395350154999999
636,O,oc23,-0.55000001192092896,11.682829247000001,4.982858963,11.344868014999999
637,O,oc23,-0.55000001192092896,16.662227572999999,4.1771724880000001,3.5622758019999998
638,O,oc23,-0.55000001192092896,14.816404277,4.5626296059999998,6.9328816360000003
639,O,oc23,-0.55000001192092896,10.717573818,8.7987897000000004,6.8994523680000004
640,O,oc23,-0.55000001192092896,15.923738749,8.8329698079999996,10.897317621999999
641,O,oc23,-0.55000001192092896,13.144559317000001,9.5362200549999994,2.2644738599999998
642,O,oc23,-0.55000001192092896,13.438193314999999,8.1687416000000006,11.687584136
643,O,oc23,-0.55000001192092896,10.750007119999999,8.8523416860000008,3.1756536610000001
644,O,oc23,-0.55000001192092896,16.261951010000001,8.0899291259999995,7.8052500819999997
645,O,oc23,-0.55000001192092896,11.306711341,6.0065520069999998,8.9689207549999992
646,O,oc24,-0.67500001192092896,17.068444855999999,5.2188088690000001,1.249342854
647,O,oc23,-0.55000001192092896,13.614607007,5.0016737539999996,4.6148274980000004
648,O,oc23,-0.55000001192092896,11.049580841999999,7.5159069340000002,10.913630510999999
649,O,oc23,-0.55000001192092896,8.9423897849999996,7.1988798640000002,2.5254489489999998
650,O,oc23,-0.55000001192092896,14.148687968999999,7.046411473,6.4758846319999996
651,O,oc23,-0.55000001192092896,10.117993796,6.3170638099999996,6.6441602399999997
652,O,oc23,-0.55000001192092896,15.189653255,6.3218024230000003,10.956955208
653,O,oc23,-0.55000001192092896,12.704776078,7.0015345709999997,3.3276161310000001
654,O,oc23,-0.55000001192092896,14.654138326,5.328108479,2.3319675160000002
655,O,oc23,-0.55000001192092896,9.2725610940000003,5.524756505,10.574792859
656,O,oc23,-0.55000001192092896,12.292653876999999,5.1415643380000002,6.6640841020000003
657,O,oc23,-0.55000001192092896,8.9516658190000005,8.2113185069999997,4.9132699769999997
658,O,oc23,-0.55000001192092896,14.062131876,7.9845670240000004,9.1573946960000008
659,O,oc24,-0.67500001192092896,11.613525502,7.7567351139999996,0.99197805299999997
660,Si,sc4,1.1000000238418579,16.239228307000001,5.424516176,2.646355759
661,Si,sc4,1.1000000238418579,10.799324831,5.9952976070000004,10.471563574999999
662,Si,sc4,1.1000000238418579,13.726354970999999,5.4813084029999999,6.1634685009999997
663,Si,sc4,1.1000000238418579,9.5150426590000006,7.84377046,6.4658422519999998
664,Si,sc4,1.1000000238418579,14.639724078,7.8387530439999997,10.656827542
665,Si,sc4,1.1000000238418579,12.099789346,8.2926396889999996,2.4925213020000001
666,Si,sc4,1.1000000238418579,11.864815718999999,8.4930860819999996,11.827719163999999
667,Si,sc4,1.1000000238418579,9.202622903,8.5367776820000003,3.3043428170000002
668,Si,sc4,1.1000000238418579,14.672757021000001,8.1657801610000007,7.6215901060000002
669,Si,sc4,1.1000000238418579,11.078710651,5.3844827620000002,7.5830126250000003
670,Si,sc4,1.1000000238418579,16.472367212000002,5.4600897799999997,11.344266269
671,Si,sc4,1.1000000238418579,13.201885165,5.3913464040000001,3.116156299
672,H,hoy,0.40000000596046448,12.185443491999999,8.0618463410000007,0.326345885
673,H,hoy,0.40000000596046448,16.760496052000001,5.7696956019999996,0.53631268499999996
674,O,oc23,-0.55000001192092896,11.585730217,4.5407838050000002,23.376505263999999
675,O,oc23,-0.55000001192092896,17.120463436000001,5.1687063569999996,15.369809834
676,O,oc23,-0.55000001192092896,14.449828911999999,4.6163908229999997,19.296671082
677,O,oc23,-0.55000001192092896,10.052993939,8.5852779859999995,18.958501926
678,O,oc23,-0.55000001192092896,15.439943077000001,9.1910754150000002,23.580156348999999
679,O,oc23,-0.55000001192092896,13.178861149999999,8.864502066,15.067008185000001
680,O,oc23,-0.55000001192092896,13.009488016000001,8.0906954449999997,23.919261995999999
681,O,oc23,-0.55000001192092896,10.707463457999999,8.3446938230000001,15.720816896000001
682,O,oc23,-0.55000001192092896,16.063314813000002,7.5366032560000003,19.675691201999999
683,O,oc23,-0.55000001192092896,11.045443023000001,5.4897405069999996,20.815828036999999
684,O,oc23,-0.55000001192092896,16.963468954,5.7576058310000002,12.841292132
685,O,oc23,-0.55000001192092896,14.098769623000001,5.6430453060000003,16.928413017
686,O,oc23,-0.55000001192092896,10.665554243000001,7.07954594,22.802591252999999
687,O,oc23,-0.55000001192092896,8.6295692739999996,7.3492927950000002,14.608225869
688,O,oc23,-0.55000001192092896,13.665158805000001,7.0962003969999996,19.119763808999998
689,O,oc23,-0.55000001192092896,9.6536183280000003,6.012753687,18.489156182999999
690,O,oc23,-0.55000001192092896,15.609150142000001,6.4985209639999999,23.854341202000001
691,O,oc23,-0.55000001192092896,12.301696219,6.3757375679999999,15.131259488
692,O,oc23,-0.55000001192092896,14.786107009,5.7141925139999996,14.453983688999999
693,O,oc23,-0.55000001192092896,9.0871716859999996,5.0550518120000003,22.606697107999999
694,O,oc23,-0.55000001192092896,12.046334809999999,5.0668627800000001,18.497512876999998
695,O,oc23,-0.55000001192092896,8.5099802380000007,7.9364150950000001,17.017736395
696,O,oc23,-0.55000001192092896,14.316592332999999,7.6762150370000004,21.641596555
697,O,oc23,-0.55000001192092896,11.391998544,8.2082179269999997,13.340925412000001
698,Si,sc4,1.1000000238418579,16.351009087000001,6.1604834640000004,14.351356150999999
699,Si,sc4,1.1000000238418579,10.641396579,5.4992172139999997,22.397496812
700,Si,sc4,1.1000000238418579,13.567358703,5.6608144559999998,18.406986007
701,Si,sc4,1.1000000238418579,8.9619094320000006,7.5348613860000002,18.454723175000002
702,Si,sc4,1.1000000238418579,14.598848074999999,7.8046430259999999,23.246597920999999
703,Si,sc4,1.1000000238418579,11.886737906,7.9408401189999998,14.80372051
704,Si,sc4,1.1000000238418579,11.369841671,8.3898490090000006,23.388404687000001
705,Si,sc4,1.1000000238418579,9.1104283969999997,8.4629125340000009,15.635103993
706,Si,sc4,1.1000000238418579,14.595378512,7.9566586859999999,20.08205688
707,Si,sc4,1.1000000238418579,10.708631912,5.0705214859999996,19.285839658
708,Si,sc4,1.1000000238418579,16.798501138999999,5.3349721219999999,23.324822875999999
709,Si,sc4,1.1000000238418579,13.561386162,5.4275824899999998,15.420689230000001
710,O,oc23,-0.55000001192092896,11.694140877000001,10.019478625,11.343664522999999
711,O,oc23,-0.55000001192092896,17.180459326000001,9.3666102119999994,3.9269080719999998
712,O,oc23,-0.55000001192092896,14.469783123999999,9.6499446899999999,7.2360847809999997
713,O,oc23,-0.55000001192092896,10.6761648,13.669805559,7.4372616349999996
714,O,oc23,-0.55000001192092896,16.205426671000001,13.699525856999999,10.681966366999999
715,O,oc23,-0.55000001192092896,12.590525137,14.626811204999999,3.2041688380000002
716,O,oc23,-0.55000001192092896,13.74440684,13.469916773,11.333301346000001
717,O,oc23,-0.55000001192092896,10.954216096,12.606916029000001,3.5355992380000001
718,O,oc23,-0.55000001192092896,16.680012936000001,13.186860577999999,7.3322271140000002
719,O,oc23,-0.55000001192092896,11.659105154000001,10.499497472,8.6425175220000003
720,O,oc23,-0.55000001192092896,18.535146076,9.2554638560000004,1.885065942
721,O,oc23,-0.55000001192092896,14.378823699,10.186581837,4.5267215590000003
722,O,oc23,-0.55000001192092896,11.486261462,12.546081937,10.453912699
723,O,oc23,-0.55000001192092896,8.2614928180000007,12.301908640000001,3.0617670509999999
724,O,oc23,-0.55000001192092896,14.528409686,12.185049158,6.2906266430000004
725,O,oc23,-0.55000001192092896,9.9611663769999996,11.26668343,6.891429424
726,O,oc23,-0.55000001192092896,15.298898241,11.368596577,10.578803834
727,O,oc23,-0.55000001192092896,13.620746612,12.062927204999999,2.8034328190000002
728,O,oc23,-0.55000001192092896,15.717160047,10.352011192999999,2.164326779
729,O,oc23,-0.55000001192092896,9.5049323000000001,10.774749258,10.213623866000001
730,O,oc23,-0.55000001192092896,12.379342230000001,10.652732180999999,6.115798581
731,O,oc23,-0.55000001192092896,9.0113603970000007,13.157001138,5.4372659900000002
732,O,oc23,-0.55000001192092896,14.530411471000001,13.322396228000001,8.8497123319999993
733,O,oc24,-0.67500001192092896,11.869387109,13.231563553999999,1.110270595
734,Si,sc4,1.1000000238418579,17.320667847999999,10.264870971000001,2.5848994859999999
735,Si,sc4,1.1000000238418579,11.108441094,10.941398702000001,10.130317945
736,Si,sc4,1.1000000238418579,13.945045817,10.619458571999999,6.0547637290000003
737,Si,sc4,1.1000000238418579,9.4166091059999992,12.784958496,6.9565494719999998
738,Si,sc4,1.1000000238418579,14.901191281999999,12.896488011000001,10.378764219000001
739,Si,sc4,1.1000000238418579,12.326254638,13.101532317,2.6989532189999998
740,Si,sc4,1.1000000238418579,12.180105398,13.437583930000001,11.642052705999999
741,Si,sc4,1.1000000238418579,9.3782360800000006,13.120869927999999,3.9182031820000001
742,Si,sc4,1.1000000238418579,15.118480977999999,13.363300837000001,7.2860949330000002
743,Si,sc4,1.1000000238418579,11.211413221999999,10.32180286,7.1113266480000004
744,Si,sc4,1.1000000238418579,16.453481017000001,10.398769107,11.118351586999999
745,Si,sc4,1.1000000238418579,14.268410258999999,10.526883507999999,2.9341610870000001
746,H,hoy,0.40000000596046448,10.959121615000001,13.60486055,1.002655367
747,O,oc23,-0.55000001192092896,11.524000042999999,9.5023545739999999,22.215108074
748,O,oc23,-0.55000001192092896,17.145256539999998,10.182888346,15.230544547999999
749,O,oc23,-0.55000001192092896,14.362673178,9.4807865390000003,19.503263148999999
750,O,oc23,-0.55000001192092896,10.236281124,13.384345531999999,18.653693793999999
751,O,oc23,-0.55000001192092896,15.379514610999999,13.910842971999999,23.325024121999999
752,O,oc23,-0.55000001192092896,13.181630634999999,14.023591536,15.105050671000001
753,O,oc23,-0.55000001192092896,13.219669532999999,12.533085666,23.3571159
754,O,oc23,-0.55000001192092896,10.633254194999999,13.245151696000001,15.579545126999999
755,O,oc23,-0.55000001192092896,16.001785514000002,12.59844914,19.463950422
756,O,oc23,-0.55000001192092896,10.812704872999999,10.800671189999999,20.065943245
757,O,oc23,-0.55000001192092896,16.775110179999999,10.613709103,12.685979959999999
758,O,oc23,-0.55000001192092896,14.274449426,10.427583945,16.839557885000001
759,O,oc23,-0.55000001192092896,10.813372135,12.086202325,22.357247593
760,O,oc23,-0.55000001192092896,8.4392077210000007,12.500159912000001,14.402502546999999
761,O,oc23,-0.55000001192092896,13.607066251999999,11.955892803999999,18.888633666
762,O,oc23,-0.55000001192092896,9.6517497960000007,11.033380855000001,17.904344993999999
763,O,oc23,-0.55000001192092896,15.24487688,11.32594958,22.411603964000001
764,O,oc23,-0.55000001192092896,12.377440881,11.44099814,15.156531813000001
765,O,oc23,-0.55000001192092896,14.771258195,10.809904398,14.333772024
766,O,oc23,-0.55000001192092896,9.2036571089999999,10.352568799,21.973614753
767,O,oc23,-0.55000001192092896,12.165690155,9.9421998269999996,18.121702730999999
768,O,oc23,-0.55000001192092896,8.4674365770000009,13.048259653000001,16.864428713999999
769,O,oc23,-0.55000001192092896,14.148053524,13.36720304,21.028236316000001
770,O,oc23,-0.55000001192092896,11.837320752,12.868997099,13.108926522999999
771,Si,sc4,1.1000000238418579,16.358083454999999,11.077631099,14.154457769
772,Si,sc4,1.1000000238418579,10.643498802,10.683184532,21.605826556
773,Si,sc4,1.1000000238418579,13.653046659999999,10.457721669,18.360452331000001
774,Si,sc4,1.1000000238418579,8.9949771789999993,12.461415119,18.205741905
775,Si,sc4,1.1000000238418579,14.526674407,12.774296487000001,22.493973392000001
776,Si,sc4,1.1000000238418579,12.009130237999999,12.954081343,14.722486826000001
777,Si,sc4,1.1000000238418579,11.691037264,13.036273719,23.219453608999999
778,Si,sc4,1.1000000238418579,9.0173667480000006,13.438141536,15.464080678
779,Si,sc4,1.1000000238418579,14.520968374000001,13.110835096000001,19.479462311999999
780,Si,sc4,1.1000000238418579,10.661416424,10.051359776,18.680505353000001
781,Si,sc4,1.1000000238418579,16.263653472000001,10.443994384,23.204945957
782,Si,sc4,1.1000000238418579,13.652746342,10.398664232,15.345741
783,O,oc23,-0.55000001192092896,11.647159079,14.924814772,11.585090098
784,O,oc23,-0.55000001192092896,16.989630390999999,14.299400929000001,2.6945673989999999
785,O,oc23,-0.55000001192092896,14.831053211,14.8283022,6.433209003
786,O,oc23,-0.55000001192092896,10.525510797000001,18.604094648,7.2606218599999996
787,O,oc23,-0.55000001192092896,16.104790457,18.671131977000002,11.118551837
788,O,oc23,-0.55000001192092896,12.84008107,19.912759684000001,2.3152862569999999
789,O,oc23,-0.55000001192092896,13.587546606,17.888197023,11.636369994000001
790,O,oc23,-0.55000001192092896,10.919647756,18.546500278,3.8367963970000001
791,O,oc23,-0.55000001192092896,16.479240705999999,17.54315622,7.8023753510000002
792,O,oc23,-0.55000001192092896,11.587631565000001,15.515909366000001,9.0738217760000008
793,O,oc24,-0.67500001192092896,17.164307811,16.406819486,1.1581545879999999
794,O,oc23,-0.55000001192092896,13.775004426000001,16.415598926000001,4.4743447720000002
795,O,oc23,-0.55000001192092896,11.193561233,17.460894272000001,10.910221282
796,O,oc23,-0.55000001192092896,8.9265067659999993,17.233515612000001,2.9164235349999998
797,O,oc23,-0.55000001192092896,13.959393438999999,17.133692708000002,6.9923857229999999
798,O,oc23,-0.55000001192092896,9.8155501510000001,16.059095528,7.239962255
799,O,oc23,-0.55000001192092896,15.370805402,16.136027510000002,10.568575151999999
800,O,oc23,-0.55000001192092896,12.213873223,17.157490129999999,2.2967464610000001
801,O,oc23,-0.55000001192092896,14.708227308,15.879868278,2.193002355
802,O,oc23,-0.55000001192092896,9.4091011669999993,15.472704761999999,10.538220865
803,O,oc23,-0.55000001192092896,12.240467237000001,15.355635530000001,6.4522770700000001
804,O,oc23,-0.55000001192092896,8.890269773,17.818825432000001,5.5420066129999999
805,O,oc23,-0.55000001192092896,14.491304556999999,18.225711703000002,9.2353516550000005
806,Si,sc4,1.1000000238418579,16.359585042999999,15.813773790999999,2.5010391420000002
807,Si,sc4,1.1000000238418579,10.987650788,15.888543881,10.51722751
808,Si,sc4,1.1000000238418579,13.725954216,15.929378917999999,6.0416124959999999
809,Si,sc4,1.1000000238418579,9.3674922689999995,17.564305790999999,7.066063711
810,Si,sc4,1.1000000238418579,14.867857028,17.748654294000001,10.659167775
811,Si,sc4,1.1000000238418579,11.656535549999999,18.732593247000001,2.4318807229999999
812,Si,sc4,1.1000000238418579,12.113370262,18.508487537000001,11.731041338000001
813,Si,sc4,1.1000000238418579,9.3644552829999999,18.314035668999999,4.1090572080000003
814,Si,sc4,1.1000000238418579,14.954045183,18.129616556999999,7.7015530500000002
815,Si,sc4,1.1000000238418579,11.101134030000001,15.145677644999999,7.5476446199999998
816,Si,sc4,1.1000000238418579,16.604268273999999,15.207835662000001,11.013183566
817,Si,sc4,1.1000000238418579,13.313098126,16.034218199000001,2.9917062620000001
818,H,hoy,0.40000000596046448,17.481667890000001,15.68036369,0.75951141600000005
819,O,oc23,-0.55000001192092896,11.730478306,14.3417333,22.502999579000001
820,O,oc23,-0.55000001192092896,17.217129889999999,15.060593401,15.168031731999999
821,O,oc23,-0.55000001192092896,14.446025220999999,14.482355935999999,18.638249650999999
822,O,oc23,-0.55000001192092896,10.357438374999999,18.515143505000001,19.369613824000002
823,O,oc23,-0.55000001192092896,15.460363677,18.835271675000001,23.356715399999999
824,O,oc23,-0.55000001192092896,13.14332523,18.964465983,15.333238836
825,O,oc23,-0.55000001192092896,12.942185061,17.449465944,23.622143058999999
826,O,oc23,-0.55000001192092896,10.683839803,18.036588763000001,15.652219874
827,O,oc23,-0.55000001192092896,15.947996849000001,17.487339543000001,19.489223743
828,O,oc23,-0.55000001192092896,11.320491144,15.147211321,20.065142246000001
829,O,oc23,-0.55000001192092896,17.035010163999999,15.512843051999999,12.574460732
830,O,oc23,-0.55000001192092896,14.098402678999999,15.937532219,16.515629381
831,O,oc23,-0.55000001192092896,11.165199124000001,16.797606828999999,21.911571178999999
832,O,oc23,-0.55000001192092896,8.2467777550000001,17.45810728,14.974743824999999
833,O,oc23,-0.55000001192092896,13.493883328000001,17.002860886000001,18.846714702
834,O,oc23,-0.55000001192092896,9.6837823430000007,16.040838863000001,18.306898952000001
835,O,oc23,-0.55000001192092896,15.196226430999999,16.415320642000001,22.501662586999998
836,O,oc23,-0.55000001192092896,12.545846437,16.575349421999999,14.560756698
837,O,oc23,-0.55000001192092896,14.921778945,15.682837093,14.149443552999999
838,O,oc23,-0.55000001192092896,9.3318549169999994,15.112961642,21.904148983999999
839,O,oc23,-0.55000001192092896,12.051607272,15.121393227,17.843369419999998
840,O,oc23,-0.55000001192092896,8.7255674709999997,18.415947778,17.333909949999999
841,O,oc23,-0.55000001192092896,14.075378664,18.255257554,21.163758624
842,O,oc23,-0.55000001192092896,11.629475147999999,18.639563376000002,13.240905107
843,Si,sc4,1.1000000238418579,16.516011706,15.971190026,14.094686683000001
844,Si,sc4,1.1000000238418579,10.917946288,15.28351329,21.546189965
845,Si,sc4,1.1000000238418579,13.512269325,15.644824352000001,17.959637857000001
846,Si,sc4,1.1000000238418579,9.2254132260000006,17.575453757999998,18.672881912000001
847,Si,sc4,1.1000000238418579,14.437916647,17.745692856000002,22.736937205
848,Si,sc4,1.1000000238418579,11.986206661000001,18.035089353,14.711990149
849,Si,sc4,1.1000000238418579,11.225895092,17.520997349999998,23.311785714999999
850,Si,sc4,1.1000000238418579,9.1410597930000002,18.449466442999999,15.819098714000001
851,Si,sc4,1.1000000238418579,14.487934437,17.977565592000001,19.620199084999999
852,Si,sc4,1.1000000238418579,10.727050726,14.881889491000001,18.690800784
853,Si,sc4,1.1000000238418579,16.165652495,15.274732812,23.162692246999999
854,Si,sc4,1.1000000238418579,13.665259241999999,15.594059358000001,15.042471106000001
855,O,oc23,-0.55000001192092896,12.005292735999999,19.890112778999999,10.871577050999999
856,O,oc23,-0.55000001192092896,17.401918663,19.513505451,3.6857631959999999
857,O,oc23,-0.55000001192092896,14.926217082000001,19.591238017999999,6.841486519
858,O,oc23,-0.55000001192092896,10.714504015999999,23.489849166999999,6.7567768570000002
859,O,oc23,-0.55000001192092896,16.083301841000001,23.609218393999999,10.663914991
860,O,oc23,-0.55000001192092896,13.576434856000001,24.746182305000001,2.1633105860000001
861,O,oc23,-0.55000001192092896,13.570028744,23.288114153999999,11.479453831000001
862,O,oc23,-0.55000001192092896,11.201135797999999,23.588766609,2.9058800329999999
863,O,oc23,-0.55000001192092896,16.593090891999999,22.635453416000001,7.4103175720000003
864,O,oc23,-0.55000001192092896,11.504646466000001,20.710643049000002,8.3700034110000008
865,O,oc23,-0.55000001192092896,14.489669715,20.259613485999999,4.3047919490000002
866,O,oc23,-0.55000001192092896,11.331636703999999,22.430094483000001,10.463941131
867,O,oc23,-0.55000001192092896,9.1385906259999992,21.916627581,2.2217379560000001
868,O,oc23,-0.55000001192092896,14.094832679,22.082964474000001,6.370615988
869,O,oc23,-0.55000001192092896,10.052794059,21.114148379,6.183713161
870,O,oc23,-0.55000001192092896,15.197761828999999,21.208291384999999,10.753772369
871,O,oc23,-0.55000001192092896,13.788484905000001,22.202227787999998,2.7533158169999998
872,O,oc23,-0.55000001192092896,15.75579958,20.176479306000001,1.96684035
873,O,oc23,-0.55000001192092896,9.4729335639999999,20.493924321000001,10.261961783
874,O,oc23,-0.55000001192092896,12.49813075,19.980004688000001,6.0553116759999996
875,O,oc23,-0.55000001192092896,9.1403597150000007,23.175434121999999,4.6487982370000003
876,O,oc23,-0.55000001192092896,14.388333423000001,22.872171198,8.8963127580000005
877,O,oc24,-0.67500001192092896,12.421018749,23.046275118000001,0.55946906200000002
878,Si,sc4,1.1000000238418579,17.482702096000001,20.181079296,2.263558041
879,Si,sc4,1.1000000238418579,11.098664863,20.890497476,9.9574893929999995
880,Si,sc4,1.1000000238418579,14.024360479,20.516886890999999,5.8797548449999999
881,Si,sc4,1.1000000238418579,9.4997940849999996,22.611552156999998,6.1824498930000003
882,Si,sc4,1.1000000238418579,14.758712479,22.7277855,10.427837382
883,Si,sc4,1.1000000238418579,12.688125359000001,23.365080402,2.155849039
884,Si,sc4,1.1000000238418579,11.939058792999999,23.354767286000001,11.592310051
885,Si,sc4,1.1000000238418579,9.4932875360000004,23.34755475,2.9384198829999999
886,Si,sc4,1.1000000238418579,15.032525519,23.020805917000001,7.3934691890000002
887,Si,sc4,1.1000000238418579,11.141241340000001,20.100592965000001,6.9236551999999998
888,Si,sc4,1.1000000238418579,16.469130346,20.252679233999999,11.168562487999999
889,Si,sc4,1.1000000238418579,14.274249546,20.635244744000001,2.77519859
890,H,hoy,0.40000000596046448,12.710781434999999,23.775902104,0.040060348000000003
891,O,oc23,-0.55000001192092896,10.733790966000001,19.059375308,23.241985200999999
892,O,oc23,-0.55000001192092896,17.024164921000001,20.068573709999999,15.216302900000001
893,O,oc23,-0.55000001192092896,14.582798985,19.328739521999999,18.794364814000001
894,O,oc23,-0.55000001192092896,10.076917912000001,23.539707661000001,19.488221498000001
895,O,oc23,-0.55000001192092896,16.500462814999999,24.360725966,23.763348079
896,O,oc23,-0.55000001192092896,13.132179669999999,23.822902998,14.830263077
897,O,oc23,-0.55000001192092896,14.16039936,22.838442782000001,24.142368199
898,O,oc23,-0.55000001192092896,10.698621989999999,23.449537468999999,15.62795079
899,O,oc23,-0.55000001192092896,16.285909787000001,22.731930683000002,19.580017612999999
900,O,oc23,-0.55000001192092896,11.219354731999999,20.457689274,20.991665317999999
901,O,oc23,-0.55000001192092896,16.862566232999999,20.659042164999999,12.631423338999999
902,O,oc23,-0.55000001192092896,14.022458135999999,20.978960583999999,16.882815831999999
903,O,oc23,-0.55000001192092896,11.951137127999999,21.457689771999998,23.401443838999999
904,O,oc23,-0.55000001192092896,8.6120852229999993,22.404974175,14.716469369
905,O,oc23,-0.55000001192092896,13.931631963999999,21.887326784999999,19.469834380000002
906,O,oc23,-0.55000001192092896,9.7860205820000008,21.051918713999999,18.792491831
907,O,oc23,-0.55000001192092896,16.420847835,21.466434946,23.835286583999999
908,O,oc23,-0.55000001192092896,12.247140849999999,21.432708605999998,15.064802448
909,O,oc23,-0.55000001192092896,14.681332976,20.930181996999998,14.278614654
910,O,oc23,-0.55000001192092896,9.3241470979999992,21.233307855,22.908562265
911,O,oc23,-0.55000001192092896,12.204462940999999,20.144042625000001,18.555613222000002
912,O,oc23,-0.55000001192092896,8.6299700290000008,23.147840411000001,17.404712708999998
913,O,oc23,-0.55000001192092896,15.011304404000001,22.730815471,21.826593522
914,O,oc23,-0.55000001192092896,11.442550342000001,22.829035127000001,13.084189194
915,Si,sc4,1.1000000238418579,16.272962322000001,21.033558210999999,14.133197414
916,Si,sc4,1.1000000238418579,10.801427053999999,20.558243190999999,22.599141414000002
917,Si,sc4,1.1000000238418579,13.766062521,20.636987133000002,18.397627067999998
918,Si,sc4,1.1000000238418579,9.05934259,22.537617956999998,18.864900574
919,Si,sc4,1.1000000238418579,15.612353197999999,22.894294763000001,23.397899119000002
920,Si,sc4,1.1000000238418579,11.878629331999999,22.940182521000001,14.644596618
921,Si,sc4,1.1000000238418579,12.495895274,22.941958138,23.844914515999999
922,Si,sc4,1.1000000238418579,9.1169349450000006,23.430059676999999,15.841897307
923,Si,sc4,1.1000000238418579,14.893517274000001,22.992061689,20.149516165000001
924,Si,sc4,1.1000000238418579,10.910571601999999,20.065298683000002,19.488956743999999
925,Si,sc4,1.1000000238418579,16.771406927000001,19.977356837999999,23.28263492
926,Si,sc4,1.1000000238418579,13.533791752000001,20.572005781000001,15.403172850000001
927,O,oc23,-0.55000001192092896,11.545454848,24.85983633,11.349079239
928,O,oc23,-0.55000001192092896,17.875103777,24.520161836,2.5662326649999998
929,O,oc23,-0.55000001192092896,14.850306351,24.601308571000001,6.9451835510000004
930,O,oc23,-0.55000001192092896,10.642564039,28.477551098999999,7.3120357540000001
931,O,oc23,-0.55000001192092896,15.950065262000001,28.842626262,11.056640766999999
932,O,oc23,-0.55000001192092896,12.588055969999999,29.522079088000002,2.7806743269999998
933,O,oc23,-0.55000001192092896,13.572964299000001,28.01690413,11.570179954
934,O,oc23,-0.55000001192092896,10.961023957,27.513577973,3.3932243510000002
935,O,oc23,-0.55000001192092896,16.433493988999999,27.893599470000002,7.9603615049999998
936,O,oc23,-0.55000001192092896,11.54812489,25.204667382,8.6667876019999994
937,O,oc23,-0.55000001192092896,18.833317653999998,27.023455762000001,1.9927547699999999
938,O,oc23,-0.55000001192092896,14.621237643000001,25.397169185999999,4.4376592029999999
939,O,oc23,-0.55000001192092896,11.362901551,27.322399055999998,10.387321162999999
940,O,oc23,-0.55000001192092896,8.3285948980000004,27.322156075999999,2.760155444
941,O,oc23,-0.55000001192092896,14.311721619,27.147840329000001,6.5205861719999998
942,O,oc23,-0.55000001192092896,9.9391109370000006,25.957985875999999,6.8119347259999996
943,O,oc23,-0.55000001192092896,15.30640618,26.168328996,10.529864171
944,O,oc23,-0.55000001192092896,13.595788432999999,27.296198839999999,2.9088618629999998
945,O,oc23,-0.55000001192092896,16.003720672,26.252156809999999,2.178012759
946,O,oc23,-0.55000001192092896,9.3989908070000006,25.675417715999998,10.157797003000001
947,O,oc23,-0.55000001192092896,12.482047850000001,25.321980632999999,6.0454969439999999
948,O,oc23,-0.55000001192092896,8.9777924519999992,27.826911033999998,5.2693176560000001
949,O,oc23,-0.55000001192092896,14.213420325,28.108540504,9.0300955829999996
950,O,oc24,-0.67500001192092896,12.029917781,27.890079387,0.88892255600000003
951,Si,sc4,1.1000000238418579,17.573929023000002,26.051119582999998,2.6421903640000002
952,Si,sc4,1.1000000238418579,10.957420147000001,25.789387407,10.106717357000001
953,Si,sc4,1.1000000238418579,14.055258382,25.617825422999999,5.9698802180000001
954,Si,sc4,1.1000000238418579,9.4195446599999997,27.513891562000001,6.808592247
955,Si,sc4,1.1000000238418579,14.789243438,27.786912923999999,10.570714139
956,Si,sc4,1.1000000238418579,12.220646279,28.025964968,2.4738009320000001
957,Si,sc4,1.1000000238418579,12.008896547000001,28.213727639999998,11.610562673
958,Si,sc4,1.1000000238418579,9.4721658640000008,28.001295314,3.7033871729999999
959,Si,sc4,1.1000000238418579,14.908365093,28.150175089000001,7.552859583
960,Si,sc4,1.1000000238418579,11.186354606,24.995615997000002,7.0772288840000002
961,Si,sc4,1.1000000238418579,16.496691940000002,25.209616266000001,10.968388377
962,Si,sc4,1.1000000238418579,14.483630548000001,25.925200302,2.8785015980000002
963,H,hoy,0.40000000596046448,12.047636517000001,28.711166223999999,0.51165798399999995
964,O,oc23,-0.55000001192092896,11.987440747000001,24.153867623,22.787950101
965,O,oc23,-0.55000001192092896,17.119329787000002,25.069236609000001,15.112739866
966,O,oc23,-0.55000001192092896,14.463443639999999,24.523681919000001,19.629426517999999
967,O,oc23,-0.55000001192092896,10.279926613000001,28.489257711,18.522584951999999
968,O,oc23,-0.55000001192092896,15.426295533999999,29.393165140000001,22.291326545
969,O,oc23,-0.55000001192092896,13.144025308,28.728691875999999,14.819498403000001
970,O,oc23,-0.55000001192092896,13.493149439,27.742767555,22.142298831000002
971,O,oc23,-0.55000001192092896,10.718441953999999,28.253551302999998,15.475446100999999
972,O,oc23,-0.55000001192092896,15.975858761,27.848897532999999,17.790619032999999
973,O,oc23,-0.55000001192092896,10.974303561999999,25.603992223999999,20.8358849
974,O,oc23,-0.55000001192092896,16.79973622,25.312608281999999,12.560955325
975,O,oc23,-0.55000001192092896,14.099970893,25.153415391999999,16.855603773999999
976,O,oc23,-0.55000001192092896,11.198833694999999,26.778480841,23.122576528
977,O,oc23,-0.55000001192092896,8.6619359490000001,27.241287624999998,14.367000544
978,O,oc23,-0.55000001192092896,13.700996036999999,26.895829396,18.685652072
979,O,oc23,-0.55000001192092896,9.6341981239999992,25.958648357000001,18.521781959999998
980,O,oc23,-0.55000001192092896,15.905653067999999,26.870499336000002,22.899938571
981,O,oc23,-0.55000001192092896,12.361590678000001,26.287488473,15.160677283
982,O,oc23,-0.55000001192092896,14.821443049000001,25.766250391,14.284096119999999
983,O,oc23,-0.55000001192092896,9.3546124240000008,24.884503907999999,22.833947784999999
984,O,oc23,-0.55000001192092896,11.998852813999999,25.089061217000001,18.482937479
985,O,oc23,-0.55000001192092896,8.5515901299999992,27.783777039,16.900868204999998
986,O,oc23,-0.55000001192092896,15.384486755999999,27.661656124,20.355841233
987,O,oc23,-0.55000001192092896,11.586964303,27.638660326,13.037254022000001
988,Si,sc4,1.1000000238418579,16.372531513999999,25.927640477000001,14.037522829
989,Si,sc4,1.1000000238418579,10.882409373,25.318531158999999,22.434938548000002
990,Si,sc4,1.1000000238418579,13.600092322,25.325604553000002,18.440349023
991,Si,sc4,1.1000000238418579,9.0513682640000006,27.503019801000001,18.348084663000002
992,Si,sc4,1.1000000238418579,15.071031798,27.917500729,21.936039517000001
993,Si,sc4,1.1000000238418579,11.938224467,27.696462370999999,14.608292619
994,Si,sc4,1.1000000238418579,12.222181677,28.068262034,23.103121411
995,Si,sc4,1.1000000238418579,9.1026201400000009,28.319228365000001,15.509611112
996,Si,sc4,1.1000000238418579,14.787775661,27.999797981,18.910563512
997,Si,sc4,1.1000000238418579,10.658814003,25.039935813,19.366338096
998,Si,sc4,1.1000000238418579,17.130807486999998,25.801964174999998,23.183552102
999,Si,sc4,1.1000000238418579,13.639966935,25.308218043,15.307899761
1000,O,oc23,-0.55000001192092896,11.542051912,29.784126929999999,11.369538594
1001,O,oc23,-0.55000001192092896,16.819923127999999,29.292958038999998,3.8008064720000001
1002,O,oc23,-0.55000001192092896,14.834790275,29.648172815999999,6.8573316599999998
1003,O,oc23,-0.55000001192092896,10.650872493,33.500339639000003,7.2322068079999999
1004,O,oc23,-0.55000001192092896,15.734911599,33.838097296999997,11.292718377
1005,O,oc23,-0.55000001192092896,13.70426572,34.264180998999997,2.9982514920000001
1006,O,oc23,-0.55000001192092896,13.452407683000001,32.808690089000002,11.379901772
1007,O,oc23,-0.55000001192092896,11.335573648,33.228954751000003,3.644625306
1008,O,oc23,-0.55000001192092896,16.474435625000002,32.342888639000002,7.2469824559999996
1009,O,oc23,-0.55000001192092896,11.469878245,30.497900044000001,8.7085740620000003
1010,O,oc24,-0.67500001192092896,17.362610874000001,29.780467705,1.264105177
1011,O,oc23,-0.55000001192092896,14.143649198,30.800257507000001,4.5637408779999999
1012,O,oc23,-0.55000001192092896,11.084683191,32.354699087999997,10.540159601999999
1013,O,oc23,-0.55000001192092896,9.0752594210000002,32.158050023999998,2.6644945579999999
1014,O,oc23,-0.55000001192092896,13.945979586,32.105055643999997,6.8656221029999998
1015,O,oc23,-0.55000001192092896,9.931536371,30.96032263,6.8463672349999998
1016,O,oc23,-0.55000001192092896,15.362363694000001,31.307384107000001,10.421152425000001
1017,O,oc23,-0.55000001192092896,13.134783085,31.927919675999998,2.3421568449999999
1018,O,oc23,-0.55000001192092896,15.015841984,30.215157437999999,2.2402042780000002
1019,O,oc23,-0.55000001192092896,9.3549455580000007,30.489154871,10.235152215999999
1020,O,oc23,-0.55000001192092896,12.341069641000001,30.133940093,6.2481980879999997
1021,O,oc23,-0.55000001192092896,9.2213420339999992,32.737229292999999,5.2024257460000003
1022,O,oc23,-0.55000001192092896,14.650201382000001,33.372781805000002,8.9996755420000003
1023,O,oc24,-0.67500001192092896,11.911229698,33.918755998000002,1.132581265
1024,Si,sc4,1.1000000238418579,16.511073371999998,30.237281003,2.595991433
1025,Si,sc4,1.1000000238418579,10.898826401999999,30.749877748999999,10.202324195999999
1026,Si,sc4,1.1000000238418579,13.802499393,30.696951901999999,6.1320183190000002
1027,Si,sc4,1.1000000238418579,9.4915860680000002,32.466820474999999,6.7389924810000004
1028,Si,sc4,1.1000000238418579,14.789043557999999,32.832277759,10.515757019
1029,Si,sc4,1.1000000238418579,12.517317263000001,33.364036632000001,2.5632976599999999
1030,Si,sc4,1.1000000238418579,11.881265562999999,33.235540110000002,11.563695247
1031,Si,sc4,1.1000000238418579,9.6779768659999998,33.253134293999999,3.7177416480000001
1032,Si,sc4,1.1000000238418579,15.004130593999999,33.103349057999999,7.4502320449999999
1033,Si,sc4,1.1000000238418579,11.11164415,30.010843108,7.2734582730000001
1034,Si,sc4,1.1000000238418579,16.49091928,30.297419386000001,10.972199101999999
1035,Si,sc4,1.1000000238418579,13.729358145999999,30.605282299999999,3.033338799
1036,H,hoy,0.40000000596046448,11.87002056,33.16418315,0.577538247
1037,H,hoy,0.40000000596046448,16.914519180999999,29.039308554000002,0.84309112399999997
1038,O,oc23,-0.55000001192092896,11.523433217999999,29.481767390000002,22.681445089
1039,O,oc23,-0.55000001192092896,17.168046864000001,29.932936094999999,14.857674389
1040,O,oc23,-0.55000001192092896,14.202943020999999,29.49793485,18.90722203
1041,O,oc23,-0.55000001192092896,10.052059176,33.511487606000003,18.920793190000001
1042,O,oc23,-0.55000001192092896,14.825747932000001,34.186064235000003,22.705847672000001
1043,O,oc23,-0.55000001192092896,12.947524151,33.687859330999999,14.939710068
1044,O,oc23,-0.55000001192092896,12.560328306000001,32.563542798,23.565044959000002
1045,O,oc23,-0.55000001192092896,10.592612876,33.005339153000001,15.630491273000001
1046,O,oc23,-0.55000001192092896,15.916864261000001,33.135229170999999,19.441887075
1047,O,oc23,-0.55000001192092896,11.249819064,30.133555895000001,20.123575343999999
1048,O,oc23,-0.55000001192092896,16.831935830999999,30.853671388999999,12.452042334
1049,O,oc23,-0.55000001192092896,14.067837909,30.554098840999998,16.462610997999999
1050,O,oc23,-0.55000001192092896,10.995225354,32.008962574000002,21.901674255
1051,O,oc23,-0.55000001192092896,8.2237542379999997,32.371493725000001,14.598932682999999
1052,O,oc23,-0.55000001192092896,13.718513897999999,32.137041670999999,18.504532579999999
1053,O,oc23,-0.55000001192092896,9.4916526950000009,31.077147845999999,18.398428067000001
1054,O,oc23,-0.55000001192092896,15.105700576,31.663433736000002,23.462953413000001
1055,O,oc23,-0.55000001192092896,12.236730173,31.216341680999999,14.788543366000001
1056,O,oc23,-0.55000001192092896,14.722241796,30.669009297999999,13.921189634999999
1057,O,oc23,-0.55000001192092896,9.2263469950000001,30.509536047000001,21.705780110999999
1058,O,oc23,-0.55000001192092896,12.001489045,30.280414997000001,17.786875058
1059,O,oc23,-0.55000001192092896,8.4177857320000005,32.981994462000003,17.041670732
1060,O,oc23,-0.55000001192092896,13.966067052,32.419227708999998,21.130931601
1061,O,oc23,-0.55000001192092896,11.338677261000001,32.932659307000002,13.09381613
1062,Si,sc4,1.1000000238418579,16.333458409999999,31.028890521000001,13.929479579000001
1063,Si,sc4,1.1000000238418579,10.801993877999999,30.494205515000001,21.575139515
1064,Si,sc4,1.1000000238418579,13.58234077,30.652771227999999,17.922196119999999
1065,Si,sc4,1.1000000238418579,8.8308755130000005,32.561939551000002,18.485611462000001
1066,Si,sc4,1.1000000238418579,14.096167202,32.732247180999998,22.743622162000001
1067,Si,sc4,1.1000000238418579,11.761944029,32.682457219,14.627280487
1068,Si,sc4,1.1000000238418579,10.936431728000001,32.703502952999997,23.278623946
1069,Si,sc4,1.1000000238418579,9.0280111160000001,33.269162612000002,15.611971650999999
1070,Si,sc4,1.1000000238418579,14.332342099,33.043038306,19.688194363000001
1071,Si,sc4,1.1000000238418579,10.753811805,30.005129983,18.663722226000001
1072,Si,sc4,1.1000000238418579,16.05086854,30.344177299999998,23.372225298
1073,Si,sc4,1.1000000238418579,13.552210565999999,30.272716503000002,15.004963616
1074,O,oc23,-0.55000001192092896,19.867410441000001,-0.076235232999999999,11.404639101000001
1075,O,oc23,-0.55000001192092896,25.944598709000001,-1.120482862,2.236948226
1076,O,oc23,-0.55000001192092896,23.109996765999998,-0.112331139,7.0058243789999999
1077,O,oc23,-0.55000001192092896,18.906927277000001,3.7560023650000001,7.8128720280000001
1078,O,oc23,-0.55000001192092896,23.868606867,4.1400657269999996,11.448966044000001
1079,O,oc23,-0.55000001192092896,20.422478826999999,4.3680718240000003,1.938532522
1080,O,oc23,-0.55000001192092896,21.676594994999999,2.7767295989999998,11.249728425000001
1081,O,oc23,-0.55000001192092896,19.175735355,3.2542566119999998,3.8685205530000002
1082,O,oc23,-0.55000001192092896,24.49104384,2.912867764,7.4281019490000002
1083,O,oc23,-0.55000001192092896,19.786060183,0.37910185600000001,8.8565985349999998
1084,O,oc24,-0.67500001192092896,25.291231017000001,0.95723519099999999,0.76887160099999996
1085,O,oc23,-0.55000001192092896,22.517657182000001,1.0046028899999999,4.6990823639999997
1086,O,oc23,-0.55000001192092896,19.362660162000001,2.3209720659999999,10.506062336999999
1087,O,oc23,-0.55000001192092896,17.333581502000001,1.7221948140000001,3.9730938020000002
1088,O,oc23,-0.55000001192092896,22.080842314000002,2.3523784220000001,6.8988506230000004
1089,O,oc23,-0.55000001192092896,18.283153792,1.3008052050000001,6.9063390690000004
1090,O,oc23,-0.55000001192092896,23.844281145,1.671492642,10.339450496
1091,O,oc23,-0.55000001192092896,21.159265188999999,1.8236162920000001,2.5065749039999998
1092,O,oc23,-0.55000001192092896,23.431225175000002,0.19873771800000001,2.3391012920000001
1093,O,oc23,-0.55000001192092896,17.550470442999998,0.50145650200000003,10.302478001000001
1094,O,oc23,-0.55000001192092896,20.567259733,0.31840048100000001,6.3933343799999998
1095,O,oc23,-0.55000001192092896,17.573226955999999,3.467569997,5.843056324
1096,O,oc23,-0.55000001192092896,22.659335468999998,3.7891370919999998,9.0269533539999998
1097,Si,sc4,1.1000000238418579,25.029461507000001,0.32245224300000003,2.2261641249999999
1098,Si,sc4,1.1000000238418579,19.116274468,0.78242589200000001,10.249726618
1099,Si,sc4,1.1000000238418579,22.079008587000001,0.90346696500000001,6.2935282729999997
1100,Si,sc4,1.1000000238418579,17.807900265000001,2.7909976159999998,7.230468321
1101,Si,sc4,1.1000000238418579,23.021271822999999,3.1056068360000002,10.488211209999999
1102,Si,sc4,1.1000000238418579,19.835811464999999,2.8584201820000001,2.4737274569999999
1103,Si,sc4,1.1000000238418579,20.204454248000001,3.1804161249999998,11.488145271
1104,Si,sc4,1.1000000238418579,17.666756980999999,3.2303410750000001,4.3659737500000002
1105,Si,sc4,1.1000000238418579,23.00849341,3.5349647860000002,7.4657434370000004
1106,Si,sc4,1.1000000238418579,19.309838082999999,0.17455981400000001,7.3669266230000003
1107,Si,sc4,1.1000000238418579,24.831126621999999,0.65969493300000004,11.156259577
1108,Si,sc4,1.1000000238418579,22.106969940999999,0.66083078299999998,3.2129205519999999
1109,H,hoy,0.40000000596046448,25.635148317999999,0.26683920100000003,0.215392366
1110,O,oc23,-0.55000001192092896,20.074822474000001,-0.42862563799999998,22.949279730000001
1111,O,oc23,-0.55000001192092896,25.528306867000001,0.23059131999999999,14.969261362999999
1112,O,oc23,-0.55000001192092896,23.02354111,-0.326296103,19.448506279
1113,O,oc23,-0.55000001192092896,18.467409550999999,4.0001751429999999,19.300148056000001
1114,O,oc23,-0.55000001192092896,23.713448101000001,4.3096418239999998,23.653431845
1115,O,oc23,-0.55000001192092896,21.365410319999999,3.962545821,14.381040946000001
1116,O,oc23,-0.55000001192092896,21.166574242999999,3.252211537,23.808008772000001
1117,O,oc23,-0.55000001192092896,19.032422227000001,3.4466820949999999,15.359112907
1118,O,oc23,-0.55000001192092896,24.295143317000001,2.8769527949999998,19.656236084
1119,O,oc23,-0.55000001192092896,19.382246434999999,0.66807446999999998,20.701835075999998
1120,O,oc23,-0.55000001192092896,25.16543575,1.228337317,12.647470223999999
1121,O,oc23,-0.55000001192092896,22.529268134999999,0.73816260300000003,16.959434803000001
1122,O,oc23,-0.55000001192092896,18.796947408000001,2.01941441,22.890109392999999
1123,O,oc23,-0.55000001192092896,16.645010030000002,2.6516225840000001,14.636908418999999
1124,O,oc23,-0.55000001192092896,21.959052606,2.2137388169999999,19.140422418
1125,O,oc23,-0.55000001192092896,18.376116992,1.38909828,18.462880616
1126,O,oc23,-0.55000001192092896,23.745381204000001,1.842800354,23.138554671000001
1127,O,oc23,-0.55000001192092896,20.707569685999999,1.450503866,15.17839491
1128,O,oc23,-0.55000001192092896,23.052071278,0.67168755199999997,14.330696546
1129,O,oc23,-0.55000001192092896,17.417634619000001,-0.15518684899999999,22.331842764000001
1130,O,oc23,-0.55000001192092896,20.619178870999999,0.131452598,18.506806062999999
1131,O,oc23,-0.55000001192092896,17.104580416000001,3.282283584,17.125913143999998
1132,O,oc23,-0.55000001192092896,22.426529698,3.5761479380000001,21.470037248000001
1133,O,oc23,-0.55000001192092896,19.813655587,2.602902925,12.88194185
1134,Si,sc4,1.1000000238418579,24.623380461,1.1938367409999999,14.140551863000001
1135,Si,sc4,1.1000000238418579,18.955809427999998,0.49889214399999998,22.236635428
1136,Si,sc4,1.1000000238418579,22.081110809999998,0.73052524299999999,18.538230341999999
1137,Si,sc4,1.1000000238418579,17.553439808,2.8083314279999998,18.557886705000001
1138,Si,sc4,1.1000000238418579,22.741853187,3.180346294,23.021152482000002
1139,Si,sc4,1.1000000238418579,20.245130371999998,2.8304282550000002,14.475043793999999
1140,Si,sc4,1.1000000238418579,19.478077569,3.4680159779999999,23.367544831
1141,Si,sc4,1.1000000238418579,17.460178280000001,3.6037081620000002,15.615514379
1142,Si,sc4,1.1000000238418579,22.831544715,3.4175227779999999,19.914377040000002
1143,Si,sc4,1.1000000238418579,19.164255666999999,0.200786086,19.217645127000001
1144,Si,sc4,1.1000000238418579,25.173176385000001,1.015153014,23.400706601
1145,Si,sc4,1.1000000238418579,21.931156884,0.46131503200000001,15.443554573
1146,O,oc23,-0.55000001192092896,19.950628237,4.8109138199999997,11.381572513
1147,O,oc23,-0.55000001192092896,24.943073471999998,3.8220976310000001,2.511763218
1148,O,oc23,-0.55000001192092896,22.77772423,4.7873952009999998,6.4649999080000002
1149,O,oc23,-0.55000001192092896,18.841993052999999,8.6632888359999995,7.1982425450000003
1150,O,oc23,-0.55000001192092896,24.569257668999999,9.0838323009999993,10.399222578
1151,O,oc23,-0.55000001192092896,20.914315451,9.6033612220000002,3.3025507809999999
1152,O,oc23,-0.55000001192092896,22.221554015999999,8.3043120350000006,11.319795939
1153,O,oc23,-0.55000001192092896,19.039729291,7.7870478040000002,3.8106680289999999
1154,O,oc23,-0.55000001192092896,24.897761320000001,7.7322061599999996,6.7196703649999998
1155,O,oc23,-0.55000001192092896,19.983728800000002,5.695482599,9.0097707230000008
1156,O,oc24,-0.67500001192092896,25.199803215999999,5.4183492810000002,0.50082892700000003
1157,O,oc23,-0.55000001192092896,21.681433887000001,5.4367456079999998,4.1024848289999998
1158,O,oc23,-0.55000001192092896,19.751523664,7.4938872070000002,10.825979866000001
1159,O,oc23,-0.55000001192092896,16.61067538,6.9248128600000003,3.220167902
1160,O,oc23,-0.55000001192092896,22.287655699999998,7.3735081620000003,6.0634885440000001
1161,O,oc23,-0.55000001192092896,18.052851993000001,6.1874515560000001,7.5165555849999999
1162,O,oc23,-0.55000001192092896,23.816419234000001,6.4736784209999998,10.386585918
1163,O,oc23,-0.55000001192092896,20.630024113000001,7.1402756759999999,2.0675559259999998
1164,O,oc23,-0.55000001192092896,22.925874261000001,5.5681698219999998,1.7467425029999999
1165,O,oc23,-0.55000001192092896,17.740032476,5.7898343179999996,10.464409376000001
1166,O,oc23,-0.55000001192092896,20.299117922000001,5.5046177890000001,6.3422945850000003
1167,O,oc23,-0.55000001192092896,17.247527595000001,7.4077578409999996,5.6322450630000001
1168,O,oc23,-0.55000001192092896,22.832212972000001,8.2161967810000007,8.6025362990000005
1169,Si,sc4,1.1000000238418579,24.522509562,5.3053219140000003,2.0113413910000002
1170,Si,sc4,1.1000000238418579,19.377574608,5.9332091609999997,10.441811034000001
1171,Si,sc4,1.1000000238418579,21.778834229000001,5.8377770150000003,5.7455904499999999
1172,Si,sc4,1.1000000238418579,17.640263403999999,7.6132907010000004,7.0982227379999996
1173,Si,sc4,1.1000000238418579,23.372999368999999,8.0325097220000004,10.169830921999999
1174,Si,sc4,1.1000000238418579,19.861803850000001,8.5089737000000003,2.7011328040000002
1175,Si,sc4,1.1000000238418579,20.605465694999999,8.5065002970000005,11.684040412
1176,Si,sc4,1.1000000238418579,17.512598610000001,7.8283355720000003,4.1695505879999999
1177,Si,sc4,1.1000000238418579,23.31507388,8.2831281969999999,6.9887084980000003
1178,Si,sc4,1.1000000238418579,19.362493098000002,5.2357073429999996,7.6126979180000003
1179,Si,sc4,1.1000000238418579,24.642899113999999,5.5515849360000002,11.365593373999999
1180,Si,sc4,1.1000000238418579,21.375054292000002,5.6429404310000004,2.4454596039999998
1181,H,hoy,0.40000000596046448,24.823151301999999,4.7019277979999998,-0.028146557999999999
1182,O,oc23,-0.55000001192092896,19.762901921000001,4.4926318759999999,22.193979226
1183,O,oc23,-0.55000001192092896,25.498575428999999,5.1786015279999997,15.102844934
1184,O,oc23,-0.55000001192092896,22.663740789999999,4.8784376270000003,19.150986841999998
1185,O,oc23,-0.55000001192092896,18.295733318,8.684438407,19.227605813
1186,O,oc23,-0.55000001192092896,24.249964419000001,9.0316042400000001,21.785541310999999
1187,O,oc23,-0.55000001192092896,21.546762346000001,8.9401786550000004,15.143093156999999
1188,O,oc23,-0.55000001192092896,21.915607992000002,8.5213775789999993,21.371420684
1189,O,oc23,-0.55000001192092896,19.050206594999999,8.2811070050000009,15.679030436
1190,O,oc23,-0.55000001192092896,24.645434907999999,7.8997963689999997,17.754984526000001
1191,O,oc23,-0.55000001192092896,19.455887879999999,6.2510030690000002,20.336386116
1192,O,oc23,-0.55000001192092896,24.978876892999999,6.3325334829999997,12.792217973
1193,O,oc23,-0.55000001192092896,22.357526270000001,4.9278086060000001,16.526394054000001
1194,O,oc23,-0.55000001192092896,20.303222925,7.1090917920000001,22.793700559000001
1195,O,oc23,-0.55000001192092896,16.614011689000002,7.693113511,14.699354484000001
1196,O,oc23,-0.55000001192092896,22.168499240999999,7.0489544479999999,17.924670849999998
1197,O,oc23,-0.55000001192092896,17.982647295,6.3365052579999999,18.314855146999999
1198,O,oc23,-0.55000001192092896,23.369029608000002,6.5330141419999999,22.22413426
1199,O,oc23,-0.55000001192092896,20.786585025000001,6.4050747069999998,15.312177735000001
1200,O,oc23,-0.55000001192092896,23.036822702999999,5.9304569540000003,14.307697704000001
1201,O,oc23,-0.55000001192092896,17.812838599999999,6.159264415,22.342271695000001
1202,O,oc23,-0.55000001192092896,20.329650869999998,5.1617378389999997,18.088807961000001
1203,O,oc23,-0.55000001192092896,16.891830289000001,8.3568536840000007,17.179466523999999
1204,O,oc23,-0.55000001192092896,23.629162288,7.4354569469999996,19.803191561999999
1205,O,oc23,-0.55000001192092896,20.157206938000002,7.9931730559999998,13.224457722
1206,Si,sc4,1.1000000238418579,24.604894027,6.255741682,14.325548830000001
1207,Si,sc4,1.1000000238418579,19.374205483000001,6.0612887759999996,21.902811993
1208,Si,sc4,1.1000000238418579,21.840763289000002,5.4949318500000004,17.927745332000001
1209,Si,sc4,1.1000000238418579,17.234214179999999,7.7049945690000001,18.578344068
1210,Si,sc4,1.1000000238418579,23.357884047999999,7.8521672599999999,21.253616002000001
1211,Si,sc4,1.1000000238418579,20.349436029,7.88073756,14.846977461
1212,Si,sc4,1.1000000238418579,21.205746788999999,8.6641252449999993,22.752381348
1213,Si,sc4,1.1000000238418579,17.450802802999998,8.6367745130000007,15.667932013
1214,Si,sc4,1.1000000238418579,23.259817437999999,8.0310809209999992,18.452517438000001
1215,Si,sc4,1.1000000238418579,19.081004061000002,5.441205418,19.030039931000001
1216,Si,sc4,1.1000000238418579,24.0367131,5.9247427899999998,23.626221779000002
1217,Si,sc4,1.1000000238418579,21.899923858000001,5.274486403,15.058183245
1218,O,oc23,-0.55000001192092896,20.131180742000002,10.006517659,11.31270849
1219,O,oc23,-0.55000001192092896,25.750933663000001,8.9859958039999999,2.1495777820000002
1220,O,oc23,-0.55000001192092896,23.287846414000001,9.7693834890000009,6.4998867159999998
1221,O,oc23,-0.55000001192092896,19.117541371000002,13.740221753,6.9248586919999999
1222,O,oc23,-0.55000001192092896,24.432650970000001,13.964290082,11.038321395000001
1223,O,oc23,-0.55000001192092896,22.006234284000001,14.584059332000001,2.8895464720000001
1224,O,oc23,-0.55000001192092896,21.908267118000001,13.235011989,11.546779616
1225,O,oc23,-0.55000001192092896,19.529863453000001,13.79203135,3.3748048530000001
1226,O,oc23,-0.55000001192092896,24.839533525,13.018190462,7.7646003629999996
1227,O,oc23,-0.55000001192092896,19.847923610999999,10.585556747,8.7440760649999998
1228,O,oc24,-0.67500001192092896,25.317891659000001,11.205954213,0.93701377200000002
1229,O,oc23,-0.55000001192092896,22.530537026000001,11.299992344,4.5181033450000001
1230,O,oc23,-0.55000001192092896,19.644682212999999,12.433228497,10.566033673
1231,O,oc23,-0.55000001192092896,17.964294113000001,11.760951863000001,2.7153804300000002
1232,O,oc23,-0.55000001192092896,22.450254784999998,12.409779968,6.8574656579999997
1233,O,oc23,-0.55000001192092896,18.321560628,11.251352898,6.6814874059999996
1234,O,oc23,-0.55000001192092896,23.613478153999999,11.571829961000001,10.460732152
1235,O,oc23,-0.55000001192092896,21.328204753000001,12.097560043,2.346382266
1236,O,oc23,-0.55000001192092896,23.455417643000001,10.232746841000001,2.3212700910000001
1237,O,oc23,-0.55000001192092896,17.743769539999999,10.642871795,10.22191381
1238,O,oc23,-0.55000001192092896,20.756020254999999,10.403437630000001,6.2383365309999999
1239,O,oc23,-0.55000001192092896,17.566554338,12.998121835999999,4.8989889760000001
1240,O,oc23,-0.55000001192092896,22.790570262999999,13.647436938,9.0315003199999992
1241,O,oc24,-0.67500001192092896,20.425881763,14.024637177000001,0.94810559500000002
1242,Si,sc4,1.1000000238418579,25.056490087,10.430754095999999,2.2616257790000001
1243,Si,sc4,1.1000000238418579,19.328423960999999,10.899622899000001,10.236154462
1244,Si,sc4,1.1000000238418579,22.239238941,11.016797006999999,6.0696928019999996
1245,Si,sc4,1.1000000238418579,17.947478318999998,12.822483202000001,6.4625665239999996
1246,Si,sc4,1.1000000238418579,23.129716293000001,13.101916514999999,10.519767993
1247,Si,sc4,1.1000000238418579,20.874440838000002,13.579042456,2.4214039700000001
1248,Si,sc4,1.1000000238418579,20.288008161,13.507999085,11.586828584999999
1249,Si,sc4,1.1000000238418579,18.013512381999998,13.274697548000001,3.431734584
1250,Si,sc4,1.1000000238418579,23.364890795000001,13.549810193000001,7.5454383849999997
1251,Si,sc4,1.1000000238418579,19.461860421000001,10.21710272,7.2638975889999999
1252,Si,sc4,1.1000000238418579,24.898294333999999,10.610713398,10.887087943999999
1253,Si,sc4,1.1000000238418579,22.041970083999999,10.799801034,3.0312528630000002
1254,H,hoy,0.40000000596046448,20.668596024999999,13.298981965999999,0.41691562500000001
1255,H,hoy,0.40000000596046448,24.747373824,10.919518116000001,0.29017681899999997
1256,O,oc23,-0.55000001192092896,20.123806056999999,9.8428649579999998,22.804396489999998
1257,O,oc23,-0.55000001192092896,25.367175559,10.159474083999999,15.09923446
1258,O,oc23,-0.55000001192092896,22.870751073000001,9.6076818900000003,18.630560456000001
1259,O,oc23,-0.55000001192092896,18.401142792000002,13.674474082,19.238237983000001
1260,O,oc23,-0.55000001192092896,23.815385028000001,13.93474423,23.387802941
1261,O,oc23,-0.55000001192092896,21.451265340999999,13.997076694,14.958831436000001
1262,O,oc23,-0.55000001192092896,21.505020195,12.770568730000001,23.440890067000002
1263,O,oc23,-0.55000001192092896,18.98130261,13.29842436,15.630691522999999
1264,O,oc23,-0.55000001192092896,24.334618170999999,12.528032946,19.417083991999998
1265,O,oc23,-0.55000001192092896,19.439905416999999,10.721614698,20.458201771999999
1266,O,oc23,-0.55000001192092896,25.111712718,10.703114015000001,12.483666862
1267,O,oc23,-0.55000001192092896,22.295730463999998,10.881992371999999,16.563901544
1268,O,oc23,-0.55000001192092896,19.127318596999999,12.210413484,22.644605098
1269,O,oc23,-0.55000001192092896,16.726361281999999,12.545907489999999,14.505063334999999
1270,O,oc23,-0.55000001192092896,21.91427148,12.052718965,18.898195844
1271,O,oc23,-0.55000001192092896,17.921316880999999,11.194385705,18.441018515
1272,O,oc23,-0.55000001192092896,23.647813798000001,11.479741895,22.495443884
1273,O,oc23,-0.55000001192092896,20.704767385,11.480961983,14.760395812000001
1274,O,oc23,-0.55000001192092896,23.161915904000001,11.062962011,14.174582378
1275,O,oc23,-0.55000001192092896,17.650273326000001,10.134492917999999,22.359788076000001
1276,O,oc23,-0.55000001192092896,20.357510791999999,10.120381436000001,18.163621695
1277,O,oc23,-0.55000001192092896,16.853556705999999,13.229472271000001,17.142024787
1278,O,oc23,-0.55000001192092896,22.446583353000001,13.291770468999999,21.17987226
1279,O,oc23,-0.55000001192092896,19.815157175,13.154458163999999,13.075631253999999
1280,Si,sc4,1.1000000238418579,24.710635638999999,11.170798035000001,14.003759313
1281,Si,sc4,1.1000000238418579,19.107599069999999,10.700710183,22.022487666
1282,Si,sc4,1.1000000238418579,21.841165038,10.677539939000001,18.067814605999999
1283,Si,sc4,1.1000000238418579,17.328577536000001,12.627716706999999,18.555880221999999
1284,Si,sc4,1.1000000238418579,22.867582821999999,12.889589064000001,22.651959547000001
1285,Si,sc4,1.1000000238418579,20.261180456000002,13.008957254,14.59238023
1286,Si,sc4,1.1000000238418579,20.0130923,13.263304525000001,23.436076101000001
1287,Si,sc4,1.1000000238418579,17.418501761000002,13.513121376999999,15.640252705
1288,Si,sc4,1.1000000238418579,22.836950431000002,13.081638138000001,19.607094179000001
1289,Si,sc4,1.1000000238418579,19.002123963999999,10.175536669,19.057785989999999
1290,Si,sc4,1.1000000238418579,23.988361973,9.9570070190000006,23.072031878000001
1291,Si,sc4,1.1000000238418579,21.926584500000001,10.54834563,15.149845859999999
1292,O,oc23,-0.55000001192092896,19.966911017000001,14.957217186999999,11.189622592999999
1293,O,oc23,-0.55000001192092896,25.305111257,13.949273138000001,3.192675892
1294,O,oc23,-0.55000001192092896,23.338397217000001,14.962966655000001,6.6545099680000002
1295,O,oc23,-0.55000001192092896,18.878230044999999,18.737957478999999,7.6724695020000002
1296,O,oc23,-0.55000001192092896,24.195541309999999,18.897360120999998,11.365994869
1297,O,oc23,-0.55000001192092896,21.342954123999998,19.838615733000001,2.5736406629999999
1298,O,oc23,-0.55000001192092896,21.794916134000001,17.909030929,11.582749865
1299,O,oc23,-0.55000001192092896,19.493594639000001,18.018714218,3.832503977
1300,O,oc23,-0.55000001192092896,24.818913044999999,17.599215874999999,7.6342930190000002
1301,O,oc23,-0.55000001192092896,20.112728118,15.519567552,8.6148382140000006
1302,O,oc23,-0.55000001192092896,27.093609699000002,14.465109607,1.6762403669999999
1303,O,oc23,-0.55000001192092896,22.84085456,16.442113767999999,4.290778446
1304,O,oc23,-0.55000001192092896,19.52859655,17.406227074,10.510073310999999
1305,O,oc23,-0.55000001192092896,16.842246071000002,16.864851834,3.7203757799999999
1306,O,oc23,-0.55000001192092896,22.444749626,17.418630434000001,6.6848836829999998
1307,O,oc23,-0.55000001192092896,18.412053666999999,16.250064693999999,6.8458322389999999
1308,O,oc23,-0.55000001192092896,23.770772954000002,16.318947212000001,10.840420768
1309,O,oc23,-0.55000001192092896,21.224666795000001,17.189858277999999,2.056129855
1310,O,oc23,-0.55000001192092896,24.054262782999999,15.850218589000001,1.8715538110000001
1311,O,oc23,-0.55000001192092896,17.824652415999999,15.601690358000001,10.035245106
1312,O,oc23,-0.55000001192092896,20.794826852,15.609564337,6.0153170039999999
1313,O,oc23,-0.55000001192092896,17.511496781999998,18.192855519999998,5.70971385
1314,O,oc23,-0.55000001192092896,22.787065895000001,18.047946481,9.1833355169999997
1315,O,oc23,-0.55000001192092896,18.751032633000001,19.139545973000001,1.7153057709999999
1316,Si,sc4,1.1000000238418579,25.624203632,15.275534435000001,2.3986118539999999
1317,Si,sc4,1.1000000238418579,19.352982379,15.858719745,10.062456168000001
1318,Si,sc4,1.1000000238418579,22.312313561,16.047144898999999,5.822524241
1319,Si,sc4,1.1000000238418579,17.861388611999999,17.681373985,7.1049086910000003
1320,Si,sc4,1.1000000238418579,23.173228527999999,17.803216616,10.740735208
1321,Si,sc4,1.1000000238418579,20.272558711999999,18.532633851,2.4449649569999998
1322,Si,sc4,1.1000000238418579,20.291745225,18.409154744999999,11.605748707
1323,Si,sc4,1.1000000238418579,17.870364328000001,18.082615662999999,4.2007198219999999
1324,Si,sc4,1.1000000238418579,23.393319531,18.239821108000001,7.6947330989999996
1325,Si,sc4,1.1000000238418579,19.587590056,15.2736176,7.0699416839999998
1326,Si,sc4,1.1000000238418579,24.981446498,15.423995745999999,11.223854354
1327,Si,sc4,1.1000000238418579,22.542249411,16.134041103000001,2.7048033039999999
1328,O,oc23,-0.55000001192092896,19.942485852000001,14.764471365,22.771503712000001
1329,O,oc23,-0.55000001192092896,25.205676313000001,15.092822407,15.346677492
1330,O,oc23,-0.55000001192092896,22.803949311,14.430546338999999,18.808069474
1331,O,oc23,-0.55000001192092896,18.208945523000001,18.739874315000002,19.018138516
1332,O,oc23,-0.55000001192092896,23.976283638999998,18.912273227,23.459542192000001
1333,O,oc23,-0.55000001192092896,21.369348257999999,18.959552404,15.011181323000001
1334,O,oc23,-0.55000001192092896,21.168509401000001,18.437375632999998,23.471108861000001
1335,O,oc23,-0.55000001192092896,18.876394329,18.287764844000002,15.611570155000001
1336,O,oc23,-0.55000001192092896,24.415166919000001,17.607508318000001,19.467628643000001
1337,O,oc23,-0.55000001192092896,19.344108094999999,15.812240115,20.542376438000002
1338,O,oc23,-0.55000001192092896,25.332471976000001,15.795934551,12.737194102
1339,O,oc23,-0.55000001192092896,22.165830193000001,15.949621990000001,16.614178199000001
1340,O,oc23,-0.55000001192092896,18.88520497,17.164876072999999,22.681979087999999
1341,O,oc23,-0.55000001192092896,16.845215435,17.518278891000001,14.408253005000001
1342,O,oc23,-0.55000001192092896,21.861986391999999,17.010805475000002,19.046020067000001
1343,O,oc23,-0.55000001192092896,17.948578157,16.224212334000001,18.304894461
1344,O,oc23,-0.55000001192092896,23.088107395000002,16.516466432000001,22.878409223999999
1345,O,oc23,-0.55000001192092896,20.564956635000001,16.444657781,14.713461636
1346,O,oc23,-0.55000001192092896,23.033417779000001,15.940632799999999,14.175250874
1347,O,oc23,-0.55000001192092896,17.430780970000001,15.149964046999999,22.182815049999999
1348,O,oc23,-0.55000001192092896,20.312266262000001,15.046203634999999,18.204673906
1349,O,oc23,-0.55000001192092896,16.718819533000001,18.056483979999999,16.985911615999999
1350,O,oc23,-0.55000001192092896,22.531605042999999,18.457445297,21.155334184000001
1351,O,oc23,-0.55000001192092896,19.632136497000001,18.245604842999999,13.032975051999999
1352,Si,sc4,1.1000000238418579,24.640297688,16.097665875000001,14.188957525999999
1353,Si,sc4,1.1000000238418579,18.948301489999999,15.717191648,22.032183344
1354,Si,sc4,1.1000000238418579,21.788943593999999,15.595140303999999,18.203669668
1355,Si,sc4,1.1000000238418579,17.184930279,17.661549377,18.449307463
1356,Si,sc4,1.1000000238418579,22.700644049000001,18.143763344,22.817569143
1357,Si,sc4,1.1000000238418579,20.097012161999999,17.959308926999999,14.579677816
1358,Si,sc4,1.1000000238418579,19.512812972999999,18.539393656000001,23.104257155999999
1359,Si,sc4,1.1000000238418579,17.337352376999998,18.508315166999999,15.569248698999999
1360,Si,sc4,1.1000000238418579,22.869750676999999,18.040665412999999,19.613312881999999
1361,Si,sc4,1.1000000238418579,18.981970866000001,15.201843214,19.106658903
1362,Si,sc4,1.1000000238418579,24.207786708,15.491240749999999,23.434137363000001
1363,Si,sc4,1.1000000238418579,21.804826614,15.543538381999999,15.080179842
1364,O,oc23,-0.55000001192092896,20.223008304,19.972480641000001,11.153518844000001
1365,O,oc23,-0.55000001192092896,26.159586302000001,19.039828984,3.010540207
1366,O,oc23,-0.55000001192092896,23.288311806999999,19.704439313000002,7.2259891009999997
1367,O,oc23,-0.55000001192092896,18.980634353999999,23.67827432,7.1696939930000001
1368,O,oc23,-0.55000001192092896,24.001810631000001,23.901123599000002,11.324676654999999
1369,O,oc23,-0.55000001192092896,21.580497354999999,24.606535738000002,2.4783406750000001
1370,O,oc23,-0.55000001192092896,21.591541484,23.027007078,11.942515116999999
1371,O,oc23,-0.55000001192092896,19.755195096000001,23.097354739,3.3779271569999998
1372,O,oc23,-0.55000001192092896,24.532921234,22.882484313999999,8.3113680700000003
1373,O,oc23,-0.55000001192092896,19.837679003000002,20.901890499,8.7287654210000003
1374,O,oc23,-0.55000001192092896,26.973319590999999,21.626255013000002,2.3501195149999998
1375,O,oc23,-0.55000001192092896,22.783127957000001,20.403650291000002,4.8643029169999998
1376,O,oc23,-0.55000001192092896,19.336633966000001,22.434135828999999,10.795558829000001
1377,O,oc23,-0.55000001192092896,17.872766868999999,21.781545699999999,2.4106731699999999
1378,O,oc23,-0.55000001192092896,22.3312992,22.122406015999999,6.912021781
1379,O,oc23,-0.55000001192092896,18.52773758,21.146516526999999,6.5618645349999998
1380,O,oc23,-0.55000001192092896,23.363490638999998,21.436714647999999,10.914500252
1381,O,oc23,-0.55000001192092896,22.173103446999999,22.180172755000001,3.1054790479999999
1382,O,oc23,-0.55000001192092896,24.097508511000001,20.645208965999998,2.4628228079999999
1383,O,oc23,-0.55000001192092896,17.793986215,20.516432084000002,10.256279071
1384,O,oc23,-0.55000001192092896,20.842575355000001,20.029690812999998,6.5337837309999998
1385,O,oc23,-0.55000001192092896,17.564285050999999,23.049656059,4.9437443139999999
1386,O,oc23,-0.55000001192092896,22.339674281000001,23.168780231,9.4149329099999992
1387,O,oc24,-0.67500001192092896,20.755819380999998,22.753358538000001,0.95351445800000001
1388,Si,sc4,1.1000000238418579,25.701250001999998,20.597406449000001,2.8833153149999999
1389,Si,sc4,1.1000000238418579,19.327523008,20.913005239,10.23501772
1390,Si,sc4,1.1000000238418579,22.255921482000002,20.610855449999999,6.3495354590000002
1391,Si,sc4,1.1000000238418579,17.930394028999999,22.63238814,6.5092869999999996
1392,Si,sc4,1.1000000238418579,22.847195038999999,22.937567899000001,10.940842569000001
1393,Si,sc4,1.1000000238418579,21.064000880999998,23.154216018,2.4949748600000001
1394,Si,sc4,1.1000000238418579,20.07468922,23.351596096000002,11.920183775
1395,Si,sc4,1.1000000238418579,18.164399080999999,23.066623065999998,3.3460154539999998
1396,Si,sc4,1.1000000238418579,23.009493805999998,23.191252688999999,7.9814888579999996
1397,Si,sc4,1.1000000238418579,19.470336932999999,20.233236746999999,7.3296866310000004
1398,Si,sc4,1.1000000238418579,24.582571084000001,20.475424675999999,11.355765192
1399,Si,sc4,1.1000000238418579,22.611620776999999,20.692768505,3.2512771109999998
1400,H,hoy,0.40000000596046448,21.263439582,23.344418865000002,0.48855036200000002
1401,O,oc23,-0.55000001192092896,19.594562992,19.449188658000001,21.876803425999999
1402,O,oc23,-0.55000001192092896,25.122424707,20.141880733000001,15.265912053999999
1403,O,oc23,-0.55000001192092896,22.745089059000001,19.344277729000002,18.728842274000002
1404,O,oc23,-0.55000001192092896,18.460303361000001,23.698134233000001,18.741277688
1405,O,oc23,-0.55000001192092896,23.818087886000001,24.089480219999999,23.052509014000002
1406,O,oc23,-0.55000001192092896,21.285328953,23.90422418,15.351624958
1407,O,oc23,-0.55000001192092896,22.002029837999999,22.284838627999999,22.827197075000001
1408,O,oc23,-0.55000001192092896,18.777327324000002,23.170975349999999,15.799174355
1409,O,oc23,-0.55000001192092896,24.401352312,22.712315826000001,18.295198783
1410,O,oc23,-0.55000001192092896,19.147907255,20.845621091999998,20.020814305999998
1411,O,oc23,-0.55000001192092896,25.026024759999999,20.888858924000001,12.790412735
1412,O,oc23,-0.55000001192092896,22.284718157,20.699806593000002,16.698353861000001
1413,O,oc23,-0.55000001192092896,19.321184517999999,22.028121791,22.41588393
1414,O,oc23,-0.55000001192092896,16.579743665999999,22.542182643,14.524652949
1415,O,oc23,-0.55000001192092896,22.096892398000001,21.688902104,19.042276092000002
1416,O,oc23,-0.55000001192092896,17.904399654999999,21.264002146999999,17.983572194000001
1417,O,oc23,-0.55000001192092896,24.525413295,21.542007696999999,23.451988490000002
1418,O,oc23,-0.55000001192092896,20.493952415999999,21.446714175,15.016798281
1419,O,oc23,-0.55000001192092896,22.905587909000001,20.902692123000001,14.206942153
1420,O,oc23,-0.55000001192092896,17.323772455,20.346020617000001,21.885963111999999
1421,O,oc23,-0.55000001192092896,20.211596236999998,19.965058354,18.081987512000001
1422,O,oc23,-0.55000001192092896,16.601599227000001,23.244143230999999,17.027764825999999
1423,O,oc23,-0.55000001192092896,23.911983859999999,22.561519216000001,20.819773258000001
1424,O,oc23,-0.55000001192092896,19.596231644,23.332398664999999,13.400429498999999
1425,Si,sc4,1.1000000238418579,24.459711371000001,21.115192981,14.244316143000001
1426,Si,sc4,1.1000000238418579,18.843695515,20.729317139999999,21.500124535000001
1427,Si,sc4,1.1000000238418579,21.761316367999999,20.443683705000002,18.109066071000001
1428,Si,sc4,1.1000000238418579,17.310425229,22.676462900000001,18.329697543999998
1429,Si,sc4,1.1000000238418579,23.622455858999999,22.640088711000001,22.549332009
1430,Si,sc4,1.1000000238418579,20.065246122000001,22.950285886,14.849049698
1431,Si,sc4,1.1000000238418579,20.548039409000001,23.020596166000001,22.841704726
1432,Si,sc4,1.1000000238418579,17.250029579,23.500615013000001,15.596526511
1433,Si,sc4,1.1000000238418579,23.214670362,22.797364765000001,19.377970519000002
1434,Si,sc4,1.1000000238418579,18.812295424999999,20.172541797000001,18.693875266999999
1435,Si,sc4,1.1000000238418579,25.211481790000001,20.053278483,23.272606488000001
1436,Si,sc4,1.1000000238418579,21.757611125,20.506258110000001,15.215634403999999
1437,O,oc23,-0.55000001192092896,20.063478027999999,24.840707431999999,11.395947660999999
1438,O,oc23,-0.55000001192092896,25.048282069999999,23.867885295000001,3.4679852819999999
1439,O,oc23,-0.55000001192092896,22.971789036000001,24.672073657999999,7.3896584650000001
1440,O,oc23,-0.55000001192092896,18.957945462000001,28.690714439000001,7.8640856729999999
1441,O,oc23,-0.55000001192092896,24.530819010999998,28.905898452999999,10.968722126999999
1442,O,oc23,-0.55000001192092896,21.019156111000001,29.098610008000001,2.141113491
1443,O,oc23,-0.55000001192092896,22.115778593000002,28.252784984000002,10.119687768
1444,O,oc23,-0.55000001192092896,19.262389897999999,28.509362678999999,3.9169795160000001
1445,O,oc23,-0.55000001192092896,25.186223293000001,27.653573432999998,5.9657417219999997
1446,O,oc23,-0.55000001192092896,20.002048170999998,25.323758326,8.8642199829999999
1447,O,oc24,-0.67500001192092896,25.099700016,24.833843788999999,1.036438932
1448,O,oc23,-0.55000001192092896,22.470809632000002,25.112337374999999,4.8155231550000002
1449,O,oc23,-0.55000001192092896,19.751390410999999,27.277593282000002,10.735452996999999
1450,O,oc23,-0.55000001192092896,17.446797242999999,26.771442751999999,4.0193866299999996
1451,O,oc23,-0.55000001192092896,22.741519059000002,27.190174775999999,6.5278200719999999
1452,O,oc23,-0.55000001192092896,18.273277123,26.260798145999999,7.0853190770000003
1453,O,oc23,-0.55000001192092896,23.977051337999999,26.420236092,10.119486522000001
1454,O,oc23,-0.55000001192092896,21.243185052000001,26.937046553999998,3.4806015189999999
1455,O,oc23,-0.55000001192092896,23.672672534,25.996906154000001,2.8857354979999998
1456,O,oc23,-0.55000001192092896,17.885813776999999,25.455949378,10.201388701000001
1457,O,oc23,-0.55000001192092896,20.767597397999999,25.541590190000001,6.4340578229999998
1458,O,oc23,-0.55000001192092896,17.626214110999999,28.401664758999999,5.9895898819999998
1459,O,oc23,-0.55000001192092896,24.137082806999999,28.385499374999998,8.3532885280000002
1460,Si,sc4,1.1000000238418579,25.013546665,25.239301259000001,2.6022694149999999
1461,Si,sc4,1.1000000238418579,19.421253907000001,25.722071793000001,10.324876094
1462,Si,sc4,1.1000000238418579,22.245577432000001,25.631552708000001,6.3126830150000002
1463,Si,sc4,1.1000000238418579,17.800893518999999,27.782209096999999,7.3549589559999999
1464,Si,sc4,1.1000000238418579,23.700435002999999,27.982585918000002,9.8965805689999993
1465,Si,sc4,1.1000000238418579,20.146928519999999,27.898025014000002,2.7182285099999999
1466,Si,sc4,1.1000000238418579,20.830262335,28.340830665999999,11.1957068
1467,Si,sc4,1.1000000238418579,17.812104711,28.257592648999999,4.4601708699999998
1468,Si,sc4,1.1000000238418579,23.905444495000001,28.213378747,6.7625935669999997
1469,Si,sc4,1.1000000238418579,19.494294716999999,25.221077822000002,7.3560284490000001
1470,Si,sc4,1.1000000238418579,24.641230461999999,25.428388895000001,11.187617105999999
1471,Si,sc4,1.1000000238418579,22.209909252999999,25.669320393,3.3798325189999998
1472,H,hoy,0.40000000596046448,25.931519979000001,24.434660166,0.96423187099999996
1473,O,oc23,-0.55000001192092896,20.381303500000001,24.365463021,21.881750891999999
1474,O,oc23,-0.55000001192092896,25.583062116000001,25.101222635999999,14.458329408999999
1475,O,oc23,-0.55000001192092896,22.707384289,24.393546843999999,19.188894830999999
1476,O,oc23,-0.55000001192092896,18.190860836999999,28.535666731999999,18.951950469
1477,O,oc23,-0.55000001192092896,23.684518172000001,29.073732678999999,23.303227775
1478,O,oc23,-0.55000001192092896,21.703388889999999,28.951123728999999,15.233820275999999
1479,O,oc23,-0.55000001192092896,21.378791356000001,27.371073805999998,23.750643671999999
1480,O,oc23,-0.55000001192092896,19.211737663000001,28.497271869999999,14.101105636
1481,O,oc23,-0.55000001192092896,24.123166768000001,28.123661285000001,18.984042247000001
1482,O,oc23,-0.55000001192092896,19.362793414999999,25.880080938999999,19.877804049000002
1483,O,oc23,-0.55000001192092896,24.497016381000002,26.274282451000001,12.512749912
1484,O,oc23,-0.55000001192092896,22.501139716000001,25.674651397000002,16.844706596000002
1485,O,oc23,-0.55000001192092896,19.820727966,27.063383261999999,21.928954059999999
1486,O,oc23,-0.55000001192092896,16.713246753,27.435984548,14.25929204
1487,O,oc23,-0.55000001192092896,21.903762354000001,26.922064916,19.06226521
1488,O,oc23,-0.55000001192092896,18.020318253999999,26.145819156999998,17.714534060999998
1489,O,oc23,-0.55000001192092896,23.926965927000001,26.644094670000001,23.806002287999998
1490,O,oc23,-0.55000001192092896,20.888788459000001,26.466888093000001,14.747358652000001
1491,O,oc23,-0.55000001192092896,23.053739928999999,25.388598460000001,14.360984083
1492,O,oc23,-0.55000001192092896,17.946243238000001,25.448074361,21.875199434999999
1493,O,oc23,-0.55000001192092896,20.476500187999999,25.117562464999999,17.942320729999999
1494,O,oc23,-0.55000001192092896,18.133434552000001,28.272017720000001,16.427108995000001
1495,O,oc23,-0.55000001192092896,22.959643080999999,27.309263643000001,21.432396258000001
1496,O,oc23,-0.55000001192092896,21.390903501,28.058993521000001,12.728569412000001
1497,Si,sc4,1.1000000238418579,24.429647794000001,26.074638720999999,14.053435218000001
1498,Si,sc4,1.1000000238418579,19.402534776,25.668554073999999,21.375031157999999
1499,Si,sc4,1.1000000238418579,21.948807999,25.484415322,18.2929253
1500,Si,sc4,1.1000000238418579,17.569356638999999,27.697577583000001,17.753043796
1501,Si,sc4,1.1000000238418579,22.905154337999999,27.59245898,23.067351412000001
1502,Si,sc4,1.1000000238418579,20.819116775000001,28.022654636999999,14.210351381000001
1503,Si,sc4,1.1000000238418579,19.760567000999998,27.628451047999999,23.382656221000001
1504,Si,sc4,1.1000000238418579,17.819079636000001,28.501138769000001,14.878267244
1505,Si,sc4,1.1000000238418579,22.768380574999998,27.960809170000001,19.900937387999999
1506,Si,sc4,1.1000000238418579,19.049705403000001,25.170801901000001,18.498784114999999
1507,Si,sc4,1.1000000238418579,24.771598114,25.247454560000001,23.716411910000001
1508,Si,sc4,1.1000000238418579,21.893985128000001,25.367380356000002,15.365999110000001
1509,O,oc23,-0.55000001192092896,20.165582018999999,29.798759674999999,11.273062013000001
1510,O,oc23,-0.55000001192092896,26.006863886000001,28.753116473999999,2.039622445
1511,O,oc23,-0.55000001192092896,23.480709950000001,29.599184477000001,6.125954535
1512,O,oc23,-0.55000001192092896,18.739889061,33.478319911,7.2729237749999998
1513,O,oc23,-0.55000001192092896,24.262410693,34.015060894999998,11.105714926999999
1514,O,oc23,-0.55000001192092896,21.276418869,34.112582764999999,3.2593336800000001
1515,O,oc23,-0.55000001192092896,21.757879621000001,33.315189512000003,10.492957430000001
1516,O,oc23,-0.55000001192092896,19.451249863000001,32.371040993999998,3.1072708360000001
1517,O,oc23,-0.55000001192092896,24.914644736,33.084953251000002,6.3127836390000001
1518,O,oc23,-0.55000001192092896,19.894136714999998,30.840571281999999,8.8878215679999997
1519,O,oc24,-0.67500001192092896,24.981480307999998,30.657720112,0.64517356000000003
1520,O,oc23,-0.55000001192092896,21.721942945999999,30.524135564000002,4.3917008720000004
1521,O,oc23,-0.55000001192092896,19.486319395999999,32.286826906000002,10.969858868999999
1522,O,oc23,-0.55000001192092896,16.881219732000002,31.852278391999999,2.8934979190000001
1523,O,oc23,-0.55000001192092896,22.441780261000002,32.074290742999999,6.4922582929999999
1524,O,oc23,-0.55000001192092896,18.672220157000002,31.038682374,6.5758710640000002
1525,O,oc23,-0.55000001192092896,23.537400357999999,31.485845038000001,10.911090028
1526,O,oc23,-0.55000001192092896,21.771258669000002,31.698763322000001,2.1379376379999999
1527,O,oc23,-0.55000001192092896,23.623490064999999,29.770538787,2.6066686840000002
1528,O,oc23,-0.55000001192092896,17.877838455999999,30.387832556999999,10.137137398
1529,O,oc23,-0.55000001192092896,21.015685554000001,29.923842027999999,6.893769657
1530,O,oc23,-0.55000001192092896,17.782174387000001,33.108262637000003,4.9691102889999996
1531,O,oc23,-0.55000001192092896,23.877316077,32.870639392999998,8.7492237809999995
1532,O,oc24,-0.67500001192092896,20.194611389999999,33.432920187999997,0.94127935500000004
1533,Si,sc4,1.1000000238418579,25.141010585,30.101571945,2.0993738550000001
1534,Si,sc4,1.1000000238418579,19.362425476999999,30.848444222000001,10.368801541
1535,Si,sc4,1.1000000238418579,22.160390667000001,30.564411957000001,5.9642174319999999
1536,Si,sc4,1.1000000238418579,17.867896155,32.440794705999998,6.4632414950000001
1537,Si,sc4,1.1000000238418579,23.364491034,32.959102502,10.298199030999999
1538,Si,sc4,1.1000000238418579,20.756085888000001,32.885132996999999,2.3894992410000002
1539,Si,sc4,1.1000000238418579,20.548407348000001,33.295501969,11.513952592000001
1540,Si,sc4,1.1000000238418579,17.925988707999998,32.961646514000002,3.3307785339999998
1541,Si,sc4,1.1000000238418579,23.565496955,33.185889289000002,7.1567903319999999
1542,Si,sc4,1.1000000238418579,19.596466328999998,30.128644392999998,7.5484471129999999
1543,Si,sc4,1.1000000238418579,24.580735368999999,30.430167005000001,11.588098827
1544,Si,sc4,1.1000000238418579,22.032827304000001,30.248954387000001,2.7620007809999998
1545,H,hoy,0.40000000596046448,20.378767706000001,32.708833958,0.305532201
1546,H,hoy,0.40000000596046448,24.115459943000001,30.490581594999998,0.324597529
1547,O,oc23,-0.55000001192092896,19.465965423,29.208222687999999,23.338194781999999
1548,O,oc23,-0.55000001192092896,25.461437484000001,29.996627788000001,15.388530702000001
1549,O,oc23,-0.55000001192092896,22.014941503999999,29.407206013,19.909895828
1550,O,oc23,-0.55000001192092896,18.488930982999999,33.603263122999998,19.265782795
1551,O,oc23,-0.55000001192092896,24.778471607,34.237804259999997,23.781733204999998
1552,O,oc23,-0.55000001192092896,21.454234706000001,33.801756335999997,15.353228949
1553,O,oc23,-0.55000001192092896,22.260593310000001,33.011332639000003,23.751713664
1554,O,oc23,-0.55000001192092896,19.022378494000002,33.408042858999998,14.969529358999999
1555,O,oc23,-0.55000001192092896,24.467652880999999,32.316233615999998,19.043278338
1556,O,oc23,-0.55000001192092896,18.988376978000002,29.856632329,21.013126919000001
1557,O,oc23,-0.55000001192092896,24.299681890999999,30.337103905999999,13.069547046
1558,O,oc23,-0.55000001192092896,22.144408204000001,30.381074828999999,17.495438833000001
1559,O,oc23,-0.55000001192092896,20.088702714,31.688101313000001,22.529275146
1560,O,oc23,-0.55000001192092896,16.606337680999999,32.548874748000003,14.462140134
1561,O,oc23,-0.55000001192092896,21.960552204999999,32.052445462000001,19.686522624999998
1562,O,oc23,-0.55000001192092896,17.553073858000001,31.144531992000001,19.157404798999998
1563,O,oc23,-0.55000001192092896,24.642666417000001,31.434312686999998,23.783203696000001
1564,O,oc23,-0.55000001192092896,20.688450794000001,31.421839756000001,15.431720904000001
1565,O,oc23,-0.55000001192092896,23.086438743999999,31.172057169999999,15.204067735000001
1566,O,oc23,-0.55000001192092896,17.501620114000001,30.852313198000001,22.961647399
1567,O,oc23,-0.55000001192092896,19.992704516,30.378252532000001,18.822579118
1568,O,oc23,-0.55000001192092896,17.216563064999999,32.653922741999999,17.012788928999999
1569,O,oc23,-0.55000001192092896,23.899704651,32.785972575000002,21.572931786000002
1570,O,oc23,-0.55000001192092896,20.959595781000001,32.925899502,13.088468164
1571,Si,sc4,1.1000000238418579,24.499486542,30.998439209000001,14.512417784
1572,Si,sc4,1.1000000238418579,18.989578248000001,30.442222510000001,22.437479030999999
1573,Si,sc4,1.1000000238418579,21.501716702,30.633644405999998,18.993869433
1574,Si,sc4,1.1000000238418579,17.328877853000002,32.635352488000002,18.689129047000002
1575,Si,sc4,1.1000000238418579,23.886960048999999,32.896596629999998,23.214105643
1576,Si,sc4,1.1000000238418579,20.454177246,32.771339830000002,14.665590969
1577,Si,sc4,1.1000000238418579,20.646241261,32.947466499000001,23.484682014000001
1578,Si,sc4,1.1000000238418579,17.469822252,33.378008973,15.524453510000001
1579,Si,sc4,1.1000000238418579,23.314439434000001,32.914680924999999,19.975818868000001
1580,Si,sc4,1.1000000238418579,18.602480851999999,29.984782034999999,19.530208208000001
1581,Si,sc4,1.1000000238418579,25.103805018999999,29.957047105000001,23.296273826
1582,Si,sc4,1.1000000238418579,21.923615134999999,30.43232682,15.889299727999999
1583,O,oc23,-0.55000001192092896,28.681635235000002,0.10423924800000001,11.005227372
1584,O,oc23,-0.55000001192092896,31.237620051,-0.092261474999999996,7.3754845629999997
1585,O,oc23,-0.55000001192092896,27.011058170999998,3.9231743699999999,7.292580139
1586,O,oc23,-0.55000001192092896,32.754905886000003,4.0083629700000003,11.038054395
1587,O,oc23,-0.55000001192092896,29.798412804000002,4.0374213059999997,2.9866648979999999
1588,O,oc23,-0.55000001192092896,30.374368176000001,3.193903545,11.478650839
1589,O,oc23,-0.55000001192092896,27.405995645000001,3.1907606510000002,3.3925690550000001
1590,O,oc23,-0.55000001192092896,33.499154148000002,3.0651622270000001,7.2072687310000001
1591,O,oc23,-0.55000001192092896,28.203746471999999,1.0786908989999999,8.5981238290000004
1592,O,oc23,-0.55000001192092896,31.221468536,0.54233664400000003,4.8364432839999996
1593,O,oc23,-0.55000001192092896,27.874608375000001,2.556127617,10.945388539
1594,O,oc23,-0.55000001192092896,25.524502180999999,1.3984080679999999,3.342558903
1595,O,oc23,-0.55000001192092896,31.056098972000001,2.4474274079999998,6.5837206579999998
1596,O,oc23,-0.55000001192092896,26.543779964999999,1.4794400640000001,6.6205526780000001
1597,O,oc23,-0.55000001192092896,32.147150662999998,1.3704716939999999,10.868301322000001
1598,O,oc23,-0.55000001192092896,29.332902693000001,1.254719637,3.0811828160000001
1599,O,oc23,-0.55000001192092896,31.861524801000002,0.53537172799999999,2.3811285990000002
1600,O,oc23,-0.55000001192092896,26.223917902,0.63859462,10.298265781
1601,O,oc23,-0.55000001192092896,29.106103271999999,0.83445542900000003,6.2363106210000003
1602,O,oc23,-0.55000001192092896,25.584430449999999,3.3635873730000001,5.051332768
1603,O,oc23,-0.55000001192092896,31.427880172999998,2.8816423449999999,9.0707462969999995
1604,O,oc24,-0.67500001192092896,28.654574833000002,2.7979554910000002,1.0080642289999999
1605,Si,sc4,1.1000000238418579,33.476207645000002,0.685014609,2.2484212459999999
1606,Si,sc4,1.1000000238418579,27.725823898000002,1.140831588,10.186946803
1607,Si,sc4,1.1000000238418579,30.649616176999999,0.93708258700000002,6.2945643909999998
1608,Si,sc4,1.1000000238418579,25.912200212999998,2.9248534390000001,6.5876051059999998
1609,Si,sc4,1.1000000238418579,31.683374835999999,2.91463793,10.599797188
1610,Si,sc4,1.1000000238418579,28.793116691000002,2.7741061509999998,2.6197728439999999
1611,Si,sc4,1.1000000238418579,28.859618136000002,3.6838097759999999,11.531068472999999
1612,Si,sc4,1.1000000238418579,25.790708834,2.9379332979999999,3.5621821530000002
1613,Si,sc4,1.1000000238418579,31.891321870999999,3.3136206279999998,7.6391069849999997
1614,Si,sc4,1.1000000238418579,27.796394545999998,0.64054929100000002,7.0843830829999996
1615,Si,sc4,1.1000000238418579,33.289186727999997,0.28666986100000003,11.180796656
1616,Si,sc4,1.1000000238418579,30.682084283999998,0.218681982,3.3555494879999999
1617,H,hoy,0.40000000596046448,29.255255687999998,3.4666850440000001,0.68094611199999999
1618,O,oc23,-0.55000001192092896,28.342954596999999,-0.30047800899999999,22.434002056000001
1619,O,oc23,-0.55000001192092896,31.178624556999999,-0.24713473599999999,18.443023006000001
1620,O,oc23,-0.55000001192092896,26.616653711000001,3.8313656250000001,19.336318554999998
1621,O,oc23,-0.55000001192092896,31.687179521000001,4.6155196289999996,23.327765850999999
1622,O,oc23,-0.55000001192092896,29.677720946000001,4.326156879,15.552934814
1623,O,oc23,-0.55000001192092896,29.30377189,3.1749981570000001,23.767960799000001
1624,O,oc23,-0.55000001192092896,27.203020755000001,3.363395793,15.448235039
1625,O,oc23,-0.55000001192092896,32.620568472999999,2.5673570969999999,19.565509961
1626,O,oc23,-0.55000001192092896,27.800567170000001,0.75906432800000001,20.073566685999999
1627,O,oc23,-0.55000001192092896,30.77364335,1.1134770919999999,16.397891448999999
1628,O,oc23,-0.55000001192092896,27.757522315999999,2.2469013200000001,22.122642466999999
1629,O,oc23,-0.55000001192092896,24.725617706000001,2.6467619629999999,14.753709859000001
1630,O,oc23,-0.55000001192092896,30.287212442000001,2.2365183740000001,18.757658324000001
1631,O,oc23,-0.55000001192092896,26.162521856000001,1.4663917449999999,18.283566359999998
1632,O,oc23,-0.55000001192092896,31.753981283000002,2.1302746940000001,23.688064106999999
1633,O,oc23,-0.55000001192092896,29.26253093,1.912839749,14.461471638000001
1634,O,oc23,-0.55000001192092896,31.724116592000001,1.0999374930000001,13.99720686
1635,O,oc23,-0.55000001192092896,25.981303083,0.669328759,22.077045283
1636,O,oc23,-0.55000001192092896,28.692313413000001,0.38274634899999999,17.756052525000001
1637,O,oc23,-0.55000001192092896,25.200171154,3.6773640780000001,17.154527947999998
1638,O,oc23,-0.55000001192092896,30.739309693999999,2.8362678020000001,21.47926468
1639,O,oc23,-0.55000001192092896,28.465313118000001,4.0094431369999999,13.065000080000001
1640,Si,sc4,1.1000000238418579,33.265495452000003,1.1068154130000001,14.063998646
1641,Si,sc4,1.1000000238418579,27.461019390000001,0.779063642,21.608032293000001
1642,Si,sc4,1.1000000238418579,30.233690284000001,0.908372756,17.843369419999998
1643,Si,sc4,1.1000000238418579,25.527037974999999,2.9315047339999998,18.585766263
1644,Si,sc4,1.1000000238418579,30.824663524000002,3.2031401289999999,23.049233286
1645,Si,sc4,1.1000000238418579,28.629914982999999,3.418007179,14.592714976
1646,Si,sc4,1.1000000238418579,27.660121973999999,2.9762279569999999,23.419695465
1647,Si,sc4,1.1000000238418579,25.625239827000001,3.6791409929999999,15.596861257
1648,Si,sc4,1.1000000238418579,31.180259398,3.079976947,19.875598312000001
1649,Si,sc4,1.1000000238418579,27.319573799,0.38563474399999997,18.624610744999998
1650,Si,sc4,1.1000000238418579,32.592672751000002,0.76498052000000005,23.681112150000001
1651,Si,sc4,1.1000000238418579,30.404431753000001,0.91692991899999998,14.899460849
1652,O,oc23,-0.55000001192092896,28.571088541000002,4.9454386130000003,10.585222786999999
1653,O,oc23,-0.55000001192092896,31.528283689999999,4.8458950319999996,7.5331364699999996
1654,O,oc23,-0.55000001192092896,27.22270846,8.9308405709999992,6.9552792309999996
1655,O,oc23,-0.55000001192092896,31.891021554000002,9.0752262699999999,11.372079077
1656,O,oc23,-0.55000001192092896,29.486325185999998,9.2169288139999992,2.8395497679999999
1657,O,oc23,-0.55000001192092896,29.885968299000002,7.9811175509999996,10.291513077999999
1658,O,oc23,-0.55000001192092896,27.915083624000001,7.1699611890000003,2.3009385060000001
1659,O,oc23,-0.55000001192092896,33.153580423999998,8.0385021689999991,6.757712851
1660,O,oc23,-0.55000001192092896,27.038285637000001,5.9911165999999998,8.7775048350000002
1661,O,oc23,-0.55000001192092896,30.044663255,4.9292021019999996,5.6067386140000002
1662,O,oc23,-0.55000001192092896,27.548240756999999,7.2992946390000002,10.903401829
1663,O,oc23,-0.55000001192092896,25.312653007000002,6.3723929699999999,2.9004979450000001
1664,O,oc23,-0.55000001192092896,30.766970731000001,7.2100293879999997,6.6831053450000004
1665,O,oc23,-0.55000001192092896,27.053868339000001,6.3987333660000001,6.2527849050000004
1666,O,oc23,-0.55000001192092896,32.032532777,6.4958030239999998,10.434323085000001
1667,O,oc23,-0.55000001192092896,29.483755582000001,6.7723439509999999,3.8650707259999999
1668,O,oc23,-0.55000001192092896,31.502490191,5.4758730419999999,3.9747986649999998
1669,O,oc23,-0.55000001192092896,26.089447236000002,5.2629537190000004,10.792349850000001
1670,O,oc23,-0.55000001192092896,29.142873279,5.4825279719999997,7.6764142250000003
1671,O,oc23,-0.55000001192092896,26.520122499999999,8.1838982040000001,4.4747059189999998
1672,O,oc23,-0.55000001192092896,31.734426831,8.6359381039999992,8.6799582619999995
1673,O,oc23,-0.55000001192092896,30.891431475000001,6.8332481329999997,2.0369280390000002
1674,Si,sc4,1.1000000238418579,32.303476889000002,6.1490556559999998,2.8718624689999999
1675,Si,sc4,1.1000000238418579,27.333221343000002,5.8925485699999998,10.245247398
1676,Si,sc4,1.1000000238418579,30.425453982000001,5.6827651320000001,6.8902931799999996
1677,Si,sc4,1.1000000238418579,26.404337154,7.8458259190000001,6.0503642099999997
1678,Si,sc4,1.1000000238418579,31.462148196000001,8.0416380539999999,10.197778226000001
1679,Si,sc4,1.1000000238418579,29.477950105000001,7.6230114249999996,2.5394624509999999
1680,Si,sc4,1.1000000238418579,28.697050872999998,8.2390181330000001,11.319662439
1681,Si,sc4,1.1000000238418579,26.376875002999999,7.6730443660000001,2.9043288440000001
1682,Si,sc4,1.1000000238418579,31.686578885999999,8.4236111719999993,7.099693727
1683,Si,sc4,1.1000000238418579,27.575535844000001,5.4130530620000004,7.4364591410000003
1684,Si,sc4,1.1000000238418579,32.884639092,5.5355576559999999,11.470227395
1685,Si,sc4,1.1000000238418579,30.077131361999999,5.2263697789999997,4.159535108
1686,O,oc23,-0.55000001192092896,26.994407452000001,4.4083492550000001,23.210895667999999
1687,O,oc23,-0.55000001192092896,31.136749152,4.6792455889999998,19.405852069000002
1688,O,oc23,-0.55000001192092896,26.38234834,8.9390291770000001,19.471304871000001
1689,O,oc23,-0.55000001192092896,33.215344408999997,9.6845775290000002,24.107066446000001
1690,O,oc23,-0.55000001192092896,29.778192084000001,9.239227863,14.88301446
1691,O,oc23,-0.55000001192092896,30.649049351999999,8.4985910140000005,24.051574330000001
1692,O,oc23,-0.55000001192092896,27.285506650999999,8.5812709060000003,14.312511669999999
1693,O,oc23,-0.55000001192092896,32.884372585000001,7.571062167,19.3949529
1694,O,oc23,-0.55000001192092896,26.744151441,5.9318504499999998,21.198526378
1695,O,oc23,-0.55000001192092896,29.746125726999999,6.1028200430000004,17.638582588999999
1696,O,oc23,-0.55000001192092896,28.4264747,6.7940853939999997,23.236702989000001
1697,O,oc23,-0.55000001192092896,24.982747211,7.6582018700000001,14.954953960999999
1698,O,oc23,-0.55000001192092896,30.507138369,7.1982874719999996,20.066680482999999
1699,O,oc23,-0.55000001192092896,26.663035868000001,6.3593271290000004,18.563501671000001
1700,O,oc23,-0.55000001192092896,32.885140284000002,6.9046741440000003,24.078116896000001
1701,O,oc23,-0.55000001192092896,28.969930143999999,6.7276067089999998,15.111201628
1702,O,oc23,-0.55000001192092896,31.480702252,6.2382160310000003,15.595992512
1703,O,oc23,-0.55000001192092896,25.655068718999999,6.4223215549999999,23.543248611999999
1704,O,oc23,-0.55000001192092896,28.726448182999999,5.2779010919999996,19.783535197999999
1705,O,oc23,-0.55000001192092896,26.696870319999999,8.4472689330000001,16.827056716000001
1706,O,oc23,-0.55000001192092896,32.352627536999996,8.4569548720000007,21.878875662999999
1707,O,oc23,-0.55000001192092896,29.147346219999999,7.8458607039999997,12.728702911999999
1708,Si,sc4,1.1000000238418579,32.671521026000001,6.1373833099999997,14.498712127999999
1709,Si,sc4,1.1000000238418579,27.061109771000002,5.9370765790000002,22.787882355000001
1710,Si,sc4,1.1000000238418579,30.038157699999999,5.8514352479999996,19.208284195000001
1711,Si,sc4,1.1000000238418579,26.183943845999998,7.8540487910000003,18.201730931
1712,Si,sc4,1.1000000238418579,32.261199734999998,8.4011376759999994,23.547729825000001
1713,Si,sc4,1.1000000238418579,28.786875654999999,8.111217839,14.251269096
1714,Si,sc4,1.1000000238418579,29.000395470000001,8.2212832490000007,23.906758835000002
1715,Si,sc4,1.1000000238418579,26.110803593,8.7576410740000004,15.322875657999999
1716,Si,sc4,1.1000000238418579,31.773567557,8.2673792010000007,20.292594168000001
1717,Si,sc4,1.1000000238418579,27.140823199,5.3393971459999996,19.756456639
1718,Si,sc4,1.1000000238418579,33.176770507999997,5.3975486029999997,23.441290565999999
1719,Si,sc4,1.1000000238418579,29.977028161,5.8254084410000004,15.992730258
1720,O,oc23,-0.55000001192092896,28.356001505999998,9.8948490020000008,11.323806913
1721,O,oc23,-0.55000001192092896,31.449403594,9.8497639049999997,6.3689243250000001
1722,O,oc23,-0.55000001192092896,27.440530174999999,13.69262691,7.487672785
1723,O,oc23,-0.55000001192092896,32.971627761999997,13.920947374000001,10.986306254
1724,O,oc23,-0.55000001192092896,29.945029425000001,14.397793993000001,2.6205349889999998
1725,O,oc23,-0.55000001192092896,30.57270505,13.477722219,11.513082851
1726,O,oc23,-0.55000001192092896,27.685048331000001,13.204142212000001,3.6486367780000002
1727,O,oc23,-0.55000001192092896,33.228558380999999,12.786874293,6.9645729149999998
1728,O,oc23,-0.55000001192092896,28.335313405000001,10.543328214000001,8.7207424769999999
1729,O,oc23,-0.55000001192092896,30.589254337,11.22874026,4.2035746280000001
1730,O,oc23,-0.55000001192092896,28.378423891000001,12.430511076,10.564362932
1731,O,oc23,-0.55000001192092896,25.695744843,11.285602577000001,3.480848843
1732,O,oc23,-0.55000001192092896,30.735538819999999,12.374031918,6.623802006
1733,O,oc23,-0.55000001192092896,26.594364579000001,11.253756730999999,7.0048216349999999
1734,O,oc23,-0.55000001192092896,32.112148750999999,11.583536573,10.577733842000001
1735,O,oc23,-0.55000001192092896,29.037533415999999,12.043973791000001,2.041394183
1736,O,oc23,-0.55000001192092896,31.515704162999999,10.929448073,1.7982703449999999
1737,O,oc23,-0.55000001192092896,26.286749904000001,11.035192815,10.170767414
1738,O,oc23,-0.55000001192092896,28.895121240000002,10.600712832999999,6.1128501269999997
1739,O,oc23,-0.55000001192092896,25.801118515999999,13.086376231999999,5.4685288740000004
1740,O,oc23,-0.55000001192092896,31.37419294,13.442287757000001,8.8914320419999999
1741,Si,sc4,1.1000000238418579,33.203031389000003,11.008225242,1.96180596
1742,Si,sc4,1.1000000238418579,27.830797811,10.992023516,10.206336167
1743,Si,sc4,1.1000000238418579,30.433661999000002,11.016936148999999,5.800607844
1744,Si,sc4,1.1000000238418579,26.223251635,12.765795331,6.9716598660000004
1745,Si,sc4,1.1000000238418579,31.731491277,13.14860382,10.444418267
1746,Si,sc4,1.1000000238418579,28.472053358,13.611375299000001,2.353081419
1747,Si,sc4,1.1000000238418579,28.980174751,13.417654446,11.715128948
1748,Si,sc4,1.1000000238418579,26.158418842,12.793006921,3.966608597
1749,Si,sc4,1.1000000238418579,31.785679701999999,13.380199311,7.3216631879999996
1750,Si,sc4,1.1000000238418579,27.798864707,10.378839623999999,7.215425175
1751,Si,sc4,1.1000000238418579,32.539586153999998,10.510542640000001,11.648939905000001
1752,Si,sc4,1.1000000238418579,30.077298425999999,10.825583823000001,2.6810953679999998
1753,O,oc23,-0.55000001192092896,28.207382104000001,9.4505096730000009,23.105193648
1754,O,oc23,-0.55000001192092896,31.350734360000001,9.6682366599999998,19.533216936999999
1755,O,oc23,-0.55000001192092896,26.288551809000001,14.220448275000001,19.465622158999999
1756,O,oc23,-0.55000001192092896,31.543699327999999,14.594199039999999,22.939384798999999
1757,O,oc23,-0.55000001192092896,29.841089717999999,14.105887750000001,15.266647300000001
1758,O,oc23,-0.55000001192092896,29.886668376999999,12.583571338,23.697291538999998
1759,O,oc23,-0.55000001192092896,27.378601114999999,13.799487902999999,15.357976165
1760,O,oc23,-0.55000001192092896,32.925313226999997,12.414936526,19.501057412000002
1761,O,oc23,-0.55000001192092896,26.742383346,10.711859189,21.424507809000001
1762,O,oc23,-0.55000001192092896,29.735214851999999,10.162575703,17.406784945999998
1763,O,oc23,-0.55000001192092896,27.332119515999999,11.963035768999999,23.726976334
1764,O,oc23,-0.55000001192092896,25.235006001999999,12.676564866,14.367870286
1765,O,oc23,-0.55000001192092896,30.326953801999998,12.021395418999999,19.151120341999999
1766,O,oc23,-0.55000001192092896,26.683421662000001,11.496675674,18.868843802000001
1767,O,oc23,-0.55000001192092896,32.673456184999999,12.280097625,23.646613388999999
1768,O,oc23,-0.55000001192092896,28.789512881,11.741091949999999,15.518302553
1769,O,oc23,-0.55000001192092896,31.375827781000002,11.219367910000001,15.615915875000001
1770,O,oc23,-0.55000001192092896,25.518296943999999,9.8048179510000004,23.680175658
1771,O,oc23,-0.55000001192092896,28.709596589,10.064773472000001,19.785740935
1772,O,oc23,-0.55000001192092896,25.313653402,13.118640543,17.080917706000001
1773,O,oc23,-0.55000001192092896,31.150529948999999,12.415563703,21.390074802000001
1774,O,oc23,-0.55000001192092896,28.610229266000001,12.978784225,13.217838519000001
1775,Si,sc4,1.1000000238418579,32.587901481000003,11.284453099,14.569916384000001
1776,Si,sc4,1.1000000238418579,26.938082993999998,10.485107705000001,23.033520150000001
1777,Si,sc4,1.1000000238418579,30.038223333000001,10.456397744,18.941587291000001
1778,Si,sc4,1.1000000238418579,25.744762237,12.831228375,18.696818241999999
1779,Si,sc4,1.1000000238418579,31.343294042,12.929796925,22.897398088999999
1780,Si,sc4,1.1000000238418579,28.693846823000001,13.140834717000001,14.804254509
1781,Si,sc4,1.1000000238418579,28.420335094999999,13.187243737999999,23.892049938
1782,Si,sc4,1.1000000238418579,25.774290811,13.591062656,15.552534314000001
1783,Si,sc4,1.1000000238418579,31.450903192999998,12.857255181999999,19.861423414000001
1784,Si,sc4,1.1000000238418579,27.116264781000002,10.288285233,19.911300565000001
1785,Si,sc4,1.1000000238418579,33.915644612000001,11.133830935000001,23.720155885
1786,Si,sc4,1.1000000238418579,29.899148459999999,10.581933866,15.829060395999999
1787,O,oc23,-0.55000001192092896,28.44038875,14.906836391000001,11.391066945
1788,O,oc23,-0.55000001192092896,31.708267381999999,14.876140022,6.5901391130000002
1789,O,oc23,-0.55000001192092896,27.307694350999999,18.716878517000001,7.6401097279999997
1790,O,oc23,-0.55000001192092896,32.903724173000001,18.630714365999999,11.068007186999999
1791,O,oc23,-0.55000001192092896,30.349943011000001,19.075262407,3.2702448049999999
1792,O,oc23,-0.55000001192092896,30.341369044,18.362569199999999,11.773362793
1793,O,oc23,-0.55000001192092896,28.201242498999999,17.811056328999999,3.715869412
1794,O,oc23,-0.55000001192092896,33.272969580000002,18.07651834,7.7453449970000001
1795,O,oc23,-0.55000001192092896,28.461442801,15.615348072,8.7930157280000003
1796,O,oc23,-0.55000001192092896,31.142755503,16.062231412999999,4.2356335290000002
1797,O,oc23,-0.55000001192092896,28.140114949000001,17.433020200000001,10.709178425999999
1798,O,oc23,-0.55000001192092896,26.151644791999999,16.314800990999998,3.5195065240000001
1799,O,oc23,-0.55000001192092896,30.955731254,17.362430598,6.6376082849999998
1800,O,oc23,-0.55000001192092896,26.947092520999998,16.208568214,6.8690990770000004
1801,O,oc23,-0.55000001192092896,31.976576258000001,16.275638771000001,11.509272126000001
1802,O,oc23,-0.55000001192092896,30.086274142000001,16.865095851,2.0668071060000002
1803,O,oc23,-0.55000001192092896,32.527406386999999,15.584617437,1.947725583
1804,O,oc23,-0.55000001192092896,26.219514571000001,15.801265556000001,10.247921380999999
1805,O,oc23,-0.55000001192092896,29.242910846000001,15.363683955000001,6.2498499000000001
1806,O,oc23,-0.55000001192092896,26.148508363000001,18.120001226999999,5.4632740589999997
1807,O,oc23,-0.55000001192092896,31.23077838,17.572772681,9.3741496919999996
1808,O,oc24,-0.67500001192092896,28.651571657000002,18.944327786999999,1.2970462730000001
1809,Si,sc4,1.1000000238418579,34.089609398,15.985266204,2.4188834130000001
1810,Si,sc4,1.1000000238418579,27.819485187000002,15.917567431,10.259287799999999
1811,Si,sc4,1.1000000238418579,30.747149772,15.930075666,5.9376210670000003
1812,Si,sc4,1.1000000238418579,26.303400623000002,17.667995594000001,6.9643721669999996
1813,Si,sc4,1.1000000238418579,31.560415679999998,17.719978599000001,10.939972827
1814,Si,sc4,1.1000000238418579,29.311814831,18.194562604000001,2.5748974549999999
1815,Si,sc4,1.1000000238418579,28.741764377999999,18.348877219999999,11.856735464
1816,Si,sc4,1.1000000238418579,26.655259433000001,17.808269336999999,3.9436628059999999
1817,Si,sc4,1.1000000238418579,31.663054674000001,18.150940575,7.8919657289999998
1818,Si,sc4,1.1000000238418579,28.056395961,15.216024268,7.3355028420000004
1819,Si,sc4,1.1000000238418579,33.273669658000003,15.293304104000001,11.729570846
1820,Si,sc4,1.1000000238418579,30.948656885999998,15.673464743,2.676843297
1821,H,hoy,0.40000000596046448,28.831788046,18.387934563999998,0.54723800700000003
1822,O,oc23,-0.55000001192092896,27.919488944000001,14.339051183,22.814225667999999
1823,O,oc23,-0.55000001192092896,31.294409902000002,14.440266544,19.567514452000001
1824,O,oc23,-0.55000001192092896,26.498233128999999,19.066830823,18.990460204000001
1825,O,oc23,-0.55000001192092896,32.383526433999997,19.956940358000001,23.752783655000002
1826,O,oc23,-0.55000001192092896,29.808020976000002,18.987497086000001,14.961773414
1827,O,oc23,-0.55000001192092896,29.742287230999999,18.961573077000001,23.816299711999999
1828,O,oc23,-0.55000001192092896,27.288042444999999,18.636427490999999,15.573460919
1829,O,oc23,-0.55000001192092896,33.092751202999999,17.811438450000001,19.806467290000001
1830,O,oc23,-0.55000001192092896,27.430120493,16.155921688999999,20.98564786
1831,O,oc23,-0.55000001192092896,30.68825571,15.574513034000001,17.329564229999999
1832,O,oc23,-0.55000001192092896,27.860861388,17.159302090000001,23.245796922
1833,O,oc23,-0.55000001192092896,25.022454759999999,17.612839321999999,14.458262659000001
1834,O,oc23,-0.55000001192092896,30.596963151000001,16.956626312000001,19.836686085
1835,O,oc23,-0.55000001192092896,26.735776359999999,16.610644743000002,18.515497502999999
1836,O,oc23,-0.55000001192092896,31.823185586000001,17.264246246999999,23.634444974000001
1837,O,oc23,-0.55000001192092896,28.954448873,16.635696518,15.512753341
1838,O,oc23,-0.55000001192092896,31.383101034999999,16.225919418,14.992461451
1839,O,oc23,-0.55000001192092896,25.597177040999998,15.751719611,22.576143567999999
1840,O,oc23,-0.55000001192092896,28.774797320000001,15.030560553000001,19.028635194
1841,O,oc23,-0.55000001192092896,25.169638206999998,18.106585454000001,16.935767466000001
1842,O,oc23,-0.55000001192092896,31.294911094,18.862169676000001,21.536962533000001
1843,O,oc23,-0.55000001192092896,28.251395531,17.818372702000001,13.297333715000001
1844,Si,sc4,1.1000000238418579,32.918507355000003,15.96882046,14.613374581
1845,Si,sc4,1.1000000238418579,27.185669957999998,15.825027671999999,22.4711748
1846,Si,sc4,1.1000000238418579,30.315975305999999,15.50423702,18.920591944000002
1847,Si,sc4,1.1000000238418579,25.685134285,17.812588967,18.476786522000001
1848,Si,sc4,1.1000000238418579,31.311094432000001,18.770464769,23.190637558999999
1849,Si,sc4,1.1000000238418579,28.535018612999998,18.054043804999999,14.844905224
1850,Si,sc4,1.1000000238418579,28.119727166000001,18.737888946999998,23.341135765000001
1851,Si,sc4,1.1000000238418579,25.649931499000001,18.614303926000002,15.552066068
1852,Si,sc4,1.1000000238418579,31.565155128000001,18.229996027999999,19.998282713999998
1853,Si,sc4,1.1000000238418579,27.322543163999999,15.468524274,19.522720259
1854,Si,sc4,1.1000000238418579,32.649231894000003,15.739036928999999,23.361796366
1855,Si,sc4,1.1000000238418579,30.154175742,15.63168894,15.820168706
1856,O,oc23,-0.55000001192092896,28.178754481999999,19.872344149,11.713926452999999
1857,O,oc23,-0.55000001192092896,31.051928337,19.620470280999999,7.7550396790000002
1858,O,oc23,-0.55000001192092896,27.046093892999998,23.921820440000001,7.9365601699999999
1859,O,oc23,-0.55000001192092896,32.539918292999999,23.621795162000002,11.583953356
1860,O,oc23,-0.55000001192092896,29.277045615999999,23.507584568999999,2.889452822
1861,O,oc23,-0.55000001192092896,30.302293951999999,22.858024410999999,10.428372378000001
1862,O,oc23,-0.55000001192092896,27.397453500000001,23.048156648999999,4.3445255989999998
1863,O,oc23,-0.55000001192092896,33.445279309999997,22.786877203,6.4985029000000001
1864,O,oc23,-0.55000001192092896,28.082255093000001,20.566535634000001,9.2916457670000003
1865,O,oc23,-0.55000001192092896,30.992901020000001,20.330935141000001,5.3379615039999999
1866,O,oc23,-0.55000001192092896,27.793359548000002,22.398841547,11.070146174
1867,O,oc23,-0.55000001192092896,25.621067202999999,21.359958151000001,4.249453258
1868,O,oc23,-0.55000001192092896,30.936210613,22.154425271000001,7.198175795
1869,O,oc23,-0.55000001192092896,26.475709311999999,21.266649996999998,7.43799688
1870,O,oc23,-0.55000001192092896,32.210714564,21.164737888000001,10.721947589999999
1871,O,oc23,-0.55000001192092896,29.111208671,21.214353403,3.9263329759999999
1872,O,oc23,-0.55000001192092896,31.549771312000001,21.212226816000001,2.8553284090000002
1873,O,oc23,-0.55000001192092896,25.835120032999999,20.687611947000001,10.458325169
1874,O,oc23,-0.55000001192092896,28.917810131,20.597092861,6.8301873479999999
1875,O,oc23,-0.55000001192092896,25.467843595000001,23.197908656999999,6.0169015679999998
1876,O,oc23,-0.55000001192092896,32.547660917000002,23.034358755,9.0714815430000009
1877,Si,sc4,1.1000000238418579,33.002158721000001,20.972759422999999,2.3037063870000001
1878,Si,sc4,1.1000000238418579,27.415538185999999,20.882134424,10.680495876
1879,Si,sc4,1.1000000238418579,30.495258920000001,20.680085822999999,6.7670060369999998
1880,Si,sc4,1.1000000238418579,25.908061399000001,22.858965177000002,7.4692866630000001
1881,Si,sc4,1.1000000238418579,31.895526317000002,22.651446429,10.460130405999999
1882,Si,sc4,1.1000000238418579,28.257067754000001,22.334175859999998,3.2827272930000002
1883,Si,sc4,1.1000000238418579,29.055651911999998,23.345046042,11.356366938000001
1884,Si,sc4,1.1000000238418579,25.879032028000001,22.946454290999998,4.5431016959999999
1885,Si,sc4,1.1000000238418579,32.208413454999999,23.052233300000001,7.4897455199999996
1886,Si,sc4,1.1000000238418579,27.660656976999999,20.302712176,7.783320733
1887,Si,sc4,1.1000000238418579,33.387258031999998,20.188464200999999,11.227330332999999
1888,Si,sc4,1.1000000238418579,30.494590664,20.481173107,3.8292479250000002
1889,O,oc23,-0.55000001192092896,28.180120828,19.498837400999999,21.934302026000001
1890,O,oc23,-0.55000001192092896,31.250999099000001,19.357066325000002,18.897526352
1891,O,oc23,-0.55000001192092896,26.758932633000001,23.753429646000001,19.028635194
1892,O,oc23,-0.55000001192092896,31.723917706000002,24.726322392,22.619533022999999
1893,O,oc23,-0.55000001192092896,29.533174724999999,24.126587500999999,15.379371016
1894,O,oc23,-0.55000001192092896,30.078831834999999,22.737226382999999,23.473717090000001
1895,O,oc23,-0.55000001192092896,27.309430624000001,23.228883309,14.328959055
1896,O,oc23,-0.55000001192092896,32.822007964999997,22.563504584,19.566378706999998
1897,O,oc23,-0.55000001192092896,27.612007521999999,21.015997254999998,19.983107563000001
1898,O,oc23,-0.55000001192092896,30.884490361000001,20.686635876,16.502859220000001
1899,O,oc23,-0.55000001192092896,27.703300080999998,22.132091954,22.216110318999998
1900,O,oc23,-0.55000001192092896,24.78851534,22.661969295999999,14.776575201
1901,O,oc23,-0.55000001192092896,30.470867565999999,21.973281185000001,18.728174773999999
1902,O,oc23,-0.55000001192092896,26.619557443000001,21.443021722000001,17.697017680999998
1903,O,oc23,-0.55000001192092896,32.670453008999999,22.272401001999999,22.522522442
1904,O,oc23,-0.55000001192092896,29.232266479,21.592493369,14.732248258
1905,O,oc23,-0.55000001192092896,31.637762367000001,20.704510420999998,14.142690849999999
1906,O,oc23,-0.55000001192092896,25.779197323999998,20.287171893,21.823718292999999
1907,O,oc23,-0.55000001192092896,28.828585985,20.023522880000002,17.967926805000001
1908,O,oc23,-0.55000001192092896,26.13249209,23.760083537,16.574063475999999
1909,O,oc23,-0.55000001192092896,30.769273828999999,22.944431542,21.031914536999999
1910,O,oc23,-0.55000001192092896,29.434038109999999,23.201322825999998,12.876527135
1911,Si,sc4,1.1000000238418579,33.191653131999999,20.844296129,14.233217719000001
1912,Si,sc4,1.1000000238418579,27.303724590000002,20.766980988,21.491231848999998
1913,Si,sc4,1.1000000238418579,30.350977217000001,20.480336178000002,18.039532556000001
1914,Si,sc4,1.1000000238418579,25.950105857,22.898300804000002,17.949005687
1915,Si,sc4,1.1000000238418579,31.354105475000001,23.166200914000001,22.484279706999999
1916,Si,sc4,1.1000000238418579,28.89074973,23.103765651,14.339789482
1917,Si,sc4,1.1000000238418579,28.485301141000001,22.903806254999999,23.427986405999999
1918,Si,sc4,1.1000000238418579,25.979902927000001,23.699633642999999,15.040064123000001
1919,Si,sc4,1.1000000238418579,31.283198710000001,23.036798931,19.590313043999998
1920,Si,sc4,1.1000000238418579,27.401190564,20.341420626000001,18.593855957999999
1921,Si,sc4,1.1000000238418579,33.540164462,21.075088957999998,23.206818940000002
1922,Si,sc4,1.1000000238418579,30.358385713000001,20.482323622999999,15.062863711
1923,O,oc23,-0.55000001192092896,28.658878722000001,24.924572626,11.075160390000001
1924,O,oc23,-0.55000001192092896,31.704164368000001,24.528140690000001,7.2359507829999998
1925,O,oc23,-0.55000001192092896,27.387910959999999,28.719807561,7.0440003649999996
1926,O,oc23,-0.55000001192092896,32.633981331000001,28.575386557000002,11.29552586
1927,O,oc23,-0.55000001192092896,30.643343319,28.444485165,3.6201350510000001
1928,O,oc23,-0.55000001192092896,30.189979164,27.972133660000001,10.490684943
1929,O,oc23,-0.55000001192092896,28.557741315000001,27.639391341,2.1138954550000002
1930,O,oc23,-0.55000001192092896,33.197458609000002,28.026243252,6.3780172610000001
1931,O,oc23,-0.55000001192092896,27.412367946,26.051956512,9.0043560080000002
1932,O,oc23,-0.55000001192092896,30.010763171000001,24.653048597000002,5.374880697
1933,O,oc23,-0.55000001192092896,27.704668415,27.395288653000001,11.150510114999999
1934,O,oc23,-0.55000001192092896,26.2548168,26.220835341000001,2.9468241489999998
1935,O,oc23,-0.55000001192092896,30.934909899000001,26.938232375999998,6.7392599789999998
1936,O,oc23,-0.55000001192092896,27.398054134999999,26.133416835999999,6.3179986020000003
1937,O,oc23,-0.55000001192092896,31.948547282,26.082895859000001,11.059716246000001
1938,O,oc23,-0.55000001192092896,29.698409045999998,26.085230120999999,3.4324167779999999
1939,O,oc23,-0.55000001192092896,31.783078275000001,24.942098278,3.4503346549999998
1940,O,oc23,-0.55000001192092896,26.156815822999999,25.198534754000001,11.091407524999999
1941,O,oc23,-0.55000001192092896,29.308443716999999,25.090595930999999,7.7326420850000002
1942,O,oc23,-0.55000001192092896,27.112861845000001,28.152650568999999,4.3845401969999998
1943,O,oc23,-0.55000001192092896,32.315254906,27.434381300999998,8.9127591469999992
1944,Si,sc4,1.1000000238418579,32.697346347,25.791476612,2.4830540179999998
1945,Si,sc4,1.1000000238418579,27.485110426999999,25.900707171000001,10.542366335000001
1946,Si,sc4,1.1000000238418579,30.478274073000001,25.365081399000001,6.7710842590000002
1947,Si,sc4,1.1000000238418579,26.761402794999999,27.674338806000002,5.9373934200000003
1948,Si,sc4,1.1000000238418579,31.767728269999999,27.502010503000001,10.42222142
1949,Si,sc4,1.1000000238418579,30.050669606,27.301843432999998,2.6174395850000001
1950,Si,sc4,1.1000000238418579,28.948207837000002,28.354279667,11.439271361999999
1951,Si,sc4,1.1000000238418579,27.000314360000001,27.686255168999999,2.826164662
1952,Si,sc4,1.1000000238418579,31.972304190999999,27.933807331000001,7.4294389399999998
1953,Si,sc4,1.1000000238418579,27.788954228000001,25.323932772999999,7.7056312719999998
1954,Si,sc4,1.1000000238418579,33.087279854000002,25.112615658999999,11.658633590000001
1955,Si,sc4,1.1000000238418579,30.20095766,24.65914592,3.7976707190000001
1956,O,oc23,-0.55000001192092896,28.111417716999998,24.520892849999999,23.346284477000001
1957,O,oc23,-0.55000001192092896,31.084261201,24.554482124,19.034385652000001
1958,O,oc23,-0.55000001192092896,26.727401278999999,28.862380260999998,19.122706783999998
1959,O,oc23,-0.55000001192092896,32.351326823000001,30.018857267000001,23.669945980000001
1960,O,oc23,-0.55000001192092896,29.488027648999999,29.071502254999999,15.29967557
1961,O,oc23,-0.55000001192092896,29.634511017000001,29.110769350000002,23.716011411
1962,O,oc23,-0.55000001192092896,27.119335577000001,28.220173856999999,14.487747205
1963,O,oc23,-0.55000001192092896,32.971395065999999,27.817156562000001,19.907022591
1964,O,oc23,-0.55000001192092896,27.781647163999999,25.324663786999999,20.865169196
1965,O,oc23,-0.55000001192092896,30.478542568999998,25.995057850999999,17.040869733000001
1966,O,oc23,-0.55000001192092896,28.129470581,27.044848311999999,22.886365419000001
1967,O,oc23,-0.55000001192092896,24.599522121,27.510442088000001,14.712258145
1968,O,oc23,-0.55000001192092896,30.423252316999999,27.178397555,19.486884506999999
1969,O,oc23,-0.55000001192092896,26.113940022000001,26.295675001999999,19.066477429999999
1970,O,oc23,-0.55000001192092896,31.646704272000001,27.348740490000001,23.596534991999999
1971,O,oc23,-0.55000001192092896,29.018848094999999,26.508524754,14.871046294999999
1972,O,oc23,-0.55000001192092896,31.352536266000001,25.724962623,14.576602337000001
1973,O,oc23,-0.55000001192092896,25.904358146,25.493717062999998,22.675561130999998
1974,O,oc23,-0.55000001192092896,28.614099584000002,25.519813441,18.547722781000001
1975,O,oc23,-0.55000001192092896,26.044501035,27.797329876999999,16.933828728000002
1976,O,oc23,-0.55000001192092896,31.116494622000001,28.957534640999999,21.519846651999998
1977,O,oc23,-0.55000001192092896,29.326729276999998,28.171046376,12.930949259
1978,Si,sc4,1.1000000238418579,32.930486246000001,25.815031054999999,14.555207486
1979,Si,sc4,1.1000000238418579,27.415671439,25.641795213999998,22.460678123000001
1980,Si,sc4,1.1000000238418579,30.128083914000001,25.820081698999999,18.556280722
1981,Si,sc4,1.1000000238418579,25.707389606,27.754787754999999,18.564906407999999
1982,Si,sc4,1.1000000238418579,31.219867505,28.854611157000001,23.098307445
1983,Si,sc4,1.1000000238418579,28.723544449999999,27.983491379,14.389465387
1984,Si,sc4,1.1000000238418579,28.097571288000001,28.649391367,23.289855869
1985,Si,sc4,1.1000000238418579,25.817468917999999,28.376440614,15.384451982
1986,Si,sc4,1.1000000238418579,31.446899621,28.322470163999999,19.996879968999998
1987,Si,sc4,1.1000000238418579,27.318338719,25.226408826,19.367274588000001
1988,Si,sc4,1.1000000238418579,32.517563529,25.987741479,23.339330527000001
1989,Si,sc4,1.1000000238418579,30.054508102,25.591274238,15.552734564
1990,O,oc23,-0.55000001192092896,28.511327337000001,29.916282677000002,11.225591845
1991,O,oc23,-0.55000001192092896,31.353870788999998,29.454555800000001,7.6455921900000003
1992,O,oc23,-0.55000001192092896,27.425048905000001,33.824266176000002,6.9602266960000003
1993,O,oc23,-0.55000001192092896,32.863718294999998,33.583122848999999,11.074091394
1994,O,oc23,-0.55000001192092896,30.408936517000001,33.478178692,3.4086084689999998
1995,O,oc23,-0.55000001192092896,30.418813186000001,33.073279866999997,11.604077966
1996,O,oc23,-0.55000001192092896,28.344390553,32.219581902000002,2.1807136410000001
1997,O,oc23,-0.55000001192092896,33.356722378999997,33.054431329000003,7.6946663490000002
1998,O,oc23,-0.55000001192092896,26.919264420000001,30.488282638000001,9.1065152999999999
1999,O,oc23,-0.55000001192092896,30.243033939,29.874471569000001,5.593172934
2000,O,oc23,-0.55000001192092896,28.020558729000001,32.416160357000003,10.535480132
2001,O,oc23,-0.55000001192092896,25.849135515,31.194461096000001,3.0047770460000001
2002,O,oc23,-0.55000001192092896,31.087431441,32.074080991999999,6.8534541859999996
2003,O,oc23,-0.55000001192092896,26.705344843999999,31.264841985,6.5850576490000003
2004,O,oc23,-0.55000001192092896,32.009308881999999,31.080701156,10.952141242
2005,O,oc23,-0.55000001192092896,29.806085818,31.027949756000002,3.557662584
2006,O,oc23,-0.55000001192092896,32.149618834999998,30.399993976000001,3.8896613549999999
2007,O,oc23,-0.55000001192092896,26.094186685,30.896039065,11.533073959999999
2008,O,oc23,-0.55000001192092896,29.019347298,30.67656865,7.7292991080000002
2009,O,oc23,-0.55000001192092896,27.027641269,32.908512993000002,4.5689025409999999
2010,O,oc23,-0.55000001192092896,31.144690661999999,32.881197565000001,9.1953036820000005
2011,Si,sc4,1.1000000238418579,32.730381278000003,30.878338967000001,2.5143438009999999
2012,Si,sc4,1.1000000238418579,27.402326202000001,30.951054117000002,10.603675659
2013,Si,sc4,1.1000000238418579,30.412440884999999,30.588522966999999,6.9455850469999998
2014,Si,sc4,1.1000000238418579,26.517453452000002,32.779806719,6.112469054
2015,Si,sc4,1.1000000238418579,31.649240066000001,32.611449153000002,10.710915916999999
2016,Si,sc4,1.1000000238418579,29.944828551000001,32.175820731000002,2.5782872559999999
2017,Si,sc4,1.1000000238418579,28.879170598999998,33.416474444000002,11.472232882
2018,Si,sc4,1.1000000238418579,26.881758536,32.513264800999998,2.9901149729999998
2019,Si,sc4,1.1000000238418579,31.705365639,33.221812825000001,7.7501589629999996
2020,Si,sc4,1.1000000238418579,27.456146688,30.27933509,7.5832133720000003
2021,Si,sc4,1.1000000238418579,33.162190189999997,30.062689047999999,11.348477493000001
2022,Si,sc4,1.1000000238418579,30.670238645000001,29.883006990999998,4.1913663620000001
2023,O,oc23,-0.55000001192092896,28.048185955000001,29.510268639,21.985984414000001
2024,O,oc23,-0.55000001192092896,31.252568308000001,29.572392390000001,19.038063871999999
2025,O,oc23,-0.55000001192092896,26.714388181,33.705559428999997,18.775375950000001
2026,O,oc23,-0.55000001192092896,31.630053553,34.446890949999997,23.357048154000001
2027,O,oc23,-0.55000001192092896,29.957642762999999,34.138365555,14.895048379
2028,O,oc23,-0.55000001192092896,29.940391409,32.570510278,22.812488176999999
2029,O,oc23,-0.55000001192092896,27.444201607,33.319405304,15.371883067000001
2030,O,oc23,-0.55000001192092896,32.644092684999997,32.532917038999997,19.165093993999999
2031,O,oc23,-0.55000001192092896,27.511204244000002,30.935061103999999,20.097634524
2032,O,oc23,-0.55000001192092896,30.689558412,30.902867401999998,16.755785711000001
2033,O,oc23,-0.55000001192092896,27.481840745,32.064116769000002,22.387601879999998
2034,O,oc23,-0.55000001192092896,25.168971938999999,32.474485741000002,14.423162152
2035,O,oc23,-0.55000001192092896,30.154376617,32.048159060000003,18.924804164000001
2036,O,oc23,-0.55000001192092896,26.470904230999999,31.214321007999999,17.862224783999999
2037,O,oc23,-0.55000001192092896,32.616865218999997,32.286338870999998,22.317468611999999
2038,O,oc23,-0.55000001192092896,29.193692578,31.618382906000001,14.756050092000001
2039,O,oc23,-0.55000001192092896,31.524813132999999,30.386160778000001,14.301346496000001
2040,O,oc23,-0.55000001192092896,25.641856736000001,30.321285338999999,21.849125114
2041,O,oc23,-0.55000001192092896,28.772695097,30.058089058,18.148980544
2042,O,oc23,-0.55000001192092896,25.283422761000001,33.217840012000003,16.742814303999999
2043,O,oc23,-0.55000001192092896,31.078223028,33.790363313,20.862361712999999
2044,O,oc23,-0.55000001192092896,28.227035999000002,33.267141938999998,12.919984336000001
2045,Si,sc4,1.1000000238418579,33.034125635999999,30.738970684000002,14.334575016000001
2046,Si,sc4,1.1000000238418579,27.160077333,30.705383486999999,21.578682242999999
2047,Si,sc4,1.1000000238418579,30.270595533000002,30.634863456000001,18.249601598999998
2048,Si,sc4,1.1000000238418579,25.725575723999999,32.642110215999999,18.103383358999999
2049,Si,sc4,1.1000000238418579,31.354839363,33.224809567999998,22.359588821999999
2050,Si,sc4,1.1000000238418579,28.746501838,33.120212228,14.47544529
2051,Si,sc4,1.1000000238418579,28.481363202000001,33.039867116000003,23.053579006
2052,Si,sc4,1.1000000238418579,25.878697899999999,33.530477363000003,15.319064934
2053,Si,sc4,1.1000000238418579,31.185364796999998,33.24083581,19.359117146999999
2054,Si,sc4,1.1000000238418579,27.334788563,30.277385026000001,18.73760146
2055,Si,sc4,1.1000000238418579,33.502073465000002,31.174322899,23.135278942999999
2056,Si,sc4,1.1000000238418579,30.262152831000002,30.491977167000002,15.269990775
2057,O,oc23,-0.55000001192092896,0.81510796299999999,-0.13776503500000001,3.3902088969999999
2058,O,oc24,-0.67500001192092896,33.83907619,-0.057629674999999998,0.78128721499999998
2059,H,hoy,0.40000000596046448,34.538078663,-0.78303879200000004,0.81481000800000003
2060,O,oc23,-0.55000001192092896,0.49200045599999997,0.085144088000000007,15.106522159000001
2061,O,oc23,-0.55000001192092896,33.808067780999998,0.63582119199999998,12.684977714
2062,O,oc23,-0.55000001192092896,-0.038406836999999999,4.9435918680000004,2.3863769380000002
2063,O,oc23,-0.55000001192092896,0.33065857900000001,5.0842840750000002,15.182673879999999
2064,O,oc23,-0.55000001192092896,32.323264037000001,5.6168092669999998,13.000415028000001
2065,O,oc23,-0.55000001192092896,0.213318754,9.9632092179999994,3.1506819589999999
2066,O,oc24,-0.67500001192092896,33.918874580000001,10.501169251,0.52387565199999997
2067,H,hoy,0.40000000596046448,33.270099657999999,10.416225188,-0.153305688
2068,O,oc23,-0.55000001192092896,0.31283197800000001,10.193967781,15.018670267999999
2069,O,oc23,-0.55000001192092896,32.035235634999999,10.953314026999999,13.113940739
2070,O,oc23,-0.55000001192092896,1.469584816,14.767920839,3.091619219
2071,O,oc23,-0.55000001192092896,1.9513013850000001,16.834678804999999,1.6937973449999999
2072,O,oc23,-0.55000001192092896,0.28137477100000002,15.125434573,15.680300678
2073,O,oc23,-0.55000001192092896,33.119079704999997,15.135538975999999,13.291717753
2074,O,oc23,-0.55000001192092896,0.220045989,19.471696420000001,2.6966398850000002
2075,O,oc24,-0.67500001192092896,33.024614917000001,21.153901432000001,0.67672069099999999
2076,H,hoy,0.40000000596046448,32.191629483,21.04996865,0.32808620900000002
2077,O,oc23,-0.55000001192092896,0.32101404700000002,19.917847709,15.375359046
2078,O,oc23,-0.55000001192092896,33.837841605999998,20.499290630000001,12.784863524
2079,O,oc23,-0.55000001192092896,0.24430348399999999,24.590891618000001,1.9845044270000001
2080,O,oc23,-0.55000001192092896,31.367152383000001,26.651795239999998,1.816676392
2081,O,oc23,-0.55000001192092896,0.23141161299999999,24.776041745000001,15.532543205
2082,O,oc23,-0.55000001192092896,33.464919422999998,25.494273630999999,13.139012814999999
2083,O,oc23,-0.55000001192092896,0.39025961799999997,29.585980533000001,2.032949941
2084,O,oc23,-0.55000001192092896,31.264847517,31.403722232,1.808332525
2085,O,oc23,-0.55000001192092896,0.32793977899999999,29.897153778,15.515227074
2086,O,oc23,-0.55000001192092896,33.565191085000002,30.297591754999999,12.896049002
2087,O,oc23,-0.55000001192092896,33.879103852999997,2.262127236,2.1647546759999998
2088,O,oc23,-0.55000001192092896,33.657691472000003,2.6389051170000002,14.410058242
2089,O,oc23,-0.55000001192092896,33.221084253000001,7.2950087569999997,3.6040353629999999
2090,O,oc23,-0.55000001192092896,33.321386339,7.5847899710000002,14.40069731
2091,O,oc23,-0.55000001192092896,33.768423875000003,12.446398175000001,2.4005642900000002
2092,O,oc23,-0.55000001192092896,33.281511725000001,12.72196355,14.73766397
2093,O,oc23,-0.55000001192092896,33.720214485,17.084878816,3.5017019729999999
2094,O,oc23,-0.55000001192092896,33.593289857000002,17.403613491000002,14.641187389000001
2095,O,oc23,-0.55000001192092896,33.853467596999998,22.100384211000001,3.0175601580000002
2096,O,oc23,-0.55000001192092896,33.653729075999998,22.360479912999999,14.503926593999999
2097,O,oc23,-0.55000001192092896,0.32926681299999999,27.007880174,3.1171724919999999
2098,O,oc23,-0.55000001192092896,0.017746172000000001,27.359749314999998,14.801513777
2099,O,oc23,-0.55000001192092896,33.799822689999999,32.140177555999998,2.6916991440000002
2100,O,oc23,-0.55000001192092896,33.186247416,32.291460125,14.757788579
