id,element,ff_type,charge,x,y,z
1,O,oc23,-0.55000001192092896,3.6081192209999999,0.011778367,10.806404633
2,O,oc23,-0.55000001192092896,9.3728358459999992,0.121666183,3.528187537
3,O,oc23,-0.55000001192092896,6.568559949,-0.15370967299999999,6.9416265700000004
4,O,oc23,-0.55000001192092896,1.700166209,4.9372689919999999,6.4257682249999997
5,O,oc23,-0.55000001192092896,7.6383969250000003,3.7903129070000001,11.258235563
6,O,oc23,-0.55000001192092896,5.10494103,4.2336584180000001,2.7345892649999999
7,O,oc23,-0.55000001192092896,5.1576228029999998,3.055431805,11.694830932
8,O,oc23,-0.55000001192092896,2.5315396749999999,3.7801624349999998,2.8343559109999998
9,O,oc23,-0.55000001192092896,8.0160741850000008,2.7232158790000001,7.9219803100000004
10,O,oc23,-0.55000001192092896,3.1142597809999999,1.310368167,8.5138365769999993
11,O,oc23,-0.55000001192092896,10.151263252,2.2590356190000001,1.967719403
12,O,oc23,-0.55000001192092896,6.1093988770000003,0.99920142599999995,4.5583622799999999
13,O,oc23,-0.55000001192092896,2.7235467259999999,2.4958060949999998,10.853276482
14,O,oc23,-0.55000001192092896,5.6841966690000003,2.2743570649999998,6.8313666489999996
15,O,oc23,-0.55000001192092896,2.3222654249999999,2.3766779910000002,6.2048680000000003
16,O,oc23,-0.55000001192092896,6.9391671529999996,1.350382878,10.787669081000001
17,O,oc23,-0.55000001192092896,4.4960947999999998,1.737361945,2.5687724470000002
18,O,oc23,-0.55000001192092896,7.2603254169999998,1.1741449230000001,2.1820903280000001
19,O,oc23,-0.55000001192092896,1.1581585409999999,0.58080138299999995,10.130169428
20,O,oc23,-0.55000001192092896,4.0841945940000004,0.44103134199999999,6.23858801
21,O,oc23,-0.55000001192092896,0.51988932499999996,3.4520363669999998,4.5209878940000001
22,O,oc23,-0.55000001192092896,5.9792772569999997,3.2808666199999998,9.2603822250000007
23,O,oc24,-0.67500001192092896,3.9449634279999999,3.4122566719999998,0.57602571300000005
24,Si,sc4,1.1000000238418579,8.8442364260000002,1.4039475830000001,2.6786521329999999
25,Si,sc4,1.1000000238418579,2.6669152939999998,1.0948573130000001,10.060330275
26,Si,sc4,1.1000000238418579,5.6215560900000003,0.85198850199999998,6.1089386149999996
27,Si,sc4,1.1000000238418579,1.131123791,3.458426249,6.067973888
28,Si,sc4,1.1000000238418579,6.4225576210000002,2.8739292010000002,10.748546693
29,Si,sc4,1.1000000238418579,3.9757316409999999,3.251829876,2.1985958550000002
30,Si,sc4,1.1000000238418579,3.630076163,3.5192681170000002,11.703645168
31,Si,sc4,1.1000000238418579,0.87457616400000004,3.6924456819999998,2.9153529119999999
32,Si,sc4,1.1000000238418579,6.5295920560000003,3.2530852870000002,7.7675418360000004
33,Si,sc4,1.1000000238418579,2.7654167749999998,1.0110670740000001,6.9565122629999996
34,Si,sc4,1.1000000238418579,8.1498664689999991,0.40875188099999998,11.291935691999999
35,Si,sc4,1.1000000238418579,5.8048327759999996,0.79305891799999995,2.9688982049999999
36,H,hoy,0.40000000596046448,4.7689299060000003,3.7783086309999998,0.31317589800000001
37,O,oc23,-0.55000001192092896,2.6335693240000002,-0.59494793999999995,22.993812094999999
38,O,oc23,-0.55000001192092896,8.7800784230000009,0.031265306,15.299033981999999
39,O,oc23,-0.55000001192092896,6.0651478540000001,-0.22298942499999999,19.108426643000001
40,O,oc23,-0.55000001192092896,1.610721396,3.8105747019999998,18.903569564000001
41,O,oc23,-0.55000001192092896,6.6439029239999998,4.1638672779999997,23.581669332000001
42,O,oc23,-0.55000001192092896,4.7999238379999998,4.1620685010000003,15.189911013
43,O,oc23,-0.55000001192092896,3.968320565,3.5952860100000001,23.637960751000001
44,O,oc23,-0.55000001192092896,2.3161476400000001,3.3874731339999999,15.63977811
45,O,oc23,-0.55000001192092896,7.4934118109999996,2.884407495,19.876512282
46,O,oc23,-0.55000001192092896,2.3422643729999999,0.77734342899999997,20.693629785999999
47,O,oc23,-0.55000001192092896,8.5735616500000003,0.82733356899999999,12.795408613999999
48,O,oc23,-0.55000001192092896,5.5585000190000002,1.009869994,16.830232297999999
49,O,oc23,-0.55000001192092896,2.0161274929999999,1.946600965,23.112208696
50,O,oc23,-0.55000001192092896,5.0802883120000004,2.2523089820000002,19.127744827000001
51,O,oc23,-0.55000001192092896,1.241037258,1.246221883,18.356496133
52,O,oc23,-0.55000001192092896,5.9666400890000002,1.764307364,22.982280129999999
53,O,oc23,-0.55000001192092896,4.0476916640000002,1.6537674570000001,14.781123307
54,O,oc23,-0.55000001192092896,6.4640028029999996,0.78951182900000005,14.347078045
55,O,oc23,-0.55000001192092896,0.292607585,0.38497979399999999,22.38630878
56,O,oc23,-0.55000001192092896,3.6167108090000002,0.222433626,18.405962357
57,O,oc23,-0.55000001192092896,0.080500615999999997,3.1559825410000002,16.943866514
58,O,oc23,-0.55000001192092896,5.3885797010000003,3.7007102160000001,21.333783689000001
59,O,oc23,-0.55000001192092896,3.1548437420000002,3.5550004629999998,13.225764247000001
60,Si,sc4,1.1000000238418579,8.0411901560000008,1.0534674900000001,14.304665972
61,Si,sc4,1.1000000238418579,1.848793227,0.60338755099999997,22.236316151
62,Si,sc4,1.1000000238418579,5.0956049700000001,0.82564357300000002,18.368766307000001
63,Si,sc4,1.1000000238418579,0.55154572300000004,2.7012028739999998,18.419689589000001
64,Si,sc4,1.1000000238418579,5.4535459529999999,3.307634223,22.908500324999999
65,Si,sc4,1.1000000238418579,3.5994324230000001,3.1927702020000002,14.720011439
66,Si,sc4,1.1000000238418579,2.3768580259999998,3.5053076289999998,23.234169487999999
67,Si,sc4,1.1000000238418579,0.73585401399999995,3.5424778950000002,15.516673257000001
68,Si,sc4,1.1000000238418579,5.976241559,3.3810928150000001,19.851182780999999
69,Si,sc4,1.1000000238418579,2.202295221,0.23661020299999999,19.163279738
70,Si,sc4,1.1000000238418579,7.2374497279999996,0.83934172799999995,23.422620827999999
71,Si,sc4,1.1000000238418579,5.1828472469999998,0.65015608400000002,15.301252785000001
72,O,oc24,-0.67500001192092896,7.6955812349999997,1.412861385,24.879977712999999
73,O,oc24,-0.89999997615814209,8.0522677379999994,6.0082678789999999,24.859120999000002
74,O,oc24,-0.67500001192092896,2.415479189,8.561883924,24.361736482000001
75,O,oc23,-0.55000001192092896,10.011659863,9.4157261640000005,24.201278345999999
76,O,oc23,-0.55000001192092896,2.0496656729999998,11.751739603000001,24.229677893000002
77,O,oc24,-0.67500001192092896,3.0288056650000001,17.774503376999998,24.934683615000001
78,O,oc24,-0.67500001192092896,8.0039233949999993,21.385634218,25.124101519
79,O,oc23,-0.55000001192092896,1.388676054,21.840761414999999,23.961094760999998
80,O,oc24,-0.89999997615814209,8.3456882009999998,25.733674440000001,25.010735747999998
81,O,oc24,-0.67500001192092896,2.998061689,28.854437552,24.667933849000001
82,O,oc23,-0.55000001192092896,9.6407617769999998,31.701971400000001,23.870248148999998
83,O,oc23,-0.55000001192092896,1.4369775739999999,31.838891404000002,23.876040044
84,O,oc24,-0.67500001192092896,16.32436916,-0.20040962600000001,25.005998052999999
85,O,oc24,-0.67500001192092896,11.311599632,2.9131575000000001,25.172863829000001
86,O,oc23,-0.55000001192092896,18.115286019999999,4.5214073859999999,24.165276273
87,O,oc24,-0.67500001192092896,16.749105909000001,11.219870326000001,24.479238215999999
88,O,oc24,-0.67500001192092896,11.160855698000001,13.245572213999999,24.818744719000001
89,O,oc24,-0.67500001192092896,16.62203736,15.701906438,24.746424878999999
90,O,oc23,-0.55000001192092896,9.8368086970000004,16.540127797,23.875328009
91,O,oc24,-0.67500001192092896,11.635533004999999,23.449115289000002,25.214698898999998
92,O,oc24,-0.67500001192092896,12.74375905,28.210767059999998,24.578118995000001
93,O,oc24,-0.67500001192092896,16.323910987000001,29.705791490999999,24.796139759999999
94,O,oc23,-0.55000001192092896,26.470613933999999,1.920853269,24.020905418000002
95,O,oc24,-0.67500001192092896,23.571291210999998,6.8524314610000001,24.894991925999999
96,O,oc23,-0.55000001192092896,22.524981548,9.1340280269999994,23.677942502000001
97,O,oc24,-0.89999997615814209,19.279201610000001,13.254274981,25.015761511000001
98,O,oc24,-0.67500001192092896,24.732280716999998,15.926607936,24.945251509999999
99,O,oc23,-0.55000001192092896,18.236375861999999,19.443565002,23.973072955999999
100,O,oc23,-0.55000001192092896,26.716577829999999,19.611140092999999,23.949605169000002
101,O,oc24,-0.67500001192092896,20.389144181999999,23.551849050000001,24.254124227999998
102,O,oc24,-0.89999997615814209,25.211567515999999,24.652844247000001,24.989795901000001
103,O,oc23,-0.55000001192092896,18.529940580000002,26.564997300999998,23.98921679
104,O,oc24,-0.67500001192092896,20.073413353999999,32.788594015999998,25.029199833
105,O,oc24,-0.67500001192092896,28.378349502999999,8.0471755209999998,25.250853389
106,O,oc24,-0.67500001192092896,28.098497511000001,13.921193528,25.256832387999999
107,O,oc24,-0.67500001192092896,27.902626740999999,22.518816398999999,24.902495334000001
108,O,oc23,-0.55000001192092896,26.620697952,29.309221795999999,23.932823882000001
109,O,oc24,-0.67500001192092896,27.812735659000001,33.031996507000002,24.632367600999999
110,O,oc24,-0.67500001192092896,33.263802183000003,0.236070586,24.985059603
111,O,oc23,-0.55000001192092896,1.1048586739999999,4.4301272469999997,23.922149350000002
112,O,oc24,-0.67500001192092896,33.200847621999998,15.436193687999999,24.981115210999999
113,O,oc24,-0.67500001192092896,33.021164796999997,25.422567577999999,24.688719614
114,H,hoy,0.40000000596046448,32.645027892999998,25.983619360999999,25.341513392
115,H,hoy,0.40000000596046448,26.910192004999999,32.772618786999999,24.664329266999999
116,H,hoy,0.40000000596046448,15.848675023,30.192993033,25.443769311
117,H,hoy,0.40000000596046448,12.027712326,28.573090033,25.069357166
118,Na,na+,1,9.1440457290000001,23.773846345999999,25.336271537999998
119,Na,na+,1,23.124487764000001,24.790652979000001,25.560170292999999
120,H,hoy,0.40000000596046448,25.425865533,16.559626091999998,24.913065590999999
121,H,hoy,0.40000000596046448,29.128370541999999,8.1023603430000009,25.816045796000001
122,H,hoy,0.40000000596046448,33.093801988999999,16.17832542,25.547479287000002
123,Na,na+,1,21.045086140999999,12.577523584,25.976547981
124,H,hoy,0.40000000596046448,7.4680078180000002,2.3274154120000001,24.903777699999999
125,H,hoy,0.40000000596046448,19.534069655,23.286864213000001,24.547558470999999
126,H,hoy,0.40000000596046448,12.331024513999999,23.749226638,25.778742282
127,H,hoy,0.40000000596046448,10.429132816999999,3.2325820730000001,25.236630668
128,H,hoy,0.40000000596046448,1.8674370549999999,7.8344690930000001,24.590067002000001
129,H,hoy,0.40000000596046448,24.310818871999999,6.986698122,25.457304902000001
130,H,hoy,0.40000000596046448,27.760884269000002,13.239691515000001,25.809275448000001
131,H,hoy,0.40000000596046448,3.6916940760000001,17.962337254000001,25.569941701000001
132,H,hoy,0.40000000596046448,11.888255007,13.463574620999999,25.367756768
133,H,hoy,0.40000000596046448,17.286326129999999,15.07274177,24.986324653
134,H,hoy,0.40000000596046448,3.6515206619999998,28.870592004999999,25.342057108999999
135,H,hoy,0.40000000596046448,15.960199595000001,0.492550039,25.519920439
136,H,hoy,0.40000000596046448,32.782903226999998,0.69446512400000004,25.645640986
137,Na,na+,1,8.3927819780000004,7.8537719749999999,25.765788462
138,H,hoy,0.40000000596046448,7.363877843,20.911441098000001,25.62730981
139,H,hoy,0.40000000596046448,17.412284176,11.855733108000001,24.246373225999999
140,H,hoy,0.40000000596046448,20.760992344999998,32.905385066999997,25.656138284000001
141,H,hoy,0.40000000596046448,27.180474467,23.098882628999998,25.109364835000001
142,O,oc23,-0.55000001192092896,3.4760574989999999,4.9848571799999997,11.066601222999999
143,O,oc23,-0.55000001192092896,9.1831801090000003,4.9924694699999996,3.773616445
144,O,oc23,-0.55000001192092896,6.4547455530000004,4.7046681850000001,7.0757350819999996
145,O,oc23,-0.55000001192092896,1.4190620789999999,9.8192392519999991,7.4601122960000001
146,O,oc23,-0.55000001192092896,7.8374011210000001,8.798263875,10.98858004
147,O,oc23,-0.55000001192092896,4.7015335839999999,8.9034098099999994,3.894581316
148,O,oc23,-0.55000001192092896,5.3244265610000001,8.3957753040000007,11.570799278000001
149,O,oc23,-0.55000001192092896,2.35718943,8.430191615,2.61171102
150,O,oc23,-0.55000001192092896,8.3594323310000007,8.0410302139999992,7.5970101059999999
151,O,oc23,-0.55000001192092896,2.0025320249999998,5.6767493570000003,9.0026922070000008
152,O,oc24,-0.67500001192092896,8.1409131259999992,5.032482999,1.326339347
153,O,oc23,-0.55000001192092896,4.9081625210000004,5.5175477319999997,5.0229177749999998
154,O,oc23,-0.55000001192092896,2.9946111270000002,7.5331556019999999,10.607510817
155,O,oc23,-0.55000001192092896,5.9497666630000001,7.2741466590000003,6.789618484
156,O,oc23,-0.55000001192092896,2.357952998,7.4023761129999999,7.0780805569999998
157,O,oc23,-0.55000001192092896,6.9849309640000001,6.3390570510000002,11.446446534
158,O,oc23,-0.55000001192092896,4.3565995549999998,6.6968570390000002,2.6958144960000001
159,O,oc23,-0.55000001192092896,6.819623054,6.0829236179999997,3.387272839
160,O,oc23,-0.55000001192092896,1.0574754630000001,5.9166915050000002,11.437793288
161,O,oc23,-0.55000001192092896,4.0689774889999999,5.5549390240000003,7.4423851599999997
162,O,oc23,-0.55000001192092896,1.629751409,8.8733154360000004,5.0285831170000002
163,O,oc23,-0.55000001192092896,6.4015240210000002,7.5130729729999999,9.2972598580000003
164,O,oc24,-0.67500001192092896,4.6135608819999998,8.859183668,1.258359316
165,Si,sc4,1.1000000238418579,8.2552962589999996,5.805407722,2.7567782840000001
166,Si,sc4,1.1000000238418579,2.3835736079999998,6.0336005730000002,10.528330893
167,Si,sc4,1.1000000238418579,5.3727215859999999,5.7787843170000004,6.5554728170000001
168,Si,sc4,1.1000000238418579,1.3392549309999999,8.5067485670000007,6.5486681210000004
169,Si,sc4,1.1000000238418579,6.6177171360000004,7.7632523899999999,10.840297931
170,Si,sc4,1.1000000238418579,3.9744194639999999,8.2455706610000004,2.6247475859999998
171,Si,sc4,1.1000000238418579,3.7274773739999998,8.6065444749999997,11.574618749000001
172,Si,sc4,1.1000000238418579,1.0634560399999999,8.6603616849999998,3.5536909959999998
173,Si,sc4,1.1000000238418579,6.7737211400000001,8.1205106580000006,7.888723809
174,Si,sc4,1.1000000238418579,2.5104928150000001,5.8660173410000001,7.4890773350000002
175,Si,sc4,1.1000000238418579,8.1651986399999998,5.2762655010000001,11.553984080999999
176,Si,sc4,1.1000000238418579,5.2977830170000004,5.6352097700000003,3.4656089830000001
177,H,hoy,0.40000000596046448,8.9212528340000006,5.2476053980000001,0.84411793800000001
178,H,hoy,0.40000000596046448,4.7375315149999997,8.149304205,0.65733027700000002
179,O,oc23,-0.55000001192092896,2.4012787850000001,4.2395854679999996,21.864290367999999
180,O,oc23,-0.55000001192092896,8.6645251089999995,5.0097105239999999,15.612207489999999
181,O,oc23,-0.55000001192092896,5.9928406550000002,4.7127303380000001,18.959672815000001
182,O,oc23,-0.55000001192092896,1.75842637,8.7075683030000004,18.810276038000001
183,O,oc23,-0.55000001192092896,7.3961383310000004,8.9474597169999992,23.538970385999999
184,O,oc23,-0.55000001192092896,4.7802707309999999,9.1662544520000004,15.075398505000001
185,O,oc23,-0.55000001192092896,4.841341398,8.1883197259999996,23.402885703999999
186,O,oc23,-0.55000001192092896,2.2835681490000002,8.3895325829999994,15.479998412
187,O,oc23,-0.55000001192092896,7.712179602,7.6049264770000002,19.526475843
188,O,oc23,-0.55000001192092896,2.3137898770000001,6.0023233779999998,20.051107708
189,O,oc23,-0.55000001192092896,8.6854191350000001,5.3939598059999998,13.043860638
190,O,oc23,-0.55000001192092896,5.6411383529999997,6.0820690949999996,16.772766605000001
191,O,oc23,-0.55000001192092896,2.846367104,6.6818151759999997,22.561977847000001
192,O,oc23,-0.55000001192092896,5.1889710820000001,7.2013160029999996,19.118488542000001
193,O,oc23,-0.55000001192092896,1.2395605059999999,6.3003812630000002,17.905663300000001
194,O,oc23,-0.55000001192092896,6.7559713290000003,6.5872017439999997,22.631709943000001
195,O,oc23,-0.55000001192092896,4.0840769809999999,6.6435554769999996,14.751874494999999
196,O,oc23,-0.55000001192092896,6.5695188880000002,5.9229873839999998,14.371495060999999
197,O,oc23,-0.55000001192092896,0.470952598,5.7071103130000003,21.926600074
198,O,oc23,-0.55000001192092896,3.6372184440000002,5.2895121879999998,18.050620764000001
199,O,oc23,-0.55000001192092896,0.12044334800000001,8.3795354369999995,16.855976703
200,O,oc23,-0.55000001192092896,6.0813563559999997,8.6653056159999995,21.202313703000002
201,O,oc23,-0.55000001192092896,3.19263604,8.4137612760000007,13.068735833
202,Si,sc4,1.1000000238418579,8.161997371,5.9604632439999996,14.429898056000001
203,Si,sc4,1.1000000238418579,2.0173440779999998,5.7242107149999999,21.539995954999998
204,Si,sc4,1.1000000238418579,5.1149349080000004,5.8369590520000001,18.250309783999999
205,Si,sc4,1.1000000238418579,0.62724217000000004,7.7415298430000004,18.212136374
206,Si,sc4,1.1000000238418579,6.2764021950000002,8.1124038790000004,22.695501079
207,Si,sc4,1.1000000238418579,3.5995851729999999,8.163445887,14.597797406
208,Si,sc4,1.1000000238418579,3.2813050509999999,8.1709899690000007,23.038578944000001
209,Si,sc4,1.1000000238418579,0.69561140499999996,8.6106426339999995,15.394351821000001
210,Si,sc4,1.1000000238418579,6.2743922159999999,8.2698697729999999,19.659311635000002
211,Si,sc4,1.1000000238418579,2.1916664739999998,5.3020086160000002,18.668390643999999
212,Si,sc4,0.72500002384185791,7.5925937169999997,5.4438527380000004,23.378198822000002
213,Si,sc4,1.1000000238418579,5.2741063730000004,5.7008381610000001,15.265930155
214,O,oc23,-0.55000001192092896,3.3512985710000001,10.113487874,11.147009456999999
215,O,oc23,-0.55000001192092896,8.155061323,9.7360453440000008,2.691568358
216,O,oc23,-0.55000001192092896,6.3215325709999997,9.6439012749999993,8.0221753840000005
217,O,oc23,-0.55000001192092896,1.540401865,14.701668655000001,6.5561593589999996
218,O,oc23,-0.55000001192092896,7.4432317079999999,13.893976807,11.591306989
219,O,oc23,-0.55000001192092896,5.262741739,13.854688763,3.7913395840000002
220,O,oc23,-0.55000001192092896,5.0060614589999997,12.902945383,11.871144165
221,O,oc23,-0.55000001192092896,3.1584142380000002,12.744509124,2.5329437299999999
222,O,oc23,-0.55000001192092896,8.0922868309999991,12.799498917999999,8.0373972519999999
223,O,oc23,-0.55000001192092896,1.7398641909999999,11.296958972000001,9.5161129590000009
224,O,oc23,-0.55000001192092896,5.9761364969999997,11.715874741,2.367735073
225,O,oc23,-0.55000001192092896,4.833876654,10.042693405,6.1686581240000002
226,O,oc23,-0.55000001192092896,2.4088220059999998,12.579470828,11.584036149999999
227,O,oc23,-0.55000001192092896,5.7041258770000001,12.133374480000001,7.3217498220000001
228,O,oc23,-0.55000001192092896,2.280937196,12.277819335,7.1959532660000001
229,O,oc23,-0.55000001192092896,6.9519673080000004,11.327903886,10.94728737
230,O,oc23,-0.55000001192092896,4.3947661570000003,11.477925931,4.1991551930000002
231,O,oc23,-0.55000001192092896,6.6753968400000003,10.653267384999999,4.4305852139999997
232,O,oc23,-0.55000001192092896,0.84016360599999995,10.462992199,11.743000763
233,O,oc23,-0.55000001192092896,3.8405932009999999,10.546227347,8.3192032020000006
234,O,oc23,-0.55000001192092896,1.4748244619999999,12.621963315,4.7370683659999999
235,O,oc23,-0.55000001192092896,6.0391806429999999,13.339383979000001,9.5410833840000002
236,Si,sc4,1.1000000238418579,7.3793153729999998,11.122682916,3.0898406879999998
237,Si,sc4,1.1000000238418579,2.1005385329999999,11.115689045,11.027453148999999
238,Si,sc4,1.1000000238418579,5.1969285349999996,10.624902231,7.5269905660000003
239,Si,sc4,1.1000000238418579,1.2637973339999999,13.112007894,6.3077752900000004
240,Si,sc4,1.1000000238418579,6.3676790299999997,12.849329881999999,11.011995357
241,Si,sc4,1.1000000238418579,4.6882583210000002,12.521640037999999,3.0875927399999998
242,Si,sc4,1.1000000238418579,3.5536569600000001,13.591645444999999,12.028760152
243,Si,sc4,1.1000000238418579,1.6388444049999999,13.071247216,3.1644094049999998
244,Si,sc4,1.1000000238418579,6.5624557499999998,13.261438239,8.0459647430000008
245,Si,sc4,1.1000000238418579,2.3255675029999998,10.971461604,8.1053625910000004
246,Si,sc4,1.1000000238418579,8.2168163869999997,10.34653089,11.238498651
247,Si,sc4,1.1000000238418579,5.1513813549999998,10.22026966,4.6928809239999998
248,O,oc23,-0.55000001192092896,3.0187327100000001,9.2650000129999999,21.893980944999999
249,O,oc23,-0.55000001192092896,8.6990760619999996,10.036159057000001,15.352833457999999
250,O,oc23,-0.55000001192092896,6.2376848709999999,9.5990178430000004,18.759182831
251,O,oc23,-0.55000001192092896,1.8758075679999999,13.487806537999999,18.841052647000001
252,O,oc23,-0.55000001192092896,7.6024860849999998,14.324134584999999,23.705196503
253,O,oc23,-0.55000001192092896,4.6695625569999999,14.062026934,15.687944461000001
254,O,oc23,-0.55000001192092896,5.077498061,12.702048861,23.997556052
255,O,oc23,-0.55000001192092896,2.1986616830000001,13.207139495,15.774030764000001
256,O,oc23,-0.55000001192092896,7.9518206429999996,12.841770424,19.488754052000001
257,O,oc23,-0.55000001192092896,2.492862921,10.910685625999999,20.022603620999998
258,O,oc23,-0.55000001192092896,8.6472592870000007,10.49250649,12.762885195000001
259,O,oc23,-0.55000001192092896,5.7466053080000004,11.066834593999999,16.668272686000002
260,O,oc23,-0.55000001192092896,3.3443423590000001,11.929401734000001,22.183261179999999
261,O,oc23,-0.55000001192092896,5.4368921290000003,12.09858423,19.158447716000001
262,O,oc23,-0.55000001192092896,1.270938458,11.145102109,18.008651173000001
263,O,oc23,-0.55000001192092896,7.7725029240000003,11.562568483,23.913791699000001
264,O,oc23,-0.55000001192092896,4.0915480009999996,11.693396386,14.759502755
265,O,oc23,-0.55000001192092896,6.5260094229999996,10.914169184,14.189045337
266,O,oc23,-0.55000001192092896,1.010227526,10.946400677,22.146655016
267,O,oc23,-0.55000001192092896,3.7959508670000002,10.244884163,18.002337706999999
268,O,oc23,-0.55000001192092896,0.071975434000000005,13.191898363,17.095517869999998
269,O,oc23,-0.55000001192092896,6.4620838479999998,12.614068887,21.676793467
270,O,oc23,-0.55000001192092896,3.3183811849999998,13.855967163000001,13.558081672
271,Si,sc4,1.1000000238418579,8.1206140760000007,10.988205278000001,14.176303084000001
272,Si,sc4,1.1000000238418579,2.4735044820000001,10.744656324999999,21.548079801
273,Si,sc4,1.1000000238418579,5.3123202249999997,10.776611954,18.179226763999999
274,Si,sc4,1.1000000238418579,0.66545985200000002,12.570666489000001,18.381369795000001
275,Si,sc4,1.1000000238418579,6.729043474,12.838214214000001,23.342677104
276,Si,sc4,1.1000000238418579,3.5636922860000002,13.190830092000001,14.9609592
277,Si,sc4,1.1000000238418579,3.3579935120000002,12.709907989,23.569117946999999
278,Si,sc4,1.1000000238418579,0.63891078499999998,13.540953489,15.699259841
279,Si,sc4,1.1000000238418579,6.4429774000000002,13.069249804,20.039415257999998
280,Si,sc4,1.1000000238418579,2.341020007,10.192821180999999,18.661289137000001
281,Si,sc4,1.1000000238418579,8.5395788269999997,10.089084603,23.509858125000001
282,Si,sc4,1.1000000238418579,5.2819504290000001,10.704380663,15.167112705999999
283,O,oc23,-0.55000001192092896,3.4636962680000001,14.999674575,11.253278126
284,O,oc23,-0.55000001192092896,9.2006583769999999,14.808909817,3.6842066739999999
285,O,oc23,-0.55000001192092896,6.4626654400000003,14.708209155,7.353423179
286,O,oc23,-0.55000001192092896,1.66298313,19.910826021999998,7.3732760439999998
287,O,oc23,-0.55000001192092896,7.829591121,18.807784299000001,11.348940499999999
288,O,oc23,-0.55000001192092896,4.597152393,18.616762952999999,2.107315131
289,O,oc23,-0.55000001192092896,5.3661521050000003,18.114177045000002,11.763813437
290,O,oc23,-0.55000001192092896,2.5749138239999998,18.309967403000002,3.7345362889999998
291,O,oc23,-0.55000001192092896,8.1211090329999998,17.799406301000001,7.8963009910000004
292,O,oc23,-0.55000001192092896,2.8285558289999999,15.502167576,8.7750311500000002
293,O,oc24,-0.67500001192092896,9.0193465469999996,15.548957359999999,1.1665203399999999
294,O,oc23,-0.55000001192092896,6.0334077669999999,15.901720742,5.0921108740000003
295,O,oc23,-0.55000001192092896,3.1482789449999999,17.484727842000002,10.595633655
296,O,oc23,-0.55000001192092896,5.6477812969999999,17.205336170999999,7.270704651
297,O,oc23,-0.55000001192092896,2.2548920180000001,17.318296650000001,6.8805687669999998
298,O,oc23,-0.55000001192092896,7.0147864220000002,16.401138053,10.726101294999999
299,O,oc23,-0.55000001192092896,4.2006940269999999,16.227122138999999,3.3100179299999999
300,O,oc23,-0.55000001192092896,6.8405780710000004,15.683195713,2.6800172799999999
301,O,oc23,-0.55000001192092896,1.0509237629999999,15.975202582,10.598803006000001
302,O,oc23,-0.55000001192092896,4.0215040850000001,15.37443917,6.5532420220000001
303,O,oc23,-0.55000001192092896,0.62894348700000002,18.795903919000001,5.4383485189999998
304,O,oc23,-0.55000001192092896,6.2223794549999996,18.538037288999998,9.3626888229999992
305,Si,sc4,1.1000000238418579,8.4610422780000007,15.83464873,2.6741068079999999
306,Si,sc4,1.1000000238418579,2.6173414909999999,15.989875651,10.300811671
307,Si,sc4,1.1000000238418579,5.5540635089999997,15.782121945,6.5843819440000004
308,Si,sc4,1.1000000238418579,1.1075331399999999,18.479627548,6.900571352
309,Si,sc4,1.1000000238418579,6.6059233559999999,17.952802216999999,10.801484905000001
310,Si,sc4,1.1000000238418579,3.4337217830000002,17.502911033,2.656578976
311,Si,sc4,1.1000000238418579,3.8181246290000002,18.430338634000002,11.733344273
312,Si,sc4,1.1000000238418579,0.99522853700000002,18.463576044,3.9599836370000001
313,Si,sc4,1.1000000238418579,6.6161417169999996,18.319648434000001,7.8443908489999998
314,Si,sc4,1.1000000238418579,2.6126972570000002,15.748728344,7.1936215749999999
315,Si,sc4,1.1000000238418579,8.0506028670000003,15.381234804,11.396938038
316,Si,sc4,1.1000000238418579,5.5802505169999996,15.432071431000001,3.6621086279999999
317,H,hoy,0.40000000596046448,9.1564534579999997,16.387101206000001,0.76865261900000004
318,O,oc23,-0.55000001192092896,2.779198112,14.273885193,23.403003778999999
319,O,oc23,-0.55000001192092896,8.8838243160000001,15.053446081000001,15.171995035
320,O,oc23,-0.55000001192092896,5.9927894669999997,14.642553577999999,19.766171913000001
321,O,oc23,-0.55000001192092896,2.0141377500000002,18.404823265000001,18.829073867000002
322,O,oc23,-0.55000001192092896,7.5374001799999997,19.313825891,23.523533842999999
323,O,oc23,-0.55000001192092896,4.8678218419999997,19.065768255999998,15.125537382999999
324,O,oc23,-0.55000001192092896,5.2745483179999999,17.925422687000001,23.604854426999999
325,O,oc23,-0.55000001192092896,2.3895292210000001,18.447996665000002,15.719927347
326,O,oc23,-0.55000001192092896,7.7841759189999999,17.662497610999999,19.589252614999999
327,O,oc23,-0.55000001192092896,2.4838023279999999,14.86128663,20.906453696
328,O,oc23,-0.55000001192092896,8.3992721760000002,15.985872907999999,12.831518594
329,O,oc23,-0.55000001192092896,5.7734541909999999,15.775809154999999,17.246247283999999
330,O,oc23,-0.55000001192092896,3.1699462860000001,16.806626944000001,22.483750751999999
331,O,oc23,-0.55000001192092896,5.2863214510000001,17.214156072000002,19.374514117
332,O,oc23,-0.55000001192092896,1.1100225429999999,15.967033619,18.869047734999999
333,O,oc23,-0.55000001192092896,7.4389185229999999,16.788664294,22.563401372000001
334,O,oc23,-0.55000001192092896,4.0783251969999998,16.548641822,15.270127037
335,O,oc23,-0.55000001192092896,6.4427473109999998,15.628624804999999,14.614320094
336,O,oc23,-0.55000001192092896,0.67222386700000003,15.928056135,22.55641765
337,O,oc23,-0.55000001192092896,3.6527648469999998,15.336303438,18.602712252
338,O,oc23,-0.55000001192092896,0.229798317,17.870189619000001,17.173768823
339,O,oc23,-0.55000001192092896,6.2180452129999999,18.716553969,21.332343662
340,O,oc23,-0.55000001192092896,3.245504908,18.128467517000001,13.231848262
341,Si,sc4,1.1000000238418579,7.9620878350000002,16.062131874999999,14.370003655
342,Si,sc4,1.1000000238418579,2.2519661129999999,15.468860106999999,22.3723043
343,Si,sc4,1.1000000238418579,5.2015809549999998,15.718897472,18.770069028000002
344,Si,sc4,1.1000000238418579,0.71857282200000006,17.516413429,18.672588751999999
345,Si,sc4,1.1000000238418579,6.6360090879999998,18.182352387000002,22.783335431000001
346,Si,sc4,1.1000000238418579,3.6544897459999999,18.050230412000001,14.816843247
347,Si,sc4,1.1000000238418579,3.6736069549999999,17.996474917,23.454837312999999
348,Si,sc4,1.1000000238418579,0.790528644,18.439987113000001,15.752033829
349,Si,sc4,1.1000000238418579,6.348780874,18.348477423999999,19.776363761999999
350,Si,sc4,1.1000000238418579,2.2758798379999998,14.946078784999999,19.317324800000002
351,Si,sc4,1.1000000238418579,8.5009744810000001,15.69280193,23.11273508
352,Si,sc4,1.1000000238418579,5.2677042820000004,15.536468713,15.715156004000001
353,O,oc23,-0.55000001192092896,3.642569473,19.976688981999999,11.290816627
354,O,oc23,-0.55000001192092896,8.8830468000000007,19.787784926,3.698263496
355,O,oc23,-0.55000001192092896,6.5199282800000002,19.632901349000001,6.9065778379999996
356,O,oc23,-0.55000001192092896,1.649202697,24.791419099999999,7.0222614249999999
357,O,oc23,-0.55000001192092896,7.7890095539999997,23.692204254,10.648756692999999
358,O,oc23,-0.55000001192092896,4.989546464,23.6736991,3.4380256560000002
359,O,oc23,-0.55000001192092896,5.3476534549999997,23.153023022999999,11.353818466
360,O,oc23,-0.55000001192092896,2.7474940499999998,23.168760016,2.1108675689999998
361,O,oc23,-0.55000001192092896,8.3412131140000003,22.761742592000001,7.1817505769999999
362,O,oc23,-0.55000001192092896,3.398719727,21.035535370000002,8.8153159379999995
363,O,oc23,-0.55000001192092896,10.204569481,19.34023359,1.719352566
364,O,oc23,-0.55000001192092896,5.8345094069999996,19.90427992,4.3002537060000003
365,O,oc23,-0.55000001192092896,2.8439242820000001,22.453093501000001,10.90636552
366,O,oc23,-0.55000001192092896,5.9995887569999997,22.032937138000001,6.2140017419999998
367,O,oc23,-0.55000001192092896,2.6090557400000001,22.364684639,6.5868042510000002
368,O,oc23,-0.55000001192092896,7.0862436449999997,21.223981802000001,11.013781303
369,O,oc23,-0.55000001192092896,4.6891923670000004,21.258179184999999,2.1774510710000001
370,O,oc23,-0.55000001192092896,7.1800971059999998,19.921601897999999,1.8998957919999999
371,O,oc23,-0.55000001192092896,1.2858621160000001,20.446444338999999,10.320562588
372,O,oc23,-0.55000001192092896,4.0804147860000004,20.235132949,6.3780594529999997
373,O,oc23,-0.55000001192092896,1.632898019,23.905054842999998,4.4985888540000003
374,O,oc23,-0.55000001192092896,6.2969198100000003,22.424801974000001,8.8714547760000002
375,O,oc24,-0.89999997615814209,4.9630198459999999,23.445720770000001,0.78284588399999999
376,Si,sc4,1.1000000238418579,8.8251852409999998,20.304535746999999,2.2291743949999998
377,Si,sc4,1.1000000238418579,2.8091964850000002,20.968025127000001,10.32428829
378,Si,sc4,1.1000000238418579,5.5916183620000002,20.475799666,5.8765810969999999
379,Si,sc4,1.1000000238418579,1.5087919590000001,23.472043506999999,6.1018366970000004
380,Si,sc4,1.1000000238418579,6.5997915090000001,22.63295905,10.450638607
381,Si,sc4,0.72500002384185791,4.3569577410000004,22.879533235,2.2041401289999998
382,Si,sc4,1.1000000238418579,3.7922670350000001,23.593882743000002,11.500546644
383,Si,sc4,1.1000000238418579,1.347213811,23.452002027999999,2.9372517139999998
384,Si,sc4,1.1000000238418579,6.7534655260000003,22.909531756,7.3958057249999998
385,Si,sc4,1.1000000238418579,2.9262445920000002,20.905552836999998,7.2790038380000004
386,Si,sc4,1.1000000238418579,8.3511777330000001,20.308943464999999,11.337536742999999
387,Si,sc4,1.1000000238418579,5.6028357069999997,19.926288176,2.6252882340000001
388,Na,na+,1,3.7893859970000001,21.953318382999999,-0.197273318
389,O,oc23,-0.55000001192092896,3.2727037829999999,19.481034096999998,22.929500577999999
390,O,oc23,-0.55000001192092896,9.0379487699999999,19.990669736000001,15.295535044999999
391,O,oc23,-0.55000001192092896,6.2291394410000001,19.686205899000001,18.851485061000002
392,O,oc23,-0.55000001192092896,1.900948321,23.544889891,19.139054642000001
393,O,oc23,-0.55000001192092896,6.7303234590000001,24.197997981,23.6177797
394,O,oc23,-0.55000001192092896,4.8870206180000002,24.097697015000001,15.205353580000001
395,O,oc23,-0.55000001192092896,4.2337352839999998,22.891631955000001,23.727617885000001
396,O,oc23,-0.55000001192092896,2.4871637930000001,23.248822572000002,15.554554445999999
397,O,oc23,-0.55000001192092896,7.6186630099999997,22.692214917000001,19.775119527000001
398,O,oc23,-0.55000001192092896,2.985028952,20.029036782999999,20.385370921
399,O,oc23,-0.55000001192092896,8.8704737330000007,20.709364765,12.789895193
400,O,oc23,-0.55000001192092896,5.7405470870000004,21.022582709000002,16.621384655
401,O,oc23,-0.55000001192092896,2.8117278689999998,21.922799651999998,22.051940511000002
402,O,oc23,-0.55000001192092896,5.213234055,22.171673371000001,18.964018573000001
403,O,oc23,-0.55000001192092896,1.2702024860000001,20.952489923000002,18.681312277
404,O,oc23,-0.55000001192092896,6.5285370049999996,21.661243381999999,22.983522226000002
405,O,oc23,-0.55000001192092896,4.2947313549999997,21.620012824,14.509026178999999
406,O,oc23,-0.55000001192092896,6.7303850970000001,20.638197624,14.233977767000001
407,O,oc23,-0.55000001192092896,0.94721451199999995,20.367413767999999,22.049355217999999
408,O,oc23,-0.55000001192092896,3.764552111,20.204865382000001,18.02423228
409,O,oc23,-0.55000001192092896,0.38937939900000001,22.811085698999999,17.078632639999999
410,O,oc23,-0.55000001192092896,5.5075331109999999,23.383704607999999,21.346261172999998
411,O,oc23,-0.55000001192092896,3.423579728,23.716742362000002,13.081363392
412,Si,sc4,1.1000000238418579,8.2960517409999994,20.958444287999999,14.258866446000001
413,Si,sc4,1.1000000238418579,2.5193070720000001,20.390633122000001,21.813309108999999
414,Si,sc4,1.1000000238418579,5.2539620940000002,20.775833297999998,18.128807063
415,Si,sc4,1.1000000238418579,0.77572465400000001,22.503241144,18.600336785
416,Si,sc4,1.1000000238418579,5.7238961570000004,23.062434450000001,22.935393891
417,Si,sc4,1.1000000238418579,3.763903075,23.154358988999999,14.570025256999999
418,Si,sc4,1.1000000238418579,2.6224325909999999,22.817131723999999,23.319635238
419,Si,sc4,1.1000000238418579,0.88665939900000001,23.342922175999998,15.656104638
420,Si,sc4,1.1000000238418579,6.094594957,23.226502584999999,19.821377776999999
421,Si,sc4,1.1000000238418579,2.4910064790000002,19.913544385000002,18.926841817
422,Si,sc4,1.1000000238418579,7.8195403580000002,20.906762596,23.564718149000001
423,Si,sc4,1.1000000238418579,5.3954788990000004,20.594754451,15.113015459
424,O,oc23,-0.55000001192092896,3.4948144860000001,24.995496242000002,10.724726030999999
425,O,oc23,-0.55000001192092896,8.3935635729999998,24.641564242000001,2.2542190940000002
426,O,oc23,-0.55000001192092896,6.4396496020000003,24.478938835000001,7.4310621589999997
427,O,oc23,-0.55000001192092896,1.6566857690000001,29.740968496000001,6.7754822250000002
428,O,oc23,-0.55000001192092896,7.513340404,28.687390773000001,11.246187172000001
429,O,oc23,-0.55000001192092896,5.0846049740000003,28.824247319000001,3.3115762339999999
430,O,oc23,-0.55000001192092896,5.0470880170000001,27.813830405000001,11.710038616
431,O,oc23,-0.55000001192092896,2.86333079,27.773349131,2.0862189199999999
432,O,oc23,-0.55000001192092896,8.2009130280000004,27.79836865,7.7433144010000001
433,O,oc23,-0.55000001192092896,2.18813265,26.496556761000001,8.911725422
434,O,oc23,-0.55000001192092896,4.9385005910000004,25.003857180000001,5.6184495720000003
435,O,oc23,-0.55000001192092896,2.462148075,27.375613377000001,11.276430555999999
436,O,oc23,-0.55000001192092896,5.9541559629999998,27.058396126000002,6.8377901230000004
437,O,oc23,-0.55000001192092896,2.456407944,27.264873310999999,6.451875244
438,O,oc23,-0.55000001192092896,6.876975131,26.166446125,10.779883720000001
439,O,oc23,-0.55000001192092896,4.3207755040000002,26.314146045000001,3.6227252710000002
440,O,oc23,-0.55000001192092896,6.7084378940000002,25.612087239000001,3.9077000719999999
441,O,oc23,-0.55000001192092896,0.95072013899999996,25.273452591000002,10.661335297999999
442,O,oc23,-0.55000001192092896,4.0601807689999996,25.556867851,7.7204093509999998
443,O,oc23,-0.55000001192092896,1.6113905390000001,28.714539385999998,4.3344230929999998
444,O,oc23,-0.55000001192092896,6.023239427,28.111834980000001,9.2205535160000007
445,O,oc23,-0.55000001192092896,5.9013979829999998,26.643436631,1.852061451
446,Si,sc4,1.1000000238418579,7.4049879089999999,26.049029246,2.5744545849999998
447,Si,sc4,1.1000000238418579,2.2989897880000001,26.044024186000001,10.413722050000001
448,Si,sc4,1.1000000238418579,5.3959190909999997,25.554866798999999,6.9503390710000001
449,Si,sc4,1.1000000238418579,1.412011194,28.391571166999999,5.9442836679999997
450,Si,sc4,1.1000000238418579,6.3513861800000004,27.696112826,10.743348873
451,Si,sc4,1.1000000238418579,4.5207305739999999,27.467478504999999,2.5677030740000002
452,Si,sc4,1.1000000238418579,3.5417608120000001,28.386330159,11.892796390999999
453,Si,sc4,1.1000000238418579,1.302774952,28.232750019000001,2.795247415
454,Si,sc4,1.1000000238418579,6.6534357110000002,28.186978955000001,7.7306410689999998
455,Si,sc4,1.1000000238418579,2.5774159700000001,26.023871196000002,7.4840403179999999
456,Si,sc4,1.1000000238418579,8.1376710699999997,25.204316237,11.086230461
457,Si,sc4,1.1000000238418579,5.2218520379999998,25.115054508,4.1441626950000003
458,O,oc23,-0.55000001192092896,1.9954428470000001,24.265061287999998,22.980683239000001
459,O,oc23,-0.55000001192092896,8.6901324750000004,24.957087201,15.348383181999999
460,O,oc23,-0.55000001192092896,6.0827279760000001,24.670876306,19.101388056000001
461,O,oc23,-0.55000001192092896,1.8317919789999999,28.556328813,18.904830688000001
462,O,oc23,-0.55000001192092896,7.7904337699999999,29.350578755000001,23.533177068000001
463,O,oc23,-0.55000001192092896,4.7235036570000002,29.076330980000002,15.327323991
464,O,oc23,-0.55000001192092896,5.2979678520000002,28.199975767000002,23.596365831
465,O,oc23,-0.55000001192092896,2.2699096540000001,28.233680306,15.831453433
466,O,oc23,-0.55000001192092896,7.9375477349999999,27.73232548,19.412683622999999
467,O,oc23,-0.55000001192092896,2.6250775370000001,25.549705413000002,20.780721374999999
468,O,oc23,-0.55000001192092896,8.5099524710000001,25.258839203000001,12.674316314
469,O,oc23,-0.55000001192092896,5.6983412390000003,25.991095239,16.872521643999999
470,O,oc23,-0.55000001192092896,3.1146338880000002,26.696686453000002,23.125499953999999
471,O,oc23,-0.55000001192092896,5.3840016999999998,27.217998869999999,19.242825744000001
472,O,oc23,-0.55000001192092896,1.118359474,26.051022677999999,18.709388872000002
473,O,oc23,-0.55000001192092896,7.3581878959999996,26.729478265000001,22.721870855999999
474,O,oc23,-0.55000001192092896,4.0734729930000002,26.564190218,14.907864789
475,O,oc23,-0.55000001192092896,6.5083176839999997,25.902674858000001,14.311105170999999
476,O,oc23,-0.55000001192092896,0.56538506700000002,26.288728524,22.388174751000001
477,O,oc23,-0.55000001192092896,3.6392070780000001,25.382334914000001,18.376354360000001
478,O,oc23,-0.55000001192092896,0.085585908000000002,27.972998882999999,17.217370130999999
479,O,oc23,-0.55000001192092896,6.3812277420000001,28.715368793,21.298007118000001
480,O,oc23,-0.55000001192092896,3.1599991190000001,28.511108379,13.425360703000001
481,Si,sc4,1.1000000238418579,8.0943466399999995,25.855225728000001,14.135774447999999
482,Si,sc4,1.1000000238418579,2.0906136310000001,25.725795277,22.298836049999998
483,Si,sc4,1.1000000238418579,5.196813798,25.827046543000002,18.408923135999999
484,Si,sc4,1.1000000238418579,0.60386840100000005,27.578719902,18.672647789999999
485,Si,sc4,1.1000000238418579,6.7396791250000003,28.244181362999999,22.834692264000001
486,Si,sc4,1.1000000238418579,3.5588627540000002,28.081689309000001,14.893024013
487,Si,sc4,1.1000000238418579,3.693210492,28.211666546,23.342694423000001
488,Si,sc4,1.1000000238418579,0.67576634099999999,28.389734239999999,15.789171982999999
489,Si,sc4,1.1000000238418579,6.4724546949999997,28.342736930000001,19.698969170000002
490,Si,sc4,1.1000000238418579,2.309628741,25.11707753,19.257016004
491,Si,sc4,0.72500002384185791,7.8867736989999999,25.384255415999998,23.46546562
492,Si,sc4,1.1000000238418579,5.3057069019999998,25.638479008000001,15.339718099000001
493,O,oc23,-0.55000001192092896,3.4490521420000002,29.846941743999999,11.238953659
494,O,oc23,-0.55000001192092896,9.2953116609999995,29.752359001999999,3.3391877839999999
495,O,oc23,-0.55000001192092896,6.52897967,29.683992712999999,7.1073798540000004
496,O,oc23,-0.55000001192092896,1.573924922,34.788094192000003,6.8610534579999998
497,O,oc23,-0.55000001192092896,7.645798128,33.719551381999999,11.260785303
498,O,oc23,-0.55000001192092896,5.3804364849999997,34.050512128999998,2.7666643400000002
499,O,oc23,-0.55000001192092896,5.1734320550000001,32.901021946999997,11.540476647
500,O,oc23,-0.55000001192092896,2.86842452,33.302076593000002,3.4983603840000002
501,O,oc23,-0.55000001192092896,8.2031918249999993,32.765656987,7.6242742359999998
502,O,oc23,-0.55000001192092896,3.1563232609999998,30.560455556000001,8.7733025229999999
503,O,oc24,-0.67500001192092896,9.1701087640000001,30.467565905000001,0.82830122100000003
504,O,oc23,-0.55000001192092896,6.1013437250000004,30.768804719999999,4.7048368920000003
505,O,oc23,-0.55000001192092896,2.7572553499999999,32.338570752000003,10.697526442999999
506,O,oc23,-0.55000001192092896,5.7840387260000004,32.216006686999997,6.817985266
507,O,oc23,-0.55000001192092896,2.4030470070000001,32.274844152,6.9717066179999998
508,O,oc23,-0.55000001192092896,6.953566028,31.225735975999999,10.643294224
509,O,oc23,-0.55000001192092896,4.570643156,31.435200712,2.6650557629999998
510,O,oc23,-0.55000001192092896,7.0059009779999997,30.481792483,2.295274504
511,O,oc23,-0.55000001192092896,1.069664766,30.340753450000001,10.312779905999999
512,O,oc23,-0.55000001192092896,4.1086458099999996,30.373823206000001,6.3655107639999997
513,O,oc23,-0.55000001192092896,0.78183191900000004,33.046315051999997,5.0904893920000003
514,O,oc23,-0.55000001192092896,6.1625878829999996,33.276347418999997,9.1603384079999994
515,O,oc24,-0.67500001192092896,3.6134178669999999,33.248459760000003,0.99326819399999999
516,Si,sc4,1.1000000238418579,8.5984709049999992,30.795949545999999,2.321490593
517,Si,sc4,1.1000000238418579,2.6064578269999998,30.784967338000001,10.258860152
518,Si,sc4,1.1000000238418579,5.6490105179999999,30.732847400000001,6.2452332369999999
519,Si,sc4,1.1000000238418579,1.181339329,33.252150256,6.6257919049999998
520,Si,sc4,1.1000000238418579,6.4945499289999997,32.773595131999997,10.651622784000001
521,Si,sc4,1.1000000238418579,4.1311105509999999,33.008119677000003,2.5257948689999998
522,Si,sc4,1.1000000238418579,3.6563637080000002,33.40084238,11.525874648
523,Si,sc4,1.1000000238418579,1.241000476,33.338921356,3.5856648149999999
524,Si,sc4,1.1000000238418579,6.679094396,33.243641437000001,7.6411972229999998
525,Si,sc4,1.1000000238418579,2.8154769630000001,30.742510565,7.2230649759999999
526,Si,sc4,1.1000000238418579,8.0763514710000006,30.198394751999999,11.163448946999999
527,Si,sc4,1.1000000238418579,5.6745730109999997,30.364286183000001,3.2180886630000001
528,H,hoy,0.40000000596046448,4.3148280369999998,33.037841262999997,0.40692505000000001
529,H,hoy,0.40000000596046448,8.4298971760000008,30.338752218,0.26595571099999998
530,O,oc23,-0.55000001192092896,3.353768058,29.172599181999999,22.083858401000001
531,O,oc23,-0.55000001192092896,8.7338682090000006,29.874906651,15.153891205000001
532,O,oc23,-0.55000001192092896,6.2685927890000004,29.682587473000002,18.786848504000002
533,O,oc23,-0.55000001192092896,1.6281601649999999,33.565666288999999,19.139589899000001
534,O,oc23,-0.55000001192092896,6.7404469139999996,34.129543624999997,23.595772958000001
535,O,oc23,-0.55000001192092896,4.6495785969999996,33.982159676999999,15.204843893
536,O,oc23,-0.55000001192092896,4.4790721810000003,32.473185768999997,23.674098659999999
537,O,oc23,-0.55000001192092896,2.2354478489999998,33.074906022999997,15.501106239
538,O,oc23,-0.55000001192092896,7.6488027179999998,32.602580164999999,19.609085021999999
539,O,oc23,-0.55000001192092896,2.6869824950000001,30.590613172000001,20.028427363999999
540,O,oc23,-0.55000001192092896,8.5611721900000006,30.623879317,12.625853937
541,O,oc23,-0.55000001192092896,5.6715580399999999,31.063862547999999,16.613941552
542,O,oc23,-0.55000001192092896,2.9502461699999998,31.834626575000001,22.017469203000001
543,O,oc23,-0.55000001192092896,5.1892921870000004,32.119244379999998,18.979807116
544,O,oc23,-0.55000001192092896,1.2214317290000001,31.085998162999999,18.135826866999999
545,O,oc23,-0.55000001192092896,7.0225891620000001,31.649948249000001,22.697013646999999
546,O,oc23,-0.55000001192092896,4.080158033,31.519069037000001,14.572539787
547,O,oc23,-0.55000001192092896,6.4811951460000001,30.619873717000001,14.162931079
548,O,oc23,-0.55000001192092896,0.94175460600000005,30.354942277999999,21.944680391999999
549,O,oc23,-0.55000001192092896,3.753186211,30.128034651,17.934723497
550,O,oc23,-0.55000001192092896,0.170019268,33.177237447000003,17.024972868999999
551,O,oc23,-0.55000001192092896,5.6565299810000003,33.298115375000002,21.353570114
552,O,oc23,-0.55000001192092896,3.1626098009999999,33.488104874000001,13.061604044999999
553,Si,sc4,1.1000000238418579,8.0418109019999999,30.882436346999999,14.114045805
554,Si,sc4,1.1000000238418579,2.479727595,30.422133147,21.525616545999998
555,Si,sc4,1.1000000238418579,5.230458423,30.748446546,18.112284300999999
556,Si,sc4,1.1000000238418579,0.59147459599999996,32.563958804000002,18.415792878000001
557,Si,sc4,1.1000000238418579,5.9570013470000003,32.874132011,22.899185540000001
558,Si,sc4,1.1000000238418579,3.5289222219999998,33.023646931000002,14.569260191
559,Si,sc4,1.1000000238418579,2.8493769389999999,32.665094764000003,23.313208903
560,Si,sc4,1.1000000238418579,0.67539208299999998,33.390701581000002,15.547018172
561,Si,sc4,1.1000000238418579,6.1339359069999997,33.155735894000003,19.786804027999999
562,Si,sc4,1.1000000238418579,2.341664953,30.053142005000002,18.661681911999999
563,Si,sc4,1.1000000238418579,8.3737547449999994,30.816599283999999,23.101710771
564,Si,sc4,1.1000000238418579,5.2428414080000003,30.581620410999999,15.157293646999999
565,O,oc23,-0.55000001192092896,11.76722945,-0.13821492299999999,11.239870332000001
566,O,oc23,-0.55000001192092896,17.594194572999999,-0.50281743199999995,2.6329288599999998
567,O,oc23,-0.55000001192092896,14.9286178,-0.23962689600000001,6.6704748240000002
568,O,oc23,-0.55000001192092896,10.377516604,3.8638195149999999,7.9055481869999999
569,O,oc23,-0.55000001192092896,16.007621083,3.8822832150000002,11.409625081
570,O,oc23,-0.55000001192092896,12.181427879999999,4.4456195049999998,2.4543301670000002
571,O,oc23,-0.55000001192092896,13.519269530000001,3.154186776,11.881356173
572,O,oc23,-0.55000001192092896,10.969390691999999,3.0814693559999999,4.0916481549999997
573,O,oc23,-0.55000001192092896,16.442917147999999,2.7293449120000002,8.078178458
574,O,oc23,-0.55000001192092896,11.598155791,0.68374739500000004,8.8038536619999999
575,O,oc23,-0.55000001192092896,18.466245895,2.0629398000000001,1.9141354399999999
576,O,oc23,-0.55000001192092896,14.287211687999999,1.4780699989999999,4.7103361799999997
577,O,oc23,-0.55000001192092896,11.250617561,2.4416372320000002,10.776269413
578,O,oc23,-0.55000001192092896,8.5925548129999996,2.4837180029999999,3.766497244
579,O,oc23,-0.55000001192092896,14.024991811,2.1490399390000001,7.2547764250000002
580,O,oc23,-0.55000001192092896,10.040677887999999,1.3548787330000001,6.8926644540000002
581,O,oc23,-0.55000001192092896,15.215579575,1.4042291069999999,10.953790835
582,O,oc23,-0.55000001192092896,12.872718121,1.8895430580000001,2.4905899690000002
583,O,oc23,-0.55000001192092896,15.598832742999999,1.3066762279999999,2.3238224089999999
584,O,oc23,-0.55000001192092896,9.4307140500000006,0.582657074,10.316653227
585,O,oc23,-0.55000001192092896,12.430650688,0.43025579400000002,6.2960475709999999
586,O,oc23,-0.55000001192092896,9.1216613439999996,3.5506170080000001,5.9174807559999998
587,O,oc23,-0.55000001192092896,14.415358897000001,3.417337769,9.4514187659999997
588,Si,sc4,1.1000000238418579,17.224966902999999,1.10028773,2.6025014980000001
589,Si,sc4,1.1000000238418579,11.015006123999999,0.90767599899999996,10.289719311000001
590,Si,sc4,1.1000000238418579,13.942177879999999,0.95248277400000003,6.2082112509999998
591,Si,sc4,1.1000000238418579,9.4165040649999998,2.810777554,7.2263528770000001
592,Si,sc4,1.1000000238418579,14.790055131000001,2.957124163,10.934898762
593,Si,sc4,1.1000000238418579,11.597083962999999,2.9039427889999998,2.6510801069999999
594,Si,sc4,1.1000000238418579,11.946460863,3.4310644369999999,11.857822719
595,Si,sc4,1.1000000238418579,9.4805561239999996,3.5683384280000001,4.4314990109999997
596,Si,sc4,1.1000000238418579,14.935460457,3.2472398849999999,7.9569813439999999
597,Si,sc4,1.1000000238418579,11.179832426999999,0.29923949900000002,7.3024134749999998
598,Si,sc4,1.1000000238418579,16.356054904000001,0.36777558100000002,11.412709287
599,Si,sc4,1.1000000238418579,14.140345639,1.1001178030000001,3.14479028
600,O,oc23,-0.55000001192092896,10.558387591000001,-0.53057312000000001,23.281343567
601,O,oc23,-0.55000001192092896,16.866369110000001,0.037079918000000003,15.518298368
602,O,oc23,-0.55000001192092896,13.719031751999999,-0.429388037,19.528531783999998
603,O,oc23,-0.55000001192092896,9.9950599409999992,3.589913132,19.408929375
604,O,oc23,-0.55000001192092896,15.849334789,4.247886297,22.607569123000001
605,O,oc23,-0.55000001192092896,13.071501210999999,3.8773249660000002,15.226431241
606,O,oc23,-0.55000001192092896,13.495315192,3.1772053159999998,23.647488521
607,O,oc23,-0.55000001192092896,10.584171338999999,3.2842133520000001,15.878555950999999
608,O,oc23,-0.55000001192092896,16.208292493999998,2.5136868570000002,19.535110354
609,O,oc23,-0.55000001192092896,10.686081471,0.28410095099999999,20.883976658000002
610,O,oc23,-0.55000001192092896,16.785123226,0.65115210000000001,12.951007149
611,O,oc23,-0.55000001192092896,13.773562103,0.277088742,16.94281664
612,O,oc23,-0.55000001192092896,11.119447572,2.124679988,22.641657127999999
613,O,oc23,-0.55000001192092896,8.3276010249999999,2.5632710840000001,14.784999708999999
614,O,oc23,-0.55000001192092896,13.728391013,2.0930534660000002,18.79754187
615,O,oc23,-0.55000001192092896,9.1625939859999992,1.125240682,18.955807029999999
616,O,oc23,-0.55000001192092896,15.717314149,1.7373628640000001,23.404399023
617,O,oc23,-0.55000001192092896,12.197001459999999,1.3781611469999999,15.125846156
618,O,oc23,-0.55000001192092896,14.675940112999999,0.96924505100000002,14.516996771000001
619,O,oc23,-0.55000001192092896,8.5621569239999999,0.990575388,22.433788384
620,O,oc23,-0.55000001192092896,11.62961336,0.60395896599999999,18.441695465999999
621,O,oc23,-0.55000001192092896,8.3927622369999995,3.0725325840000002,17.386818804000001
622,O,oc23,-0.55000001192092896,14.359038558,2.602383299,21.278521672
623,O,oc23,-0.55000001192092896,11.367317846000001,3.1629408190000001,13.347768733000001
624,Si,sc4,1.1000000238418579,16.274106989,1.0736423150000001,14.433251564000001
625,Si,sc4,1.1000000238418579,10.204693845,0.75355091200000002,22.347024751999999
626,Si,sc4,1.1000000238418579,13.221817420000001,0.628178931,18.422471976000001
627,Si,sc4,1.1000000238418579,8.7606091359999994,2.6745460599999999,18.909319835000002
628,Si,sc4,1.1000000238418579,14.847148536000001,2.945353135,22.755630480000001
629,Si,sc4,1.1000000238418579,11.804383870000001,2.927395202,14.891846595000001
630,Si,sc4,1.1000000238418579,11.846826451,3.2084580840000001,23.661392209999999
631,Si,sc4,1.1000000238418579,8.9917336320000008,3.4754912039999999,15.936351705
632,Si,sc4,1.1000000238418579,14.685647836999999,2.9364426240000001,19.752950648999999
633,Si,sc4,1.1000000238418579,10.368578509000001,0.15450028499999999,19.321344566
634,Si,sc4,1.1000000238418579,16.053096794999998,0.15817983099999999,23.439433601000001
635,Si,sc4,1.1000000238418579,13.435215545,0.37999591900000002,15.363607233
636,O,oc23,-0.55000001192092896,11.72927543,4.9795998189999997,11.421835139000001
637,O,oc23,-0.55000001192092896,16.670700777,4.3240629479999999,3.747248822
638,O,oc23,-0.55000001192092896,14.834484122999999,4.6130662879999997,7.0985714700000004
639,O,oc23,-0.55000001192092896,10.74240605,8.743269626,6.8698820569999999
640,O,oc23,-0.55000001192092896,15.951397396999999,8.8554072000000001,11.094328142
641,O,oc23,-0.55000001192092896,13.163168536000001,9.6157571490000002,2.3208624740000001
642,O,oc23,-0.55000001192092896,13.530851305000001,8.0949072550000007,11.78247088
643,O,oc23,-0.55000001192092896,10.737976741000001,8.926695402,3.1153533100000002
644,O,oc23,-0.55000001192092896,16.311875979,7.9453006129999997,7.9723775620000001
645,O,oc23,-0.55000001192092896,11.383323927999999,5.9546492090000003,8.9627931749999998
646,O,oc24,-0.67500001192092896,17.108618597,5.1939565539999997,1.2746607350000001
647,O,oc23,-0.55000001192092896,13.773893832000001,5.1519506560000004,4.670697648
648,O,oc23,-0.55000001192092896,11.114012014,7.5001106579999997,10.961510461
649,O,oc23,-0.55000001192092896,8.8904495370000003,7.225338152,2.5418433550000001
650,O,oc23,-0.55000001192092896,14.055865888,7.1140788129999999,6.6743959930000001
651,O,oc23,-0.55000001192092896,10.019012447,6.2594940699999997,6.6596352249999997
652,O,oc23,-0.55000001192092896,15.270534408,6.3338441010000004,10.913232358
653,O,oc23,-0.55000001192092896,12.72164897,7.0780661909999996,3.2090009720000001
654,O,oc23,-0.55000001192092896,14.723330871,5.4849726800000003,2.3574914410000001
655,O,oc23,-0.55000001192092896,9.3452375580000009,5.6525605920000004,10.545012812
656,O,oc23,-0.55000001192092896,12.347704461999999,5.0256445479999998,6.757304542
657,O,oc23,-0.55000001192092896,8.8918792310000008,8.2284429939999999,4.9653176209999996
658,O,oc23,-0.55000001192092896,14.182959788,8.040738438,9.2477031279999995
659,O,oc24,-0.89999997615814209,11.734930517,8.027816498,0.87592928699999995
660,Si,sc4,1.1000000238418579,16.319597912999999,5.4926313770000004,2.6683895909999999
661,Si,sc4,1.1000000238418579,10.902483519,6.0044451629999998,10.478895634000001
662,Si,sc4,1.1000000238418579,13.780544924999999,5.5270683939999996,6.2802811519999997
663,Si,sc4,1.1000000238418579,9.4999651489999994,7.8038728470000001,6.4732746900000002
664,Si,sc4,1.1000000238418579,14.729984582,7.8433295620000001,10.754356247
665,Si,sc4,0.72500002384185791,12.110207803,8.3781692779999997,2.441314819
666,Si,sc4,1.1000000238418579,11.97195355,8.442037032,11.9011046
667,Si,sc4,1.1000000238418579,9.1642291490000005,8.5655398730000005,3.3483258899999999
668,Si,sc4,1.1000000238418579,14.743540702000001,8.1801354790000005,7.7534176209999996
669,Si,sc4,1.1000000238418579,11.014959919000001,5.3029815569999998,7.5653712400000002
670,Si,sc4,1.1000000238418579,16.496092341000001,5.4096695060000002,11.410600863999999
671,Si,sc4,1.1000000238418579,13.294401426,5.5353964209999997,3.135968981
672,Na,na+,1,11.715949602,10.142952061000001,0.47008932599999997
673,H,hoy,0.40000000596046448,16.467370357,5.188228015,0.58866609599999997
674,O,oc23,-0.55000001192092896,11.419782044,4.7320193240000004,23.29865203
675,O,oc23,-0.55000001192092896,17.109478363000001,5.1285998939999997,15.405636815999999
676,O,oc23,-0.55000001192092896,14.474860072,4.5034040260000001,19.416693895000002
677,O,oc23,-0.55000001192092896,10.033127966,8.6707830090000009,19.131134189000001
678,O,oc23,-0.55000001192092896,15.382932188,9.1361412289999997,23.64605426
679,O,oc23,-0.55000001192092896,13.250135652999999,8.8855958420000007,15.158956962
680,O,oc23,-0.55000001192092896,12.912750867,8.0695882579999996,23.968836178
681,O,oc23,-0.55000001192092896,10.742794968,8.4275303879999992,15.801437513
682,O,oc23,-0.55000001192092896,16.117365986999999,7.7687528859999997,19.706011729
683,O,oc23,-0.55000001192092896,10.965903139,5.5828243000000004,20.840942068
684,O,oc23,-0.55000001192092896,16.89673779,5.7956225940000001,12.903989354
685,O,oc23,-0.55000001192092896,14.065643511999999,5.5565799220000001,17.000870905999999
686,O,oc23,-0.55000001192092896,10.530147611,7.2405327650000002,22.807322125999999
687,O,oc23,-0.55000001192092896,8.6463145420000007,7.4786695060000001,14.628251732000001
688,O,oc23,-0.55000001192092896,13.675738636,7.0199409690000003,19.162978833
689,O,oc23,-0.55000001192092896,9.6554020380000001,6.0963147859999998,18.591578655999999
690,O,oc23,-0.55000001192092896,15.593414319000001,6.5164921360000001,23.916405216000001
691,O,oc23,-0.55000001192092896,12.333804092999999,6.4208084579999998,15.196774640999999
692,O,oc23,-0.55000001192092896,14.761623739999999,5.7753065450000003,14.461819986
693,O,oc23,-0.55000001192092896,8.944478106,5.1490384660000004,22.541309639000001
694,O,oc23,-0.55000001192092896,12.045964485000001,5.0188434209999997,18.554210144999999
695,O,oc23,-0.55000001192092896,8.5656658799999992,8.0431521220000004,17.137880500000001
696,O,oc23,-0.55000001192092896,14.279778945,7.6569163229999999,21.672850036
697,O,oc23,-0.55000001192092896,11.492833367999999,8.173712321,13.395755111
698,Si,sc4,1.1000000238418579,16.342519404000001,6.0812932350000004,14.372337309000001
699,Si,sc4,1.1000000238418579,10.473771299999999,5.6642214190000004,22.373237672999998
700,Si,sc4,1.1000000238418579,13.575573431,5.5275325290000001,18.541888602
701,Si,sc4,1.1000000238418579,9.0013206100000005,7.5759649680000001,18.603959014000001
702,Si,sc4,1.1000000238418579,14.531049417,7.7979810430000001,23.324594291
703,Si,sc4,1.1000000238418579,11.971241744,7.9663747760000003,14.900389549
704,Si,sc4,1.1000000238418579,11.3104342,8.5202909719999997,23.433494742000001
705,Si,sc4,1.1000000238418579,9.1509303370000001,8.5221212309999999,15.73057758
706,Si,sc4,1.1000000238418579,14.567561951,8.0310504250000001,20.063055743
707,Si,sc4,1.1000000238418579,10.648291792,5.0689687560000003,19.351673149
708,Si,sc4,1.1000000238418579,16.778703586999999,5.3599758780000002,23.370150641999999
709,Si,sc4,1.1000000238418579,13.55625526,5.4027012570000004,15.471905887
710,O,oc23,-0.55000001192092896,11.701806615000001,9.9594689200000008,11.450415421000001
711,O,oc23,-0.55000001192092896,17.210502172000002,9.4101995540000001,4.0909831170000004
712,O,oc23,-0.55000001192092896,14.568096199999999,9.7091977969999999,7.2588275160000002
713,O,oc23,-0.55000001192092896,10.524600443000001,13.643676844,7.6176877100000002
714,O,oc23,-0.55000001192092896,16.199760618999999,13.875553066,10.774088468
715,O,oc23,-0.55000001192092896,12.644400778,14.621359708,2.5428860229999999
716,O,oc23,-0.55000001192092896,13.774733194,13.259447852999999,11.444265472
717,O,oc23,-0.55000001192092896,11.063155292999999,12.887329125000001,3.8501643579999998
718,O,oc23,-0.55000001192092896,16.646095566,13.084345308,7.4514939040000003
719,O,oc23,-0.55000001192092896,11.584380468999999,10.358248243,8.8306098249999998
720,O,oc23,-0.55000001192092896,18.542956903,9.2507377070000008,2.0887308899999999
721,O,oc23,-0.55000001192092896,14.334675884999999,10.170840194,4.6448283889999997
722,O,oc23,-0.55000001192092896,11.49767216,12.392889582,10.553166423
723,O,oc23,-0.55000001192092896,8.4877465890000003,12.323750891,3.1829797489999998
724,O,oc23,-0.55000001192092896,14.477585454,12.193081721,6.3346481130000001
725,O,oc23,-0.55000001192092896,9.8900016980000007,11.170460469,7.0391648990000002
726,O,oc23,-0.55000001192092896,15.353525925,11.392331462,10.56467563
727,O,oc23,-0.55000001192092896,13.656158082999999,12.113962752000001,3.037686485
728,O,oc23,-0.55000001192092896,15.757846394,10.369820969999999,2.3360250200000001
729,O,oc23,-0.55000001192092896,9.4642858499999996,10.758626257,10.318092968
730,O,oc23,-0.55000001192092896,12.353367800999999,10.711674734000001,6.3194380030000001
731,O,oc23,-0.55000001192092896,8.9827296949999997,13.108429277000001,5.6041711059999999
732,O,oc23,-0.55000001192092896,14.481613101000001,13.254174277000001,8.8348992890000009
733,O,oc24,-0.67500001192092896,11.692082676,12.531751506000001,1.3415781309999999
734,Si,sc4,1.1000000238418579,17.348077643,10.249883173000001,2.7664128209999999
735,Si,sc4,1.1000000238418579,11.066604856,10.865466465000001,10.279083889000001
736,Si,sc4,1.1000000238418579,13.944265412,10.68108406,6.1385938710000003
737,Si,sc4,1.1000000238418579,9.3761307029999994,12.674537285,7.0881089729999998
738,Si,sc4,1.1000000238418579,14.943471783,12.944632043,10.383847801
739,Si,sc4,1.1000000238418579,12.30865657,13.039054781000001,2.78122216
740,Si,sc4,1.1000000238418579,12.190214417,13.336137246,11.658177363
741,Si,sc4,1.1000000238418579,9.4596761580000006,13.260720113,4.0835181489999997
742,Si,sc4,1.1000000238418579,15.074952646,13.335555846,7.3117905649999999
743,Si,sc4,1.1000000238418579,11.156109245,10.235948121,7.2755697890000004
744,Si,sc4,1.1000000238418579,16.475437855999999,10.387368796000001,11.150706608
745,Si,sc4,1.1000000238418579,14.258104490999999,10.56827775,3.071795544
746,H,hoy,0.40000000596046448,11.30936593,13.309881057,0.96139134199999998
747,O,oc23,-0.55000001192092896,11.518562969,9.6027116929999998,22.292507936
748,O,oc23,-0.55000001192092896,17.247553788000001,10.121957726,15.196736507000001
749,O,oc23,-0.55000001192092896,14.182034720000001,9.565506225,19.603655392
750,O,oc23,-0.55000001192092896,10.251497872,13.514951463999999,18.513582790000001
751,O,oc23,-0.55000001192092896,15.474258055,13.836422958,23.303691050000001
752,O,oc23,-0.55000001192092896,13.266726111000001,13.938247933,15.000119857
753,O,oc23,-0.55000001192092896,13.191936427,12.606324468,23.294984676999999
754,O,oc23,-0.55000001192092896,10.761480724,13.309902626,15.541825593
755,O,oc23,-0.55000001192092896,16.005339285000002,12.642048000999999,19.397508927000001
756,O,oc23,-0.55000001192092896,10.820001788000001,10.887495718,20.177629331999999
757,O,oc23,-0.55000001192092896,16.900503135000001,10.790196449,12.662314803999999
758,O,oc23,-0.55000001192092896,14.224173185,10.438040325999999,16.977273367999999
759,O,oc23,-0.55000001192092896,10.788331146000001,12.169625697000001,22.427441900000002
760,O,oc23,-0.55000001192092896,8.5694009599999994,12.518362195,14.370876739
761,O,oc23,-0.55000001192092896,13.551517487,12.073302631000001,18.886592917000002
762,O,oc23,-0.55000001192092896,9.4973206220000002,11.092562503,18.128614417000001
763,O,oc23,-0.55000001192092896,15.278014710000001,11.412798677,22.352913766
764,O,oc23,-0.55000001192092896,12.511233732999999,11.400917829000001,15.224821121
765,O,oc23,-0.55000001192092896,14.883177582,10.755906977,14.377951225
766,O,oc23,-0.55000001192092896,9.1318655240000002,10.326084927,22.075224366
767,O,oc23,-0.55000001192092896,12.00133694,10.116460999999999,18.150712883000001
768,O,oc23,-0.55000001192092896,8.4903181249999999,13.117743125000001,16.847619497
769,O,oc23,-0.55000001192092896,14.198278303,13.401837666,21.056005766999998
770,O,oc23,-0.55000001192092896,11.75956761,12.826265641999999,13.134596309999999
771,Si,sc4,1.1000000238418579,16.434454183,11.063177620999999,14.189212332
772,Si,sc4,1.1000000238418579,10.603530045999999,10.762232042999999,21.697476954999999
773,Si,sc4,1.1000000238418579,13.523982766,10.527667656,18.424621305999999
774,Si,sc4,1.1000000238418579,8.9802815720000009,12.610432404999999,18.249747631999998
775,Si,sc4,1.1000000238418579,14.546635627000001,12.813874853,22.501536599000001
776,Si,sc4,1.1000000238418579,12.079646831,12.875868819000001,14.719590005000001
777,Si,sc4,1.1000000238418579,11.712272258,13.133668116999999,23.289152679000001
778,Si,sc4,1.1000000238418579,9.1668223629999996,13.510797733,15.464426804
779,Si,sc4,1.1000000238418579,14.516920938,13.194935508,19.505384184
780,Si,sc4,1.1000000238418579,10.572417769999999,10.150280971999999,18.837086619000001
781,Si,sc4,1.1000000238418579,16.221709215000001,10.422095411999999,23.150770875999999
782,Si,sc4,1.1000000238418579,13.739869209,10.380199373,15.437780576
783,O,oc23,-0.55000001192092896,11.728243121,14.858103869000001,11.460372170999999
784,O,oc23,-0.55000001192092896,16.889749877,14.249555905999999,2.772226517
785,O,oc23,-0.55000001192092896,14.811638535,14.769773322000001,6.5534627319999998
786,O,oc23,-0.55000001192092896,10.554874964,18.705522733999999,7.3606508379999998
787,O,oc23,-0.55000001192092896,15.92129379,18.817699282,11.313503819999999
788,O,oc23,-0.55000001192092896,12.926178689,19.838440168999998,2.2786377130000002
789,O,oc23,-0.55000001192092896,13.495899779,17.878136171000001,11.610025209
790,O,oc23,-0.55000001192092896,11.012352735,18.576134945,3.893952488
791,O,oc23,-0.55000001192092896,16.388983184000001,17.594407335,7.7968194249999998
792,O,oc23,-0.55000001192092896,11.506687898999999,15.627675977999999,8.9876684269999991
793,O,oc24,-0.67500001192092896,17.33084723,16.235204210999999,1.142306238
794,O,oc23,-0.55000001192092896,13.645670248,16.309636164,4.5197025179999999
795,O,oc23,-0.55000001192092896,11.0438673,17.359123332999999,10.918724907
796,O,oc23,-0.55000001192092896,8.8728337059999998,17.350796443,3.0410954760000002
797,O,oc23,-0.55000001192092896,13.852869630000001,17.169805135000001,7.0112326280000001
798,O,oc23,-0.55000001192092896,9.9150589759999992,16.117208575999999,7.026402364
799,O,oc23,-0.55000001192092896,15.401503683,16.354693262000001,10.610096308999999
800,O,oc23,-0.55000001192092896,12.363647522000001,17.243764448,2.2192680189999998
801,O,oc23,-0.55000001192092896,14.898762554999999,16.056839558,2.2471042859999999
802,O,oc23,-0.55000001192092896,9.384730888,15.350889657,10.502139100000001
803,O,oc23,-0.55000001192092896,12.259043084,15.187912214000001,6.4663046189999998
804,O,oc23,-0.55000001192092896,8.9527143159999998,17.968197622000002,5.5611874559999999
805,O,oc23,-0.55000001192092896,14.441537777000001,18.366520002000001,9.2413268520000003
806,Si,sc4,1.1000000238418579,16.527950581999999,15.830370771,2.5020515560000001
807,Si,sc4,1.1000000238418579,10.921942494,15.814540188,10.469831509
808,Si,sc4,1.1000000238418579,13.665442642,15.843428468999999,6.1101071029999998
809,Si,sc4,1.1000000238418579,9.4129164109999994,17.636956236,7.0022139049999996
810,Si,sc4,1.1000000238418579,14.812476696999999,17.848104033999999,10.704944921999999
811,Si,sc4,1.1000000238418579,11.685112695000001,18.75943921,2.4611788689999998
812,Si,sc4,1.1000000238418579,11.993597654,18.424953731999999,11.662861964999999
813,Si,sc4,1.1000000238418579,9.4391730290000009,18.396458626000001,4.1471137730000001
814,Si,sc4,1.1000000238418579,14.892355185,18.188316244999999,7.7256680439999998
815,Si,sc4,1.1000000238418579,11.067584783999999,15.142654359,7.5306783929999996
816,Si,sc4,1.1000000238418579,16.64573176,15.407837533,10.994643086
817,Si,sc4,1.1000000238418579,13.380359500999999,16.053406306999999,2.903580625
818,H,hoy,0.40000000596046448,17.905696227,15.525460337,0.91156771599999997
819,O,oc23,-0.55000001192092896,11.704277653,14.560567965000001,22.587764387
820,O,oc23,-0.55000001192092896,17.264149140000001,15.081218965,15.103454241
821,O,oc23,-0.55000001192092896,14.454398141,14.600903077,18.709116209000001
822,O,oc23,-0.55000001192092896,10.181833509000001,18.589802873,19.433521655
823,O,oc23,-0.55000001192092896,15.407426081000001,18.910352244999999,23.503960443
824,O,oc23,-0.55000001192092896,13.017881501,18.931998760999999,15.371877284
825,O,oc23,-0.55000001192092896,12.760239069000001,17.625450050000001,23.621927100000001
826,O,oc23,-0.55000001192092896,10.633161781,17.923974816000001,15.601078038000001
827,O,oc23,-0.55000001192092896,16.013928386,17.586975877,19.51701856
828,O,oc23,-0.55000001192092896,11.294848847000001,15.129829276000001,20.095530849999999
829,O,oc23,-0.55000001192092896,17.078218351,15.679930282999999,12.52900533
830,O,oc23,-0.55000001192092896,14.107007121000001,15.92887859,16.486997035000002
831,O,oc23,-0.55000001192092896,11.122672458,16.953236047000001,21.889610265999998
832,O,oc23,-0.55000001192092896,8.1699100139999992,17.55189434,14.905685796
833,O,oc23,-0.55000001192092896,13.569893328999999,17.096097899,18.840891871
834,O,oc23,-0.55000001192092896,9.6129695179999999,16.133783561000001,18.405825280999998
835,O,oc23,-0.55000001192092896,14.960435144,16.334623952000001,22.743757326000001
836,O,oc23,-0.55000001192092896,12.518598701,16.464796755999998,14.522400574000001
837,O,oc23,-0.55000001192092896,14.961702363000001,15.683871069,14.033494146000001
838,O,oc23,-0.55000001192092896,9.3468686989999998,15.20274744,21.866622167999999
839,O,oc23,-0.55000001192092896,12.058330668,15.254293212,17.787236003
840,O,oc23,-0.55000001192092896,8.7245783160000006,18.351105133000001,17.308004287999999
841,O,oc23,-0.55000001192092896,14.024731598000001,18.220366198000001,21.273668186999998
842,O,oc23,-0.55000001192092896,11.569107646000001,18.534326502999999,13.211829457
843,Si,sc4,1.1000000238418579,16.521262741000001,16.001015164999998,14.009680491999999
844,Si,sc4,1.1000000238418579,10.878680581999999,15.439830011,21.545026067999999
845,Si,sc4,1.1000000238418579,13.564708764000001,15.727229206000001,17.970460970000001
846,Si,sc4,1.1000000238418579,9.10179106,17.658041144999999,18.692433406999999
847,Si,sc4,1.1000000238418579,14.288827318999999,17.804506494999998,22.833195819
848,Si,sc4,1.1000000238418579,11.936897273,17.96142721,14.673970187
849,Si,sc4,1.1000000238418579,11.088092591000001,17.626390107999999,23.288724508000001
850,Si,sc4,1.1000000238418579,9.1419459199999995,18.466953135000001,15.775311603
851,Si,sc4,1.1000000238418579,14.502667469,18.088981518000001,19.706007438
852,Si,sc4,1.1000000238418579,10.764000737,15.014574981000001,18.651069999000001
853,Si,sc4,1.1000000238418579,16.093429602000001,15.304717685,23.255911660999999
854,Si,sc4,1.1000000238418579,13.70855424,15.498201034999999,14.999001817
855,O,oc23,-0.55000001192092896,11.93661857,19.868740793000001,10.922352269999999
856,O,oc23,-0.55000001192092896,17.372943939999999,19.425925133,3.6733350410000001
857,O,oc23,-0.55000001192092896,14.876901352000001,19.609722487999999,6.9577582040000001
858,O,oc23,-0.55000001192092896,10.732411600000001,23.600019747000001,6.6296008869999996
859,O,oc23,-0.55000001192092896,16.009805029999999,23.777314343,10.794175935
860,O,oc23,-0.55000001192092896,13.506247549999999,24.801110693999998,2.105505092
861,O,oc23,-0.55000001192092896,13.551635323999999,23.096044013,11.490658947
862,O,oc23,-0.55000001192092896,11.123970910000001,23.635121687000002,2.9091213219999998
863,O,oc23,-0.55000001192092896,16.481171575000001,22.745444349,7.4469305300000004
864,O,oc23,-0.55000001192092896,11.461923697,20.847400494999999,8.4705787029999993
865,O,oc23,-0.55000001192092896,14.453153599,20.267785811,4.4191944100000002
866,O,oc23,-0.55000001192092896,11.208772341,22.375212879999999,10.563327041999999
867,O,oc23,-0.55000001192092896,9.1296301450000001,21.937174269,2.1527283750000001
868,O,oc23,-0.55000001192092896,14.16144375,22.096458552000001,6.3946119299999999
869,O,oc23,-0.55000001192092896,10.077706766,21.118512710000001,6.2076507049999998
870,O,oc23,-0.55000001192092896,15.254824126000001,21.264028970999998,10.720764989999999
871,O,oc23,-0.55000001192092896,13.722056772,22.245118502,2.8141512999999998
872,O,oc23,-0.55000001192092896,15.764044542000001,20.256063101999999,2.0247092169999998
873,O,oc23,-0.55000001192092896,9.4955291420000005,20.481918823000001,10.222173629
874,O,oc23,-0.55000001192092896,12.464682155,20.069574535000001,6.1443525760000002
875,O,oc23,-0.55000001192092896,9.0330373280000007,23.097673121,4.5582438410000004
876,O,oc23,-0.55000001192092896,14.333487003,22.92750019,8.9350445369999996
877,O,oc24,-0.67500001192092896,12.384302247999999,22.988212793999999,0.62262736100000005
878,Si,sc4,1.1000000238418579,17.468913442000002,20.186300929000002,2.3365842830000001
879,Si,sc4,1.1000000238418579,11.035080857000001,20.879169443999999,10.032985829999999
880,Si,sc4,1.1000000238418579,13.996008341,20.532089633999998,5.96736603
881,Si,sc4,1.1000000238418579,9.5365670330000007,22.65047702,6.0959711419999998
882,Si,sc4,1.1000000238418579,14.778810350000001,22.777903083999998,10.483279646
883,Si,sc4,1.1000000238418579,12.657863024999999,23.391547327000001,2.1784427989999999
884,Si,sc4,1.1000000238418579,11.958163405000001,23.320639238999998,11.606164523
885,Si,sc4,1.1000000238418579,9.4196964130000005,23.370204326,2.9480437579999998
886,Si,sc4,1.1000000238418579,14.911128858,23.100895604000002,7.4322479550000002
887,Si,sc4,1.1000000238418579,11.128903779,20.188713431,7.038998468
888,Si,sc4,1.1000000238418579,16.429069944999998,20.329747518000001,11.286810038
889,Si,sc4,1.1000000238418579,14.251491351,20.648111670999999,2.8419832010000001
890,H,hoy,0.40000000596046448,12.566414655000001,23.747912692,0.10140497399999999
891,O,oc23,-0.55000001192092896,10.559183470000001,19.164159015999999,23.203838856000001
892,O,oc23,-0.55000001192092896,17.035571583999999,20.042656143999999,15.248995594
893,O,oc23,-0.55000001192092896,14.449638862,19.546350011000001,19.056858625
894,O,oc23,-0.55000001192092896,10.039551481,23.564050601000002,19.402517759999999
895,O,oc23,-0.55000001192092896,16.478998110999999,24.339449608999999,23.750907261999998
896,O,oc23,-0.55000001192092896,13.156153271999999,23.802819670000002,14.853735889999999
897,O,oc23,-0.55000001192092896,14.009229224,23.100720694,24.083209559
898,O,oc23,-0.55000001192092896,10.700996709,23.322112054000002,15.653521861
899,O,oc23,-0.55000001192092896,16.21162889,22.457330369000001,19.548775728999999
900,O,oc23,-0.55000001192092896,11.071495535,20.585255089,20.994795914000001
901,O,oc23,-0.55000001192092896,16.799772059999999,20.772388666000001,12.770190177
902,O,oc23,-0.55000001192092896,13.889420961000001,20.939126303999998,16.938012844999999
903,O,oc23,-0.55000001192092896,11.822673100999999,21.569686712999999,23.366009719000001
904,O,oc23,-0.55000001192092896,8.4782353280000002,22.483238073999999,14.690096495000001
905,O,oc23,-0.55000001192092896,13.720644977999999,22.011355274,19.455673731000001
906,O,oc23,-0.55000001192092896,9.5091934560000002,21.076174362,18.875079431
907,O,oc23,-0.55000001192092896,16.220994919999999,21.563729135999999,23.813436376999999
908,O,oc23,-0.55000001192092896,12.270751385000001,21.373608616999999,14.940647568999999
909,O,oc23,-0.55000001192092896,14.689306672000001,20.671609834000002,14.376978229000001
910,O,oc23,-0.55000001192092896,9.1954688640000004,21.263875710000001,22.783115633000001
911,O,oc23,-0.55000001192092896,11.976575426,20.236977916000001,18.562260609999999
912,O,oc23,-0.55000001192092896,8.5614995539999992,23.041710412,17.278941818
913,O,oc23,-0.55000001192092896,14.838049987,23.002442262999999,21.765310653
914,O,oc23,-0.55000001192092896,11.421085575999999,23.015477572999998,13.097982273
915,Si,sc4,1.1000000238418579,16.245556014999998,21.010742243999999,14.249132672
916,Si,sc4,1.1000000238418579,10.684891564000001,20.662952341,22.567798538000002
917,Si,sc4,1.1000000238418579,13.508571766999999,20.706955588,18.500838315999999
918,Si,sc4,1.1000000238418579,8.9251894699999994,22.587637926999999,18.815568085999999
919,Si,sc4,1.1000000238418579,15.475971874000001,23.008231005999999,23.323222607000002
920,Si,sc4,1.1000000238418579,11.871273163,22.883021018000001,14.635032429000001
921,Si,sc4,1.1000000238418579,12.370303823,23.067627923,23.797658440999999
922,Si,sc4,1.1000000238418579,9.1087844019999995,23.459319185999998,15.782864500000001
923,Si,sc4,1.1000000238418579,14.837940373,22.999826274,20.095182078000001
924,Si,sc4,1.1000000238418579,10.672331734,20.124746211000001,19.487576280999999
925,Si,sc4,1.1000000238418579,16.715433335,20.022127579999999,23.381403685999999
926,Si,sc4,1.1000000238418579,13.486215464000001,20.470876876999998,15.426379013
927,O,oc23,-0.55000001192092896,11.615836923,24.829036369000001,11.219124634
928,O,oc23,-0.55000001192092896,17.798501887,24.370514146000001,2.718457237
929,O,oc23,-0.55000001192092896,14.739969330999999,24.649491961999999,7.0089083189999997
930,O,oc23,-0.55000001192092896,10.620376562000001,28.543280757000002,7.1746773800000003
931,O,oc23,-0.55000001192092896,15.97407591,28.804395615000001,11.03405203
932,O,oc23,-0.55000001192092896,12.535265624000001,29.585794923000002,2.8710599239999999
933,O,oc23,-0.55000001192092896,13.559308417,28.115332945999999,11.550074917
934,O,oc23,-0.55000001192092896,10.914054748,27.667846978,3.4579175420000001
935,O,oc23,-0.55000001192092896,16.453324703,27.903030857000001,7.9419434500000001
936,O,oc23,-0.55000001192092896,11.51546211,25.256436274999999,8.6116907000000005
937,O,oc23,-0.55000001192092896,18.864762633000002,26.889603248,2.0475055119999999
938,O,oc23,-0.55000001192092896,14.557727675000001,25.429130006000001,4.4830412559999999
939,O,oc23,-0.55000001192092896,11.419738404,27.256469187,10.412227626
940,O,oc23,-0.55000001192092896,8.3668664629999991,27.350196960000002,2.7732617400000001
941,O,oc23,-0.55000001192092896,14.351673478,27.211199046000001,6.4831098169999999
942,O,oc23,-0.55000001192092896,9.9144742360000002,26.070112832,6.7143181600000004
943,O,oc23,-0.55000001192092896,15.207791575,26.293062962,10.745460409
944,O,oc23,-0.55000001192092896,13.578355072000001,27.268392233,3.0100622279999998
945,O,oc23,-0.55000001192092896,15.944163036000001,26.177758633,2.2430794569999999
946,O,oc23,-0.55000001192092896,9.380163671,25.678172759999999,10.177345581000001
947,O,oc23,-0.55000001192092896,12.416512482,25.511991485999999,6.093518392
948,O,oc23,-0.55000001192092896,8.9502003919999993,27.994335370999998,5.252573291
949,O,oc23,-0.55000001192092896,14.288238681999999,28.120050231,9.0557784179999992
950,O,oc24,-0.67500001192092896,11.924137562,27.885111493,1.0163284260000001
951,Si,sc4,1.1000000238418579,17.539278155000002,25.978871252000001,2.654219017
952,Si,sc4,1.1000000238418579,10.98077192,25.751308368,10.078823187999999
953,Si,sc4,1.1000000238418579,14.022898051,25.692888533000001,6.014002252
954,Si,sc4,1.1000000238418579,9.4245281629999997,27.593406511000001,6.7294765639999996
955,Si,sc4,1.1000000238418579,14.766711014,27.835376332999999,10.580123421
956,Si,sc4,1.1000000238418579,12.234943242,28.056411385000001,2.6083245370000001
957,Si,sc4,1.1000000238418579,11.989686286,28.198366192999998,11.586464894000001
958,Si,sc4,1.1000000238418579,9.3921207530000004,28.174548297000001,3.719371588
959,Si,sc4,1.1000000238418579,14.940935100000001,28.241695275000001,7.598090139
960,Si,sc4,1.1000000238418579,11.153476415,25.106656838999999,7.0276452029999996
961,Si,sc4,1.1000000238418579,16.423304589000001,25.305260201999999,11.123600544
962,Si,sc4,1.1000000238418579,14.420881557,25.902601881999999,2.9249838320000001
963,H,hoy,0.40000000596046448,11.46198206,28.652490144000001,0.73299360599999996
964,O,oc23,-0.55000001192092896,11.917978964,24.211335091999999,22.720565052000001
965,O,oc23,-0.55000001192092896,17.063872522,25.042958859999999,15.215269300999999
966,O,oc23,-0.55000001192092896,14.551157826000001,24.469722134000001,19.450274929999999
967,O,oc23,-0.55000001192092896,10.295211382,28.444678267,18.566090802000002
968,O,oc23,-0.55000001192092896,15.533083596999999,29.442160848,22.304955352
969,O,oc23,-0.55000001192092896,13.232888637,28.722283647000001,14.774612281
970,O,oc23,-0.55000001192092896,13.539883175,27.731301031000001,22.141576562000001
971,O,oc23,-0.55000001192092896,10.745797825,28.264835156,15.459107117
972,O,oc23,-0.55000001192092896,16.043137407,27.840965667999999,17.892206954999999
973,O,oc23,-0.55000001192092896,10.892968700999999,25.633562050999998,20.729446144000001
974,O,oc23,-0.55000001192092896,16.806137456999998,25.442113500000001,12.678779236
975,O,oc23,-0.55000001192092896,14.122209139000001,25.156871602999999,16.854834875000002
976,O,oc23,-0.55000001192092896,11.192784668,26.800646546999999,23.018925965000001
977,O,oc23,-0.55000001192092896,8.6306598839999999,27.353778201000001,14.299631243
978,O,oc23,-0.55000001192092896,13.764815021,26.866397595999999,18.727693585000001
979,O,oc23,-0.55000001192092896,9.6521408080000004,25.957135858000001,18.422254006999999
980,O,oc23,-0.55000001192092896,15.960345163,26.896174373000001,22.997555011999999
981,O,oc23,-0.55000001192092896,12.387364506000001,26.269750508000001,15.153331828000001
982,O,oc23,-0.55000001192092896,14.78132709,25.783497298,14.322786335
983,O,oc23,-0.55000001192092896,9.2889325669999998,24.878264990000002,22.773239400000001
984,O,oc23,-0.55000001192092896,12.079106405999999,24.868577753,18.479544130000001
985,O,oc23,-0.55000001192092896,8.5853915349999994,27.817478023,16.834971972000002
986,O,oc23,-0.55000001192092896,15.491517828999999,27.677989174,20.451361177999999
987,O,oc23,-0.55000001192092896,11.536918801000001,27.696876572000001,13.051192979
988,Si,sc4,1.1000000238418579,16.359069804000001,25.966338319999998,14.131150636999999
989,Si,sc4,1.1000000238418579,10.811855007,25.370975807000001,22.322969027999999
990,Si,sc4,1.1000000238418579,13.626801027000001,25.317015937000001,18.389826370000002
991,Si,sc4,1.1000000238418579,9.0828775030000006,27.463358486000001,18.311677491000001
992,Si,sc4,1.1000000238418579,15.148803318000001,27.914299292999999,21.996444230000002
993,Si,sc4,1.1000000238418579,11.980142218999999,27.730796687000002,14.606445358
994,Si,sc4,1.1000000238418579,12.233610439,28.057650849000002,23.037191021999998
995,Si,sc4,1.1000000238418579,9.1548109439999994,28.347033384,15.433228351
996,Si,sc4,1.1000000238418579,14.878406695000001,27.974261476999999,18.994411965000001
997,Si,sc4,1.1000000238418579,10.670359717,25.021009751000001,19.259228287999999
998,Si,sc4,1.1000000238418579,17.159962357000001,25.809961349999998,23.258015126
999,Si,sc4,1.1000000238418579,13.624768031,25.257636212000001,15.311171197
1000,O,oc23,-0.55000001192092896,11.571044301000001,29.72176687,11.296887334999999
1001,O,oc23,-0.55000001192092896,16.785581093000001,29.191440310000001,3.6302456919999999
1002,O,oc23,-0.55000001192092896,14.809518561000001,29.734466393999998,6.9660888029999999
1003,O,oc23,-0.55000001192092896,10.647840592,33.609763438999998,7.2621584209999996
1004,O,oc23,-0.55000001192092896,15.826424227,33.709242774000003,11.275999864999999
1005,O,oc23,-0.55000001192092896,13.679485088,34.401233175000002,3.1385149760000002
1006,O,oc23,-0.55000001192092896,13.466401115,32.675632219000001,11.387149375
1007,O,oc23,-0.55000001192092896,11.286119449999999,33.201381423000001,3.629090921
1008,O,oc23,-0.55000001192092896,16.428369958000001,32.487931861,7.2980263819999998
1009,O,oc23,-0.55000001192092896,11.519442056999999,30.403666539,8.7470460039999995
1010,O,oc24,-0.67500001192092896,17.401234549000002,29.971980888000001,1.1445160029999999
1011,O,oc23,-0.55000001192092896,14.203562052000001,30.839173276,4.5467071250000002
1012,O,oc23,-0.55000001192092896,11.069369779000001,32.211207381999998,10.587947491
1013,O,oc23,-0.55000001192092896,8.9217829260000006,32.369959016999999,2.6754140280000001
1014,O,oc23,-0.55000001192092896,13.925601181999999,32.187543806999997,6.7634632320000003
1015,O,oc23,-0.55000001192092896,9.9653432930000001,31.070647834999999,6.7598734399999998
1016,O,oc23,-0.55000001192092896,15.46617818,31.306730259999998,10.336398279999999
1017,O,oc23,-0.55000001192092896,13.212139229,32.004436814999998,2.3402027780000001
1018,O,oc23,-0.55000001192092896,15.007514038,30.205823894000002,2.2029518399999999
1019,O,oc23,-0.55000001192092896,9.331818385,30.292296314000001,10.182845356
1020,O,oc23,-0.55000001192092896,12.346283478,30.204252489999998,6.2512745059999997
1021,O,oc23,-0.55000001192092896,9.1342439130000006,32.988419049000001,5.1917532629999998
1022,O,oc23,-0.55000001192092896,14.560505214000001,33.363989423,9.0053672739999993
1023,O,oc24,-0.67500001192092896,11.960388037,33.939823347000001,1.1904450499999999
1024,Si,sc4,1.1000000238418579,16.553900859999999,30.297875968,2.4982053579999999
1025,Si,sc4,1.1000000238418579,10.880996586,30.666318421,10.194370086999999
1026,Si,sc4,1.1000000238418579,13.833931092,30.729121631999998,6.1224018210000004
1027,Si,sc4,1.1000000238418579,9.5057148149999993,32.613848953000002,6.7076976520000002
1028,Si,sc4,1.1000000238418579,14.809191751,32.765957188999998,10.487927837000001
1029,Si,sc4,1.1000000238418579,12.532897290999999,33.401083004,2.616990994
1030,Si,sc4,1.1000000238418579,11.932269435,33.135683110000002,11.562883329
1031,Si,sc4,1.1000000238418579,9.6769243490000001,33.374875414000002,3.7257179109999998
1032,Si,sc4,1.1000000238418579,14.970322839,33.182728578999999,7.4438441390000003
1033,Si,sc4,1.1000000238418579,11.112737557000001,30.060349101,7.2395547970000003
1034,Si,sc4,1.1000000238418579,16.535049528999998,30.315532232999999,11.003900453
1035,Si,sc4,1.1000000238418579,13.713547468,30.649403836000001,3.0047094059999999
1036,H,hoy,0.40000000596046448,12.385587612,33.451030480999997,0.51197936799999999
1037,H,hoy,0.40000000596046448,16.786282497999998,29.735827397000001,0.47652468799999997
1038,O,oc23,-0.55000001192092896,11.544975735,29.502686573999998,22.651208457999999
1039,O,oc23,-0.55000001192092896,17.253588899,30.033178877000001,14.831904231999999
1040,O,oc23,-0.55000001192092896,14.213825775,29.445212582,18.939770119999999
1041,O,oc23,-0.55000001192092896,10.035909738000001,33.461568151000002,19.007934983999998
1042,O,oc23,-0.55000001192092896,14.73428771,34.156598183,22.964485465999999
1043,O,oc23,-0.55000001192092896,13.07510555,33.745268674000002,14.837731827000001
1044,O,oc23,-0.55000001192092896,12.546158287000001,32.536116130000003,23.615055176999999
1045,O,oc23,-0.55000001192092896,10.637323789,33.030301989999998,15.568887067
1046,O,oc23,-0.55000001192092896,15.936787624999999,33.182167182999997,19.418850331000002
1047,O,oc23,-0.55000001192092896,11.211614405000001,30.166272078999999,20.120588569999999
1048,O,oc23,-0.55000001192092896,16.889390933000001,30.876457213999998,12.453816612000001
1049,O,oc23,-0.55000001192092896,14.156220368,30.430125326999999,16.508253381999999
1050,O,oc23,-0.55000001192092896,11.008697831999999,32.004109984000003,21.911659193999999
1051,O,oc23,-0.55000001192092896,8.3300369150000009,32.403421317999999,14.528026218999999
1052,O,oc23,-0.55000001192092896,13.757947742000001,32.033150626000001,18.542403647
1053,O,oc23,-0.55000001192092896,9.4384939459999995,30.958553589000001,18.419823261000001
1054,O,oc23,-0.55000001192092896,15.084322272,31.666924312999999,23.580636118000001
1055,O,oc23,-0.55000001192092896,12.381033703,31.199119335999999,14.783072939
1056,O,oc23,-0.55000001192092896,14.840234139,30.657859476999999,14.013983196
1057,O,oc23,-0.55000001192092896,9.2106082009999994,30.402130305,21.816013561999998
1058,O,oc23,-0.55000001192092896,11.973387475999999,30.29465012,17.795312508999999
1059,O,oc23,-0.55000001192092896,8.4490493279999992,32.960538716000002,17.076200682
1060,O,oc23,-0.55000001192092896,14.028790229,32.354989437,21.227695251
1061,O,oc23,-0.55000001192092896,11.413890561000001,32.873599308999999,13.056910370000001
1062,Si,sc4,1.1000000238418579,16.390649142000001,31.035409914999999,13.951573003
1063,Si,sc4,1.1000000238418579,10.770569618,30.470532388999999,21.569878787
1064,Si,sc4,1.1000000238418579,13.544124697999999,30.548362324999999,17.966990078999999
1065,Si,sc4,1.1000000238418579,8.8760796939999995,32.475109271999997,18.543808028000001
1066,Si,sc4,1.1000000238418579,14.056253867000001,32.675653441000001,22.851400536
1067,Si,sc4,1.1000000238418579,11.875361487999999,32.711625974999997,14.576006372
1068,Si,sc4,1.1000000238418579,10.923705471,32.709678455999999,23.305582239
1069,Si,sc4,1.1000000238418579,9.0487581069999994,33.321296785999998,15.623544491000001
1070,Si,sc4,1.1000000238418579,14.362007633999999,32.957544876999997,19.713851834
1071,Si,sc4,1.1000000238418579,10.695867776,29.97446532,18.675950048000001
1072,Si,sc4,1.1000000238418579,16.130379655999999,30.471065118999999,23.370998485000001
1073,Si,sc4,1.1000000238418579,13.659579905999999,30.252689393000001,15.005960807999999
1074,O,oc23,-0.55000001192092896,19.913921289000001,-0.096684250999999999,11.453819465
1075,O,oc23,-0.55000001192092896,25.903556378000001,-1.1251363400000001,2.0800838110000002
1076,O,oc23,-0.55000001192092896,23.140592658999999,-0.23723550299999999,6.9829294749999997
1077,O,oc23,-0.55000001192092896,18.927697756000001,3.6160678659999999,7.8731733300000002
1078,O,oc23,-0.55000001192092896,23.896114761,4.0994918419999999,11.504524317
1079,O,oc23,-0.55000001192092896,20.442493827,4.3151013269999998,2.0310991010000001
1080,O,oc23,-0.55000001192092896,21.719128479999998,2.7848885879999998,11.478754220000001
1081,O,oc23,-0.55000001192092896,19.216159121,3.2384751029999999,3.9244189239999998
1082,O,oc23,-0.55000001192092896,24.595840458000001,2.954202204,7.4972103079999997
1083,O,oc23,-0.55000001192092896,19.801410800999999,0.51303888399999997,8.9377059499999998
1084,O,oc24,-0.67500001192092896,25.289801230999998,0.99796036700000001,0.68802406199999999
1085,O,oc23,-0.55000001192092896,22.51084818,0.96674909799999997,4.7214254689999997
1086,O,oc23,-0.55000001192092896,19.372569231,2.363191542,10.729775448
1087,O,oc23,-0.55000001192092896,17.266948796000001,1.7678274110000001,4.0124255509999998
1088,O,oc23,-0.55000001192092896,22.138583390000001,2.2303067400000001,7.0064249060000003
1089,O,oc23,-0.55000001192092896,18.309308167000001,1.197241225,6.999714773
1090,O,oc23,-0.55000001192092896,23.792617691,1.6393066009999999,10.400109792
1091,O,oc23,-0.55000001192092896,21.198414201999999,1.804503553,2.5525628949999999
1092,O,oc23,-0.55000001192092896,23.443501345000001,0.18098276199999999,2.3415549759999998
1093,O,oc23,-0.55000001192092896,17.607923713999998,0.51543972999999998,10.421778548000001
1094,O,oc23,-0.55000001192092896,20.64934044,0.20668488900000001,6.4370106790000001
1095,O,oc23,-0.55000001192092896,17.538368454,3.3835751369999998,5.9452212720000004
1096,O,oc23,-0.55000001192092896,22.701866723999998,3.6682074249999999,9.1417542530000002
1097,Si,sc4,1.1000000238418579,25.066629716000001,0.30916440499999998,2.150543646
1098,Si,sc4,1.1000000238418579,19.169850105999998,0.82934132000000005,10.378805749
1099,Si,sc4,1.1000000238418579,22.124595513999999,0.791681882,6.2785140950000002
1100,Si,sc4,1.1000000238418579,17.810456148,2.6812412239999999,7.2808332440000001
1101,Si,sc4,1.1000000238418579,23.034163179,3.0581493430000002,10.617856298
1102,Si,sc4,1.1000000238418579,19.873569539999998,2.8275941659999999,2.5249693849999999
1103,Si,sc4,1.1000000238418579,20.213776122999999,3.2197332570000001,11.74375846
1104,Si,sc4,1.1000000238418579,17.685791736999999,3.231715297,4.425228025
1105,Si,sc4,1.1000000238418579,23.053674710999999,3.4280597990000001,7.5665612160000002
1106,Si,sc4,1.1000000238418579,19.401508833000001,0.13845842,7.4407651240000003
1107,Si,sc4,1.1000000238418579,24.783426640999998,0.56899179499999997,11.082025667
1108,Si,sc4,1.1000000238418579,22.098882189000001,0.57646938400000003,3.212125259
1109,H,hoy,0.40000000596046448,25.226284291999999,0.30367348700000002,0.058619692000000001
1110,O,oc23,-0.55000001192092896,20.177668003000001,-0.37206175800000002,23.015661132999998
1111,O,oc23,-0.55000001192092896,25.562515292,0.14509640300000001,14.867641396
1112,O,oc23,-0.55000001192092896,23.008355645000002,-0.29916609999999999,19.563253386
1113,O,oc23,-0.55000001192092896,18.413051573000001,3.935583501,19.342848804999999
1114,O,oc23,-0.55000001192092896,23.716806716000001,4.4968157,23.711670513000001
1115,O,oc23,-0.55000001192092896,21.464624144999998,3.885763544,14.637845348000001
1116,O,oc23,-0.55000001192092896,21.128438958,3.434669038,23.933211457999999
1117,O,oc23,-0.55000001192092896,19.076241431,3.423655831,15.625560751
1118,O,oc23,-0.55000001192092896,24.425398981000001,2.9245841619999999,19.703291923999998
1119,O,oc23,-0.55000001192092896,19.273038081999999,0.78710628800000004,20.839047182000002
1120,O,oc23,-0.55000001192092896,25.054070876000001,1.1145188539999999,12.567796707999999
1121,O,oc23,-0.55000001192092896,22.545967114,0.75566708699999996,17.084233886
1122,O,oc23,-0.55000001192092896,18.848466852000001,2.0603072440000001,23.115477924
1123,O,oc23,-0.55000001192092896,16.741705671999998,2.5982533490000002,14.716461437
1124,O,oc23,-0.55000001192092896,22.005255336000001,2.181314338,19.288887354
1125,O,oc23,-0.55000001192092896,18.291735551999999,1.3529626020000001,18.505335122999998
1126,O,oc23,-0.55000001192092896,23.596618077999999,1.907932483,23.342865377999999
1127,O,oc23,-0.55000001192092896,20.735195221000001,1.4323898960000001,15.267457555
1128,O,oc23,-0.55000001192092896,23.096181937000001,0.69640445100000004,14.40107029
1129,O,oc23,-0.55000001192092896,17.453363719999999,-0.101890642,22.609060136
1130,O,oc23,-0.55000001192092896,20.584427277,0.10747875599999999,18.664065708999999
1131,O,oc23,-0.55000001192092896,17.017290019000001,3.258842966,17.221515581999999
1132,O,oc23,-0.55000001192092896,22.475991148999999,3.569783546,21.552084523000001
1133,O,oc23,-0.55000001192092896,19.768207960000002,2.7635974189999999,13.202907731
1134,Si,sc4,1.1000000238418579,24.604135294999999,1.1541780269999999,14.114697538
1135,Si,sc4,1.1000000238418579,18.948634380000001,0.56484356300000005,22.405718875000002
1136,Si,sc4,1.1000000238418579,22.070067658999999,0.68832493299999997,18.648372307999999
1137,Si,sc4,1.1000000238418579,17.509411339,2.7659890950000001,18.657091951000002
1138,Si,sc4,1.1000000238418579,22.707005653,3.329348537,23.168207509999998
1139,Si,sc4,1.1000000238418579,20.255913011000001,2.8570619330000002,14.700839283000001
1140,Si,sc4,1.1000000238418579,19.449554676000002,3.550324625,23.521877099000001
1141,Si,sc4,1.1000000238418579,17.486110480000001,3.6007488419999998,15.735736444
1142,Si,sc4,1.1000000238418579,22.889562814000001,3.3536331019999999,19.964057594
1143,Si,sc4,1.1000000238418579,19.132813228,0.245248781,19.323645815999999
1144,Si,sc4,1.1000000238418579,25.091538008000001,1.0839935249999999,23.357000468999999
1145,Si,sc4,1.1000000238418579,21.994237492,0.48380830400000002,15.568879725
1146,O,oc23,-0.55000001192092896,20.031157688,4.8124902919999997,11.539264856000001
1147,O,oc23,-0.55000001192092896,24.830306489000002,3.8211506399999999,2.5608810860000002
1148,O,oc23,-0.55000001192092896,22.830691905999998,4.7626656440000001,6.6371890699999998
1149,O,oc23,-0.55000001192092896,18.860893204,8.6071131489999999,7.3746753580000002
1150,O,oc23,-0.55000001192092896,24.519985072000001,9.0206664239999999,10.679931892000001
1151,O,oc23,-0.55000001192092896,20.975222323000001,9.4507060549999995,3.372051876
1152,O,oc23,-0.55000001192092896,22.137179168999999,8.1285679609999999,11.357885224
1153,O,oc23,-0.55000001192092896,19.037960663,7.8130737479999999,4.0104047669999998
1154,O,oc23,-0.55000001192092896,24.788286300999999,7.5578540729999997,6.6872381330000001
1155,O,oc23,-0.55000001192092896,20.003328647,5.5399401719999997,9.0910249889999992
1156,O,oc24,-0.67500001192092896,25.135185736,5.3710637119999998,0.46955951000000001
1157,O,oc23,-0.55000001192092896,21.769375522000001,5.3828155180000001,4.1991998559999999
1158,O,oc23,-0.55000001192092896,19.698416324,7.4033661129999997,10.778878624000001
1159,O,oc23,-0.55000001192092896,16.714690501,6.972160658,3.210791961
1160,O,oc23,-0.55000001192092896,22.213692733999999,7.2749197260000003,6.1925106430000003
1161,O,oc23,-0.55000001192092896,18.098143457999999,6.0647218440000001,7.6359334069999996
1162,O,oc23,-0.55000001192092896,23.962583329000001,6.4990046789999996,10.401058218999999
1163,O,oc23,-0.55000001192092896,20.569458967999999,7.0540684110000003,2.1901774430000001
1164,O,oc23,-0.55000001192092896,22.879518307000001,5.6313802529999997,1.8595031660000001
1165,O,oc23,-0.55000001192092896,17.796585684,5.6117530230000003,10.472728939
1166,O,oc23,-0.55000001192092896,20.304584466000001,5.4153018380000004,6.4308167630000002
1167,O,oc23,-0.55000001192092896,17.179764701,7.4023215689999997,5.7487267089999996
1168,O,oc23,-0.55000001192092896,22.899526527999999,8.1866805580000008,8.6607135829999997
1169,Si,sc4,1.1000000238418579,24.517420010999999,5.3132837820000001,1.982050096
1170,Si,sc4,1.1000000238418579,19.394579126,5.8570317259999998,10.505629899000001
1171,Si,sc4,1.1000000238418579,21.771449999000001,5.732708175,5.8401819220000002
1172,Si,sc4,1.1000000238418579,17.636530324999999,7.5293693409999998,7.223104255
1173,Si,sc4,1.1000000238418579,23.355492423000001,7.9791234180000004,10.24731555
1174,Si,sc4,1.1000000238418579,19.848693968999999,8.4149329739999992,2.8049277450000001
1175,Si,sc4,1.1000000238418579,20.549541953999999,8.4187289889999999,11.64810481
1176,Si,sc4,1.1000000238418579,17.500459719999998,7.8604679019999999,4.3142857709999998
1177,Si,sc4,1.1000000238418579,23.302351981000001,8.1821733390000002,7.0334554929999999
1178,Si,sc4,1.1000000238418579,19.382879264,5.1360367729999998,7.7288259070000001
1179,Si,sc4,1.1000000238418579,24.682406693000001,5.4958261479999999,11.429260694
1180,Si,sc4,1.1000000238418579,21.375137582000001,5.6174538539999999,2.5795654240000001
1181,H,hoy,0.40000000596046448,25.393699058999999,4.4907262699999997,0.25238762799999997
1182,O,oc23,-0.55000001192092896,19.659404724000002,4.5299603250000002,22.305934994000001
1183,O,oc23,-0.55000001192092896,25.596029821999998,5.1054643989999997,15.092236305
1184,O,oc23,-0.55000001192092896,22.640195362,4.7661683689999998,19.206441136999999
1185,O,oc23,-0.55000001192092896,18.443271344999999,8.7972529989999995,19.139087609000001
1186,O,oc23,-0.55000001192092896,24.096274592,9.0442116420000005,21.855088842000001
1187,O,oc23,-0.55000001192092896,21.560575811,8.9647735300000004,15.116999903
1188,O,oc23,-0.55000001192092896,21.787304323000001,8.4133063759999995,21.512503569
1189,O,oc23,-0.55000001192092896,19.049797186999999,8.2841778070000007,15.644084593000001
1190,O,oc23,-0.55000001192092896,24.650766254000001,7.8938796770000002,17.843347965
1191,O,oc23,-0.55000001192092896,19.515424987999999,6.1657712650000001,20.437173309999999
1192,O,oc23,-0.55000001192092896,24.997061669000001,6.2252540590000001,12.807287166
1193,O,oc23,-0.55000001192092896,22.327917275000001,5.0847218060000001,16.644759450999999
1194,O,oc23,-0.55000001192092896,20.326922059000001,7.126402079,22.952597689000001
1195,O,oc23,-0.55000001192092896,16.651396630000001,7.621367995,14.698636897
1196,O,oc23,-0.55000001192092896,22.138767813000001,7.1052530850000002,18.031642343000001
1197,O,oc23,-0.55000001192092896,17.926259225999999,6.3709173190000001,18.428893232
1198,O,oc23,-0.55000001192092896,23.392010655,6.6020318409999996,22.275816956
1199,O,oc23,-0.55000001192092896,20.744942358999999,6.3952194899999997,15.044437723
1200,O,oc23,-0.55000001192092896,23.160358086999999,5.866018961,14.356116039
1201,O,oc23,-0.55000001192092896,17.766993458999998,6.1580336969999996,22.370113606
1202,O,oc23,-0.55000001192092896,20.276063041,5.2859119489999999,18.12832551
1203,O,oc23,-0.55000001192092896,16.867856935999999,8.3909133859999994,17.161147057000001
1204,O,oc23,-0.55000001192092896,23.57010155,7.5340780360000004,19.904842039999998
1205,O,oc23,-0.55000001192092896,20.038290272000001,8.1285521070000009,13.168223107999999
1206,Si,sc4,1.1000000238418579,24.704251465999999,6.2107165860000002,14.347802737
1207,Si,sc4,1.1000000238418579,19.352351949999999,6.0734331309999998,22.019021540000001
1208,Si,sc4,1.1000000238418579,21.838342987000001,5.5462004340000002,18.039751496000001
1209,Si,sc4,1.1000000238418579,17.299561214000001,7.8299691100000004,18.599630332
1210,Si,sc4,1.1000000238418579,23.238061441999999,7.8622130129999999,21.331339104000001
1211,Si,sc4,1.1000000238418579,20.361611836000002,7.943238053,14.740868320000001
1212,Si,sc4,1.1000000238418579,21.094804425,8.6171544870000005,22.882273230999999
1213,Si,sc4,1.1000000238418579,17.457554780999999,8.6047539400000002,15.671820440999999
1214,Si,sc4,1.1000000238418579,23.264316315999999,8.0802144380000005,18.532254345999998
1215,Si,sc4,1.1000000238418579,19.023551613999999,5.4230489540000004,19.089292576999998
1216,Si,sc4,1.1000000238418579,24.108388436999999,6.0602388349999998,23.577380162000001
1217,Si,sc4,1.1000000238418579,21.928283131000001,5.3081892860000002,15.153764936
1218,O,oc23,-0.55000001192092896,20.178296070999998,9.9433792210000007,11.249337278
1219,O,oc23,-0.55000001192092896,25.665451900000001,8.9355773579999997,2.127120036
1220,O,oc23,-0.55000001192092896,23.221101856000001,9.7161801010000008,6.5244629639999996
1221,O,oc23,-0.55000001192092896,19.151023238000001,13.685158057000001,7.0678342189999999
1222,O,oc23,-0.55000001192092896,24.409994150999999,13.909089796,11.186193089
1223,O,oc23,-0.55000001192092896,21.886941763999999,14.467807033,2.675741006
1224,O,oc23,-0.55000001192092896,21.923802428999998,13.166238086,11.567017890000001
1225,O,oc23,-0.55000001192092896,19.433944131000001,13.722602174,3.3365574589999998
1226,O,oc23,-0.55000001192092896,24.789020912000002,12.905006978999999,7.7868604279999998
1227,O,oc23,-0.55000001192092896,19.877531831999999,10.635166298,8.7350892879999993
1228,O,oc24,-0.89999997615814209,25.293557531000001,11.139957556000001,0.82732302800000002
1229,O,oc23,-0.55000001192092896,22.330872725999999,11.270049349000001,4.5898448140000001
1230,O,oc23,-0.55000001192092896,19.566968497000001,12.449041209000001,10.620397668000001
1231,O,oc23,-0.55000001192092896,17.962316508000001,11.734502990999999,2.9237639930000001
1232,O,oc23,-0.55000001192092896,22.323115888,12.20423559,7.0429154719999998
1233,O,oc23,-0.55000001192092896,18.291771993000001,11.180168841,6.7217680959999999
1234,O,oc23,-0.55000001192092896,23.688173313,11.529479057,10.561852804000001
1235,O,oc23,-0.55000001192092896,21.157018082,11.927678641,2.322738073
1236,O,oc23,-0.55000001192092896,23.340350179000001,10.279306965,2.3748581139999998
1237,O,oc23,-0.55000001192092896,17.793502393000001,10.511310106,10.242558335
1238,O,oc23,-0.55000001192092896,20.689121858,10.247132091999999,6.3077758399999997
1239,O,oc23,-0.55000001192092896,17.520090686,13.142138464,5.0864510139999997
1240,O,oc23,-0.55000001192092896,22.837915880000001,13.63517766,9.1295134660000006
1241,O,oc24,-0.67500001192092896,20.153488432,13.844931370999999,0.82436288999999996
1242,Si,sc4,0.72500002384185791,24.971736750000002,10.426302213,2.2802196709999998
1243,Si,sc4,1.1000000238418579,19.357814204,10.889137397000001,10.228179663000001
1244,Si,sc4,1.1000000238418579,22.168492023999999,10.872986465,6.1281553769999997
1245,Si,sc4,1.1000000238418579,17.934299997,12.754179122,6.5846950849999999
1246,Si,sc4,1.1000000238418579,23.196389536000002,13.060769741,10.601337145
1247,Si,sc4,1.1000000238418579,20.671190348,13.488077562999999,2.3315102159999999
1248,Si,sc4,1.1000000238418579,20.354018914000001,13.467756833999999,11.602900826000001
1249,Si,sc4,1.1000000238418579,17.923190032000001,13.225190016000001,3.5420686880000001
1250,Si,sc4,1.1000000238418579,23.275998191999999,13.393198731,7.6064204970000002
1251,Si,sc4,1.1000000238418579,19.407807729999998,10.151261341,7.2758202909999996
1252,Si,sc4,1.1000000238418579,24.903131635000001,10.560565048000001,11.004398425
1253,Si,sc4,1.1000000238418579,21.953333815000001,10.743572994000001,3.1308624040000002
1254,H,hoy,0.40000000596046448,20.704481454,13.371003279,0.22609430699999999
1255,Na,na+,1,25.262492524999999,9.2387924689999998,-0.153801773
1256,O,oc23,-0.55000001192092896,20.040917982,9.8143162099999994,22.882919985000001
1257,O,oc23,-0.55000001192092896,25.587914046000002,10.17716605,15.137789751
1258,O,oc23,-0.55000001192092896,22.827657264999999,9.6117894639999992,18.706928086000001
1259,O,oc23,-0.55000001192092896,18.329896270999999,13.795608773,19.267451213000001
1260,O,oc23,-0.55000001192092896,23.804124596000001,13.991219064999999,23.401475154
1261,O,oc23,-0.55000001192092896,21.498100847,13.967581137,15.031858731
1262,O,oc23,-0.55000001192092896,21.440195525,12.761062938,23.540315461999999
1263,O,oc23,-0.55000001192092896,19.047020238000002,13.206322664,15.563293936999999
1264,O,oc23,-0.55000001192092896,24.451606271999999,12.648975768,19.558480490000001
1265,O,oc23,-0.55000001192092896,19.433694680999999,10.732525731000001,20.500145321000002
1266,O,oc23,-0.55000001192092896,25.317833001,10.787934391,12.573277082000001
1267,O,oc23,-0.55000001192092896,22.342372728000001,10.981833198,16.601916243000002
1268,O,oc23,-0.55000001192092896,19.025436259999999,12.174908436000001,22.630106802
1269,O,oc23,-0.55000001192092896,16.706944858,12.594249721000001,14.574205358
1270,O,oc23,-0.55000001192092896,21.972602958,12.118875491000001,18.953107209999999
1271,O,oc23,-0.55000001192092896,17.999248264999999,11.300742939999999,18.386019584
1272,O,oc23,-0.55000001192092896,23.560247838999999,11.447307121,22.538328492000002
1273,O,oc23,-0.55000001192092896,20.769023585999999,11.452325027000001,14.655367377999999
1274,O,oc23,-0.55000001192092896,23.241415469,10.805296604,14.15586049
1275,O,oc23,-0.55000001192092896,17.516940189,10.092150118999999,22.265532570000001
1276,O,oc23,-0.55000001192092896,20.381715282999998,10.238420203,18.134327329000001
1277,O,oc23,-0.55000001192092896,16.944785369000002,13.343453648000001,17.081860172999999
1278,O,oc23,-0.55000001192092896,22.520631348999999,13.380869964,21.203171269999999
1279,O,oc23,-0.55000001192092896,19.830229908,13.297812104,13.098777138000001
1280,Si,sc4,1.1000000238418579,24.818526062,11.117411475999999,14.089848618
1281,Si,sc4,1.1000000238418579,18.996564336999999,10.679630360999999,22.038564018999999
1282,Si,sc4,1.1000000238418579,21.891234181000002,10.75279329,18.108267101999999
1283,Si,sc4,1.1000000238418579,17.335769944999999,12.764935051,18.532806987000001
1284,Si,sc4,1.1000000238418579,22.834738015999999,12.891993439,22.693366667999999
1285,Si,sc4,1.1000000238418579,20.294663962000001,12.981569736999999,14.591991241000001
1286,Si,sc4,0.72500002384185791,19.884754726000001,13.217668992,23.482897065
1287,Si,sc4,1.1000000238418579,17.487634933999999,13.562061935999999,15.585025801
1288,Si,sc4,1.1000000238418579,22.944479058999999,13.176215159,19.667022370000002
1289,Si,sc4,1.1000000238418579,19.055435001999999,10.268604004,19.025903292999999
1290,Si,sc4,1.1000000238418579,23.902763937,9.9619065070000001,23.093408652000001
1291,Si,sc4,1.1000000238418579,21.986049817000001,10.531938835,15.120204583
1292,O,oc23,-0.55000001192092896,20.129013235999999,14.992570469,11.173488862999999
1293,O,oc23,-0.55000001192092896,25.257584016999999,13.971083942,3.3385950389999999
1294,O,oc23,-0.55000001192092896,23.249285285999999,14.734285794,6.6285984620000002
1295,O,oc23,-0.55000001192092896,18.867145169,18.708669920999998,7.7751779169999997
1296,O,oc23,-0.55000001192092896,24.425619621999999,18.863385661999999,11.076769801999999
1297,O,oc23,-0.55000001192092896,21.408496458999998,19.801203543,2.4949202920000002
1298,O,oc23,-0.55000001192092896,21.986321968999999,18.160524191,11.657394211
1299,O,oc23,-0.55000001192092896,19.543462087999998,18.151953149000001,3.8394603209999998
1300,O,oc23,-0.55000001192092896,24.901145332999999,17.710418001000001,7.6795918429999999
1301,O,oc23,-0.55000001192092896,20.116167620999999,15.584519066,8.6313839419999994
1302,O,oc23,-0.55000001192092896,27.080316030999999,14.537064252,1.8016140380000001
1303,O,oc23,-0.55000001192092896,22.742975488999999,16.240144574999999,4.2970732219999999
1304,O,oc23,-0.55000001192092896,19.775903411000002,17.488457572000002,10.47933855
1305,O,oc23,-0.55000001192092896,17.125648407,16.750365202000001,3.7244196879999998
1306,O,oc23,-0.55000001192092896,22.474796610999999,17.257927496000001,6.7207764360000004
1307,O,oc23,-0.55000001192092896,18.432924822,16.189617849000001,6.8545690520000004
1308,O,oc23,-0.55000001192092896,23.731752821000001,16.348185703999999,10.904334075
1309,O,oc23,-0.55000001192092896,21.285469569,17.120168296999999,2.0536532369999998
1310,O,oc23,-0.55000001192092896,24.079268464999998,15.771165598,1.9503856829999999
1311,O,oc23,-0.55000001192092896,17.904159296,15.727060867,10.047518910000001
1312,O,oc23,-0.55000001192092896,20.807602036999999,15.458502116,6.0452066440000003
1313,O,oc23,-0.55000001192092896,17.659435011999999,18.275059968000001,5.7437591760000002
1314,O,oc23,-0.55000001192092896,22.806826957999998,18.058905459999998,9.1957649000000004
1315,O,oc23,-0.55000001192092896,18.801134210000001,19.152185029999998,1.742111926
1316,Si,sc4,1.1000000238418579,25.628979051000002,15.249984510000001,2.516178891
1317,Si,sc4,1.1000000238418579,19.492885995000002,15.955545066999999,10.072259569
1318,Si,sc4,1.1000000238418579,22.342419681999999,15.890584531,5.8851125350000002
1319,Si,sc4,1.1000000238418579,17.845346222,17.654167994000002,7.1262859260000004
1320,Si,sc4,1.1000000238418579,23.243166388999999,17.855926951000001,10.717631215000001
1321,Si,sc4,1.1000000238418579,20.312576322000002,18.531997923999999,2.4586104359999998
1322,Si,sc4,1.1000000238418579,20.412995575,18.435311932000001,11.614989817
1323,Si,sc4,1.1000000238418579,17.951325247,18.088544844000001,4.2422620520000001
1324,Si,sc4,1.1000000238418579,23.367957426,18.160520402,7.7045208609999998
1325,Si,sc4,1.1000000238418579,19.652309066000001,15.213228932,7.1424280859999998
1326,Si,sc4,1.1000000238418579,24.954777944,15.395191233,11.296761224999999
1327,Si,sc4,1.1000000238418579,22.493671581000001,15.967699920999999,2.6726349300000001
1328,O,oc23,-0.55000001192092896,19.811907168000001,14.675582166,22.848501148
1329,O,oc23,-0.55000001192092896,25.361435547999999,15.118131176,15.377652366
1330,O,oc23,-0.55000001192092896,22.856977735000001,14.588410726999999,18.92549666
1331,O,oc23,-0.55000001192092896,18.273472266999999,18.772140145000002,18.980793971000001
1332,O,oc23,-0.55000001192092896,24.021977308,18.958863277999999,23.409593300000001
1333,O,oc23,-0.55000001192092896,21.403345546000001,18.922891777,14.953569465999999
1334,O,oc23,-0.55000001192092896,21.186440241,18.553316780999999,23.614060855000002
1335,O,oc23,-0.55000001192092896,18.938291196000002,18.278637352000001,15.545440744
1336,O,oc23,-0.55000001192092896,24.434115456000001,17.641223359000001,19.519704649000001
1337,O,oc23,-0.55000001192092896,19.264361664999999,15.902294490999999,20.596149995000001
1338,O,oc23,-0.55000001192092896,25.354878415999998,15.666159188,12.817340720000001
1339,O,oc23,-0.55000001192092896,22.293861201999999,15.862482651000001,16.729727583999999
1340,O,oc23,-0.55000001192092896,18.948485671,17.124580322,22.97867244
1341,O,oc23,-0.55000001192092896,16.730993668,17.546492989000001,14.409539794000001
1342,O,oc23,-0.55000001192092896,21.932532991999999,17.029096134,19.098231794
1343,O,oc23,-0.55000001192092896,17.986707357,16.238751744000002,18.374468919000002
1344,O,oc23,-0.55000001192092896,23.065141119,16.581259513999999,22.993903524
1345,O,oc23,-0.55000001192092896,20.647153592999999,16.425671430000001,14.817414556999999
1346,O,oc23,-0.55000001192092896,23.148264012999999,15.883489214000001,14.247779739
1347,O,oc23,-0.55000001192092896,17.338127188000001,15.295796697,22.253774626999999
1348,O,oc23,-0.55000001192092896,20.363215605000001,15.122740318,18.330652071999999
1349,O,oc23,-0.55000001192092896,16.77002688,18.085232620999999,16.996537751999998
1350,O,oc23,-0.55000001192092896,22.539797153999999,18.515476570000001,21.252716244999998
1351,O,oc23,-0.55000001192092896,19.786831395,18.120395536,13.055147558
1352,Si,sc4,1.1000000238418579,24.746155085000002,16.073129141999999,14.242544348999999
1353,Si,sc4,1.1000000238418579,18.864491729000001,15.758956274000001,22.142759792
1354,Si,sc4,1.1000000238418579,21.865634132,15.654970155000001,18.265272751000001
1355,Si,sc4,1.1000000238418579,17.246013393999998,17.658918970999999,18.471521761999998
1356,Si,sc4,1.1000000238418579,22.676156708000001,18.170243329000002,22.841788975
1357,Si,sc4,1.1000000238418579,20.186771540999999,17.938584078000002,14.596411748
1358,Si,sc4,1.1000000238418579,19.532056379,18.588756713999999,23.240841019000001
1359,Si,sc4,1.1000000238418579,17.353742261000001,18.494685527000001,15.550848954999999
1360,Si,sc4,1.1000000238418579,22.918746738999999,18.137358524,19.705127672
1361,Si,sc4,1.1000000238418579,18.990484908999999,15.258961718,19.146678876999999
1362,Si,sc4,1.1000000238418579,24.277602208000001,15.555806936,23.420501936000001
1363,Si,sc4,1.1000000238418579,21.903002807,15.522081575,15.204669428000001
1364,O,oc23,-0.55000001192092896,20.142642273,19.978105469999999,11.269400022999999
1365,O,oc23,-0.55000001192092896,26.086024623,19.061727423000001,2.9045499239999999
1366,O,oc23,-0.55000001192092896,23.233662106000001,19.666780962000001,7.2292736790000003
1367,O,oc23,-0.55000001192092896,18.935052926000001,23.638760620999999,7.1969328939999997
1368,O,oc23,-0.55000001192092896,24.099127347,23.857005668999999,11.035177834000001
1369,O,oc23,-0.55000001192092896,21.637395446999999,24.554674684999998,2.4955520689999999
1370,O,oc23,-0.55000001192092896,21.707409036000001,23.067830061999999,11.807719495000001
1371,O,oc23,-0.55000001192092896,19.803514070999999,23.124348481999998,3.6311800559999998
1372,O,oc23,-0.55000001192092896,24.605005469000002,22.784964719000001,8.1619897540000004
1373,O,oc23,-0.55000001192092896,19.822559446,20.874416472,8.85752615
1374,O,oc23,-0.55000001192092896,27.019308813999999,21.692719799999999,2.286290905
1375,O,oc23,-0.55000001192092896,22.820394631999999,20.272141238,4.75069987
1376,O,oc23,-0.55000001192092896,19.337377512,22.455151968999999,10.914530738
1377,O,oc23,-0.55000001192092896,17.968162999,21.725042143,2.5726214199999999
1378,O,oc23,-0.55000001192092896,22.476466383999998,22.109771846000001,6.737422145
1379,O,oc23,-0.55000001192092896,18.389387770999999,21.105488447999999,6.715950071
1380,O,oc23,-0.55000001192092896,23.468014282999999,21.307394255999998,10.937596585
1381,O,oc23,-0.55000001192092896,22.157982137000001,22.165892385999999,3.2177341130000001
1382,O,oc23,-0.55000001192092896,24.123301868999999,20.740668998,2.3712269429999999
1383,O,oc23,-0.55000001192092896,17.736912986,20.455970977,10.364460438
1384,O,oc23,-0.55000001192092896,20.795979662000001,20.079237825,6.5047553740000001
1385,O,oc23,-0.55000001192092896,17.555596951999998,22.937673043,5.0036736570000002
1386,O,oc23,-0.55000001192092896,22.387945420000001,22.970461918000002,9.286146274
1387,O,oc24,-0.67500001192092896,20.596496512000002,22.569383713000001,1.177249038
1388,Si,sc4,1.1000000238418579,25.723072556000002,20.648383312,2.7737467589999998
1389,Si,sc4,1.1000000238418579,19.26456082,20.952797704999998,10.353830101
1390,Si,sc4,1.1000000238418579,22.326191515000001,20.559714505999999,6.2853947989999996
1391,Si,sc4,1.1000000238418579,17.83485722,22.618673159,6.5764395789999996
1392,Si,sc4,1.1000000238418579,22.901771258,22.808254050999999,10.783281033
1393,Si,sc4,1.1000000238418579,21.043106196,23.106497899000001,2.6485711059999999
1394,Si,sc4,1.1000000238418579,20.160944191999999,23.437474606999999,11.875128086
1395,Si,sc4,1.1000000238418579,18.233771248,23.028626816999999,3.5263939500000001
1396,Si,sc4,1.1000000238418579,23.072020699999999,23.118058391000002,7.867389856
1397,Si,sc4,1.1000000238418579,19.48547018,20.181665562999999,7.4594849740000004
1398,Si,sc4,1.1000000238418579,24.756334936999998,20.410815638999999,11.296477901999999
1399,Si,sc4,1.1000000238418579,22.648866125000001,20.672187112,3.1881430549999998
1400,H,hoy,0.40000000596046448,21.159099311999999,22.950187829000001,0.53160500899999996
1401,O,oc23,-0.55000001192092896,19.552390107000001,19.431724711000001,21.939784988
1402,O,oc23,-0.55000001192092896,25.269523124999999,20.106402460999998,15.315580820999999
1403,O,oc23,-0.55000001192092896,22.808119582,19.444552928,18.795734253999999
1404,O,oc23,-0.55000001192092896,18.337924350000002,23.666225368999999,18.857498482
1405,O,oc23,-0.55000001192092896,23.777749455999999,24.148448101,22.868682289999999
1406,O,oc23,-0.55000001192092896,21.189134200000002,23.901459907,15.446664932999999
1407,O,oc23,-0.55000001192092896,21.988878973999999,22.332735289999999,22.557885968000001
1408,O,oc23,-0.55000001192092896,18.736471689999998,23.098844888999999,15.723350999000001
1409,O,oc23,-0.55000001192092896,24.428010399000001,22.740521218000001,18.177958583999999
1410,O,oc23,-0.55000001192092896,19.073054419999998,20.948353131000001,20.038818945999999
1411,O,oc23,-0.55000001192092896,25.171809571000001,20.661623972000001,12.802038488000001
1412,O,oc23,-0.55000001192092896,22.322823413999998,20.725385296999999,16.615161910000001
1413,O,oc23,-0.55000001192092896,19.324898244,21.991985262,22.429046460999999
1414,O,oc23,-0.55000001192092896,16.466970176,22.546950935000002,14.614095516000001
1415,O,oc23,-0.55000001192092896,22.097734842000001,21.921163008000001,18.915746335000001
1416,O,oc23,-0.55000001192092896,17.921068981000001,21.227966339999998,17.983218011000002
1417,O,oc23,-0.55000001192092896,24.532472394999999,21.579680861,23.32334651
1418,O,oc23,-0.55000001192092896,20.550558239000001,21.412856158,14.850289527999999
1419,O,oc23,-0.55000001192092896,23.021746395000001,20.816666300000001,14.176623312
1420,O,oc23,-0.55000001192092896,17.282341468999999,20.351009227999999,21.927567876000001
1421,O,oc23,-0.55000001192092896,20.342010648999999,20.095746202000001,18.026210509999999
1422,O,oc23,-0.55000001192092896,16.624902874,23.245283589,17.069642034000001
1423,O,oc23,-0.55000001192092896,23.890546207,22.545326217,20.788029119000001
1424,O,oc23,-0.55000001192092896,19.648221663000001,23.333839639000001,13.369816066
1425,Si,sc4,1.1000000238418579,24.593303704,21.053634789,14.216810624000001
1426,Si,sc4,1.1000000238418579,18.798582511999999,20.735289294000001,21.534530562
1427,Si,sc4,1.1000000238418579,21.874062510000002,20.549249388,18.117944026
1428,Si,sc4,1.1000000238418579,17.245991814,22.629218365,18.364400764999999
1429,Si,sc4,1.1000000238418579,23.588455036999999,22.617320880000001,22.394681730999999
1430,Si,sc4,1.1000000238418579,20.050304404999999,22.937415817000002,14.851481981999999
1431,Si,sc4,1.1000000238418579,20.528370708000001,23.051022491000001,22.698403063000001
1432,Si,sc4,1.1000000238418579,17.200963888,23.510399962000001,15.636579227
1433,Si,sc4,1.1000000238418579,23.295029519,22.921238653,19.302817918999999
1434,Si,sc4,1.1000000238418579,18.903665825000001,20.217951930000002,18.688334249
1435,Si,sc4,1.1000000238418579,25.227974603,20.090648305999999,23.220922621
1436,Si,sc4,1.1000000238418579,21.812560101999999,20.466017467,15.135026720000001
1437,O,oc23,-0.55000001192092896,19.95887785,24.939846518,11.420788528999999
1438,O,oc23,-0.55000001192092896,25.069618122000001,23.877235339999999,3.4600809419999998
1439,O,oc23,-0.55000001192092896,22.954075567,24.637827242,7.3632048340000003
1440,O,oc23,-0.55000001192092896,18.953689872000002,28.771546177000001,7.8572768479999997
1441,O,oc23,-0.55000001192092896,24.522499277000001,28.841217435000001,10.838227592999999
1442,O,oc23,-0.55000001192092896,20.917681180999999,29.087805983999999,2.1646215770000001
1443,O,oc23,-0.55000001192092896,22.126526351999999,28.16716688,10.046457779000001
1444,O,oc23,-0.55000001192092896,19.264894678000001,28.420535167000001,3.956122643
1445,O,oc23,-0.55000001192092896,25.115831363000002,27.609635965999999,5.9489671700000004
1446,O,oc23,-0.55000001192092896,19.900886952,25.445047379999998,8.8904425790000001
1447,O,oc24,-0.67500001192092896,25.187598587,24.649539000000001,0.95276771100000002
1448,O,oc23,-0.55000001192092896,22.596801415000002,25.205057343,4.8209531759999997
1449,O,oc23,-0.55000001192092896,19.720030405999999,27.380881509000002,10.683863865999999
1450,O,oc23,-0.55000001192092896,17.492121536999999,26.696009337,4.0425005770000002
1451,O,oc23,-0.55000001192092896,22.614238997000001,27.145588933999999,6.5700419659999998
1452,O,oc23,-0.55000001192092896,18.291247761000001,26.246920239000001,7.0687527149999996
1453,O,oc23,-0.55000001192092896,24.091596969000001,26.381071198000001,9.9841078069999991
1454,O,oc23,-0.55000001192092896,21.291159305000001,26.926153567,3.454456762
1455,O,oc23,-0.55000001192092896,23.765803731999998,26.001471156000001,2.6995696759999999
1456,O,oc23,-0.55000001192092896,17.721807716000001,25.707307022999998,10.269152016
1457,O,oc23,-0.55000001192092896,20.647389602000001,25.441822902999998,6.4104535089999999
1458,O,oc23,-0.55000001192092896,17.598314680000001,28.428587261000001,5.9045232380000003
1459,O,oc23,-0.55000001192092896,24.127675978999999,28.394899720000002,8.2885684000000008
1460,Si,sc4,1.1000000238418579,25.131210604,25.180886427000001,2.4962187579999999
1461,Si,sc4,1.1000000238418579,19.321467862999999,25.875907452,10.315263496
1462,Si,sc4,1.1000000238418579,22.224245923000002,25.605923465,6.312024493
1463,Si,sc4,1.1000000238418579,17.857053153999999,27.787577326000001,7.2683332439999999
1464,Si,sc4,1.1000000238418579,23.709432670999998,27.940569567000001,9.7818751299999995
1465,Si,sc4,1.1000000238418579,20.116812426999999,27.804212777,2.7876059440000001
1466,Si,sc4,1.1000000238418579,20.931220948,28.332563129,11.141368376000001
1467,Si,sc4,1.1000000238418579,17.777724632000002,28.213614294999999,4.4089682630000002
1468,Si,sc4,1.1000000238418579,23.828554469,28.190173895000001,6.7189384859999999
1469,Si,sc4,1.1000000238418579,19.431202206999998,25.173764203000001,7.3888172479999996
1470,Si,sc4,1.1000000238418579,24.610959897000001,25.391022676999999,11.133630763999999
1471,Si,sc4,1.1000000238418579,22.323968878999999,25.703512902,3.3389266379999998
1472,H,hoy,0.40000000596046448,25.261623387,23.711746607999999,0.97904975299999997
1473,O,oc23,-0.55000001192092896,20.336321460000001,24.370637519999999,21.751466114999999
1474,O,oc23,-0.55000001192092896,25.669155505999999,25.069207866999999,14.339221431
1475,O,oc23,-0.55000001192092896,22.761842571999999,24.439460661999998,19.210591641000001
1476,O,oc23,-0.55000001192092896,18.30600579,28.541158085999999,18.953470258999999
1477,O,oc23,-0.55000001192092896,23.752825212000001,29.078937872000001,23.468098015999999
1478,O,oc23,-0.55000001192092896,21.626031604000001,28.965881742000001,15.224737432
1479,O,oc23,-0.55000001192092896,21.398323405999999,27.502825282,23.752362303000002
1480,O,oc23,-0.55000001192092896,19.255217903999998,28.462459630000001,14.095606182999999
1481,O,oc23,-0.55000001192092896,24.103722522000002,28.073394204,18.870466548
1482,O,oc23,-0.55000001192092896,19.206347525999998,25.830332233,19.874990752999999
1483,O,oc23,-0.55000001192092896,24.171959843,26.06397587,12.470842957
1484,O,oc23,-0.55000001192092896,22.395451398999999,25.722100017999999,16.878729871000001
1485,O,oc23,-0.55000001192092896,19.804758295999999,27.010728154999999,21.984451134
1486,O,oc23,-0.55000001192092896,16.772378722999999,27.514627404999999,14.321261093
1487,O,oc23,-0.55000001192092896,21.833319836000001,26.88978479,19.150217875999999
1488,O,oc23,-0.55000001192092896,18.056003864000001,26.124488391,17.763895828999999
1489,O,oc23,-0.55000001192092896,23.776283107000001,26.503254909999999,23.822298085
1490,O,oc23,-0.55000001192092896,20.874122641,26.484429691999999,14.80604846
1491,O,oc23,-0.55000001192092896,23.149854503,25.237458595,14.534770098999999
1492,O,oc23,-0.55000001192092896,17.884328922000002,25.41227044,21.926456690999999
1493,O,oc23,-0.55000001192092896,20.436867981999999,24.950438625,18.054646976000001
1494,O,oc23,-0.55000001192092896,18.176934846000002,28.285243903000001,16.408060278000001
1495,O,oc23,-0.55000001192092896,23.075734118,27.433207817,21.432210455
1496,O,oc23,-0.55000001192092896,21.384208135000002,28.003285934000001,12.675368633
1497,Si,sc4,1.1000000238418579,24.415981272,25.984109005000001,14.010993742
1498,Si,sc4,1.1000000238418579,19.345592429,25.625458634000001,21.369501353
1499,Si,sc4,1.1000000238418579,21.889739166999998,25.500498293,18.352555129999999
1500,Si,sc4,1.1000000238418579,17.633983483000002,27.685203693999998,17.758997368999999
1501,Si,sc4,1.1000000238418579,22.955541244999999,27.679821506,23.082711723999999
1502,Si,sc4,1.1000000238418579,20.79955129,27.989869645999999,14.200504006999999
1503,Si,sc4,1.1000000238418579,19.770686871999999,27.621630191000001,23.420837148
1504,Si,sc4,1.1000000238418579,17.860666445,28.560852075,14.891700760000001
1505,Si,sc4,1.1000000238418579,22.795451269000001,27.950795992,19.872137056
1506,Si,sc4,1.1000000238418579,18.973613621999998,25.09837632,18.565599760000001
1507,Si,sc4,0.72500002384185791,24.716263237,25.254215322,23.537023795
1508,Si,sc4,1.1000000238418579,21.875389594000001,25.358050573,15.414350494000001
1509,O,oc23,-0.55000001192092896,20.360754496999999,29.826821954,11.115539825000001
1510,O,oc23,-0.55000001192092896,25.993423152999998,28.573176253,2.0401142989999999
1511,O,oc23,-0.55000001192092896,23.423440755000001,29.600670617999999,6.0695773370000001
1512,O,oc23,-0.55000001192092896,18.776201722,33.523295705000002,7.4225796119999998
1513,O,oc23,-0.55000001192092896,24.178384865999998,33.906375208,11.099264583
1514,O,oc23,-0.55000001192092896,21.23786192,34.074373913999999,3.2416785720000001
1515,O,oc23,-0.55000001192092896,21.791728887000001,33.178484267000002,10.484465818
1516,O,oc23,-0.55000001192092896,19.303249286,32.417609147999997,3.0554960609999999
1517,O,oc23,-0.55000001192092896,24.936108081,32.885457445,6.121435548
1518,O,oc23,-0.55000001192092896,19.918792166999999,30.934781083000001,8.8315214990000008
1519,O,oc24,-0.89999997615814209,25.022129975999999,30.413195415000001,0.47473265100000001
1520,O,oc23,-0.55000001192092896,21.654698666000002,30.516573185999999,4.3175965840000003
1521,O,oc23,-0.55000001192092896,19.477884581000001,32.256255543999998,11.029697981
1522,O,oc23,-0.55000001192092896,16.789988015999999,31.808146256000001,3.0312207350000002
1523,O,oc23,-0.55000001192092896,22.466440964,32.070308195000003,6.4373950999999998
1524,O,oc23,-0.55000001192092896,18.611262602,31.099277145999999,6.580498907
1525,O,oc23,-0.55000001192092896,23.574313688,31.323990329000001,10.862943508000001
1526,O,oc23,-0.55000001192092896,21.652568612,31.672426583,2.1019494609999998
1527,O,oc23,-0.55000001192092896,23.591361377999998,29.754999297000001,2.6306722229999999
1528,O,oc23,-0.55000001192092896,17.910018236999999,30.327807645,10.220764405000001
1529,O,oc23,-0.55000001192092896,20.997114740000001,29.915765263000001,6.7248029459999996
1530,O,oc23,-0.55000001192092896,17.743034092999999,33.182968568,5.0699075970000003
1531,O,oc23,-0.55000001192092896,23.868916352999999,32.729093904000003,8.6689023879999993
1532,O,oc24,-0.67500001192092896,20.236088640999998,33.508456265,0.86354649900000002
1533,Si,sc4,0.72500002384185791,25.135289238999999,29.995894898,2.0690815869999999
1534,Si,sc4,1.1000000238418579,19.415005833999999,30.843460252,10.317522179999999
1535,Si,sc4,1.1000000238418579,22.163984751000001,30.561924338000001,5.8601738689999996
1536,Si,sc4,1.1000000238418579,17.871993401000001,32.544994379000002,6.5627158410000002
1537,Si,sc4,1.1000000238418579,23.353269396000002,32.798208787999997,10.249861485
1538,Si,sc4,1.1000000238418579,20.635251829000001,32.907394175,2.3242582409999999
1539,Si,sc4,1.1000000238418579,20.554983682,33.282823960999998,11.566507238
1540,Si,sc4,1.1000000238418579,17.849860176,32.944716217,3.4671705570000002
1541,Si,sc4,1.1000000238418579,23.608045950000001,33.059410407000001,7.0729788009999996
1542,Si,sc4,1.1000000238418579,19.622530432000001,30.188294202000002,7.4749658439999997
1543,Si,sc4,1.1000000238418579,24.619284110999999,30.297657098999998,11.524589962
1544,Si,sc4,1.1000000238418579,21.990078063999999,30.236675209000001,2.7479034740000001
1545,H,hoy,0.40000000596046448,20.362878976000001,32.822145071000001,0.23534523600000001
1546,Na,na+,1,25.471506019,28.471706903000001,-0.24557454300000001
1547,O,oc23,-0.55000001192092896,19.368837472999999,29.208038063,23.444048722000002
1548,O,oc23,-0.55000001192092896,25.253362843000001,29.835868777000002,15.430530894
1549,O,oc23,-0.55000001192092896,22.053312525999999,29.384795109999999,19.877841540999999
1550,O,oc23,-0.55000001192092896,18.475267383999999,33.607902172000003,19.28405952
1551,O,oc23,-0.55000001192092896,24.756962357999999,34.334967046999999,23.763314389000001
1552,O,oc23,-0.55000001192092896,21.480912076999999,33.823904132999999,15.486948279
1553,O,oc23,-0.55000001192092896,22.360744629999999,32.966096479999997,23.780829795999999
1554,O,oc23,-0.55000001192092896,18.98039022,33.507762810999999,14.992748153999999
1555,O,oc23,-0.55000001192092896,24.376130077999999,32.370203212,19.029924304000001
1556,O,oc23,-0.55000001192092896,19.043064635,29.893547098999999,21.046983955000002
1557,O,oc23,-0.55000001192092896,24.276719986,30.186833454999999,13.069892923999999
1558,O,oc23,-0.55000001192092896,22.169601,30.505505876000001,17.446215168999998
1559,O,oc23,-0.55000001192092896,20.168269862999999,31.72380047,22.64288668
1560,O,oc23,-0.55000001192092896,16.630169081999998,32.524829666999999,14.500122959
1561,O,oc23,-0.55000001192092896,22.019564809999999,32.024158993999997,19.746085882999999
1562,O,oc23,-0.55000001192092896,17.539753545,31.137803905999998,19.233554402999999
1563,O,oc23,-0.55000001192092896,24.740278817,31.576101712,23.801450838000001
1564,O,oc23,-0.55000001192092896,20.612224149999999,31.429525140999999,15.407334050999999
1565,O,oc23,-0.55000001192092896,23.056398784999999,31.143064344999999,15.112186522
1566,O,oc23,-0.55000001192092896,17.559900781,31.012695317999999,22.868760061
1567,O,oc23,-0.55000001192092896,20.004166645000002,30.561326050000002,18.797023594999999
1568,O,oc23,-0.55000001192092896,17.289586072999999,32.655476384000004,17.055091832999999
1569,O,oc23,-0.55000001192092896,23.970781728999999,32.891482832999998,21.556142057999999
1570,O,oc23,-0.55000001192092896,20.911379009000001,32.873068515999996,13.126662831000001
1571,Si,sc4,1.1000000238418579,24.480382669000001,30.884252593999999,14.487047505
1572,Si,sc4,1.1000000238418579,19.047372907,30.507863392000001,22.520492566000001
1573,Si,sc4,1.1000000238418579,21.583588696,30.638152677000001,18.964594013999999
1574,Si,sc4,1.1000000238418579,17.300388459000001,32.660436210999997,18.713483062000002
1575,Si,sc4,1.1000000238418579,23.937711211,32.951233840999997,23.222695700999999
1576,Si,sc4,1.1000000238418579,20.450768306000001,32.879139936999998,14.72169452
1577,Si,sc4,1.1000000238418579,20.706916732,32.991914921000003,23.542490916999999
1578,Si,sc4,1.1000000238418579,17.463398012999999,33.386629341000003,15.573516281
1579,Si,sc4,1.1000000238418579,23.299640529000001,32.995727297000002,20.027559011000001
1580,Si,sc4,1.1000000238418579,18.686141755000001,30.031078679,19.497198591
1581,Si,sc4,1.1000000238418579,25.141245517000002,30.006176664000002,23.372810609999998
1582,Si,sc4,1.1000000238418579,21.821280778999999,30.46792233,15.835864515999999
1583,O,oc23,-0.55000001192092896,28.627360813999999,0.014807621,10.9830547
1584,O,oc23,-0.55000001192092896,31.372224421999999,-0.16871483400000001,7.1366954170000003
1585,O,oc23,-0.55000001192092896,27.062420939999999,3.8170190989999999,7.1495071369999996
1586,O,oc23,-0.55000001192092896,32.740687901999998,3.9302958050000001,10.980536759
1587,O,oc23,-0.55000001192092896,29.854613084,4.0385505320000004,3.1398452670000001
1588,O,oc23,-0.55000001192092896,30.315523611,3.0563983929999998,11.469621097999999
1589,O,oc23,-0.55000001192092896,27.365393746999999,3.3222600349999998,3.2710405040000001
1590,O,oc23,-0.55000001192092896,33.385627976000002,3.0561414949999999,7.1877326180000001
1591,O,oc23,-0.55000001192092896,28.132600547999999,0.92501151299999995,8.6030988280000003
1592,O,oc23,-0.55000001192092896,31.133920209999999,0.75168049699999995,4.6723359689999997
1593,O,oc23,-0.55000001192092896,27.806028124000001,2.4548963029999999,10.802699619
1594,O,oc23,-0.55000001192092896,25.642130842,1.3492482859999999,3.2312289779999999
1595,O,oc23,-0.55000001192092896,30.939114841999999,2.4070287189999999,6.604495225
1596,O,oc23,-0.55000001192092896,26.500725989999999,1.3603412130000001,6.5808120629999998
1597,O,oc23,-0.55000001192092896,32.133131161000001,1.2873453850000001,10.956855944000001
1598,O,oc23,-0.55000001192092896,29.287489612000002,1.385797395,2.958511927
1599,O,oc23,-0.55000001192092896,31.762394164,0.72311216700000003,2.172097012
1600,O,oc23,-0.55000001192092896,26.158873433,0.493862629,10.253493524
1601,O,oc23,-0.55000001192092896,29.016120334,0.67118588899999998,6.1644052450000002
1602,O,oc23,-0.55000001192092896,25.51036762,3.2472254669999998,5.0614367959999997
1603,O,oc23,-0.55000001192092896,31.406950563999999,2.7492699639999998,9.0556924179999996
1604,O,oc24,-0.67500001192092896,28.688305855999999,3.0638731290000001,1.0099079609999999
1605,Si,sc4,1.1000000238418579,33.359041351999998,0.83551099399999995,2.0142658720000002
1606,Si,sc4,1.1000000238418579,27.681327155000002,0.98493991700000005,10.15525289
1607,Si,sc4,1.1000000238418579,30.611454517999999,0.89683649600000004,6.1617227149999998
1608,Si,sc4,1.1000000238418579,25.908951966,2.8526903049999999,6.5693944929999999
1609,Si,sc4,1.1000000238418579,31.661398511000002,2.7781704829999998,10.619663389999999
1610,Si,sc4,1.1000000238418579,28.792029662000001,2.9260540439999998,2.6328475689999999
1611,Si,sc4,1.1000000238418579,28.776052879000002,3.5354604190000001,11.516338081000001
1612,Si,sc4,1.1000000238418579,25.824374758000001,2.9298947129999999,3.516016923
1613,Si,sc4,1.1000000238418579,31.842011522,3.2597538149999998,7.609383105
1614,Si,sc4,1.1000000238418579,27.727801399000001,0.45661060799999997,7.1015141279999998
1615,Si,sc4,1.1000000238418579,33.351174399000001,0.28993031400000002,11.173535885
1616,Si,sc4,1.1000000238418579,30.594465147000001,0.41808161999999999,3.2264830120000001
1617,H,hoy,0.40000000596046448,29.436649539000001,2.6410510789999999,0.63393923299999999
1618,O,oc23,-0.55000001192092896,28.136061873999999,-0.19591792,22.543096931000001
1619,O,oc23,-0.55000001192092896,31.075713017999998,-0.35551928900000002,18.459184655000001
1620,O,oc23,-0.55000001192092896,26.785624923,3.8126070749999998,19.197728754
1621,O,oc23,-0.55000001192092896,31.689501092,4.5284361659999997,23.134310468999999
1622,O,oc23,-0.55000001192092896,29.652511078,4.1545717560000002,15.466830810999999
1623,O,oc23,-0.55000001192092896,29.396069881999999,2.873452082,23.725112891999999
1624,O,oc23,-0.55000001192092896,27.226116082000001,3.1101173219999998,15.462369783
1625,O,oc23,-0.55000001192092896,32.716776367999998,2.6083694670000002,19.492896965
1626,O,oc23,-0.55000001192092896,27.751535835999999,0.60193844600000002,20.09050637
1627,O,oc23,-0.55000001192092896,30.658359602000001,1.1254660590000001,16.409835866000002
1628,O,oc23,-0.55000001192092896,27.736682276,2.3038178509999998,21.978799057
1629,O,oc23,-0.55000001192092896,24.778219561,2.6444568300000002,14.695402006
1630,O,oc23,-0.55000001192092896,30.254271043999999,2.1620809400000001,18.796381933999999
1631,O,oc23,-0.55000001192092896,26.141282668999999,1.382837498,18.304952282999999
1632,O,oc23,-0.55000001192092896,31.957844553000001,2.0269203999999998,23.600019864
1633,O,oc23,-0.55000001192092896,29.183441879,1.732394494,14.424717204
1634,O,oc23,-0.55000001192092896,31.639097297999999,0.90502737300000002,14.000967697
1635,O,oc23,-0.55000001192092896,25.76998906,0.84780419200000001,21.92493661
1636,O,oc23,-0.55000001192092896,28.594747865999999,0.36654494100000001,17.776217464999998
1637,O,oc23,-0.55000001192092896,25.204316993999999,3.5089641920000001,17.160528624000001
1638,O,oc23,-0.55000001192092896,30.766487293000001,2.733590446,21.348440866000001
1639,O,oc23,-0.55000001192092896,28.356084076999998,3.7787121400000001,13.088210706
1640,Si,sc4,1.1000000238418579,33.230065949999997,1.0352826079999999,14.048714134000001
1641,Si,sc4,1.1000000238418579,27.338736872999998,0.84233312500000002,21.567537028
1642,Si,sc4,1.1000000238418579,30.143988298,0.82550139,17.881753185000001
1643,Si,sc4,1.1000000238418579,25.622634725000001,2.896502914,18.594687738000001
1644,Si,sc4,1.1000000238418579,30.915225072999998,3.0634324820000001,22.955269321999999
1645,Si,sc4,1.1000000238418579,28.601917232000002,3.2212706579999999,14.607155126
1646,Si,sc4,1.1000000238418579,27.742839215,2.9280314629999999,23.397509972000002
1647,Si,sc4,1.1000000238418579,25.692073866000001,3.592062871,15.609120036
1648,Si,sc4,1.1000000238418579,31.201447653999999,3.0272283070000001,19.781956516000001
1649,Si,sc4,1.1000000238418579,27.258238369000001,0.27282120999999998,18.662899020000001
1650,Si,sc4,1.1000000238418579,32.576457628999997,0.55711275000000005,23.544228206
1651,Si,sc4,1.1000000238418579,30.334151337000002,0.73473502099999999,14.906896843
1652,O,oc23,-0.55000001192092896,28.557323883999999,4.8845833809999997,10.688993227999999
1653,O,oc23,-0.55000001192092896,31.490590836999999,4.8001142029999997,7.5458608639999998
1654,O,oc23,-0.55000001192092896,27.165087437,8.6994009850000005,7.0492632190000002
1655,O,oc23,-0.55000001192092896,32.139423258000001,8.9088676119999999,11.302872982
1656,O,oc23,-0.55000001192092896,29.608982225999998,9.3348674920000008,2.9987398989999998
1657,O,oc23,-0.55000001192092896,29.956257577999999,7.9991868259999999,10.271266911
1658,O,oc23,-0.55000001192092896,27.956643604,7.4109398200000003,2.2002576
1659,O,oc23,-0.55000001192092896,33.219911869999997,7.9491694290000003,6.6334179679999998
1660,O,oc23,-0.55000001192092896,26.935911678,5.8453469580000004,8.8005298720000003
1661,O,oc23,-0.55000001192092896,29.997887322,5.0060902379999996,5.6146352569999998
1662,O,oc23,-0.55000001192092896,27.576154841000001,7.3006028699999996,10.903916497000001
1663,O,oc23,-0.55000001192092896,25.378103466999999,6.3963466430000002,2.8616159680000002
1664,O,oc23,-0.55000001192092896,30.708248140999999,7.2541070999999997,6.7569639949999996
1665,O,oc23,-0.55000001192092896,27.015898160999999,6.299801295,6.2789141319999997
1666,O,oc23,-0.55000001192092896,32.088249769999997,6.4630371670000004,10.376008107000001
1667,O,oc23,-0.55000001192092896,29.510526537000001,6.7123564050000004,3.8148723169999998
1668,O,oc23,-0.55000001192092896,31.687336420000001,5.6212293369999999,3.9383565749999998
1669,O,oc23,-0.55000001192092896,26.099305661999999,5.1615124550000004,10.94939353
1670,O,oc23,-0.55000001192092896,29.026203439,5.4844743610000002,7.7267026110000003
1671,O,oc23,-0.55000001192092896,26.487853488999999,8.1449396069999995,4.4969076430000001
1672,O,oc23,-0.55000001192092896,31.892875777,8.6114910259999995,8.6950322849999999
1673,O,oc23,-0.55000001192092896,31.057049534000001,7.0316311950000001,2.0313217209999999
1674,Si,sc4,1.1000000238418579,32.466150816000003,6.341874411,2.8088671330000001
1675,Si,sc4,1.1000000238418579,27.330754146,5.8342768019999998,10.321676323
1676,Si,sc4,1.1000000238418579,30.345986849999999,5.6862770569999999,6.9567726109999999
1677,Si,sc4,1.1000000238418579,26.323707088999999,7.7159623169999998,6.0877019399999996
1678,Si,sc4,1.1000000238418579,31.537715786,7.979383179,10.144659476999999
1679,Si,sc4,1.1000000238418579,29.558799378,7.7189935719999996,2.5975875890000002
1680,Si,sc4,1.1000000238418579,28.776621343999999,8.274730559,11.294290760999999
1681,Si,sc4,1.1000000238418579,26.410669512999998,7.6859442690000002,2.9064935670000001
1682,Si,sc4,1.1000000238418579,31.774410569,8.4207019570000003,7.0922443079999997
1683,Si,sc4,1.1000000238418579,27.488723089,5.3358580499999997,7.4468410829999998
1684,Si,sc4,1.1000000238418579,32.870428212,5.488808562,11.432536729000001
1685,Si,sc4,1.1000000238418579,30.185060925999998,5.2935541339999999,4.1346155830000004
1686,O,oc23,-0.55000001192092896,27.297835153000001,4.4711768019999996,23.425435910000001
1687,O,oc23,-0.55000001192092896,31.096586031000001,4.5883435490000002,19.381844544
1688,O,oc23,-0.55000001192092896,26.489689272,8.9153260139999997,19.441810639
1689,O,oc23,-0.55000001192092896,33.168168696999999,9.6420870569999995,23.989933751999999
1690,O,oc23,-0.55000001192092896,29.901049054000001,9.0852449639999993,15.012684619
1691,O,oc23,-0.55000001192092896,30.593813896,8.4037689689999997,23.889343319999998
1692,O,oc23,-0.55000001192092896,27.422584056000002,8.5377809060000001,14.337647444
1693,O,oc23,-0.55000001192092896,32.845798944000002,7.5422896140000004,19.295801006000001
1694,O,oc23,-0.55000001192092896,26.616447568000002,5.6594712820000002,21.125992541999999
1695,O,oc23,-0.55000001192092896,29.745466195999999,6.0469564169999996,17.518708305000001
1696,O,oc23,-0.55000001192092896,28.339577428999998,6.8995351889999998,22.888076001000002
1697,O,oc23,-0.55000001192092896,25.023942174999998,7.655032565,14.980311015
1698,O,oc23,-0.55000001192092896,30.495851982000001,7.1187915620000002,19.978685347999999
1699,O,oc23,-0.55000001192092896,26.722204612999999,6.3978986449999997,18.513655252
1700,O,oc23,-0.55000001192092896,32.866825968000001,6.8825357049999996,23.857979156999999
1701,O,oc23,-0.55000001192092896,29.031052263999999,6.6239003439999999,15.031257541
1702,O,oc23,-0.55000001192092896,31.503917683000001,6.0933389819999997,15.524866095
1703,O,oc23,-0.55000001192092896,25.693520459999998,6.3748347750000001,23.433373959000001
1704,O,oc23,-0.55000001192092896,28.731383032,5.3115215469999999,19.793936545000001
1705,O,oc23,-0.55000001192092896,26.754131442999999,8.4754908780000004,16.813894717
1706,O,oc23,-0.55000001192092896,32.272851809999999,8.431431946,21.707923949000001
1707,O,oc23,-0.55000001192092896,29.313007549999998,7.9158973479999997,12.753656338000001
1708,Si,sc4,1.1000000238418579,32.719882507999998,6.0681099879999998,14.460881566999999
1709,Si,sc4,1.1000000238418579,27.032567276000002,5.8738316319999999,22.687030740000001
1710,Si,sc4,1.1000000238418579,30.064784504999999,5.7882025239999999,19.125233481999999
1711,Si,sc4,1.1000000238418579,26.200605861,7.9125866479999996,18.191011245999999
1712,Si,sc4,1.1000000238418579,32.205077236000001,8.3475385420000006,23.365263477999999
1713,Si,sc4,1.1000000238418579,28.927808725999999,8.0390826860000004,14.288180304999999
1714,Si,sc4,1.1000000238418579,28.915354371999999,8.2096261419999994,23.720348355999999
1715,Si,sc4,1.1000000238418579,26.197879271000001,8.7122823270000005,15.322128664999999
1716,Si,sc4,1.1000000238418579,31.685878005999999,8.1923801019999996,20.166204360999998
1717,Si,sc4,1.1000000238418579,27.171239798999999,5.3096042600000004,19.649144516
1718,Si,sc4,1.1000000238418579,33.153065140999999,5.3422712089999997,23.309851344999998
1719,Si,sc4,1.1000000238418579,29.992606823999999,5.6924215650000001,15.912673486999999
1720,O,oc23,-0.55000001192092896,28.325391864,9.8185547979999992,11.199742350999999
1721,O,oc23,-0.55000001192092896,31.455930032000001,9.8290063340000007,6.2893220149999998
1722,O,oc23,-0.55000001192092896,27.338967514,13.677302966999999,7.3971351570000001
1723,O,oc23,-0.55000001192092896,32.947663984999998,13.866066839,10.950733393
1724,O,oc23,-0.55000001192092896,29.942947553,14.317779399000001,2.7094657940000002
1725,O,oc23,-0.55000001192092896,30.537190251999998,13.257432935000001,11.466565596000001
1726,O,oc23,-0.55000001192092896,27.622373936999999,13.187236661,3.7885828629999998
1727,O,oc23,-0.55000001192092896,33.173906402,12.720422648,6.9186797560000004
1728,O,oc23,-0.55000001192092896,28.302702951000001,10.465837479999999,8.6848500380000004
1729,O,oc23,-0.55000001192092896,30.501592861999999,11.362475265,4.2435834369999998
1730,O,oc23,-0.55000001192092896,28.298096448999999,12.408199276,10.516111869
1731,O,oc23,-0.55000001192092896,25.629066557000002,11.314986864,3.491045309
1732,O,oc23,-0.55000001192092896,30.597836180000002,12.323388953,6.6632124179999996
1733,O,oc23,-0.55000001192092896,26.548443368000001,11.175293957999999,6.9774055129999999
1734,O,oc23,-0.55000001192092896,32.126250720000002,11.434570473999999,10.565684666999999
1735,O,oc23,-0.55000001192092896,28.925773428999999,12.016983765000001,2.1097688689999998
1736,O,oc23,-0.55000001192092896,31.483066803,10.995017376,1.8850437689999999
1737,O,oc23,-0.55000001192092896,26.195020385999999,10.917773537,10.133152997
1738,O,oc23,-0.55000001192092896,28.885743879,10.427724847,6.0942048809999996
1739,O,oc23,-0.55000001192092896,25.706276767999999,13.024260443999999,5.5284585249999996
1740,O,oc23,-0.55000001192092896,31.396204020999999,13.409732736,8.9049269590000009
1741,Si,sc4,1.1000000238418579,33.117971138000001,10.941170913000001,1.9865492600000001
1742,Si,sc4,1.1000000238418579,27.796219697000002,10.912823405999999,10.147494861
1743,Si,sc4,1.1000000238418579,30.369165473999999,10.968817183000001,5.8219225579999998
1744,Si,sc4,1.1000000238418579,26.125958492999999,12.698367726000001,6.9695250819999996
1745,Si,sc4,1.1000000238418579,31.745239353999999,12.974133645,10.433431930999999
1746,Si,sc4,1.1000000238418579,28.428848549000001,13.587226916000001,2.470959965
1747,Si,sc4,1.1000000238418579,28.948646994000001,13.381785587,11.631374919000001
1748,Si,sc4,1.1000000238418579,26.060815130999998,12.813091132,4.0365326059999997
1749,Si,sc4,1.1000000238418579,31.711088062000002,13.289579562,7.3048932300000002
1750,Si,sc4,1.1000000238418579,27.751765044999999,10.180553114,7.2020347229999997
1751,Si,sc4,1.1000000238418579,32.619804299000002,10.392743088,11.667247378000001
1752,Si,sc4,1.1000000238418579,30.084757779,10.916282256000001,2.7400959060000001
1753,O,oc23,-0.55000001192092896,28.22010367,9.5634584010000001,23.146771468000001
1754,O,oc23,-0.55000001192092896,31.260127707999999,9.5966592209999995,19.485581033999999
1755,O,oc23,-0.55000001192092896,26.629870938,14.031012090000001,19.454130487
1756,O,oc23,-0.55000001192092896,31.689067685000001,14.725747950000001,22.968174089000001
1757,O,oc23,-0.55000001192092896,29.943659061999998,13.97496239,15.194938137999999
1758,O,oc23,-0.55000001192092896,29.931778048000002,12.830769369,23.684569375999999
1759,O,oc23,-0.55000001192092896,27.422750766,13.573970907,15.538925878000001
1760,O,oc23,-0.55000001192092896,32.929660839999997,12.521199271,19.525293947000002
1761,O,oc23,-0.55000001192092896,26.65751328,10.750912537,21.414260117000001
1762,O,oc23,-0.55000001192092896,29.689061052,10.129297305,17.412007038999999
1763,O,oc23,-0.55000001192092896,27.297248325999998,12.009826798000001,23.675756249999999
1764,O,oc23,-0.55000001192092896,25.136758403000002,12.649773177,14.527302425
1765,O,oc23,-0.55000001192092896,30.442749169999999,12.048239840000001,19.067817069
1766,O,oc23,-0.55000001192092896,26.656960978000001,11.477972809000001,18.849936691
1767,O,oc23,-0.55000001192092896,32.676254550000003,12.335361018,23.693285281000001
1768,O,oc23,-0.55000001192092896,28.932932233999999,11.504463562,15.278374059000001
1769,O,oc23,-0.55000001192092896,31.456692561000001,11.026160089999999,15.656472150999999
1770,O,oc23,-0.55000001192092896,25.458297249000001,9.9788567869999998,23.659538791999999
1771,O,oc23,-0.55000001192092896,28.731620963000001,10.224620252999999,19.855618266
1772,O,oc23,-0.55000001192092896,25.382174175999999,13.163941504,17.170343539000001
1773,O,oc23,-0.55000001192092896,31.236152506,12.639523801999999,21.450973507
1774,O,oc23,-0.55000001192092896,28.448501994000001,12.980771519999999,13.13947862
1775,Si,sc4,1.1000000238418579,32.623443391000002,11.153218016,14.568942552999999
1776,Si,sc4,1.1000000238418579,26.909158012999999,10.545537732,23.018006450000001
1777,Si,sc4,1.1000000238418579,30.029125241999999,10.500071139999999,18.943253127999998
1778,Si,sc4,1.1000000238418579,25.806354775999999,12.843287438999999,18.722707803999999
1779,Si,sc4,1.1000000238418579,31.395308398000001,13.126032689000001,22.97285338
1780,Si,sc4,1.1000000238418579,28.708340528000001,13.014141453000001,14.758826566
1781,Si,sc4,1.1000000238418579,28.343357684000001,13.285493489,23.776363333999999
1782,Si,sc4,1.1000000238418579,25.824770532999999,13.604272711,15.659795887
1783,Si,sc4,1.1000000238418579,31.447738910999998,12.98281663,19.895334187
1784,Si,sc4,1.1000000238418579,27.126225718000001,10.339130445,19.898716266000001
1785,Si,sc4,1.1000000238418579,33.868230967999999,11.167483073,23.627710945
1786,Si,sc4,1.1000000238418579,29.988368289,10.444015651999999,15.857149386
1787,O,oc23,-0.55000001192092896,28.527050941999999,14.904963178999999,11.317117582
1788,O,oc23,-0.55000001192092896,31.634261375000001,14.756282577,6.6485328639999999
1789,O,oc23,-0.55000001192092896,27.330184736,18.698986051999999,7.6243408849999996
1790,O,oc23,-0.55000001192092896,32.862926416999997,18.625533169000001,11.047324574999999
1791,O,oc23,-0.55000001192092896,30.389428589000001,19.041685339000001,3.246534837
1792,O,oc23,-0.55000001192092896,30.311074690000002,18.280715840999999,11.715782922000001
1793,O,oc23,-0.55000001192092896,28.182088571000001,17.828590851000001,3.694103884
1794,O,oc23,-0.55000001192092896,33.207580059999998,17.966784324999999,7.7396815639999996
1795,O,oc23,-0.55000001192092896,28.392925520999999,15.608873916,8.7702704140000005
1796,O,oc23,-0.55000001192092896,31.086386785999998,16.040987405999999,4.3934287019999996
1797,O,oc23,-0.55000001192092896,28.084960832,17.404685190999999,10.658623481999999
1798,O,oc23,-0.55000001192092896,26.054101760000002,16.390913138999998,3.578767778
1799,O,oc23,-0.55000001192092896,30.83183184,17.255382641000001,6.7232115930000003
1800,O,oc23,-0.55000001192092896,26.807259103,16.197023489999999,6.8296974989999999
1801,O,oc23,-0.55000001192092896,31.934952977999998,16.241903433000001,11.256277295
1802,O,oc23,-0.55000001192092896,30.054256276,16.805100179,2.165554658
1803,O,oc23,-0.55000001192092896,32.507677508999997,15.674854436,2.091911874
1804,O,oc23,-0.55000001192092896,26.215731396999999,15.613936503,10.305084583999999
1805,O,oc23,-0.55000001192092896,29.153870989000001,15.288320082,6.2002505169999997
1806,O,oc23,-0.55000001192092896,26.171759245000001,18.241977208000002,5.3872807309999997
1807,O,oc23,-0.55000001192092896,31.138400162,17.673443819999999,9.3096759999999996
1808,O,oc24,-0.67500001192092896,28.685218723999999,18.839880236999999,1.2848662749999999
1809,Si,sc4,1.1000000238418579,34.125995740999997,15.957777111,2.561092951
1810,Si,sc4,1.1000000238418579,27.808686248000001,15.878069565000001,10.254265686
1811,Si,sc4,1.1000000238418579,30.663066212,15.829848919,5.9696022930000003
1812,Si,sc4,1.1000000238418579,26.298056554999999,17.714768343999999,6.889699609
1813,Si,sc4,1.1000000238418579,31.544483270000001,17.721864404000002,10.845407044
1814,Si,sc4,1.1000000238418579,29.311737699999998,18.118395749000001,2.6039791719999998
1815,Si,sc4,1.1000000238418579,28.702496087,18.339161717,11.800732862
1816,Si,sc4,1.1000000238418579,26.602019167000002,17.883940944999999,3.8860513980000002
1817,Si,sc4,1.1000000238418579,31.615088775,18.105641573,7.8592632099999999
1818,Si,sc4,1.1000000238418579,27.942938504000001,15.177415258,7.2886284029999997
1819,Si,sc4,1.1000000238418579,33.232112082,15.347377658999999,11.449270684
1820,Si,sc4,1.1000000238418579,30.931575545000001,15.655217753000001,2.8093974570000002
1821,H,hoy,0.40000000596046448,28.887920297000001,18.298738347,0.54433737000000004
1822,O,oc23,-0.55000001192092896,27.966213972999999,14.448999585999999,22.690121704999999
1823,O,oc23,-0.55000001192092896,31.230496902999999,14.56993424,19.567452956
1824,O,oc23,-0.55000001192092896,26.632974724,18.971534313999999,18.979769807
1825,O,oc23,-0.55000001192092896,32.372542175,19.993488961000001,23.732271181000002
1826,O,oc23,-0.55000001192092896,29.881872674,18.910766280000001,14.853255019000001
1827,O,oc23,-0.55000001192092896,29.715887715000001,19.002203934000001,23.856008727999999
1828,O,oc23,-0.55000001192092896,27.351574793000001,18.497628347999999,15.594943326999999
1829,O,oc23,-0.55000001192092896,32.994579727999998,17.906093684999998,19.804622234
1830,O,oc23,-0.55000001192092896,27.532106858999999,16.12334457,20.784503298000001
1831,O,oc23,-0.55000001192092896,30.857232343,15.664899955999999,17.136666069
1832,O,oc23,-0.55000001192092896,27.790457588999999,17.156452291000001,23.226078320999999
1833,O,oc23,-0.55000001192092896,25.120052091000002,17.606991388000001,14.522041766999999
1834,O,oc23,-0.55000001192092896,30.491596977,17.160918854999998,19.415984307999999
1835,O,oc23,-0.55000001192092896,26.520135625000002,16.432358814000001,18.430371699999998
1836,O,oc23,-0.55000001192092896,31.899515028,17.319313647000001,23.729911534999999
1837,O,oc23,-0.55000001192092896,29.064092856999999,16.472436045999999,15.349512113999999
1838,O,oc23,-0.55000001192092896,31.507971645000001,15.963627607999999,14.568034903999999
1839,O,oc23,-0.55000001192092896,25.585241452999998,15.763975369000001,22.468762998999999
1840,O,oc23,-0.55000001192092896,28.842462703999999,15.21279017,18.693396197999999
1841,O,oc23,-0.55000001192092896,25.185041205000001,18.154902996000001,17.035674343
1842,O,oc23,-0.55000001192092896,31.098394741,18.811111644,21.566299796999999
1843,O,oc23,-0.55000001192092896,28.245369820000001,17.791919628999999,13.231944584000001
1844,Si,sc4,1.1000000238418579,33.102333469999998,16.006684318000001,14.376852559
1845,Si,sc4,1.1000000238418579,27.218450069999999,15.880565533,22.338659381999999
1846,Si,sc4,1.1000000238418579,30.383902748000001,15.669574126000001,18.705843627
1847,Si,sc4,1.1000000238418579,25.679555825000001,17.789419498000001,18.498137438000001
1848,Si,sc4,1.1000000238418579,31.291111642000001,18.786724424999999,23.227986463000001
1849,Si,sc4,1.1000000238418579,28.619080880999999,17.915614899000001,14.777614622
1850,Si,sc4,1.1000000238418579,28.114147708000001,18.785480153999998,23.369207663000001
1851,Si,sc4,1.1000000238418579,25.736229684000001,18.600168512,15.608857253
1852,Si,sc4,1.1000000238418579,31.464343552999999,18.360124934000002,19.998876505999998
1853,Si,sc4,1.1000000238418579,27.387298860000001,15.447382429999999,19.330307573999999
1854,Si,sc4,1.1000000238418579,32.698925916999997,15.880467691,23.496424425000001
1855,Si,sc4,1.1000000238418579,30.340223502000001,15.509065168999999,15.58121944
1856,O,oc23,-0.55000001192092896,28.178073699999999,19.85602875,11.628361514
1857,O,oc23,-0.55000001192092896,31.263391324000001,19.642861023999998,7.697572868
1858,O,oc23,-0.55000001192092896,27.077466250000001,23.75091067,7.8768127970000004
1859,O,oc23,-0.55000001192092896,32.582291855999998,23.612210151999999,11.485556028
1860,O,oc23,-0.55000001192092896,29.280611109999999,23.728224470000001,2.9695255669999998
1861,O,oc23,-0.55000001192092896,30.383552322,22.922184676000001,10.397855531999999
1862,O,oc23,-0.55000001192092896,27.368057684,22.971762011999999,4.3213501430000001
1863,O,oc23,-0.55000001192092896,33.425251179,22.887509884,6.4569408050000003
1864,O,oc23,-0.55000001192092896,28.221967841000001,20.627179425000001,9.1494918009999999
1865,O,oc23,-0.55000001192092896,31.135234942,20.428623085000002,5.2462090139999997
1866,O,oc23,-0.55000001192092896,27.950874921,22.425351582000001,11.031468370000001
1867,O,oc23,-0.55000001192092896,25.560007501000001,21.380487957,4.1511017670000001
1868,O,oc23,-0.55000001192092896,30.98872974,22.158324375999999,7.1210124180000003
1869,O,oc23,-0.55000001192092896,26.543439786,21.208819563999999,7.2723065440000001
1870,O,oc23,-0.55000001192092896,32.210914109999997,21.116442679999999,10.941518317
1871,O,oc23,-0.55000001192092896,29.184444183,21.228565642,3.8044115289999998
1872,O,oc23,-0.55000001192092896,31.681735970999998,21.153876748999998,2.819426999
1873,O,oc23,-0.55000001192092896,26.02547689,20.793980536999999,10.433529239
1874,O,oc23,-0.55000001192092896,29.015215827999999,20.498989000000002,6.7077411830000004
1875,O,oc23,-0.55000001192092896,25.516395684999999,23.19380318,5.984137746
1876,O,oc23,-0.55000001192092896,32.613648314000002,22.789811877999998,9.0107002170000001
1877,Si,sc4,1.1000000238418579,33.195850647999997,20.913611175,2.3989159280000001
1878,Si,sc4,1.1000000238418579,27.605073607000001,20.931340548000001,10.574461867
1879,Si,sc4,1.1000000238418579,30.601328034000002,20.682487395999999,6.7067971919999998
1880,Si,sc4,1.1000000238418579,25.967084641,22.714175610000002,7.3826731089999997
1881,Si,sc4,1.1000000238418579,31.945103802999999,22.599912236000002,10.452007859
1882,Si,sc4,1.1000000238418579,28.290637542999999,22.400169000999998,3.2126649500000002
1883,Si,sc4,1.1000000238418579,29.165897083000001,23.418580914,11.312429558
1884,Si,sc4,1.1000000238418579,25.828215407999998,22.901308404000002,4.5169074120000001
1885,Si,sc4,1.1000000238418579,32.215162241000002,23.090781150000002,7.5006879910000004
1886,Si,sc4,1.1000000238418579,27.774819815000001,20.248483051000001,7.6772054000000001
1887,Si,sc4,1.1000000238418579,33.398711640000002,20.119118496999999,11.280860148
1888,Si,sc4,1.1000000238418579,30.602578779000002,20.492187338000001,3.7721089210000001
1889,O,oc23,-0.55000001192092896,28.164812759,19.558491333999999,21.996935824000001
1890,O,oc23,-0.55000001192092896,31.312829728000001,19.673872920000001,19.060533617000001
1891,O,oc23,-0.55000001192092896,26.698651602000002,23.7049859,19.043517430000001
1892,O,oc23,-0.55000001192092896,31.641048899000001,24.873160610999999,22.533663267000001
1893,O,oc23,-0.55000001192092896,29.572646149000001,24.105712814,15.393128556000001
1894,O,oc23,-0.55000001192092896,30.070254519999999,22.827153685999999,23.336246007
1895,O,oc23,-0.55000001192092896,27.400349493,23.163960078999999,14.204316909999999
1896,O,oc23,-0.55000001192092896,32.797851457999997,22.701604277000001,19.462345131999999
1897,O,oc23,-0.55000001192092896,27.629906640000002,21.022698088999999,19.951088659
1898,O,oc23,-0.55000001192092896,30.919192462000002,20.513585444,16.58997372
1899,O,oc23,-0.55000001192092896,27.667626065,22.204693685999999,22.273495554
1900,O,oc23,-0.55000001192092896,24.893715405999998,22.591404581999999,14.535089127000001
1901,O,oc23,-0.55000001192092896,30.399942921000001,22.099946148000001,18.550289304
1902,O,oc23,-0.55000001192092896,26.614005919,21.381024861,17.727931858000002
1903,O,oc23,-0.55000001192092896,32.624997114000003,22.356838111999998,22.456942848000001
1904,O,oc23,-0.55000001192092896,29.262623832999999,21.508495837000002,14.835790471999999
1905,O,oc23,-0.55000001192092896,31.632107752,20.742068229000001,14.146613915
1906,O,oc23,-0.55000001192092896,25.863632247000002,20.297385168999998,21.786815208
1907,O,oc23,-0.55000001192092896,28.884675429000001,20.011301694,18.035951971999999
1908,O,oc23,-0.55000001192092896,26.223993350000001,23.679636685999998,16.493600922999999
1909,O,oc23,-0.55000001192092896,30.737137841999999,23.101515471999999,20.913158674999998
1910,O,oc23,-0.55000001192092896,29.582878873999999,23.287016963999999,12.871927051
1911,Si,sc4,1.1000000238418579,33.207709774000001,20.870032268999999,14.215255446
1912,Si,sc4,1.1000000238418579,27.353223620000001,20.811968607000001,21.462945560000001
1913,Si,sc4,1.1000000238418579,30.382536025,20.563471696000001,18.079251113000002
1914,Si,sc4,1.1000000238418579,25.994399642000001,22.866958205,17.858941730000002
1915,Si,sc4,1.1000000238418579,31.288397580000002,23.284960411,22.38018916
1916,Si,sc4,1.1000000238418579,28.978251149999998,23.016993742,14.345426380999999
1917,Si,sc4,1.1000000238418579,28.464915931,23.015253678000001,23.456151625
1918,Si,sc4,1.1000000238418579,26.051505987999999,23.629560552000001,14.902540704
1919,Si,sc4,1.1000000238418579,31.244161481999999,23.148318171,19.425152803
1920,Si,sc4,1.1000000238418579,27.427136255000001,20.313108101000001,18.596672903000002
1921,Si,sc4,1.1000000238418579,33.441829466000002,21.135326698,23.143997849000002
1922,Si,sc4,1.1000000238418579,30.402721614000001,20.415081811,15.090152365
1923,O,oc23,-0.55000001192092896,28.747250602000001,24.942204834999998,10.930126996
1924,O,oc23,-0.55000001192092896,31.690163352999999,24.571224761,7.4246191760000002
1925,O,oc23,-0.55000001192092896,27.283023598,28.61796623,7.0362042560000004
1926,O,oc23,-0.55000001192092896,32.674600900999998,28.615314998999999,11.220257387
1927,O,oc23,-0.55000001192092896,30.714925995000002,28.697934412999999,3.0480101789999998
1928,O,oc23,-0.55000001192092896,30.246220375,27.989725611000001,10.406818967
1929,O,oc23,-0.55000001192092896,28.542052568999999,27.504024861000001,2.008287546
1930,O,oc23,-0.55000001192092896,33.296747074000002,27.862535816000001,6.3250100309999997
1931,O,oc23,-0.55000001192092896,27.240126698000001,26.001024044000001,9.0349656300000003
1932,O,oc23,-0.55000001192092896,30.037499004000001,24.697933116000002,5.4770457009999998
1933,O,oc23,-0.55000001192092896,27.786676033999999,27.404693251000001,11.072859482
1934,O,oc23,-0.55000001192092896,26.446181388999999,26.065521844999999,2.7647182240000001
1935,O,oc23,-0.55000001192092896,30.906767102,26.945921855999998,6.7889606349999996
1936,O,oc23,-0.55000001192092896,27.158215366,26.073972724000001,6.4146460779999996
1937,O,oc23,-0.55000001192092896,31.958751843999998,26.131444888000001,11.118661856999999
1938,O,oc23,-0.55000001192092896,29.780755856999999,26.315513123999999,3.6292360349999999
1939,O,oc23,-0.55000001192092896,31.765836905,24.964803228000001,3.602651909
1940,O,oc23,-0.55000001192092896,26.188588883000001,25.360785409999998,11.227665609000001
1941,O,oc23,-0.55000001192092896,29.226073886999998,25.220877977000001,7.7912130289999997
1942,O,oc23,-0.55000001192092896,27.253251987999999,27.912258385000001,4.3974502019999999
1943,O,oc23,-0.55000001192092896,32.381427520000003,27.435520150999999,8.8810799669999998
1944,Si,sc4,1.1000000238418579,32.672404882999999,25.744261117000001,2.526505078
1945,Si,sc4,1.1000000238418579,27.504299206999999,25.925868354999999,10.583387447
1946,Si,sc4,1.1000000238418579,30.471033052999999,25.389837792000002,6.8586387560000004
1947,Si,sc4,1.1000000238418579,26.720795333000002,27.568391570999999,5.9242518730000002
1948,Si,sc4,1.1000000238418579,31.805320201000001,27.546842424000001,10.396400660999999
1949,Si,sc4,1.1000000238418579,30.094167054,27.321223602,2.4859236610000002
1950,Si,sc4,1.1000000238418579,28.977582463000001,28.411973110999998,11.331729600999999
1951,Si,sc4,1.1000000238418579,27.070300637999999,27.554801387000001,2.7993965749999998
1952,Si,sc4,1.1000000238418579,32.055771874999998,27.925903498,7.3845466139999996
1953,Si,sc4,1.1000000238418579,27.649954576999999,25.251207002000001,7.7338208100000001
1954,Si,sc4,1.1000000238418579,33.079818643999999,25.109253629000001,11.597533688
1955,Si,sc4,1.1000000238418579,30.188369484999999,24.834347051000002,3.9151329430000001
1956,O,oc23,-0.55000001192092896,28.154049105999999,24.600398510000002,23.355918371000001
1957,O,oc23,-0.55000001192092896,31.097273884,24.671045221,18.910397392
1958,O,oc23,-0.55000001192092896,26.562146501000001,28.840759066,19.028556643999998
1959,O,oc23,-0.55000001192092896,32.408744830000003,29.945486659,23.694653517999999
1960,O,oc23,-0.55000001192092896,29.493552992000001,29.065516465999998,15.287124631999999
1961,O,oc23,-0.55000001192092896,29.654237643999998,29.086149573,23.766464956
1962,O,oc23,-0.55000001192092896,27.097235584,28.284509628999999,14.455050245000001
1963,O,oc23,-0.55000001192092896,32.838148588999999,27.838506397,19.786753440999998
1964,O,oc23,-0.55000001192092896,27.798637134,25.24032085,20.909099416
1965,O,oc23,-0.55000001192092896,30.462830842999999,26.158253713000001,16.937892078000001
1966,O,oc23,-0.55000001192092896,28.131782966999999,27.228192631999999,22.630900542999999
1967,O,oc23,-0.55000001192092896,24.628355225,27.428826139000002,14.660268402
1968,O,oc23,-0.55000001192092896,30.321444512999999,27.187806991999999,19.471692217000001
1969,O,oc23,-0.55000001192092896,26.08667475,26.272785872,19.165811830999999
1970,O,oc23,-0.55000001192092896,31.696530479,27.343484281999999,23.560628977
1971,O,oc23,-0.55000001192092896,29.020342005,26.552332116999999,14.812500038
1972,O,oc23,-0.55000001192092896,31.444758076999999,25.696662494000002,14.517604607999999
1973,O,oc23,-0.55000001192092896,25.912432470999999,25.725814616000001,22.602306800000001
1974,O,oc23,-0.55000001192092896,28.554018406000001,25.450751674999999,18.477716964999999
1975,O,oc23,-0.55000001192092896,25.959160787999998,27.64177961,16.869486690999999
1976,O,oc23,-0.55000001192092896,31.063355658999999,28.950579848,21.502022401000001
1977,O,oc23,-0.55000001192092896,29.311400757000001,28.287804550000001,12.889770035
1978,Si,sc4,1.1000000238418579,33.038162223999997,25.857564726,14.478492497
1979,Si,sc4,1.1000000238418579,27.496325722000002,25.727271524999999,22.404797816999999
1980,Si,sc4,1.1000000238418579,30.111913169000001,25.88194537,18.481416505999999
1981,Si,sc4,1.1000000238418579,25.648109626,27.677921072,18.478370138999999
1982,Si,sc4,1.1000000238418579,31.222159784999999,28.854583636000001,23.157722614000001
1983,Si,sc4,1.1000000238418579,28.703337827999999,28.041787821,14.364394758
1984,Si,sc4,1.1000000238418579,28.100554965000001,28.765967429,23.224467315999998
1985,Si,sc4,1.1000000238418579,25.752936623,28.309437143,15.388990853999999
1986,Si,sc4,1.1000000238418579,31.337509383,28.379183895000001,19.960972389999998
1987,Si,sc4,1.1000000238418579,27.267923346,25.174420833999999,19.401603539
1988,Si,sc4,1.1000000238418579,32.570690259999999,26.005052829,23.235090446000001
1989,Si,sc4,1.1000000238418579,30.139579222999998,25.619938579999999,15.444018153
1990,O,oc23,-0.55000001192092896,28.532919565,29.915132981999999,10.980592564
1991,O,oc23,-0.55000001192092896,31.543003904999999,29.436487483000001,7.5685406259999999
1992,O,oc23,-0.55000001192092896,27.285880007999999,33.745117149999999,6.9806824389999997
1993,O,oc23,-0.55000001192092896,32.853389677999999,33.607421068000001,11.051786724999999
1994,O,oc23,-0.55000001192092896,30.300696015,33.659567750999997,3.2864009749999998
1995,O,oc23,-0.55000001192092896,30.347839033,32.988861876000001,11.546150096
1996,O,oc23,-0.55000001192092896,28.372160579999999,32.327533559999999,2.0608983159999998
1997,O,oc23,-0.55000001192092896,33.282943512999999,32.918528137999999,7.5417449760000004
1998,O,oc23,-0.55000001192092896,26.93499023,30.489149531999999,8.9242433939999994
1999,O,oc23,-0.55000001192092896,30.363578073999999,29.712123931000001,5.5261285720000002
2000,O,oc23,-0.55000001192092896,27.998989726000001,32.373147836999998,10.496458709000001
2001,O,oc23,-0.55000001192092896,25.991314809999999,31.138669629999999,2.867663104
2002,O,oc23,-0.55000001192092896,31.018823214000001,31.951981137000001,6.7532342879999998
2003,O,oc23,-0.55000001192092896,26.951270193999999,31.175119038999998,6.3483931379999996
2004,O,oc23,-0.55000001192092896,32.011088559000001,31.124631268000002,10.808517031999999
2005,O,oc23,-0.55000001192092896,29.850049352999999,31.139456118999998,3.5899264820000001
2006,O,oc23,-0.55000001192092896,32.219697267000001,30.558512476000001,3.8575623530000001
2007,O,oc23,-0.55000001192092896,26.109712396999999,30.849536736000001,11.385840635999999
2008,O,oc23,-0.55000001192092896,29.105062536999998,30.383571108999998,7.6523451490000003
2009,O,oc23,-0.55000001192092896,27.028395801999999,32.997861194999999,4.4035770300000001
2010,O,oc23,-0.55000001192092896,31.19858425,32.968646231000001,9.1181769409999998
2011,Si,sc4,1.1000000238418579,32.888764438999999,30.967096098999999,2.4777649839999998
2012,Si,sc4,1.1000000238418579,27.383275385000001,30.894592911,10.427154594999999
2013,Si,sc4,1.1000000238418579,30.501836698000002,30.417552419,6.906832809
2014,Si,sc4,1.1000000238418579,26.553198543000001,32.702128541999997,5.9660317230000004
2015,Si,sc4,1.1000000238418579,31.616410220999999,32.670318584,10.633250938
2016,Si,sc4,1.1000000238418579,29.979132246999999,32.264938168999997,2.5236270470000002
2017,Si,sc4,1.1000000238418579,28.793165573,33.362996543999998,11.48670926
2018,Si,sc4,1.1000000238418579,26.843558739999999,32.554681973999998,2.8161460040000001
2019,Si,sc4,1.1000000238418579,31.700888680999999,33.139022177000001,7.6094877820000004
2020,Si,sc4,1.1000000238418579,27.537699925999998,30.165557991,7.4690237499999999
2021,Si,sc4,1.1000000238418579,33.180301772999997,30.137027102000001,11.283714177
2022,Si,sc4,1.1000000238418579,30.757545956000001,29.96193955,4.05926411
2023,O,oc23,-0.55000001192092896,28.052249625999998,29.740064645,21.991970916
2024,O,oc23,-0.55000001192092896,31.184630628000001,29.617193393000001,18.926264715999999
2025,O,oc23,-0.55000001192092896,26.658149989999998,33.628722885999998,18.729063604
2026,O,oc23,-0.55000001192092896,31.451702465,34.364961954000002,23.283891480000001
2027,O,oc23,-0.55000001192092896,29.851132544999999,34.038966199999997,14.870541254000001
2028,O,oc23,-0.55000001192092896,29.766267532000001,32.540783329999996,22.881399694999999
2029,O,oc23,-0.55000001192092896,27.390995373999999,33.288655007000003,15.406499105
2030,O,oc23,-0.55000001192092896,32.630778141,32.528284481,19.296453375999999
2031,O,oc23,-0.55000001192092896,27.304077925000001,31.024703363,19.964197566999999
2032,O,oc23,-0.55000001192092896,30.620103060999998,30.903029197999999,16.692637353999999
2033,O,oc23,-0.55000001192092896,27.256443402999999,32.219569153999998,22.236063066
2034,O,oc23,-0.55000001192092896,25.231520662000001,32.313695101,14.353093061999999
2035,O,oc23,-0.55000001192092896,30.155441009,32.052734887,18.949607872000001
2036,O,oc23,-0.55000001192092896,26.337081759,31.210445328999999,17.794047413000001
2037,O,oc23,-0.55000001192092896,32.491227979999998,32.166274784000002,22.348996677999999
2038,O,oc23,-0.55000001192092896,29.088326813999998,31.517231177999999,14.654735922
2039,O,oc23,-0.55000001192092896,31.450494505000002,30.512841633000001,14.258570733999999
2040,O,oc23,-0.55000001192092896,25.633034966,30.279981195000001,21.894590892
2041,O,oc23,-0.55000001192092896,28.70506902,30.040512671999998,18.106178421999999
2042,O,oc23,-0.55000001192092896,25.192408008000001,33.241850882000001,16.707724441
2043,O,oc23,-0.55000001192092896,30.916422362999999,33.617739759999999,20.903201328000002
2044,O,oc23,-0.55000001192092896,28.213130083999999,33.264302843999999,12.967757478999999
2045,Si,sc4,1.1000000238418579,33.013648936000003,30.82606028,14.247248247
2046,Si,sc4,1.1000000238418579,27.060448006000001,30.839139354,21.469904841999998
2047,Si,sc4,1.1000000238418579,30.172729044,30.644973920000002,18.193050289999999
2048,Si,sc4,1.1000000238418579,25.620845731999999,32.613407791,18.068029066000001
2049,Si,sc4,1.1000000238418579,31.165191521000001,33.119293771000002,22.382810186
2050,Si,sc4,1.1000000238418579,28.654495496999999,33.038770239999998,14.484234812
2051,Si,sc4,1.1000000238418579,28.266553535,33.109406352999997,23.067855719000001
2052,Si,sc4,1.1000000238418579,25.822517889,33.472246783000003,15.295541794
2053,Si,sc4,1.1000000238418579,31.176117631,33.188814917999998,19.401961929999999
2054,Si,sc4,1.1000000238418579,27.231769368999998,30.232229973999999,18.64930622
2055,Si,sc4,1.1000000238418579,33.462673291000002,31.089169567999999,23.079736076
2056,Si,sc4,1.1000000238418579,30.178537677000001,30.506175348999999,15.220818988
2057,O,oc23,-0.55000001192092896,0.72474390700000002,-0.024458916000000001,3.164229701
2058,O,oc24,-0.67500001192092896,33.794035696000002,0.18734846999999999,0.58078455399999995
2059,H,hoy,0.40000000596046448,34.717232995000003,0.0086230869999999998,0.59257464900000001
2060,O,oc23,-0.55000001192092896,0.43291183599999999,0.075956075999999997,15.17041704
2061,O,oc23,-0.55000001192092896,33.836863843000003,0.58034860899999996,12.649840040000001
2062,O,oc23,-0.55000001192092896,0.037704641999999997,5.0494134759999998,2.2982903160000001
2063,O,oc23,-0.55000001192092896,0.43737268899999998,5.0525525289999997,15.061084382000001
2064,O,oc23,-0.55000001192092896,32.285761125999997,5.6559011119999996,12.947210502000001
2065,O,oc23,-0.55000001192092896,0.19738197599999999,9.9497875229999995,3.152786404
2066,O,oc24,-0.67500001192092896,33.684041249000003,10.363605197,0.57012638800000004
2067,H,hoy,0.40000000596046448,33.121279266000002,10.661918372000001,-0.11667870499999999
2068,O,oc23,-0.55000001192092896,0.40022428300000001,10.098699344,14.904194987
2069,O,oc23,-0.55000001192092896,32.075759198,10.838470016,13.100446120000001
2070,O,oc23,-0.55000001192092896,1.4088621299999999,14.656033969999999,3.2234556259999998
2071,O,oc23,-0.55000001192092896,2.0612293940000002,16.836402080999999,1.8487584770000001
2072,O,oc23,-0.55000001192092896,0.38237186699999998,15.070456813,15.445232158
2073,O,oc23,-0.55000001192092896,33.579573134999997,15.404705719000001,12.984412524
2074,O,oc23,-0.55000001192092896,0.31779000800000001,19.43133405,2.8345768730000001
2075,O,oc24,-0.67500001192092896,33.330046199999998,21.114699047999999,0.78258575600000002
2076,H,hoy,0.40000000596046448,32.591628935999999,21.626774881999999,0.50905431099999998
2077,O,oc23,-0.55000001192092896,0.30879446199999999,19.928160857999998,15.424678063
2078,O,oc23,-0.55000001192092896,33.811423935999997,20.351867983999998,12.818440020000001
2079,O,oc23,-0.55000001192092896,0.28195352000000001,24.480677453999999,2.1141365240000001
2080,O,oc23,-0.55000001192092896,31.339628222000002,26.433907212000001,1.752920262
2081,O,oc23,-0.55000001192092896,0.37981516799999998,24.861909423,15.505189739
2082,O,oc23,-0.55000001192092896,33.551043204999999,25.440262569000001,13.056582498999999
2083,O,oc23,-0.55000001192092896,0.37311006699999999,29.516998490999999,2.0728101880000001
2084,O,oc23,-0.55000001192092896,31.389850716000002,31.546827524000001,1.8014471510000001
2085,O,oc23,-0.55000001192092896,0.31867321799999998,29.907157733999998,15.383753509
2086,O,oc23,-0.55000001192092896,33.605363146000002,30.483312123000001,12.793928955
2087,O,oc23,-0.55000001192092896,33.805982497999999,2.3917601519999998,2.0428728
2088,O,oc23,-0.55000001192092896,33.601624192000003,2.5526446100000002,14.370632047999999
2089,O,oc23,-0.55000001192092896,33.417543805999998,7.4009694499999998,3.5835928080000001
2090,O,oc23,-0.55000001192092896,33.388211579999997,7.5264815049999996,14.430534279
2091,O,oc23,-0.55000001192092896,33.817783556999998,12.373545352000001,2.2871416679999999
2092,O,oc23,-0.55000001192092896,33.264590267000003,12.610971236999999,14.64378883
2093,O,oc23,-0.55000001192092896,33.871273049000003,16.997852879,3.6976061059999998
2094,O,oc23,-0.55000001192092896,33.643556580999999,17.480388926,14.595455544
2095,O,oc23,-0.55000001192092896,34.054213040999997,22.019712770000002,3.108189984
2096,O,oc23,-0.55000001192092896,33.619978598000003,22.397799572,14.518553977
2097,O,oc23,-0.55000001192092896,0.29096386099999999,26.936619965999999,3.0970482189999999
2098,O,oc23,-0.55000001192092896,0.077990044999999994,27.381903528999999,14.718590308
2099,O,oc23,-0.55000001192092896,33.947602580999998,32.206171799000003,2.62327076
2100,O,oc23,-0.55000001192092896,33.256867040000003,32.386978653,14.568402894
