id,element,ff_type,charge,x,y,z
1,O,oc23,-0.55000001192092896,3.4662407690000001,0.025726704,11.279426463
2,O,oc23,-0.55000001192092896,9.5539621459999999,0.16189766999999999,2.96830134
3,O,oc23,-0.55000001192092896,6.5069514069999999,-0.028617614999999999,7.053127484
4,O,oc23,-0.55000001192092896,2.3292278089999998,3.8409800609999998,6.9686067920000001
5,O,oc23,-0.55000001192092896,7.6107909300000003,3.6644604630000002,11.237001978
6,O,oc23,-0.55000001192092896,5.5126551340000001,3.6959656750000001,3.037312467
7,O,oc23,-0.55000001192092896,5.1491057979999999,2.8476959129999999,11.56873478
8,O,oc23,-0.55000001192092896,2.8893911729999999,2.9468397099999999,3.4613958619999998
9,O,oc23,-0.55000001192092896,8.2702835290000003,2.9640943129999999,7.5911536990000004
10,O,oc23,-0.55000001192092896,3.2324107249999998,0.73925112400000004,8.6306077289999994
11,O,oc24,-0.67500001192092896,9.1117640289999997,1.30300539,0.58219336700000002
12,O,oc23,-0.55000001192092896,6.2407815910000002,0.852404826,4.5750466459999997
13,O,oc23,-0.55000001192092896,2.7294109889999998,2.4813510089999999,10.581524317
14,O,oc23,-0.55000001192092896,5.8859588260000004,2.4524665369999998,6.6118653289999996
15,O,oc23,-0.55000001192092896,1.537402479,1.3356362239999999,6.6030925419999997
16,O,oc23,-0.55000001192092896,7.0004803530000004,1.2696462129999999,10.691708763999999
17,O,oc23,-0.55000001192092896,4.654694213,1.2029974480000001,2.6478231679999999
18,O,oc23,-0.55000001192092896,7.1124664820000003,0.51020438400000001,2.1230612510000002
19,O,oc23,-0.55000001192092896,1.0641372170000001,0.49224571499999997,10.138560284
20,O,oc23,-0.55000001192092896,4.0520013600000002,0.59045889399999996,6.0835289340000003
21,O,oc23,-0.55000001192092896,0.73383174200000001,3.2754517390000002,4.995201432
22,O,oc23,-0.55000001192092896,6.0569513219999997,3.127001285,9.1091877639999996
23,O,oc24,-0.67500001192092896,3.8840450409999998,3.0913384129999999,1.066840271
24,Si,sc4,1.1000000238418579,8.6197103449999997,1.166822268,2.1121802629999999
25,Si,sc4,1.1000000238418579,2.6424134349999999,0.95661242899999999,10.124942344000001
26,Si,sc4,1.1000000238418579,5.6255522530000004,0.945599509,6.0967010410000002
27,Si,sc4,1.1000000238418579,1.097607148,2.8618037080000001,6.508927881
28,Si,sc4,1.1000000238418579,6.4633255780000001,2.7163362169999998,10.627156467000001
29,Si,sc4,1.1000000238418579,4.2736842079999997,2.7290010869999999,2.5886913649999999
30,Si,sc4,1.1000000238418579,3.5952870749999999,3.3704937020000001,11.628835563999999
31,Si,sc4,1.1000000238418579,1.3274332120000001,3.4748021179999999,3.4761852150000001
32,Si,sc4,1.1000000238418579,6.6583985180000003,3.3674964580000002,7.6318099689999999
33,Si,sc4,1.1000000238418579,2.823917249,0.40708416800000002,7.0257613650000001
34,Si,sc4,1.1000000238418579,8.2658118710000004,0.50816560600000005,11.193399983000001
35,Si,sc4,1.1000000238418579,5.8897564400000002,0.36162124400000001,3.1149851659999999
36,H,hoy,0.40000000596046448,4.1345451620000002,2.3673949250000001,0.52457021500000001
37,H,hoy,0.40000000596046448,8.8673074780000007,0.51797225800000002,0.12697889500000001
38,O,oc23,-0.55000001192092896,2.772259343,-0.045010410000000001,23.283726573999999
39,O,oc23,-0.55000001192092896,8.8529061270000007,0.082309493999999997,15.253209661
40,O,oc23,-0.55000001192092896,5.8853248120000003,-0.042506031,19.193407987000001
41,O,oc23,-0.55000001192092896,1.8576293800000001,3.8461727219999999,19.006298126000001
42,O,oc23,-0.55000001192092896,7.1827589060000001,3.8188498389999999,23.000966263999999
43,O,oc23,-0.55000001192092896,4.6773012019999998,3.6741491210000001,14.937124955
44,O,oc23,-0.55000001192092896,4.7407169720000004,3.2129746560000001,23.730097287
45,O,oc23,-0.55000001192092896,2.2741646310000001,3.0350123930000001,15.603601159
46,O,oc23,-0.55000001192092896,7.5976760560000001,2.9820146830000001,19.564160545
47,O,oc23,-0.55000001192092896,2.7423259629999999,0.62759598100000002,20.659133122
48,O,oc23,-0.55000001192092896,8.609431871,0.95362219500000001,12.674705898999999
49,O,oc23,-0.55000001192092896,5.5628650029999998,0.87045061000000001,16.700145374000002
50,O,oc23,-0.55000001192092896,2.403043856,2.4896977499999999,22.56677453
51,O,oc23,-0.55000001192092896,5.182700294,2.4558330160000001,18.679606078999999
52,O,oc23,-0.55000001192092896,1.0102097919999999,1.2974710169999999,19.010748663000001
53,O,oc23,-0.55000001192092896,6.4182815489999996,1.3275752380000001,22.859749028
54,O,oc23,-0.55000001192092896,3.9576940060000001,1.3075882430000001,14.573574033
55,O,oc23,-0.55000001192092896,6.5156678450000003,0.65350060600000004,14.204524814999999
56,O,oc23,-0.55000001192092896,0.56183762999999998,0.64801855399999997,22.204074302999999
57,O,oc23,-0.55000001192092896,3.4561621969999998,0.59455735300000001,18.314484493999998
58,O,oc23,-0.55000001192092896,0.178873752,3.0016495810000001,17.078097617000001
59,O,oc23,-0.55000001192092896,5.5086839740000002,2.9964395220000002,21.191396661999999
60,O,oc23,-0.55000001192092896,3.0165021219999999,3.1119176909999999,13.100517512
61,Si,sc4,1.1000000238418579,8.0519708960000003,1.055773493,14.163474903999999
62,Si,sc4,1.1000000238418579,2.161339119,0.89910846499999997,22.176709645999999
63,Si,sc4,1.1000000238418579,5.0141204669999997,0.93465280299999998,18.206132161999999
64,Si,sc4,1.1000000238418579,0.66091475200000005,2.88056745,18.644973447999998
65,Si,sc4,1.1000000238418579,5.9802617040000001,2.814009306,22.690053038999999
66,Si,sc4,1.1000000238418579,3.4962079639999999,2.8082238419999999,14.586144214999999
67,Si,sc4,1.1000000238418579,3.0574469440000001,3.406355214,23.700962952000001
68,Si,sc4,1.1000000238418579,0.66929267699999995,3.3838066819999999,15.618004430999999
69,Si,sc4,1.1000000238418579,6.0140730070000004,3.3583655480000001,19.686457633
70,Si,sc4,1.1000000238418579,2.2211382510000002,0.28443359899999998,19.257961259999998
71,Si,sc4,1.1000000238418579,7.6084950559999998,0.29036521799999998,23.311093182
72,Si,sc4,1.1000000238418579,5.1991822140000004,0.41673790199999999,15.173534123
73,O,oc24,-0.67500001192092896,8.2142869839999992,0.66340523500000004,24.771187343000001
74,O,oc24,-0.67500001192092896,2.5733691460000001,3.0775409100000002,25.238571771
75,O,oc24,-0.67500001192092896,7.9827597749999999,5.6712419179999998,24.688172438999999
76,O,oc24,-0.67500001192092896,2.925297703,8.0856042099999996,25.137879591000001
77,O,oc24,-0.67500001192092896,7.9024658539999999,10.517670575,24.633767015
78,O,oc24,-0.67500001192092896,2.4106520140000001,12.962248352,25.030118453
79,O,oc24,-0.67500001192092896,8.1188796790000008,15.52918786,24.699237320999998
80,O,oc24,-0.67500001192092896,2.6167843830000002,18.051377726999998,25.230257988000002
81,O,oc24,-0.67500001192092896,8.1344972900000005,20.521013641,24.687780261
82,O,oc24,-0.67500001192092896,2.5249136289999998,23.497032478000001,25.107240932
83,O,oc24,-0.67500001192092896,8.0856089030000007,25.503569593000002,24.694457042
84,O,oc24,-0.67500001192092896,2.6965735789999998,28.381379147000001,25.288918836000001
85,O,oc24,-0.67500001192092896,7.8806381459999999,30.491422590999999,24.724572798000001
86,O,oc24,-0.67500001192092896,2.57009913,33.088578102,25.262205858000002
87,O,oc24,-0.67500001192092896,16.424798755000001,0.88317812299999998,24.922029523999999
88,O,oc24,-0.67500001192092896,11.023550098999999,3.1466291719999999,25.291865048999998
89,O,oc24,-0.67500001192092896,16.544567085000001,5.8514904789999997,24.630428624
90,O,oc24,-0.67500001192092896,11.075008104,8.1298298590000009,25.170549381000001
91,O,oc24,-0.67500001192092896,16.540261762,10.695932745,24.960786851999998
92,O,oc24,-0.67500001192092896,10.926473972,13.111654092,25.095717532999998
93,O,oc24,-0.67500001192092896,16.413885771,15.571601608,24.871943909999999
94,O,oc24,-0.67500001192092896,10.773668829,18.125436642,24.972766816
95,O,oc24,-0.67500001192092896,16.546736156000001,20.979721085000001,24.367439156
96,O,oc24,-0.67500001192092896,11.128434781999999,23.092344502,25.231239409000001
97,O,oc24,-0.67500001192092896,16.369002607999999,25.652279447000002,24.601163563
98,O,oc24,-0.67500001192092896,11.060258221,28.114700994,25.064751084000001
99,O,oc24,-0.67500001192092896,16.647949530000002,30.590225974999999,24.424660067000001
100,O,oc24,-0.67500001192092896,10.959945395,33.374982033999999,25.292780130000001
101,O,oc24,-0.67500001192092896,24.789817063000001,0.39451699499999998,24.731185191000002
102,O,oc24,-0.67500001192092896,19.528125906,3.541715736,25.269212380999999
103,O,oc24,-0.67500001192092896,24.549313719000001,5.6811743960000003,24.777799736999999
104,O,oc24,-0.67500001192092896,19.345420699000002,8.2250073639999997,25.278966101000002
105,O,oc24,-0.67500001192092896,24.712830452999999,10.49501792,24.756719684
106,O,oc24,-0.67500001192092896,19.432785235000001,13.290508284,25.396615586999999
107,O,oc24,-0.67500001192092896,24.552750816,15.750560702,24.848245434999999
108,O,oc24,-0.67500001192092896,19.178332605000001,18.249888109,25.041314060000001
109,O,oc24,-0.67500001192092896,24.508933789,20.687182968999998,24.702183532999999
110,O,oc24,-0.67500001192092896,18.913400608,22.788514331999998,25.041444786
111,O,oc24,-0.67500001192092896,24.960975770000001,25.402433431999999,24.856428491999999
112,O,oc24,-0.67500001192092896,19.451173109999999,28.020845672,25.160662983999998
113,O,oc24,-0.67500001192092896,24.845413309000001,30.350033045,24.441484696
114,O,oc24,-0.67500001192092896,19.616225400000001,32.850476985999997,25.109990079999999
115,O,oc24,-0.67500001192092896,27.697291313000001,3.3614323810000002,25.093034723999999
116,O,oc24,-0.67500001192092896,27.793166047,8.3917339200000001,25.182137167
117,O,oc24,-0.67500001192092896,27.510546323,13.056694658,25.124654803999999
118,O,oc24,-0.67500001192092896,27.344592988999999,18.293801646999999,25.203088444999999
119,O,oc24,-0.67500001192092896,27.594007326,23.101962273000002,25.276609131000001
120,O,oc24,-0.67500001192092896,27.550526451,28.333529176999999,25.21369481
121,O,oc24,-0.67500001192092896,27.561470265000001,33.113183394000004,24.962488240999999
122,O,oc24,-0.67500001192092896,33.111783793999997,0.77332481799999997,24.707420376999998
123,O,oc24,-0.67500001192092896,33.012237253000002,5.662808192,24.639070196999999
124,O,oc24,-0.67500001192092896,33.017544067999999,10.380567481,24.752725712
125,O,oc24,-0.67500001192092896,33.091393928000002,15.564491104,24.790827458999999
126,O,oc24,-0.67500001192092896,32.970992082000002,20.861123373000002,24.817212646000002
127,O,oc24,-0.67500001192092896,33.100837990999999,25.584284090000001,24.631214930999999
128,O,oc24,-0.67500001192092896,33.029725077999998,30.564750306000001,24.626042474999998
129,H,hoy,0.40000000596046448,33.420282645,24.806302251000002,25.054183388999999
130,H,hoy,0.40000000596046448,28.128482958999999,33.467827604999997,25.621080248999998
131,H,hoy,0.40000000596046448,11.686973352000001,33.618266814000002,25.834884769999999
132,H,hoy,0.40000000596046448,33.473034841999997,29.82926153,25.012695471000001
133,H,hoy,0.40000000596046448,17.266558810999999,29.906703749999998,24.619520213000001
134,H,hoy,0.40000000596046448,27.760063864999999,27.514148958,25.621011151000001
135,H,hoy,0.40000000596046448,11.797268055,28.248042518999998,25.629798563000001
136,H,hoy,0.40000000596046448,7.6735819100000002,24.850643538,25.227483541000002
137,H,hoy,0.40000000596046448,25.553448960000001,29.765009485,24.658199840000002
138,H,hoy,0.40000000596046448,24.51211593,24.869597520999999,25.485890082000001
139,H,hoy,0.40000000596046448,28.038147665,18.323947306000001,25.834607285000001
140,H,hoy,0.40000000596046448,23.744828400999999,15.652360888,25.315113519000001
141,H,hoy,0.40000000596046448,27.817623350000002,9.2746568549999999,25.501174607999999
142,H,hoy,0.40000000596046448,25.328683327,-0.33104578699999998,24.992980111000001
143,H,hoy,0.40000000596046448,16.820858126000001,20.256773011,24.890600630000002
144,H,hoy,0.40000000596046448,32.874525452999997,14.768501954,25.237729742999999
145,H,hoy,0.40000000596046448,32.641460946000002,4.980248016,25.166248881000001
146,H,hoy,0.40000000596046448,3.1051445310000001,23.979962671999999,25.666341166999999
147,H,hoy,0.40000000596046448,3.068477439,13.071229726,25.687238523000001
148,H,hoy,0.40000000596046448,20.124166746,8.3746178970000003,25.779953944999999
149,H,hoy,0.40000000596046448,19.092340257,14.142352912,25.603711227000002
150,H,hoy,0.40000000596046448,10.857785001,18.903692139,25.489529949000001
151,H,hoy,0.40000000596046448,11.405261181,8.8516458320000009,25.665761242999999
152,H,hoy,0.40000000596046448,8.8189306950000006,-0.012908016,25.030809393999998
153,H,hoy,0.40000000596046448,16.478511627,5.1382638810000003,25.237034076
154,H,hoy,0.40000000596046448,19.593240881,22.474955352999999,25.606240618000001
155,H,hoy,0.40000000596046448,7.6036591979999999,9.7574540970000001,25.098326017000002
156,H,hoy,0.40000000596046448,3.285912347,3.2606585749999999,25.820054501000001
157,H,hoy,0.40000000596046448,2.645453673,33.906910316000001,25.717453280000001
158,H,hoy,0.40000000596046448,10.59248461,23.787101273000001,25.562840606000002
159,H,hoy,0.40000000596046448,20.155791046000001,28.262594089,25.730168843000001
160,H,hoy,0.40000000596046448,24.588249754,19.898591377999999,25.206354016999999
161,H,hoy,0.40000000596046448,19.27623299,19.074777983000001,25.480548573
162,H,hoy,0.40000000596046448,8.3757419879999997,14.728332116000001,25.117479056000001
163,H,hoy,0.40000000596046448,11.447214837000001,3.8272332590000002,25.785594184000001
164,H,hoy,0.40000000596046448,2.9759270459999998,7.1562568320000004,25.239041690000001
165,H,hoy,0.40000000596046448,25.217410195999999,5.1502642740000004,25.168257872000002
166,H,hoy,0.40000000596046448,20.319177410000002,3.6116015969999999,25.768462282000002
167,H,hoy,0.40000000596046448,27.137404518,13.853916621,25.448173212
168,H,hoy,0.40000000596046448,3.0096569990000002,18.641165033,25.841217627999999
169,H,hoy,0.40000000596046448,11.151629605,13.847999366,25.632107316999999
170,H,hoy,0.40000000596046448,16.509968835999999,14.743062589999999,25.306467033000001
171,H,hoy,0.40000000596046448,32.177397458000002,21.115823613,25.251781369
172,H,hoy,0.40000000596046448,3.2947855430000001,28.906524901000001,25.783554365000001
173,H,hoy,0.40000000596046448,16.914611917999999,0.19048490100000001,25.327150109000002
174,H,hoy,0.40000000596046448,33.543033757000003,0.025890379000000002,25.076202514999999
175,H,hoy,0.40000000596046448,8.4078338380000002,4.928828363,25.072170105000001
176,H,hoy,0.40000000596046448,8.4704810199999994,19.708353685999999,25.018598602000001
177,H,hoy,0.40000000596046448,8.6530309120000002,30.005064571999998,24.955773331
178,H,hoy,0.40000000596046448,16.970151438999999,9.9146917339999998,25.268058702000001
179,H,hoy,0.40000000596046448,17.086978953999999,25.097164457000002,24.857517074
180,H,hoy,0.40000000596046448,23.992501035,10.154795715000001,25.252045063000001
181,H,hoy,0.40000000596046448,20.320729954000001,33.173308812999998,25.639123207000001
182,H,hoy,0.40000000596046448,28.101323501,4.0300422960000004,25.612591378000001
183,H,hoy,0.40000000596046448,27.733536840999999,23.915245847000001,25.718625352
184,H,hoy,0.40000000596046448,33.397297973999997,9.5790994830000002,25.063030098999999
185,O,oc23,-0.55000001192092896,3.3876867800000001,4.908217702,11.285711065999999
186,O,oc23,-0.55000001192092896,9.6586131149999996,5.0131183999999998,3.1091256660000002
187,O,oc23,-0.55000001192092896,6.5262763780000004,4.9164421430000003,7.1857680220000004
188,O,oc23,-0.55000001192092896,2.4968837800000001,8.8415194800000005,6.9409787329999997
189,O,oc23,-0.55000001192092896,7.7520433579999999,8.7353978649999995,10.989921081
190,O,oc23,-0.55000001192092896,5.3355957529999998,8.8401599050000002,3.0805286239999998
191,O,oc23,-0.55000001192092896,5.2707594469999997,8.0779717919999996,11.620324717000001
192,O,oc23,-0.55000001192092896,2.970783553,8.0023107800000002,3.5095157079999999
193,O,oc23,-0.55000001192092896,8.2753558829999996,8.2248681860000001,7.6856910259999998
194,O,oc23,-0.55000001192092896,3.2584733930000001,5.6111588909999996,8.7206281800000003
195,O,oc24,-0.67500001192092896,9.2717442129999998,6.0701098959999999,0.68851334900000005
196,O,oc23,-0.55000001192092896,6.3401835520000001,5.5597541890000004,4.659292228
197,O,oc23,-0.55000001192092896,2.994709968,7.3994608839999998,10.553241652000001
198,O,oc23,-0.55000001192092896,5.9471443339999999,7.4288397479999997,6.5404908910000001
199,O,oc23,-0.55000001192092896,1.582554166,6.3535869509999996,6.7402504429999999
200,O,oc23,-0.55000001192092896,6.9325805200000001,6.2076315600000003,10.701660523999999
201,O,oc23,-0.55000001192092896,4.7313971410000004,6.222164158,2.7277152820000001
202,O,oc23,-0.55000001192092896,7.1726942569999999,5.5070595009999996,2.276193819
203,O,oc23,-0.55000001192092896,1.1486643569999999,5.5271337420000002,10.225961337999999
204,O,oc23,-0.55000001192092896,4.1190764780000002,5.5539341909999997,6.1776014029999997
205,O,oc23,-0.55000001192092896,0.82029423899999998,8.1900868570000007,4.9520247849999999
206,O,oc23,-0.55000001192092896,6.0468633010000001,7.9889627470000004,9.0778281609999993
207,O,oc24,-0.67500001192092896,3.9390724160000001,8.0475122270000004,1.0079572379999999
208,Si,sc4,1.1000000238418579,8.7108794570000008,6.0336210479999997,2.2691033969999999
209,Si,sc4,1.1000000238418579,2.695340361,5.9066597180000002,10.206582674
210,Si,sc4,1.1000000238418579,5.7316683509999997,5.8770710499999996,6.14832366
211,Si,sc4,1.1000000238418579,1.1711566600000001,7.8966778440000001,6.5353579440000003
212,Si,sc4,1.1000000238418579,6.4562910149999997,7.7495373689999996,10.618907071000001
213,Si,sc4,1.1000000238418579,4.2321705139999999,7.7555666519999997,2.5927636249999999
214,Si,sc4,1.1000000238418579,3.6795814949999999,8.4029558649999991,11.665366648999999
215,Si,sc4,1.1000000238418579,1.388568993,8.4579506129999995,3.4806764819999998
216,Si,sc4,1.1000000238418579,6.6908084040000002,8.4456832810000009,7.6637588149999996
217,Si,sc4,1.1000000238418579,2.7923150460000001,5.3741036810000002,7.1299885109999996
218,Si,sc4,1.1000000238418579,8.1351979360000009,5.2123610210000004,11.239621375
219,Si,sc4,1.1000000238418579,5.9275123010000001,5.2479436579999996,3.2012538300000002
220,H,hoy,0.40000000596046448,8.562820383,6.3115843030000001,0.12290146
221,H,hoy,0.40000000596046448,3.9398601680000001,7.2212889440000003,0.55955950799999998
222,O,oc23,-0.55000001192092896,2.7507018990000001,4.9662790240000003,23.366152236000001
223,O,oc23,-0.55000001192092896,8.7437499350000003,4.9840178909999997,15.228527814
224,O,oc23,-0.55000001192092896,5.6916266870000003,4.9029549330000002,19.272625984000001
225,O,oc23,-0.55000001192092896,1.8146815730000001,8.760420688,18.939060091999998
226,O,oc23,-0.55000001192092896,7.2662363189999999,8.7513949400000008,22.908784931
227,O,oc23,-0.55000001192092896,4.681591397,8.7586435819999995,15.063676491000001
228,O,oc23,-0.55000001192092896,4.8792122429999996,8.2115201530000004,23.562756316000002
229,O,oc23,-0.55000001192092896,2.2088259629999998,8.0815265239999992,15.572896160999999
230,O,oc23,-0.55000001192092896,7.6640942860000001,7.9585031830000004,19.559446605000002
231,O,oc23,-0.55000001192092896,2.6619360689999998,5.5399240269999996,20.772328169000001
232,O,oc23,-0.55000001192092896,8.4769161460000007,5.6467420480000001,12.698274624
233,O,oc23,-0.55000001192092896,5.546453198,5.4342910910000004,16.635722826999999
234,O,oc23,-0.55000001192092896,2.627764,7.4377964270000003,22.536003193999999
235,O,oc23,-0.55000001192092896,5.3819079319999998,7.4635514890000003,18.430102849000001
236,O,oc23,-0.55000001192092896,0.98451311200000002,6.2365923729999997,18.782065985999999
237,O,oc23,-0.55000001192092896,6.4035883550000001,6.26510034,22.727108978
238,O,oc23,-0.55000001192092896,3.9706427940000002,6.2339786449999997,14.761601903000001
239,O,oc23,-0.55000001192092896,6.343724205,5.4859746669999998,14.170153636
240,O,oc23,-0.55000001192092896,0.533471629,5.8251433940000004,22.135070493000001
241,O,oc23,-0.55000001192092896,3.431935433,5.6965088210000001,18.228131199
242,O,oc23,-0.55000001192092896,0.17573501399999999,8.015867579,17.047656022000002
243,O,oc23,-0.55000001192092896,5.6115865569999999,8.1295509849999998,21.056399641999999
244,O,oc23,-0.55000001192092896,3.1126752149999999,8.1406337519999994,13.151845022
245,Si,sc4,1.1000000238418579,7.9200123570000001,5.869124963,14.141281728999999
246,Si,sc4,1.1000000238418579,2.120625027,5.9210531380000004,22.221685239999999
247,Si,sc4,1.1000000238418579,5.0379005929999998,5.8674174460000001,18.148323958999999
248,Si,sc4,1.1000000238418579,0.61462930000000005,7.79320579,18.569355293000001
249,Si,sc4,1.1000000238418579,6.0666856620000003,7.8018835949999996,22.587070228000002
250,Si,sc4,1.1000000238418579,3.500880268,7.7937978120000002,14.661106788
251,Si,sc4,1.1000000238418579,3.3606216249999998,8.4524094890000008,23.596932381999999
252,Si,sc4,1.1000000238418579,0.65777800200000003,8.3482051960000003,15.612766611
253,Si,sc4,1.1000000238418579,6.1195384969999997,8.4741564530000009,19.544126299999999
254,Si,sc4,1.1000000238418579,2.2510059930000001,5.2993135660000004,19.217369865999999
255,Si,sc4,1.1000000238418579,7.6126061969999999,5.312905679,23.132952683999999
256,Si,sc4,1.1000000238418579,5.1257528529999998,5.1999887859999996,15.132222759999999
257,O,oc23,-0.55000001192092896,3.4097772919999998,9.9501597569999998,11.288395826
258,O,oc23,-0.55000001192092896,9.4834161160000008,9.9812814519999993,3.1994534209999999
259,O,oc23,-0.55000001192092896,6.3710249389999998,9.951379116,7.3082611990000004
260,O,oc23,-0.55000001192092896,2.4123546509999998,13.898794921,7.1846553880000004
261,O,oc23,-0.55000001192092896,7.8668892589999997,13.848854176,11.11267571
262,O,oc23,-0.55000001192092896,5.2760787560000004,13.874573925,3.4330214940000001
263,O,oc23,-0.55000001192092896,5.446176983,13.046413198,11.716171255000001
264,O,oc23,-0.55000001192092896,2.77482921,12.96643094,3.7694545779999999
265,O,oc23,-0.55000001192092896,8.2109500850000003,13.172991790999999,7.6435943310000001
266,O,oc23,-0.55000001192092896,3.2991536699999999,10.544924389,8.7427569680000001
267,O,oc24,-0.67500001192092896,9.1651912049999993,10.848056594999999,0.69538762200000004
268,O,oc23,-0.55000001192092896,6.2653159140000003,10.663834731,4.7781972689999996
269,O,oc23,-0.55000001192092896,3.2429567270000001,12.369470631,10.611443982999999
270,O,oc23,-0.55000001192092896,5.9214554860000002,12.506015978000001,6.6681033559999996
271,O,oc23,-0.55000001192092896,1.6288396169999999,11.316939559,6.9274920059999996
272,O,oc23,-0.55000001192092896,7.0349557540000003,11.294983827999999,10.616354012
273,O,oc23,-0.55000001192092896,4.6360911390000004,11.379253576,2.896599599
274,O,oc23,-0.55000001192092896,7.0678896330000001,10.552486698999999,2.3479284850000002
275,O,oc23,-0.55000001192092896,1.0338358599999999,10.800345803000001,10.321873239
276,O,oc23,-0.55000001192092896,4.1505772390000004,10.707189484000001,6.2505801610000002
277,O,oc23,-0.55000001192092896,0.70533247499999996,13.173514225,5.3222071240000002
278,O,oc23,-0.55000001192092896,6.1193516490000004,13.30939796,9.2177361849999997
279,O,oc24,-0.67500001192092896,3.716788872,13.459082055,1.4342467560000001
280,Si,sc4,1.1000000238418579,8.6521800259999999,10.942537176,2.2593747980000001
281,Si,sc4,1.1000000238418579,2.6963408590000002,10.898485497999999,10.236894518
282,Si,sc4,1.1000000238418579,5.7030829330000001,10.963134370000001,6.2541678090000001
283,Si,sc4,1.1000000238418579,1.2444058229999999,12.858740985000001,6.8165217399999998
284,Si,sc4,1.1000000238418579,6.704894189,12.876968011000001,10.683984224
285,Si,sc4,1.1000000238418579,4.1272515189999996,12.906347913999999,2.8950545449999998
286,Si,sc4,1.1000000238418579,3.883444345,13.34285451,11.697643285
287,Si,sc4,1.1000000238418579,1.1881432409999999,13.333096523,3.812814876
288,Si,sc4,1.1000000238418579,6.6689871610000004,13.476542567999999,7.696428117
289,Si,sc4,1.1000000238418579,2.8676666470000001,10.351292481,7.2198123860000001
290,Si,sc4,1.1000000238418579,8.2082469509999996,10.260087759999999,11.109206594
291,Si,sc4,1.1000000238418579,5.8256609360000002,10.378929552000001,3.2704156819999999
292,H,hoy,0.40000000596046448,3.7903344730000001,12.749191767999999,0.82454063700000002
293,H,hoy,0.40000000596046448,9.3988525200000002,11.714880269,0.42056074999999998
294,O,oc23,-0.55000001192092896,2.8896258819999998,9.9556312929999997,23.291583791000001
295,O,oc23,-0.55000001192092896,8.7187218279999996,9.8779485749999996,15.201620698999999
296,O,oc23,-0.55000001192092896,5.8928532840000001,10.036135984,19.189414016000001
297,O,oc23,-0.55000001192092896,1.6976830110000001,13.767268264,19.128201084000001
298,O,oc23,-0.55000001192092896,7.1914187810000003,13.653305984999999,23.026432465999999
299,O,oc23,-0.55000001192092896,4.7781694779999997,13.725830835,15.175039422999999
300,O,oc23,-0.55000001192092896,4.6593628029999996,12.916141214,23.601449256999999
301,O,oc23,-0.55000001192092896,2.3329314409999999,12.982706370000001,15.662916612
302,O,oc23,-0.55000001192092896,7.5997317500000001,13.095378663,19.616339726
303,O,oc23,-0.55000001192092896,2.7675552130000001,10.438036261000001,20.765651387999998
304,O,oc23,-0.55000001192092896,8.5844370810000008,10.692587296999999,12.628419144
305,O,oc23,-0.55000001192092896,5.6071114809999996,10.637940492,16.634085825
306,O,oc23,-0.55000001192092896,2.4043128770000002,12.400104167,22.458357810999999
307,O,oc23,-0.55000001192092896,5.2672421659999999,12.438718584,18.525164056000001
308,O,oc23,-0.55000001192092896,1.0208870720000001,11.211759987000001,18.879876339999999
309,O,oc23,-0.55000001192092896,6.4267343129999999,11.233785306,22.540324955999999
310,O,oc23,-0.55000001192092896,4.0918780569999997,11.298085196000001,14.769392782000001
311,O,oc23,-0.55000001192092896,6.4292805599999996,10.529380160000001,14.152083207
312,O,oc23,-0.55000001192092896,0.54221554199999999,10.501813715999999,22.245582729999999
313,O,oc23,-0.55000001192092896,3.506620699,10.575349159,18.253466675999999
314,O,oc23,-0.55000001192092896,0.22052071300000001,12.981730051,17.089359562999999
315,O,oc23,-0.55000001192092896,5.4488265990000002,13.273432066,21.140331579000001
316,O,oc23,-0.55000001192092896,3.2271715379999999,13.088130021,13.130894719
317,Si,sc4,1.1000000238418579,8.0555750750000001,10.86865379,14.114569726999999
318,Si,sc4,1.1000000238418579,2.130970134,10.829063055000001,22.173566369
319,Si,sc4,1.1000000238418579,5.0147311710000002,10.938633981000001,18.151203833
320,Si,sc4,1.1000000238418579,0.56977995100000001,12.715330252999999,18.653942811
321,Si,sc4,1.1000000238418579,5.9097054800000004,12.774367373,22.589491585000001
322,Si,sc4,1.1000000238418579,3.5844407249999999,12.780815227,14.690633301
323,Si,sc4,1.1000000238418579,3.0565120860000001,13.310478141999999,23.582726174000001
324,Si,sc4,1.1000000238418579,0.73706794499999995,13.244087478000001,15.593061132000001
325,Si,sc4,1.1000000238418579,5.999246297,13.464379099,19.579480851
326,Si,sc4,1.1000000238418579,2.2377568569999999,10.249527945000001,19.264768767
327,Si,sc4,1.1000000238418579,7.5953667559999998,10.28978133,23.108532288999999
328,Si,sc4,1.1000000238418579,5.2416433219999998,10.289815604999999,15.152257004999999
329,O,oc23,-0.55000001192092896,3.5410593019999999,14.899293436000001,11.309149065
330,O,oc23,-0.55000001192092896,9.4473420069999996,14.963732502999999,3.01433274
331,O,oc23,-0.55000001192092896,6.4337322029999999,15.047688581999999,7.2264247800000003
332,O,oc23,-0.55000001192092896,2.4727226550000001,18.831061147,7.3209621059999996
333,O,oc23,-0.55000001192092896,7.7458262979999999,18.784675655000001,11.143381684
334,O,oc23,-0.55000001192092896,5.4470279279999998,18.857095602000001,3.1367210440000002
335,O,oc23,-0.55000001192092896,5.3656729670000001,18.000983097999999,11.663010654000001
336,O,oc23,-0.55000001192092896,3.0193703479999998,18.074624482000001,3.8953844329999998
337,O,oc23,-0.55000001192092896,8.2412840129999996,18.079990077000001,7.6034614530000004
338,O,oc23,-0.55000001192092896,3.2691188480000002,15.661063498000001,8.7735926919999994
339,O,oc24,-0.67500001192092896,9.0819972329999992,15.862536070000001,0.59068403199999997
340,O,oc23,-0.55000001192092896,6.1874883040000004,15.785306198000001,4.8066243179999999
341,O,oc23,-0.55000001192092896,3.0131644770000001,17.398029858000001,10.690923433
342,O,oc23,-0.55000001192092896,5.8799820699999996,17.584446360000001,6.6684306580000001
343,O,oc23,-0.55000001192092896,1.5603283969999999,16.399169272999998,6.9752845490000004
344,O,oc23,-0.55000001192092896,7.007287915,16.300436516000001,10.607647075999999
345,O,oc23,-0.55000001192092896,4.6429335089999997,16.329572338999998,2.78190413
346,O,oc23,-0.55000001192092896,7.0697215590000004,15.535774891000001,2.238228163
347,O,oc23,-0.55000001192092896,1.1748602909999999,15.392746377,10.381843298
348,O,oc23,-0.55000001192092896,4.0494314930000002,15.718044118,6.2700241879999998
349,O,oc23,-0.55000001192092896,0.82910578000000001,18.277979063,5.3412389740000004
350,O,oc23,-0.55000001192092896,6.2052983570000002,18.282509594,9.1168479169999994
351,O,oc24,-0.67500001192092896,3.7520966950000001,18.361063727000001,1.2829737409999999
352,Si,sc4,1.1000000238418579,8.6046598650000004,15.974058593000001,2.101855837
353,Si,sc4,1.1000000238418579,2.7600465079999998,15.835561649000001,10.289924393
354,Si,sc4,1.1000000238418579,5.6363977949999997,16.074290101999999,6.1944465199999996
355,Si,sc4,1.1000000238418579,1.1381203440000001,17.929015996,6.830466983
356,Si,sc4,1.1000000238418579,6.5708765979999999,17.807597348000002,10.622704954
357,Si,sc4,1.1000000238418579,4.2197567830000002,17.889880183999999,2.8552099470000001
358,Si,sc4,1.1000000238418579,3.753465169,18.362945736,11.710998799
359,Si,sc4,1.1000000238418579,1.417468062,18.381032547,3.8907231740000001
360,Si,sc4,1.1000000238418579,6.7125395179999998,18.501965114000001,7.6009083940000002
361,Si,sc4,1.1000000238418579,2.8283230189999999,15.373334267000001,7.2949051980000004
362,Si,sc4,1.1000000238418579,8.274654988,15.367409886000001,11.095981806999999
363,Si,sc4,1.1000000238418579,5.8062189819999999,15.362565686,3.2991566190000001
364,H,hoy,0.40000000596046448,3.7178335260000002,17.584384144000001,0.75416592999999998
365,H,hoy,0.40000000596046448,8.3214321059999996,15.831029151999999,0.041924573
366,O,oc23,-0.55000001192092896,2.8624612740000002,14.937699086,23.293154454
367,O,oc23,-0.55000001192092896,8.7974103279999998,14.888628719,15.251835087
368,O,oc23,-0.55000001192092896,5.8160934280000003,14.975616578,19.176386293
369,O,oc23,-0.55000001192092896,1.7805095040000001,18.713196711999998,19.089902272
370,O,oc23,-0.55000001192092896,7.2618748059999998,18.756829818,23.091574982000001
371,O,oc23,-0.55000001192092896,4.7331100719999997,18.732747999000001,15.187806669
372,O,oc23,-0.55000001192092896,4.780001543,17.986172146000001,23.687802552000001
373,O,oc23,-0.55000001192092896,2.2628528409999999,18.003737562000001,15.698007759999999
374,O,oc23,-0.55000001192092896,7.7293678119999996,17.914379534999998,19.733398017999999
375,O,oc23,-0.55000001192092896,2.6615680930000001,15.698458555,20.769776086
376,O,oc23,-0.55000001192092896,8.6964968050000007,15.689396455000001,12.629008387000001
377,O,oc23,-0.55000001192092896,5.6974998870000002,15.644369498,16.673040218000001
378,O,oc23,-0.55000001192092896,2.3550895820000002,17.50205966,22.676041944000001
379,O,oc23,-0.55000001192092896,5.391058235,17.408100475000001,18.656889024000002
380,O,oc23,-0.55000001192092896,1.042412691,16.164170562999999,18.722946620999998
381,O,oc23,-0.55000001192092896,6.4671031780000003,16.155352540999999,22.723637910000001
382,O,oc23,-0.55000001192092896,4.0214334689999998,16.249729257999999,14.741240843
383,O,oc23,-0.55000001192092896,6.5085264939999998,15.534101648,14.216047238
384,O,oc23,-0.55000001192092896,0.56417278699999995,15.772028273,22.218477575000001
385,O,oc23,-0.55000001192092896,3.513260185,15.592441843,18.202140141000001
386,O,oc23,-0.55000001192092896,0.099917971999999994,17.992968981000001,17.181997461000002
387,O,oc23,-0.55000001192092896,5.5829108850000004,18.103515186999999,21.212870844000001
388,O,oc23,-0.55000001192092896,3.1260914319999999,18.128224341999999,13.215154447
389,Si,sc4,1.1000000238418579,8.0524380769999997,15.872782215999999,14.136109272000001
390,Si,sc4,1.1000000238418579,2.1150536670000002,15.989881176999999,22.246302699000001
391,Si,sc4,1.1000000238418579,5.033632441,15.937604540000001,18.154936353
392,Si,sc4,1.1000000238418579,0.58336125999999999,17.743471949,18.710703254999999
393,Si,sc4,1.1000000238418579,6.019515824,17.755948047,22.689528183
394,Si,sc4,1.1000000238418579,3.529111012,17.781527578999999,14.758131811
395,Si,sc4,1.1000000238418579,3.2404524989999999,18.358134773,23.717198338999999
396,Si,sc4,1.1000000238418579,0.69381978899999996,18.272436899999999,15.720463362
397,Si,sc4,1.1000000238418579,6.1305208489999998,18.286726457,19.793171012999998
398,Si,sc4,1.1000000238418579,2.2105942390000002,15.301541654999999,19.212263748000002
399,Si,sc4,1.1000000238418579,7.6832524260000001,15.191901141000001,23.145652616
400,Si,sc4,1.1000000238418579,5.2577247570000001,15.282339349000001,15.216154697
401,O,oc23,-0.55000001192092896,3.5044844469999998,19.901539852999999,11.305548247000001
402,O,oc23,-0.55000001192092896,9.2757153730000006,19.964934052,3.5060195190000001
403,O,oc23,-0.55000001192092896,6.495054584,20.020974707000001,7.1640977509999999
404,O,oc23,-0.55000001192092896,2.3721418019999998,23.764373281000001,7.2052125370000004
405,O,oc23,-0.55000001192092896,7.6915485510000003,23.711365443999998,11.244466041000001
406,O,oc23,-0.55000001192092896,5.3576139129999998,23.707566112999999,3.1885660919999999
407,O,oc23,-0.55000001192092896,5.1498466299999999,22.952139001999999,11.704255678999999
408,O,oc23,-0.55000001192092896,2.8351633999999999,22.907600204000001,3.7261074500000002
409,O,oc23,-0.55000001192092896,8.236378491,23.13918284,7.7351859330000003
410,O,oc23,-0.55000001192092896,3.3172740169999999,20.665575181000001,8.8197487209999998
411,O,oc24,-0.67500001192092896,9.4193773000000007,20.686869300000001,0.96965775499999995
412,O,oc23,-0.55000001192092896,6.1379025030000003,20.913748990999999,4.7289384490000002
413,O,oc23,-0.55000001192092896,2.7292439079999999,22.338660223000002,10.774135401000001
414,O,oc23,-0.55000001192092896,5.7865101220000001,22.488240453,6.8208430140000003
415,O,oc23,-0.55000001192092896,1.784280764,21.275952593,6.753867896
416,O,oc23,-0.55000001192092896,6.9305849950000002,21.232842958999999,10.796001762
417,O,oc23,-0.55000001192092896,4.6061915730000003,21.298466071,2.702758325
418,O,oc23,-0.55000001192092896,7.1590955430000003,20.679515756000001,2.3114030099999998
419,O,oc23,-0.55000001192092896,1.11302436,20.373525223000001,10.257844821000001
420,O,oc23,-0.55000001192092896,4.1247492799999996,20.487068932,6.2503050509999998
421,O,oc23,-0.55000001192092896,0.80547772299999998,23.158002927999998,5.1548481050000001
422,O,oc23,-0.55000001192092896,6.0729259689999999,23.219864099999999,9.2600289690000004
423,O,oc24,-0.67500001192092896,3.6535844669999999,23.226519679999999,1.1993564240000001
424,Si,sc4,1.1000000238418579,8.7050728900000003,20.977699899000001,2.4204092159999999
425,Si,sc4,1.1000000238418579,2.6527585419999999,20.809544699,10.283966605
426,Si,sc4,1.1000000238418579,5.6283887779999997,21.004359612999998,6.2581939740000001
427,Si,sc4,1.1000000238418579,1.2219811490000001,22.777396769999999,6.6237804169999999
428,Si,sc4,1.1000000238418579,6.4557836799999997,22.764432512999999,10.799798668999999
429,Si,sc4,1.1000000238418579,4.1264519169999998,22.810331924,2.7427797439999999
430,Si,sc4,1.1000000238418579,3.5836073079999999,23.313125321000001,11.721277372999999
431,Si,sc4,1.1000000238418579,1.3181224170000001,23.263671696999999,3.6975430899999999
432,Si,sc4,1.1000000238418579,6.6356095970000002,23.429909575,7.7998035940000001
433,Si,sc4,1.1000000238418579,2.9458546499999998,20.351882121999999,7.294185229
434,Si,sc4,1.1000000238418579,8.1971343149999996,20.321701432000001,11.240865223
435,Si,sc4,1.1000000238418579,5.8380782709999997,20.446154974999999,3.2308983859999998
436,H,hoy,0.40000000596046448,8.9407083329999999,20.014911400999999,0.52024957100000002
437,H,hoy,0.40000000596046448,4.2715508379999996,22.900884066,0.57430497400000002
438,O,oc23,-0.55000001192092896,2.9559988609999999,19.871951185,23.398757638999999
439,O,oc23,-0.55000001192092896,8.8643188619999993,19.951132654999999,15.312918268000001
440,O,oc23,-0.55000001192092896,6.0396952219999998,19.853725196999999,19.290172534
441,O,oc23,-0.55000001192092896,1.744368264,23.770507466000002,19.199366750999999
442,O,oc23,-0.55000001192092896,7.2645709780000001,23.660657146999998,23.160383677999999
443,O,oc23,-0.55000001192092896,4.6861668820000002,23.732902604,15.090649944999999
444,O,oc23,-0.55000001192092896,4.7177718009999996,23.031249844000001,23.635361920000001
445,O,oc23,-0.55000001192092896,2.2981586749999998,23.006262333999999,15.718958062
446,O,oc23,-0.55000001192092896,7.740950861,22.989883040999999,19.650513839999999
447,O,oc23,-0.55000001192092896,2.8061648780000001,20.545583618999999,20.843952351999999
448,O,oc23,-0.55000001192092896,8.5479962389999997,20.71112561,12.736509049
449,O,oc23,-0.55000001192092896,5.7013809179999999,20.684951978000001,16.724630156
450,O,oc23,-0.55000001192092896,2.4151910519999999,22.359362318999999,22.710937978
451,O,oc23,-0.55000001192092896,5.3494647300000002,22.311128054000001,18.736891376999999
452,O,oc23,-0.55000001192092896,1.1190313249999999,21.250373060000001,18.820823313999998
453,O,oc23,-0.55000001192092896,6.4521896950000004,21.228034073,22.744589188999999
454,O,oc23,-0.55000001192092896,4.0549372139999997,21.239081007999999,14.851753081
455,O,oc23,-0.55000001192092896,6.4714179490000001,20.447339021000001,14.250156965
456,O,oc23,-0.55000001192092896,0.65674369099999996,20.452461574000001,22.39203681
457,O,oc23,-0.55000001192092896,3.6013934929999998,20.395342814999999,18.319198434
458,O,oc23,-0.55000001192092896,0.187448594,23.189056073,17.243865972999998
459,O,oc23,-0.55000001192092896,5.5995796520000001,23.101266386999999,21.194212147999998
460,O,oc23,-0.55000001192092896,2.9947775970000001,23.066276811000002,13.212665775
461,Si,sc4,1.1000000238418579,8.0161305019999993,20.878130001999999,14.253691443999999
462,Si,sc4,1.1000000238418579,2.1716842249999999,20.799368141999999,22.339268387000001
463,Si,sc4,1.1000000238418579,5.1739471200000002,20.815851297999998,18.249211251999998
464,Si,sc4,1.1000000238418579,0.57919019900000002,22.742963903,18.783898100999998
465,Si,sc4,1.1000000238418579,6.061669996,22.736343636000001,22.689594522
466,Si,sc4,1.1000000238418579,3.5239394540000002,22.778094734,14.701107965
467,Si,sc4,1.1000000238418579,3.2156588529999999,23.368746367,23.679685834000001
468,Si,sc4,1.1000000238418579,0.79710178700000001,23.412867632000001,15.738599153999999
469,Si,sc4,1.1000000238418579,6.1652765829999998,23.312078375999999,19.718208439000001
470,Si,sc4,1.1000000238418579,2.3268250240000001,20.262281054999999,19.301235464000001
471,Si,sc4,1.1000000238418579,7.7006721249999996,20.278313442999998,23.144474130999999
472,Si,sc4,1.1000000238418579,5.2290725179999997,20.272806593999999,15.236318692999999
473,O,oc23,-0.55000001192092896,3.3796768309999998,24.886430659999998,11.249637522
474,O,oc23,-0.55000001192092896,9.5284668579999998,24.987288466999999,3.2295562499999999
475,O,oc23,-0.55000001192092896,6.4513887250000002,24.975824000999999,7.3805390119999998
476,O,oc23,-0.55000001192092896,2.5315551040000002,28.729224640999998,7.1173529670000004
477,O,oc23,-0.55000001192092896,7.6355820899999998,28.756513768000001,11.263255463
478,O,oc23,-0.55000001192092896,5.5192158659999997,28.824995207000001,3.1260951669999999
479,O,oc23,-0.55000001192092896,5.2118998349999996,27.952713214999999,11.634661651
480,O,oc23,-0.55000001192092896,3.0314180909999999,27.954352183000001,3.6356158000000001
481,O,oc23,-0.55000001192092896,8.3389941519999997,27.896394206,7.6325299370000002
482,O,oc23,-0.55000001192092896,3.4706783649999999,25.611886885000001,8.7962453600000003
483,O,oc24,-0.67500001192092896,9.3626134739999998,25.733376160999999,0.79460620699999995
484,O,oc23,-0.55000001192092896,6.2722270309999999,25.572296151,4.8142708120000002
485,O,oc23,-0.55000001192092896,2.9114498599999998,27.387362759999998,10.612361015999999
486,O,oc23,-0.55000001192092896,5.839957064,27.440894069999999,6.6694779300000002
487,O,oc23,-0.55000001192092896,1.7787074140000001,26.302141652,6.9650713370000004
488,O,oc23,-0.55000001192092896,7.0627305060000003,26.327548771,10.645684436
489,O,oc23,-0.55000001192092896,4.7917958199999999,26.277014964999999,2.8959054829999999
490,O,oc23,-0.55000001192092896,7.1317549040000001,25.416720911999999,2.258615319
491,O,oc23,-0.55000001192092896,1.156873212,25.52772204,10.164682067999999
492,O,oc23,-0.55000001192092896,4.1981655250000003,25.505241798,6.313764226
493,O,oc23,-0.55000001192092896,0.80561099000000003,28.125224456000002,5.1926630359999999
494,O,oc23,-0.55000001192092896,6.1688340190000002,28.128467078,9.1533790009999993
495,O,oc24,-0.67500001192092896,3.8827760200000001,28.030883053,1.224529347
496,Si,sc4,1.1000000238418579,8.6464070250000002,25.913589928,2.2881223209999999
497,Si,sc4,1.1000000238418579,2.7680882819999999,25.874277547999998,10.231133795
498,Si,sc4,1.1000000238418579,5.7347586059999998,25.858421728,6.2875439100000001
499,Si,sc4,1.1000000238418579,1.26763209,27.762636559000001,6.7031949910000002
500,Si,sc4,1.1000000238418579,6.5583058559999996,27.785881237000002,10.699827432999999
501,Si,sc4,1.1000000238418579,4.3341516650000003,27.790413846,2.7545248400000002
502,Si,sc4,1.1000000238418579,3.6705710479999998,28.383051350999999,11.617967747
503,Si,sc4,1.1000000238418579,1.42200511,28.285330225999999,3.691376043
504,Si,sc4,1.1000000238418579,6.7652955099999996,28.362523745000001,7.7046770240000004
505,Si,sc4,1.1000000238418579,2.9830640160000002,25.311507065000001,7.3335322879999998
506,Si,sc4,1.1000000238418579,8.2435199659999991,25.246230857,11.194513105
507,Si,sc4,1.1000000238418579,5.9329250330000001,25.244907635000001,3.3087020549999999
508,H,hoy,0.40000000596046448,3.6988509180000002,27.189250924,0.850752799
509,H,hoy,0.40000000596046448,9.0752461009999994,24.926484265999999,0.41174551500000001
510,O,oc23,-0.55000001192092896,3.0717960309999999,24.833875669000001,22.935890087000001
511,O,oc23,-0.55000001192092896,8.8941189749999996,24.924698171999999,15.251115118
512,O,oc23,-0.55000001192092896,5.8185128720000003,24.812826668,19.291481744999999
513,O,oc23,-0.55000001192092896,1.7345244,28.690122065000001,19.2788462
514,O,oc23,-0.55000001192092896,7.2468076679999998,28.730269508999999,23.054846832999999
515,O,oc23,-0.55000001192092896,4.7355504870000003,28.721453565000001,15.181914244
516,O,oc23,-0.55000001192092896,4.789235262,27.814040742,23.589730746000001
517,O,oc23,-0.55000001192092896,2.3042989070000002,28.051898817000001,15.69126464
518,O,oc23,-0.55000001192092896,7.6947586469999996,27.869279569,19.580070093
519,O,oc23,-0.55000001192092896,2.562791319,25.846014179000001,20.575593362999999
520,O,oc23,-0.55000001192092896,8.7199229720000009,25.662420691000001,12.691792957000001
521,O,oc23,-0.55000001192092896,5.6174097820000002,25.540476492,16.694711465000001
522,O,oc23,-0.55000001192092896,2.1816613560000002,27.306056241,22.867081389999999
523,O,oc23,-0.55000001192092896,5.2147096949999998,27.262630862000002,18.648704016
524,O,oc23,-0.55000001192092896,0.99926398900000002,26.179466253000001,18.539108811999998
525,O,oc23,-0.55000001192092896,6.5242041500000001,26.162983097000001,22.718139613999998
526,O,oc23,-0.55000001192092896,3.9977735870000002,26.323086790000001,14.793943903000001
527,O,oc23,-0.55000001192092896,6.5203297070000001,25.475688442999999,14.216767206
528,O,oc23,-0.55000001192092896,0.65687695800000001,25.127772321999998,22.244468633
529,O,oc23,-0.55000001192092896,3.5095565529999999,25.389155507000002,18.140860871000001
530,O,oc23,-0.55000001192092896,0.138561451,28.065176742999999,17.180949701999999
531,O,oc23,-0.55000001192092896,5.5939933740000001,27.922358033999998,21.136403946000001
532,O,oc23,-0.55000001192092896,3.0727647039999999,28.19475284,13.133710206
533,Si,sc4,1.1000000238418579,8.0771325189999992,25.869643152999998,14.181478994000001
534,Si,sc4,1.1000000238418579,2.106610103,25.853018742,22.124856306000002
535,Si,sc4,1.1000000238418579,5.0653915310000004,25.743029245999999,18.182759526000002
536,Si,sc4,1.1000000238418579,0.50270483200000005,27.713635781000001,18.681701597
537,Si,sc4,1.1000000238418579,6.0968696649999998,27.694258984000001,22.652735647
538,Si,sc4,1.1000000238418579,3.550336283,27.873741549999998,14.676099303000001
539,Si,sc4,1.1000000238418579,3.1713425719999999,28.337571549,23.666133255999998
540,Si,sc4,1.1000000238418579,0.72258559099999997,28.269403778000001,15.706322518
541,Si,sc4,1.1000000238418579,6.0650838470000004,28.21695265,19.631201514000001
542,Si,sc4,1.1000000238418579,2.2329532740000002,25.327051294,19.076414081999999
543,Si,sc4,1.1000000238418579,7.7287168919999996,25.194234651999999,23.187683947
544,Si,sc4,1.1000000238418579,5.2165150159999998,25.283904269000001,15.163386274
545,O,oc23,-0.55000001192092896,3.5070543139999999,29.856267473999999,11.106718898
546,O,oc23,-0.55000001192092896,9.5834952280000003,30.087536442000001,3.0598600170000001
547,O,oc23,-0.55000001192092896,6.5171494470000004,29.971099091999999,7.2630217149999998
548,O,oc23,-0.55000001192092896,2.380285019,33.717950092999999,6.9860870029999997
549,O,oc23,-0.55000001192092896,7.8171164859999998,33.820968262999997,11.144625531999999
550,O,oc23,-0.55000001192092896,5.3757643440000002,33.669506022999997,3.165802454
551,O,oc23,-0.55000001192092896,5.3419396150000003,33.028216721,11.601666022
552,O,oc23,-0.55000001192092896,2.8629625179999998,32.859398871000003,3.6976282079999998
553,O,oc23,-0.55000001192092896,8.2210947940000008,33.008526256000003,7.6076515130000004
554,O,oc23,-0.55000001192092896,3.3117344819999999,30.792814043,8.6665505469999999
555,O,oc24,-0.67500001192092896,9.2169495579999996,30.912039092000001,0.69857595800000005
556,O,oc23,-0.55000001192092896,6.3276962259999996,30.631139932,4.738791676
557,O,oc23,-0.55000001192092896,2.8955990319999998,32.307116536999999,10.736227791999999
558,O,oc23,-0.55000001192092896,5.9569054030000004,32.386054965,6.6831612329999999
559,O,oc23,-0.55000001192092896,1.7038908699999999,31.229913700000001,6.779400925
560,O,oc23,-0.55000001192092896,7.1172016899999999,31.189834806,10.570132620000001
561,O,oc23,-0.55000001192092896,4.6532110439999999,31.241901639000002,2.8238764399999998
562,O,oc23,-0.55000001192092896,7.1367772829999998,30.635670463,2.1812569970000002
563,O,oc23,-0.55000001192092896,1.191146724,30.405062067999999,10.201083402
564,O,oc23,-0.55000001192092896,4.1600213009999996,30.602631446,6.1987677940000001
565,O,oc23,-0.55000001192092896,0.72498837699999996,33.031667071000001,5.1414140589999997
566,O,oc23,-0.55000001192092896,6.1898709509999996,33.258336956999997,9.1564569149999997
567,O,oc24,-0.67500001192092896,3.7905730929999999,33.049091230999998,1.258383475
568,Si,sc4,1.1000000238418579,8.7226927389999993,31.080227528000002,2.1767198780000001
569,Si,sc4,1.1000000238418579,2.767254865,30.819405205999999,10.193553976
570,Si,sc4,1.1000000238418579,5.7343980889999999,30.926361884999999,6.1847113360000003
571,Si,sc4,1.1000000238418579,1.244204928,32.774955671000001,6.6178884800000004
572,Si,sc4,1.1000000238418579,6.5900683019999997,32.827892880999997,10.617008618
573,Si,sc4,1.1000000238418579,4.1557507859999996,32.695111552,2.7945723560000002
574,Si,sc4,1.1000000238418579,3.7151538639999999,33.302736576999997,11.686316952
575,Si,sc4,1.1000000238418579,1.2447399859999999,33.262867487999998,3.6408599609999999
576,Si,sc4,1.1000000238418579,6.6974191730000001,33.383694114000001,7.706837417
577,Si,sc4,1.1000000238418579,2.9515612660000001,30.289742291,7.1856372960000003
578,Si,sc4,1.1000000238418579,8.254999583,30.23011211,11.259326853999999
579,Si,sc4,1.1000000238418579,5.9358582770000003,30.339054660999999,3.2048875730000002
580,H,hoy,0.40000000596046448,3.8437159689999998,32.250998486,0.766261203
581,H,hoy,0.40000000596046448,8.481547698,30.629737926000001,0.19083202899999999
582,O,oc23,-0.55000001192092896,2.9867676470000002,29.830442823999999,23.045680404999999
583,O,oc23,-0.55000001192092896,8.8767997229999995,29.914501729000001,15.211179305
584,O,oc23,-0.55000001192092896,5.9175477259999996,29.73658958,19.203686562000001
585,O,oc23,-0.55000001192092896,1.7765055240000001,33.609703428000003,19.102799268999998
586,O,oc23,-0.55000001192092896,7.1437049349999997,33.597680175999997,23.330471845999998
587,O,oc23,-0.55000001192092896,4.7704277570000002,33.742833738999998,15.094643916000001
588,O,oc23,-0.55000001192092896,4.6100284709999997,32.983223000999999,23.675102620000001
589,O,oc23,-0.55000001192092896,2.4407186620000001,32.899338587000003,15.635680731000001
590,O,oc23,-0.55000001192092896,7.6239122689999999,32.948233424999998,19.717554808999999
591,O,oc23,-0.55000001192092896,2.6697451230000002,30.835784498999999,20.644140607000001
592,O,oc23,-0.55000001192092896,8.5764950090000003,30.813200393999999,12.725444166999999
593,O,oc23,-0.55000001192092896,5.6265700919999997,30.717186785999999,16.840184125
594,O,oc23,-0.55000001192092896,2.2467016649999998,32.417839309999998,22.773721573
595,O,oc23,-0.55000001192092896,5.2255084939999996,32.276414451000001,18.926490886
596,O,oc23,-0.55000001192092896,1.1146593680000001,31.085107041000001,18.710769592999998
597,O,oc23,-0.55000001192092896,6.3521036219999996,31.210152608000001,22.611490622000002
598,O,oc23,-0.55000001192092896,4.3083893460000002,31.238868821000001,14.632954849000001
599,O,oc23,-0.55000001192092896,6.5672259249999998,30.416318807,14.367412322
600,O,oc23,-0.55000001192092896,0.64052687600000002,30.4053425,22.214352877
601,O,oc23,-0.55000001192092896,3.5869111390000001,30.287440672999999,18.187867595
602,O,oc23,-0.55000001192092896,0.275315368,33.087811588999998,17.141538743000002
603,O,oc23,-0.55000001192092896,5.4828315869999997,33.199369425999997,21.277882634000001
604,O,oc23,-0.55000001192092896,3.1645340160000002,33.029820375,13.164284478000001
605,Si,sc4,1.1000000238418579,8.0462312120000004,30.903464111000002,14.234051328
606,Si,sc4,1.1000000238418579,2.1189243800000002,30.932948916000001,22.188361820000001
607,Si,sc4,1.1000000238418579,5.0922384479999998,30.749006444999999,18.302830369999999
608,Si,sc4,1.1000000238418579,0.59650895400000004,32.649596436000003,18.644384205000001
609,Si,sc4,1.1000000238418579,5.9220661269999999,32.706299741000002,22.788255571000001
610,Si,sc4,1.1000000238418579,3.673475077,32.747319638999997,14.699013422
611,Si,sc4,1.1000000238418579,3.051241074,33.293885320000001,23.741290942999999
612,Si,sc4,1.1000000238418579,0.88490093199999997,33.296533842000002,15.648578703
613,Si,sc4,1.1000000238418579,6.0506842880000002,33.341629347999998,19.794023658
614,Si,sc4,1.1000000238418579,2.2912188410000001,30.213034853,19.242051711999999
615,Si,sc4,1.1000000238418579,7.5942056410000003,30.282004451999999,23.120317139000001
616,Si,sc4,1.1000000238418579,5.3140415409999999,30.250045616000001,15.335504597
617,O,oc23,-0.55000001192092896,11.994042842000001,-0.12823248600000001,11.022983049
618,O,oc23,-0.55000001192092896,17.948113237000001,-0.030077514999999999,3.0156880469999998
619,O,oc23,-0.55000001192092896,14.939392794,-0.016848129999999999,7.0940456940000001
620,O,oc23,-0.55000001192092896,10.690475354,3.9582880469999999,7.3518636810000002
621,O,oc23,-0.55000001192092896,16.282137326000001,3.8894228320000002,11.087404620999999
622,O,oc23,-0.55000001192092896,13.572487135999999,3.6647741310000002,3.2238669870000001
623,O,oc23,-0.55000001192092896,13.82520431,3.1765208619999998,11.787074494000001
624,O,oc23,-0.55000001192092896,11.141383073,2.8052964459999998,3.7517385239999999
625,O,oc23,-0.55000001192092896,16.606969898999999,3.146548938,7.7185564170000003
626,O,oc23,-0.55000001192092896,11.588019281999999,0.96070387599999996,8.6835068779999993
627,O,oc24,-0.67500001192092896,17.409473504000001,1.0542574739999999,0.638442552
628,O,oc23,-0.55000001192092896,14.588030123999999,0.82205321399999998,4.6631023049999998
629,O,oc23,-0.55000001192092896,11.490409093,2.483926308,10.703952130999999
630,O,oc23,-0.55000001192092896,8.6089313740000009,2.563762637,2.8669157759999999
631,O,oc23,-0.55000001192092896,14.364178205,2.4975111499999998,6.6624075070000002
632,O,oc23,-0.55000001192092896,10.185973877,1.442475017,6.5718636640000003
633,O,oc23,-0.55000001192092896,15.509000219000001,1.3066856680000001,10.800846428
634,O,oc23,-0.55000001192092896,12.947683266,1.239339848,2.766577727
635,O,oc23,-0.55000001192092896,15.497020104000001,0.53546427600000002,2.2178541759999999
636,O,oc23,-0.55000001192092896,9.5953420759999997,0.68881495100000001,10.236174549999999
637,O,oc23,-0.55000001192092896,12.540291230999999,0.56682303999999994,6.2628162109999996
638,O,oc23,-0.55000001192092896,9.1901191129999997,3.632781021,5.3480347740000003
639,O,oc23,-0.55000001192092896,14.556260841,3.1991877990000002,9.2601596950000005
640,O,oc24,-0.67500001192092896,11.81557533,3.2592043529999999,1.357706812
641,Si,sc4,1.1000000238418579,17.033950703999999,1.0092371389999999,2.1852636510000001
642,Si,sc4,1.1000000238418579,11.174920631999999,0.99092299699999997,10.208153337000001
643,Si,sc4,1.1000000238418579,14.095643022999999,1.0171553120000001,6.147485648
644,Si,sc4,1.1000000238418579,9.5921720100000005,2.977933621,6.7021472319999997
645,Si,sc4,1.1000000238418579,15.083988584,2.9040567269999999,10.722480101
646,Si,sc4,1.1000000238418579,12.38454924,2.726188461,2.802055443
647,Si,sc4,1.1000000238418579,12.225937529999999,3.4700625610000002,11.767368039000001
648,Si,sc4,1.1000000238418579,9.6269775949999996,3.5154730340000002,3.7616376030000001
649,Si,sc4,1.1000000238418579,15.053220792999999,3.4822603050000001,7.7130571449999996
650,Si,sc4,1.1000000238418579,11.282441816,0.475799625,7.1929042949999999
651,Si,sc4,1.1000000238418579,16.617681987000001,0.36245767099999998,11.289835762999999
652,Si,sc4,1.1000000238418579,14.186778819000001,0.33849075099999998,3.1576513479999999
653,H,hoy,0.40000000596046448,16.605360190999999,0.93502462099999994,0.16846238199999999
654,H,hoy,0.40000000596046448,11.111181520000001,2.7227679550000001,1.039533569
655,O,oc23,-0.55000001192092896,11.299827701,0.026055708,23.290666758
656,O,oc23,-0.55000001192092896,17.200004486000001,-0.063487276999999995,15.262702903999999
657,O,oc23,-0.55000001192092896,14.386769961000001,-0.0042251629999999997,19.307389341
658,O,oc23,-0.55000001192092896,10.041978285000001,3.7796774150000001,19.228565473
659,O,oc23,-0.55000001192092896,15.406685899999999,3.8750294109999999,23.402946724
660,O,oc23,-0.55000001192092896,13.059976704,3.9466129969999999,15.250001996
661,O,oc23,-0.55000001192092896,12.973078602999999,2.977389895,23.598241593000001
662,O,oc23,-0.55000001192092896,10.640485774,3.1175948760000001,15.687663821999999
663,O,oc23,-0.55000001192092896,16.138543028000001,3.092976342,19.756901379999999
664,O,oc23,-0.55000001192092896,10.945629128,0.80296541799999999,20.796684176999999
665,O,oc23,-0.55000001192092896,17.062549424,0.66178814399999997,12.78056956
666,O,oc23,-0.55000001192092896,14.004707128,0.80495544500000005,16.871084236000002
667,O,oc23,-0.55000001192092896,10.506501127,2.4762139150000002,22.687760455999999
668,O,oc23,-0.55000001192092896,8.2584366809999992,2.533546893,14.641924212999999
669,O,oc23,-0.55000001192092896,13.798374859000001,2.5231719560000001,18.784292229999998
670,O,oc23,-0.55000001192092896,9.4872201960000009,1.288267013,18.624611412
671,O,oc23,-0.55000001192092896,14.924842812,1.338142063,22.707730313999999
672,O,oc23,-0.55000001192092896,12.330788896,1.4459217310000001,14.962265318
673,O,oc23,-0.55000001192092896,14.858034227999999,0.559807571,14.310256774000001
674,O,oc23,-0.55000001192092896,8.8476336230000001,0.44944890500000001,22.344637907999999
675,O,oc23,-0.55000001192092896,12.018470502,0.41291124200000001,18.476781783
676,O,oc23,-0.55000001192092896,8.4430446729999993,3.2875798939999998,17.153518707
677,O,oc23,-0.55000001192092896,14.050391883,3.3635930040000002,21.225244936999999
678,O,oc23,-0.55000001192092896,11.583847724,3.3221205199999999,13.291949135999999
679,Si,sc4,1.1000000238418579,16.476557108000002,0.91002024800000003,14.239222808999999
680,Si,sc4,1.1000000238418579,10.403718881,0.91234484500000002,22.266532057999999
681,Si,sc4,1.1000000238418579,13.552363805000001,0.94592706900000001,18.386500855000001
682,Si,sc4,1.1000000238418579,8.9002592069999995,2.8059307929999999,18.625069927999998
683,Si,sc4,1.1000000238418579,14.309683897999999,2.8628213119999999,22.736404181000001
684,Si,sc4,1.1000000238418579,11.914820528,2.9280970000000002,14.777052935
685,Si,sc4,1.1000000238418579,11.411053014,3.3537651679999998,23.662008559
686,Si,sc4,1.1000000238418579,9.0109509540000001,3.4642773579999999,15.655452548
687,Si,sc4,1.1000000238418579,14.598608946000001,3.4768583579999999,19.741188897000001
688,Si,sc4,1.1000000238418579,10.634178460999999,0.333489653,19.297963412000001
689,Si,sc4,1.1000000238418579,16.017105874999999,0.40011751600000001,23.408446971
690,Si,sc4,1.1000000238418579,13.569883454999999,0.439687153,15.354163292000001
691,O,oc23,-0.55000001192092896,11.994309874000001,4.9315330079999997,11.249702885
692,O,oc23,-0.55000001192092896,17.894453340999998,4.9559632889999996,3.0870888249999999
693,O,oc23,-0.55000001192092896,14.797099340999999,5.0052772159999996,7.3018448940000003
694,O,oc23,-0.55000001192092896,10.755214818000001,8.9708504589999993,7.1086455429999997
695,O,oc23,-0.55000001192092896,16.010899009999999,8.7986871620000002,11.079025475
696,O,oc23,-0.55000001192092896,13.567481664000001,8.6922529169999994,3.255069524
697,O,oc23,-0.55000001192092896,13.596080384,7.9426458039999996,11.689197801000001
698,O,oc23,-0.55000001192092896,11.089090657,7.9853384260000002,3.5752467339999998
699,O,oc23,-0.55000001192092896,16.698439857,8.1533191350000003,7.6052291800000003
700,O,oc23,-0.55000001192092896,11.576039166999999,5.9975154579999996,8.9161845020000001
701,O,oc24,-0.67500001192092896,17.375935944999998,5.670544993,0.65496695100000002
702,O,oc23,-0.55000001192092896,14.517951524000001,5.4605337919999997,4.7831077860000004
703,O,oc23,-0.55000001192092896,11.070369614000001,7.4435816309999998,10.892961422000001
704,O,oc23,-0.55000001192092896,8.7346062209999999,7.4917805819999996,2.7977607529999999
705,O,oc23,-0.55000001192092896,14.333710762000001,7.4916060910000004,6.6327497810000002
706,O,oc23,-0.55000001192092896,9.9952592179999993,6.3892391770000003,6.9339083109999997
707,O,oc23,-0.55000001192092896,15.504361728999999,6.3070955169999996,10.621853284
708,O,oc23,-0.55000001192092896,12.882776721000001,6.1720136090000004,2.8418017529999999
709,O,oc23,-0.55000001192092896,15.423537226000001,5.2774970129999996,2.3866797160000002
710,O,oc23,-0.55000001192092896,9.518989479,5.44349185,10.379224876
711,O,oc23,-0.55000001192092896,12.460334456,5.6319648510000002,6.3738128180000002
712,O,oc23,-0.55000001192092896,9.1157690040000006,8.2848115169999996,5.2389497909999996
713,O,oc23,-0.55000001192092896,14.510576085,8.1970223499999992,9.1787817920000006
714,O,oc24,-0.67500001192092896,12.178984250999999,8.1442928680000009,1.140034751
715,Si,sc4,1.1000000238418579,16.917185856,5.8344833300000003,2.2092187000000001
716,Si,sc4,1.1000000238418579,11.033161242,5.9570538270000002,10.402662875000001
717,Si,sc4,1.1000000238418579,13.998299368,5.9465983949999996,6.2772126540000004
718,Si,sc4,1.1000000238418579,9.5593350969999999,7.9789258859999999,6.7612661080000001
719,Si,sc4,1.1000000238418579,14.883796546999999,7.7707613809999998,10.726670160999999
720,Si,sc4,1.1000000238418579,12.422057959,7.7496417519999996,2.7208541180000001
721,Si,sc4,1.1000000238418579,12.030150268,8.4741564530000009,11.727235160999999
722,Si,sc4,1.1000000238418579,9.5735842340000001,8.4408037680000003,3.7239273019999999
723,Si,sc4,1.1000000238418579,15.093399827000001,8.4609475980000006,7.6803878430000001
724,Si,sc4,1.1000000238418579,11.217802302999999,5.4835354299999999,7.417725677
725,Si,sc4,1.1000000238418579,16.700776008999998,5.4046676290000004,11.182924344
726,Si,sc4,1.1000000238418579,14.106587832000001,5.1465275850000003,3.29264227
727,H,hoy,0.40000000596046448,11.448821182,7.6495374219999999,0.80836798600000004
728,H,hoy,0.40000000596046448,18.127757796000001,5.1082536650000003,0.63794505300000004
729,O,oc23,-0.55000001192092896,11.255377656,4.8681393279999998,23.212955037
730,O,oc23,-0.55000001192092896,17.187524121999999,5.0328441789999996,15.189050517
731,O,oc23,-0.55000001192092896,14.404390059000001,5.0398492609999996,19.120933109999999
732,O,oc23,-0.55000001192092896,10.102580004,8.7254653869999999,19.141948774999999
733,O,oc23,-0.55000001192092896,15.514440301,8.9463853839999992,23.224412095999998
734,O,oc23,-0.55000001192092896,12.936604194999999,8.7953417149999993,15.197822816
735,O,oc23,-0.55000001192092896,13.121445654,7.9646020540000002,23.629208042999998
736,O,oc23,-0.55000001192092896,10.576713492,7.9598970319999998,15.601833430999999
737,O,oc23,-0.55000001192092896,15.928439499,7.928844926,19.548775852999999
738,O,oc23,-0.55000001192092896,11.131071283000001,5.5232305469999998,20.705289150999999
739,O,oc23,-0.55000001192092896,17.008055118000001,5.8995497339999998,12.696702986
740,O,oc23,-0.55000001192092896,13.975874693,5.9586917560000003,16.654250797
741,O,oc23,-0.55000001192092896,10.789853818999999,7.3780623820000004,22.708383944000001
742,O,oc23,-0.55000001192092896,8.1906271020000005,7.383324633,14.618027698000001
743,O,oc23,-0.55000001192092896,13.4891594,7.4453592569999998,18.773880978000001
744,O,oc23,-0.55000001192092896,9.5897692239999994,6.217145468,18.588800295999999
745,O,oc23,-0.55000001192092896,14.912896511,6.4026567989999998,22.6442248
746,O,oc23,-0.55000001192092896,12.424961490999999,6.3648436899999998,14.516158009
747,O,oc23,-0.55000001192092896,14.838278873,5.5774930569999999,14.207404689000001
748,O,oc23,-0.55000001192092896,8.8872447799999996,5.5833831629999997,22.212062245999999
749,O,oc23,-0.55000001192092896,11.978225331000001,5.3113721319999998,18.289999711
750,O,oc23,-0.55000001192092896,8.4222878259999998,8.1047374469999998,17.169166803
751,O,oc23,-0.55000001192092896,14.008277493,8.4135852680000003,21.189628934000002
752,O,oc23,-0.55000001192092896,11.399306614,8.3940687740000008,13.178622387000001
753,Si,sc4,1.1000000238418579,16.399502870999999,5.9262110049999999,14.179515178000001
754,Si,sc4,1.1000000238418579,10.506935239000001,5.8231917969999998,22.183844944000001
755,Si,sc4,1.1000000238418579,13.448681012,5.982007061,18.192123019
756,Si,sc4,1.1000000238418579,8.9377684239999997,7.7327047120000003,18.660227414000001
757,Si,sc4,1.1000000238418579,14.375624257,7.9015220429999999,22.655681860000001
758,Si,sc4,1.1000000238418579,11.819479856999999,7.8585162720000001,14.578811852999999
759,Si,sc4,1.1000000238418579,11.541099816999999,8.3253084610000005,23.686559679999998
760,Si,sc4,1.1000000238418579,9.0041428949999993,8.3096603679999994,15.634568584
761,Si,sc4,1.1000000238418579,14.437026573000001,8.4587872340000008,19.64612769
762,Si,sc4,1.1000000238418579,10.681631989,5.2308669209999996,19.193080197
763,Si,sc4,1.1000000238418579,16.02441468,5.3299128270000002,23.185916219999999
764,Si,sc4,1.1000000238418579,13.565345411999999,5.4669811270000004,15.225974754999999
765,O,oc23,-0.55000001192092896,11.890526136,9.9663645590000005,11.125704408000001
766,O,oc23,-0.55000001192092896,17.723627801999999,9.7776827910000002,3.1164319319999998
767,O,oc23,-0.55000001192092896,14.819691097,10.01275109,7.2703545649999999
768,O,oc23,-0.55000001192092896,10.692844325999999,13.874957180999999,7.164556267
769,O,oc23,-0.55000001192092896,16.080344095000001,13.729734029999999,10.872993514999999
770,O,oc23,-0.55000001192092896,13.628916799000001,13.808985087,3.0836975099999999
771,O,oc23,-0.55000001192092896,13.593443883999999,13.026512928000001,11.602123562999999
772,O,oc23,-0.55000001192092896,11.212629749,13.107959663000001,3.638941752
773,O,oc23,-0.55000001192092896,16.561585491999999,13.23596742,7.7624208389999998
774,O,oc23,-0.55000001192092896,11.546205240000001,10.862450016,8.7205628169999994
775,O,oc24,-0.67500001192092896,17.315835469,10.742214372999999,0.760817564
776,O,oc23,-0.55000001192092896,14.506304577,10.698058832999999,4.7637481450000001
777,O,oc23,-0.55000001192092896,11.073873345000001,12.462033889000001,10.727914008999999
778,O,oc23,-0.55000001192092896,8.8194352009999992,12.440810397,2.6447723249999999
779,O,oc23,-0.55000001192092896,14.515147942,12.485418783,6.5482944520000004
780,O,oc23,-0.55000001192092896,9.9262815629999999,11.445121806,6.7735085000000002
781,O,oc23,-0.55000001192092896,15.268763409,11.24113885,10.768832219
782,O,oc23,-0.55000001192092896,12.875635494999999,11.232218004,2.903977813
783,O,oc23,-0.55000001192092896,15.235592832,10.418276207,2.2899422409999999
784,O,oc23,-0.55000001192092896,9.4709685720000003,10.393811131,10.196565551000001
785,O,oc23,-0.55000001192092896,12.447186264999999,10.816516330000001,6.337994385
786,O,oc23,-0.55000001192092896,9.0997839139999996,13.482188594,5.171032275
787,O,oc23,-0.55000001192092896,14.374656579,13.006857777,9.1372089770000002
788,O,oc24,-0.67500001192092896,12.054777828000001,12.915234484999999,1.1045504500000001
789,Si,sc4,1.1000000238418579,16.793847160999999,10.797453201,2.2783805519999998
790,Si,sc4,1.1000000238418579,10.977365095,10.960729926999999,10.183406127
791,Si,sc4,1.1000000238418579,14.063105962,10.988052291000001,6.246560337
792,Si,sc4,1.1000000238418579,9.4576871140000005,12.974725489000001,6.690690172
793,Si,sc4,1.1000000238418579,14.829802489,12.794232329,10.636387281999999
794,Si,sc4,1.1000000238418579,12.449088802,12.824901178999999,2.7123103460000002
795,Si,sc4,1.1000000238418579,11.96831384,13.404889133999999,11.645464105
796,Si,sc4,1.1000000238418579,9.6194693870000005,13.489088254,3.6264893699999998
797,Si,sc4,1.1000000238418579,14.984876654000001,13.409350076000001,7.7807522320000002
798,Si,sc4,1.1000000238418579,11.162473087,10.534120495,7.2184373239999999
799,Si,sc4,1.1000000238418579,16.488370142000001,10.358750927999999,11.17244968
800,Si,sc4,1.1000000238418579,13.997765305,10.210250879,3.278861166
801,H,hoy,0.40000000596046448,11.911044463,12.035829143000001,0.80193495699999995
802,H,hoy,0.40000000596046448,16.608437525999999,10.968955080000001,0.18891643999999999
803,O,oc23,-0.55000001192092896,11.36089685,9.8463034080000007,23.255772674999999
804,O,oc23,-0.55000001192092896,17.221395843,9.8630669960000006,15.126330335
805,O,oc23,-0.55000001192092896,14.290896222000001,9.8886132920000005,19.031175086000001
806,O,oc23,-0.55000001192092896,10.117563601000001,13.745033141,19.069017332000001
807,O,oc23,-0.55000001192092896,15.465618796999999,13.781068624,23.148534440999999
808,O,oc23,-0.55000001192092896,13.084971246,13.710810078,15.176349609000001
809,O,oc23,-0.55000001192092896,13.058775311,13.10234895,23.738475457
810,O,oc23,-0.55000001192092896,10.591096392000001,12.925063099000001,15.605499611999999
811,O,oc23,-0.55000001192092896,15.855924299,12.913666144,19.672118747999999
812,O,oc23,-0.55000001192092896,11.041336781,10.565103013,20.711573754
813,O,oc23,-0.55000001192092896,16.820544339000001,10.874717348000001,12.673658140000001
814,O,oc23,-0.55000001192092896,13.94563997,10.718968657,16.679783338
815,O,oc23,-0.55000001192092896,10.82299108,12.388184777999999,22.562780559
816,O,oc23,-0.55000001192092896,8.2446880419999999,12.364696021,14.593345851
817,O,oc23,-0.55000001192092896,13.511585069000001,12.342983330999999,18.694337140999998
818,O,oc23,-0.55000001192092896,9.2907656040000006,11.228906832,18.895785887999999
819,O,oc23,-0.55000001192092896,14.775241549,11.352522196000001,22.967904296
820,O,oc23,-0.55000001192092896,12.43253683,11.275432540000001,14.676688545999999
821,O,oc23,-0.55000001192092896,14.76586412,10.397853504,14.296050566
822,O,oc23,-0.55000001192092896,8.9228847770000002,10.585978561999999,22.260444519
823,O,oc23,-0.55000001192092896,11.753638950999999,10.474385412,18.165737832000001
824,O,oc23,-0.55000001192092896,8.4961043699999994,12.954023392,17.096691924999998
825,O,oc23,-0.55000001192092896,13.793736368999999,13.159887317999999,21.200627477000001
826,O,oc23,-0.55000001192092896,11.514870069000001,13.261303911000001,13.154791233999999
827,Si,sc4,1.1000000238418579,16.32211646,10.892944374000001,14.225212689999999
828,Si,sc4,1.1000000238418579,10.530962103,10.863599786,22.209638937000001
829,Si,sc4,1.1000000238418579,13.350804288000001,10.842306705,18.142890050999998
830,Si,sc4,1.1000000238418579,8.9069335009999993,12.784892913,18.670113811
831,Si,sc4,1.1000000238418579,14.287058329000001,12.827410523999999,22.742690735
832,Si,sc4,1.1000000238418579,11.925232268,12.767327497,14.625753212999999
833,Si,sc4,1.1000000238418579,11.519174894000001,13.385512337,23.592610619999999
834,Si,sc4,1.1000000238418579,9.0552672350000005,13.320793877,15.64766167
835,Si,sc4,1.1000000238418579,14.332942984000001,13.299709562,19.709108349000001
836,Si,sc4,1.1000000238418579,10.525923314,10.299748083000001,19.216649897
837,Si,sc4,1.1000000238418579,16.012734913999999,10.407158645000001,23.368575544999999
838,Si,sc4,1.1000000238418579,13.491995801,10.293474720000001,15.216874665000001
839,O,oc23,-0.55000001192092896,11.720034262,14.985723546999999,11.266725555000001
840,O,oc23,-0.55000001192092896,17.758867002999999,14.864477312,3.0997112000000002
841,O,oc23,-0.55000001192092896,14.664516485,14.948363802999999,7.4037150709999997
842,O,oc23,-0.55000001192092896,10.762322727999999,18.968618124999999,7.1230488149999998
843,O,oc23,-0.55000001192092896,15.971287853,18.732467568000001,10.990903478
844,O,oc23,-0.55000001192092896,13.734703025,18.744978978999999,2.8523947039999999
845,O,oc23,-0.55000001192092896,13.583132591,18.041026678000001,11.591518173000001
846,O,oc23,-0.55000001192092896,11.287714319000001,18.251387899000001,3.6356092150000001
847,O,oc23,-0.55000001192092896,16.571797331999999,18.121568760999999,7.5482711849999999
848,O,oc23,-0.55000001192092896,11.722804029000001,15.709227136000001,8.7734619659999993
849,O,oc24,-0.67500001192092896,17.353277554999998,15.638165724,0.60088547599999997
850,O,oc23,-0.55000001192092896,14.593536840000001,15.462553116,4.8183759989999997
851,O,oc23,-0.55000001192092896,11.216634227,17.454070513000001,10.731645553
852,O,oc23,-0.55000001192092896,8.8682567060000004,17.530113224000001,2.5928487439999999
853,O,oc23,-0.55000001192092896,14.282519291,17.431764762,6.5358686539999997
854,O,oc23,-0.55000001192092896,10.160812254,16.423216817,6.6907555350000001
855,O,oc23,-0.55000001192092896,15.286716674999999,16.270081334,10.899247000000001
856,O,oc23,-0.55000001192092896,12.924924429000001,16.288238772,3.0357739970000002
857,O,oc23,-0.55000001192092896,15.29622737,15.720692640999999,2.2896673750000001
858,O,oc23,-0.55000001192092896,9.5557309190000002,15.539573183,10.140458738
859,O,oc23,-0.55000001192092896,12.483694486999999,15.558846116,6.2260158700000003
860,O,oc23,-0.55000001192092896,9.1001513930000009,18.198483926000002,5.1673529240000002
861,O,oc23,-0.55000001192092896,14.389106113,18.016911622999999,9.0276127969999997
862,O,oc24,-0.67500001192092896,11.968580871,17.777032361,1.1211731380000001
863,Si,sc4,1.1000000238418579,16.937408640000001,15.866020695,2.1359392239999999
864,Si,sc4,1.1000000238418579,11.060024507,15.929937326999999,10.213849673
865,Si,sc4,1.1000000238418579,14.015018421000001,15.852708494,6.2252890729999999
866,Si,sc4,1.1000000238418579,9.5598686629999996,17.912323035,6.6982191110000002
867,Si,sc4,1.1000000238418579,14.770535430000001,17.76748314,10.589184469999999
868,Si,sc4,1.1000000238418579,12.47061293,17.776475651999998,2.6459703220000002
869,Si,sc4,1.1000000238418579,12.034021479,18.337781658000001,11.756893376000001
870,Si,sc4,1.1000000238418579,9.672128785,18.445681417999999,3.6754145459999998
871,Si,sc4,1.1000000238418579,14.970160585,18.377931179000001,7.5853919999999997
872,Si,sc4,1.1000000238418579,11.229615336,15.380374142999999,7.2631529290000003
873,Si,sc4,1.1000000238418579,16.538393039999999,15.235150990999999,11.173562801999999
874,Si,sc4,1.1000000238418579,14.093873753,15.325484296999999,3.2787301960000002
875,H,hoy,0.40000000596046448,18.191931498999999,16.050980654,0.47176954399999999
876,H,hoy,0.40000000596046448,11.711212935000001,16.902949460999999,0.88615766399999996
877,O,oc23,-0.55000001192092896,11.284477122,14.948328489,23.188731705999999
878,O,oc23,-0.55000001192092896,17.242485857999998,14.816696930999999,15.19297815
879,O,oc23,-0.55000001192092896,14.109625127999999,14.859354758,19.292593890999999
880,O,oc23,-0.55000001192092896,10.126106121999999,18.654995694,19.237337772
881,O,oc23,-0.55000001192092896,15.401779881,18.937008271,23.204052011999998
882,O,oc23,-0.55000001192092896,13.00691651,18.823639053000001,15.240051211999999
883,O,oc23,-0.55000001192092896,13.06438148,18.000740058000002,23.632023529000001
884,O,oc23,-0.55000001192092896,10.528258968999999,17.946652039,15.619902884
885,O,oc23,-0.55000001192092896,15.847782077,17.977040457000001,19.572932844
886,O,oc23,-0.55000001192092896,11.181461162,15.626700219,20.617232516000001
887,O,oc23,-0.55000001192092896,16.914482721999999,15.432581191000001,12.718701048
888,O,oc23,-0.55000001192092896,14.01481852,15.507057637999999,16.778446337999998
889,O,oc23,-0.55000001192092896,10.772100455,17.461596471,22.449257720999999
890,O,oc23,-0.55000001192092896,8.1886581799999991,17.429290730999998,14.724611327
891,O,oc23,-0.55000001192092896,13.464765555,17.307487786999999,18.649228870999998
892,O,oc23,-0.55000001192092896,9.3778302890000003,16.224496630000001,18.703043101999999
893,O,oc23,-0.55000001192092896,14.837944711,16.29224687,22.860666061
894,O,oc23,-0.55000001192092896,12.366428893,16.231222838000001,14.939088771
895,O,oc23,-0.55000001192092896,14.821527001,15.568220846999999,14.237389717999999
896,O,oc23,-0.55000001192092896,8.9777798789999999,15.416863510000001,22.11261489
897,O,oc23,-0.55000001192092896,11.789278948,15.427318422000001,18.184921381999999
898,O,oc23,-0.55000001192092896,8.4920665759999991,18.192663409000001,17.270774064000001
899,O,oc23,-0.55000001192092896,13.872525068,18.019279714,21.150413089000001
900,O,oc23,-0.55000001192092896,11.506861113999999,18.054061563000001,13.226611506999999
901,Si,sc4,1.1000000238418579,16.391594363999999,15.797295176,14.162296419
902,Si,sc4,1.1000000238418579,10.548915866,15.860514884000001,22.049567892999999
903,Si,sc4,1.1000000238418579,13.34406336,15.757983834999999,18.228392651
904,Si,sc4,1.1000000238418579,8.9197813440000004,17.726149574000001,18.708151171000001
905,Si,sc4,1.1000000238418579,14.310450682000001,17.815054754999998,22.681345127
906,Si,sc4,1.1000000238418579,11.851215327,17.765252149999998,14.742812481
907,Si,sc4,1.1000000238418579,11.489541364999999,18.386504081999998,23.525505262999999
908,Si,sc4,1.1000000238418579,8.9876913710000004,18.372737998000002,15.758239270000001
909,Si,sc4,1.1000000238418579,14.265533703999999,18.280488408,19.658698848
910,Si,sc4,1.1000000238418579,10.597337072,15.240378446999999,19.160476745
911,Si,sc4,1.1000000238418579,15.965814951,15.293909757,23.331258153
912,Si,sc4,1.1000000238418579,13.583098777,15.274323154999999,15.262310726000001
913,O,oc23,-0.55000001192092896,11.771425633,19.946672751000001,11.360345849
914,O,oc23,-0.55000001192092896,17.829013231000001,19.804620555,3.2801311100000001
915,O,oc23,-0.55000001192092896,14.726753212,19.929350375999999,7.2153603860000004
916,O,oc23,-0.55000001192092896,10.726349065999999,23.98159781,7.1354224200000003
917,O,oc23,-0.55000001192092896,16.117052217000001,23.698783405,11.04838584
918,O,oc23,-0.55000001192092896,13.704869097,23.736317639999999,3.0657851229999999
919,O,oc23,-0.55000001192092896,13.5940774,22.905126172999999,11.498420783
920,O,oc23,-0.55000001192092896,11.283776476,23.077880453999999,3.7513458580000001
921,O,oc23,-0.55000001192092896,16.681153921,23.203414179999999,7.5498423360000002
922,O,oc23,-0.55000001192092896,11.577774126,20.599463910000001,8.7949351730000007
923,O,oc24,-0.67500001192092896,17.802950564,20.552309826999998,0.76259833899999996
924,O,oc23,-0.55000001192092896,14.528363263999999,20.495677148999999,4.6576557139999997
925,O,oc23,-0.55000001192092896,11.281640721,22.439763147000001,10.604438436000001
926,O,oc23,-0.55000001192092896,9.0020742719999998,22.499216759999999,2.7461513040000001
927,O,oc23,-0.55000001192092896,14.497694925999999,22.469420365000001,6.4255203109999997
928,O,oc23,-0.55000001192092896,9.9923223700000001,21.405250335000002,6.8859191910000002
929,O,oc23,-0.55000001192092896,15.329832558,21.273061029000001,10.605420832
930,O,oc23,-0.55000001192092896,12.937438606000001,21.241345234000001,2.8295066809999998
931,O,oc23,-0.55000001192092896,15.541603914,20.606223354000001,2.1885632629999998
932,O,oc23,-0.55000001192092896,9.4321918260000004,20.683558128000001,10.281806700000001
933,O,oc23,-0.55000001192092896,12.371901794999999,20.800622814,6.2555165309999996
934,O,oc23,-0.55000001192092896,9.0477590269999997,23.225962971000001,5.2257054930000004
935,O,oc23,-0.55000001192092896,14.556395102,23.15835191,8.9991994060000007
936,O,oc24,-0.67500001192092896,11.867267050000001,23.005391957000001,1.232045238
937,Si,sc4,1.1000000238418579,17.137167062,20.839480270999999,2.2213437800000002
938,Si,sc4,1.1000000238418579,11.01273806,20.877259625000001,10.254637156999999
939,Si,sc4,1.1000000238418579,14.038744936000001,20.950898931000001,6.1254812449999996
940,Si,sc4,1.1000000238418579,9.4722032820000006,22.969251572000001,6.746797473
941,Si,sc4,1.1000000238418579,14.911794571,22.802384279999998,10.575501166
942,Si,sc4,1.1000000238418579,12.452091787000001,22.764536376999999,2.697586356
943,Si,sc4,1.1000000238418579,12.051407363999999,23.438378615000001,11.612336773999999
944,Si,sc4,1.1000000238418579,9.7382362249999996,23.435833956,3.7585277389999998
945,Si,sc4,1.1000000238418579,15.150163653,23.416178805000001,7.5334098840000001
946,Si,sc4,1.1000000238418579,11.189036501,20.485710396000002,7.2557547160000002
947,Si,sc4,1.1000000238418579,16.492741104,20.316404386999999,11.082167777
948,Si,sc4,1.1000000238418579,14.204798717999999,20.266219563,3.1052563229999999
949,H,hoy,0.40000000596046448,11.364860215,22.263667307999999,0.95040036100000003
950,H,hoy,0.40000000596046448,17.709015277999999,21.326758441999999,0.241021127
951,O,oc23,-0.55000001192092896,11.299494036,19.902969017,23.143623435999999
952,O,oc23,-0.55000001192092896,17.259838426999998,19.805281128000001,15.031727645
953,O,oc23,-0.55000001192092896,14.106121397000001,19.849124038999999,19.274460050999998
954,O,oc23,-0.55000001192092896,10.218677025,23.784448041000001,19.186075625000001
955,O,oc23,-0.55000001192092896,15.562026598999999,23.830972711000001,22.906755751999999
956,O,oc23,-0.55000001192092896,12.986560459,23.87150445,15.204697637000001
957,O,oc23,-0.55000001192092896,13.087073683,23.164207739999998,23.509400601999999
958,O,oc23,-0.55000001192092896,10.523086913,22.887560756999999,15.536953343
959,O,oc23,-0.55000001192092896,16.008262510000002,22.950049266000001,19.560494364
960,O,oc23,-0.55000001192092896,11.082049380000001,20.753364866999998,20.662602238000002
961,O,oc23,-0.55000001192092896,16.970278869000001,20.739528155999999,12.581543147
962,O,oc23,-0.55000001192092896,14.118267598999999,20.605562782,16.695954338
963,O,oc23,-0.55000001192092896,10.741866228999999,22.468304870000001,22.677876009999999
964,O,oc23,-0.55000001192092896,8.1442414509999992,22.441784333000001,14.664053000999999
965,O,oc23,-0.55000001192092896,13.713545382,22.420525527999999,18.471347873999999
966,O,oc23,-0.55000001192092896,9.4535155549999992,21.219284601999998,18.752734585999999
967,O,oc23,-0.55000001192092896,14.736630890000001,21.373465991,22.355047208999999
968,O,oc23,-0.55000001192092896,12.501214137,21.315019853999999,14.60008897
969,O,oc23,-0.55000001192092896,14.925977571000001,20.288141019000001,14.237128266999999
970,O,oc23,-0.55000001192092896,8.9405715079999997,20.643514547999999,22.133892008
971,O,oc23,-0.55000001192092896,11.908413265,20.418656042999999,18.139354596
972,O,oc23,-0.55000001192092896,8.5025449490000007,23.261719061000001,17.192473100000001
973,O,oc23,-0.55000001192092896,13.882368931,23.421824830999999,20.975808046000001
974,O,oc23,-0.55000001192092896,11.532656749999999,23.28217604,13.160487571000001
975,Si,sc4,1.1000000238418579,16.437012585000002,20.780722545,14.062783700000001
976,Si,sc4,1.1000000238418579,10.557291802,20.991744338,22.179328068
977,Si,sc4,1.1000000238418579,13.467968937,20.838225599000001,18.128681891999999
978,Si,sc4,1.1000000238418579,9.0173244029999999,22.780255097000001,18.677315447000002
979,Si,sc4,1.1000000238418579,14.27304241,22.919623457,22.461368410999999
980,Si,sc4,1.1000000238418579,11.85818997,22.824758581000001,14.665755365000001
981,Si,sc4,1.1000000238418579,11.524647796,23.429456729999998,23.684922678
982,Si,sc4,1.1000000238418579,8.9766456170000009,23.382755492000001,15.664618977
983,Si,sc4,1.1000000238418579,14.494324462,23.45963742,19.474402520999998
984,Si,sc4,1.1000000238418579,10.664412687,20.234017687000001,19.201985173000001
985,Si,sc4,1.1000000238418579,15.857893469,20.398618674000002,22.956185783999999
986,Si,sc4,1.1000000238418579,13.644567727,20.249387424999998,15.218838482000001
987,O,oc23,-0.55000001192092896,11.979025928,24.958711431000001,11.060824321
988,O,oc23,-0.55000001192092896,17.614871909000001,24.892843200000002,3.2604707510000002
989,O,oc23,-0.55000001192092896,14.932017354999999,24.920620487000001,7.2211215969999998
990,O,oc23,-0.55000001192092896,10.630173984000001,28.893094428000001,7.2435776880000002
991,O,oc23,-0.55000001192092896,16.061155622000001,28.653319029999999,11.177883589
992,O,oc23,-0.55000001192092896,13.626213665,28.747521255999999,3.2884653799999999
993,O,oc23,-0.55000001192092896,13.578460287,27.794246413,11.622484623
994,O,oc23,-0.55000001192092896,11.166911677,28.083508671000001,3.725014083
995,O,oc23,-0.55000001192092896,16.627226496999999,27.952015251999999,7.6049677280000001
996,O,oc23,-0.55000001192092896,11.621456890999999,25.855947696000001,8.6807577299999998
997,O,oc24,-0.67500001192092896,17.593848526999999,25.413723407999999,0.69186539800000002
998,O,oc23,-0.55000001192092896,14.710034158999999,25.537724105999999,4.6842423560000004
999,O,oc23,-0.55000001192092896,11.183897265000001,27.383459564999999,10.726931613
1000,O,oc23,-0.55000001192092896,8.8319493789999992,27.471841273999999,2.7123298569999998
1001,O,oc23,-0.55000001192092896,14.275544648,27.336932818000001,6.6036159330000004
1002,O,oc23,-0.55000001192092896,10.139755059000001,26.441755130000001,6.5684589349999998
1003,O,oc23,-0.55000001192092896,15.408420360999999,26.142490805000001,10.724378553999999
1004,O,oc23,-0.55000001192092896,12.914645954999999,26.267708785,2.9783182190000002
1005,O,oc23,-0.55000001192092896,15.425339315,25.626454796000001,2.187136008
1006,O,oc23,-0.55000001192092896,9.5626384309999999,25.319940791000001,10.251690944
1007,O,oc23,-0.55000001192092896,12.575097314000001,25.441222339999999,6.224215461
1008,O,oc23,-0.55000001192092896,9.1482722509999999,28.380959537999999,5.17323852
1009,O,oc23,-0.55000001192092896,14.550388138000001,28.01952245,9.1085985219999994
1010,O,oc24,-0.67500001192092896,12.024577416,28.048726821999999,1.2225783349999999
1011,Si,sc4,1.1000000238418579,16.991069530000001,25.859223555,2.1354087590000002
1012,Si,sc4,1.1000000238418579,11.054752003000001,25.871385985,10.198529368000001
1013,Si,sc4,1.1000000238418579,14.149770348000001,25.814821856999998,6.1664257950000003
1014,Si,sc4,1.1000000238418579,9.5496573209999998,27.924169415000001,6.643683448
1015,Si,sc4,1.1000000238418579,14.889102368,27.669096982999999,10.645619073000001
1016,Si,sc4,1.1000000238418579,12.379310052999999,27.823033253999998,2.7925492740000002
1017,Si,sc4,1.1000000238418579,12.077803697,28.369389129999998,11.656463624000001
1018,Si,sc4,1.1000000238418579,9.6735633950000004,28.531655263000001,3.6400087779999999
1019,Si,sc4,1.1000000238418579,15.111520174000001,28.309586535000001,7.6032653640000003
1020,Si,sc4,1.1000000238418579,11.244132002000001,25.500607403,7.1521826620000004
1021,Si,sc4,1.1000000238418579,16.62265464,25.203189772999998,11.131923649000001
1022,Si,sc4,1.1000000238418579,14.168390944,25.243129490000001,3.1985173640000002
1023,H,hoy,0.40000000596046448,17.409626960000001,26.105823948000001,0.082212121999999999
1024,H,hoy,0.40000000596046448,11.437288097,27.358590493000001,0.95277212600000005
1025,O,oc23,-0.55000001192092896,11.193007661999999,24.916578115,23.283531460999999
1026,O,oc23,-0.55000001192092896,17.219860288,24.901625908,15.243389603000001
1027,O,oc23,-0.55000001192092896,14.402254802,24.973522382999999,18.931924794
1028,O,oc23,-0.55000001192092896,10.184872434000001,28.683780153000001,19.121391626000001
1029,O,oc23,-0.55000001192092896,15.580314026,28.766341344000001,22.901583294999998
1030,O,oc23,-0.55000001192092896,13.09745161,28.841966523,15.260280570999999
1031,O,oc23,-0.55000001192092896,13.067284515000001,28.099713473000001,23.489955599000002
1032,O,oc23,-0.55000001192092896,10.675258042999999,27.937065122,15.652834126
1033,O,oc23,-0.55000001192092896,15.994147138000001,28.119300075000002,19.495024057999998
1034,O,oc23,-0.55000001192092896,11.101838549,25.637013572000001,20.762574449999999
1035,O,oc23,-0.55000001192092896,17.035385811000001,25.535075584000001,12.711106257999999
1036,O,oc23,-0.55000001192092896,13.924149159000001,25.928400880000002,16.568486745000001
1037,O,oc23,-0.55000001192092896,10.768062661,27.375513997999999,22.593877735
1038,O,oc23,-0.55000001192092896,8.2912069600000002,27.421029114,14.581430275000001
1039,O,oc23,-0.55000001192092896,13.555133573000001,27.434203175,18.629325351999999
1040,O,oc23,-0.55000001192092896,9.4856851379999991,26.173855540999998,18.721112555000001
1041,O,oc23,-0.55000001192092896,14.748878532999999,26.24299963,22.673554247999999
1042,O,oc23,-0.55000001192092896,12.442914757,26.39034887,14.536256641
1043,O,oc23,-0.55000001192092896,14.866777146,25.452233961000001,14.159219480000001
1044,O,oc23,-0.55000001192092896,8.9375680259999992,25.466452889999999,22.195302003999998
1045,O,oc23,-0.55000001192092896,11.905076118,25.410030017,18.269637675999999
1046,O,oc23,-0.55000001192092896,8.591845588,28.120972279,17.169297529000001
1047,O,oc23,-0.55000001192092896,13.887775199,28.048344604,20.994531128999999
1048,O,oc23,-0.55000001192092896,11.607574239,28.318996579,13.217903594999999
1049,Si,sc4,1.1000000238418579,16.438747046,25.826741246000001,14.185734417999999
1050,Si,sc4,1.1000000238418579,10.512174426,25.823571329,22.201455881000001
1051,Si,sc4,1.1000000238418579,13.425855542000001,25.912405883000002,18.113363538000002
1052,Si,sc4,1.1000000238418579,8.9871906250000002,27.696558524,18.625331379999999
1053,Si,sc4,1.1000000238418579,14.336680429999999,27.784069855999999,22.471844050000001
1054,Si,sc4,1.1000000238418579,11.971184055,27.908523399,14.64860197
1055,Si,sc4,1.1000000238418579,11.542701509,28.360259517999999,23.568912144999999
1056,Si,sc4,1.1000000238418579,9.0922423890000008,28.296377159999999,15.664618977
1057,Si,sc4,1.1000000238418579,14.444869441,28.434596788,19.549757273000001
1058,Si,sc4,1.1000000238418579,10.703790129,25.241631775999998,19.262413748
1059,Si,sc4,1.1000000238418579,16.006760769,25.334020543000001,23.083981168000001
1060,Si,sc4,1.1000000238418579,13.564845163999999,25.402398119000001,15.066426613999999
1061,O,oc23,-0.55000001192092896,11.930871754,29.907148184,11.052444199
1062,O,oc23,-0.55000001192092896,17.831048040999999,29.973122355000001,3.2249735240000001
1063,O,oc23,-0.55000001192092896,14.881160047,29.888922195999999,7.1862919009999997
1064,O,oc23,-0.55000001192092896,10.672187927,33.815253685999998,7.1960470839999999
1065,O,oc23,-0.55000001192092896,16.031121794000001,33.692646838000002,11.234710371
1066,O,oc23,-0.55000001192092896,13.681809912,33.685154116,3.082080264
1067,O,oc23,-0.55000001192092896,13.562842179,32.855983835000004,11.709428136
1068,O,oc23,-0.55000001192092896,11.210093695999999,33.092516611000001,3.5872340139999999
1069,O,oc23,-0.55000001192092896,16.583009668999999,32.864556737999997,7.5463727309999999
1070,O,oc23,-0.55000001192092896,11.421097773,30.99341416,8.6967316649999997
1071,O,oc24,-0.67500001192092896,17.595550168999999,30.704012724999998,0.70248450600000001
1072,O,oc23,-0.55000001192092896,14.495892835999999,30.747751772000001,4.7207744160000003
1073,O,oc23,-0.55000001192092896,11.041203512999999,32.355176311000001,10.899247000000001
1074,O,oc23,-0.55000001192092896,8.8956878469999996,32.624295259,2.6523666270000001
1075,O,oc23,-0.55000001192092896,14.190015021000001,32.328863501000001,6.6908208980000001
1076,O,oc23,-0.55000001192092896,9.9513094219999996,31.331990865000002,6.6644371749999998
1077,O,oc23,-0.55000001192092896,15.379121490999999,31.152265258,10.795281792999999
1078,O,oc23,-0.55000001192092896,13.007817555000001,31.253785713999999,2.6321433660000002
1079,O,oc23,-0.55000001192092896,15.497487532999999,30.384430599000002,2.3168371620000001
1080,O,oc23,-0.55000001192092896,9.5433500080000009,30.282770965000001,10.296995302999999
1081,O,oc23,-0.55000001192092896,12.465040077999999,30.482292979,6.3443711790000004
1082,O,oc23,-0.55000001192092896,8.9967346369999994,33.475247818,5.1173473070000002
1083,O,oc23,-0.55000001192092896,14.493957480000001,33.140123539999998,9.1924641200000003
1084,O,oc24,-0.67500001192092896,11.963375000999999,33.164762068000002,1.101833496
1085,Si,sc4,1.1000000238418579,17.036186408999999,30.851920751000002,2.1826054749999999
1086,Si,sc4,1.1000000238418579,11.000190566000001,30.873179557,10.22471749
1087,Si,sc4,1.1000000238418579,13.997932386,30.796752551000001,6.2735596429999996
1088,Si,sc4,1.1000000238418579,9.4860521200000001,32.926382597,6.6063655690000003
1089,Si,sc4,1.1000000238418579,14.862805985,32.668312661000002,10.735050282
1090,Si,sc4,1.1000000238418579,12.451891887,32.774851806999997,2.6114418330000002
1091,Si,sc4,1.1000000238418579,11.956767836999999,33.317547529000002,11.725271344999999
1092,Si,sc4,1.1000000238418579,9.7074017999999995,33.604092715,3.6370562249999998
1093,Si,sc4,1.1000000238418579,15.044177527,33.337483112999998,7.6422192689999999
1094,Si,sc4,1.1000000238418579,11.081115019,30.407083254,7.2541182019999999
1095,Si,sc4,1.1000000238418579,16.587615339999999,30.166055261,11.220634888999999
1096,Si,sc4,1.1000000238418579,14.141527678999999,30.277997393,3.2359001190000001
1097,H,hoy,0.40000000596046448,11.899639602000001,32.392674436,0.57245878699999997
1098,H,hoy,0.40000000596046448,17.239700678999998,31.397792041999999,0.18335737099999999
1099,O,oc23,-0.55000001192092896,11.209426366000001,29.886481401000001,23.156848223000001
1100,O,oc23,-0.55000001192092896,16.997677191000001,29.874736503000001,15.417995620999999
1101,O,oc23,-0.55000001192092896,14.227724636,30.017521976000001,19.282576768999999
1102,O,oc23,-0.55000001192092896,10.105449721999999,33.648178667000003,19.197991201000001
1103,O,oc23,-0.55000001192092896,15.457576028,33.735060584999999,23.444519539000002
1104,O,oc23,-0.55000001192092896,13.05083299,33.796886444000002,15.410597896000001
1105,O,oc23,-0.55000001192092896,12.976816049,32.924047741999999,23.788625457999999
1106,O,oc23,-0.55000001192092896,10.593399227999999,32.847689285999998,15.57865786
1107,O,oc23,-0.55000001192092896,16.066094460999999,32.920632707000003,19.755789234000002
1108,O,oc23,-0.55000001192092896,10.991680864999999,30.722728949,20.623058603
1109,O,oc23,-0.55000001192092896,17.028778151000001,30.465564703999998,12.764726351
1110,O,oc23,-0.55000001192092896,14.037744438000001,30.845369034000001,16.723320945000001
1111,O,oc23,-0.55000001192092896,10.590696094,32.376715548,22.717484033000002
1112,O,oc23,-0.55000001192092896,8.1765112329999994,32.431221098999998,14.735937659999999
1113,O,oc23,-0.55000001192092896,13.598816338000001,32.434949801999998,18.839351283999999
1114,O,oc23,-0.55000001192092896,9.3011440279999995,31.207294280999999,18.724452896999999
1115,O,oc23,-0.55000001192092896,14.747276343999999,31.364716215000001,22.644878429999999
1116,O,oc23,-0.55000001192092896,12.523338961,31.388798034000001,14.625098608
1117,O,oc23,-0.55000001192092896,14.850525522,30.492712576999999,14.128579845000001
1118,O,oc23,-0.55000001192092896,8.9319285399999995,30.432037527999999,22.189540305000001
1119,O,oc23,-0.55000001192092896,11.848178528,30.484000496,18.230944734000001
1120,O,oc23,-0.55000001192092896,8.4637013210000003,33.114959462000002,17.202162432000002
1121,O,oc23,-0.55000001192092896,14.018955767,33.387179777,21.399654865999999
1122,O,oc23,-0.55000001192092896,11.607540922,33.477200453999998,13.255351712
1123,Si,sc4,1.1000000238418579,16.442318405000002,30.821287215000002,14.225278053
1124,Si,sc4,1.1000000238418579,10.451606024,30.860772009000002,22.163026342999999
1125,Si,sc4,1.1000000238418579,13.429058924,30.918277141000001,18.193496617000001
1126,Si,sc4,1.1000000238418579,8.8239737409999996,32.762165905000003,18.736629924999999
1127,Si,sc4,1.1000000238418579,14.275478014999999,32.849432118000003,22.846457902000001
1128,Si,sc4,1.1000000238418579,11.965344172,32.872084772999997,14.724349875
1129,Si,sc4,1.1000000238418579,11.465314103000001,33.388365899999997,23.768068308
1130,Si,sc4,1.1000000238418579,9.0537988110000001,33.363515489999997,15.736634362
1131,Si,sc4,1.1000000238418579,14.507806318,33.312809270999999,19.875007432
1132,Si,sc4,1.1000000238418579,10.544410642000001,30.261512158999999,19.147251957999998
1133,Si,sc4,1.1000000238418579,16.030954713,30.318284014,22.951536230999999
1134,Si,sc4,1.1000000238418579,13.641564244,30.357212099000002,15.230295542
1135,O,oc23,-0.55000001192092896,20.290117308999999,-0.078901108999999997,11.096243259
1136,O,oc23,-0.55000001192092896,26.292741679999999,-0.102921015,2.9301852030000002
1137,O,oc23,-0.55000001192092896,23.082327458000002,0.016384934,7.2783415319999998
1138,O,oc23,-0.55000001192092896,19.014080913000001,3.9923721919999999,7.3266579549999999
1139,O,oc23,-0.55000001192092896,24.317317589000002,3.846521444,11.12498444
1140,O,oc23,-0.55000001192092896,22.135828757999999,3.8927334849999999,3.1074823230000002
1141,O,oc23,-0.55000001192092896,21.918583506000001,2.978553947,11.616919987999999
1142,O,oc23,-0.55000001192092896,19.578949399999999,3.054974981,3.6436422780000002
1143,O,oc23,-0.55000001192092896,24.830996594999998,3.0108537150000001,7.5842793650000004
1144,O,oc23,-0.55000001192092896,19.855394084,0.96569101800000001,8.5983974310000004
1145,O,oc24,-0.67500001192092896,25.536791054999998,1.0278056170000001,0.585981372
1146,O,oc23,-0.55000001192092896,22.883604342000002,0.768665237,4.8215509819999998
1147,O,oc23,-0.55000001192092896,19.523721129999998,2.423170764,10.666765464999999
1148,O,oc23,-0.55000001192092896,17.119947759999999,2.4959882499999999,2.8477529559999999
1149,O,oc23,-0.55000001192092896,22.424887073000001,2.575971027,6.7517075020000004
1150,O,oc23,-0.55000001192092896,18.355505769000001,1.482278153,6.652652324
1151,O,oc23,-0.55000001192092896,23.759256662999999,1.2675794570000001,10.619954830999999
1152,O,oc23,-0.55000001192092896,21.352079016000001,1.4048744390000001,2.8521786160000002
1153,O,oc23,-0.55000001192092896,23.769369050000002,0.56029547099999999,2.2915397319999999
1154,O,oc23,-0.55000001192092896,17.833718354999998,0.487293433,10.264718667
1155,O,oc23,-0.55000001192092896,20.811237391999999,0.58081918200000004,6.2907979139999997
1156,O,oc23,-0.55000001192092896,17.453656517999999,3.4576207380000001,5.1634248029999998
1157,O,oc23,-0.55000001192092896,22.731166678000001,3.3297181440000001,9.1351788220000003
1158,O,oc24,-0.67500001192092896,20.317481817000001,3.2458041290000001,1.1981320870000001
1159,Si,sc4,1.1000000238418579,25.273160897,0.97633444199999997,2.2001186110000002
1160,Si,sc4,1.1000000238418579,19.410059217000001,0.94612921400000005,10.173716795000001
1161,Si,sc4,1.1000000238418579,22.316465342000001,1.028673527,6.3171489559999996
1162,Si,sc4,1.1000000238418579,17.854040593000001,3.0214275509999999,6.6680379930000004
1163,Si,sc4,1.1000000238418579,23.233197742000002,2.802254021,10.582965228999999
1164,Si,sc4,1.1000000238418579,20.875175761000001,2.9324533000000002,2.7205397420000001
1165,Si,sc4,1.1000000238418579,20.371141713,3.3706328800000001,11.665759802
1166,Si,sc4,1.1000000238418579,18.066213739999998,3.518191405,3.68751987
1167,Si,sc4,1.1000000238418579,23.329939706000001,3.5019858240000001,7.6358688150000003
1168,Si,sc4,1.1000000238418579,19.501262641,0.50829803200000001,7.1506110239999998
1169,Si,sc4,1.1000000238418579,24.920663469000001,0.315802847,11.251143797999999
1170,Si,sc4,1.1000000238418579,22.537680760000001,0.36960907100000001,3.3130228420000001
1171,H,hoy,0.40000000596046448,24.715089774999999,1.2081292159999999,0.171555338
1172,H,hoy,0.40000000596046448,20.026525898999999,2.4340646690000001,0.81900179299999998
1173,O,oc23,-0.55000001192092896,19.655969824,-0.14366653500000001,23.338459789000002
1174,O,oc23,-0.55000001192092896,25.643577778000001,0.068359749999999997,15.247383574000001
1175,O,oc23,-0.55000001192092896,22.677839949999999,-0.15400876699999999,19.190855903999999
1176,O,oc23,-0.55000001192092896,18.486486436,3.9392942469999999,19.225291469999998
1177,O,oc23,-0.55000001192092896,23.891272637,3.616436003,23.147486682
1178,O,oc23,-0.55000001192092896,21.508888635999998,3.72708737,15.168689456999999
1179,O,oc23,-0.55000001192092896,21.504518668999999,2.8997352209999998,23.616900289
1180,O,oc23,-0.55000001192092896,18.957684068999999,3.2271764479999998,15.656107154000001
1181,O,oc23,-0.55000001192092896,24.513538466,3.0504792439999999,19.643050752000001
1182,O,oc23,-0.55000001192092896,19.476867801000001,0.739962071,20.876032899999998
1183,O,oc23,-0.55000001192092896,25.352082863,0.83012121100000003,12.748947529000001
1184,O,oc23,-0.55000001192092896,22.396690143000001,0.53455469,16.739164154000001
1185,O,oc23,-0.55000001192092896,18.964358363999999,2.4090284340000001,22.932288292999999
1186,O,oc23,-0.55000001192092896,16.647082299000001,2.476067467,14.663398395
1187,O,oc23,-0.55000001192092896,22.340059583999999,2.4573525410000001,18.561172236000001
1188,O,oc23,-0.55000001192092896,17.914008796000001,1.372288916,18.828941983
1189,O,oc23,-0.55000001192092896,23.194588076999999,1.0824378809999999,22.769663214000001
1190,O,oc23,-0.55000001192092896,20.68910009,1.313725544,14.928090228
1191,O,oc23,-0.55000001192092896,23.286791004000001,0.61412610199999995,14.244656718
1192,O,oc23,-0.55000001192092896,17.333754921000001,0.42598384099999997,22.451351288000001
1193,O,oc23,-0.55000001192092896,20.315746360999999,0.720971841,18.363192605999998
1194,O,oc23,-0.55000001192092896,17.008321651999999,3.308528667,17.167332736999999
1195,O,oc23,-0.55000001192092896,22.372628470999999,2.9525205309999998,21.132737765000002
1196,O,oc23,-0.55000001192092896,19.869911246000001,3.1313401879999998,13.20107799
1197,Si,sc4,1.1000000238418579,24.818549050000001,0.98404345999999998,14.262595445000001
1198,Si,sc4,1.1000000238418579,18.876358323000002,0.89044104599999996,22.402381723000001
1199,Si,sc4,1.1000000238418579,21.903967885,0.93035921099999996,18.20822768
1200,Si,sc4,1.1000000238418579,17.384545595999999,2.9052836160000002,18.752800924999999
1201,Si,sc4,1.1000000238418579,22.729696762,2.6498827149999999,22.661377219999999
1202,Si,sc4,1.1000000238418579,20.271662800000001,2.8689619890000002,14.742877844000001
1203,Si,sc4,1.1000000238418579,19.929978901999998,3.453787132,23.696968980000001
1204,Si,sc4,1.1000000238418579,17.432699769999999,3.5214675230000001,15.631622372000001
1205,Si,sc4,1.1000000238418579,22.967065345000002,3.372724174,19.686652747
1206,Si,sc4,1.1000000238418579,19.060366365,0.34195843300000001,19.307783471
1207,Si,sc4,1.1000000238418579,24.410789536999999,0.18309779300000001,23.139890916999999
1208,Si,sc4,1.1000000238418579,22.02797391,0.39626651200000002,15.211179305
1209,O,oc23,-0.55000001192092896,20.186667236000002,4.8917329880000002,11.230389583999999
1210,O,oc23,-0.55000001192092896,26.398762613999999,4.8934057119999999,3.0135930169999998
1211,O,oc23,-0.55000001192092896,23.248414059000002,5.0614913230000003,7.1168290870000002
1212,O,oc23,-0.55000001192092896,19.086228136999999,8.8404735730000006,6.9231712190000003
1213,O,oc23,-0.55000001192092896,24.360800454,8.8641721350000005,11.182597529000001
1214,O,oc23,-0.55000001192092896,21.820741591000001,8.8566098249999996,3.24063357
1215,O,oc23,-0.55000001192092896,21.944546720000002,8.1493463520000002,11.690114833999999
1216,O,oc23,-0.55000001192092896,19.480104998000002,7.8052986310000003,3.5284426839999998
1217,O,oc23,-0.55000001192092896,24.871076175999999,8.1544346310000009,7.7034331759999999
1218,O,oc23,-0.55000001192092896,19.984739742999999,5.870379636,8.7961799969999994
1219,O,oc24,-0.67500001192092896,25.972114977,5.8459493550000001,0.50234253200000001
1220,O,oc23,-0.55000001192092896,23.007477099999999,5.8464022,4.6461196329999996
1221,O,oc23,-0.55000001192092896,19.642921583,7.3718586080000001,10.733871797000001
1222,O,oc23,-0.55000001192092896,17.074829887,7.3294453800000001,2.6222247749999998
1223,O,oc23,-0.55000001192092896,22.465233187999999,7.4921290450000004,6.7261091100000003
1224,O,oc23,-0.55000001192092896,18.331111923000002,6.4185136570000001,6.8224141649999996
1225,O,oc23,-0.55000001192092896,23.737231789999999,6.4424562989999998,10.702249766
1226,O,oc23,-0.55000001192092896,21.44081302,6.3472439989999998,2.4919475489999998
1227,O,oc23,-0.55000001192092896,24.014477070000002,5.4924573150000002,2.2079355860000001
1228,O,oc23,-0.55000001192092896,17.900493125000001,5.6151321940000001,10.222099068
1229,O,oc23,-0.55000001192092896,20.756342288999999,5.6107756340000003,6.2500953040000002
1230,O,oc23,-0.55000001192092896,17.395491399000001,8.1150879759999999,5.0964760250000003
1231,O,oc23,-0.55000001192092896,22.676771823999999,8.4994929450000001,9.1686993070000007
1232,O,oc24,-0.67500001192092896,20.462111422,8.4646072320000005,1.1034898870000001
1233,Si,sc4,1.1000000238418579,25.531685135,5.9156859859999997,2.0885851980000001
1234,Si,sc4,1.1000000238418579,19.449637554999999,5.8800332400000004,10.246846278
1235,Si,sc4,1.1000000238418579,22.342193847000001,6.0242463180000003,6.1701641680000003
1236,Si,sc4,1.1000000238418579,17.834986382,7.8581324959999996,6.6060382659999997
1237,Si,sc4,1.1000000238418579,23.165921728000001,8.0059351010000004,10.662903195
1238,Si,sc4,1.1000000238418579,20.818979811999998,7.8467713740000002,2.5861839130000002
1239,Si,sc4,1.1000000238418579,20.307437058000001,8.4089851479999993,11.7700528
1240,Si,sc4,1.1000000238418579,17.951918311,8.2874252449999997,3.5778195479999999
1241,Si,sc4,1.1000000238418579,23.261762648000001,8.4908847279999993,7.7030405100000001
1242,Si,sc4,1.1000000238418579,19.542008557999999,5.4584077039999999,7.3164447429999999
1243,Si,sc4,1.1000000238418579,24.858761898000001,5.3667501370000004,11.183644312
1244,Si,sc4,1.1000000238418579,22.677839949999999,5.4052253759999997,3.114886877
1245,H,hoy,0.40000000596046448,19.751754475999999,9.0786836999999991,1.1538276000000001
1246,H,hoy,0.40000000596046448,25.262338281000002,6.1827632589999997,-0.01164492
1247,O,oc23,-0.55000001192092896,19.847451762999999,4.8306045739999997,22.976938047000001
1248,O,oc23,-0.55000001192092896,25.576301764,4.892500021,15.126527399
1249,O,oc23,-0.55000001192092896,22.659785242000002,4.8910708569999999,19.378752073000001
1250,O,oc23,-0.55000001192092896,18.430289493,8.8655317100000008,19.239891806999999
1251,O,oc23,-0.55000001192092896,23.811348184,8.7179030770000008,23.232464427
1252,O,oc23,-0.55000001192092896,21.385383855000001,8.7118395189999998,15.284962417999999
1253,O,oc23,-0.55000001192092896,21.293046665999999,7.8744079259999999,23.600009320000002
1254,O,oc23,-0.55000001192092896,18.994291744000002,7.9808774830000004,15.730284396
1255,O,oc23,-0.55000001192092896,24.342147039,8.1777847300000008,19.670745149999998
1256,O,oc23,-0.55000001192092896,19.365409767999999,5.9293824810000002,20.691211718000002
1257,O,oc23,-0.55000001192092896,25.28213753,5.6424550770000002,12.655195534000001
1258,O,oc23,-0.55000001192092896,22.441706573000001,5.5373102989999996,16.802538942000002
1259,O,oc23,-0.55000001192092896,18.913700956,7.3500768489999997,22.788191182999999
1260,O,oc23,-0.55000001192092896,16.582075804999999,7.4267141790000002,14.709095908
1261,O,oc23,-0.55000001192092896,22.160990381000001,7.3840568710000003,18.646610449000001
1262,O,oc23,-0.55000001192092896,17.822071407999999,6.3455359619999996,18.622517845000001
1263,O,oc23,-0.55000001192092896,23.178936154999999,6.1404042749999999,22.601537886999999
1264,O,oc23,-0.55000001192092896,20.751570531999999,6.168458877,14.849002957
1265,O,oc23,-0.55000001192092896,23.245778553000001,5.5572100500000001,14.244525992
1266,O,oc23,-0.55000001192092896,17.384378515000002,5.2384292309999996,22.287614061999999
1267,O,oc23,-0.55000001192092896,20.255644890999999,5.610532074,18.351146304
1268,O,oc23,-0.55000001192092896,16.977420593000002,8.3999240860000004,17.195419312999999
1269,O,oc23,-0.55000001192092896,22.215450873999998,8.0835830239999993,21.203378576999999
1270,O,oc23,-0.55000001192092896,19.833369210000001,8.2092548880000002,13.243960016000001
1271,Si,sc4,1.1000000238418579,24.767157679,5.9202165170000001,14.172575969
1272,Si,sc4,1.1000000238418579,18.872320529,5.8114121040000004,22.195499068
1273,Si,sc4,1.1000000238418579,21.883110590000001,5.8270601969999998,18.319590611999999
1274,Si,sc4,1.1000000238418579,17.321441638,7.909154461,18.658590412999999
1275,Si,sc4,1.1000000238418579,22.609796158999998,7.7020010680000004,22.671917247
1276,Si,sc4,1.1000000238418579,20.229415143000001,7.715070227,14.773255052
1277,Si,sc4,1.1000000238418579,19.730454195,8.3525617560000001,23.733894194000001
1278,Si,sc4,1.1000000238418579,17.470542651999999,8.3953587600000006,15.647924097000001
1279,Si,sc4,1.1000000238418579,22.776350189999999,8.4338687940000003,19.692806623999999
1280,Si,sc4,1.1000000238418579,18.989719887,5.4300742279999996,19.239564015999999
1281,Si,sc4,1.1000000238418579,24.317017240999999,5.190160691,23.198028861000001
1282,Si,sc4,1.1000000238418579,22.020298123,5.2281830850000004,15.263685300000001
1283,O,oc23,-0.55000001192092896,20.089491656,9.9877635809999994,11.265481706999999
1284,O,oc23,-0.55000001192092896,26.171540231000002,9.8904942620000007,3.0674282220000002
1285,O,oc23,-0.55000001192092896,23.154208147999999,10.00881362,7.1129663289999998
1286,O,oc23,-0.55000001192092896,19.081222664999999,13.896285576,7.200302508
1287,O,oc23,-0.55000001192092896,24.405683617000001,13.781103936999999,11.050153568000001
1288,O,oc23,-0.55000001192092896,21.852276164999999,13.824389101,3.1667711920000001
1289,O,oc23,-0.55000001192092896,21.965370200999999,13.138001176,11.593940505999999
1290,O,oc23,-0.55000001192092896,19.405554987999999,12.888051298000001,3.6712835070000001
1291,O,oc23,-0.55000001192092896,24.8875277,13.082100737999999,7.5531812140000003
1292,O,oc23,-0.55000001192092896,20.023082874,10.655749987,8.6765676690000006
1293,O,oc24,-0.67500001192092896,25.882748451000001,10.580751105999999,0.61821319399999997
1294,O,oc23,-0.55000001192092896,22.779186590999998,10.976795552,4.6084554280000001
1295,O,oc23,-0.55000001192092896,19.616392480999998,12.496885326999999,10.573471985999999
1296,O,oc23,-0.55000001192092896,17.013127223000001,12.310293294999999,2.8017871620000001
1297,O,oc23,-0.55000001192092896,22.519194425999999,12.499428947,6.6868927769999997
1298,O,oc23,-0.55000001192092896,18.269408264999999,11.355902957,6.7841802280000003
1299,O,oc23,-0.55000001192092896,23.713203931999999,11.290209217999999,10.704541373
1300,O,oc23,-0.55000001192092896,21.330255037000001,11.321540717,2.453477769
1301,O,oc23,-0.55000001192092896,23.749211904999999,10.282009215,2.2375211199999998
1302,O,oc23,-0.55000001192092896,17.762138014000001,10.592077434,10.169722823000001
1303,O,oc23,-0.55000001192092896,20.750969834999999,10.708339254,6.2913476460000002
1304,O,oc23,-0.55000001192092896,17.382710686999999,13.359165252,5.2679334009999996
1305,O,oc23,-0.55000001192092896,22.732901138999999,13.137478742000001,9.1639853660000004
1306,O,oc24,-0.67500001192092896,20.168680157000001,13.488112975,1.2378851040000001
1307,Si,sc4,1.1000000238418579,25.234984848,10.784244864,2.1341583260000001
1308,Si,sc4,1.1000000238418579,19.386299883,10.951389472000001,10.202916493
1309,Si,sc4,1.1000000238418579,22.290703021999999,11.007499715,6.1477280759999999
1310,Si,sc4,1.1000000238418579,17.819402088,12.943846835,6.7606110150000003
1311,Si,sc4,1.1000000238418579,23.205066451,12.832359625,10.643458192000001
1312,Si,sc4,1.1000000238418579,20.674983723,12.793257049999999,2.6584946519999999
1313,Si,sc4,1.1000000238418579,20.361631017000001,13.448069394999999,11.673746769999999
1314,Si,sc4,1.1000000238418579,17.849936164999999,13.350974567,3.6968165370000001
1315,Si,sc4,1.1000000238418579,23.305044617,13.435802063000001,7.6915176000000001
1316,Si,sc4,1.1000000238418579,19.491985660000001,10.402628114000001,7.1880596289999996
1317,Si,sc4,1.1000000238418579,24.922232837999999,10.376803464,11.228425767999999
1318,Si,sc4,1.1000000238418579,22.445344565999999,10.339547583,3.1352872039999999
1319,H,hoy,0.40000000596046448,19.879171565,12.817510330999999,0.64934605099999998
1320,H,hoy,0.40000000596046448,25.184233361,10.498009657000001,-0.0025512529999999999
1321,O,oc23,-0.55000001192092896,19.662610304000001,9.9402968680000008,23.293154454
1322,O,oc23,-0.55000001192092896,25.442451876,9.9854983149999992,15.222963180000001
1323,O,oc23,-0.55000001192092896,22.416244601999999,9.9325247529999992,19.342613166
1324,O,oc23,-0.55000001192092896,18.486152273999998,13.770474534,19.263264443000001
1325,O,oc23,-0.55000001192092896,23.862405394,13.768975782,23.254069335000001
1326,O,oc23,-0.55000001192092896,21.364960175,13.655222268999999,15.120045731999999
1327,O,oc23,-0.55000001192092896,21.487132286000001,12.980893949,23.715430611999999
1328,O,oc23,-0.55000001192092896,18.910564206,12.872507068999999,15.681182154
1329,O,oc23,-0.55000001192092896,24.261621889000001,13.015117011999999,19.700008260000001
1330,O,oc23,-0.55000001192092896,19.374052239000001,10.755458023999999,20.868961989999999
1331,O,oc23,-0.55000001192092896,25.251370733000002,10.736917329000001,12.727015806000001
1332,O,oc23,-0.55000001192092896,22.31850214,10.639544147000001,16.787480088999999
1333,O,oc23,-0.55000001192092896,19.067607541000001,12.358283481000001,22.900340422999999
1334,O,oc23,-0.55000001192092896,16.472151338,12.360338942,14.903145953999999
1335,O,oc23,-0.55000001192092896,21.853978801,12.355634958,18.850088374999999
1336,O,oc23,-0.55000001192092896,17.713583044,11.249259947000001,18.870906977000001
1337,O,oc23,-0.55000001192092896,23.264567224,11.259506093000001,22.659870945000002
1338,O,oc23,-0.55000001192092896,20.595027446,11.169067885,14.773975996000001
1339,O,oc23,-0.55000001192092896,23.08996943,10.476755580000001,14.30501993
1340,O,oc23,-0.55000001192092896,17.263776768,10.591589275,22.359497745999999
1341,O,oc23,-0.55000001192092896,20.162206757,10.495261999,18.365288124999999
1342,O,oc23,-0.55000001192092896,16.856785032000001,13.130786809,17.277844974000001
1343,O,oc23,-0.55000001192092896,22.244918813999998,13.166579251,21.295296506
1344,O,oc23,-0.55000001192092896,19.727384079,13.081263597,13.164808357
1345,Si,sc4,1.1000000238418579,24.666177025,10.928979857,14.244395266
1346,Si,sc4,1.1000000238418579,18.815723783999999,10.89587229,22.377372086000001
1347,Si,sc4,1.1000000238418579,21.715522247999999,10.844327891000001,18.324240163999999
1348,Si,sc4,1.1000000238418579,17.250428179,12.816292962,18.775059463000002
1349,Si,sc4,1.1000000238418579,22.788897187,12.781163169999999,22.740792282000001
1350,Si,sc4,1.1000000238418579,20.183330586,12.678945789,14.649321938
1351,Si,sc4,1.1000000238418579,19.972493094000001,13.347768297,23.846041482
1352,Si,sc4,1.1000000238418579,17.392921531999999,13.323965872,15.762167879
1353,Si,sc4,1.1000000238418579,22.689953332000002,13.353309422000001,19.77241875
1354,Si,sc4,1.1000000238418579,18.921843177,10.341290415,19.359896312
1355,Si,sc4,1.1000000238418579,24.417198291999998,10.242627247,23.228406068000002
1356,Si,sc4,1.1000000238418579,21.839327377,10.247820428000001,15.271345453
1357,O,oc23,-0.55000001192092896,20.135243044999999,14.956797528999999,11.275956370999999
1358,O,oc23,-0.55000001192092896,26.19086197,14.852105076999999,3.1692852290000002
1359,O,oc23,-0.55000001192092896,23.134954036,15.024582043000001,7.2364414139999997
1360,O,oc23,-0.55000001192092896,19.156507633,18.818200753999999,7.0996761790000003
1361,O,oc23,-0.55000001192092896,24.418399685000001,18.761638703999999,11.097814896999999
1362,O,oc23,-0.55000001192092896,22.005781955,18.717203770000001,2.953407114
1363,O,oc23,-0.55000001192092896,22.014659134999999,18.236994479,11.712308985
1364,O,oc23,-0.55000001192092896,19.615558069999999,17.976519061000001,3.5043369100000001
1365,O,oc23,-0.55000001192092896,24.822387937999999,17.941633349,7.7329596890000003
1366,O,oc23,-0.55000001192092896,19.900745670999999,15.599168050999999,8.7964414489999996
1367,O,oc24,-0.67500001192092896,25.777262574000002,15.659285353,0.78690703200000001
1368,O,oc23,-0.55000001192092896,22.832380052000001,15.821760252000001,4.643363656
1369,O,oc23,-0.55000001192092896,19.644390505000001,17.411970434000001,10.573602712
1370,O,oc23,-0.55000001192092896,17.206078084000001,17.367500186000001,2.6365297590000001
1371,O,oc23,-0.55000001192092896,22.44160712,17.474876472999998,6.5853503910000004
1372,O,oc23,-0.55000001192092896,18.301544530000001,16.34710244,6.9398660989999996
1373,O,oc23,-0.55000001192092896,23.636752380000001,16.277051621999998,10.846085424
1374,O,oc23,-0.55000001192092896,21.389755811000001,16.195501023999999,2.5108025779999998
1375,O,oc23,-0.55000001192092896,23.774540608999999,15.345907,2.359104093
1376,O,oc23,-0.55000001192092896,17.809123615000001,15.616454073,10.263409456
1377,O,oc23,-0.55000001192092896,20.749101112000002,15.659459843,6.3053319119999998
1378,O,oc23,-0.55000001192092896,17.490130925999999,18.112437070999999,5.1264083740000004
1379,O,oc23,-0.55000001192092896,22.733635103000001,18.090515616000001,9.1544267599999998
1380,O,oc24,-0.67500001192092896,20.226779637,18.172798452999999,1.0623293709999999
1381,Si,sc4,1.1000000238418579,25.332729299,15.876999079000001,2.2994484110000002
1382,Si,sc4,1.1000000238418579,19.373751891000001,15.859538565999999,10.24036461
1383,Si,sc4,1.1000000238418579,22.307488709000001,15.9625235,6.2001165159999996
1384,Si,sc4,1.1000000238418579,17.885442895000001,17.881026849000001,6.6769415050000003
1385,Si,sc4,1.1000000238418579,23.213309120000002,17.852449813,10.687781130999999
1386,Si,sc4,1.1000000238418579,20.813606364000002,17.764799304,2.520289236
1387,Si,sc4,1.1000000238418579,20.377082044000002,18.426512347999999,11.670866896
1388,Si,sc4,1.1000000238418579,18.073354469000002,18.292615523999999,3.6051400600000001
1389,Si,sc4,1.1000000238418579,23.295166940000001,18.384586760000001,7.6822209340000001
1390,Si,sc4,1.1000000238418579,19.509872292000001,15.390864368000001,7.2939232900000004
1391,Si,sc4,1.1000000238418579,24.840941900000001,15.316039977999999,11.268034766
1392,Si,sc4,1.1000000238418579,22.443275942,15.27543865,3.1278760650000001
1393,H,hoy,0.40000000596046448,25.000334315,15.544262282,0.27451114100000001
1394,H,hoy,0.40000000596046448,20.007858597999999,19.08799248,1.034702196
1395,O,oc23,-0.55000001192092896,19.760420394,14.879079497999999,23.389591209999999
1396,O,oc23,-0.55000001192092896,25.432908360999999,14.958644224,15.225974754999999
1397,O,oc23,-0.55000001192092896,22.530573844999999,14.898701413,19.287095595
1398,O,oc23,-0.55000001192092896,18.373592300999999,18.648616390000001,19.061618631999998
1399,O,oc23,-0.55000001192092896,23.679499291999999,18.765192917,23.097075229000001
1400,O,oc23,-0.55000001192092896,21.355850276000002,18.770386097999999,15.242734996999999
1401,O,oc23,-0.55000001192092896,21.316940261999999,18.06768847,23.524393116999999
1402,O,oc23,-0.55000001192092896,18.945002809999998,17.930933319000001,15.642359463
1403,O,oc23,-0.55000001192092896,24.348919792,17.902217104999998,19.615814870000001
1404,O,oc23,-0.55000001192092896,19.379992569999999,15.56856879,20.833935230000002
1405,O,oc23,-0.55000001192092896,25.193136991999999,15.708146954,12.782926529999999
1406,O,oc23,-0.55000001192092896,22.289300734000001,15.470150739999999,16.811441968
1407,O,oc23,-0.55000001192092896,19.004703484,17.29887957,22.613061285000001
1408,O,oc23,-0.55000001192092896,16.622354292000001,17.312888695000002,14.601791335
1409,O,oc23,-0.55000001192092896,22.065081833000001,17.399805925999999,18.581860112000001
1410,O,oc23,-0.55000001192092896,17.682114108,16.250600674000001,18.851200521999999
1411,O,oc23,-0.55000001192092896,23.124475661999998,16.207907533,22.715324127999999
1412,O,oc23,-0.55000001192092896,20.710524267,16.215401292999999,14.852407685999999
1413,O,oc23,-0.55000001192092896,23.088402049999999,15.410101987999999,14.269011749000001
1414,O,oc23,-0.55000001192092896,17.293042818,15.446033607,22.383264511
1415,O,oc23,-0.55000001192092896,20.140248517,15.610146435000001,18.384994579000001
1416,O,oc23,-0.55000001192092896,16.736382192000001,18.165548772000001,17.147431169000001
1417,O,oc23,-0.55000001192092896,22.283027234999999,18.143280411999999,21.065761182999999
1418,O,oc23,-0.55000001192092896,19.843314516,18.118745747999998,13.168539901000001
1419,Si,sc4,1.1000000238418579,24.573039239,15.888813566,14.260303838
1420,Si,sc4,1.1000000238418579,18.872888406000001,15.754498171,22.351053236999999
1421,Si,sc4,1.1000000238418579,21.736912611000001,15.85612353,18.26413938
1422,Si,sc4,1.1000000238418579,17.143674275999999,17.742076021999999,18.644120802
1423,Si,sc4,1.1000000238418579,22.566180027000001,17.768876989999999,22.573648376000001
1424,Si,sc4,1.1000000238418579,20.262252552,17.77522098,14.715773665
1425,Si,sc4,1.1000000238418579,19.778874902999998,18.378070355999998,23.492443295000001
1426,Si,sc4,1.1000000238418579,17.370930473000001,18.262260343000001,15.670903579999999
1427,Si,sc4,1.1000000238418579,22.862279617999999,18.350712679000001,19.610970204000001
1428,Si,sc4,1.1000000238418579,18.875090296,15.32576369,19.354200951999999
1429,Si,sc4,1.1000000238418579,24.297162433,15.308686434,23.260878793
1430,Si,sc4,1.1000000238418579,21.914513886999998,15.187753867,15.268464603
1431,O,oc23,-0.55000001192092896,20.060825307999998,19.887007256,11.277724098
1432,O,oc23,-0.55000001192092896,25.989133382999999,19.939144716000001,3.3682723760000002
1433,O,oc23,-0.55000001192092896,23.071715817000001,19.993999248000002,7.3874133449999997
1434,O,oc23,-0.55000001192092896,19.202091939999999,23.888442528999999,7.1954578419999997
1435,O,oc23,-0.55000001192092896,24.376350933000001,23.693660851000001,11.177621160999999
1436,O,oc23,-0.55000001192092896,22.241147554000001,23.716591861000001,2.984498436
1437,O,oc23,-0.55000001192092896,21.925292609,22.973119452999999,11.668902104000001
1438,O,oc23,-0.55000001192092896,19.739630728000002,23.259384207,3.657692151
1439,O,oc23,-0.55000001192092896,25.057785362000001,23.234222205999998,7.7707355969999998
1440,O,oc23,-0.55000001192092896,19.919733248,20.572245410000001,8.8702909000000005
1441,O,oc24,-0.67500001192092896,25.737151168,20.557014848000001,0.77763658400000002
1442,O,oc23,-0.55000001192092896,22.97063571,20.479576211000001,4.8583513229999999
1443,O,oc23,-0.55000001192092896,19.489582874,22.3395306,10.721628430999999
1444,O,oc23,-0.55000001192092896,17.471310429999999,22.387451197000001,2.6391223290000001
1445,O,oc23,-0.55000001192092896,22.660153219000001,22.463635161999999,6.7490885929999997
1446,O,oc23,-0.55000001192092896,18.33838592,21.365867328,6.896001676
1447,O,oc23,-0.55000001192092896,23.765963777,21.242774398000002,10.688697189000001
1448,O,oc23,-0.55000001192092896,21.382346557999998,21.252045265,3.1861632709999999
1449,O,oc23,-0.55000001192092896,23.700824015999999,20.565413261,2.379405888
1450,O,oc23,-0.55000001192092896,17.782560699000001,20.477625652,10.201344854
1451,O,oc23,-0.55000001192092896,20.842906228,20.587266165999999,6.423582347
1452,O,oc23,-0.55000001192092896,17.619543219000001,23.099000083,5.0268624859999997
1453,O,oc23,-0.55000001192092896,22.841589405000001,23.268131601,9.2362631799999999
1454,O,oc24,-0.67500001192092896,20.619854906,22.64855395,1.268144878
1455,Si,sc4,1.1000000238418579,25.266654678999998,20.884021145999998,2.375091442
1456,Si,sc4,1.1000000238418579,19.280346575999999,20.818570447999999,10.333723451999999
1457,Si,sc4,1.1000000238418579,22.400626495000001,20.957521275000001,6.3342038189999998
1458,Si,sc4,1.1000000238418579,18.012986465000001,22.896725683,6.6346487219999997
1459,Si,sc4,1.1000000238418579,23.194755158,22.771786058,10.696554406000001
1460,Si,sc4,1.1000000238418579,20.971651190999999,22.709089821999999,2.8537565960000002
1461,Si,sc4,1.1000000238418579,20.332331152999998,23.282350530999999,11.689787043999999
1462,Si,sc4,1.1000000238418579,18.138928839999998,23.418931190999999,3.6018467900000002
1463,Si,sc4,1.1000000238418579,23.427916877000001,23.442699341000001,7.8034702620000003
1464,Si,sc4,1.1000000238418579,19.545278574000001,20.346691019000001,7.3279671659999996
1465,Si,sc4,1.1000000238418579,24.948663482000001,20.323130594999999,11.177687499999999
1466,Si,sc4,1.1000000238418579,22.532942816999999,20.222968675000001,3.3570772560000002
1467,H,hoy,0.40000000596046448,25.094870847999999,20.922110751999998,0.19908719
1468,H,hoy,0.40000000596046448,20.501559079,23.524847464,0.95024765600000005
1469,O,oc23,-0.55000001192092896,19.365409767999999,19.935380697999999,23.062309921000001
1470,O,oc23,-0.55000001192092896,25.435778576000001,19.896591790999999,15.169344062
1471,O,oc23,-0.55000001192092896,22.725491887,19.865017250000001,19.086300478999998
1472,O,oc23,-0.55000001192092896,18.559501885,23.631660501999999,19.115107023
1473,O,oc23,-0.55000001192092896,23.746041341000002,23.591687549,23.30173164
1474,O,oc23,-0.55000001192092896,21.419388843,23.676234612999998,14.881214231
1475,O,oc23,-0.55000001192092896,21.155891953000001,22.970610107999999,23.729833884000001
1476,O,oc23,-0.55000001192092896,18.916037108000001,23.066380674000001,15.558755315999999
1477,O,oc23,-0.55000001192092896,24.264591557999999,22.879162345000001,19.653787843
1478,O,oc23,-0.55000001192092896,19.236397276999998,20.598452278,20.510647912
1479,O,oc23,-0.55000001192092896,25.248900319000001,20.693177977000001,12.685573717
1480,O,oc23,-0.55000001192092896,22.107062957,20.883358496,16.655626345999998
1481,O,oc23,-0.55000001192092896,18.950975961000001,22.364100577999999,22.543466282000001
1482,O,oc23,-0.55000001192092896,16.643111138999998,22.332037878000001,14.516747251
1483,O,oc23,-0.55000001192092896,21.817437760000001,22.389123400999999,18.808121431
1484,O,oc23,-0.55000001192092896,17.728966442000001,21.206006676000001,18.529158027000001
1485,O,oc23,-0.55000001192092896,22.919845035000002,21.191648570000002,22.773329395000001
1486,O,oc23,-0.55000001192092896,20.594092586999999,21.169762427999999,14.679045516
1487,O,oc23,-0.55000001192092896,23.143930669,20.567783428999999,14.184949086
1488,O,oc23,-0.55000001192092896,17.082372407000001,20.528088830000002,21.971920558000001
1489,O,oc23,-0.55000001192092896,20.207323635000002,20.365195361000001,18.206918469000001
1490,O,oc23,-0.55000001192092896,16.828586113,23.113393503000001,17.110570341999999
1491,O,oc23,-0.55000001192092896,22.157986899000001,23.182049433,21.224458630000001
1492,O,oc23,-0.55000001192092896,19.763290609999999,23.099872537,13.128930903000001
1493,Si,sc4,1.1000000238418579,24.645053195999999,20.895695416999999,14.15535721
1494,Si,sc4,1.1000000238418579,18.638423850999999,20.865932258000001,22.019255073
1495,Si,sc4,1.1000000238418579,21.750495909000001,20.889631859000001,18.187670529999998
1496,Si,sc4,1.1000000238418579,17.316001556,22.676609590999998,18.564969142999999
1497,Si,sc4,1.1000000238418579,22.471739407000001,22.736482812999999,22.765080000000001
1498,Si,sc4,1.1000000238418579,20.176422577,22.735367318000002,14.606898427999999
1499,Si,sc4,1.1000000238418579,19.598171687000001,23.228158648000001,23.637129646999998
1500,Si,sc4,1.1000000238418579,17.359684321,23.306677468,15.584026404999999
1501,Si,sc4,1.1000000238418579,22.715047327000001,23.337381631,19.714870048000002
1502,Si,sc4,1.1000000238418579,18.875690992999999,20.164036457000002,19.039032302999999
1503,Si,sc4,1.1000000238418579,24.146226510000002,20.277301811000001,23.160711468999999
1504,Si,sc4,1.1000000238418579,21.828148853999998,20.350035427000002,15.204828363000001
1505,O,oc23,-0.55000001192092896,20.09486411,24.844575699,11.265873885
1506,O,oc23,-0.55000001192092896,26.240851054,24.990111479999999,3.188971928
1507,O,oc23,-0.55000001192092896,23.223886947,24.95648044,7.3021068339999999
1508,O,oc23,-0.55000001192092896,19.170189389000001,28.732118281000002,7.026481821
1509,O,oc23,-0.55000001192092896,24.337208199999999,28.801783766,11.153332468
1510,O,oc23,-0.55000001192092896,22.209911339000001,28.749891424000001,3.184696749
1511,O,oc23,-0.55000001192092896,21.880007655,27.998228331,11.573579446
1512,O,oc23,-0.55000001192092896,19.686904695999999,28.075737595,3.6378157039999999
1513,O,oc23,-0.55000001192092896,24.886493388000002,27.937763086,7.6592414509999998
1514,O,oc23,-0.55000001192092896,20.083317610999998,25.708912124000001,8.7730688130000001
1515,O,oc24,-0.67500001192092896,25.977387977999999,25.697131912,0.65382120899999996
1516,O,oc23,-0.55000001192092896,23.064507459000001,25.432161277999999,4.7114909190000001
1517,O,oc23,-0.55000001192092896,19.527091594000002,27.445702955000002,10.658319981
1518,O,oc23,-0.55000001192092896,17.388817105000001,27.452080182,2.5045504119999999
1519,O,oc23,-0.55000001192092896,22.688318324000001,27.393600808999999,6.5542522400000003
1520,O,oc23,-0.55000001192092896,18.470034911999999,26.291651426000001,6.7707588640000003
1521,O,oc23,-0.55000001192092896,23.729022935,26.227665205000001,10.720188494
1522,O,oc23,-0.55000001192092896,21.377175000000001,26.215538088999999,2.871105837
1523,O,oc23,-0.55000001192092896,23.875187100000002,25.474678889,2.174709966
1524,O,oc23,-0.55000001192092896,17.855709415,25.506984629000002,10.180067737
1525,O,oc23,-0.55000001192092896,20.931705871999998,25.525106753999999,6.2056484689999998
1526,O,oc23,-0.55000001192092896,17.524736611000002,28.040014742,5.0422018150000003
1527,O,oc23,-0.55000001192092896,22.764871318000001,28.087411866,9.1550160030000001
1528,O,oc24,-0.67500001192092896,20.609910594999999,28.230961775000001,1.287032832
1529,Si,sc4,1.1000000238418579,25.415020734999999,25.898639798000001,2.1422633370000002
1530,Si,sc4,1.1000000238418579,19.385332204000001,25.888602418000001,10.228842188
1531,Si,sc4,1.1000000238418579,22.494699139000002,25.809036654,6.1647497700000002
1532,Si,sc4,1.1000000238418579,17.925755196000001,27.734894585999999,6.62417357
1533,Si,sc4,1.1000000238418579,23.172229041000001,27.766365263000001,10.622050349
1534,Si,sc4,1.1000000238418579,21.001584570999999,27.809092678999999,2.7978327009999999
1535,Si,sc4,1.1000000238418579,20.345413207,28.361931722000001,11.663599896999999
1536,Si,sc4,1.1000000238418579,18.118405708000001,28.371271139000001,3.5957582750000001
1537,Si,sc4,1.1000000238418579,23.391308208000002,28.367542435000001,7.6980646310000003
1538,Si,sc4,1.1000000238418579,19.707461642999998,25.391558911000001,7.2097952630000002
1539,Si,sc4,1.1000000238418579,24.911119953,25.240759321999999,11.216379464999999
1540,Si,sc4,1.1000000238418579,22.640029888000001,25.224483892999999,3.1819144320000001
1541,H,hoy,0.40000000596046448,26.264293500000001,26.531583556000001,0.33306029799999998
1542,H,hoy,0.40000000596046448,21.255376653999999,27.892372523999999,0.69455562000000004
1543,O,oc23,-0.55000001192092896,19.328534564999998,24.827672932999999,23.423831663000001
1544,O,oc23,-0.55000001192092896,25.439615475,24.887685333,15.298580359000001
1545,O,oc23,-0.55000001192092896,22.553499763000001,24.85624997,19.151770785
1546,O,oc23,-0.55000001192092896,18.490925025999999,28.637741564999999,18.997918003999999
1547,O,oc23,-0.55000001192092896,23.983274669,28.543749142999999,22.949309986999999
1548,O,oc23,-0.55000001192092896,21.413582774000002,28.615124222999999,15.068259704999999
1549,O,oc23,-0.55000001192092896,21.521704156999999,28.157218605000001,23.532248382999999
1550,O,oc23,-0.55000001192092896,18.917839196999999,28.061483352,15.604910370000001
1551,O,oc23,-0.55000001192092896,24.453504624000001,28.044160978000001,19.619088873999999
1552,O,oc23,-0.55000001192092896,19.388035338000002,25.390235689000001,20.812002531000001
1553,O,oc23,-0.55000001192092896,25.261180782,25.568532133000001,12.738472865
1554,O,oc23,-0.55000001192092896,22.240713938999999,25.459379777999999,16.665577129999999
1555,O,oc23,-0.55000001192092896,19.218043216000002,27.354255193,22.538360164
1556,O,oc23,-0.55000001192092896,16.624856530999999,27.401826807999999,14.543523641
1557,O,oc23,-0.55000001192092896,22.087041068000001,27.258866844,18.514688416999999
1558,O,oc23,-0.55000001192092896,17.712782445999999,26.169499500000001,18.937423089999999
1559,O,oc23,-0.55000001192092896,23.112362279999999,26.075367902,23.056680899
1560,O,oc23,-0.55000001192092896,20.644550094,26.218396415000001,14.657767421999999
1561,O,oc23,-0.55000001192092896,23.17850254,25.500538852999998,14.201054723
1562,O,oc23,-0.55000001192092896,17.227568894000001,25.675453498,22.179653907999999
1563,O,oc23,-0.55000001192092896,20.148658267999998,25.481822629,18.218964771
1564,O,oc23,-0.55000001192092896,16.777161922000001,27.933718635999998,17.171260369999999
1565,O,oc23,-0.55000001192092896,22.378535981999999,27.750474129000001,21.088741640999999
1566,O,oc23,-0.55000001192092896,19.781378137000001,28.093998896999999,13.101630633999999
1567,Si,sc4,1.1000000238418579,24.724910020999999,25.789834347999999,14.181021453
1568,Si,sc4,1.1000000238418579,18.776947037999999,25.794435505999999,22.213632909000001
1569,Si,sc4,1.1000000238418579,21.735345231,25.769900841999998,18.138765353
1570,Si,sc4,1.1000000238418579,17.250795160999999,27.743608743999999,18.651127325000001
1571,Si,sc4,1.1000000238418579,22.731799199000001,27.594446045000002,22.637284615999999
1572,Si,sc4,1.1000000238418579,20.163674684,27.702449669,14.632561696
1573,Si,sc4,1.1000000238418579,19.949066927000001,28.313907262000001,23.593004748999999
1574,Si,sc4,1.1000000238418579,17.371831517,28.335864031,15.737288968
1575,Si,sc4,1.1000000238418579,22.885472069999999,28.160808132,19.649073903000001
1576,Si,sc4,1.1000000238418579,18.977772592000001,25.159627294,19.263067377999999
1577,Si,sc4,1.1000000238418579,24.312279297,25.070094776000001,23.347101362
1578,Si,sc4,1.1000000238418579,21.85851585,25.250379169999999,15.109963246
1579,O,oc23,-0.55000001192092896,20.150694072,29.915199692000002,11.233859676
1580,O,oc23,-0.55000001192092896,26.238482082000001,29.867069291,3.1858162129999998
1581,O,oc23,-0.55000001192092896,23.229726830000001,29.913072565,7.2568678379999998
1582,O,oc23,-0.55000001192092896,19.017151029000001,33.827590606999998,7.1185968150000001
1583,O,oc23,-0.55000001192092896,24.336440421999999,33.667904446000001,11.232942642999999
1584,O,oc23,-0.55000001192092896,21.990265289,33.667310346000001,3.2069628479999999
1585,O,oc23,-0.55000001192092896,21.968339869000001,32.780566383999997,11.420643697999999
1586,O,oc23,-0.55000001192092896,19.525289505,32.853090195,3.5697406329999999
1587,O,oc23,-0.55000001192092896,24.982801736999999,33.020584821999996,7.429837343
1588,O,oc23,-0.55000001192092896,19.986608466,30.661320623000002,8.6641935770000007
1589,O,oc24,-0.67500001192092896,25.940178612,30.288626795999999,0.63597894099999996
1590,O,oc23,-0.55000001192092896,23.061470162999999,30.706104538000002,4.7574893950000003
1591,O,oc23,-0.55000001192092896,19.51731337,32.368489549000003,10.590297592000001
1592,O,oc23,-0.55000001192092896,17.196567387999998,32.333882191000001,2.6646748690000002
1593,O,oc23,-0.55000001192092896,22.531506713999999,32.388146777999999,6.6642405980000001
1594,O,oc23,-0.55000001192092896,18.515518772,31.314948922999999,6.5596861479999999
1595,O,oc23,-0.55000001192092896,23.836310901000001,31.261521476999999,10.593702321
1596,O,oc23,-0.55000001192092896,21.453694179999999,31.204749622000001,2.726150472
1597,O,oc23,-0.55000001192092896,23.891272637,30.434023400000001,2.259047496
1598,O,oc23,-0.55000001192092896,17.786765574,30.445664434000001,10.216861249000001
1599,O,oc23,-0.55000001192092896,20.979593512000001,30.449393138000001,6.2399279439999997
1600,O,oc23,-0.55000001192092896,17.434969289000001,33.232337815999998,5.0811430379999996
1601,O,oc23,-0.55000001192092896,22.929722713,33.228363993999999,9.1230017940000003
1602,O,oc24,-0.67500001192092896,20.418761824000001,33.023407835999997,1.0904287509999999
1603,Si,sc4,1.1000000238418579,25.429536901999999,30.729662884,2.1657798690000001
1604,Si,sc4,1.1000000238418579,19.377923945999999,30.852199106,10.160950524
1605,Si,sc4,1.1000000238418579,22.487759305000001,30.873248106999998,6.2058582160000002
1606,Si,sc4,1.1000000238418579,17.874230557000001,32.809737519999999,6.6125852969999999
1607,Si,sc4,1.1000000238418579,23.297203739,32.739511172,10.601558561999999
1608,Si,sc4,1.1000000238418579,20.800392036000002,32.697969878999999,2.6614276939999999
1609,Si,sc4,1.1000000238418579,20.411387380000001,33.265794364999998,11.549093687999999
1610,Si,sc4,1.1000000238418579,17.971540398999998,33.330233432,3.5836922179999999
1611,Si,sc4,1.1000000238418579,23.399819399999998,33.370625994000001,7.610597726
1612,Si,sc4,1.1000000238418579,19.637248781,30.297442740000001,7.1746382649999996
1613,Si,sc4,1.1000000238418579,24.945492917999999,30.278101256999999,11.211796251000001
1614,Si,sc4,1.1000000238418579,22.672300414999999,30.248757706999999,3.2771261200000001
1615,H,hoy,0.40000000596046448,20.971716513000001,32.503578365000003,0.536387163
1616,H,hoy,0.40000000596046448,25.899913316999999,31.044157763000001,0.080122368999999999
1617,O,oc23,-0.55000001192092896,19.589128420000002,29.880906002,23.201956494000001
1618,O,oc23,-0.55000001192092896,25.634368425000002,29.938062152000001,15.18053967
1619,O,oc23,-0.55000001192092896,22.434331135000001,29.672777848999999,19.402255434000001
1620,O,oc23,-0.55000001192092896,18.543750509999999,33.651140857999998,19.179463232
1621,O,oc23,-0.55000001192092896,23.98988233,33.535889631000003,22.905249476000002
1622,O,oc23,-0.55000001192092896,21.543227786999999,33.714535056999999,15.009795921
1623,O,oc23,-0.55000001192092896,21.5663546,32.993748539999999,23.455976597999999
1624,O,oc23,-0.55000001192092896,19.136218215,32.994340563000002,15.527067922000001
1625,O,oc23,-0.55000001192092896,24.489311701999998,32.877799349999997,19.534436968000001
1626,O,oc23,-0.55000001192092896,19.461718117,30.390600098,20.663127094
1627,O,oc23,-0.55000001192092896,25.363796443999998,30.745032623,12.730812713000001
1628,O,oc23,-0.55000001192092896,22.40012724,30.300058025999999,16.70970398
1629,O,oc23,-0.55000001192092896,19.188643897999999,32.321057111999998,22.537509469
1630,O,oc23,-0.55000001192092896,16.693801365999999,32.396752917999997,14.622741638000001
1631,O,oc23,-0.55000001192092896,22.154549801000002,32.095955566000001,18.490400698999998
1632,O,oc23,-0.55000001192092896,17.737209110999999,31.141739719,18.789529074000001
1633,O,oc23,-0.55000001192092896,23.169692988000001,31.04332063,22.611685735999998
1634,O,oc23,-0.55000001192092896,20.791581489999999,31.194433886999999,14.89941441
1635,O,oc23,-0.55000001192092896,23.226023198,30.415901276,14.267833264
1636,O,oc23,-0.55000001192092896,17.226334682000001,30.565097211000001,22.004851800000001
1637,O,oc23,-0.55000001192092896,20.234821410999999,30.398755469000001,18.189046080000001
1638,O,oc23,-0.55000001192092896,16.874004333999999,33.110813225999998,17.188086950999999
1639,O,oc23,-0.55000001192092896,22.334118259,32.793148422000002,21.002649799
1640,O,oc23,-0.55000001192092896,19.924739715000001,33.043864814000003,13.065033210999999
1641,Si,sc4,1.1000000238418579,24.745534595999999,30.928069402999999,14.199614786
1642,Si,sc4,1.1000000238418579,18.814421943999999,30.835017986,22.097817489000001
1643,Si,sc4,1.1000000238418579,21.865758021000001,30.553283763,18.245283618999999
1644,Si,sc4,1.1000000238418579,17.275656434999998,32.701106559999999,18.735451439999999
1645,Si,sc4,1.1000000238418579,22.727461056999999,32.569405412999998,22.534235465999998
1646,Si,sc4,1.1000000238418579,20.330162081000001,32.700967382999998,14.578550400999999
1647,Si,sc4,1.1000000238418579,19.983038101000002,33.138100276000003,23.60138487
1648,Si,sc4,1.1000000238418579,17.465203018,33.291793505999998,15.695192273
1649,Si,sc4,1.1000000238418579,22.909766463,33.138345393999998,19.507267424999998
1650,Si,sc4,1.1000000238418579,18.951643291,30.168984214999998,19.169446108999999
1651,Si,sc4,1.1000000238418579,24.417765173999999,30.113292542,22.949704115999999
1652,Si,sc4,1.1000000238418579,21.969008194000001,30.126046994999999,15.240574115999999
1653,O,oc23,-0.55000001192092896,28.634312135999998,-0.104836764,11.01571605
1654,O,oc23,-0.55000001192092896,31.401629185000001,0.036262125999999999,7.2662952299999999
1655,O,oc23,-0.55000001192092896,27.293569594000001,3.9261207050000002,7.2802404740000002
1656,O,oc23,-0.55000001192092896,32.677898300999999,3.8987627680000001,11.174086682
1657,O,oc23,-0.55000001192092896,30.365694343000001,3.763227755,3.1577298809999998
1658,O,oc23,-0.55000001192092896,30.176950346999998,2.9875942360000001,11.681865438999999
1659,O,oc23,-0.55000001192092896,27.921008969999999,2.8248965500000001,3.6964497230000002
1660,O,oc23,-0.55000001192092896,33.219609145,3.0438226249999998,7.5265355510000003
1661,O,oc23,-0.55000001192092896,28.169188101,0.87379975799999998,8.6332924900000005
1662,O,oc23,-0.55000001192092896,31.225529649999999,0.75711917200000001,4.8405828319999999
1663,O,oc23,-0.55000001192092896,27.798371418999999,2.4402513959999999,10.731514827
1664,O,oc23,-0.55000001192092896,25.411116207999999,2.3989635300000001,2.8320075469999999
1665,O,oc23,-0.55000001192092896,30.889752268999999,2.4547665969999999,6.7399231400000001
1666,O,oc23,-0.55000001192092896,26.665095905000001,1.443917812,6.5990985699999998
1667,O,oc23,-0.55000001192092896,31.991960637999998,1.409819776,10.688042583
1668,O,oc23,-0.55000001192092896,29.746364367999998,1.2208305719999999,2.800615262
1669,O,oc23,-0.55000001192092896,32.163119344999998,0.47574035799999997,2.3527533960000002
1670,O,oc23,-0.55000001192092896,26.194931588999999,0.30325654400000002,10.240953853000001
1671,O,oc23,-0.55000001192092896,29.080581860999999,0.65730980400000005,6.2305332330000001
1672,O,oc23,-0.55000001192092896,25.829387909000001,3.4924018079999999,5.164236475
1673,O,oc23,-0.55000001192092896,31.042189933,3.171373381,9.1265372490000001
1674,O,oc24,-0.67500001192092896,28.789753282,3.065395358,1.214054317
1675,Si,sc4,1.1000000238418579,33.743798349000002,0.85575053199999995,2.1872801480000001
1676,Si,sc4,1.1000000238418579,27.641128183999999,0.91534546500000002,10.154731284
1677,Si,sc4,1.1000000238418579,30.635365278999998,1.015370935,6.2331979950000003
1678,Si,sc4,1.1000000238418579,26.180516864000001,2.9313276780000002,6.6188050250000003
1679,Si,sc4,1.1000000238418579,31.438969829000001,2.9354993610000002,10.700482039000001
1680,Si,sc4,1.1000000238418579,29.245566523000001,2.7228323670000001,2.7373194949999999
1681,Si,sc4,1.1000000238418579,28.623799947999998,3.4312038060000001,11.663272106000001
1682,Si,sc4,1.1000000238418579,26.361219085999998,3.4033927639999999,3.6423459930000002
1683,Si,sc4,1.1000000238418579,31.648774004,3.4375815510000001,7.6865422079999997
1684,Si,sc4,1.1000000238418579,27.802809015000001,0.47013633100000002,7.1353570570000002
1685,Si,sc4,1.1000000238418579,33.150397775000002,0.32309017800000001,11.100629408
1686,Si,sc4,1.1000000238418579,30.888751770999999,0.27520512200000002,3.3536335039999998
1687,H,hoy,0.40000000596046448,28.633087271000001,2.2505711060000002,0.77087145099999999
1688,O,oc23,-0.55000001192092896,28.045717134,-0.0065573710000000002,23.079005775999999
1689,O,oc23,-0.55000001192092896,31.071822964999999,0.028439491000000001,19.049833782
1690,O,oc23,-0.55000001192092896,26.959659941000002,3.8797341740000002,19.053894092
1691,O,oc23,-0.55000001192092896,32.279449583000002,3.8197908439999999,22.845148690999999
1692,O,oc23,-0.55000001192092896,29.679189796999999,3.8080459449999999,15.188853453
1693,O,oc23,-0.55000001192092896,29.844675702,3.2247369510000001,23.549008624999999
1694,O,oc23,-0.55000001192092896,27.294102662,3.0435543969999999,15.606875162
1695,O,oc23,-0.55000001192092896,32.751648709000001,3.3233751919999999,19.621707296
1696,O,oc23,-0.55000001192092896,27.781752814000001,0.89189779899999999,20.610817186999999
1697,O,oc23,-0.55000001192092896,30.811329557000001,0.83354702199999997,16.584852858000001
1698,O,oc23,-0.55000001192092896,27.373358790000001,2.475112701,22.625171975000001
1699,O,oc23,-0.55000001192092896,24.910819605,2.544044129,14.673938422000001
1700,O,oc23,-0.55000001192092896,30.497843584000002,2.5485294789999999,18.449742965999999
1701,O,oc23,-0.55000001192092896,26.316902805000002,1.415326235,18.524444086999999
1702,O,oc23,-0.55000001192092896,31.520328395,1.2378517419999999,22.630933674000001
1703,O,oc23,-0.55000001192092896,29.083050285999999,1.290936568,14.731682236999999
1704,O,oc23,-0.55000001192092896,31.627216560000001,0.59390567299999997,14.165897236999999
1705,O,oc23,-0.55000001192092896,25.659929849000001,0.589960543,22.242831631000001
1706,O,oc23,-0.55000001192092896,28.744169969000001,0.584879276,18.136016205000001
1707,O,oc23,-0.55000001192092896,25.200580058,3.3987923840000001,17.185402190000001
1708,O,oc23,-0.55000001192092896,30.638334947000001,3.134114125,20.980258583000001
1709,O,oc23,-0.55000001192092896,28.172058316000001,3.2552975229999999,13.178622387000001
1710,Si,sc4,1.1000000238418579,33.184768751,0.93948311100000004,14.149988665
1711,Si,sc4,1.1000000238418579,27.198128475000001,0.99912692400000003,22.135070493000001
1712,Si,sc4,1.1000000238418579,30.324381544000001,1.02799387,18.033359233999999
1713,Si,sc4,1.1000000238418579,25.75703979,2.9186417759999999,18.613482142999999
1714,Si,sc4,1.1000000238418579,31.042957711,2.813162298,22.50549526
1715,Si,sc4,1.1000000238418579,28.557993850999999,2.7999329290000001,14.703530298
1716,Si,sc4,1.1000000238418579,28.226486984000001,3.5090257,23.560924200999999
1717,Si,sc4,1.1000000238418579,25.766050236000002,3.4465730250000002,15.66180349
1718,Si,sc4,1.1000000238418579,31.141603206999999,3.5004174830000001,19.574372781000001
1719,Si,sc4,1.1000000238418579,27.468632828000001,0.410231236,19.086300478999998
1720,Si,sc4,1.1000000238418579,32.710302095999999,0.37760384299999999,23.222513642999999
1721,Si,sc4,1.1000000238418579,30.389588933999999,0.41464336200000002,15.143025214
1722,O,oc23,-0.55000001192092896,28.491585067999999,4.9773965860000002,11.176901193000001
1723,O,oc23,-0.55000001192092896,31.441173709000001,4.9813693690000003,7.1991893859999996
1724,O,oc23,-0.55000001192092896,27.325704864999999,8.8264634100000006,7.1436059639999998
1725,O,oc23,-0.55000001192092896,32.694184733999997,8.8491160650000005,11.003408296
1726,O,oc23,-0.55000001192092896,30.368898720000001,8.7818892979999994,3.0853013420000002
1727,O,oc23,-0.55000001192092896,30.261578928999999,7.9532404129999996,11.562973080000001
1728,O,oc23,-0.55000001192092896,27.937128320999999,8.0783550490000007,3.5859050479999999
1729,O,oc23,-0.55000001192092896,33.332468470999999,8.2999719699999996,7.5442118499999999
1730,O,oc23,-0.55000001192092896,28.244607330000001,5.8833444119999996,8.7131641169999998
1731,O,oc23,-0.55000001192092896,31.230201954999998,5.712645073,4.6491312090000001
1732,O,oc23,-0.55000001192092896,27.788093941,7.4939762590000001,10.762612002999999
1733,O,oc23,-0.55000001192092896,25.674879632,7.3800487739999996,2.556663742
1734,O,oc23,-0.55000001192092896,30.971244102,7.5438131400000001,6.5674770269999998
1735,O,oc23,-0.55000001192092896,26.597352463,6.4011232519999997,6.8278480730000002
1736,O,oc23,-0.55000001192092896,32.040949224000002,6.3665164130000003,10.516775931
1737,O,oc23,-0.55000001192092896,29.658666664999998,6.321767811,2.6145909629999999
1738,O,oc23,-0.55000001192092896,32.115031803999997,5.5156329230000001,2.1845566089999999
1739,O,oc23,-0.55000001192092896,26.168636201999998,5.5894472400000001,10.259416460000001
1740,O,oc23,-0.55000001192092896,29.078712144000001,5.5792010940000001,6.2536766110000004
1741,O,oc23,-0.55000001192092896,25.720031319,8.2140990869999992,5.132628102
1742,O,oc23,-0.55000001192092896,31.156785710000001,8.2544911289999998,9.0636863400000003
1743,O,oc24,-0.67500001192092896,28.676826328000001,8.1181202740000007,1.0810208699999999
1744,Si,sc4,1.1000000238418579,33.667712784000003,5.9187177650000002,1.944389312
1745,Si,sc4,1.1000000238418579,27.716145622999999,5.989360606,10.255029335
1746,Si,sc4,1.1000000238418579,30.670038592000001,5.9574370830000003,6.1758009940000003
1747,Si,sc4,1.1000000238418579,26.089847503000001,7.8905093830000004,6.6554678110000003
1748,Si,sc4,1.1000000238418579,31.472742097000001,7.8691108810000001,10.585976805
1749,Si,sc4,1.1000000238418579,29.216134386,7.850709363,2.5836632919999998
1750,Si,sc4,1.1000000238418579,28.684502115000001,8.4320563740000001,11.720165227000001
1751,Si,sc4,1.1000000238418579,26.358716847,8.4095081010000001,3.5981937789999998
1752,Si,sc4,1.1000000238418579,31.729665141000002,8.5017930049999997,7.6085680590000004
1753,Si,sc4,1.1000000238418579,27.789460426000002,5.4219536509999999,7.2876381989999999
1754,Si,sc4,1.1000000238418579,33.167350542999998,5.4262754160000002,11.146720073999999
1755,Si,sc4,1.1000000238418579,30.835425043000001,5.3369179090000003,3.1403611279999999
1756,H,hoy,0.40000000596046448,27.934747087000002,7.5586097700000003,0.92488044000000003
1757,O,oc23,-0.55000001192092896,28.017918015999999,5.0849463249999998,23.130529374999998
1758,O,oc23,-0.55000001192092896,30.817237069000001,5.0390822279999998,19.285850772
1759,O,oc23,-0.55000001192092896,26.820169074999999,8.8722579180000007,19.167352542
1760,O,oc23,-0.55000001192092896,32.161382895000003,8.6239802440000002,22.979622806999998
1761,O,oc23,-0.55000001192092896,29.688832765000001,8.7996281659999998,15.261589782
1762,O,oc23,-0.55000001192092896,29.711792497000001,7.897932516,23.551365595
1763,O,oc23,-0.55000001192092896,27.279220507000002,8.1786213520000004,15.693556247
1764,O,oc23,-0.55000001192092896,32.758789438000001,8.1655869869999993,19.587991698
1765,O,oc23,-0.55000001192092896,27.649169958000002,5.7954155490000003,20.738940362000001
1766,O,oc23,-0.55000001192092896,30.664465241999999,5.6125880539999997,16.75448446
1767,O,oc23,-0.55000001192092896,27.383504990999999,7.435147905,22.744325786000001
1768,O,oc23,-0.55000001192092896,24.962278605000002,7.4613558119999999,14.626604883000001
1769,O,oc23,-0.55000001192092896,30.575832680000001,7.5253420340000003,18.509974477
1770,O,oc23,-0.55000001192092896,26.098724682,6.3904938490000003,18.833523245999999
1771,O,oc23,-0.55000001192092896,31.468437769000001,6.2228610829999997,22.564220496000001
1772,O,oc23,-0.55000001192092896,28.961214327,6.3397159639999998,14.783468264
1773,O,oc23,-0.55000001192092896,31.387846980999999,5.6041891230000003,14.193263844000001
1774,O,oc23,-0.55000001192092896,25.619450467,5.471337686,22.283227913000001
1775,O,oc23,-0.55000001192092896,28.586057514,5.8543482859999996,18.257657712
1776,O,oc23,-0.55000001192092896,25.161168801999999,8.1599409610000002,17.213619491999999
1777,O,oc23,-0.55000001192092896,30.578935614999999,8.1699783410000002,21.004809703999999
1778,O,oc23,-0.55000001192092896,28.158910622000001,8.3620408689999994,13.241210868
1779,Si,sc4,1.1000000238418579,32.952140100000001,5.954265608,14.169956571
1780,Si,sc4,1.1000000238418579,27.129718697000001,5.9582737049999999,22.156806126999999
1781,Si,sc4,1.1000000238418579,30.173445620999999,5.9935774689999999,18.210453923999999
1782,Si,sc4,1.1000000238418579,25.656793100000002,7.9122558290000002,18.715286468999999
1783,Si,sc4,1.1000000238418579,30.938973574999999,7.730090465,22.527297232999999
1784,Si,sc4,1.1000000238418579,28.539839690000001,7.8675425399999996,14.689061663
1785,Si,sc4,1.1000000238418579,28.238166751000001,8.4079397609999997,23.660502283
1786,Si,sc4,1.1000000238418579,25.680954225000001,8.4808478669999996,15.705537186000001
1787,Si,sc4,1.1000000238418579,31.233338704000001,8.4993184540000009,19.595913302
1788,Si,sc4,1.1000000238418579,27.295170788,5.4826292199999997,19.184832752999998
1789,Si,sc4,1.1000000238418579,32.642258304999999,5.3588736389999996,23.030164985999999
1790,Si,sc4,1.1000000238418579,30.172912553,5.3375800389999997,15.204304484
1791,O,oc23,-0.55000001192092896,28.540205678,9.9809324700000008,11.159290256
1792,O,oc23,-0.55000001192092896,31.44667943,9.9816989839999994,7.2169315359999997
1793,O,oc23,-0.55000001192092896,27.323035545,13.750748756,7.0273983659999999
1794,O,oc23,-0.55000001192092896,32.689512428999997,13.714643684,11.102331773
1795,O,oc23,-0.55000001192092896,30.269887236999999,13.768209269,3.286481808
1796,O,oc23,-0.55000001192092896,30.236582397999999,13.035748481000001,11.713355769
1797,O,oc23,-0.55000001192092896,27.876191446,12.791234825,3.5523587110000001
1798,O,oc23,-0.55000001192092896,33.311644991000001,13.203450836,7.7403579020000004
1799,O,oc23,-0.55000001192092896,28.205263702,10.890156675,8.6767637579999999
1800,O,oc23,-0.55000001192092896,31.34439793,10.767098019000001,4.6456747749999998
1801,O,oc23,-0.55000001192092896,27.892076088,12.488974035,10.771254552
1802,O,oc23,-0.55000001192092896,25.518605068999999,12.371073247,2.4949132729999999
1803,O,oc23,-0.55000001192092896,30.924590674000001,12.489915039,6.6889878080000003
1804,O,oc23,-0.55000001192092896,26.618609557999999,11.230823116,6.7317391080000002
1805,O,oc23,-0.55000001192092896,31.901458357999999,11.269925690999999,10.758749733
1806,O,oc23,-0.55000001192092896,29.697843211999999,11.279022067,2.5635707559999998
1807,O,oc23,-0.55000001192092896,32.231362042000001,10.430299460000001,2.2153206280000002
1808,O,oc23,-0.55000001192092896,26.181250827,10.464279482,10.286062123000001
1809,O,oc23,-0.55000001192092896,29.112150249999999,10.663730868,6.1694046890000003
1810,O,oc23,-0.55000001192092896,25.768620103,13.096528433,5.0857979560000004
1811,O,oc23,-0.55000001192092896,31.052268506000001,13.188046823000001,9.2035290019999998
1812,O,oc24,-0.67500001192092896,28.745504628999999,13.244818678,1.153462456
1813,Si,sc4,1.1000000238418579,33.724711319000001,10.89562821,2.225081909
1814,Si,sc4,1.1000000238418579,27.732364427,10.970522189,10.2052081
1815,Si,sc4,1.1000000238418579,30.746557771999999,10.995057892,6.1513025539999999
1816,Si,sc4,1.1000000238418579,26.119080734000001,12.753317333,6.5866596020000001
1817,Si,sc4,1.1000000238418579,31.447479032,12.803293391,10.704868188000001
1818,Si,sc4,1.1000000238418579,29.172685335000001,12.779141984000001,2.67211869
1819,Si,sc4,1.1000000238418579,28.724714963,13.431968457,11.814244037
1820,Si,sc4,1.1000000238418579,26.350941606999999,13.269458244000001,3.5674363439999999
1821,Si,sc4,1.1000000238418579,31.681710867,13.419526634,7.7602604460000002
1822,Si,sc4,1.1000000238418579,27.843489292000001,10.371645596,7.1944100830000002
1823,Si,sc4,1.1000000238418579,33.119495722000003,10.350456379000001,11.188423615
1824,Si,sc4,1.1000000238418579,30.879506615,10.340105331,3.097812502
1825,H,hoy,0.40000000596046448,28.910215354999998,14.164503810999999,1.066155792
1826,O,oc23,-0.55000001192092896,28.183771897,9.8921332300000007,23.111215097999999
1827,O,oc23,-0.55000001192092896,30.829083916999998,9.9625662659999996,19.277732102000002
1828,O,oc23,-0.55000001192092896,26.713983048999999,13.724506573999999,19.04957233
1829,O,oc23,-0.55000001192092896,32.164553458,13.806162074,23.101330653000002
1830,O,oc23,-0.55000001192092896,29.783973535000001,13.796055105000001,15.037947859999999
1831,O,oc23,-0.55000001192092896,29.662404111000001,13.095100307999999,23.616964675999998
1832,O,oc23,-0.55000001192092896,27.317830172000001,13.114477105000001,15.692901642000001
1833,O,oc23,-0.55000001192092896,32.683071849000001,12.995356958,19.6427893
1834,O,oc23,-0.55000001192092896,27.717347016000002,10.766087426,20.753538747
1835,O,oc23,-0.55000001192092896,30.650850119000001,10.664217988000001,16.813145307999999
1836,O,oc23,-0.55000001192092896,27.430490592000002,12.364626432,22.657841765000001
1837,O,oc23,-0.55000001192092896,24.839406345,12.491134398,14.738359993
1838,O,oc23,-0.55000001192092896,30.289242790999999,12.426904097,18.679803143000001
1839,O,oc23,-0.55000001192092896,25.992337761000002,11.329869541000001,18.721898862
1840,O,oc23,-0.55000001192092896,31.351204497000001,11.160634159000001,22.977658014999999
1841,O,oc23,-0.55000001192092896,29.04514077,11.291568792,14.789426052
1842,O,oc23,-0.55000001192092896,31.447646114000001,10.522340284,14.2661309
1843,O,oc23,-0.55000001192092896,25.709017888000002,10.367045477,22.317532752999998
1844,O,oc23,-0.55000001192092896,28.507302629000002,10.611070974,18.283518044000001
1845,O,oc23,-0.55000001192092896,25.084383086999999,13.149537308999999,17.152798739000001
1846,O,oc23,-0.55000001192092896,30.543329433,12.958833317,21.127893099000001
1847,O,oc23,-0.55000001192092896,28.140657009000002,13.160863636,13.269754985000001
1848,Si,sc4,1.1000000238418579,33.020183891000002,10.774242798,14.230188082
1849,Si,sc4,1.1000000238418579,27.272947007999999,10.844258303,22.254485756000001
1850,Si,sc4,1.1000000238418579,30.051709115000001,10.922497729,18.215690768000002
1851,Si,sc4,1.1000000238418579,25.461705987999999,12.794441095,18.657608992
1852,Si,sc4,1.1000000238418579,30.940608582999999,12.762413709,22.702230066999999
1853,Si,sc4,1.1000000238418579,28.561765111,12.831662701000001,14.739996995
1854,Si,sc4,1.1000000238418579,28.120734573,13.332469186000001,23.652319227
1855,Si,sc4,1.1000000238418579,25.688295848999999,13.412207364,15.666452067
1856,Si,sc4,1.1000000238418579,31.074225751,13.357875266000001,19.717357744000001
1857,Si,sc4,1.1000000238418579,27.248417907,10.415314017,19.277536989000001
1858,Si,sc4,1.1000000238418579,32.590801294000002,10.184322365,23.211187309
1859,Si,sc4,1.1000000238418579,30.244291999000001,10.292255361,15.298907174
1860,O,oc23,-0.55000001192092896,28.427246898,14.995864791000001,11.394390212999999
1861,O,oc23,-0.55000001192092896,31.369826087,14.946168126,7.371831588
1862,O,oc23,-0.55000001192092896,27.423916745,18.766761257999999,7.388002588
1863,O,oc23,-0.55000001192092896,32.790859070000003,18.714031774999999,11.262207704
1864,O,oc23,-0.55000001192092896,30.354583448,18.714694425000001,3.1824446530000001
1865,O,oc23,-0.55000001192092896,30.381980774999999,18.135403395000001,11.769659646999999
1866,O,oc23,-0.55000001192092896,27.821864219999998,18.159973373,3.6412855519999998
1867,O,oc23,-0.55000001192092896,33.282745921999997,18.223436121999999,7.7474283240000004
1868,O,oc23,-0.55000001192092896,28.35356213,15.595334445000001,8.7613503010000002
1869,O,oc23,-0.55000001192092896,31.316165197,15.586482148,4.8069647910000004
1870,O,oc23,-0.55000001192092896,28.056995109999999,17.482822039999999,10.72064701
1871,O,oc23,-0.55000001192092896,25.487802468999998,17.441035629000002,2.887787302
1872,O,oc23,-0.55000001192092896,31.042957711,17.401444894000001,6.6682340819999997
1873,O,oc23,-0.55000001192092896,26.769278947,16.305176851999999,6.7978630439999996
1874,O,oc23,-0.55000001192092896,32.073251575999997,16.226831485000002,10.951425205
1875,O,oc23,-0.55000001192092896,29.559655182,16.272834758999998,2.9223682279999998
1876,O,oc23,-0.55000001192092896,32.088235173000001,15.510089417,2.3330342580000001
1877,O,oc23,-0.55000001192092896,26.124353735,15.702431339,10.333854177999999
1878,O,oc23,-0.55000001192092896,29.209126922999999,15.491653625,6.2848923179999998
1879,O,oc23,-0.55000001192092896,25.833626597999999,18.248112040999999,5.3706806130000002
1880,O,oc23,-0.55000001192092896,31.108932878000001,18.005862611000001,9.2146582709999993
1881,O,oc24,-0.67500001192092896,28.835171503000002,18.055037881000001,1.2111081050000001
1882,Si,sc4,1.1000000238418579,33.64215136,15.856542101,2.4190673230000002
1883,Si,sc4,1.1000000238418579,27.74934902,15.961755947,10.283770516000001
1884,Si,sc4,1.1000000238418579,30.698569683999999,15.890556396999999,6.2868366230000001
1885,Si,sc4,1.1000000238418579,26.232107141,17.846072586999998,6.8153432550000002
1886,Si,sc4,1.1000000238418579,31.572688439,17.729635237,10.779437608
1887,Si,sc4,1.1000000238418579,29.102640549,17.789614400000001,2.7824541059999999
1888,Si,sc4,1.1000000238418579,28.808975569000001,18.393857625999999,11.724158223
1889,Si,sc4,1.1000000238418579,26.305724281,18.452268449000002,3.8313818679999998
1890,Si,sc4,1.1000000238418579,31.692087798999999,18.401909134,7.7635339610000003
1891,Si,sc4,1.1000000238418579,27.879729985000001,15.315098974,7.2552966870000004
1892,Si,sc4,1.1000000238418579,33.230887121000002,15.197581442000001,11.236478097999999
1893,Si,sc4,1.1000000238418579,30.862888009999999,15.285231951,3.314332297
1894,H,hoy,0.40000000596046448,29.635050619000001,17.928785188999999,0.742399794
1895,O,oc23,-0.55000001192092896,27.876392340999999,14.834191719,23.303957883999999
1896,O,oc23,-0.55000001192092896,30.773955098999998,14.842904838000001,19.34313607
1897,O,oc23,-0.55000001192092896,26.772582778,18.764810699000002,19.113339295999999
1898,O,oc23,-0.55000001192092896,32.047222722000001,18.927668855,23.208765952
1899,O,oc23,-0.55000001192092896,29.697910839999999,18.746582633999999,15.120504248
1900,O,oc23,-0.55000001192092896,29.559020670999999,18.117943920999998,23.642563555999999
1901,O,oc23,-0.55000001192092896,27.206070795999999,17.923685715000001,15.545072012
1902,O,oc23,-0.55000001192092896,32.645862483000002,18.063228565999999,19.725279349000001
1903,O,oc23,-0.55000001192092896,27.586299714999999,15.708774289999999,20.677397688999999
1904,O,oc23,-0.55000001192092896,30.741418037999999,15.600597214,16.764043065999999
1905,O,oc23,-0.55000001192092896,27.225593431,17.343453681,22.654567761999999
1906,O,oc23,-0.55000001192092896,24.770294428,17.398761058000002,14.732468544
1907,O,oc23,-0.55000001192092896,30.322346734,17.385796801000001,18.732177437000001
1908,O,oc23,-0.55000001192092896,26.075597868999999,16.301831404000001,18.682944468999999
1909,O,oc23,-0.55000001192092896,31.365655025999999,16.406801172000002,22.997561534999999
1910,O,oc23,-0.55000001192092896,29.159571454999998,16.274055156999999,14.745104089
1911,O,oc23,-0.55000001192092896,31.583900777,15.515665855,14.217487175
1912,O,oc23,-0.55000001192092896,25.560818912999999,15.473112929999999,22.342017535
1913,O,oc23,-0.55000001192092896,28.511240969999999,15.538318511,18.176082744999999
1914,O,oc23,-0.55000001192092896,25.164438818000001,18.236959164999998,17.18677774
1915,O,oc23,-0.55000001192092896,30.511892322000001,18.160636022999999,21.220269545000001
1916,O,oc23,-0.55000001192092896,28.222282108999998,18.208521306000002,13.167622868
1917,Si,sc4,1.1000000238418579,33.087193370000001,15.769832596000001,14.203542419
1918,Si,sc4,1.1000000238418579,27.132555098000001,15.835526335999999,22.236088511999998
1919,Si,sc4,1.1000000238418579,30.073399825999999,15.830438057,18.213727927000001
1920,Si,sc4,1.1000000238418579,25.604602126,17.791564958999999,18.679083174999999
1921,Si,sc4,1.1000000238418579,30.874201789000001,17.905389100000001,22.730644432999998
1922,Si,sc4,1.1000000238418579,28.577247962000001,17.796932631000001,14.623985486
1923,Si,sc4,1.1000000238418579,27.982544553,18.352733865000001,23.712484399000001
1924,Si,sc4,1.1000000238418579,25.629863200999999,18.352769177999999,15.645239337
1925,Si,sc4,1.1000000238418579,31.071723511999998,18.374445516000002,19.754938539000001
1926,Si,sc4,1.1000000238418579,27.226560114000002,15.312240646999999,19.160673809999999
1927,Si,sc4,1.1000000238418579,32.666252348999997,15.392537611,23.212824310999999
1928,Si,sc4,1.1000000238418579,30.357887278,15.253726999,15.241621875
1929,O,oc23,-0.55000001192092896,28.617359367999999,19.930013026000001,11.305221432
1930,O,oc23,-0.55000001192092896,31.377034445,19.912971082999999,7.3347761360000003
1931,O,oc23,-0.55000001192092896,27.595341986000001,23.775351664999999,7.1730017510000001
1932,O,oc23,-0.55000001192092896,32.810248436999998,23.666338487000001,11.111366499000001
1933,O,oc23,-0.55000001192092896,30.495542239999999,23.639747323000002,3.1535464050000002
1934,O,oc23,-0.55000001192092896,30.343102587000001,22.990510377,11.782032764
1935,O,oc23,-0.55000001192092896,27.988752413,22.912409090000001,3.655623217
1936,O,oc23,-0.55000001192092896,33.313914509,22.930880196,7.5579605169999997
1937,O,oc23,-0.55000001192092896,28.391706354,20.576287782000001,8.8628921999999992
1938,O,oc23,-0.55000001192092896,31.313696772,20.671570189000001,4.8099763659999999
1939,O,oc23,-0.55000001192092896,27.960020425,22.455515104,10.72922322
1940,O,oc23,-0.55000001192092896,25.605035740999998,22.428435781000001,2.750433068
1941,O,oc23,-0.55000001192092896,30.904902947,22.401181966999999,6.6758942340000003
1942,O,oc23,-0.55000001192092896,26.625183405000001,21.276197710999998,6.903923281
1943,O,oc23,-0.55000001192092896,32.045253551999998,21.127523171,10.983571115
1944,O,oc23,-0.55000001192092896,29.694239032999999,21.248245933,2.8277194419999998
1945,O,oc23,-0.55000001192092896,32.195656407000001,20.330415589000001,2.385167343
1946,O,oc23,-0.55000001192092896,26.265344352,20.522581980999998,10.258695516
1947,O,oc23,-0.55000001192092896,29.098033882999999,20.521152818000001,6.3043041520000003
1948,O,oc23,-0.55000001192092896,25.909077652000001,23.171525971000001,5.2384522520000001
1949,O,oc23,-0.55000001192092896,31.146874219000001,22.991067086000001,9.2298478500000005
1950,O,oc24,-0.67500001192092896,28.726349971000001,23.114265957000001,1.2105712989999999
1951,Si,sc4,1.1000000238418579,33.710127522999997,20.804943541,2.267951252
1952,Si,sc4,1.1000000238418579,27.750816947000001,20.877712469999999,10.348061360999999
1953,Si,sc4,1.1000000238418579,30.695900364,20.886007019000001,6.2670389530000001
1954,Si,sc4,1.1000000238418579,26.271886374000001,22.813815510000001,6.7847041069999996
1955,Si,sc4,1.1000000238418579,31.598383129999998,22.676364473,10.789716182999999
1956,Si,sc4,1.1000000238418579,29.250740069999999,22.747251392999999,2.652910018
1957,Si,sc4,1.1000000238418579,28.789653828999999,23.415551468,11.760428831
1958,Si,sc4,1.1000000238418579,26.440475213999999,23.427435544000001,3.7570351209999999
1959,Si,sc4,1.1000000238418579,31.739642271000001,23.317342184000001,7.6940711469999998
1960,Si,sc4,1.1000000238418579,27.879362009000001,20.320272268,7.3587380150000001
1961,Si,sc4,1.1000000238418579,33.279875707000002,20.181880227000001,11.374225242
1962,Si,sc4,1.1000000238418579,30.856081443000001,20.263814082,3.2885309870000001
1963,H,hoy,0.40000000596046448,28.453216997999998,22.314049644000001,0.79535681400000002
1964,O,oc23,-0.55000001192092896,27.71187312,19.836787118,23.231744458000001
1965,O,oc23,-0.55000001192092896,30.836725889,19.954653630999999,19.311711104
1966,O,oc23,-0.55000001192092896,26.752326179000001,23.706870225999999,19.283952318000001
1967,O,oc23,-0.55000001192092896,32.064241129000003,23.785422281999999,23.249486121
1968,O,oc23,-0.55000001192092896,29.718499610999999,23.665222992,15.211179305
1969,O,oc23,-0.55000001192092896,29.580810835000001,22.896378778999999,23.620763534000002
1970,O,oc23,-0.55000001192092896,27.175502904999998,23.052753766999999,15.684456157
1971,O,oc23,-0.55000001192092896,32.672426393999999,22.888886057000001,19.733725808999999
1972,O,oc23,-0.55000001192092896,27.626978003000001,20.737124751,20.713930724000001
1973,O,oc23,-0.55000001192092896,30.602796391999998,20.59886981,16.746627242999999
1974,O,oc23,-0.55000001192092896,27.239976331000001,22.344200308000001,22.807242057
1975,O,oc23,-0.55000001192092896,24.811575401999999,22.430735321,14.696197936000001
1976,O,oc23,-0.55000001192092896,30.272958346999999,22.464123320999999,18.749265470000001
1977,O,oc23,-0.55000001192092896,26.028045384999999,21.256646422999999,18.774339495
1978,O,oc23,-0.55000001192092896,31.546591958,21.424487955,22.605334794000001
1979,O,oc23,-0.55000001192092896,28.922604662000001,21.23399169,14.816530232
1980,O,oc23,-0.55000001192092896,31.491596407999999,20.589740198000001,14.276737265
1981,O,oc23,-0.55000001192092896,25.406111729999999,20.547291135999998,22.250165944999999
1982,O,oc23,-0.55000001192092896,28.474331952,20.636300180999999,18.244758764
1983,O,oc23,-0.55000001192092896,25.020810705999999,23.223557490000001,17.200133253000001
1984,O,oc23,-0.55000001192092896,30.544964441000001,23.396382399,21.203378576999999
1985,O,oc23,-0.55000001192092896,28.118331786999999,23.119737492999999,13.171747566000001
1986,Si,sc4,1.1000000238418579,33.079718477999997,20.850250929000001,14.321976261
1987,Si,sc4,1.1000000238418579,27.004210930999999,20.856488978000002,22.244273519
1988,Si,sc4,1.1000000238418579,30.076870738,20.912110023,18.238868289999999
1989,Si,sc4,1.1000000238418579,25.511762698999998,22.801478588999998,18.706121992
1990,Si,sc4,1.1000000238418579,30.915047159,22.912305226000001,22.660068009
1991,Si,sc4,1.1000000238418579,28.471129564000002,22.750248897999999,14.731616874
1992,Si,sc4,1.1000000238418579,28.053024944000001,23.280817504000002,23.745087851000001
1993,Si,sc4,1.1000000238418579,25.589851247999999,23.385545269000001,15.730480484999999
1994,Si,sc4,1.1000000238418579,31.165461994000001,23.437647415000001,19.713822288999999
1995,Si,sc4,1.1000000238418579,27.217316948000001,20.334073665999998,19.195895683
1996,Si,sc4,1.1000000238418579,32.611925122999999,20.430959728000001,23.268931124000002
1997,Si,sc4,1.1000000238418579,30.149919006000001,20.307308011,15.231605728
1998,O,oc23,-0.55000001192092896,28.636348935000001,24.963765433999999,11.305482884
1999,O,oc23,-0.55000001192092896,31.612099696000001,24.892041373000001,7.3288837109999996
2000,O,oc23,-0.55000001192092896,27.321635246,28.734000290000001,7.1281554209999998
2001,O,oc23,-0.55000001192092896,32.687608898000001,28.577484046999999,11.071757501
2002,O,oc23,-0.55000001192092896,30.498744628000001,28.620489816999999,3.3352301629999999
2003,O,oc23,-0.55000001192092896,30.354816167999999,27.849240123000001,11.619931564
2004,O,oc23,-0.55000001192092896,27.931019915,27.841226005999999,3.7361962769999999
2005,O,oc23,-0.55000001192092896,33.434650517999998,28.033043416000002,7.6725316010000002
2006,O,oc23,-0.55000001192092896,28.362540752000001,25.704414829000001,8.7175512420000008
2007,O,oc23,-0.55000001192092896,31.450082713,25.381488295,4.7705176050000002
2008,O,oc23,-0.55000001192092896,27.90058728,27.399350698999999,10.694786678
2009,O,oc23,-0.55000001192092896,25.576301764,27.407612011000001,2.596109089
2010,O,oc23,-0.55000001192092896,31.238611705,27.372516493999999,6.5149446910000002
2011,O,oc23,-0.55000001192092896,26.80551964,26.235542221999999,6.6500992649999997
2012,O,oc23,-0.55000001192092896,32.034775177999997,26.146707668000001,10.739043278
2013,O,oc23,-0.55000001192092896,29.776232109999999,26.140991014000001,2.8738293760000002
2014,O,oc23,-0.55000001192092896,32.267736001999999,25.298821161999999,2.231334318
2015,O,oc23,-0.55000001192092896,26.232441303000002,25.438887485999999,10.301578516999999
2016,O,oc23,-0.55000001192092896,29.309371624000001,25.628162314000001,6.2939075339999997
2017,O,oc23,-0.55000001192092896,25.736417203999999,28.166522707999999,5.1280780569999997
2018,O,oc23,-0.55000001192092896,31.212415771,27.898799687,9.069054886
2019,O,oc24,-0.67500001192092896,28.892804549000001,28.092812774999999,1.2437444820000001
2020,Si,sc4,1.1000000238418579,33.836737229000001,25.748849762999999,2.239878091
2021,Si,sc4,1.1000000238418579,27.773209797,25.831028736,10.265374248000001
2022,Si,sc4,1.1000000238418579,30.940576757999999,25.862185745000001,6.1925417249999999
2023,Si,sc4,1.1000000238418579,26.150249321,27.743085271000002,6.6515396899999999
2024,Si,sc4,1.1000000238418579,31.571853034,27.599952894000001,10.637435041
2025,Si,sc4,1.1000000238418579,29.279072256999999,27.653937049,2.8614294309999999
2026,Si,sc4,1.1000000238418579,28.785114792000002,28.360014400000001,11.704648833
2027,Si,sc4,1.1000000238418579,26.392254405999999,28.341300253,3.639511239
2028,Si,sc4,1.1000000238418579,31.854238047999999,28.322237124000001,7.7055935690000004
2029,Si,sc4,1.1000000238418579,28.028662923999999,25.352734689999998,7.2042306290000004
2030,Si,sc4,1.1000000238418579,33.278342141000003,25.192770175,11.14266074
2031,Si,sc4,1.1000000238418579,30.985026306000002,25.160636847999999,3.256261179
2032,H,hoy,0.40000000596046448,29.165284007,27.402387217000001,0.669412864
2033,O,oc23,-0.55000001192092896,27.877961710000001,24.809758536,23.256884822
2034,O,oc23,-0.55000001192092896,31.054303314999999,24.866775509,19.080080262999999
2035,O,oc23,-0.55000001192092896,26.883441109,28.805269428999999,19.065351151000002
2036,O,oc23,-0.55000001192092896,32.082061127000003,28.672940945000001,23.068071620000001
2037,O,oc23,-0.55000001192092896,29.833962619000001,28.694617282999999,15.112713369
2038,O,oc23,-0.55000001192092896,29.619388675,27.729772033,23.618012435000001
2039,O,oc23,-0.55000001192092896,27.321935593999999,27.95292302,15.524056347
2040,O,oc23,-0.55000001192092896,32.566640169000003,27.757827674000001,19.587925359
2041,O,oc23,-0.55000001192092896,27.569579666999999,25.701523265999999,20.765979178999999
2042,O,oc23,-0.55000001192092896,30.664932671999999,25.756342485000001,16.749770519999998
2043,O,oc23,-0.55000001192092896,27.101052348,27.339024632000001,22.856016508
2044,O,oc23,-0.55000001192092896,24.935581426999999,27.353033756999999,14.519496398999999
2045,O,oc23,-0.55000001192092896,30.178251193000001,27.247610105,18.744159352
2046,O,oc23,-0.55000001192092896,26.150816203000002,26.255371864000001,18.599340322
2047,O,oc23,-0.55000001192092896,31.600485568,26.130710593,22.469356353999999
2048,O,oc23,-0.55000001192092896,29.099736519,26.210554712,14.774695963999999
2049,O,oc23,-0.55000001192092896,31.612264788000001,25.193711179000001,14.305805262
2050,O,oc23,-0.55000001192092896,25.477859153000001,25.374934499999998,22.301950995999999
2051,O,oc23,-0.55000001192092896,28.580517979,25.324367458000001,18.310556860999998
2052,O,oc23,-0.55000001192092896,25.247265311,28.170635707999999,17.032858620999999
2053,O,oc23,-0.55000001192092896,30.475319456000001,27.967559480999999,21.182690700999999
2054,O,oc23,-0.55000001192092896,28.273373132,28.139896231000002,13.191716447999999
2055,Si,sc4,1.1000000238418579,33.097204314000003,25.739439719,14.151691029
2056,Si,sc4,1.1000000238418579,27.008282539,25.864242245,22.279364666999999
2057,Si,sc4,1.1000000238418579,30.115681297999998,25.800010905000001,18.19611699
2058,Si,sc4,1.1000000238418579,25.693702117000001,27.837879520000001,18.565166208000001
2059,Si,sc4,1.1000000238418579,30.955025297999999,27.618563177999999,22.601668613000001
2060,Si,sc4,1.1000000238418579,28.615191291999999,27.739566371999999,14.717017513
2061,Si,sc4,1.1000000238418579,28.094570463,28.300001999999999,23.672548585000001
2062,Si,sc4,1.1000000238418579,25.760108911,28.331507990999999,15.495511254
2063,Si,sc4,1.1000000238418579,31.036151144000002,28.231346071000001,19.671201714999999
2064,Si,sc4,1.1000000238418579,27.259397524000001,25.243721512,19.297635622000001
2065,Si,sc4,1.1000000238418579,32.691045995000003,25.164297002000001,23.074094770999999
2066,Si,sc4,1.1000000238418579,30.301622707,25.199008224,15.290265601
2067,O,oc23,-0.55000001192092896,28.579418027999999,29.892825390999999,11.227901888
2068,O,oc23,-0.55000001192092896,31.582631756000001,29.839921417999999,7.3811936170000001
2069,O,oc23,-0.55000001192092896,27.374259835,33.773363410999998,6.9464784919999998
2070,O,oc23,-0.55000001192092896,32.802005768000001,33.610887472999998,11.015781412999999
2071,O,oc23,-0.55000001192092896,30.410613309999999,33.612769481999997,3.330837184
2072,O,oc23,-0.55000001192092896,30.316841013000001,32.780323342999999,11.429154545999999
2073,O,oc23,-0.55000001192092896,27.928985104999999,32.889963856999998,3.6677546369999998
2074,O,oc23,-0.55000001192092896,33.364906079999997,33.172813574999999,7.5728223059999999
2075,O,oc23,-0.55000001192092896,28.230156802,30.587402961999999,8.7170927250000005
2076,O,oc23,-0.55000001192092896,31.418313430000001,30.590992488000001,4.7699351910000001
2077,O,oc23,-0.55000001192092896,27.922777244999999,32.348136435000001,10.626240408999999
2078,O,oc23,-0.55000001192092896,25.758440089,32.244979086999997,2.4515856559999998
2079,O,oc23,-0.55000001192092896,30.999876637,32.363680664,6.6299347820000003
2080,O,oc23,-0.55000001192092896,26.657320665,31.25793195,6.6320298119999999
2081,O,oc23,-0.55000001192092896,32.074952222999997,31.096328466999999,10.618776345000001
2082,O,oc23,-0.55000001192092896,29.656462784999999,31.072770120000001,2.9058111470000001
2083,O,oc23,-0.55000001192092896,32.176768281999998,30.331387448000001,2.3281371559999999
2084,O,oc23,-0.55000001192092896,26.226601420000001,30.412415612,10.2243897
2085,O,oc23,-0.55000001192092896,29.193375547999999,30.480236478999998,6.282738266
2086,O,oc23,-0.55000001192092896,25.747162112000002,33.157651563999998,4.9249991380000004
2087,O,oc23,-0.55000001192092896,31.197631080000001,33.116980648000002,9.1119378879999999
2088,O,oc24,-0.67500001192092896,29.085019456000001,32.920526766000002,1.266174232
2089,Si,sc4,1.1000000238418579,33.727414453000002,30.750678649000001,2.2892876360000001
2090,Si,sc4,1.1000000238418579,27.745144145000001,30.816372389000001,10.210968823
2091,Si,sc4,1.1000000238418579,30.812465311,30.774133131999999,6.2636673930000004
2092,Si,sc4,1.1000000238418579,26.198603395999999,32.745541494000001,6.4703729829999999
2093,Si,sc4,1.1000000238418579,31.605458220999999,32.623910963,10.557366350000001
2094,Si,sc4,1.1000000238418579,29.252743055,32.61255036,2.8784908790000001
2095,Si,sc4,1.1000000238418579,28.824193874999999,33.305316550000001,11.5416306
2096,Si,sc4,1.1000000238418579,26.389517458,33.289180297999998,3.4793409300000002
2097,Si,sc4,1.1000000238418579,31.726627843999999,33.362994094999998,7.6218586970000004
2098,Si,sc4,1.1000000238418579,27.833311266999999,30.267785522,7.2182407470000003
2099,Si,sc4,1.1000000238418579,33.240766788000002,30.119669768000001,11.132120713000001
2100,Si,sc4,1.1000000238418579,30.958663291000001,30.171875778,3.2828678199999999
2101,H,hoy,0.40000000596046448,29.695824592000001,32.385965960999997,0.797618096
2102,O,oc23,-0.55000001192092896,28.105784790000001,29.784265057999999,23.019035717000001
2103,O,oc23,-0.55000001192092896,30.953724451999999,29.735368143999999,19.142996535000002
2104,O,oc23,-0.55000001192092896,26.911705667,33.730426190999999,18.987834543000002
2105,O,oc23,-0.55000001192092896,32.211107433000002,33.659643134,23.18827319
2106,O,oc23,-0.55000001192092896,29.879981535999999,33.762628067000001,15.123450460999999
2107,O,oc23,-0.55000001192092896,29.785775624999999,32.852533485999999,23.554181081999999
2108,O,oc23,-0.55000001192092896,27.417108189,32.994481817999997,15.553844311000001
2109,O,oc23,-0.55000001192092896,32.745675558000002,32.885013717,19.58452063
2110,O,oc23,-0.55000001192092896,27.818194402,30.760784578999999,20.489240068000001
2111,O,oc23,-0.55000001192092896,30.837559305999999,30.695788802999999,16.669176972999999
2112,O,oc23,-0.55000001192092896,27.434761106,32.352527788000003,22.538754293
2113,O,oc23,-0.55000001192092896,24.958507345000001,32.433242284999999,14.667980633999999
2114,O,oc23,-0.55000001192092896,30.280699772999998,32.278574814000002,18.71122811
2115,O,oc23,-0.55000001192092896,26.267814766000001,31.264450431,18.526998121999998
2116,O,oc23,-0.55000001192092896,31.516423868,31.194608378000002,22.579737864999998
2117,O,oc23,-0.55000001192092896,29.112016983,31.247128056000001,14.842455926
2118,O,oc23,-0.55000001192092896,31.533444264,30.447546443,14.103636547000001
2119,O,oc23,-0.55000001192092896,25.695070591,30.406352053999999,21.986062379
2120,O,oc23,-0.55000001192092896,28.751077978000001,30.358537397999999,18.12134953
2121,O,oc23,-0.55000001192092896,25.261081329,33.156049987000003,17.083008622000001
2122,O,oc23,-0.55000001192092896,30.713553280999999,33.319953011000003,21.140659370000002
2123,O,oc23,-0.55000001192092896,28.298033511,33.180096491999997,13.051153818
2124,Si,sc4,1.1000000238418579,33.083722457999997,30.813549376000001,14.144882547
2125,Si,sc4,1.1000000238418579,27.27995447,30.829197469,22.057358771000001
2126,Si,sc4,1.1000000238418579,30.236015515999998,30.798424754999999,18.141383775000001
2127,Si,sc4,1.1000000238418579,25.749431631,32.771017162,18.556066118
2128,Si,sc4,1.1000000238418579,31.010488277,32.739999331,22.637415342000001
2129,Si,sc4,1.1000000238418579,28.663978982,32.818449600000001,14.651744271
2130,Si,sc4,1.1000000238418579,28.261526283999999,33.335426613000003,23.495650959999999
2131,Si,sc4,1.1000000238418579,25.822879701000002,33.380104588000002,15.600262768
2132,Si,sc4,1.1000000238418579,31.200135307,33.380837864999997,19.567171145
2133,Si,sc4,1.1000000238418579,27.475940638000001,30.279844088000001,19.050097184999998
2134,Si,sc4,1.1000000238418579,32.667986810000002,30.192403383999999,23.077107322
2135,Si,sc4,1.1000000238418579,30.321746038000001,30.287511300999999,15.186038942
2136,O,oc23,-0.55000001192092896,34.471748623000003,-0.043673181999999998,3.2522347699999998
2137,O,oc24,-0.67500001192092896,34.145781290999999,0.59062617900000003,0.63890082500000001
2138,H,hoy,0.40000000596046448,33.757434359999998,1.2743028780000001,0.119554093
2139,O,oc23,-0.55000001192092896,33.995245169,0.0062809830000000004,15.159589367000001
2140,O,oc23,-0.55000001192092896,33.638676132000001,0.770564578,12.620300475000001
2141,O,oc23,-0.55000001192092896,1.1889766580000001,4.9861091850000001,2.8832240869999999
2142,O,oc24,-0.67500001192092896,33.980227757999998,5.7547446329999996,0.31815150599999997
2143,H,hoy,0.40000000596046448,33.721669540999997,6.551895085,-0.105873728
2144,O,oc23,-0.55000001192092896,0.428121009,4.9274901160000004,15.110814916000001
2145,O,oc23,-0.55000001192092896,33.438717809000003,5.8080313439999998,12.606486445
2146,O,oc23,-0.55000001192092896,1.2196440019999999,9.983023245,3.1481846889999998
2147,O,oc24,-0.67500001192092896,34.312568040999999,10.791284741,0.73964483199999997
2148,H,hoy,0.40000000596046448,33.809317063999998,11.354625982,0.17897959099999999
2149,O,oc23,-0.55000001192092896,0.373624713,9.8926556639999994,15.273767786000001
2150,O,oc23,-0.55000001192092896,33.496617389000001,10.617239434,12.735657378999999
2151,O,oc23,-0.55000001192092896,1.0300646,14.923933002,3.4302257620000001
2152,O,oc24,-0.67500001192092896,34.378041965000001,15.723376476,0.96174249199999995
2153,H,hoy,0.40000000596046448,34.168652143000003,16.488884115000001,0.461357609
2154,O,oc23,-0.55000001192092896,0.51308176400000005,14.783030577,15.239134179000001
2155,O,oc23,-0.55000001192092896,33.610343946,15.578955152000001,12.735592016
2156,O,oc23,-0.55000001192092896,1.252447597,19.893523659,3.269865706
2157,O,oc24,-0.67500001192092896,34.143545586000002,20.523522986,0.757013767
2158,H,hoy,0.40000000596046448,35.078424427999998,20.4649371,0.72045779099999996
2159,O,oc23,-0.55000001192092896,0.44580774000000001,19.814551994999999,15.361954171000001
2160,O,oc23,-0.55000001192092896,33.695640853,20.439393454000001,12.911376518999999
2161,O,oc23,-0.55000001192092896,1.1842048999999999,24.789685853000002,3.198373224
2162,O,oc24,-0.67500001192092896,34.372703325000003,25.615337234999998,0.65123260299999997
2163,H,hoy,0.40000000596046448,34.400026124999997,26.480403578000001,0.28637744799999998
2164,O,oc23,-0.55000001192092896,0.50797584399999995,24.877334284,15.173534123
2165,O,oc23,-0.55000001192092896,33.671213193,25.504371420999998,12.657028624000001
2166,O,oc23,-0.55000001192092896,1.189444087,29.839329395,3.2194674230000002
2167,O,oc24,-0.67500001192092896,34.298286582999999,30.500867948,0.78083150499999998
2168,H,hoy,0.40000000596046448,34.183687128999999,31.294431360000001,0.29585241400000001
2169,O,oc23,-0.55000001192092896,0.47650889800000001,29.839084277000001,15.231147212
2170,O,oc23,-0.55000001192092896,33.681291766000001,30.496651085,12.662594234
2171,O,oc23,-0.55000001192092896,33.985805423000002,2.4511700589999998,2.4468524490000001
2172,O,oc23,-0.55000001192092896,33.380122397000001,2.4333265489999998,14.523751823
2173,O,oc23,-0.55000001192092896,33.952633851000002,7.5082652970000003,2.3881198970000002
2174,O,oc23,-0.55000001192092896,33.191109877999999,7.5102864829999998,14.540381339
2175,O,oc23,-0.55000001192092896,33.838939119000003,12.369853888,2.800615262
2176,O,oc23,-0.55000001192092896,33.424872293,12.273630475999999,14.505682369000001
2177,O,oc23,-0.55000001192092896,33.891631337,17.391685869,2.9277433579999999
2178,O,oc23,-0.55000001192092896,33.312480395999998,17.287134672000001,14.667653819
2179,O,oc23,-0.55000001192092896,33.898340439999998,22.288508634999999,2.649001653
2180,O,oc23,-0.55000001192092896,33.315282983000003,22.366296254000002,14.740586237
2181,O,oc23,-0.55000001192092896,0.63755521800000003,27.253989408999999,2.7762670599999999
2182,O,oc23,-0.55000001192092896,-0.12633772700000001,27.323551029000001,14.671778516
2183,O,oc23,-0.55000001192092896,33.924735280999997,32.281119472999997,2.6364119590000001
2184,O,oc23,-0.55000001192092896,33.370511254,32.324299734,14.537435126
